kind,player,date,name,calls,total_ms,avg_ms,max_ms
lag,lgw,Year 1, spring 18, Thursday,2,176.1
lag,lgw,Year 1, spring 18, Thursday,19,243.0
lag,lgw,Year 1, spring 18, Thursday,70,78.3
lag,lgw,Year 1, spring 18, Thursday,1883,85.8
lag,lgw,Year 1, spring 18, Thursday,1948,154.6
lag,lgw,Year 1, spring 18, Thursday,1985,194.2
lag,lgw,Year 1, spring 18, Thursday,2012,68.2
lag,lgw,Year 1, spring 18, Thursday,2331,71.5
lag,lgw,Year 1, spring 18, Thursday,2450,585.4
lag,lgw,Year 1, spring 18, Thursday,2480,84.1
lag,lgw,Year 1, spring 18, Thursday,2719,180.2
lag,lgw,Year 1, spring 18, Thursday,2739,73.5
lag,lgw,Year 1, spring 18, Thursday,3100,122.7
lag,lgw,Year 1, spring 18, Thursday,3187,3701.1
lag,lgw,Year 1, spring 18, Thursday,3188,104.1
lag,lgw,Year 1, spring 18, Thursday,3191,85.6
lag,lgw,Year 1, spring 18, Thursday,3497,117.5
lag,lgw,Year 1, spring 18, Thursday,3669,87.0
lag,lgw,Year 1, spring 18, Thursday,3722,61.6
lag,lgw,Year 1, spring 18, Thursday,3852,103.1
frame,lgw,Year 1, spring 18, Thursday,5120,0.1
frame,lgw,Year 1, spring 18, Thursday,5121,21.4
frame,lgw,Year 1, spring 18, Thursday,5122,21.6
frame,lgw,Year 1, spring 18, Thursday,5123,21.8
frame,lgw,Year 1, spring 18, Thursday,5124,0.1
frame,lgw,Year 1, spring 18, Thursday,5125,21.2
frame,lgw,Year 1, spring 18, Thursday,5126,20.7
frame,lgw,Year 1, spring 18, Thursday,5127,20.7
frame,lgw,Year 1, spring 18, Thursday,5128,20.8
frame,lgw,Year 1, spring 18, Thursday,5129,0.1
frame,lgw,Year 1, spring 18, Thursday,5130,20.9
frame,lgw,Year 1, spring 18, Thursday,5131,21.6
frame,lgw,Year 1, spring 18, Thursday,5132,21.9
frame,lgw,Year 1, spring 18, Thursday,5133,22.2
frame,lgw,Year 1, spring 18, Thursday,5134,0.1
frame,lgw,Year 1, spring 18, Thursday,5135,21.7
frame,lgw,Year 1, spring 18, Thursday,5136,20.8
frame,lgw,Year 1, spring 18, Thursday,5137,21.1
frame,lgw,Year 1, spring 18, Thursday,5138,0.1
frame,lgw,Year 1, spring 18, Thursday,5139,21.1
frame,lgw,Year 1, spring 18, Thursday,5140,20.9
frame,lgw,Year 1, spring 18, Thursday,5141,20.7
frame,lgw,Year 1, spring 18, Thursday,5142,20.7
frame,lgw,Year 1, spring 18, Thursday,5143,0.1
frame,lgw,Year 1, spring 18, Thursday,5144,21.0
frame,lgw,Year 1, spring 18, Thursday,5145,20.9
frame,lgw,Year 1, spring 18, Thursday,5146,21.4
frame,lgw,Year 1, spring 18, Thursday,5147,21.7
frame,lgw,Year 1, spring 18, Thursday,5148,0.1
frame,lgw,Year 1, spring 18, Thursday,5149,20.7
frame,lgw,Year 1, spring 18, Thursday,5150,21.6
frame,lgw,Year 1, spring 18, Thursday,5151,21.2
frame,lgw,Year 1, spring 18, Thursday,5152,0.2
frame,lgw,Year 1, spring 18, Thursday,5153,21.5
frame,lgw,Year 1, spring 18, Thursday,5154,21.3
frame,lgw,Year 1, spring 18, Thursday,5155,22.6
frame,lgw,Year 1, spring 18, Thursday,5156,21.3
frame,lgw,Year 1, spring 18, Thursday,5157,0.2
frame,lgw,Year 1, spring 18, Thursday,5158,22.0
frame,lgw,Year 1, spring 18, Thursday,5159,20.7
frame,lgw,Year 1, spring 18, Thursday,5160,21.4
frame,lgw,Year 1, spring 18, Thursday,5161,0.1
frame,lgw,Year 1, spring 18, Thursday,5162,21.3
frame,lgw,Year 1, spring 18, Thursday,5163,20.9
frame,lgw,Year 1, spring 18, Thursday,5164,21.1
frame,lgw,Year 1, spring 18, Thursday,5165,21.2
frame,lgw,Year 1, spring 18, Thursday,5166,0.1
frame,lgw,Year 1, spring 18, Thursday,5167,21.1
frame,lgw,Year 1, spring 18, Thursday,5168,21.2
frame,lgw,Year 1, spring 18, Thursday,5169,21.1
frame,lgw,Year 1, spring 18, Thursday,5170,0.1
frame,lgw,Year 1, spring 18, Thursday,5171,21.0
frame,lgw,Year 1, spring 18, Thursday,5172,20.6
frame,lgw,Year 1, spring 18, Thursday,5173,21.9
frame,lgw,Year 1, spring 18, Thursday,5174,20.9
frame,lgw,Year 1, spring 18, Thursday,5175,0.1
frame,lgw,Year 1, spring 18, Thursday,5176,20.6
frame,lgw,Year 1, spring 18, Thursday,5177,21.3
frame,lgw,Year 1, spring 18, Thursday,5178,20.7
frame,lgw,Year 1, spring 18, Thursday,5179,21.5
frame,lgw,Year 1, spring 18, Thursday,5180,0.2
frame,lgw,Year 1, spring 18, Thursday,5181,21.8
frame,lgw,Year 1, spring 18, Thursday,5182,21.6
frame,lgw,Year 1, spring 18, Thursday,5183,20.9
frame,lgw,Year 1, spring 18, Thursday,5184,0.1
frame,lgw,Year 1, spring 18, Thursday,5185,23.4
frame,lgw,Year 1, spring 18, Thursday,5186,21.0
frame,lgw,Year 1, spring 18, Thursday,5187,21.1
frame,lgw,Year 1, spring 18, Thursday,5188,21.1
frame,lgw,Year 1, spring 18, Thursday,5189,0.1
frame,lgw,Year 1, spring 18, Thursday,5190,20.9
frame,lgw,Year 1, spring 18, Thursday,5191,21.7
frame,lgw,Year 1, spring 18, Thursday,5192,21.3
frame,lgw,Year 1, spring 18, Thursday,5193,0.1
frame,lgw,Year 1, spring 18, Thursday,5194,21.2
frame,lgw,Year 1, spring 18, Thursday,5195,20.9
frame,lgw,Year 1, spring 18, Thursday,5196,22.2
frame,lgw,Year 1, spring 18, Thursday,5197,21.0
frame,lgw,Year 1, spring 18, Thursday,5198,0.1
frame,lgw,Year 1, spring 18, Thursday,5199,21.1
frame,lgw,Year 1, spring 18, Thursday,5200,21.1
frame,lgw,Year 1, spring 18, Thursday,5201,21.2
frame,lgw,Year 1, spring 18, Thursday,5202,21.0
frame,lgw,Year 1, spring 18, Thursday,5203,0.1
frame,lgw,Year 1, spring 18, Thursday,5204,21.5
frame,lgw,Year 1, spring 18, Thursday,5205,20.7
frame,lgw,Year 1, spring 18, Thursday,5206,21.1
frame,lgw,Year 1, spring 18, Thursday,5207,0.1
frame,lgw,Year 1, spring 18, Thursday,5208,20.7
frame,lgw,Year 1, spring 18, Thursday,5209,21.1
frame,lgw,Year 1, spring 18, Thursday,5210,21.4
frame,lgw,Year 1, spring 18, Thursday,5211,21.0
frame,lgw,Year 1, spring 18, Thursday,5212,0.1
frame,lgw,Year 1, spring 18, Thursday,5213,20.7
frame,lgw,Year 1, spring 18, Thursday,5214,20.9
frame,lgw,Year 1, spring 18, Thursday,5215,21.2
frame,lgw,Year 1, spring 18, Thursday,5216,21.1
frame,lgw,Year 1, spring 18, Thursday,5217,0.1
frame,lgw,Year 1, spring 18, Thursday,5218,21.0
frame,lgw,Year 1, spring 18, Thursday,5219,21.3
frame,lgw,Year 1, spring 18, Thursday,5220,21.1
frame,lgw,Year 1, spring 18, Thursday,5221,21.4
frame,lgw,Year 1, spring 18, Thursday,5222,0.1
frame,lgw,Year 1, spring 18, Thursday,5223,22.0
frame,lgw,Year 1, spring 18, Thursday,5224,20.8
frame,lgw,Year 1, spring 18, Thursday,5225,20.9
frame,lgw,Year 1, spring 18, Thursday,5226,0.1
frame,lgw,Year 1, spring 18, Thursday,5227,20.7
frame,lgw,Year 1, spring 18, Thursday,5228,21.5
frame,lgw,Year 1, spring 18, Thursday,5229,20.9
frame,lgw,Year 1, spring 18, Thursday,5230,21.4
frame,lgw,Year 1, spring 18, Thursday,5231,0.1
frame,lgw,Year 1, spring 18, Thursday,5232,21.1
frame,lgw,Year 1, spring 18, Thursday,5233,20.9
frame,lgw,Year 1, spring 18, Thursday,5234,21.5
frame,lgw,Year 1, spring 18, Thursday,5235,21.1
frame,lgw,Year 1, spring 18, Thursday,5236,0.1
frame,lgw,Year 1, spring 18, Thursday,5237,21.1
frame,lgw,Year 1, spring 18, Thursday,5238,21.2
frame,lgw,Year 1, spring 18, Thursday,5239,21.5
frame,lgw,Year 1, spring 18, Thursday,5240,0.1
frame,lgw,Year 1, spring 18, Thursday,5241,21.3
frame,lgw,Year 1, spring 18, Thursday,5242,22.0
frame,lgw,Year 1, spring 18, Thursday,5243,21.5
frame,lgw,Year 1, spring 18, Thursday,5244,22.4
frame,lgw,Year 1, spring 18, Thursday,5245,0.1
frame,lgw,Year 1, spring 18, Thursday,5246,20.9
frame,lgw,Year 1, spring 18, Thursday,5247,21.1
frame,lgw,Year 1, spring 18, Thursday,5248,21.2
frame,lgw,Year 1, spring 18, Thursday,5249,0.2
frame,lgw,Year 1, spring 18, Thursday,5250,21.1
frame,lgw,Year 1, spring 18, Thursday,5251,21.1
frame,lgw,Year 1, spring 18, Thursday,5252,21.3
frame,lgw,Year 1, spring 18, Thursday,5253,20.9
frame,lgw,Year 1, spring 18, Thursday,5254,0.1
frame,lgw,Year 1, spring 18, Thursday,5255,21.1
frame,lgw,Year 1, spring 18, Thursday,5256,21.0
frame,lgw,Year 1, spring 18, Thursday,5257,21.8
frame,lgw,Year 1, spring 18, Thursday,5258,0.1
frame,lgw,Year 1, spring 18, Thursday,5259,21.9
frame,lgw,Year 1, spring 18, Thursday,5260,21.6
frame,lgw,Year 1, spring 18, Thursday,5261,21.2
frame,lgw,Year 1, spring 18, Thursday,5262,21.1
frame,lgw,Year 1, spring 18, Thursday,5263,0.1
frame,lgw,Year 1, spring 18, Thursday,5264,20.9
frame,lgw,Year 1, spring 18, Thursday,5265,21.1
frame,lgw,Year 1, spring 18, Thursday,5266,21.2
frame,lgw,Year 1, spring 18, Thursday,5267,20.8
frame,lgw,Year 1, spring 18, Thursday,5268,0.1
frame,lgw,Year 1, spring 18, Thursday,5269,21.0
frame,lgw,Year 1, spring 18, Thursday,5270,21.7
frame,lgw,Year 1, spring 18, Thursday,5271,20.8
frame,lgw,Year 1, spring 18, Thursday,5272,0.1
frame,lgw,Year 1, spring 18, Thursday,5273,21.5
frame,lgw,Year 1, spring 18, Thursday,5274,22.1
frame,lgw,Year 1, spring 18, Thursday,5275,21.5
frame,lgw,Year 1, spring 18, Thursday,5276,21.1
frame,lgw,Year 1, spring 18, Thursday,5277,0.1
frame,lgw,Year 1, spring 18, Thursday,5278,21.0
frame,lgw,Year 1, spring 18, Thursday,5279,21.2
frame,lgw,Year 1, spring 18, Thursday,5280,21.6
frame,lgw,Year 1, spring 18, Thursday,5281,0.1
frame,lgw,Year 1, spring 18, Thursday,5282,20.9
frame,lgw,Year 1, spring 18, Thursday,5283,22.2
frame,lgw,Year 1, spring 18, Thursday,5284,21.1
frame,lgw,Year 1, spring 18, Thursday,5285,21.3
frame,lgw,Year 1, spring 18, Thursday,5286,0.1
frame,lgw,Year 1, spring 18, Thursday,5287,20.9
frame,lgw,Year 1, spring 18, Thursday,5288,21.6
frame,lgw,Year 1, spring 18, Thursday,5289,20.8
frame,lgw,Year 1, spring 18, Thursday,5290,20.6
frame,lgw,Year 1, spring 18, Thursday,5291,0.1
frame,lgw,Year 1, spring 18, Thursday,5292,21.4
frame,lgw,Year 1, spring 18, Thursday,5293,21.1
frame,lgw,Year 1, spring 18, Thursday,5294,21.3
frame,lgw,Year 1, spring 18, Thursday,5295,0.1
frame,lgw,Year 1, spring 18, Thursday,5296,21.9
frame,lgw,Year 1, spring 18, Thursday,5297,20.7
frame,lgw,Year 1, spring 18, Thursday,5298,21.1
frame,lgw,Year 1, spring 18, Thursday,5299,21.0
frame,lgw,Year 1, spring 18, Thursday,5300,0.1
frame,lgw,Year 1, spring 18, Thursday,5301,20.7
frame,lgw,Year 1, spring 18, Thursday,5302,20.8
frame,lgw,Year 1, spring 18, Thursday,5303,20.8
frame,lgw,Year 1, spring 18, Thursday,5304,21.2
frame,lgw,Year 1, spring 18, Thursday,5305,0.1
frame,lgw,Year 1, spring 18, Thursday,5306,22.1
frame,lgw,Year 1, spring 18, Thursday,5307,21.1
frame,lgw,Year 1, spring 18, Thursday,5308,21.0
frame,lgw,Year 1, spring 18, Thursday,5309,0.1
frame,lgw,Year 1, spring 18, Thursday,5310,20.9
frame,lgw,Year 1, spring 18, Thursday,5311,21.6
frame,lgw,Year 1, spring 18, Thursday,5312,21.2
frame,lgw,Year 1, spring 18, Thursday,5313,21.4
frame,lgw,Year 1, spring 18, Thursday,5314,0.1
frame,lgw,Year 1, spring 18, Thursday,5315,21.1
frame,lgw,Year 1, spring 18, Thursday,5316,20.6
frame,lgw,Year 1, spring 18, Thursday,5317,21.1
frame,lgw,Year 1, spring 18, Thursday,5318,20.9
frame,lgw,Year 1, spring 18, Thursday,5319,0.1
frame,lgw,Year 1, spring 18, Thursday,5320,20.8
frame,lgw,Year 1, spring 18, Thursday,5321,21.2
frame,lgw,Year 1, spring 18, Thursday,5322,20.8
frame,lgw,Year 1, spring 18, Thursday,5323,21.0
frame,lgw,Year 1, spring 18, Thursday,5324,0.1
frame,lgw,Year 1, spring 18, Thursday,5325,21.0
frame,lgw,Year 1, spring 18, Thursday,5326,21.6
frame,lgw,Year 1, spring 18, Thursday,5327,21.9
frame,lgw,Year 1, spring 18, Thursday,5328,0.1
frame,lgw,Year 1, spring 18, Thursday,5329,20.8
frame,lgw,Year 1, spring 18, Thursday,5330,21.2
frame,lgw,Year 1, spring 18, Thursday,5331,21.2
frame,lgw,Year 1, spring 18, Thursday,5332,21.0
frame,lgw,Year 1, spring 18, Thursday,5333,0.1
frame,lgw,Year 1, spring 18, Thursday,5334,21.2
frame,lgw,Year 1, spring 18, Thursday,5335,21.0
frame,lgw,Year 1, spring 18, Thursday,5336,21.1
frame,lgw,Year 1, spring 18, Thursday,5337,21.3
frame,lgw,Year 1, spring 18, Thursday,5338,0.1
frame,lgw,Year 1, spring 18, Thursday,5339,20.9
frame,lgw,Year 1, spring 18, Thursday,5340,21.2
frame,lgw,Year 1, spring 18, Thursday,5341,21.5
frame,lgw,Year 1, spring 18, Thursday,5342,0.1
frame,lgw,Year 1, spring 18, Thursday,5343,21.1
frame,lgw,Year 1, spring 18, Thursday,5344,20.8
frame,lgw,Year 1, spring 18, Thursday,5345,20.8
frame,lgw,Year 1, spring 18, Thursday,5346,21.3
frame,lgw,Year 1, spring 18, Thursday,5347,0.1
frame,lgw,Year 1, spring 18, Thursday,5348,21.2
frame,lgw,Year 1, spring 18, Thursday,5349,20.9
frame,lgw,Year 1, spring 18, Thursday,5350,20.8
frame,lgw,Year 1, spring 18, Thursday,5351,20.9
frame,lgw,Year 1, spring 18, Thursday,5352,0.1
frame,lgw,Year 1, spring 18, Thursday,5353,22.0
frame,lgw,Year 1, spring 18, Thursday,5354,21.6
frame,lgw,Year 1, spring 18, Thursday,5355,21.3
frame,lgw,Year 1, spring 18, Thursday,5356,0.1
frame,lgw,Year 1, spring 18, Thursday,5357,21.2
frame,lgw,Year 1, spring 18, Thursday,5358,21.6
frame,lgw,Year 1, spring 18, Thursday,5359,21.2
frame,lgw,Year 1, spring 18, Thursday,5360,21.4
frame,lgw,Year 1, spring 18, Thursday,5361,0.1
frame,lgw,Year 1, spring 18, Thursday,5362,20.8
frame,lgw,Year 1, spring 18, Thursday,5363,20.9
frame,lgw,Year 1, spring 18, Thursday,5364,21.0
frame,lgw,Year 1, spring 18, Thursday,5365,20.6
frame,lgw,Year 1, spring 18, Thursday,5366,0.1
frame,lgw,Year 1, spring 18, Thursday,5367,21.0
frame,lgw,Year 1, spring 18, Thursday,5368,21.0
frame,lgw,Year 1, spring 18, Thursday,5369,21.1
frame,lgw,Year 1, spring 18, Thursday,5370,21.3
frame,lgw,Year 1, spring 18, Thursday,5371,0.1
frame,lgw,Year 1, spring 18, Thursday,5372,21.3
frame,lgw,Year 1, spring 18, Thursday,5373,21.1
frame,lgw,Year 1, spring 18, Thursday,5374,20.6
frame,lgw,Year 1, spring 18, Thursday,5375,0.1
frame,lgw,Year 1, spring 18, Thursday,5376,20.8
frame,lgw,Year 1, spring 18, Thursday,5377,22.0
frame,lgw,Year 1, spring 18, Thursday,5378,21.0
frame,lgw,Year 1, spring 18, Thursday,5379,21.0
frame,lgw,Year 1, spring 18, Thursday,5380,0.1
frame,lgw,Year 1, spring 18, Thursday,5381,21.9
frame,lgw,Year 1, spring 18, Thursday,5382,21.0
frame,lgw,Year 1, spring 18, Thursday,5383,21.1
frame,lgw,Year 1, spring 18, Thursday,5384,20.8
frame,lgw,Year 1, spring 18, Thursday,5385,0.1
frame,lgw,Year 1, spring 18, Thursday,5386,20.7
frame,lgw,Year 1, spring 18, Thursday,5387,21.2
frame,lgw,Year 1, spring 18, Thursday,5388,20.9
frame,lgw,Year 1, spring 18, Thursday,5389,20.9
frame,lgw,Year 1, spring 18, Thursday,5390,0.1
frame,lgw,Year 1, spring 18, Thursday,5391,21.7
frame,lgw,Year 1, spring 18, Thursday,5392,21.2
frame,lgw,Year 1, spring 18, Thursday,5393,21.1
frame,lgw,Year 1, spring 18, Thursday,5394,0.1
frame,lgw,Year 1, spring 18, Thursday,5395,21.6
frame,lgw,Year 1, spring 18, Thursday,5396,20.9
frame,lgw,Year 1, spring 18, Thursday,5397,21.5
frame,lgw,Year 1, spring 18, Thursday,5398,21.0
frame,lgw,Year 1, spring 18, Thursday,5399,0.1
frame,lgw,Year 1, spring 18, Thursday,5400,21.0
frame,lgw,Year 1, spring 18, Thursday,5401,21.6
frame,lgw,Year 1, spring 18, Thursday,5402,21.4
frame,lgw,Year 1, spring 18, Thursday,5403,0.1
frame,lgw,Year 1, spring 18, Thursday,5404,21.2
frame,lgw,Year 1, spring 18, Thursday,5405,20.8
frame,lgw,Year 1, spring 18, Thursday,5406,21.9
frame,lgw,Year 1, spring 18, Thursday,5407,20.9
frame,lgw,Year 1, spring 18, Thursday,5408,0.1
frame,lgw,Year 1, spring 18, Thursday,5409,20.9
frame,lgw,Year 1, spring 18, Thursday,5410,20.9
frame,lgw,Year 1, spring 18, Thursday,5411,20.9
frame,lgw,Year 1, spring 18, Thursday,5412,21.1
frame,lgw,Year 1, spring 18, Thursday,5413,0.1
frame,lgw,Year 1, spring 18, Thursday,5414,20.9
frame,lgw,Year 1, spring 18, Thursday,5415,21.8
frame,lgw,Year 1, spring 18, Thursday,5416,21.1
frame,lgw,Year 1, spring 18, Thursday,5417,0.1
frame,lgw,Year 1, spring 18, Thursday,5418,20.6
frame,lgw,Year 1, spring 18, Thursday,5419,21.2
frame,lgw,Year 1, spring 18, Thursday,5420,21.3
frame,lgw,Year 1, spring 18, Thursday,5421,21.0
frame,lgw,Year 1, spring 18, Thursday,5422,0.2
frame,lgw,Year 1, spring 18, Thursday,5423,21.0
frame,lgw,Year 1, spring 18, Thursday,5424,20.8
frame,lgw,Year 1, spring 18, Thursday,5425,21.3
frame,lgw,Year 1, spring 18, Thursday,5426,20.8
frame,lgw,Year 1, spring 18, Thursday,5427,0.1
frame,lgw,Year 1, spring 18, Thursday,5428,21.0
frame,lgw,Year 1, spring 18, Thursday,5429,21.5
frame,lgw,Year 1, spring 18, Thursday,5430,20.7
frame,lgw,Year 1, spring 18, Thursday,5431,21.1
frame,lgw,Year 1, spring 18, Thursday,5432,0.1
frame,lgw,Year 1, spring 18, Thursday,5433,21.8
frame,lgw,Year 1, spring 18, Thursday,5434,21.2
frame,lgw,Year 1, spring 18, Thursday,5435,21.1
frame,lgw,Year 1, spring 18, Thursday,5436,0.1
frame,lgw,Year 1, spring 18, Thursday,5437,21.4
frame,lgw,Year 1, spring 18, Thursday,5438,21.2
frame,lgw,Year 1, spring 18, Thursday,5439,21.3
frame,lgw,Year 1, spring 18, Thursday,5440,20.8
frame,lgw,Year 1, spring 18, Thursday,5441,0.1
frame,lgw,Year 1, spring 18, Thursday,5442,20.8
frame,lgw,Year 1, spring 18, Thursday,5443,21.1
frame,lgw,Year 1, spring 18, Thursday,5444,20.8
frame,lgw,Year 1, spring 18, Thursday,5445,21.2
frame,lgw,Year 1, spring 18, Thursday,5446,0.1
frame,lgw,Year 1, spring 18, Thursday,5447,22.0
frame,lgw,Year 1, spring 18, Thursday,5448,21.1
frame,lgw,Year 1, spring 18, Thursday,5449,21.5
frame,lgw,Year 1, spring 18, Thursday,5450,0.2
frame,lgw,Year 1, spring 18, Thursday,5451,21.9
frame,lgw,Year 1, spring 18, Thursday,5452,20.9
frame,lgw,Year 1, spring 18, Thursday,5453,21.0
frame,lgw,Year 1, spring 18, Thursday,5454,21.4
frame,lgw,Year 1, spring 18, Thursday,5455,0.1
frame,lgw,Year 1, spring 18, Thursday,5456,21.4
frame,lgw,Year 1, spring 18, Thursday,5457,21.6
frame,lgw,Year 1, spring 18, Thursday,5458,21.1
frame,lgw,Year 1, spring 18, Thursday,5459,0.1
frame,lgw,Year 1, spring 18, Thursday,5460,20.8
frame,lgw,Year 1, spring 18, Thursday,5461,21.0
frame,lgw,Year 1, spring 18, Thursday,5462,21.9
frame,lgw,Year 1, spring 18, Thursday,5463,21.4
frame,lgw,Year 1, spring 18, Thursday,5464,0.1
frame,lgw,Year 1, spring 18, Thursday,5465,21.1
frame,lgw,Year 1, spring 18, Thursday,5466,20.9
frame,lgw,Year 1, spring 18, Thursday,5467,21.2
frame,lgw,Year 1, spring 18, Thursday,5468,21.3
frame,lgw,Year 1, spring 18, Thursday,5469,0.1
frame,lgw,Year 1, spring 18, Thursday,5470,21.4
frame,lgw,Year 1, spring 18, Thursday,5471,20.8
frame,lgw,Year 1, spring 18, Thursday,5472,20.8
frame,lgw,Year 1, spring 18, Thursday,5473,0.1
frame,lgw,Year 1, spring 18, Thursday,5474,21.7
frame,lgw,Year 1, spring 18, Thursday,5475,21.4
frame,lgw,Year 1, spring 18, Thursday,5476,21.0
frame,lgw,Year 1, spring 18, Thursday,5477,20.8
frame,lgw,Year 1, spring 18, Thursday,5478,0.2
frame,lgw,Year 1, spring 18, Thursday,5479,21.4
frame,lgw,Year 1, spring 18, Thursday,5480,21.0
frame,lgw,Year 1, spring 18, Thursday,5481,21.6
frame,lgw,Year 1, spring 18, Thursday,5482,21.4
frame,lgw,Year 1, spring 18, Thursday,5483,0.2
frame,lgw,Year 1, spring 18, Thursday,5484,21.2
frame,lgw,Year 1, spring 18, Thursday,5485,21.4
frame,lgw,Year 1, spring 18, Thursday,5486,21.4
frame,lgw,Year 1, spring 18, Thursday,5487,0.2
frame,lgw,Year 1, spring 18, Thursday,5488,20.7
frame,lgw,Year 1, spring 18, Thursday,5489,21.0
frame,lgw,Year 1, spring 18, Thursday,5490,20.8
frame,lgw,Year 1, spring 18, Thursday,5491,20.9
frame,lgw,Year 1, spring 18, Thursday,5492,0.1
frame,lgw,Year 1, spring 18, Thursday,5493,20.8
frame,lgw,Year 1, spring 18, Thursday,5494,21.1
frame,lgw,Year 1, spring 18, Thursday,5495,21.2
frame,lgw,Year 1, spring 18, Thursday,5496,20.8
frame,lgw,Year 1, spring 18, Thursday,5497,0.1
frame,lgw,Year 1, spring 18, Thursday,5498,21.1
frame,lgw,Year 1, spring 18, Thursday,5499,21.1
frame,lgw,Year 1, spring 18, Thursday,5500,21.8
frame,lgw,Year 1, spring 18, Thursday,5501,21.7
frame,lgw,Year 1, spring 18, Thursday,5502,0.1
frame,lgw,Year 1, spring 18, Thursday,5503,21.0
frame,lgw,Year 1, spring 18, Thursday,5504,21.2
frame,lgw,Year 1, spring 18, Thursday,5505,21.1
frame,lgw,Year 1, spring 18, Thursday,5506,0.1
frame,lgw,Year 1, spring 18, Thursday,5507,21.7
frame,lgw,Year 1, spring 18, Thursday,5508,21.0
frame,lgw,Year 1, spring 18, Thursday,5509,21.7
frame,lgw,Year 1, spring 18, Thursday,5510,21.1
frame,lgw,Year 1, spring 18, Thursday,5511,0.4
frame,lgw,Year 1, spring 18, Thursday,5512,21.8
frame,lgw,Year 1, spring 18, Thursday,5513,21.1
frame,lgw,Year 1, spring 18, Thursday,5514,21.6
frame,lgw,Year 1, spring 18, Thursday,5515,0.2
frame,lgw,Year 1, spring 18, Thursday,5516,21.5
frame,lgw,Year 1, spring 18, Thursday,5517,22.5
frame,lgw,Year 1, spring 18, Thursday,5518,21.0
frame,lgw,Year 1, spring 18, Thursday,5519,0.2
frame,lgw,Year 1, spring 18, Thursday,5520,21.1
frame,lgw,Year 1, spring 18, Thursday,5521,21.1
frame,lgw,Year 1, spring 18, Thursday,5522,20.8
frame,lgw,Year 1, spring 18, Thursday,5523,21.3
frame,lgw,Year 1, spring 18, Thursday,5524,0.1
frame,lgw,Year 1, spring 18, Thursday,5525,21.5
frame,lgw,Year 1, spring 18, Thursday,5526,21.0
frame,lgw,Year 1, spring 18, Thursday,5527,21.0
frame,lgw,Year 1, spring 18, Thursday,5528,21.1
frame,lgw,Year 1, spring 18, Thursday,5529,0.1
frame,lgw,Year 1, spring 18, Thursday,5530,22.4
frame,lgw,Year 1, spring 18, Thursday,5531,21.2
frame,lgw,Year 1, spring 18, Thursday,5532,21.4
frame,lgw,Year 1, spring 18, Thursday,5533,0.4
frame,lgw,Year 1, spring 18, Thursday,5534,22.5
frame,lgw,Year 1, spring 18, Thursday,5535,21.0
frame,lgw,Year 1, spring 18, Thursday,5536,21.0
frame,lgw,Year 1, spring 18, Thursday,5537,20.9
frame,lgw,Year 1, spring 18, Thursday,5538,0.1
frame,lgw,Year 1, spring 18, Thursday,5539,20.9
frame,lgw,Year 1, spring 18, Thursday,5540,21.0
frame,lgw,Year 1, spring 18, Thursday,5541,21.2
frame,lgw,Year 1, spring 18, Thursday,5542,0.1
frame,lgw,Year 1, spring 18, Thursday,5543,21.0
frame,lgw,Year 1, spring 18, Thursday,5544,22.1
frame,lgw,Year 1, spring 18, Thursday,5545,20.8
frame,lgw,Year 1, spring 18, Thursday,5546,21.7
frame,lgw,Year 1, spring 18, Thursday,5547,0.1
frame,lgw,Year 1, spring 18, Thursday,5548,21.0
frame,lgw,Year 1, spring 18, Thursday,5549,21.5
frame,lgw,Year 1, spring 18, Thursday,5550,20.9
frame,lgw,Year 1, spring 18, Thursday,5551,21.8
frame,lgw,Year 1, spring 18, Thursday,5552,0.1
frame,lgw,Year 1, spring 18, Thursday,5553,21.0
frame,lgw,Year 1, spring 18, Thursday,5554,21.6
frame,lgw,Year 1, spring 18, Thursday,5555,20.8
frame,lgw,Year 1, spring 18, Thursday,5556,0.1
frame,lgw,Year 1, spring 18, Thursday,5557,21.9
frame,lgw,Year 1, spring 18, Thursday,5558,21.1
frame,lgw,Year 1, spring 18, Thursday,5559,21.2
frame,lgw,Year 1, spring 18, Thursday,5560,21.2
frame,lgw,Year 1, spring 18, Thursday,5561,0.1
frame,lgw,Year 1, spring 18, Thursday,5562,21.0
frame,lgw,Year 1, spring 18, Thursday,5563,21.6
frame,lgw,Year 1, spring 18, Thursday,5564,20.9
frame,lgw,Year 1, spring 18, Thursday,5565,0.1
frame,lgw,Year 1, spring 18, Thursday,5566,21.2
frame,lgw,Year 1, spring 18, Thursday,5567,21.0
frame,lgw,Year 1, spring 18, Thursday,5568,21.2
frame,lgw,Year 1, spring 18, Thursday,5569,22.1
frame,lgw,Year 1, spring 18, Thursday,5570,0.1
frame,lgw,Year 1, spring 18, Thursday,5571,21.8
frame,lgw,Year 1, spring 18, Thursday,5572,21.3
frame,lgw,Year 1, spring 18, Thursday,5573,21.4
frame,lgw,Year 1, spring 18, Thursday,5574,0.2
frame,lgw,Year 1, spring 18, Thursday,5575,22.0
frame,lgw,Year 1, spring 18, Thursday,5576,20.9
frame,lgw,Year 1, spring 18, Thursday,5577,21.0
frame,lgw,Year 1, spring 18, Thursday,5578,21.2
frame,lgw,Year 1, spring 18, Thursday,5579,0.1
frame,lgw,Year 1, spring 18, Thursday,5580,20.9
frame,lgw,Year 1, spring 18, Thursday,5581,20.8
frame,lgw,Year 1, spring 18, Thursday,5582,21.0
frame,lgw,Year 1, spring 18, Thursday,5583,21.8
frame,lgw,Year 1, spring 18, Thursday,5584,0.1
frame,lgw,Year 1, spring 18, Thursday,5585,21.1
frame,lgw,Year 1, spring 18, Thursday,5586,22.2
frame,lgw,Year 1, spring 18, Thursday,5587,20.9
frame,lgw,Year 1, spring 18, Thursday,5588,0.1
frame,lgw,Year 1, spring 18, Thursday,5589,20.7
frame,lgw,Year 1, spring 18, Thursday,5590,20.8
frame,lgw,Year 1, spring 18, Thursday,5591,20.8
frame,lgw,Year 1, spring 18, Thursday,5592,21.1
frame,lgw,Year 1, spring 18, Thursday,5593,0.3
frame,lgw,Year 1, spring 18, Thursday,5594,21.0
frame,lgw,Year 1, spring 18, Thursday,5595,21.3
frame,lgw,Year 1, spring 18, Thursday,5596,21.3
frame,lgw,Year 1, spring 18, Thursday,5597,22.1
frame,lgw,Year 1, spring 18, Thursday,5598,0.2
frame,lgw,Year 1, spring 18, Thursday,5599,21.7
frame,lgw,Year 1, spring 18, Thursday,5600,21.6
frame,lgw,Year 1, spring 18, Thursday,5601,20.9
frame,lgw,Year 1, spring 18, Thursday,5602,0.1
frame,lgw,Year 1, spring 18, Thursday,5603,21.1
frame,lgw,Year 1, spring 18, Thursday,5604,21.3
frame,lgw,Year 1, spring 18, Thursday,5605,21.7
frame,lgw,Year 1, spring 18, Thursday,5606,21.5
frame,lgw,Year 1, spring 18, Thursday,5607,0.2
frame,lgw,Year 1, spring 18, Thursday,5608,21.2
frame,lgw,Year 1, spring 18, Thursday,5609,21.0
frame,lgw,Year 1, spring 18, Thursday,5610,21.6
frame,lgw,Year 1, spring 18, Thursday,5611,0.1
frame,lgw,Year 1, spring 18, Thursday,5612,21.4
frame,lgw,Year 1, spring 18, Thursday,5613,21.3
frame,lgw,Year 1, spring 18, Thursday,5614,21.7
frame,lgw,Year 1, spring 18, Thursday,5615,21.9
frame,lgw,Year 1, spring 18, Thursday,5616,0.3
frame,lgw,Year 1, spring 18, Thursday,5617,21.6
frame,lgw,Year 1, spring 18, Thursday,5618,21.4
frame,lgw,Year 1, spring 18, Thursday,5619,21.0
frame,lgw,Year 1, spring 18, Thursday,5620,0.1
frame,lgw,Year 1, spring 18, Thursday,5621,21.0
frame,lgw,Year 1, spring 18, Thursday,5622,21.2
frame,lgw,Year 1, spring 18, Thursday,5623,21.0
frame,lgw,Year 1, spring 18, Thursday,5624,21.7
frame,lgw,Year 1, spring 18, Thursday,5625,0.1
frame,lgw,Year 1, spring 18, Thursday,5626,21.1
frame,lgw,Year 1, spring 18, Thursday,5627,21.2
frame,lgw,Year 1, spring 18, Thursday,5628,20.8
frame,lgw,Year 1, spring 18, Thursday,5629,0.1
frame,lgw,Year 1, spring 18, Thursday,5630,21.3
frame,lgw,Year 1, spring 18, Thursday,5631,22.1
frame,lgw,Year 1, spring 18, Thursday,5632,21.0
frame,lgw,Year 1, spring 18, Thursday,5633,20.9
frame,lgw,Year 1, spring 18, Thursday,5634,0.1
frame,lgw,Year 1, spring 18, Thursday,5635,21.2
frame,lgw,Year 1, spring 18, Thursday,5636,20.7
frame,lgw,Year 1, spring 18, Thursday,5637,20.9
frame,lgw,Year 1, spring 18, Thursday,5638,21.1
frame,lgw,Year 1, spring 18, Thursday,5639,0.1
frame,lgw,Year 1, spring 18, Thursday,5640,22.9
frame,lgw,Year 1, spring 18, Thursday,5641,23.5
frame,lgw,Year 1, spring 18, Thursday,5642,21.7
frame,lgw,Year 1, spring 18, Thursday,5643,0.2
frame,lgw,Year 1, spring 18, Thursday,5644,21.3
frame,lgw,Year 1, spring 18, Thursday,5645,21.2
frame,lgw,Year 1, spring 18, Thursday,5646,21.1
frame,lgw,Year 1, spring 18, Thursday,5647,0.1
frame,lgw,Year 1, spring 18, Thursday,5648,21.2
frame,lgw,Year 1, spring 18, Thursday,5649,20.8
frame,lgw,Year 1, spring 18, Thursday,5650,20.8
frame,lgw,Year 1, spring 18, Thursday,5651,20.7
frame,lgw,Year 1, spring 18, Thursday,5652,0.1
frame,lgw,Year 1, spring 18, Thursday,5653,21.2
frame,lgw,Year 1, spring 18, Thursday,5654,21.1
frame,lgw,Year 1, spring 18, Thursday,5655,20.6
frame,lgw,Year 1, spring 18, Thursday,5656,20.7
frame,lgw,Year 1, spring 18, Thursday,5657,0.1
frame,lgw,Year 1, spring 18, Thursday,5658,20.8
frame,lgw,Year 1, spring 18, Thursday,5659,21.6
frame,lgw,Year 1, spring 18, Thursday,5660,21.0
frame,lgw,Year 1, spring 18, Thursday,5661,21.6
frame,lgw,Year 1, spring 18, Thursday,5662,0.1
frame,lgw,Year 1, spring 18, Thursday,5663,21.2
frame,lgw,Year 1, spring 18, Thursday,5664,21.1
frame,lgw,Year 1, spring 18, Thursday,5665,21.6
frame,lgw,Year 1, spring 18, Thursday,5666,0.2
frame,lgw,Year 1, spring 18, Thursday,5667,21.4
frame,lgw,Year 1, spring 18, Thursday,5668,21.2
frame,lgw,Year 1, spring 18, Thursday,5669,22.2
frame,lgw,Year 1, spring 18, Thursday,5670,21.4
frame,lgw,Year 1, spring 18, Thursday,5671,0.1
frame,lgw,Year 1, spring 18, Thursday,5672,21.0
frame,lgw,Year 1, spring 18, Thursday,5673,20.9
frame,lgw,Year 1, spring 18, Thursday,5674,21.2
frame,lgw,Year 1, spring 18, Thursday,5675,0.1
frame,lgw,Year 1, spring 18, Thursday,5676,21.1
frame,lgw,Year 1, spring 18, Thursday,5677,21.3
frame,lgw,Year 1, spring 18, Thursday,5678,21.6
frame,lgw,Year 1, spring 18, Thursday,5679,20.9
frame,lgw,Year 1, spring 18, Thursday,5680,0.1
frame,lgw,Year 1, spring 18, Thursday,5681,21.3
frame,lgw,Year 1, spring 18, Thursday,5682,22.7
frame,lgw,Year 1, spring 18, Thursday,5683,24.8
frame,lgw,Year 1, spring 18, Thursday,5684,0.4
frame,lgw,Year 1, spring 18, Thursday,5685,21.9
frame,lgw,Year 1, spring 18, Thursday,5686,21.2
frame,lgw,Year 1, spring 18, Thursday,5687,21.3
frame,lgw,Year 1, spring 18, Thursday,5688,0.1
frame,lgw,Year 1, spring 18, Thursday,5689,21.1
frame,lgw,Year 1, spring 18, Thursday,5690,21.0
frame,lgw,Year 1, spring 18, Thursday,5691,21.3
frame,lgw,Year 1, spring 18, Thursday,5692,21.6
frame,lgw,Year 1, spring 18, Thursday,5693,0.2
frame,lgw,Year 1, spring 18, Thursday,5694,21.4
frame,lgw,Year 1, spring 18, Thursday,5695,20.8
frame,lgw,Year 1, spring 18, Thursday,5696,21.3
frame,lgw,Year 1, spring 18, Thursday,5697,0.2
frame,lgw,Year 1, spring 18, Thursday,5698,21.0
frame,lgw,Year 1, spring 18, Thursday,5699,21.1
frame,lgw,Year 1, spring 18, Thursday,5700,20.9
frame,lgw,Year 1, spring 18, Thursday,5701,21.2
frame,lgw,Year 1, spring 18, Thursday,5702,0.1
frame,lgw,Year 1, spring 18, Thursday,5703,21.1
frame,lgw,Year 1, spring 18, Thursday,5704,21.2
frame,lgw,Year 1, spring 18, Thursday,5705,22.0
frame,lgw,Year 1, spring 18, Thursday,5706,0.2
frame,lgw,Year 1, spring 18, Thursday,5707,21.3
frame,lgw,Year 1, spring 18, Thursday,5708,21.5
frame,lgw,Year 1, spring 18, Thursday,5709,20.9
frame,lgw,Year 1, spring 18, Thursday,5710,20.7
frame,lgw,Year 1, spring 18, Thursday,5711,0.1
frame,lgw,Year 1, spring 18, Thursday,5712,20.8
frame,lgw,Year 1, spring 18, Thursday,5713,20.7
frame,lgw,Year 1, spring 18, Thursday,5714,21.3
frame,lgw,Year 1, spring 18, Thursday,5715,21.5
frame,lgw,Year 1, spring 18, Thursday,5716,0.1
frame,lgw,Year 1, spring 18, Thursday,5717,21.5
frame,lgw,Year 1, spring 18, Thursday,5718,21.6
frame,lgw,Year 1, spring 18, Thursday,5719,21.2
frame,lgw,Year 1, spring 18, Thursday,5720,0.1
frame,lgw,Year 1, spring 18, Thursday,5721,21.0
frame,lgw,Year 1, spring 18, Thursday,5722,20.9
frame,lgw,Year 1, spring 18, Thursday,5723,20.9
frame,lgw,Year 1, spring 18, Thursday,5724,20.7
frame,lgw,Year 1, spring 18, Thursday,5725,0.1
frame,lgw,Year 1, spring 18, Thursday,5726,21.7
frame,lgw,Year 1, spring 18, Thursday,5727,21.3
frame,lgw,Year 1, spring 18, Thursday,5728,21.4
frame,lgw,Year 1, spring 18, Thursday,5729,21.2
frame,lgw,Year 1, spring 18, Thursday,5730,0.2
frame,lgw,Year 1, spring 18, Thursday,5731,21.6
frame,lgw,Year 1, spring 18, Thursday,5732,21.2
frame,lgw,Year 1, spring 18, Thursday,5733,21.2
frame,lgw,Year 1, spring 18, Thursday,5734,0.2
frame,lgw,Year 1, spring 18, Thursday,5735,20.9
frame,lgw,Year 1, spring 18, Thursday,5736,21.3
frame,lgw,Year 1, spring 18, Thursday,5737,21.2
frame,lgw,Year 1, spring 18, Thursday,5738,21.7
frame,lgw,Year 1, spring 18, Thursday,5739,0.1
frame,lgw,Year 1, spring 18, Thursday,5740,21.1
frame,lgw,Year 1, spring 18, Thursday,5741,21.3
frame,lgw,Year 1, spring 18, Thursday,5742,21.3
frame,lgw,Year 1, spring 18, Thursday,5743,21.4
frame,lgw,Year 1, spring 18, Thursday,5744,0.2
frame,lgw,Year 1, spring 18, Thursday,5745,21.1
frame,lgw,Year 1, spring 18, Thursday,5746,21.3
frame,lgw,Year 1, spring 18, Thursday,5747,21.1
frame,lgw,Year 1, spring 18, Thursday,5748,0.1
frame,lgw,Year 1, spring 18, Thursday,5749,21.0
frame,lgw,Year 1, spring 18, Thursday,5750,22.0
frame,lgw,Year 1, spring 18, Thursday,5751,21.0
frame,lgw,Year 1, spring 18, Thursday,5752,20.8
frame,lgw,Year 1, spring 18, Thursday,5753,0.3
frame,lgw,Year 1, spring 18, Thursday,5754,21.1
frame,lgw,Year 1, spring 18, Thursday,5755,21.5
frame,lgw,Year 1, spring 18, Thursday,5756,21.8
frame,lgw,Year 1, spring 18, Thursday,5757,0.2
frame,lgw,Year 1, spring 18, Thursday,5758,21.3
frame,lgw,Year 1, spring 18, Thursday,5759,20.8
frame,lgw,Year 1, spring 18, Thursday,5760,22.3
frame,lgw,Year 1, spring 18, Thursday,5761,20.7
frame,lgw,Year 1, spring 18, Thursday,5762,0.1
frame,lgw,Year 1, spring 18, Thursday,5763,21.1
frame,lgw,Year 1, spring 18, Thursday,5764,20.9
frame,lgw,Year 1, spring 18, Thursday,5765,21.8
frame,lgw,Year 1, spring 18, Thursday,5766,0.2
frame,lgw,Year 1, spring 18, Thursday,5767,22.2
frame,lgw,Year 1, spring 18, Thursday,5768,21.0
frame,lgw,Year 1, spring 18, Thursday,5769,21.0
frame,lgw,Year 1, spring 18, Thursday,5770,20.8
frame,lgw,Year 1, spring 18, Thursday,5771,0.1
frame,lgw,Year 1, spring 18, Thursday,5772,20.8
frame,lgw,Year 1, spring 18, Thursday,5773,21.1
frame,lgw,Year 1, spring 18, Thursday,5774,20.9
frame,lgw,Year 1, spring 18, Thursday,5775,21.9
frame,lgw,Year 1, spring 18, Thursday,5776,0.1
frame,lgw,Year 1, spring 18, Thursday,5777,22.2
frame,lgw,Year 1, spring 18, Thursday,5778,21.5
frame,lgw,Year 1, spring 18, Thursday,5779,21.9
frame,lgw,Year 1, spring 18, Thursday,5780,0.1
frame,lgw,Year 1, spring 18, Thursday,5781,21.4
frame,lgw,Year 1, spring 18, Thursday,5782,21.1
frame,lgw,Year 1, spring 18, Thursday,5783,21.0
frame,lgw,Year 1, spring 18, Thursday,5784,21.0
frame,lgw,Year 1, spring 18, Thursday,5785,0.1
frame,lgw,Year 1, spring 18, Thursday,5786,22.0
frame,lgw,Year 1, spring 18, Thursday,5787,21.2
frame,lgw,Year 1, spring 18, Thursday,5788,20.8
frame,lgw,Year 1, spring 18, Thursday,5789,0.6
frame,lgw,Year 1, spring 18, Thursday,5790,21.3
frame,lgw,Year 1, spring 18, Thursday,5791,20.9
frame,lgw,Year 1, spring 18, Thursday,5792,21.3
frame,lgw,Year 1, spring 18, Thursday,5793,21.2
frame,lgw,Year 1, spring 18, Thursday,5794,0.1
frame,lgw,Year 1, spring 18, Thursday,5795,21.3
frame,lgw,Year 1, spring 18, Thursday,5796,21.4
frame,lgw,Year 1, spring 18, Thursday,5797,21.3
frame,lgw,Year 1, spring 18, Thursday,5798,0.1
frame,lgw,Year 1, spring 18, Thursday,5799,21.3
frame,lgw,Year 1, spring 18, Thursday,5800,22.9
frame,lgw,Year 1, spring 18, Thursday,5801,21.9
frame,lgw,Year 1, spring 18, Thursday,5802,0.1
frame,lgw,Year 1, spring 18, Thursday,5803,21.5
frame,lgw,Year 1, spring 18, Thursday,5804,21.1
frame,lgw,Year 1, spring 18, Thursday,5805,20.8
frame,lgw,Year 1, spring 18, Thursday,5806,21.2
frame,lgw,Year 1, spring 18, Thursday,5807,0.1
frame,lgw,Year 1, spring 18, Thursday,5808,20.7
frame,lgw,Year 1, spring 18, Thursday,5809,21.3
frame,lgw,Year 1, spring 18, Thursday,5810,20.9
frame,lgw,Year 1, spring 18, Thursday,5811,21.5
frame,lgw,Year 1, spring 18, Thursday,5812,0.1
frame,lgw,Year 1, spring 18, Thursday,5813,21.8
frame,lgw,Year 1, spring 18, Thursday,5814,21.7
frame,lgw,Year 1, spring 18, Thursday,5815,21.3
frame,lgw,Year 1, spring 18, Thursday,5816,0.1
frame,lgw,Year 1, spring 18, Thursday,5817,20.7
frame,lgw,Year 1, spring 18, Thursday,5818,21.0
frame,lgw,Year 1, spring 18, Thursday,5819,21.2
frame,lgw,Year 1, spring 18, Thursday,5820,21.0
frame,lgw,Year 1, spring 18, Thursday,5821,0.1
frame,lgw,Year 1, spring 18, Thursday,5822,21.2
frame,lgw,Year 1, spring 18, Thursday,5823,21.4
frame,lgw,Year 1, spring 18, Thursday,5824,21.6
frame,lgw,Year 1, spring 18, Thursday,5825,21.0
frame,lgw,Year 1, spring 18, Thursday,5826,0.1
frame,lgw,Year 1, spring 18, Thursday,5827,21.2
frame,lgw,Year 1, spring 18, Thursday,5828,20.8
frame,lgw,Year 1, spring 18, Thursday,5829,21.0
frame,lgw,Year 1, spring 18, Thursday,5830,0.1
frame,lgw,Year 1, spring 18, Thursday,5831,21.0
frame,lgw,Year 1, spring 18, Thursday,5832,21.2
frame,lgw,Year 1, spring 18, Thursday,5833,21.4
frame,lgw,Year 1, spring 18, Thursday,5834,21.2
frame,lgw,Year 1, spring 18, Thursday,5835,0.1
frame,lgw,Year 1, spring 18, Thursday,5836,21.4
frame,lgw,Year 1, spring 18, Thursday,5837,21.4
frame,lgw,Year 1, spring 18, Thursday,5838,20.9
frame,lgw,Year 1, spring 18, Thursday,5839,21.8
frame,lgw,Year 1, spring 18, Thursday,5840,0.1
frame,lgw,Year 1, spring 18, Thursday,5841,21.0
frame,lgw,Year 1, spring 18, Thursday,5842,21.7
frame,lgw,Year 1, spring 18, Thursday,5843,22.9
frame,lgw,Year 1, spring 18, Thursday,5844,0.3
frame,lgw,Year 1, spring 18, Thursday,5845,22.4
frame,lgw,Year 1, spring 18, Thursday,5846,20.7
frame,lgw,Year 1, spring 18, Thursday,5847,20.8
frame,lgw,Year 1, spring 18, Thursday,5848,0.1
frame,lgw,Year 1, spring 18, Thursday,5849,20.9
frame,lgw,Year 1, spring 18, Thursday,5850,21.0
frame,lgw,Year 1, spring 18, Thursday,5851,20.9
frame,lgw,Year 1, spring 18, Thursday,5852,20.9
frame,lgw,Year 1, spring 18, Thursday,5853,0.1
frame,lgw,Year 1, spring 18, Thursday,5854,21.0
frame,lgw,Year 1, spring 18, Thursday,5855,21.2
frame,lgw,Year 1, spring 18, Thursday,5856,21.1
frame,lgw,Year 1, spring 18, Thursday,5857,21.0
frame,lgw,Year 1, spring 18, Thursday,5858,0.2
frame,lgw,Year 1, spring 18, Thursday,5859,21.0
frame,lgw,Year 1, spring 18, Thursday,5860,20.8
frame,lgw,Year 1, spring 18, Thursday,5861,21.5
frame,lgw,Year 1, spring 18, Thursday,5862,21.5
frame,lgw,Year 1, spring 18, Thursday,5863,0.6
frame,lgw,Year 1, spring 18, Thursday,5864,21.6
frame,lgw,Year 1, spring 18, Thursday,5865,21.2
frame,lgw,Year 1, spring 18, Thursday,5866,21.3
frame,lgw,Year 1, spring 18, Thursday,5867,0.5
frame,lgw,Year 1, spring 18, Thursday,5868,21.8
frame,lgw,Year 1, spring 18, Thursday,5869,21.2
frame,lgw,Year 1, spring 18, Thursday,5870,20.9
frame,lgw,Year 1, spring 18, Thursday,5871,21.2
frame,lgw,Year 1, spring 18, Thursday,5872,0.1
frame,lgw,Year 1, spring 18, Thursday,5873,21.4
frame,lgw,Year 1, spring 18, Thursday,5874,21.0
frame,lgw,Year 1, spring 18, Thursday,5875,21.3
frame,lgw,Year 1, spring 18, Thursday,5876,0.2
frame,lgw,Year 1, spring 18, Thursday,5877,20.9
frame,lgw,Year 1, spring 18, Thursday,5878,21.3
frame,lgw,Year 1, spring 18, Thursday,5879,20.8
frame,lgw,Year 1, spring 18, Thursday,5880,21.4
frame,lgw,Year 1, spring 18, Thursday,5881,0.1
frame,lgw,Year 1, spring 18, Thursday,5882,21.1
frame,lgw,Year 1, spring 18, Thursday,5883,20.7
frame,lgw,Year 1, spring 18, Thursday,5884,20.6
frame,lgw,Year 1, spring 18, Thursday,5885,20.8
frame,lgw,Year 1, spring 18, Thursday,5886,0.1
frame,lgw,Year 1, spring 18, Thursday,5887,20.8
frame,lgw,Year 1, spring 18, Thursday,5888,20.7
frame,lgw,Year 1, spring 18, Thursday,5889,20.8
frame,lgw,Year 1, spring 18, Thursday,5890,21.6
frame,lgw,Year 1, spring 18, Thursday,5891,0.1
frame,lgw,Year 1, spring 18, Thursday,5892,21.0
frame,lgw,Year 1, spring 18, Thursday,5893,21.4
frame,lgw,Year 1, spring 18, Thursday,5894,21.0
frame,lgw,Year 1, spring 18, Thursday,5895,21.1
frame,lgw,Year 1, spring 18, Thursday,5896,0.1
frame,lgw,Year 1, spring 18, Thursday,5897,21.6
frame,lgw,Year 1, spring 18, Thursday,5898,21.1
frame,lgw,Year 1, spring 18, Thursday,5899,21.2
frame,lgw,Year 1, spring 18, Thursday,5900,0.1
frame,lgw,Year 1, spring 18, Thursday,5901,21.0
frame,lgw,Year 1, spring 18, Thursday,5902,20.9
frame,lgw,Year 1, spring 18, Thursday,5903,20.8
frame,lgw,Year 1, spring 18, Thursday,5904,21.6
frame,lgw,Year 1, spring 18, Thursday,5905,0.1
frame,lgw,Year 1, spring 18, Thursday,5906,21.1
frame,lgw,Year 1, spring 18, Thursday,5907,21.1
frame,lgw,Year 1, spring 18, Thursday,5908,21.1
frame,lgw,Year 1, spring 18, Thursday,5909,21.8
frame,lgw,Year 1, spring 18, Thursday,5910,0.1
frame,lgw,Year 1, spring 18, Thursday,5911,21.0
frame,lgw,Year 1, spring 18, Thursday,5912,21.1
frame,lgw,Year 1, spring 18, Thursday,5913,20.8
frame,lgw,Year 1, spring 18, Thursday,5914,0.1
frame,lgw,Year 1, spring 18, Thursday,5915,21.2
frame,lgw,Year 1, spring 18, Thursday,5916,21.1
frame,lgw,Year 1, spring 18, Thursday,5917,21.1
frame,lgw,Year 1, spring 18, Thursday,5918,20.8
frame,lgw,Year 1, spring 18, Thursday,5919,0.1
frame,lgw,Year 1, spring 18, Thursday,5920,21.0
frame,lgw,Year 1, spring 18, Thursday,5921,21.5
frame,lgw,Year 1, spring 18, Thursday,5922,21.0
frame,lgw,Year 1, spring 18, Thursday,5923,21.5
frame,lgw,Year 1, spring 18, Thursday,5924,0.1
frame,lgw,Year 1, spring 18, Thursday,5925,20.7
frame,lgw,Year 1, spring 18, Thursday,5926,20.9
frame,lgw,Year 1, spring 18, Thursday,5927,20.8
frame,lgw,Year 1, spring 18, Thursday,5928,20.9
frame,lgw,Year 1, spring 18, Thursday,5929,0.1
frame,lgw,Year 1, spring 18, Thursday,5930,20.8
frame,lgw,Year 1, spring 18, Thursday,5931,21.0
frame,lgw,Year 1, spring 18, Thursday,5932,21.2
frame,lgw,Year 1, spring 18, Thursday,5933,0.1
frame,lgw,Year 1, spring 18, Thursday,5934,21.0
frame,lgw,Year 1, spring 18, Thursday,5935,21.3
frame,lgw,Year 1, spring 18, Thursday,5936,20.8
frame,lgw,Year 1, spring 18, Thursday,5937,21.6
frame,lgw,Year 1, spring 18, Thursday,5938,0.1
frame,lgw,Year 1, spring 18, Thursday,5939,20.9
frame,lgw,Year 1, spring 18, Thursday,5940,21.3
frame,lgw,Year 1, spring 18, Thursday,5941,21.1
frame,lgw,Year 1, spring 18, Thursday,5942,21.2
frame,lgw,Year 1, spring 18, Thursday,5943,0.1
frame,lgw,Year 1, spring 18, Thursday,5944,21.0
frame,lgw,Year 1, spring 18, Thursday,5945,20.9
frame,lgw,Year 1, spring 18, Thursday,5946,20.8
frame,lgw,Year 1, spring 18, Thursday,5947,21.2
frame,lgw,Year 1, spring 18, Thursday,5948,0.1
frame,lgw,Year 1, spring 18, Thursday,5949,22.1
frame,lgw,Year 1, spring 18, Thursday,5950,21.2
frame,lgw,Year 1, spring 18, Thursday,5951,21.1
frame,lgw,Year 1, spring 18, Thursday,5952,0.1
frame,lgw,Year 1, spring 18, Thursday,5953,21.0
frame,lgw,Year 1, spring 18, Thursday,5954,21.3
frame,lgw,Year 1, spring 18, Thursday,5955,20.9
frame,lgw,Year 1, spring 18, Thursday,5956,20.7
frame,lgw,Year 1, spring 18, Thursday,5957,0.1
frame,lgw,Year 1, spring 18, Thursday,5958,21.0
frame,lgw,Year 1, spring 18, Thursday,5959,21.1
frame,lgw,Year 1, spring 18, Thursday,5960,21.0
frame,lgw,Year 1, spring 18, Thursday,5961,21.1
frame,lgw,Year 1, spring 18, Thursday,5962,0.1
frame,lgw,Year 1, spring 18, Thursday,5963,20.9
frame,lgw,Year 1, spring 18, Thursday,5964,20.8
frame,lgw,Year 1, spring 18, Thursday,5965,21.9
frame,lgw,Year 1, spring 18, Thursday,5966,0.1
frame,lgw,Year 1, spring 18, Thursday,5967,21.2
frame,lgw,Year 1, spring 18, Thursday,5968,20.9
frame,lgw,Year 1, spring 18, Thursday,5969,21.2
frame,lgw,Year 1, spring 18, Thursday,5970,21.8
frame,lgw,Year 1, spring 18, Thursday,5971,0.1
frame,lgw,Year 1, spring 18, Thursday,5972,21.6
frame,lgw,Year 1, spring 18, Thursday,5973,21.0
frame,lgw,Year 1, spring 18, Thursday,5974,21.2
frame,lgw,Year 1, spring 18, Thursday,5975,21.0
frame,lgw,Year 1, spring 18, Thursday,5976,0.2
frame,lgw,Year 1, spring 18, Thursday,5977,21.7
frame,lgw,Year 1, spring 18, Thursday,5978,21.0
frame,lgw,Year 1, spring 18, Thursday,5979,21.0
frame,lgw,Year 1, spring 18, Thursday,5980,0.1
frame,lgw,Year 1, spring 18, Thursday,5981,20.8
frame,lgw,Year 1, spring 18, Thursday,5982,21.1
frame,lgw,Year 1, spring 18, Thursday,5983,21.0
frame,lgw,Year 1, spring 18, Thursday,5984,21.5
frame,lgw,Year 1, spring 18, Thursday,5985,0.1
frame,lgw,Year 1, spring 18, Thursday,5986,21.3
frame,lgw,Year 1, spring 18, Thursday,5987,21.6
frame,lgw,Year 1, spring 18, Thursday,5988,21.4
frame,lgw,Year 1, spring 18, Thursday,5989,21.1
frame,lgw,Year 1, spring 18, Thursday,5990,0.1
frame,lgw,Year 1, spring 18, Thursday,5991,20.9
frame,lgw,Year 1, spring 18, Thursday,5992,21.2
frame,lgw,Year 1, spring 18, Thursday,5993,21.9
frame,lgw,Year 1, spring 18, Thursday,5994,0.1
frame,lgw,Year 1, spring 18, Thursday,5995,20.9
frame,lgw,Year 1, spring 18, Thursday,5996,20.8
frame,lgw,Year 1, spring 18, Thursday,5997,21.2
frame,lgw,Year 1, spring 18, Thursday,5998,21.2
frame,lgw,Year 1, spring 18, Thursday,5999,0.1
switch,lgw,Year 1, spring 18, Thursday,610,80.3
switch,lgw,Year 1, spring 18, Thursday,620,22.5
switch,lgw,Year 1, spring 18, Thursday,630,20.0
switchdetail,lgw,Year 1, spring 18, Thursday,600,0,0.0
switchdetail,lgw,Year 1, spring 18, Thursday,610,0,0.0
switchdetail,lgw,Year 1, spring 18, Thursday,620,0,0.0
lag,lgw,Year 1, spring 18, Thursday,6942,109.7
lag,lgw,Year 1, spring 18, Thursday,7742,71.4
lag,lgw,Year 1, spring 18, Thursday,7796,80.3
lag,lgw,Year 1, spring 18, Thursday,8826,92.1
lag,lgw,Year 1, spring 18, Thursday,11468,133.0
lag,lgw,Year 1, spring 18, Thursday,11859,90.8
lag,lgw,Year 1, spring 18, Thursday,11878,58.0
frame,lgw,Year 1, spring 18, Thursday,11120,0.3
frame,lgw,Year 1, spring 18, Thursday,11121,21.2
frame,lgw,Year 1, spring 18, Thursday,11122,21.2
frame,lgw,Year 1, spring 18, Thursday,11123,21.3
frame,lgw,Year 1, spring 18, Thursday,11124,21.6
frame,lgw,Year 1, spring 18, Thursday,11125,0.4
frame,lgw,Year 1, spring 18, Thursday,11126,22.1
frame,lgw,Year 1, spring 18, Thursday,11127,21.0
frame,lgw,Year 1, spring 18, Thursday,11128,21.5
frame,lgw,Year 1, spring 18, Thursday,11129,0.3
frame,lgw,Year 1, spring 18, Thursday,11130,21.3
frame,lgw,Year 1, spring 18, Thursday,11131,21.7
frame,lgw,Year 1, spring 18, Thursday,11132,21.6
frame,lgw,Year 1, spring 18, Thursday,11133,21.8
frame,lgw,Year 1, spring 18, Thursday,11134,0.4
frame,lgw,Year 1, spring 18, Thursday,11135,21.8
frame,lgw,Year 1, spring 18, Thursday,11136,22.2
frame,lgw,Year 1, spring 18, Thursday,11137,21.4
frame,lgw,Year 1, spring 18, Thursday,11138,0.2
frame,lgw,Year 1, spring 18, Thursday,11139,21.0
frame,lgw,Year 1, spring 18, Thursday,11140,21.5
frame,lgw,Year 1, spring 18, Thursday,11141,21.5
frame,lgw,Year 1, spring 18, Thursday,11142,0.3
frame,lgw,Year 1, spring 18, Thursday,11143,22.5
frame,lgw,Year 1, spring 18, Thursday,11144,21.5
frame,lgw,Year 1, spring 18, Thursday,11145,21.4
frame,lgw,Year 1, spring 18, Thursday,11146,21.4
frame,lgw,Year 1, spring 18, Thursday,11147,0.4
frame,lgw,Year 1, spring 18, Thursday,11148,21.2
frame,lgw,Year 1, spring 18, Thursday,11149,21.8
frame,lgw,Year 1, spring 18, Thursday,11150,21.5
frame,lgw,Year 1, spring 18, Thursday,11151,0.5
frame,lgw,Year 1, spring 18, Thursday,11152,21.7
frame,lgw,Year 1, spring 18, Thursday,11153,23.5
frame,lgw,Year 1, spring 18, Thursday,11154,22.0
frame,lgw,Year 1, spring 18, Thursday,11155,0.8
frame,lgw,Year 1, spring 18, Thursday,11156,21.9
frame,lgw,Year 1, spring 18, Thursday,11157,22.6
frame,lgw,Year 1, spring 18, Thursday,11158,22.2
frame,lgw,Year 1, spring 18, Thursday,11159,0.4
frame,lgw,Year 1, spring 18, Thursday,11160,22.5
frame,lgw,Year 1, spring 18, Thursday,11161,21.8
frame,lgw,Year 1, spring 18, Thursday,11162,22.0
frame,lgw,Year 1, spring 18, Thursday,11163,0.3
frame,lgw,Year 1, spring 18, Thursday,11164,21.4
frame,lgw,Year 1, spring 18, Thursday,11165,21.9
frame,lgw,Year 1, spring 18, Thursday,11166,21.7
frame,lgw,Year 1, spring 18, Thursday,11167,0.5
frame,lgw,Year 1, spring 18, Thursday,11168,21.9
frame,lgw,Year 1, spring 18, Thursday,11169,21.3
frame,lgw,Year 1, spring 18, Thursday,11170,22.3
frame,lgw,Year 1, spring 18, Thursday,11171,0.6
frame,lgw,Year 1, spring 18, Thursday,11172,22.3
frame,lgw,Year 1, spring 18, Thursday,11173,22.4
frame,lgw,Year 1, spring 18, Thursday,11174,21.5
frame,lgw,Year 1, spring 18, Thursday,11175,0.4
frame,lgw,Year 1, spring 18, Thursday,11176,22.4
frame,lgw,Year 1, spring 18, Thursday,11177,21.6
frame,lgw,Year 1, spring 18, Thursday,11178,21.8
frame,lgw,Year 1, spring 18, Thursday,11179,0.4
frame,lgw,Year 1, spring 18, Thursday,11180,21.3
frame,lgw,Year 1, spring 18, Thursday,11181,21.6
frame,lgw,Year 1, spring 18, Thursday,11182,21.7
frame,lgw,Year 1, spring 18, Thursday,11183,0.5
frame,lgw,Year 1, spring 18, Thursday,11184,22.0
frame,lgw,Year 1, spring 18, Thursday,11185,22.1
frame,lgw,Year 1, spring 18, Thursday,11186,21.5
frame,lgw,Year 1, spring 18, Thursday,11187,21.1
frame,lgw,Year 1, spring 18, Thursday,11188,0.2
frame,lgw,Year 1, spring 18, Thursday,11189,21.5
frame,lgw,Year 1, spring 18, Thursday,11190,21.8
frame,lgw,Year 1, spring 18, Thursday,11191,21.4
frame,lgw,Year 1, spring 18, Thursday,11192,0.2
frame,lgw,Year 1, spring 18, Thursday,11193,21.0
frame,lgw,Year 1, spring 18, Thursday,11194,21.6
frame,lgw,Year 1, spring 18, Thursday,11195,21.2
frame,lgw,Year 1, spring 18, Thursday,11196,0.2
frame,lgw,Year 1, spring 18, Thursday,11197,21.7
frame,lgw,Year 1, spring 18, Thursday,11198,21.2
frame,lgw,Year 1, spring 18, Thursday,11199,28.3
frame,lgw,Year 1, spring 18, Thursday,11200,29.3
frame,lgw,Year 1, spring 18, Thursday,11201,1.7
frame,lgw,Year 1, spring 18, Thursday,11202,23.2
frame,lgw,Year 1, spring 18, Thursday,11203,0.7
frame,lgw,Year 1, spring 18, Thursday,11204,21.9
frame,lgw,Year 1, spring 18, Thursday,11205,21.4
frame,lgw,Year 1, spring 18, Thursday,11206,0.2
frame,lgw,Year 1, spring 18, Thursday,11207,21.6
frame,lgw,Year 1, spring 18, Thursday,11208,21.6
frame,lgw,Year 1, spring 18, Thursday,11209,21.9
frame,lgw,Year 1, spring 18, Thursday,11210,0.2
frame,lgw,Year 1, spring 18, Thursday,11211,21.8
frame,lgw,Year 1, spring 18, Thursday,11212,21.6
frame,lgw,Year 1, spring 18, Thursday,11213,21.6
frame,lgw,Year 1, spring 18, Thursday,11214,21.7
frame,lgw,Year 1, spring 18, Thursday,11215,0.9
frame,lgw,Year 1, spring 18, Thursday,11216,21.5
frame,lgw,Year 1, spring 18, Thursday,11217,21.3
frame,lgw,Year 1, spring 18, Thursday,11218,23.5
frame,lgw,Year 1, spring 18, Thursday,11219,0.5
frame,lgw,Year 1, spring 18, Thursday,11220,21.6
frame,lgw,Year 1, spring 18, Thursday,11221,21.8
frame,lgw,Year 1, spring 18, Thursday,11222,21.8
frame,lgw,Year 1, spring 18, Thursday,11223,0.5
frame,lgw,Year 1, spring 18, Thursday,11224,22.3
frame,lgw,Year 1, spring 18, Thursday,11225,21.4
frame,lgw,Year 1, spring 18, Thursday,11226,21.1
frame,lgw,Year 1, spring 18, Thursday,11227,0.3
frame,lgw,Year 1, spring 18, Thursday,11228,21.2
frame,lgw,Year 1, spring 18, Thursday,11229,21.4
frame,lgw,Year 1, spring 18, Thursday,11230,21.2
frame,lgw,Year 1, spring 18, Thursday,11231,0.3
frame,lgw,Year 1, spring 18, Thursday,11232,22.6
frame,lgw,Year 1, spring 18, Thursday,11233,22.2
frame,lgw,Year 1, spring 18, Thursday,11234,21.3
frame,lgw,Year 1, spring 18, Thursday,11235,0.3
frame,lgw,Year 1, spring 18, Thursday,11236,21.6
frame,lgw,Year 1, spring 18, Thursday,11237,22.1
frame,lgw,Year 1, spring 18, Thursday,11238,21.9
frame,lgw,Year 1, spring 18, Thursday,11239,21.4
frame,lgw,Year 1, spring 18, Thursday,11240,0.2
frame,lgw,Year 1, spring 18, Thursday,11241,21.8
frame,lgw,Year 1, spring 18, Thursday,11242,21.2
frame,lgw,Year 1, spring 18, Thursday,11243,21.6
frame,lgw,Year 1, spring 18, Thursday,11244,0.4
frame,lgw,Year 1, spring 18, Thursday,11245,21.6
frame,lgw,Year 1, spring 18, Thursday,11246,21.2
frame,lgw,Year 1, spring 18, Thursday,11247,21.1
frame,lgw,Year 1, spring 18, Thursday,11248,0.4
frame,lgw,Year 1, spring 18, Thursday,11249,21.2
frame,lgw,Year 1, spring 18, Thursday,11250,21.7
frame,lgw,Year 1, spring 18, Thursday,11251,21.7
frame,lgw,Year 1, spring 18, Thursday,11252,21.3
frame,lgw,Year 1, spring 18, Thursday,11253,0.4
frame,lgw,Year 1, spring 18, Thursday,11254,21.6
frame,lgw,Year 1, spring 18, Thursday,11255,22.1
frame,lgw,Year 1, spring 18, Thursday,11256,22.4
frame,lgw,Year 1, spring 18, Thursday,11257,0.4
frame,lgw,Year 1, spring 18, Thursday,11258,21.4
frame,lgw,Year 1, spring 18, Thursday,11259,22.5
frame,lgw,Year 1, spring 18, Thursday,11260,21.1
frame,lgw,Year 1, spring 18, Thursday,11261,0.3
frame,lgw,Year 1, spring 18, Thursday,11262,21.6
frame,lgw,Year 1, spring 18, Thursday,11263,21.3
frame,lgw,Year 1, spring 18, Thursday,11264,22.4
frame,lgw,Year 1, spring 18, Thursday,11265,0.6
frame,lgw,Year 1, spring 18, Thursday,11266,21.3
frame,lgw,Year 1, spring 18, Thursday,11267,21.7
frame,lgw,Year 1, spring 18, Thursday,11268,22.0
frame,lgw,Year 1, spring 18, Thursday,11269,22.3
frame,lgw,Year 1, spring 18, Thursday,11270,0.4
frame,lgw,Year 1, spring 18, Thursday,11271,21.6
frame,lgw,Year 1, spring 18, Thursday,11272,22.6
frame,lgw,Year 1, spring 18, Thursday,11273,21.6
frame,lgw,Year 1, spring 18, Thursday,11274,0.3
frame,lgw,Year 1, spring 18, Thursday,11275,21.6
frame,lgw,Year 1, spring 18, Thursday,11276,22.1
frame,lgw,Year 1, spring 18, Thursday,11277,22.4
frame,lgw,Year 1, spring 18, Thursday,11278,0.4
frame,lgw,Year 1, spring 18, Thursday,11279,22.0
frame,lgw,Year 1, spring 18, Thursday,11280,22.0
frame,lgw,Year 1, spring 18, Thursday,11281,21.1
frame,lgw,Year 1, spring 18, Thursday,11282,0.2
frame,lgw,Year 1, spring 18, Thursday,11283,21.5
frame,lgw,Year 1, spring 18, Thursday,11284,22.1
frame,lgw,Year 1, spring 18, Thursday,11285,21.8
frame,lgw,Year 1, spring 18, Thursday,11286,0.7
frame,lgw,Year 1, spring 18, Thursday,11287,21.7
frame,lgw,Year 1, spring 18, Thursday,11288,21.6
frame,lgw,Year 1, spring 18, Thursday,11289,21.6
frame,lgw,Year 1, spring 18, Thursday,11290,0.3
frame,lgw,Year 1, spring 18, Thursday,11291,21.3
frame,lgw,Year 1, spring 18, Thursday,11292,21.6
frame,lgw,Year 1, spring 18, Thursday,11293,21.6
frame,lgw,Year 1, spring 18, Thursday,11294,22.6
frame,lgw,Year 1, spring 18, Thursday,11295,0.4
frame,lgw,Year 1, spring 18, Thursday,11296,21.6
frame,lgw,Year 1, spring 18, Thursday,11297,22.4
frame,lgw,Year 1, spring 18, Thursday,11298,24.0
frame,lgw,Year 1, spring 18, Thursday,11299,0.6
frame,lgw,Year 1, spring 18, Thursday,11300,21.7
frame,lgw,Year 1, spring 18, Thursday,11301,21.8
frame,lgw,Year 1, spring 18, Thursday,11302,0.3
frame,lgw,Year 1, spring 18, Thursday,11303,21.2
frame,lgw,Year 1, spring 18, Thursday,11304,21.9
frame,lgw,Year 1, spring 18, Thursday,11305,22.1
frame,lgw,Year 1, spring 18, Thursday,11306,21.3
frame,lgw,Year 1, spring 18, Thursday,11307,0.3
frame,lgw,Year 1, spring 18, Thursday,11308,21.4
frame,lgw,Year 1, spring 18, Thursday,11309,21.0
frame,lgw,Year 1, spring 18, Thursday,11310,21.3
frame,lgw,Year 1, spring 18, Thursday,11311,0.4
frame,lgw,Year 1, spring 18, Thursday,11312,21.2
frame,lgw,Year 1, spring 18, Thursday,11313,21.0
frame,lgw,Year 1, spring 18, Thursday,11314,23.6
frame,lgw,Year 1, spring 18, Thursday,11315,0.9
frame,lgw,Year 1, spring 18, Thursday,11316,22.5
frame,lgw,Year 1, spring 18, Thursday,11317,22.2
frame,lgw,Year 1, spring 18, Thursday,11318,21.9
frame,lgw,Year 1, spring 18, Thursday,11319,0.3
frame,lgw,Year 1, spring 18, Thursday,11320,21.5
frame,lgw,Year 1, spring 18, Thursday,11321,21.3
frame,lgw,Year 1, spring 18, Thursday,11322,21.8
frame,lgw,Year 1, spring 18, Thursday,11323,0.3
frame,lgw,Year 1, spring 18, Thursday,11324,21.5
frame,lgw,Year 1, spring 18, Thursday,11325,21.7
frame,lgw,Year 1, spring 18, Thursday,11326,21.7
frame,lgw,Year 1, spring 18, Thursday,11327,21.7
frame,lgw,Year 1, spring 18, Thursday,11328,0.5
frame,lgw,Year 1, spring 18, Thursday,11329,22.1
frame,lgw,Year 1, spring 18, Thursday,11330,22.0
frame,lgw,Year 1, spring 18, Thursday,11331,21.6
frame,lgw,Year 1, spring 18, Thursday,11332,0.5
frame,lgw,Year 1, spring 18, Thursday,11333,21.2
frame,lgw,Year 1, spring 18, Thursday,11334,21.3
frame,lgw,Year 1, spring 18, Thursday,11335,21.8
frame,lgw,Year 1, spring 18, Thursday,11336,0.8
frame,lgw,Year 1, spring 18, Thursday,11337,22.5
frame,lgw,Year 1, spring 18, Thursday,11338,23.0
frame,lgw,Year 1, spring 18, Thursday,11339,21.5
frame,lgw,Year 1, spring 18, Thursday,11340,0.4
frame,lgw,Year 1, spring 18, Thursday,11341,21.3
frame,lgw,Year 1, spring 18, Thursday,11342,21.3
frame,lgw,Year 1, spring 18, Thursday,11343,22.6
frame,lgw,Year 1, spring 18, Thursday,11344,0.5
frame,lgw,Year 1, spring 18, Thursday,11345,21.8
frame,lgw,Year 1, spring 18, Thursday,11346,22.9
frame,lgw,Year 1, spring 18, Thursday,11347,21.4
frame,lgw,Year 1, spring 18, Thursday,11348,0.3
frame,lgw,Year 1, spring 18, Thursday,11349,21.8
frame,lgw,Year 1, spring 18, Thursday,11350,21.7
frame,lgw,Year 1, spring 18, Thursday,11351,21.7
frame,lgw,Year 1, spring 18, Thursday,11352,0.5
frame,lgw,Year 1, spring 18, Thursday,11353,21.1
frame,lgw,Year 1, spring 18, Thursday,11354,21.6
frame,lgw,Year 1, spring 18, Thursday,11355,22.3
frame,lgw,Year 1, spring 18, Thursday,11356,22.2
frame,lgw,Year 1, spring 18, Thursday,11357,0.3
frame,lgw,Year 1, spring 18, Thursday,11358,21.2
frame,lgw,Year 1, spring 18, Thursday,11359,21.5
frame,lgw,Year 1, spring 18, Thursday,11360,21.8
frame,lgw,Year 1, spring 18, Thursday,11361,0.4
frame,lgw,Year 1, spring 18, Thursday,11362,21.5
frame,lgw,Year 1, spring 18, Thursday,11363,22.1
frame,lgw,Year 1, spring 18, Thursday,11364,22.2
frame,lgw,Year 1, spring 18, Thursday,11365,0.9
frame,lgw,Year 1, spring 18, Thursday,11366,21.5
frame,lgw,Year 1, spring 18, Thursday,11367,21.6
frame,lgw,Year 1, spring 18, Thursday,11368,21.8
frame,lgw,Year 1, spring 18, Thursday,11369,0.4
frame,lgw,Year 1, spring 18, Thursday,11370,21.6
frame,lgw,Year 1, spring 18, Thursday,11371,21.1
frame,lgw,Year 1, spring 18, Thursday,11372,22.6
frame,lgw,Year 1, spring 18, Thursday,11373,0.4
frame,lgw,Year 1, spring 18, Thursday,11374,21.5
frame,lgw,Year 1, spring 18, Thursday,11375,22.2
frame,lgw,Year 1, spring 18, Thursday,11376,21.8
frame,lgw,Year 1, spring 18, Thursday,11377,21.6
frame,lgw,Year 1, spring 18, Thursday,11378,0.4
frame,lgw,Year 1, spring 18, Thursday,11379,21.9
frame,lgw,Year 1, spring 18, Thursday,11380,21.0
frame,lgw,Year 1, spring 18, Thursday,11381,21.9
frame,lgw,Year 1, spring 18, Thursday,11382,0.8
frame,lgw,Year 1, spring 18, Thursday,11383,21.1
frame,lgw,Year 1, spring 18, Thursday,11384,21.4
frame,lgw,Year 1, spring 18, Thursday,11385,21.2
frame,lgw,Year 1, spring 18, Thursday,11386,0.2
frame,lgw,Year 1, spring 18, Thursday,11387,21.3
frame,lgw,Year 1, spring 18, Thursday,11388,21.4
frame,lgw,Year 1, spring 18, Thursday,11389,22.2
frame,lgw,Year 1, spring 18, Thursday,11390,22.4
frame,lgw,Year 1, spring 18, Thursday,11391,0.4
frame,lgw,Year 1, spring 18, Thursday,11392,21.1
frame,lgw,Year 1, spring 18, Thursday,11393,21.7
frame,lgw,Year 1, spring 18, Thursday,11394,22.3
frame,lgw,Year 1, spring 18, Thursday,11395,0.4
frame,lgw,Year 1, spring 18, Thursday,11396,22.6
frame,lgw,Year 1, spring 18, Thursday,11397,21.8
frame,lgw,Year 1, spring 18, Thursday,11398,21.4
frame,lgw,Year 1, spring 18, Thursday,11399,0.3
frame,lgw,Year 1, spring 18, Thursday,11400,21.2
frame,lgw,Year 1, spring 18, Thursday,11401,21.4
frame,lgw,Year 1, spring 18, Thursday,11402,21.8
frame,lgw,Year 1, spring 18, Thursday,11403,0.7
frame,lgw,Year 1, spring 18, Thursday,11404,21.9
frame,lgw,Year 1, spring 18, Thursday,11405,21.4
frame,lgw,Year 1, spring 18, Thursday,11406,22.5
frame,lgw,Year 1, spring 18, Thursday,11407,0.4
frame,lgw,Year 1, spring 18, Thursday,11408,21.6
frame,lgw,Year 1, spring 18, Thursday,11409,22.5
frame,lgw,Year 1, spring 18, Thursday,11410,21.5
frame,lgw,Year 1, spring 18, Thursday,11411,0.4
frame,lgw,Year 1, spring 18, Thursday,11412,22.4
frame,lgw,Year 1, spring 18, Thursday,11413,22.2
frame,lgw,Year 1, spring 18, Thursday,11414,21.3
frame,lgw,Year 1, spring 18, Thursday,11415,0.2
frame,lgw,Year 1, spring 18, Thursday,11416,22.3
frame,lgw,Year 1, spring 18, Thursday,11417,21.7
frame,lgw,Year 1, spring 18, Thursday,11418,21.8
frame,lgw,Year 1, spring 18, Thursday,11419,21.6
frame,lgw,Year 1, spring 18, Thursday,11420,0.4
frame,lgw,Year 1, spring 18, Thursday,11421,21.4
frame,lgw,Year 1, spring 18, Thursday,11422,21.4
frame,lgw,Year 1, spring 18, Thursday,11423,21.5
frame,lgw,Year 1, spring 18, Thursday,11424,0.3
frame,lgw,Year 1, spring 18, Thursday,11425,21.8
frame,lgw,Year 1, spring 18, Thursday,11426,21.9
frame,lgw,Year 1, spring 18, Thursday,11427,21.7
frame,lgw,Year 1, spring 18, Thursday,11428,0.2
frame,lgw,Year 1, spring 18, Thursday,11429,21.6
frame,lgw,Year 1, spring 18, Thursday,11430,22.1
frame,lgw,Year 1, spring 18, Thursday,11431,21.7
frame,lgw,Year 1, spring 18, Thursday,11432,0.4
frame,lgw,Year 1, spring 18, Thursday,11433,22.4
frame,lgw,Year 1, spring 18, Thursday,11434,21.9
frame,lgw,Year 1, spring 18, Thursday,11435,21.5
frame,lgw,Year 1, spring 18, Thursday,11436,0.4
frame,lgw,Year 1, spring 18, Thursday,11437,21.5
frame,lgw,Year 1, spring 18, Thursday,11438,21.7
frame,lgw,Year 1, spring 18, Thursday,11439,21.9
frame,lgw,Year 1, spring 18, Thursday,11440,21.6
frame,lgw,Year 1, spring 18, Thursday,11441,0.3
frame,lgw,Year 1, spring 18, Thursday,11442,21.4
frame,lgw,Year 1, spring 18, Thursday,11443,21.4
frame,lgw,Year 1, spring 18, Thursday,11444,21.9
frame,lgw,Year 1, spring 18, Thursday,11445,0.3
frame,lgw,Year 1, spring 18, Thursday,11446,21.5
frame,lgw,Year 1, spring 18, Thursday,11447,21.4
frame,lgw,Year 1, spring 18, Thursday,11448,22.5
frame,lgw,Year 1, spring 18, Thursday,11449,0.4
frame,lgw,Year 1, spring 18, Thursday,11450,22.3
frame,lgw,Year 1, spring 18, Thursday,11451,21.9
frame,lgw,Year 1, spring 18, Thursday,11452,21.4
frame,lgw,Year 1, spring 18, Thursday,11453,0.3
frame,lgw,Year 1, spring 18, Thursday,11454,21.4
frame,lgw,Year 1, spring 18, Thursday,11455,21.8
frame,lgw,Year 1, spring 18, Thursday,11456,23.3
frame,lgw,Year 1, spring 18, Thursday,11457,0.5
frame,lgw,Year 1, spring 18, Thursday,11458,22.3
frame,lgw,Year 1, spring 18, Thursday,11459,22.2
frame,lgw,Year 1, spring 18, Thursday,11460,21.2
frame,lgw,Year 1, spring 18, Thursday,11461,0.3
frame,lgw,Year 1, spring 18, Thursday,11462,21.0
frame,lgw,Year 1, spring 18, Thursday,11463,21.9
frame,lgw,Year 1, spring 18, Thursday,11464,22.4
frame,lgw,Year 1, spring 18, Thursday,11465,8.1
frame,lgw,Year 1, spring 18, Thursday,11466,9.2
frame,lgw,Year 1, spring 18, Thursday,11467,133.0
frame,lgw,Year 1, spring 18, Thursday,11468,1.0
frame,lgw,Year 1, spring 18, Thursday,11469,0.6
frame,lgw,Year 1, spring 18, Thursday,11470,0.3
frame,lgw,Year 1, spring 18, Thursday,11471,0.3
frame,lgw,Year 1, spring 18, Thursday,11472,0.3
frame,lgw,Year 1, spring 18, Thursday,11473,0.4
frame,lgw,Year 1, spring 18, Thursday,11474,1.2
frame,lgw,Year 1, spring 18, Thursday,11475,12.6
frame,lgw,Year 1, spring 18, Thursday,11476,16.7
frame,lgw,Year 1, spring 18, Thursday,11477,16.9
frame,lgw,Year 1, spring 18, Thursday,11478,16.6
frame,lgw,Year 1, spring 18, Thursday,11479,16.6
frame,lgw,Year 1, spring 18, Thursday,11480,16.5
frame,lgw,Year 1, spring 18, Thursday,11481,16.9
frame,lgw,Year 1, spring 18, Thursday,11482,16.9
frame,lgw,Year 1, spring 18, Thursday,11483,16.4
frame,lgw,Year 1, spring 18, Thursday,11484,16.5
frame,lgw,Year 1, spring 18, Thursday,11485,16.8
frame,lgw,Year 1, spring 18, Thursday,11486,16.6
frame,lgw,Year 1, spring 18, Thursday,11487,16.7
frame,lgw,Year 1, spring 18, Thursday,11488,17.2
frame,lgw,Year 1, spring 18, Thursday,11489,16.3
frame,lgw,Year 1, spring 18, Thursday,11490,16.8
frame,lgw,Year 1, spring 18, Thursday,11491,16.8
frame,lgw,Year 1, spring 18, Thursday,11492,16.5
frame,lgw,Year 1, spring 18, Thursday,11493,16.6
frame,lgw,Year 1, spring 18, Thursday,11494,16.7
frame,lgw,Year 1, spring 18, Thursday,11495,16.6
frame,lgw,Year 1, spring 18, Thursday,11496,16.8
frame,lgw,Year 1, spring 18, Thursday,11497,16.7
frame,lgw,Year 1, spring 18, Thursday,11498,16.4
frame,lgw,Year 1, spring 18, Thursday,11499,16.7
frame,lgw,Year 1, spring 18, Thursday,11500,16.7
frame,lgw,Year 1, spring 18, Thursday,11501,17.0
frame,lgw,Year 1, spring 18, Thursday,11502,16.4
frame,lgw,Year 1, spring 18, Thursday,11503,16.7
frame,lgw,Year 1, spring 18, Thursday,11504,16.7
frame,lgw,Year 1, spring 18, Thursday,11505,16.4
frame,lgw,Year 1, spring 18, Thursday,11506,17.0
frame,lgw,Year 1, spring 18, Thursday,11507,16.5
frame,lgw,Year 1, spring 18, Thursday,11508,16.6
frame,lgw,Year 1, spring 18, Thursday,11509,16.6
frame,lgw,Year 1, spring 18, Thursday,11510,16.7
frame,lgw,Year 1, spring 18, Thursday,11511,16.7
frame,lgw,Year 1, spring 18, Thursday,11512,16.6
frame,lgw,Year 1, spring 18, Thursday,11513,16.6
frame,lgw,Year 1, spring 18, Thursday,11514,16.7
frame,lgw,Year 1, spring 18, Thursday,11515,16.7
frame,lgw,Year 1, spring 18, Thursday,11516,16.8
frame,lgw,Year 1, spring 18, Thursday,11517,16.8
frame,lgw,Year 1, spring 18, Thursday,11518,16.6
frame,lgw,Year 1, spring 18, Thursday,11519,16.7
frame,lgw,Year 1, spring 18, Thursday,11520,16.6
frame,lgw,Year 1, spring 18, Thursday,11521,16.5
frame,lgw,Year 1, spring 18, Thursday,11522,16.8
frame,lgw,Year 1, spring 18, Thursday,11523,16.8
frame,lgw,Year 1, spring 18, Thursday,11524,16.4
frame,lgw,Year 1, spring 18, Thursday,11525,16.7
frame,lgw,Year 1, spring 18, Thursday,11526,16.8
frame,lgw,Year 1, spring 18, Thursday,11527,16.6
frame,lgw,Year 1, spring 18, Thursday,11528,16.6
frame,lgw,Year 1, spring 18, Thursday,11529,16.7
frame,lgw,Year 1, spring 18, Thursday,11530,16.8
frame,lgw,Year 1, spring 18, Thursday,11531,16.9
frame,lgw,Year 1, spring 18, Thursday,11532,16.5
frame,lgw,Year 1, spring 18, Thursday,11533,16.7
frame,lgw,Year 1, spring 18, Thursday,11534,16.7
frame,lgw,Year 1, spring 18, Thursday,11535,16.5
frame,lgw,Year 1, spring 18, Thursday,11536,16.8
frame,lgw,Year 1, spring 18, Thursday,11537,16.6
frame,lgw,Year 1, spring 18, Thursday,11538,16.5
frame,lgw,Year 1, spring 18, Thursday,11539,16.8
frame,lgw,Year 1, spring 18, Thursday,11540,16.7
frame,lgw,Year 1, spring 18, Thursday,11541,16.5
frame,lgw,Year 1, spring 18, Thursday,11542,16.9
frame,lgw,Year 1, spring 18, Thursday,11543,16.6
frame,lgw,Year 1, spring 18, Thursday,11544,17.0
frame,lgw,Year 1, spring 18, Thursday,11545,16.3
frame,lgw,Year 1, spring 18, Thursday,11546,16.7
frame,lgw,Year 1, spring 18, Thursday,11547,16.6
frame,lgw,Year 1, spring 18, Thursday,11548,16.8
frame,lgw,Year 1, spring 18, Thursday,11549,16.5
frame,lgw,Year 1, spring 18, Thursday,11550,16.9
frame,lgw,Year 1, spring 18, Thursday,11551,16.3
frame,lgw,Year 1, spring 18, Thursday,11552,16.8
frame,lgw,Year 1, spring 18, Thursday,11553,16.7
frame,lgw,Year 1, spring 18, Thursday,11554,16.5
frame,lgw,Year 1, spring 18, Thursday,11555,17.0
frame,lgw,Year 1, spring 18, Thursday,11556,16.3
frame,lgw,Year 1, spring 18, Thursday,11557,17.4
frame,lgw,Year 1, spring 18, Thursday,11558,16.2
frame,lgw,Year 1, spring 18, Thursday,11559,16.6
frame,lgw,Year 1, spring 18, Thursday,11560,16.6
frame,lgw,Year 1, spring 18, Thursday,11561,16.6
frame,lgw,Year 1, spring 18, Thursday,11562,16.6
frame,lgw,Year 1, spring 18, Thursday,11563,16.7
frame,lgw,Year 1, spring 18, Thursday,11564,16.6
frame,lgw,Year 1, spring 18, Thursday,11565,16.7
frame,lgw,Year 1, spring 18, Thursday,11566,16.7
frame,lgw,Year 1, spring 18, Thursday,11567,16.8
frame,lgw,Year 1, spring 18, Thursday,11568,16.7
frame,lgw,Year 1, spring 18, Thursday,11569,16.7
frame,lgw,Year 1, spring 18, Thursday,11570,16.6
frame,lgw,Year 1, spring 18, Thursday,11571,17.3
frame,lgw,Year 1, spring 18, Thursday,11572,16.1
frame,lgw,Year 1, spring 18, Thursday,11573,16.8
frame,lgw,Year 1, spring 18, Thursday,11574,16.5
frame,lgw,Year 1, spring 18, Thursday,11575,16.7
frame,lgw,Year 1, spring 18, Thursday,11576,16.7
frame,lgw,Year 1, spring 18, Thursday,11577,16.7
frame,lgw,Year 1, spring 18, Thursday,11578,16.5
frame,lgw,Year 1, spring 18, Thursday,11579,16.8
frame,lgw,Year 1, spring 18, Thursday,11580,16.7
frame,lgw,Year 1, spring 18, Thursday,11581,16.5
frame,lgw,Year 1, spring 18, Thursday,11582,17.2
frame,lgw,Year 1, spring 18, Thursday,11583,16.2
frame,lgw,Year 1, spring 18, Thursday,11584,16.8
frame,lgw,Year 1, spring 18, Thursday,11585,17.3
frame,lgw,Year 1, spring 18, Thursday,11586,16.4
frame,lgw,Year 1, spring 18, Thursday,11587,16.3
frame,lgw,Year 1, spring 18, Thursday,11588,16.7
frame,lgw,Year 1, spring 18, Thursday,11589,16.6
frame,lgw,Year 1, spring 18, Thursday,11590,16.7
frame,lgw,Year 1, spring 18, Thursday,11591,16.8
frame,lgw,Year 1, spring 18, Thursday,11592,16.9
frame,lgw,Year 1, spring 18, Thursday,11593,16.5
frame,lgw,Year 1, spring 18, Thursday,11594,16.6
frame,lgw,Year 1, spring 18, Thursday,11595,16.6
frame,lgw,Year 1, spring 18, Thursday,11596,16.5
frame,lgw,Year 1, spring 18, Thursday,11597,16.8
frame,lgw,Year 1, spring 18, Thursday,11598,16.7
frame,lgw,Year 1, spring 18, Thursday,11599,16.7
frame,lgw,Year 1, spring 18, Thursday,11600,16.7
frame,lgw,Year 1, spring 18, Thursday,11601,16.3
frame,lgw,Year 1, spring 18, Thursday,11602,16.8
frame,lgw,Year 1, spring 18, Thursday,11603,16.7
frame,lgw,Year 1, spring 18, Thursday,11604,16.5
frame,lgw,Year 1, spring 18, Thursday,11605,16.9
frame,lgw,Year 1, spring 18, Thursday,11606,16.4
frame,lgw,Year 1, spring 18, Thursday,11607,17.0
frame,lgw,Year 1, spring 18, Thursday,11608,16.5
frame,lgw,Year 1, spring 18, Thursday,11609,16.5
frame,lgw,Year 1, spring 18, Thursday,11610,16.6
frame,lgw,Year 1, spring 18, Thursday,11611,16.7
frame,lgw,Year 1, spring 18, Thursday,11612,16.8
frame,lgw,Year 1, spring 18, Thursday,11613,16.9
frame,lgw,Year 1, spring 18, Thursday,11614,16.2
frame,lgw,Year 1, spring 18, Thursday,11615,17.0
frame,lgw,Year 1, spring 18, Thursday,11616,16.6
frame,lgw,Year 1, spring 18, Thursday,11617,16.5
frame,lgw,Year 1, spring 18, Thursday,11618,16.7
frame,lgw,Year 1, spring 18, Thursday,11619,16.8
frame,lgw,Year 1, spring 18, Thursday,11620,22.3
frame,lgw,Year 1, spring 18, Thursday,11621,25.9
frame,lgw,Year 1, spring 18, Thursday,11622,3.8
frame,lgw,Year 1, spring 18, Thursday,11623,14.9
frame,lgw,Year 1, spring 18, Thursday,11624,16.4
frame,lgw,Year 1, spring 18, Thursday,11625,16.9
frame,lgw,Year 1, spring 18, Thursday,11626,16.3
frame,lgw,Year 1, spring 18, Thursday,11627,16.7
frame,lgw,Year 1, spring 18, Thursday,11628,16.7
frame,lgw,Year 1, spring 18, Thursday,11629,16.6
frame,lgw,Year 1, spring 18, Thursday,11630,16.8
frame,lgw,Year 1, spring 18, Thursday,11631,16.7
frame,lgw,Year 1, spring 18, Thursday,11632,16.6
frame,lgw,Year 1, spring 18, Thursday,11633,16.7
frame,lgw,Year 1, spring 18, Thursday,11634,16.7
frame,lgw,Year 1, spring 18, Thursday,11635,16.6
frame,lgw,Year 1, spring 18, Thursday,11636,16.7
frame,lgw,Year 1, spring 18, Thursday,11637,16.7
frame,lgw,Year 1, spring 18, Thursday,11638,17.6
frame,lgw,Year 1, spring 18, Thursday,11639,16.8
frame,lgw,Year 1, spring 18, Thursday,11640,15.6
frame,lgw,Year 1, spring 18, Thursday,11641,16.8
frame,lgw,Year 1, spring 18, Thursday,11642,17.0
frame,lgw,Year 1, spring 18, Thursday,11643,16.4
frame,lgw,Year 1, spring 18, Thursday,11644,16.5
frame,lgw,Year 1, spring 18, Thursday,11645,16.7
frame,lgw,Year 1, spring 18, Thursday,11646,16.6
frame,lgw,Year 1, spring 18, Thursday,11647,16.9
frame,lgw,Year 1, spring 18, Thursday,11648,16.3
frame,lgw,Year 1, spring 18, Thursday,11649,16.7
frame,lgw,Year 1, spring 18, Thursday,11650,16.6
frame,lgw,Year 1, spring 18, Thursday,11651,16.8
frame,lgw,Year 1, spring 18, Thursday,11652,16.6
frame,lgw,Year 1, spring 18, Thursday,11653,16.6
frame,lgw,Year 1, spring 18, Thursday,11654,16.7
frame,lgw,Year 1, spring 18, Thursday,11655,16.6
frame,lgw,Year 1, spring 18, Thursday,11656,17.5
frame,lgw,Year 1, spring 18, Thursday,11657,15.9
frame,lgw,Year 1, spring 18, Thursday,11658,16.8
frame,lgw,Year 1, spring 18, Thursday,11659,16.6
frame,lgw,Year 1, spring 18, Thursday,11660,16.6
frame,lgw,Year 1, spring 18, Thursday,11661,16.9
frame,lgw,Year 1, spring 18, Thursday,11662,16.4
frame,lgw,Year 1, spring 18, Thursday,11663,17.1
frame,lgw,Year 1, spring 18, Thursday,11664,16.7
frame,lgw,Year 1, spring 18, Thursday,11665,16.3
frame,lgw,Year 1, spring 18, Thursday,11666,16.7
frame,lgw,Year 1, spring 18, Thursday,11667,17.0
frame,lgw,Year 1, spring 18, Thursday,11668,16.2
frame,lgw,Year 1, spring 18, Thursday,11669,16.7
frame,lgw,Year 1, spring 18, Thursday,11670,16.8
frame,lgw,Year 1, spring 18, Thursday,11671,16.5
frame,lgw,Year 1, spring 18, Thursday,11672,16.7
frame,lgw,Year 1, spring 18, Thursday,11673,16.7
frame,lgw,Year 1, spring 18, Thursday,11674,16.7
frame,lgw,Year 1, spring 18, Thursday,11675,16.5
frame,lgw,Year 1, spring 18, Thursday,11676,17.2
frame,lgw,Year 1, spring 18, Thursday,11677,17.6
frame,lgw,Year 1, spring 18, Thursday,11678,15.6
frame,lgw,Year 1, spring 18, Thursday,11679,16.7
frame,lgw,Year 1, spring 18, Thursday,11680,16.6
frame,lgw,Year 1, spring 18, Thursday,11681,16.4
frame,lgw,Year 1, spring 18, Thursday,11682,16.7
frame,lgw,Year 1, spring 18, Thursday,11683,16.6
frame,lgw,Year 1, spring 18, Thursday,11684,16.7
frame,lgw,Year 1, spring 18, Thursday,11685,16.7
frame,lgw,Year 1, spring 18, Thursday,11686,16.6
frame,lgw,Year 1, spring 18, Thursday,11687,16.6
frame,lgw,Year 1, spring 18, Thursday,11688,17.1
frame,lgw,Year 1, spring 18, Thursday,11689,16.3
frame,lgw,Year 1, spring 18, Thursday,11690,16.7
frame,lgw,Year 1, spring 18, Thursday,11691,16.6
frame,lgw,Year 1, spring 18, Thursday,11692,16.9
frame,lgw,Year 1, spring 18, Thursday,11693,16.8
frame,lgw,Year 1, spring 18, Thursday,11694,16.6
frame,lgw,Year 1, spring 18, Thursday,11695,16.4
frame,lgw,Year 1, spring 18, Thursday,11696,16.7
frame,lgw,Year 1, spring 18, Thursday,11697,16.7
frame,lgw,Year 1, spring 18, Thursday,11698,16.6
frame,lgw,Year 1, spring 18, Thursday,11699,16.7
frame,lgw,Year 1, spring 18, Thursday,11700,16.6
frame,lgw,Year 1, spring 18, Thursday,11701,16.8
frame,lgw,Year 1, spring 18, Thursday,11702,16.5
frame,lgw,Year 1, spring 18, Thursday,11703,17.1
frame,lgw,Year 1, spring 18, Thursday,11704,16.5
frame,lgw,Year 1, spring 18, Thursday,11705,16.4
frame,lgw,Year 1, spring 18, Thursday,11706,16.7
frame,lgw,Year 1, spring 18, Thursday,11707,17.2
frame,lgw,Year 1, spring 18, Thursday,11708,16.2
frame,lgw,Year 1, spring 18, Thursday,11709,16.8
frame,lgw,Year 1, spring 18, Thursday,11710,16.5
frame,lgw,Year 1, spring 18, Thursday,11711,16.9
frame,lgw,Year 1, spring 18, Thursday,11712,16.7
frame,lgw,Year 1, spring 18, Thursday,11713,16.5
frame,lgw,Year 1, spring 18, Thursday,11714,16.8
frame,lgw,Year 1, spring 18, Thursday,11715,16.4
frame,lgw,Year 1, spring 18, Thursday,11716,17.4
frame,lgw,Year 1, spring 18, Thursday,11717,16.4
frame,lgw,Year 1, spring 18, Thursday,11718,16.5
frame,lgw,Year 1, spring 18, Thursday,11719,16.5
frame,lgw,Year 1, spring 18, Thursday,11720,16.8
frame,lgw,Year 1, spring 18, Thursday,11721,16.9
frame,lgw,Year 1, spring 18, Thursday,11722,16.5
frame,lgw,Year 1, spring 18, Thursday,11723,16.6
frame,lgw,Year 1, spring 18, Thursday,11724,16.7
frame,lgw,Year 1, spring 18, Thursday,11725,16.4
frame,lgw,Year 1, spring 18, Thursday,11726,16.6
frame,lgw,Year 1, spring 18, Thursday,11727,16.7
frame,lgw,Year 1, spring 18, Thursday,11728,16.9
frame,lgw,Year 1, spring 18, Thursday,11729,17.0
frame,lgw,Year 1, spring 18, Thursday,11730,16.3
frame,lgw,Year 1, spring 18, Thursday,11731,16.6
frame,lgw,Year 1, spring 18, Thursday,11732,16.6
frame,lgw,Year 1, spring 18, Thursday,11733,16.7
frame,lgw,Year 1, spring 18, Thursday,11734,16.6
frame,lgw,Year 1, spring 18, Thursday,11735,16.8
frame,lgw,Year 1, spring 18, Thursday,11736,16.8
frame,lgw,Year 1, spring 18, Thursday,11737,16.6
frame,lgw,Year 1, spring 18, Thursday,11738,16.7
frame,lgw,Year 1, spring 18, Thursday,11739,16.6
frame,lgw,Year 1, spring 18, Thursday,11740,16.5
frame,lgw,Year 1, spring 18, Thursday,11741,17.2
frame,lgw,Year 1, spring 18, Thursday,11742,16.3
frame,lgw,Year 1, spring 18, Thursday,11743,25.0
frame,lgw,Year 1, spring 18, Thursday,11744,10.3
frame,lgw,Year 1, spring 18, Thursday,11745,15.6
frame,lgw,Year 1, spring 18, Thursday,11746,16.3
frame,lgw,Year 1, spring 18, Thursday,11747,16.4
frame,lgw,Year 1, spring 18, Thursday,11748,16.6
frame,lgw,Year 1, spring 18, Thursday,11749,16.7
frame,lgw,Year 1, spring 18, Thursday,11750,16.7
frame,lgw,Year 1, spring 18, Thursday,11751,16.3
frame,lgw,Year 1, spring 18, Thursday,11752,16.7
frame,lgw,Year 1, spring 18, Thursday,11753,16.7
frame,lgw,Year 1, spring 18, Thursday,11754,17.1
frame,lgw,Year 1, spring 18, Thursday,11755,16.3
frame,lgw,Year 1, spring 18, Thursday,11756,16.7
frame,lgw,Year 1, spring 18, Thursday,11757,16.6
frame,lgw,Year 1, spring 18, Thursday,11758,16.8
frame,lgw,Year 1, spring 18, Thursday,11759,16.8
frame,lgw,Year 1, spring 18, Thursday,11760,16.5
frame,lgw,Year 1, spring 18, Thursday,11761,16.5
frame,lgw,Year 1, spring 18, Thursday,11762,16.9
frame,lgw,Year 1, spring 18, Thursday,11763,16.5
frame,lgw,Year 1, spring 18, Thursday,11764,16.8
frame,lgw,Year 1, spring 18, Thursday,11765,16.7
frame,lgw,Year 1, spring 18, Thursday,11766,16.6
frame,lgw,Year 1, spring 18, Thursday,11767,16.7
frame,lgw,Year 1, spring 18, Thursday,11768,16.7
frame,lgw,Year 1, spring 18, Thursday,11769,16.6
frame,lgw,Year 1, spring 18, Thursday,11770,16.9
frame,lgw,Year 1, spring 18, Thursday,11771,17.0
frame,lgw,Year 1, spring 18, Thursday,11772,16.0
frame,lgw,Year 1, spring 18, Thursday,11773,16.8
frame,lgw,Year 1, spring 18, Thursday,11774,16.5
frame,lgw,Year 1, spring 18, Thursday,11775,17.1
frame,lgw,Year 1, spring 18, Thursday,11776,16.8
frame,lgw,Year 1, spring 18, Thursday,11777,16.9
frame,lgw,Year 1, spring 18, Thursday,11778,16.4
frame,lgw,Year 1, spring 18, Thursday,11779,16.4
frame,lgw,Year 1, spring 18, Thursday,11780,16.7
frame,lgw,Year 1, spring 18, Thursday,11781,16.7
frame,lgw,Year 1, spring 18, Thursday,11782,16.5
frame,lgw,Year 1, spring 18, Thursday,11783,16.8
frame,lgw,Year 1, spring 18, Thursday,11784,16.8
frame,lgw,Year 1, spring 18, Thursday,11785,16.4
frame,lgw,Year 1, spring 18, Thursday,11786,16.9
frame,lgw,Year 1, spring 18, Thursday,11787,17.1
frame,lgw,Year 1, spring 18, Thursday,11788,16.5
frame,lgw,Year 1, spring 18, Thursday,11789,16.8
frame,lgw,Year 1, spring 18, Thursday,11790,16.6
frame,lgw,Year 1, spring 18, Thursday,11791,16.7
frame,lgw,Year 1, spring 18, Thursday,11792,16.0
frame,lgw,Year 1, spring 18, Thursday,11793,16.8
frame,lgw,Year 1, spring 18, Thursday,11794,16.7
frame,lgw,Year 1, spring 18, Thursday,11795,16.6
frame,lgw,Year 1, spring 18, Thursday,11796,16.9
frame,lgw,Year 1, spring 18, Thursday,11797,16.6
frame,lgw,Year 1, spring 18, Thursday,11798,16.7
frame,lgw,Year 1, spring 18, Thursday,11799,17.0
frame,lgw,Year 1, spring 18, Thursday,11800,16.3
frame,lgw,Year 1, spring 18, Thursday,11801,16.6
frame,lgw,Year 1, spring 18, Thursday,11802,16.7
frame,lgw,Year 1, spring 18, Thursday,11803,16.8
frame,lgw,Year 1, spring 18, Thursday,11804,17.1
frame,lgw,Year 1, spring 18, Thursday,11805,16.2
frame,lgw,Year 1, spring 18, Thursday,11806,16.4
frame,lgw,Year 1, spring 18, Thursday,11807,16.8
frame,lgw,Year 1, spring 18, Thursday,11808,16.9
frame,lgw,Year 1, spring 18, Thursday,11809,16.5
frame,lgw,Year 1, spring 18, Thursday,11810,16.6
frame,lgw,Year 1, spring 18, Thursday,11811,16.7
frame,lgw,Year 1, spring 18, Thursday,11812,16.8
frame,lgw,Year 1, spring 18, Thursday,11813,16.6
frame,lgw,Year 1, spring 18, Thursday,11814,16.7
frame,lgw,Year 1, spring 18, Thursday,11815,16.8
frame,lgw,Year 1, spring 18, Thursday,11816,17.3
frame,lgw,Year 1, spring 18, Thursday,11817,16.1
frame,lgw,Year 1, spring 18, Thursday,11818,16.5
frame,lgw,Year 1, spring 18, Thursday,11819,16.6
frame,lgw,Year 1, spring 18, Thursday,11820,16.6
frame,lgw,Year 1, spring 18, Thursday,11821,16.6
frame,lgw,Year 1, spring 18, Thursday,11822,16.9
frame,lgw,Year 1, spring 18, Thursday,11823,16.6
frame,lgw,Year 1, spring 18, Thursday,11824,16.6
frame,lgw,Year 1, spring 18, Thursday,11825,16.7
frame,lgw,Year 1, spring 18, Thursday,11826,16.7
frame,lgw,Year 1, spring 18, Thursday,11827,16.7
frame,lgw,Year 1, spring 18, Thursday,11828,16.8
frame,lgw,Year 1, spring 18, Thursday,11829,16.8
frame,lgw,Year 1, spring 18, Thursday,11830,16.8
frame,lgw,Year 1, spring 18, Thursday,11831,17.0
frame,lgw,Year 1, spring 18, Thursday,11832,16.3
frame,lgw,Year 1, spring 18, Thursday,11833,16.5
frame,lgw,Year 1, spring 18, Thursday,11834,16.6
frame,lgw,Year 1, spring 18, Thursday,11835,16.9
frame,lgw,Year 1, spring 18, Thursday,11836,16.4
frame,lgw,Year 1, spring 18, Thursday,11837,16.7
frame,lgw,Year 1, spring 18, Thursday,11838,16.6
frame,lgw,Year 1, spring 18, Thursday,11839,16.8
frame,lgw,Year 1, spring 18, Thursday,11840,16.5
frame,lgw,Year 1, spring 18, Thursday,11841,17.0
frame,lgw,Year 1, spring 18, Thursday,11842,16.5
frame,lgw,Year 1, spring 18, Thursday,11843,16.5
frame,lgw,Year 1, spring 18, Thursday,11844,16.8
frame,lgw,Year 1, spring 18, Thursday,11845,16.6
frame,lgw,Year 1, spring 18, Thursday,11846,16.6
frame,lgw,Year 1, spring 18, Thursday,11847,16.7
frame,lgw,Year 1, spring 18, Thursday,11848,16.6
frame,lgw,Year 1, spring 18, Thursday,11849,16.7
frame,lgw,Year 1, spring 18, Thursday,11850,16.7
frame,lgw,Year 1, spring 18, Thursday,11851,16.7
frame,lgw,Year 1, spring 18, Thursday,11852,16.7
frame,lgw,Year 1, spring 18, Thursday,11853,17.2
frame,lgw,Year 1, spring 18, Thursday,11854,16.6
frame,lgw,Year 1, spring 18, Thursday,11855,16.3
frame,lgw,Year 1, spring 18, Thursday,11856,16.8
frame,lgw,Year 1, spring 18, Thursday,11857,16.5
frame,lgw,Year 1, spring 18, Thursday,11858,90.8
frame,lgw,Year 1, spring 18, Thursday,11859,0.3
frame,lgw,Year 1, spring 18, Thursday,11860,0.3
frame,lgw,Year 1, spring 18, Thursday,11861,0.3
frame,lgw,Year 1, spring 18, Thursday,11862,0.4
frame,lgw,Year 1, spring 18, Thursday,11863,26.0
frame,lgw,Year 1, spring 18, Thursday,11864,0.4
frame,lgw,Year 1, spring 18, Thursday,11865,21.6
frame,lgw,Year 1, spring 18, Thursday,11866,22.0
frame,lgw,Year 1, spring 18, Thursday,11867,21.5
frame,lgw,Year 1, spring 18, Thursday,11868,1.0
frame,lgw,Year 1, spring 18, Thursday,11869,22.6
frame,lgw,Year 1, spring 18, Thursday,11870,22.0
frame,lgw,Year 1, spring 18, Thursday,11871,21.8
frame,lgw,Year 1, spring 18, Thursday,11872,0.3
frame,lgw,Year 1, spring 18, Thursday,11873,21.6
frame,lgw,Year 1, spring 18, Thursday,11874,21.8
frame,lgw,Year 1, spring 18, Thursday,11875,27.5
frame,lgw,Year 1, spring 18, Thursday,11876,0.8
frame,lgw,Year 1, spring 18, Thursday,11877,58.0
frame,lgw,Year 1, spring 18, Thursday,11878,0.3
frame,lgw,Year 1, spring 18, Thursday,11879,0.4
frame,lgw,Year 1, spring 18, Thursday,11880,22.8
frame,lgw,Year 1, spring 18, Thursday,11881,0.4
frame,lgw,Year 1, spring 18, Thursday,11882,21.9
frame,lgw,Year 1, spring 18, Thursday,11883,21.7
frame,lgw,Year 1, spring 18, Thursday,11884,21.9
frame,lgw,Year 1, spring 18, Thursday,11885,0.4
frame,lgw,Year 1, spring 18, Thursday,11886,21.3
frame,lgw,Year 1, spring 18, Thursday,11887,21.7
frame,lgw,Year 1, spring 18, Thursday,11888,22.1
frame,lgw,Year 1, spring 18, Thursday,11889,0.5
frame,lgw,Year 1, spring 18, Thursday,11890,21.4
frame,lgw,Year 1, spring 18, Thursday,11891,21.3
frame,lgw,Year 1, spring 18, Thursday,11892,21.1
frame,lgw,Year 1, spring 18, Thursday,11893,0.3
frame,lgw,Year 1, spring 18, Thursday,11894,21.7
frame,lgw,Year 1, spring 18, Thursday,11895,21.6
frame,lgw,Year 1, spring 18, Thursday,11896,21.7
frame,lgw,Year 1, spring 18, Thursday,11897,21.8
frame,lgw,Year 1, spring 18, Thursday,11898,0.7
frame,lgw,Year 1, spring 18, Thursday,11899,21.3
frame,lgw,Year 1, spring 18, Thursday,11900,21.3
frame,lgw,Year 1, spring 18, Thursday,11901,21.6
frame,lgw,Year 1, spring 18, Thursday,11902,0.3
frame,lgw,Year 1, spring 18, Thursday,11903,21.4
frame,lgw,Year 1, spring 18, Thursday,11904,22.1
frame,lgw,Year 1, spring 18, Thursday,11905,21.5
frame,lgw,Year 1, spring 18, Thursday,11906,0.4
frame,lgw,Year 1, spring 18, Thursday,11907,21.4
frame,lgw,Year 1, spring 18, Thursday,11908,22.3
frame,lgw,Year 1, spring 18, Thursday,11909,21.7
frame,lgw,Year 1, spring 18, Thursday,11910,0.3
frame,lgw,Year 1, spring 18, Thursday,11911,21.2
frame,lgw,Year 1, spring 18, Thursday,11912,21.5
frame,lgw,Year 1, spring 18, Thursday,11913,21.7
frame,lgw,Year 1, spring 18, Thursday,11914,21.6
frame,lgw,Year 1, spring 18, Thursday,11915,0.3
frame,lgw,Year 1, spring 18, Thursday,11916,21.3
frame,lgw,Year 1, spring 18, Thursday,11917,21.5
frame,lgw,Year 1, spring 18, Thursday,11918,21.8
frame,lgw,Year 1, spring 18, Thursday,11919,0.5
frame,lgw,Year 1, spring 18, Thursday,11920,21.5
frame,lgw,Year 1, spring 18, Thursday,11921,21.6
frame,lgw,Year 1, spring 18, Thursday,11922,21.6
frame,lgw,Year 1, spring 18, Thursday,11923,21.8
frame,lgw,Year 1, spring 18, Thursday,11924,0.5
frame,lgw,Year 1, spring 18, Thursday,11925,21.5
frame,lgw,Year 1, spring 18, Thursday,11926,21.6
frame,lgw,Year 1, spring 18, Thursday,11927,21.5
frame,lgw,Year 1, spring 18, Thursday,11928,0.5
frame,lgw,Year 1, spring 18, Thursday,11929,21.4
frame,lgw,Year 1, spring 18, Thursday,11930,21.4
frame,lgw,Year 1, spring 18, Thursday,11931,21.7
frame,lgw,Year 1, spring 18, Thursday,11932,0.8
frame,lgw,Year 1, spring 18, Thursday,11933,21.7
frame,lgw,Year 1, spring 18, Thursday,11934,22.7
frame,lgw,Year 1, spring 18, Thursday,11935,21.3
frame,lgw,Year 1, spring 18, Thursday,11936,0.3
frame,lgw,Year 1, spring 18, Thursday,11937,21.9
frame,lgw,Year 1, spring 18, Thursday,11938,21.6
frame,lgw,Year 1, spring 18, Thursday,11939,21.5
frame,lgw,Year 1, spring 18, Thursday,11940,0.3
frame,lgw,Year 1, spring 18, Thursday,11941,21.5
frame,lgw,Year 1, spring 18, Thursday,11942,22.0
frame,lgw,Year 1, spring 18, Thursday,11943,22.0
frame,lgw,Year 1, spring 18, Thursday,11944,21.7
frame,lgw,Year 1, spring 18, Thursday,11945,0.2
frame,lgw,Year 1, spring 18, Thursday,11946,22.0
frame,lgw,Year 1, spring 18, Thursday,11947,22.2
frame,lgw,Year 1, spring 18, Thursday,11948,21.7
frame,lgw,Year 1, spring 18, Thursday,11949,0.4
frame,lgw,Year 1, spring 18, Thursday,11950,21.2
frame,lgw,Year 1, spring 18, Thursday,11951,22.2
frame,lgw,Year 1, spring 18, Thursday,11952,21.5
frame,lgw,Year 1, spring 18, Thursday,11953,0.4
frame,lgw,Year 1, spring 18, Thursday,11954,21.0
frame,lgw,Year 1, spring 18, Thursday,11955,21.5
frame,lgw,Year 1, spring 18, Thursday,11956,22.3
frame,lgw,Year 1, spring 18, Thursday,11957,0.3
frame,lgw,Year 1, spring 18, Thursday,11958,21.1
frame,lgw,Year 1, spring 18, Thursday,11959,21.7
frame,lgw,Year 1, spring 18, Thursday,11960,21.3
frame,lgw,Year 1, spring 18, Thursday,11961,21.4
frame,lgw,Year 1, spring 18, Thursday,11962,0.3
frame,lgw,Year 1, spring 18, Thursday,11963,21.3
frame,lgw,Year 1, spring 18, Thursday,11964,22.0
frame,lgw,Year 1, spring 18, Thursday,11965,21.4
frame,lgw,Year 1, spring 18, Thursday,11966,0.4
frame,lgw,Year 1, spring 18, Thursday,11967,21.4
frame,lgw,Year 1, spring 18, Thursday,11968,22.0
frame,lgw,Year 1, spring 18, Thursday,11969,21.4
frame,lgw,Year 1, spring 18, Thursday,11970,0.2
frame,lgw,Year 1, spring 18, Thursday,11971,21.2
frame,lgw,Year 1, spring 18, Thursday,11972,21.8
frame,lgw,Year 1, spring 18, Thursday,11973,21.7
frame,lgw,Year 1, spring 18, Thursday,11974,21.8
frame,lgw,Year 1, spring 18, Thursday,11975,0.6
frame,lgw,Year 1, spring 18, Thursday,11976,22.1
frame,lgw,Year 1, spring 18, Thursday,11977,21.6
frame,lgw,Year 1, spring 18, Thursday,11978,22.2
frame,lgw,Year 1, spring 18, Thursday,11979,0.5
frame,lgw,Year 1, spring 18, Thursday,11980,22.0
frame,lgw,Year 1, spring 18, Thursday,11981,21.3
frame,lgw,Year 1, spring 18, Thursday,11982,21.4
frame,lgw,Year 1, spring 18, Thursday,11983,0.5
frame,lgw,Year 1, spring 18, Thursday,11984,22.3
frame,lgw,Year 1, spring 18, Thursday,11985,21.9
frame,lgw,Year 1, spring 18, Thursday,11986,21.8
frame,lgw,Year 1, spring 18, Thursday,11987,0.4
frame,lgw,Year 1, spring 18, Thursday,11988,21.5
frame,lgw,Year 1, spring 18, Thursday,11989,21.5
frame,lgw,Year 1, spring 18, Thursday,11990,21.3
frame,lgw,Year 1, spring 18, Thursday,11991,21.4
frame,lgw,Year 1, spring 18, Thursday,11992,0.2
frame,lgw,Year 1, spring 18, Thursday,11993,21.9
frame,lgw,Year 1, spring 18, Thursday,11994,21.8
frame,lgw,Year 1, spring 18, Thursday,11995,21.1
frame,lgw,Year 1, spring 18, Thursday,11996,0.3
frame,lgw,Year 1, spring 18, Thursday,11997,21.5
frame,lgw,Year 1, spring 18, Thursday,11998,21.7
frame,lgw,Year 1, spring 18, Thursday,11999,21.4
switch,lgw,Year 1, spring 18, Thursday,640,22.4
switch,lgw,Year 1, spring 18, Thursday,650,22.6
switch,lgw,Year 1, spring 18, Thursday,700,22.8
switch,lgw,Year 1, spring 18, Thursday,710,21.3
switchdetail,lgw,Year 1, spring 18, Thursday,630,0,0.0
switchdetail,lgw,Year 1, spring 18, Thursday,640,0,0.0
switchdetail,lgw,Year 1, spring 18, Thursday,650,0,0.0
switchdetail,lgw,Year 1, spring 18, Thursday,700,0,0.0
lag,lgw,Year 1, spring 18, Thursday,13373,58.6
lag,lgw,Year 1, spring 18, Thursday,13378,63.0
lag,lgw,Year 1, spring 18, Thursday,13379,51.7
lag,lgw,Year 1, spring 18, Thursday,13686,90.7
lag,lgw,Year 1, spring 18, Thursday,13703,51.9
lag,lgw,Year 1, spring 18, Thursday,14870,67.6
lag,lgw,Year 1, spring 18, Thursday,15598,68.8
lag,lgw,Year 1, spring 18, Thursday,16805,57.3
frame,lgw,Year 1, spring 18, Thursday,16096,16.9
frame,lgw,Year 1, spring 18, Thursday,16097,16.5
frame,lgw,Year 1, spring 18, Thursday,16098,16.6
frame,lgw,Year 1, spring 18, Thursday,16099,16.7
frame,lgw,Year 1, spring 18, Thursday,16100,16.6
frame,lgw,Year 1, spring 18, Thursday,16101,16.6
frame,lgw,Year 1, spring 18, Thursday,16102,16.7
frame,lgw,Year 1, spring 18, Thursday,16103,16.7
frame,lgw,Year 1, spring 18, Thursday,16104,16.6
frame,lgw,Year 1, spring 18, Thursday,16105,16.7
frame,lgw,Year 1, spring 18, Thursday,16106,16.6
frame,lgw,Year 1, spring 18, Thursday,16107,16.7
frame,lgw,Year 1, spring 18, Thursday,16108,16.6
frame,lgw,Year 1, spring 18, Thursday,16109,16.7
frame,lgw,Year 1, spring 18, Thursday,16110,16.7
frame,lgw,Year 1, spring 18, Thursday,16111,16.8
frame,lgw,Year 1, spring 18, Thursday,16112,16.6
frame,lgw,Year 1, spring 18, Thursday,16113,17.1
frame,lgw,Year 1, spring 18, Thursday,16114,16.2
frame,lgw,Year 1, spring 18, Thursday,16115,16.6
frame,lgw,Year 1, spring 18, Thursday,16116,16.7
frame,lgw,Year 1, spring 18, Thursday,16117,16.8
frame,lgw,Year 1, spring 18, Thursday,16118,16.9
frame,lgw,Year 1, spring 18, Thursday,16119,16.4
frame,lgw,Year 1, spring 18, Thursday,16120,16.6
frame,lgw,Year 1, spring 18, Thursday,16121,16.9
frame,lgw,Year 1, spring 18, Thursday,16122,17.5
frame,lgw,Year 1, spring 18, Thursday,16123,15.5
frame,lgw,Year 1, spring 18, Thursday,16124,16.7
frame,lgw,Year 1, spring 18, Thursday,16125,16.7
frame,lgw,Year 1, spring 18, Thursday,16126,16.6
frame,lgw,Year 1, spring 18, Thursday,16127,16.8
frame,lgw,Year 1, spring 18, Thursday,16128,16.5
frame,lgw,Year 1, spring 18, Thursday,16129,16.6
frame,lgw,Year 1, spring 18, Thursday,16130,17.0
frame,lgw,Year 1, spring 18, Thursday,16131,16.4
frame,lgw,Year 1, spring 18, Thursday,16132,16.6
frame,lgw,Year 1, spring 18, Thursday,16133,16.6
frame,lgw,Year 1, spring 18, Thursday,16134,16.7
frame,lgw,Year 1, spring 18, Thursday,16135,16.7
frame,lgw,Year 1, spring 18, Thursday,16136,16.7
frame,lgw,Year 1, spring 18, Thursday,16137,16.8
frame,lgw,Year 1, spring 18, Thursday,16138,16.7
frame,lgw,Year 1, spring 18, Thursday,16139,16.6
frame,lgw,Year 1, spring 18, Thursday,16140,16.6
frame,lgw,Year 1, spring 18, Thursday,16141,16.7
frame,lgw,Year 1, spring 18, Thursday,16142,16.8
frame,lgw,Year 1, spring 18, Thursday,16143,16.7
frame,lgw,Year 1, spring 18, Thursday,16144,16.7
frame,lgw,Year 1, spring 18, Thursday,16145,16.6
frame,lgw,Year 1, spring 18, Thursday,16146,16.7
frame,lgw,Year 1, spring 18, Thursday,16147,16.7
frame,lgw,Year 1, spring 18, Thursday,16148,16.7
frame,lgw,Year 1, spring 18, Thursday,16149,16.7
frame,lgw,Year 1, spring 18, Thursday,16150,16.6
frame,lgw,Year 1, spring 18, Thursday,16151,16.6
frame,lgw,Year 1, spring 18, Thursday,16152,16.7
frame,lgw,Year 1, spring 18, Thursday,16153,16.7
frame,lgw,Year 1, spring 18, Thursday,16154,16.6
frame,lgw,Year 1, spring 18, Thursday,16155,16.7
frame,lgw,Year 1, spring 18, Thursday,16156,17.5
frame,lgw,Year 1, spring 18, Thursday,16157,16.4
frame,lgw,Year 1, spring 18, Thursday,16158,16.3
frame,lgw,Year 1, spring 18, Thursday,16159,16.7
frame,lgw,Year 1, spring 18, Thursday,16160,16.6
frame,lgw,Year 1, spring 18, Thursday,16161,16.9
frame,lgw,Year 1, spring 18, Thursday,16162,16.6
frame,lgw,Year 1, spring 18, Thursday,16163,17.0
frame,lgw,Year 1, spring 18, Thursday,16164,16.4
frame,lgw,Year 1, spring 18, Thursday,16165,16.6
frame,lgw,Year 1, spring 18, Thursday,16166,16.7
frame,lgw,Year 1, spring 18, Thursday,16167,16.6
frame,lgw,Year 1, spring 18, Thursday,16168,16.6
frame,lgw,Year 1, spring 18, Thursday,16169,16.8
frame,lgw,Year 1, spring 18, Thursday,16170,16.8
frame,lgw,Year 1, spring 18, Thursday,16171,16.4
frame,lgw,Year 1, spring 18, Thursday,16172,16.7
frame,lgw,Year 1, spring 18, Thursday,16173,16.8
frame,lgw,Year 1, spring 18, Thursday,16174,16.4
frame,lgw,Year 1, spring 18, Thursday,16175,16.7
frame,lgw,Year 1, spring 18, Thursday,16176,16.5
frame,lgw,Year 1, spring 18, Thursday,16177,17.0
frame,lgw,Year 1, spring 18, Thursday,16178,16.9
frame,lgw,Year 1, spring 18, Thursday,16179,16.5
frame,lgw,Year 1, spring 18, Thursday,16180,16.4
frame,lgw,Year 1, spring 18, Thursday,16181,16.6
frame,lgw,Year 1, spring 18, Thursday,16182,16.7
frame,lgw,Year 1, spring 18, Thursday,16183,17.2
frame,lgw,Year 1, spring 18, Thursday,16184,16.1
frame,lgw,Year 1, spring 18, Thursday,16185,16.8
frame,lgw,Year 1, spring 18, Thursday,16186,16.6
frame,lgw,Year 1, spring 18, Thursday,16187,17.0
frame,lgw,Year 1, spring 18, Thursday,16188,17.0
frame,lgw,Year 1, spring 18, Thursday,16189,16.7
frame,lgw,Year 1, spring 18, Thursday,16190,17.0
frame,lgw,Year 1, spring 18, Thursday,16191,16.3
frame,lgw,Year 1, spring 18, Thursday,16192,17.0
frame,lgw,Year 1, spring 18, Thursday,16193,16.2
frame,lgw,Year 1, spring 18, Thursday,16194,16.8
frame,lgw,Year 1, spring 18, Thursday,16195,16.1
frame,lgw,Year 1, spring 18, Thursday,16196,16.7
frame,lgw,Year 1, spring 18, Thursday,16197,16.6
frame,lgw,Year 1, spring 18, Thursday,16198,16.8
frame,lgw,Year 1, spring 18, Thursday,16199,16.8
frame,lgw,Year 1, spring 18, Thursday,16200,16.6
frame,lgw,Year 1, spring 18, Thursday,16201,16.6
frame,lgw,Year 1, spring 18, Thursday,16202,16.8
frame,lgw,Year 1, spring 18, Thursday,16203,16.6
frame,lgw,Year 1, spring 18, Thursday,16204,17.0
frame,lgw,Year 1, spring 18, Thursday,16205,16.3
frame,lgw,Year 1, spring 18, Thursday,16206,16.8
frame,lgw,Year 1, spring 18, Thursday,16207,16.6
frame,lgw,Year 1, spring 18, Thursday,16208,16.8
frame,lgw,Year 1, spring 18, Thursday,16209,16.7
frame,lgw,Year 1, spring 18, Thursday,16210,16.6
frame,lgw,Year 1, spring 18, Thursday,16211,16.7
frame,lgw,Year 1, spring 18, Thursday,16212,16.8
frame,lgw,Year 1, spring 18, Thursday,16213,16.5
frame,lgw,Year 1, spring 18, Thursday,16214,16.6
frame,lgw,Year 1, spring 18, Thursday,16215,17.1
frame,lgw,Year 1, spring 18, Thursday,16216,16.8
frame,lgw,Year 1, spring 18, Thursday,16217,16.9
frame,lgw,Year 1, spring 18, Thursday,16218,16.4
frame,lgw,Year 1, spring 18, Thursday,16219,16.5
frame,lgw,Year 1, spring 18, Thursday,16220,16.4
frame,lgw,Year 1, spring 18, Thursday,16221,16.7
frame,lgw,Year 1, spring 18, Thursday,16222,16.7
frame,lgw,Year 1, spring 18, Thursday,16223,16.6
frame,lgw,Year 1, spring 18, Thursday,16224,16.8
frame,lgw,Year 1, spring 18, Thursday,16225,16.6
frame,lgw,Year 1, spring 18, Thursday,16226,16.6
frame,lgw,Year 1, spring 18, Thursday,16227,16.7
frame,lgw,Year 1, spring 18, Thursday,16228,18.8
frame,lgw,Year 1, spring 18, Thursday,16229,23.5
frame,lgw,Year 1, spring 18, Thursday,16230,9.9
frame,lgw,Year 1, spring 18, Thursday,16231,17.0
frame,lgw,Year 1, spring 18, Thursday,16232,15.0
frame,lgw,Year 1, spring 18, Thursday,16233,16.6
frame,lgw,Year 1, spring 18, Thursday,16234,16.4
frame,lgw,Year 1, spring 18, Thursday,16235,16.2
frame,lgw,Year 1, spring 18, Thursday,16236,16.5
frame,lgw,Year 1, spring 18, Thursday,16237,16.6
frame,lgw,Year 1, spring 18, Thursday,16238,16.7
frame,lgw,Year 1, spring 18, Thursday,16239,16.8
frame,lgw,Year 1, spring 18, Thursday,16240,17.0
frame,lgw,Year 1, spring 18, Thursday,16241,16.4
frame,lgw,Year 1, spring 18, Thursday,16242,16.9
frame,lgw,Year 1, spring 18, Thursday,16243,16.5
frame,lgw,Year 1, spring 18, Thursday,16244,16.6
frame,lgw,Year 1, spring 18, Thursday,16245,17.0
frame,lgw,Year 1, spring 18, Thursday,16246,17.6
frame,lgw,Year 1, spring 18, Thursday,16247,15.7
frame,lgw,Year 1, spring 18, Thursday,16248,16.6
frame,lgw,Year 1, spring 18, Thursday,16249,16.3
frame,lgw,Year 1, spring 18, Thursday,16250,16.8
frame,lgw,Year 1, spring 18, Thursday,16251,16.5
frame,lgw,Year 1, spring 18, Thursday,16252,16.6
frame,lgw,Year 1, spring 18, Thursday,16253,16.7
frame,lgw,Year 1, spring 18, Thursday,16254,16.5
frame,lgw,Year 1, spring 18, Thursday,16255,16.8
frame,lgw,Year 1, spring 18, Thursday,16256,16.8
frame,lgw,Year 1, spring 18, Thursday,16257,16.9
frame,lgw,Year 1, spring 18, Thursday,16258,16.8
frame,lgw,Year 1, spring 18, Thursday,16259,16.2
frame,lgw,Year 1, spring 18, Thursday,16260,16.7
frame,lgw,Year 1, spring 18, Thursday,16261,16.6
frame,lgw,Year 1, spring 18, Thursday,16262,16.6
frame,lgw,Year 1, spring 18, Thursday,16263,17.5
frame,lgw,Year 1, spring 18, Thursday,16264,16.0
frame,lgw,Year 1, spring 18, Thursday,16265,16.5
frame,lgw,Year 1, spring 18, Thursday,16266,17.0
frame,lgw,Year 1, spring 18, Thursday,16267,16.4
frame,lgw,Year 1, spring 18, Thursday,16268,16.9
frame,lgw,Year 1, spring 18, Thursday,16269,16.3
frame,lgw,Year 1, spring 18, Thursday,16270,16.7
frame,lgw,Year 1, spring 18, Thursday,16271,16.5
frame,lgw,Year 1, spring 18, Thursday,16272,16.9
frame,lgw,Year 1, spring 18, Thursday,16273,16.8
frame,lgw,Year 1, spring 18, Thursday,16274,16.4
frame,lgw,Year 1, spring 18, Thursday,16275,16.9
frame,lgw,Year 1, spring 18, Thursday,16276,17.1
frame,lgw,Year 1, spring 18, Thursday,16277,16.1
frame,lgw,Year 1, spring 18, Thursday,16278,16.6
frame,lgw,Year 1, spring 18, Thursday,16279,16.9
frame,lgw,Year 1, spring 18, Thursday,16280,16.5
frame,lgw,Year 1, spring 18, Thursday,16281,16.8
frame,lgw,Year 1, spring 18, Thursday,16282,16.7
frame,lgw,Year 1, spring 18, Thursday,16283,16.4
frame,lgw,Year 1, spring 18, Thursday,16284,17.4
frame,lgw,Year 1, spring 18, Thursday,16285,16.0
frame,lgw,Year 1, spring 18, Thursday,16286,16.5
frame,lgw,Year 1, spring 18, Thursday,16287,16.7
frame,lgw,Year 1, spring 18, Thursday,16288,16.7
frame,lgw,Year 1, spring 18, Thursday,16289,16.6
frame,lgw,Year 1, spring 18, Thursday,16290,16.7
frame,lgw,Year 1, spring 18, Thursday,16291,16.7
frame,lgw,Year 1, spring 18, Thursday,16292,17.0
frame,lgw,Year 1, spring 18, Thursday,16293,16.3
frame,lgw,Year 1, spring 18, Thursday,16294,16.7
frame,lgw,Year 1, spring 18, Thursday,16295,16.8
frame,lgw,Year 1, spring 18, Thursday,16296,16.9
frame,lgw,Year 1, spring 18, Thursday,16297,16.4
frame,lgw,Year 1, spring 18, Thursday,16298,16.6
frame,lgw,Year 1, spring 18, Thursday,16299,16.7
frame,lgw,Year 1, spring 18, Thursday,16300,16.6
frame,lgw,Year 1, spring 18, Thursday,16301,16.8
frame,lgw,Year 1, spring 18, Thursday,16302,16.6
frame,lgw,Year 1, spring 18, Thursday,16303,16.6
frame,lgw,Year 1, spring 18, Thursday,16304,16.6
frame,lgw,Year 1, spring 18, Thursday,16305,17.0
frame,lgw,Year 1, spring 18, Thursday,16306,16.6
frame,lgw,Year 1, spring 18, Thursday,16307,16.5
frame,lgw,Year 1, spring 18, Thursday,16308,16.8
frame,lgw,Year 1, spring 18, Thursday,16309,16.8
frame,lgw,Year 1, spring 18, Thursday,16310,16.6
frame,lgw,Year 1, spring 18, Thursday,16311,17.0
frame,lgw,Year 1, spring 18, Thursday,16312,16.6
frame,lgw,Year 1, spring 18, Thursday,16313,16.1
frame,lgw,Year 1, spring 18, Thursday,16314,17.1
frame,lgw,Year 1, spring 18, Thursday,16315,17.0
frame,lgw,Year 1, spring 18, Thursday,16316,16.3
frame,lgw,Year 1, spring 18, Thursday,16317,16.2
frame,lgw,Year 1, spring 18, Thursday,16318,16.7
frame,lgw,Year 1, spring 18, Thursday,16319,16.5
frame,lgw,Year 1, spring 18, Thursday,16320,16.8
frame,lgw,Year 1, spring 18, Thursday,16321,16.6
frame,lgw,Year 1, spring 18, Thursday,16322,16.8
frame,lgw,Year 1, spring 18, Thursday,16323,16.6
frame,lgw,Year 1, spring 18, Thursday,16324,17.8
frame,lgw,Year 1, spring 18, Thursday,16325,15.5
frame,lgw,Year 1, spring 18, Thursday,16326,16.6
frame,lgw,Year 1, spring 18, Thursday,16327,16.6
frame,lgw,Year 1, spring 18, Thursday,16328,16.7
frame,lgw,Year 1, spring 18, Thursday,16329,16.7
frame,lgw,Year 1, spring 18, Thursday,16330,16.7
frame,lgw,Year 1, spring 18, Thursday,16331,16.6
frame,lgw,Year 1, spring 18, Thursday,16332,16.7
frame,lgw,Year 1, spring 18, Thursday,16333,17.1
frame,lgw,Year 1, spring 18, Thursday,16334,16.3
frame,lgw,Year 1, spring 18, Thursday,16335,16.7
frame,lgw,Year 1, spring 18, Thursday,16336,17.3
frame,lgw,Year 1, spring 18, Thursday,16337,16.1
frame,lgw,Year 1, spring 18, Thursday,16338,16.5
frame,lgw,Year 1, spring 18, Thursday,16339,17.0
frame,lgw,Year 1, spring 18, Thursday,16340,16.4
frame,lgw,Year 1, spring 18, Thursday,16341,16.7
frame,lgw,Year 1, spring 18, Thursday,16342,16.7
frame,lgw,Year 1, spring 18, Thursday,16343,16.7
frame,lgw,Year 1, spring 18, Thursday,16344,16.7
frame,lgw,Year 1, spring 18, Thursday,16345,16.7
frame,lgw,Year 1, spring 18, Thursday,16346,16.6
frame,lgw,Year 1, spring 18, Thursday,16347,16.7
frame,lgw,Year 1, spring 18, Thursday,16348,16.8
frame,lgw,Year 1, spring 18, Thursday,16349,16.6
frame,lgw,Year 1, spring 18, Thursday,16350,16.9
frame,lgw,Year 1, spring 18, Thursday,16351,16.4
frame,lgw,Year 1, spring 18, Thursday,16352,16.7
frame,lgw,Year 1, spring 18, Thursday,16353,16.6
frame,lgw,Year 1, spring 18, Thursday,16354,16.7
frame,lgw,Year 1, spring 18, Thursday,16355,16.7
frame,lgw,Year 1, spring 18, Thursday,16356,16.7
frame,lgw,Year 1, spring 18, Thursday,16357,16.7
frame,lgw,Year 1, spring 18, Thursday,16358,16.7
frame,lgw,Year 1, spring 18, Thursday,16359,16.8
frame,lgw,Year 1, spring 18, Thursday,16360,16.7
frame,lgw,Year 1, spring 18, Thursday,16361,16.7
frame,lgw,Year 1, spring 18, Thursday,16362,16.5
frame,lgw,Year 1, spring 18, Thursday,16363,16.7
frame,lgw,Year 1, spring 18, Thursday,16364,16.6
frame,lgw,Year 1, spring 18, Thursday,16365,16.7
frame,lgw,Year 1, spring 18, Thursday,16366,16.7
frame,lgw,Year 1, spring 18, Thursday,16367,16.7
frame,lgw,Year 1, spring 18, Thursday,16368,16.7
frame,lgw,Year 1, spring 18, Thursday,16369,16.5
frame,lgw,Year 1, spring 18, Thursday,16370,16.7
frame,lgw,Year 1, spring 18, Thursday,16371,16.7
frame,lgw,Year 1, spring 18, Thursday,16372,16.6
frame,lgw,Year 1, spring 18, Thursday,16373,16.8
frame,lgw,Year 1, spring 18, Thursday,16374,16.7
frame,lgw,Year 1, spring 18, Thursday,16375,16.6
frame,lgw,Year 1, spring 18, Thursday,16376,16.7
frame,lgw,Year 1, spring 18, Thursday,16377,16.7
frame,lgw,Year 1, spring 18, Thursday,16378,16.9
frame,lgw,Year 1, spring 18, Thursday,16379,16.5
frame,lgw,Year 1, spring 18, Thursday,16380,16.6
frame,lgw,Year 1, spring 18, Thursday,16381,16.7
frame,lgw,Year 1, spring 18, Thursday,16382,16.7
frame,lgw,Year 1, spring 18, Thursday,16383,16.7
frame,lgw,Year 1, spring 18, Thursday,16384,16.7
frame,lgw,Year 1, spring 18, Thursday,16385,16.7
frame,lgw,Year 1, spring 18, Thursday,16386,16.7
frame,lgw,Year 1, spring 18, Thursday,16387,16.9
frame,lgw,Year 1, spring 18, Thursday,16388,16.9
frame,lgw,Year 1, spring 18, Thursday,16389,16.4
frame,lgw,Year 1, spring 18, Thursday,16390,16.9
frame,lgw,Year 1, spring 18, Thursday,16391,16.5
frame,lgw,Year 1, spring 18, Thursday,16392,16.6
frame,lgw,Year 1, spring 18, Thursday,16393,16.7
frame,lgw,Year 1, spring 18, Thursday,16394,16.6
frame,lgw,Year 1, spring 18, Thursday,16395,16.7
frame,lgw,Year 1, spring 18, Thursday,16396,16.7
frame,lgw,Year 1, spring 18, Thursday,16397,16.7
frame,lgw,Year 1, spring 18, Thursday,16398,16.6
frame,lgw,Year 1, spring 18, Thursday,16399,16.7
frame,lgw,Year 1, spring 18, Thursday,16400,16.7
frame,lgw,Year 1, spring 18, Thursday,16401,16.7
frame,lgw,Year 1, spring 18, Thursday,16402,16.7
frame,lgw,Year 1, spring 18, Thursday,16403,16.6
frame,lgw,Year 1, spring 18, Thursday,16404,16.7
frame,lgw,Year 1, spring 18, Thursday,16405,16.7
frame,lgw,Year 1, spring 18, Thursday,16406,22.6
frame,lgw,Year 1, spring 18, Thursday,16407,11.0
frame,lgw,Year 1, spring 18, Thursday,16408,16.5
frame,lgw,Year 1, spring 18, Thursday,16409,16.7
frame,lgw,Year 1, spring 18, Thursday,16410,16.6
frame,lgw,Year 1, spring 18, Thursday,16411,16.7
frame,lgw,Year 1, spring 18, Thursday,16412,16.7
frame,lgw,Year 1, spring 18, Thursday,16413,16.7
frame,lgw,Year 1, spring 18, Thursday,16414,16.7
frame,lgw,Year 1, spring 18, Thursday,16415,16.7
frame,lgw,Year 1, spring 18, Thursday,16416,16.6
frame,lgw,Year 1, spring 18, Thursday,16417,16.8
frame,lgw,Year 1, spring 18, Thursday,16418,16.5
frame,lgw,Year 1, spring 18, Thursday,16419,16.7
frame,lgw,Year 1, spring 18, Thursday,16420,16.6
frame,lgw,Year 1, spring 18, Thursday,16421,16.6
frame,lgw,Year 1, spring 18, Thursday,16422,16.6
frame,lgw,Year 1, spring 18, Thursday,16423,16.7
frame,lgw,Year 1, spring 18, Thursday,16424,16.7
frame,lgw,Year 1, spring 18, Thursday,16425,16.8
frame,lgw,Year 1, spring 18, Thursday,16426,16.6
frame,lgw,Year 1, spring 18, Thursday,16427,16.9
frame,lgw,Year 1, spring 18, Thursday,16428,16.5
frame,lgw,Year 1, spring 18, Thursday,16429,16.6
frame,lgw,Year 1, spring 18, Thursday,16430,16.8
frame,lgw,Year 1, spring 18, Thursday,16431,16.5
frame,lgw,Year 1, spring 18, Thursday,16432,16.7
frame,lgw,Year 1, spring 18, Thursday,16433,16.7
frame,lgw,Year 1, spring 18, Thursday,16434,16.7
frame,lgw,Year 1, spring 18, Thursday,16435,16.7
frame,lgw,Year 1, spring 18, Thursday,16436,16.9
frame,lgw,Year 1, spring 18, Thursday,16437,16.5
frame,lgw,Year 1, spring 18, Thursday,16438,16.7
frame,lgw,Year 1, spring 18, Thursday,16439,16.7
frame,lgw,Year 1, spring 18, Thursday,16440,16.8
frame,lgw,Year 1, spring 18, Thursday,16441,16.6
frame,lgw,Year 1, spring 18, Thursday,16442,16.7
frame,lgw,Year 1, spring 18, Thursday,16443,16.7
frame,lgw,Year 1, spring 18, Thursday,16444,16.7
frame,lgw,Year 1, spring 18, Thursday,16445,16.8
frame,lgw,Year 1, spring 18, Thursday,16446,16.6
frame,lgw,Year 1, spring 18, Thursday,16447,16.6
frame,lgw,Year 1, spring 18, Thursday,16448,16.7
frame,lgw,Year 1, spring 18, Thursday,16449,16.7
frame,lgw,Year 1, spring 18, Thursday,16450,16.6
frame,lgw,Year 1, spring 18, Thursday,16451,16.6
frame,lgw,Year 1, spring 18, Thursday,16452,16.8
frame,lgw,Year 1, spring 18, Thursday,16453,16.6
frame,lgw,Year 1, spring 18, Thursday,16454,16.6
frame,lgw,Year 1, spring 18, Thursday,16455,18.6
frame,lgw,Year 1, spring 18, Thursday,16456,14.9
frame,lgw,Year 1, spring 18, Thursday,16457,16.5
frame,lgw,Year 1, spring 18, Thursday,16458,16.6
frame,lgw,Year 1, spring 18, Thursday,16459,16.6
frame,lgw,Year 1, spring 18, Thursday,16460,16.7
frame,lgw,Year 1, spring 18, Thursday,16461,19.1
frame,lgw,Year 1, spring 18, Thursday,16462,14.2
frame,lgw,Year 1, spring 18, Thursday,16463,16.8
frame,lgw,Year 1, spring 18, Thursday,16464,16.7
frame,lgw,Year 1, spring 18, Thursday,16465,16.6
frame,lgw,Year 1, spring 18, Thursday,16466,16.6
frame,lgw,Year 1, spring 18, Thursday,16467,17.1
frame,lgw,Year 1, spring 18, Thursday,16468,16.2
frame,lgw,Year 1, spring 18, Thursday,16469,16.8
frame,lgw,Year 1, spring 18, Thursday,16470,22.8
frame,lgw,Year 1, spring 18, Thursday,16471,10.8
frame,lgw,Year 1, spring 18, Thursday,16472,16.3
frame,lgw,Year 1, spring 18, Thursday,16473,16.7
frame,lgw,Year 1, spring 18, Thursday,16474,16.7
frame,lgw,Year 1, spring 18, Thursday,16475,16.7
frame,lgw,Year 1, spring 18, Thursday,16476,16.8
frame,lgw,Year 1, spring 18, Thursday,16477,16.5
frame,lgw,Year 1, spring 18, Thursday,16478,16.7
frame,lgw,Year 1, spring 18, Thursday,16479,16.5
frame,lgw,Year 1, spring 18, Thursday,16480,16.8
frame,lgw,Year 1, spring 18, Thursday,16481,16.6
frame,lgw,Year 1, spring 18, Thursday,16482,16.7
frame,lgw,Year 1, spring 18, Thursday,16483,16.6
frame,lgw,Year 1, spring 18, Thursday,16484,16.6
frame,lgw,Year 1, spring 18, Thursday,16485,16.7
frame,lgw,Year 1, spring 18, Thursday,16486,16.7
frame,lgw,Year 1, spring 18, Thursday,16487,17.7
frame,lgw,Year 1, spring 18, Thursday,16488,15.8
frame,lgw,Year 1, spring 18, Thursday,16489,16.6
frame,lgw,Year 1, spring 18, Thursday,16490,16.7
frame,lgw,Year 1, spring 18, Thursday,16491,16.5
frame,lgw,Year 1, spring 18, Thursday,16492,16.6
frame,lgw,Year 1, spring 18, Thursday,16493,16.8
frame,lgw,Year 1, spring 18, Thursday,16494,16.6
frame,lgw,Year 1, spring 18, Thursday,16495,16.6
frame,lgw,Year 1, spring 18, Thursday,16496,16.9
frame,lgw,Year 1, spring 18, Thursday,16497,16.6
frame,lgw,Year 1, spring 18, Thursday,16498,16.6
frame,lgw,Year 1, spring 18, Thursday,16499,16.5
frame,lgw,Year 1, spring 18, Thursday,16500,16.6
frame,lgw,Year 1, spring 18, Thursday,16501,16.8
frame,lgw,Year 1, spring 18, Thursday,16502,16.6
frame,lgw,Year 1, spring 18, Thursday,16503,16.7
frame,lgw,Year 1, spring 18, Thursday,16504,16.7
frame,lgw,Year 1, spring 18, Thursday,16505,16.5
frame,lgw,Year 1, spring 18, Thursday,16506,16.9
frame,lgw,Year 1, spring 18, Thursday,16507,16.5
frame,lgw,Year 1, spring 18, Thursday,16508,16.7
frame,lgw,Year 1, spring 18, Thursday,16509,16.7
frame,lgw,Year 1, spring 18, Thursday,16510,16.6
frame,lgw,Year 1, spring 18, Thursday,16511,16.8
frame,lgw,Year 1, spring 18, Thursday,16512,16.5
frame,lgw,Year 1, spring 18, Thursday,16513,16.7
frame,lgw,Year 1, spring 18, Thursday,16514,16.6
frame,lgw,Year 1, spring 18, Thursday,16515,16.6
frame,lgw,Year 1, spring 18, Thursday,16516,17.0
frame,lgw,Year 1, spring 18, Thursday,16517,16.4
frame,lgw,Year 1, spring 18, Thursday,16518,16.7
frame,lgw,Year 1, spring 18, Thursday,16519,17.4
frame,lgw,Year 1, spring 18, Thursday,16520,15.9
frame,lgw,Year 1, spring 18, Thursday,16521,16.7
frame,lgw,Year 1, spring 18, Thursday,16522,17.1
frame,lgw,Year 1, spring 18, Thursday,16523,16.4
frame,lgw,Year 1, spring 18, Thursday,16524,16.6
frame,lgw,Year 1, spring 18, Thursday,16525,16.6
frame,lgw,Year 1, spring 18, Thursday,16526,16.6
frame,lgw,Year 1, spring 18, Thursday,16527,16.6
frame,lgw,Year 1, spring 18, Thursday,16528,16.9
frame,lgw,Year 1, spring 18, Thursday,16529,16.4
frame,lgw,Year 1, spring 18, Thursday,16530,17.1
frame,lgw,Year 1, spring 18, Thursday,16531,16.4
frame,lgw,Year 1, spring 18, Thursday,16532,16.6
frame,lgw,Year 1, spring 18, Thursday,16533,16.7
frame,lgw,Year 1, spring 18, Thursday,16534,21.3
frame,lgw,Year 1, spring 18, Thursday,16535,12.2
frame,lgw,Year 1, spring 18, Thursday,16536,16.6
frame,lgw,Year 1, spring 18, Thursday,16537,16.5
frame,lgw,Year 1, spring 18, Thursday,16538,16.7
frame,lgw,Year 1, spring 18, Thursday,16539,16.7
frame,lgw,Year 1, spring 18, Thursday,16540,16.6
frame,lgw,Year 1, spring 18, Thursday,16541,16.7
frame,lgw,Year 1, spring 18, Thursday,16542,16.7
frame,lgw,Year 1, spring 18, Thursday,16543,16.6
frame,lgw,Year 1, spring 18, Thursday,16544,16.6
frame,lgw,Year 1, spring 18, Thursday,16545,16.6
frame,lgw,Year 1, spring 18, Thursday,16546,16.7
frame,lgw,Year 1, spring 18, Thursday,16547,16.8
frame,lgw,Year 1, spring 18, Thursday,16548,16.6
frame,lgw,Year 1, spring 18, Thursday,16549,16.6
frame,lgw,Year 1, spring 18, Thursday,16550,16.6
frame,lgw,Year 1, spring 18, Thursday,16551,16.9
frame,lgw,Year 1, spring 18, Thursday,16552,16.4
frame,lgw,Year 1, spring 18, Thursday,16553,16.7
frame,lgw,Year 1, spring 18, Thursday,16554,16.7
frame,lgw,Year 1, spring 18, Thursday,16555,16.7
frame,lgw,Year 1, spring 18, Thursday,16556,16.8
frame,lgw,Year 1, spring 18, Thursday,16557,16.5
frame,lgw,Year 1, spring 18, Thursday,16558,16.7
frame,lgw,Year 1, spring 18, Thursday,16559,16.7
frame,lgw,Year 1, spring 18, Thursday,16560,16.7
frame,lgw,Year 1, spring 18, Thursday,16561,16.7
frame,lgw,Year 1, spring 18, Thursday,16562,16.6
frame,lgw,Year 1, spring 18, Thursday,16563,16.7
frame,lgw,Year 1, spring 18, Thursday,16564,16.6
frame,lgw,Year 1, spring 18, Thursday,16565,16.6
frame,lgw,Year 1, spring 18, Thursday,16566,16.7
frame,lgw,Year 1, spring 18, Thursday,16567,16.9
frame,lgw,Year 1, spring 18, Thursday,16568,16.7
frame,lgw,Year 1, spring 18, Thursday,16569,16.6
frame,lgw,Year 1, spring 18, Thursday,16570,16.7
frame,lgw,Year 1, spring 18, Thursday,16571,16.7
frame,lgw,Year 1, spring 18, Thursday,16572,16.6
frame,lgw,Year 1, spring 18, Thursday,16573,16.7
frame,lgw,Year 1, spring 18, Thursday,16574,16.7
frame,lgw,Year 1, spring 18, Thursday,16575,16.5
frame,lgw,Year 1, spring 18, Thursday,16576,16.8
frame,lgw,Year 1, spring 18, Thursday,16577,16.6
frame,lgw,Year 1, spring 18, Thursday,16578,16.6
frame,lgw,Year 1, spring 18, Thursday,16579,16.9
frame,lgw,Year 1, spring 18, Thursday,16580,16.4
frame,lgw,Year 1, spring 18, Thursday,16581,16.8
frame,lgw,Year 1, spring 18, Thursday,16582,16.7
frame,lgw,Year 1, spring 18, Thursday,16583,16.6
frame,lgw,Year 1, spring 18, Thursday,16584,16.6
frame,lgw,Year 1, spring 18, Thursday,16585,16.7
frame,lgw,Year 1, spring 18, Thursday,16586,16.6
frame,lgw,Year 1, spring 18, Thursday,16587,16.9
frame,lgw,Year 1, spring 18, Thursday,16588,16.6
frame,lgw,Year 1, spring 18, Thursday,16589,16.6
frame,lgw,Year 1, spring 18, Thursday,16590,16.6
frame,lgw,Year 1, spring 18, Thursday,16591,16.7
frame,lgw,Year 1, spring 18, Thursday,16592,16.6
frame,lgw,Year 1, spring 18, Thursday,16593,16.7
frame,lgw,Year 1, spring 18, Thursday,16594,16.7
frame,lgw,Year 1, spring 18, Thursday,16595,16.5
frame,lgw,Year 1, spring 18, Thursday,16596,16.7
frame,lgw,Year 1, spring 18, Thursday,16597,16.8
frame,lgw,Year 1, spring 18, Thursday,16598,16.7
frame,lgw,Year 1, spring 18, Thursday,16599,16.7
frame,lgw,Year 1, spring 18, Thursday,16600,16.7
frame,lgw,Year 1, spring 18, Thursday,16601,16.7
frame,lgw,Year 1, spring 18, Thursday,16602,16.5
frame,lgw,Year 1, spring 18, Thursday,16603,16.7
frame,lgw,Year 1, spring 18, Thursday,16604,16.6
frame,lgw,Year 1, spring 18, Thursday,16605,16.8
frame,lgw,Year 1, spring 18, Thursday,16606,16.7
frame,lgw,Year 1, spring 18, Thursday,16607,16.8
frame,lgw,Year 1, spring 18, Thursday,16608,16.6
frame,lgw,Year 1, spring 18, Thursday,16609,16.6
frame,lgw,Year 1, spring 18, Thursday,16610,16.6
frame,lgw,Year 1, spring 18, Thursday,16611,16.7
frame,lgw,Year 1, spring 18, Thursday,16612,16.6
frame,lgw,Year 1, spring 18, Thursday,16613,16.7
frame,lgw,Year 1, spring 18, Thursday,16614,16.6
frame,lgw,Year 1, spring 18, Thursday,16615,16.7
frame,lgw,Year 1, spring 18, Thursday,16616,20.1
frame,lgw,Year 1, spring 18, Thursday,16617,13.5
frame,lgw,Year 1, spring 18, Thursday,16618,16.4
frame,lgw,Year 1, spring 18, Thursday,16619,16.7
frame,lgw,Year 1, spring 18, Thursday,16620,16.7
frame,lgw,Year 1, spring 18, Thursday,16621,16.6
frame,lgw,Year 1, spring 18, Thursday,16622,16.7
frame,lgw,Year 1, spring 18, Thursday,16623,16.6
frame,lgw,Year 1, spring 18, Thursday,16624,16.7
frame,lgw,Year 1, spring 18, Thursday,16625,16.7
frame,lgw,Year 1, spring 18, Thursday,16626,16.7
frame,lgw,Year 1, spring 18, Thursday,16627,16.7
frame,lgw,Year 1, spring 18, Thursday,16628,16.6
frame,lgw,Year 1, spring 18, Thursday,16629,16.7
frame,lgw,Year 1, spring 18, Thursday,16630,16.7
frame,lgw,Year 1, spring 18, Thursday,16631,16.6
frame,lgw,Year 1, spring 18, Thursday,16632,16.7
frame,lgw,Year 1, spring 18, Thursday,16633,16.7
frame,lgw,Year 1, spring 18, Thursday,16634,16.6
frame,lgw,Year 1, spring 18, Thursday,16635,16.6
frame,lgw,Year 1, spring 18, Thursday,16636,16.7
frame,lgw,Year 1, spring 18, Thursday,16637,16.6
frame,lgw,Year 1, spring 18, Thursday,16638,16.7
frame,lgw,Year 1, spring 18, Thursday,16639,16.6
frame,lgw,Year 1, spring 18, Thursday,16640,16.7
frame,lgw,Year 1, spring 18, Thursday,16641,16.6
frame,lgw,Year 1, spring 18, Thursday,16642,16.7
frame,lgw,Year 1, spring 18, Thursday,16643,16.7
frame,lgw,Year 1, spring 18, Thursday,16644,16.7
frame,lgw,Year 1, spring 18, Thursday,16645,16.6
frame,lgw,Year 1, spring 18, Thursday,16646,16.7
frame,lgw,Year 1, spring 18, Thursday,16647,16.6
frame,lgw,Year 1, spring 18, Thursday,16648,16.6
frame,lgw,Year 1, spring 18, Thursday,16649,16.7
frame,lgw,Year 1, spring 18, Thursday,16650,16.7
frame,lgw,Year 1, spring 18, Thursday,16651,16.6
frame,lgw,Year 1, spring 18, Thursday,16652,16.6
frame,lgw,Year 1, spring 18, Thursday,16653,16.7
frame,lgw,Year 1, spring 18, Thursday,16654,16.6
frame,lgw,Year 1, spring 18, Thursday,16655,16.7
frame,lgw,Year 1, spring 18, Thursday,16656,16.7
frame,lgw,Year 1, spring 18, Thursday,16657,16.7
frame,lgw,Year 1, spring 18, Thursday,16658,16.8
frame,lgw,Year 1, spring 18, Thursday,16659,16.7
frame,lgw,Year 1, spring 18, Thursday,16660,16.6
frame,lgw,Year 1, spring 18, Thursday,16661,16.6
frame,lgw,Year 1, spring 18, Thursday,16662,16.6
frame,lgw,Year 1, spring 18, Thursday,16663,16.7
frame,lgw,Year 1, spring 18, Thursday,16664,16.7
frame,lgw,Year 1, spring 18, Thursday,16665,16.6
frame,lgw,Year 1, spring 18, Thursday,16666,16.7
frame,lgw,Year 1, spring 18, Thursday,16667,16.7
frame,lgw,Year 1, spring 18, Thursday,16668,16.7
frame,lgw,Year 1, spring 18, Thursday,16669,16.7
frame,lgw,Year 1, spring 18, Thursday,16670,16.7
frame,lgw,Year 1, spring 18, Thursday,16671,16.7
frame,lgw,Year 1, spring 18, Thursday,16672,16.7
frame,lgw,Year 1, spring 18, Thursday,16673,16.7
frame,lgw,Year 1, spring 18, Thursday,16674,16.5
frame,lgw,Year 1, spring 18, Thursday,16675,16.8
frame,lgw,Year 1, spring 18, Thursday,16676,16.6
frame,lgw,Year 1, spring 18, Thursday,16677,16.6
frame,lgw,Year 1, spring 18, Thursday,16678,16.8
frame,lgw,Year 1, spring 18, Thursday,16679,16.6
frame,lgw,Year 1, spring 18, Thursday,16680,16.7
frame,lgw,Year 1, spring 18, Thursday,16681,16.7
frame,lgw,Year 1, spring 18, Thursday,16682,16.6
frame,lgw,Year 1, spring 18, Thursday,16683,16.9
frame,lgw,Year 1, spring 18, Thursday,16684,16.5
frame,lgw,Year 1, spring 18, Thursday,16685,16.7
frame,lgw,Year 1, spring 18, Thursday,16686,16.7
frame,lgw,Year 1, spring 18, Thursday,16687,16.7
frame,lgw,Year 1, spring 18, Thursday,16688,16.7
frame,lgw,Year 1, spring 18, Thursday,16689,16.6
frame,lgw,Year 1, spring 18, Thursday,16690,16.7
frame,lgw,Year 1, spring 18, Thursday,16691,16.8
frame,lgw,Year 1, spring 18, Thursday,16692,16.6
frame,lgw,Year 1, spring 18, Thursday,16693,16.6
frame,lgw,Year 1, spring 18, Thursday,16694,16.8
frame,lgw,Year 1, spring 18, Thursday,16695,16.7
frame,lgw,Year 1, spring 18, Thursday,16696,16.5
frame,lgw,Year 1, spring 18, Thursday,16697,16.7
frame,lgw,Year 1, spring 18, Thursday,16698,16.7
frame,lgw,Year 1, spring 18, Thursday,16699,16.5
frame,lgw,Year 1, spring 18, Thursday,16700,16.7
frame,lgw,Year 1, spring 18, Thursday,16701,16.6
frame,lgw,Year 1, spring 18, Thursday,16702,16.6
frame,lgw,Year 1, spring 18, Thursday,16703,16.7
frame,lgw,Year 1, spring 18, Thursday,16704,16.7
frame,lgw,Year 1, spring 18, Thursday,16705,16.7
frame,lgw,Year 1, spring 18, Thursday,16706,16.7
frame,lgw,Year 1, spring 18, Thursday,16707,16.6
frame,lgw,Year 1, spring 18, Thursday,16708,16.7
frame,lgw,Year 1, spring 18, Thursday,16709,16.7
frame,lgw,Year 1, spring 18, Thursday,16710,16.7
frame,lgw,Year 1, spring 18, Thursday,16711,16.7
frame,lgw,Year 1, spring 18, Thursday,16712,16.7
frame,lgw,Year 1, spring 18, Thursday,16713,16.6
frame,lgw,Year 1, spring 18, Thursday,16714,16.7
frame,lgw,Year 1, spring 18, Thursday,16715,16.6
frame,lgw,Year 1, spring 18, Thursday,16716,16.7
frame,lgw,Year 1, spring 18, Thursday,16717,16.8
frame,lgw,Year 1, spring 18, Thursday,16718,16.6
frame,lgw,Year 1, spring 18, Thursday,16719,16.6
frame,lgw,Year 1, spring 18, Thursday,16720,16.8
frame,lgw,Year 1, spring 18, Thursday,16721,16.7
frame,lgw,Year 1, spring 18, Thursday,16722,16.7
frame,lgw,Year 1, spring 18, Thursday,16723,16.8
frame,lgw,Year 1, spring 18, Thursday,16724,16.6
frame,lgw,Year 1, spring 18, Thursday,16725,16.7
frame,lgw,Year 1, spring 18, Thursday,16726,16.5
frame,lgw,Year 1, spring 18, Thursday,16727,16.6
frame,lgw,Year 1, spring 18, Thursday,16728,16.7
frame,lgw,Year 1, spring 18, Thursday,16729,16.6
frame,lgw,Year 1, spring 18, Thursday,16730,16.9
frame,lgw,Year 1, spring 18, Thursday,16731,16.5
frame,lgw,Year 1, spring 18, Thursday,16732,16.7
frame,lgw,Year 1, spring 18, Thursday,16733,16.7
frame,lgw,Year 1, spring 18, Thursday,16734,16.7
frame,lgw,Year 1, spring 18, Thursday,16735,16.7
frame,lgw,Year 1, spring 18, Thursday,16736,16.6
frame,lgw,Year 1, spring 18, Thursday,16737,16.7
frame,lgw,Year 1, spring 18, Thursday,16738,16.8
frame,lgw,Year 1, spring 18, Thursday,16739,16.5
frame,lgw,Year 1, spring 18, Thursday,16740,16.7
frame,lgw,Year 1, spring 18, Thursday,16741,16.6
frame,lgw,Year 1, spring 18, Thursday,16742,16.7
frame,lgw,Year 1, spring 18, Thursday,16743,16.8
frame,lgw,Year 1, spring 18, Thursday,16744,16.8
frame,lgw,Year 1, spring 18, Thursday,16745,16.4
frame,lgw,Year 1, spring 18, Thursday,16746,16.7
frame,lgw,Year 1, spring 18, Thursday,16747,16.6
frame,lgw,Year 1, spring 18, Thursday,16748,16.6
frame,lgw,Year 1, spring 18, Thursday,16749,16.7
frame,lgw,Year 1, spring 18, Thursday,16750,16.9
frame,lgw,Year 1, spring 18, Thursday,16751,16.5
frame,lgw,Year 1, spring 18, Thursday,16752,16.6
frame,lgw,Year 1, spring 18, Thursday,16753,16.7
frame,lgw,Year 1, spring 18, Thursday,16754,16.7
frame,lgw,Year 1, spring 18, Thursday,16755,16.6
frame,lgw,Year 1, spring 18, Thursday,16756,16.6
frame,lgw,Year 1, spring 18, Thursday,16757,16.7
frame,lgw,Year 1, spring 18, Thursday,16758,16.7
frame,lgw,Year 1, spring 18, Thursday,16759,16.6
frame,lgw,Year 1, spring 18, Thursday,16760,16.6
frame,lgw,Year 1, spring 18, Thursday,16761,16.7
frame,lgw,Year 1, spring 18, Thursday,16762,33.7
frame,lgw,Year 1, spring 18, Thursday,16763,8.1
frame,lgw,Year 1, spring 18, Thursday,16764,8.1
frame,lgw,Year 1, spring 18, Thursday,16765,16.6
frame,lgw,Year 1, spring 18, Thursday,16766,16.7
frame,lgw,Year 1, spring 18, Thursday,16767,16.6
frame,lgw,Year 1, spring 18, Thursday,16768,16.6
frame,lgw,Year 1, spring 18, Thursday,16769,16.7
frame,lgw,Year 1, spring 18, Thursday,16770,16.7
frame,lgw,Year 1, spring 18, Thursday,16771,16.6
frame,lgw,Year 1, spring 18, Thursday,16772,16.7
frame,lgw,Year 1, spring 18, Thursday,16773,16.7
frame,lgw,Year 1, spring 18, Thursday,16774,16.7
frame,lgw,Year 1, spring 18, Thursday,16775,17.0
frame,lgw,Year 1, spring 18, Thursday,16776,16.3
frame,lgw,Year 1, spring 18, Thursday,16777,19.2
frame,lgw,Year 1, spring 18, Thursday,16778,14.3
frame,lgw,Year 1, spring 18, Thursday,16779,16.6
frame,lgw,Year 1, spring 18, Thursday,16780,16.6
frame,lgw,Year 1, spring 18, Thursday,16781,16.7
frame,lgw,Year 1, spring 18, Thursday,16782,16.6
frame,lgw,Year 1, spring 18, Thursday,16783,16.7
frame,lgw,Year 1, spring 18, Thursday,16784,16.8
frame,lgw,Year 1, spring 18, Thursday,16785,16.7
frame,lgw,Year 1, spring 18, Thursday,16786,16.6
frame,lgw,Year 1, spring 18, Thursday,16787,16.8
frame,lgw,Year 1, spring 18, Thursday,16788,16.6
frame,lgw,Year 1, spring 18, Thursday,16789,16.6
frame,lgw,Year 1, spring 18, Thursday,16790,16.6
frame,lgw,Year 1, spring 18, Thursday,16791,16.6
frame,lgw,Year 1, spring 18, Thursday,16792,16.7
frame,lgw,Year 1, spring 18, Thursday,16793,16.7
frame,lgw,Year 1, spring 18, Thursday,16794,16.7
frame,lgw,Year 1, spring 18, Thursday,16795,16.7
frame,lgw,Year 1, spring 18, Thursday,16796,16.6
frame,lgw,Year 1, spring 18, Thursday,16797,16.8
frame,lgw,Year 1, spring 18, Thursday,16798,16.6
frame,lgw,Year 1, spring 18, Thursday,16799,16.8
frame,lgw,Year 1, spring 18, Thursday,16800,16.7
frame,lgw,Year 1, spring 18, Thursday,16801,16.5
frame,lgw,Year 1, spring 18, Thursday,16802,16.9
frame,lgw,Year 1, spring 18, Thursday,16803,16.7
frame,lgw,Year 1, spring 18, Thursday,16804,57.3
frame,lgw,Year 1, spring 18, Thursday,16805,3.3
frame,lgw,Year 1, spring 18, Thursday,16806,0.3
frame,lgw,Year 1, spring 18, Thursday,16807,5.6
frame,lgw,Year 1, spring 18, Thursday,16808,16.6
frame,lgw,Year 1, spring 18, Thursday,16809,16.6
frame,lgw,Year 1, spring 18, Thursday,16810,16.7
frame,lgw,Year 1, spring 18, Thursday,16811,16.7
frame,lgw,Year 1, spring 18, Thursday,16812,16.6
frame,lgw,Year 1, spring 18, Thursday,16813,16.7
frame,lgw,Year 1, spring 18, Thursday,16814,17.2
frame,lgw,Year 1, spring 18, Thursday,16815,16.4
frame,lgw,Year 1, spring 18, Thursday,16816,16.4
frame,lgw,Year 1, spring 18, Thursday,16817,16.7
frame,lgw,Year 1, spring 18, Thursday,16818,16.7
frame,lgw,Year 1, spring 18, Thursday,16819,16.7
frame,lgw,Year 1, spring 18, Thursday,16820,16.6
frame,lgw,Year 1, spring 18, Thursday,16821,16.6
frame,lgw,Year 1, spring 18, Thursday,16822,16.6
frame,lgw,Year 1, spring 18, Thursday,16823,16.7
frame,lgw,Year 1, spring 18, Thursday,16824,16.7
frame,lgw,Year 1, spring 18, Thursday,16825,16.7
frame,lgw,Year 1, spring 18, Thursday,16826,16.7
frame,lgw,Year 1, spring 18, Thursday,16827,16.9
frame,lgw,Year 1, spring 18, Thursday,16828,16.4
frame,lgw,Year 1, spring 18, Thursday,16829,16.8
frame,lgw,Year 1, spring 18, Thursday,16830,16.7
frame,lgw,Year 1, spring 18, Thursday,16831,16.6
frame,lgw,Year 1, spring 18, Thursday,16832,16.7
frame,lgw,Year 1, spring 18, Thursday,16833,16.6
frame,lgw,Year 1, spring 18, Thursday,16834,16.6
frame,lgw,Year 1, spring 18, Thursday,16835,16.7
frame,lgw,Year 1, spring 18, Thursday,16836,16.6
frame,lgw,Year 1, spring 18, Thursday,16837,17.2
frame,lgw,Year 1, spring 18, Thursday,16838,16.2
frame,lgw,Year 1, spring 18, Thursday,16839,16.6
frame,lgw,Year 1, spring 18, Thursday,16840,17.1
frame,lgw,Year 1, spring 18, Thursday,16841,16.4
frame,lgw,Year 1, spring 18, Thursday,16842,16.6
frame,lgw,Year 1, spring 18, Thursday,16843,16.7
frame,lgw,Year 1, spring 18, Thursday,16844,16.7
frame,lgw,Year 1, spring 18, Thursday,16845,16.6
frame,lgw,Year 1, spring 18, Thursday,16846,16.7
frame,lgw,Year 1, spring 18, Thursday,16847,16.9
frame,lgw,Year 1, spring 18, Thursday,16848,16.6
frame,lgw,Year 1, spring 18, Thursday,16849,16.7
frame,lgw,Year 1, spring 18, Thursday,16850,16.9
frame,lgw,Year 1, spring 18, Thursday,16851,16.4
frame,lgw,Year 1, spring 18, Thursday,16852,16.8
frame,lgw,Year 1, spring 18, Thursday,16853,16.7
frame,lgw,Year 1, spring 18, Thursday,16854,16.6
frame,lgw,Year 1, spring 18, Thursday,16855,16.8
frame,lgw,Year 1, spring 18, Thursday,16856,16.5
frame,lgw,Year 1, spring 18, Thursday,16857,16.7
frame,lgw,Year 1, spring 18, Thursday,16858,16.7
frame,lgw,Year 1, spring 18, Thursday,16859,16.6
frame,lgw,Year 1, spring 18, Thursday,16860,16.7
frame,lgw,Year 1, spring 18, Thursday,16861,16.6
frame,lgw,Year 1, spring 18, Thursday,16862,16.7
frame,lgw,Year 1, spring 18, Thursday,16863,16.7
frame,lgw,Year 1, spring 18, Thursday,16864,16.6
frame,lgw,Year 1, spring 18, Thursday,16865,16.7
frame,lgw,Year 1, spring 18, Thursday,16866,16.6
frame,lgw,Year 1, spring 18, Thursday,16867,16.7
frame,lgw,Year 1, spring 18, Thursday,16868,16.8
frame,lgw,Year 1, spring 18, Thursday,16869,16.5
frame,lgw,Year 1, spring 18, Thursday,16870,16.8
frame,lgw,Year 1, spring 18, Thursday,16871,16.6
frame,lgw,Year 1, spring 18, Thursday,16872,16.7
frame,lgw,Year 1, spring 18, Thursday,16873,16.7
frame,lgw,Year 1, spring 18, Thursday,16874,16.6
frame,lgw,Year 1, spring 18, Thursday,16875,16.6
frame,lgw,Year 1, spring 18, Thursday,16876,16.7
frame,lgw,Year 1, spring 18, Thursday,16877,16.6
frame,lgw,Year 1, spring 18, Thursday,16878,16.7
switch,lgw,Year 1, spring 19, Friday,600,366.9
switch,lgw,Year 1, spring 19, Friday,610,17.3
switch,lgw,Year 1, spring 19, Friday,620,17.2
switch,lgw,Year 1, spring 19, Friday,630,17.3
switchdetail,lgw,Year 1, spring 19, Friday,710,0,0.0
switchdetail,lgw,Year 1, spring 19, Friday,600,0,0.0
switchdetail,lgw,Year 1, spring 19, Friday,610,0,0.0
switchdetail,lgw,Year 1, spring 19, Friday,620,0,0.0
lag,lgw,Year 1, spring 19, Friday,16881,366.9
lag,lgw,Year 1, spring 19, Friday,16882,2037.3
frame,lgw,Year 1, spring 19, Friday,17903,16.6
frame,lgw,Year 1, spring 19, Friday,17904,16.6
frame,lgw,Year 1, spring 19, Friday,17905,16.7
frame,lgw,Year 1, spring 19, Friday,17906,16.7
frame,lgw,Year 1, spring 19, Friday,17907,16.7
frame,lgw,Year 1, spring 19, Friday,17908,16.7
frame,lgw,Year 1, spring 19, Friday,17909,16.7
frame,lgw,Year 1, spring 19, Friday,17910,16.7
frame,lgw,Year 1, spring 19, Friday,17911,16.7
frame,lgw,Year 1, spring 19, Friday,17912,16.9
frame,lgw,Year 1, spring 19, Friday,17913,16.4
frame,lgw,Year 1, spring 19, Friday,17914,16.6
frame,lgw,Year 1, spring 19, Friday,17915,16.7
frame,lgw,Year 1, spring 19, Friday,17916,16.7
frame,lgw,Year 1, spring 19, Friday,17917,16.6
frame,lgw,Year 1, spring 19, Friday,17918,16.7
frame,lgw,Year 1, spring 19, Friday,17919,16.7
frame,lgw,Year 1, spring 19, Friday,17920,16.6
frame,lgw,Year 1, spring 19, Friday,17921,16.7
frame,lgw,Year 1, spring 19, Friday,17922,16.7
frame,lgw,Year 1, spring 19, Friday,17923,16.7
frame,lgw,Year 1, spring 19, Friday,17924,16.6
frame,lgw,Year 1, spring 19, Friday,17925,16.7
frame,lgw,Year 1, spring 19, Friday,17926,16.6
frame,lgw,Year 1, spring 19, Friday,17927,16.7
frame,lgw,Year 1, spring 19, Friday,17928,16.7
frame,lgw,Year 1, spring 19, Friday,17929,16.6
frame,lgw,Year 1, spring 19, Friday,17930,16.7
frame,lgw,Year 1, spring 19, Friday,17931,16.7
frame,lgw,Year 1, spring 19, Friday,17932,16.7
frame,lgw,Year 1, spring 19, Friday,17933,16.7
frame,lgw,Year 1, spring 19, Friday,17934,16.7
frame,lgw,Year 1, spring 19, Friday,17935,16.6
frame,lgw,Year 1, spring 19, Friday,17936,16.6
frame,lgw,Year 1, spring 19, Friday,17937,16.6
frame,lgw,Year 1, spring 19, Friday,17938,16.8
frame,lgw,Year 1, spring 19, Friday,17939,16.8
frame,lgw,Year 1, spring 19, Friday,17940,16.5
frame,lgw,Year 1, spring 19, Friday,17941,16.6
frame,lgw,Year 1, spring 19, Friday,17942,16.7
frame,lgw,Year 1, spring 19, Friday,17943,16.7
frame,lgw,Year 1, spring 19, Friday,17944,16.6
frame,lgw,Year 1, spring 19, Friday,17945,16.6
frame,lgw,Year 1, spring 19, Friday,17946,16.6
frame,lgw,Year 1, spring 19, Friday,17947,16.8
frame,lgw,Year 1, spring 19, Friday,17948,16.6
frame,lgw,Year 1, spring 19, Friday,17949,16.7
frame,lgw,Year 1, spring 19, Friday,17950,16.6
frame,lgw,Year 1, spring 19, Friday,17951,17.1
frame,lgw,Year 1, spring 19, Friday,17952,16.3
frame,lgw,Year 1, spring 19, Friday,17953,16.6
frame,lgw,Year 1, spring 19, Friday,17954,16.6
frame,lgw,Year 1, spring 19, Friday,17955,16.7
frame,lgw,Year 1, spring 19, Friday,17956,17.3
frame,lgw,Year 1, spring 19, Friday,17957,15.9
frame,lgw,Year 1, spring 19, Friday,17958,16.7
frame,lgw,Year 1, spring 19, Friday,17959,17.3
frame,lgw,Year 1, spring 19, Friday,17960,16.3
frame,lgw,Year 1, spring 19, Friday,17961,16.4
frame,lgw,Year 1, spring 19, Friday,17962,16.7
frame,lgw,Year 1, spring 19, Friday,17963,16.8
frame,lgw,Year 1, spring 19, Friday,17964,16.7
frame,lgw,Year 1, spring 19, Friday,17965,16.6
frame,lgw,Year 1, spring 19, Friday,17966,17.1
frame,lgw,Year 1, spring 19, Friday,17967,16.3
frame,lgw,Year 1, spring 19, Friday,17968,16.7
frame,lgw,Year 1, spring 19, Friday,17969,16.6
frame,lgw,Year 1, spring 19, Friday,17970,16.7
frame,lgw,Year 1, spring 19, Friday,17971,16.6
frame,lgw,Year 1, spring 19, Friday,17972,16.9
frame,lgw,Year 1, spring 19, Friday,17973,16.5
frame,lgw,Year 1, spring 19, Friday,17974,16.6
frame,lgw,Year 1, spring 19, Friday,17975,16.7
frame,lgw,Year 1, spring 19, Friday,17976,16.7
frame,lgw,Year 1, spring 19, Friday,17977,16.6
frame,lgw,Year 1, spring 19, Friday,17978,16.7
frame,lgw,Year 1, spring 19, Friday,17979,16.7
frame,lgw,Year 1, spring 19, Friday,17980,16.7
frame,lgw,Year 1, spring 19, Friday,17981,16.6
frame,lgw,Year 1, spring 19, Friday,17982,16.8
frame,lgw,Year 1, spring 19, Friday,17983,16.5
frame,lgw,Year 1, spring 19, Friday,17984,16.7
frame,lgw,Year 1, spring 19, Friday,17985,16.7
frame,lgw,Year 1, spring 19, Friday,17986,16.7
frame,lgw,Year 1, spring 19, Friday,17987,16.7
frame,lgw,Year 1, spring 19, Friday,17988,16.7
frame,lgw,Year 1, spring 19, Friday,17989,16.7
frame,lgw,Year 1, spring 19, Friday,17990,16.7
frame,lgw,Year 1, spring 19, Friday,17991,16.7
frame,lgw,Year 1, spring 19, Friday,17992,16.7
frame,lgw,Year 1, spring 19, Friday,17993,16.7
frame,lgw,Year 1, spring 19, Friday,17994,16.6
frame,lgw,Year 1, spring 19, Friday,17995,16.6
frame,lgw,Year 1, spring 19, Friday,17996,16.7
frame,lgw,Year 1, spring 19, Friday,17997,16.6
frame,lgw,Year 1, spring 19, Friday,17998,16.7
frame,lgw,Year 1, spring 19, Friday,17999,16.7
