kind,player,date,name,calls,total_ms,avg_ms,max_ms
switch,lgw,Year 1, spring 3, Wednesday,610,77.7
switch,lgw,Year 1, spring 3, Wednesday,620,18.5
switch,lgw,Year 1, spring 3, Wednesday,630,19.9
switch,lgw,Year 1, spring 3, Wednesday,640,17.9
switch,lgw,Year 1, spring 3, Wednesday,650,18.0
switch,lgw,Year 1, spring 3, Wednesday,700,21.0
switch,lgw,Year 1, spring 3, Wednesday,710,81.4
switch,lgw,Year 1, spring 3, Wednesday,720,17.4
switch,lgw,Year 1, spring 3, Wednesday,730,17.8
switchdetail,lgw,Year 1, spring 3, Wednesday,600,0,0.0
switchdetail,lgw,Year 1, spring 3, Wednesday,610,0,0.0
switchdetail,lgw,Year 1, spring 3, Wednesday,620,0,0.0
switchdetail,lgw,Year 1, spring 3, Wednesday,630,0,0.0
switchdetail,lgw,Year 1, spring 3, Wednesday,640,0,0.0
switchdetail,lgw,Year 1, spring 3, Wednesday,650,0,0.0
switchdetail,lgw,Year 1, spring 3, Wednesday,700,0,0.0
switchdetail,lgw,Year 1, spring 3, Wednesday,710,0,0.0
switchdetail,lgw,Year 1, spring 3, Wednesday,720,0,0.0
lag,lgw,Year 1, spring 3, Wednesday,2,203.7
lag,lgw,Year 1, spring 3, Wednesday,23,327.7
lag,lgw,Year 1, spring 3, Wednesday,100,98.0
lag,lgw,Year 1, spring 3, Wednesday,324,78.0
lag,lgw,Year 1, spring 3, Wednesday,3607,168.6
lag,lgw,Year 1, spring 3, Wednesday,3766,701.9
lag,lgw,Year 1, spring 3, Wednesday,3796,113.8
lag,lgw,Year 1, spring 3, Wednesday,4104,3892.6
lag,lgw,Year 1, spring 3, Wednesday,4105,109.1
lag,lgw,Year 1, spring 3, Wednesday,4439,94.9
lag,lgw,Year 1, spring 3, Wednesday,4523,77.7
lag,lgw,Year 1, spring 3, Wednesday,4907,81.4
frame,lgw,Year 1, spring 3, Wednesday,5120,16.4
frame,lgw,Year 1, spring 3, Wednesday,5121,16.7
frame,lgw,Year 1, spring 3, Wednesday,5122,16.7
frame,lgw,Year 1, spring 3, Wednesday,5123,16.7
frame,lgw,Year 1, spring 3, Wednesday,5124,16.7
frame,lgw,Year 1, spring 3, Wednesday,5125,17.2
frame,lgw,Year 1, spring 3, Wednesday,5126,16.1
frame,lgw,Year 1, spring 3, Wednesday,5127,16.7
frame,lgw,Year 1, spring 3, Wednesday,5128,16.9
frame,lgw,Year 1, spring 3, Wednesday,5129,16.5
frame,lgw,Year 1, spring 3, Wednesday,5130,16.5
frame,lgw,Year 1, spring 3, Wednesday,5131,19.1
frame,lgw,Year 1, spring 3, Wednesday,5132,14.4
frame,lgw,Year 1, spring 3, Wednesday,5133,16.6
frame,lgw,Year 1, spring 3, Wednesday,5134,16.6
frame,lgw,Year 1, spring 3, Wednesday,5135,16.9
frame,lgw,Year 1, spring 3, Wednesday,5136,16.4
frame,lgw,Year 1, spring 3, Wednesday,5137,16.8
frame,lgw,Year 1, spring 3, Wednesday,5138,16.6
frame,lgw,Year 1, spring 3, Wednesday,5139,16.6
frame,lgw,Year 1, spring 3, Wednesday,5140,16.9
frame,lgw,Year 1, spring 3, Wednesday,5141,16.5
frame,lgw,Year 1, spring 3, Wednesday,5142,16.7
frame,lgw,Year 1, spring 3, Wednesday,5143,17.9
frame,lgw,Year 1, spring 3, Wednesday,5144,15.4
frame,lgw,Year 1, spring 3, Wednesday,5145,16.6
frame,lgw,Year 1, spring 3, Wednesday,5146,17.8
frame,lgw,Year 1, spring 3, Wednesday,5147,16.1
frame,lgw,Year 1, spring 3, Wednesday,5148,19.7
frame,lgw,Year 1, spring 3, Wednesday,5149,14.3
frame,lgw,Year 1, spring 3, Wednesday,5150,15.4
frame,lgw,Year 1, spring 3, Wednesday,5151,16.7
frame,lgw,Year 1, spring 3, Wednesday,5152,16.6
frame,lgw,Year 1, spring 3, Wednesday,5153,16.7
frame,lgw,Year 1, spring 3, Wednesday,5154,16.7
frame,lgw,Year 1, spring 3, Wednesday,5155,16.8
frame,lgw,Year 1, spring 3, Wednesday,5156,16.5
frame,lgw,Year 1, spring 3, Wednesday,5157,16.7
frame,lgw,Year 1, spring 3, Wednesday,5158,16.6
frame,lgw,Year 1, spring 3, Wednesday,5159,16.7
frame,lgw,Year 1, spring 3, Wednesday,5160,17.6
frame,lgw,Year 1, spring 3, Wednesday,5161,15.7
frame,lgw,Year 1, spring 3, Wednesday,5162,16.7
frame,lgw,Year 1, spring 3, Wednesday,5163,16.7
frame,lgw,Year 1, spring 3, Wednesday,5164,16.6
frame,lgw,Year 1, spring 3, Wednesday,5165,17.5
frame,lgw,Year 1, spring 3, Wednesday,5166,15.8
frame,lgw,Year 1, spring 3, Wednesday,5167,16.7
frame,lgw,Year 1, spring 3, Wednesday,5168,16.7
frame,lgw,Year 1, spring 3, Wednesday,5169,16.8
frame,lgw,Year 1, spring 3, Wednesday,5170,16.5
frame,lgw,Year 1, spring 3, Wednesday,5171,16.7
frame,lgw,Year 1, spring 3, Wednesday,5172,16.9
frame,lgw,Year 1, spring 3, Wednesday,5173,16.4
frame,lgw,Year 1, spring 3, Wednesday,5174,16.7
frame,lgw,Year 1, spring 3, Wednesday,5175,16.7
frame,lgw,Year 1, spring 3, Wednesday,5176,16.7
frame,lgw,Year 1, spring 3, Wednesday,5177,16.7
frame,lgw,Year 1, spring 3, Wednesday,5178,16.7
frame,lgw,Year 1, spring 3, Wednesday,5179,16.8
frame,lgw,Year 1, spring 3, Wednesday,5180,16.5
frame,lgw,Year 1, spring 3, Wednesday,5181,16.8
frame,lgw,Year 1, spring 3, Wednesday,5182,16.5
frame,lgw,Year 1, spring 3, Wednesday,5183,17.2
frame,lgw,Year 1, spring 3, Wednesday,5184,16.2
frame,lgw,Year 1, spring 3, Wednesday,5185,16.6
frame,lgw,Year 1, spring 3, Wednesday,5186,16.7
frame,lgw,Year 1, spring 3, Wednesday,5187,16.6
frame,lgw,Year 1, spring 3, Wednesday,5188,16.7
frame,lgw,Year 1, spring 3, Wednesday,5189,16.6
frame,lgw,Year 1, spring 3, Wednesday,5190,16.7
frame,lgw,Year 1, spring 3, Wednesday,5191,16.6
frame,lgw,Year 1, spring 3, Wednesday,5192,16.7
frame,lgw,Year 1, spring 3, Wednesday,5193,16.6
frame,lgw,Year 1, spring 3, Wednesday,5194,16.8
frame,lgw,Year 1, spring 3, Wednesday,5195,17.4
frame,lgw,Year 1, spring 3, Wednesday,5196,15.9
frame,lgw,Year 1, spring 3, Wednesday,5197,16.7
frame,lgw,Year 1, spring 3, Wednesday,5198,16.7
frame,lgw,Year 1, spring 3, Wednesday,5199,16.6
frame,lgw,Year 1, spring 3, Wednesday,5200,16.7
frame,lgw,Year 1, spring 3, Wednesday,5201,16.8
frame,lgw,Year 1, spring 3, Wednesday,5202,16.6
frame,lgw,Year 1, spring 3, Wednesday,5203,16.8
frame,lgw,Year 1, spring 3, Wednesday,5204,16.6
frame,lgw,Year 1, spring 3, Wednesday,5205,16.6
frame,lgw,Year 1, spring 3, Wednesday,5206,16.8
frame,lgw,Year 1, spring 3, Wednesday,5207,16.5
frame,lgw,Year 1, spring 3, Wednesday,5208,16.9
frame,lgw,Year 1, spring 3, Wednesday,5209,16.5
frame,lgw,Year 1, spring 3, Wednesday,5210,16.7
frame,lgw,Year 1, spring 3, Wednesday,5211,16.7
frame,lgw,Year 1, spring 3, Wednesday,5212,16.7
frame,lgw,Year 1, spring 3, Wednesday,5213,18.4
frame,lgw,Year 1, spring 3, Wednesday,5214,18.9
frame,lgw,Year 1, spring 3, Wednesday,5215,12.7
frame,lgw,Year 1, spring 3, Wednesday,5216,16.7
frame,lgw,Year 1, spring 3, Wednesday,5217,17.1
frame,lgw,Year 1, spring 3, Wednesday,5218,16.7
frame,lgw,Year 1, spring 3, Wednesday,5219,16.1
frame,lgw,Year 1, spring 3, Wednesday,5220,16.7
frame,lgw,Year 1, spring 3, Wednesday,5221,16.7
frame,lgw,Year 1, spring 3, Wednesday,5222,16.7
frame,lgw,Year 1, spring 3, Wednesday,5223,16.8
frame,lgw,Year 1, spring 3, Wednesday,5224,16.6
frame,lgw,Year 1, spring 3, Wednesday,5225,16.5
frame,lgw,Year 1, spring 3, Wednesday,5226,20.6
frame,lgw,Year 1, spring 3, Wednesday,5227,13.4
frame,lgw,Year 1, spring 3, Wednesday,5228,17.4
frame,lgw,Year 1, spring 3, Wednesday,5229,15.5
frame,lgw,Year 1, spring 3, Wednesday,5230,16.8
frame,lgw,Year 1, spring 3, Wednesday,5231,16.4
frame,lgw,Year 1, spring 3, Wednesday,5232,17.8
frame,lgw,Year 1, spring 3, Wednesday,5233,15.5
frame,lgw,Year 1, spring 3, Wednesday,5234,16.7
frame,lgw,Year 1, spring 3, Wednesday,5235,16.7
frame,lgw,Year 1, spring 3, Wednesday,5236,16.7
frame,lgw,Year 1, spring 3, Wednesday,5237,16.8
frame,lgw,Year 1, spring 3, Wednesday,5238,16.6
frame,lgw,Year 1, spring 3, Wednesday,5239,16.8
frame,lgw,Year 1, spring 3, Wednesday,5240,16.6
frame,lgw,Year 1, spring 3, Wednesday,5241,16.9
frame,lgw,Year 1, spring 3, Wednesday,5242,16.3
frame,lgw,Year 1, spring 3, Wednesday,5243,16.7
frame,lgw,Year 1, spring 3, Wednesday,5244,18.2
frame,lgw,Year 1, spring 3, Wednesday,5245,15.2
frame,lgw,Year 1, spring 3, Wednesday,5246,16.7
frame,lgw,Year 1, spring 3, Wednesday,5247,17.2
frame,lgw,Year 1, spring 3, Wednesday,5248,16.2
frame,lgw,Year 1, spring 3, Wednesday,5249,16.6
frame,lgw,Year 1, spring 3, Wednesday,5250,17.1
frame,lgw,Year 1, spring 3, Wednesday,5251,16.7
frame,lgw,Year 1, spring 3, Wednesday,5252,16.2
frame,lgw,Year 1, spring 3, Wednesday,5253,16.6
frame,lgw,Year 1, spring 3, Wednesday,5254,16.7
frame,lgw,Year 1, spring 3, Wednesday,5255,16.9
frame,lgw,Year 1, spring 3, Wednesday,5256,18.3
frame,lgw,Year 1, spring 3, Wednesday,5257,14.8
frame,lgw,Year 1, spring 3, Wednesday,5258,16.6
frame,lgw,Year 1, spring 3, Wednesday,5259,16.7
frame,lgw,Year 1, spring 3, Wednesday,5260,16.7
frame,lgw,Year 1, spring 3, Wednesday,5261,16.7
frame,lgw,Year 1, spring 3, Wednesday,5262,16.6
frame,lgw,Year 1, spring 3, Wednesday,5263,16.7
frame,lgw,Year 1, spring 3, Wednesday,5264,16.9
frame,lgw,Year 1, spring 3, Wednesday,5265,16.4
frame,lgw,Year 1, spring 3, Wednesday,5266,16.7
frame,lgw,Year 1, spring 3, Wednesday,5267,17.1
frame,lgw,Year 1, spring 3, Wednesday,5268,16.4
frame,lgw,Year 1, spring 3, Wednesday,5269,16.6
frame,lgw,Year 1, spring 3, Wednesday,5270,16.6
frame,lgw,Year 1, spring 3, Wednesday,5271,17.4
frame,lgw,Year 1, spring 3, Wednesday,5272,15.9
frame,lgw,Year 1, spring 3, Wednesday,5273,16.6
frame,lgw,Year 1, spring 3, Wednesday,5274,18.0
frame,lgw,Year 1, spring 3, Wednesday,5275,15.3
frame,lgw,Year 1, spring 3, Wednesday,5276,17.0
frame,lgw,Year 1, spring 3, Wednesday,5277,16.5
frame,lgw,Year 1, spring 3, Wednesday,5278,16.5
frame,lgw,Year 1, spring 3, Wednesday,5279,16.6
frame,lgw,Year 1, spring 3, Wednesday,5280,16.9
frame,lgw,Year 1, spring 3, Wednesday,5281,18.0
frame,lgw,Year 1, spring 3, Wednesday,5282,15.0
frame,lgw,Year 1, spring 3, Wednesday,5283,16.7
frame,lgw,Year 1, spring 3, Wednesday,5284,17.0
frame,lgw,Year 1, spring 3, Wednesday,5285,16.4
frame,lgw,Year 1, spring 3, Wednesday,5286,16.7
frame,lgw,Year 1, spring 3, Wednesday,5287,16.8
frame,lgw,Year 1, spring 3, Wednesday,5288,16.6
frame,lgw,Year 1, spring 3, Wednesday,5289,16.6
frame,lgw,Year 1, spring 3, Wednesday,5290,16.7
frame,lgw,Year 1, spring 3, Wednesday,5291,17.0
frame,lgw,Year 1, spring 3, Wednesday,5292,16.3
frame,lgw,Year 1, spring 3, Wednesday,5293,16.7
frame,lgw,Year 1, spring 3, Wednesday,5294,17.7
frame,lgw,Year 1, spring 3, Wednesday,5295,15.8
frame,lgw,Year 1, spring 3, Wednesday,5296,16.5
frame,lgw,Year 1, spring 3, Wednesday,5297,16.7
frame,lgw,Year 1, spring 3, Wednesday,5298,16.6
frame,lgw,Year 1, spring 3, Wednesday,5299,16.7
frame,lgw,Year 1, spring 3, Wednesday,5300,16.7
frame,lgw,Year 1, spring 3, Wednesday,5301,16.6
frame,lgw,Year 1, spring 3, Wednesday,5302,16.7
frame,lgw,Year 1, spring 3, Wednesday,5303,18.7
frame,lgw,Year 1, spring 3, Wednesday,5304,14.6
frame,lgw,Year 1, spring 3, Wednesday,5305,17.1
frame,lgw,Year 1, spring 3, Wednesday,5306,16.3
frame,lgw,Year 1, spring 3, Wednesday,5307,16.8
frame,lgw,Year 1, spring 3, Wednesday,5308,17.7
frame,lgw,Year 1, spring 3, Wednesday,5309,15.6
frame,lgw,Year 1, spring 3, Wednesday,5310,16.5
frame,lgw,Year 1, spring 3, Wednesday,5311,16.7
frame,lgw,Year 1, spring 3, Wednesday,5312,16.7
frame,lgw,Year 1, spring 3, Wednesday,5313,17.6
frame,lgw,Year 1, spring 3, Wednesday,5314,15.7
frame,lgw,Year 1, spring 3, Wednesday,5315,16.7
frame,lgw,Year 1, spring 3, Wednesday,5316,16.7
frame,lgw,Year 1, spring 3, Wednesday,5317,16.6
frame,lgw,Year 1, spring 3, Wednesday,5318,16.7
frame,lgw,Year 1, spring 3, Wednesday,5319,16.6
frame,lgw,Year 1, spring 3, Wednesday,5320,17.5
frame,lgw,Year 1, spring 3, Wednesday,5321,16.0
frame,lgw,Year 1, spring 3, Wednesday,5322,16.7
frame,lgw,Year 1, spring 3, Wednesday,5323,18.3
frame,lgw,Year 1, spring 3, Wednesday,5324,14.9
frame,lgw,Year 1, spring 3, Wednesday,5325,16.6
frame,lgw,Year 1, spring 3, Wednesday,5326,16.7
frame,lgw,Year 1, spring 3, Wednesday,5327,16.7
frame,lgw,Year 1, spring 3, Wednesday,5328,16.7
frame,lgw,Year 1, spring 3, Wednesday,5329,16.5
frame,lgw,Year 1, spring 3, Wednesday,5330,16.7
frame,lgw,Year 1, spring 3, Wednesday,5331,16.7
frame,lgw,Year 1, spring 3, Wednesday,5332,16.7
frame,lgw,Year 1, spring 3, Wednesday,5333,16.7
frame,lgw,Year 1, spring 3, Wednesday,5334,16.7
frame,lgw,Year 1, spring 3, Wednesday,5335,17.2
frame,lgw,Year 1, spring 3, Wednesday,5336,16.2
frame,lgw,Year 1, spring 3, Wednesday,5337,16.6
frame,lgw,Year 1, spring 3, Wednesday,5338,16.7
frame,lgw,Year 1, spring 3, Wednesday,5339,16.7
frame,lgw,Year 1, spring 3, Wednesday,5340,16.6
frame,lgw,Year 1, spring 3, Wednesday,5341,16.7
frame,lgw,Year 1, spring 3, Wednesday,5342,16.7
frame,lgw,Year 1, spring 3, Wednesday,5343,18.1
frame,lgw,Year 1, spring 3, Wednesday,5344,15.2
frame,lgw,Year 1, spring 3, Wednesday,5345,16.7
frame,lgw,Year 1, spring 3, Wednesday,5346,18.3
frame,lgw,Year 1, spring 3, Wednesday,5347,15.5
frame,lgw,Year 1, spring 3, Wednesday,5348,16.5
frame,lgw,Year 1, spring 3, Wednesday,5349,19.2
frame,lgw,Year 1, spring 3, Wednesday,5350,13.9
frame,lgw,Year 1, spring 3, Wednesday,5351,16.6
frame,lgw,Year 1, spring 3, Wednesday,5352,17.5
frame,lgw,Year 1, spring 3, Wednesday,5353,15.8
frame,lgw,Year 1, spring 3, Wednesday,5354,16.7
frame,lgw,Year 1, spring 3, Wednesday,5355,23.0
frame,lgw,Year 1, spring 3, Wednesday,5356,10.4
frame,lgw,Year 1, spring 3, Wednesday,5357,16.7
frame,lgw,Year 1, spring 3, Wednesday,5358,16.6
frame,lgw,Year 1, spring 3, Wednesday,5359,16.7
frame,lgw,Year 1, spring 3, Wednesday,5360,16.9
frame,lgw,Year 1, spring 3, Wednesday,5361,16.4
frame,lgw,Year 1, spring 3, Wednesday,5362,16.8
frame,lgw,Year 1, spring 3, Wednesday,5363,16.7
frame,lgw,Year 1, spring 3, Wednesday,5364,16.6
frame,lgw,Year 1, spring 3, Wednesday,5365,16.6
frame,lgw,Year 1, spring 3, Wednesday,5366,16.7
frame,lgw,Year 1, spring 3, Wednesday,5367,16.7
frame,lgw,Year 1, spring 3, Wednesday,5368,16.8
frame,lgw,Year 1, spring 3, Wednesday,5369,16.4
frame,lgw,Year 1, spring 3, Wednesday,5370,16.7
frame,lgw,Year 1, spring 3, Wednesday,5371,16.8
frame,lgw,Year 1, spring 3, Wednesday,5372,16.7
frame,lgw,Year 1, spring 3, Wednesday,5373,17.0
frame,lgw,Year 1, spring 3, Wednesday,5374,16.2
frame,lgw,Year 1, spring 3, Wednesday,5375,16.8
frame,lgw,Year 1, spring 3, Wednesday,5376,16.6
frame,lgw,Year 1, spring 3, Wednesday,5377,16.7
frame,lgw,Year 1, spring 3, Wednesday,5378,16.7
frame,lgw,Year 1, spring 3, Wednesday,5379,17.6
frame,lgw,Year 1, spring 3, Wednesday,5380,23.6
frame,lgw,Year 1, spring 3, Wednesday,5381,8.8
frame,lgw,Year 1, spring 3, Wednesday,5382,16.6
frame,lgw,Year 1, spring 3, Wednesday,5383,16.7
frame,lgw,Year 1, spring 3, Wednesday,5384,16.6
frame,lgw,Year 1, spring 3, Wednesday,5385,16.8
frame,lgw,Year 1, spring 3, Wednesday,5386,16.6
frame,lgw,Year 1, spring 3, Wednesday,5387,16.6
frame,lgw,Year 1, spring 3, Wednesday,5388,16.8
frame,lgw,Year 1, spring 3, Wednesday,5389,16.5
frame,lgw,Year 1, spring 3, Wednesday,5390,16.7
frame,lgw,Year 1, spring 3, Wednesday,5391,16.6
frame,lgw,Year 1, spring 3, Wednesday,5392,16.7
frame,lgw,Year 1, spring 3, Wednesday,5393,16.7
frame,lgw,Year 1, spring 3, Wednesday,5394,16.7
frame,lgw,Year 1, spring 3, Wednesday,5395,16.7
frame,lgw,Year 1, spring 3, Wednesday,5396,16.6
frame,lgw,Year 1, spring 3, Wednesday,5397,16.7
frame,lgw,Year 1, spring 3, Wednesday,5398,16.8
frame,lgw,Year 1, spring 3, Wednesday,5399,16.6
frame,lgw,Year 1, spring 3, Wednesday,5400,16.7
frame,lgw,Year 1, spring 3, Wednesday,5401,16.7
frame,lgw,Year 1, spring 3, Wednesday,5402,16.8
frame,lgw,Year 1, spring 3, Wednesday,5403,16.5
frame,lgw,Year 1, spring 3, Wednesday,5404,16.6
frame,lgw,Year 1, spring 3, Wednesday,5405,16.7
frame,lgw,Year 1, spring 3, Wednesday,5406,16.9
frame,lgw,Year 1, spring 3, Wednesday,5407,16.8
frame,lgw,Year 1, spring 3, Wednesday,5408,16.5
frame,lgw,Year 1, spring 3, Wednesday,5409,16.5
frame,lgw,Year 1, spring 3, Wednesday,5410,16.7
frame,lgw,Year 1, spring 3, Wednesday,5411,16.7
frame,lgw,Year 1, spring 3, Wednesday,5412,16.7
frame,lgw,Year 1, spring 3, Wednesday,5413,16.7
frame,lgw,Year 1, spring 3, Wednesday,5414,16.7
frame,lgw,Year 1, spring 3, Wednesday,5415,16.7
frame,lgw,Year 1, spring 3, Wednesday,5416,16.7
frame,lgw,Year 1, spring 3, Wednesday,5417,17.0
frame,lgw,Year 1, spring 3, Wednesday,5418,16.8
frame,lgw,Year 1, spring 3, Wednesday,5419,16.2
frame,lgw,Year 1, spring 3, Wednesday,5420,16.8
frame,lgw,Year 1, spring 3, Wednesday,5421,16.7
frame,lgw,Year 1, spring 3, Wednesday,5422,16.6
frame,lgw,Year 1, spring 3, Wednesday,5423,16.7
frame,lgw,Year 1, spring 3, Wednesday,5424,16.6
frame,lgw,Year 1, spring 3, Wednesday,5425,17.0
frame,lgw,Year 1, spring 3, Wednesday,5426,16.4
frame,lgw,Year 1, spring 3, Wednesday,5427,17.8
frame,lgw,Year 1, spring 3, Wednesday,5428,15.5
frame,lgw,Year 1, spring 3, Wednesday,5429,16.7
frame,lgw,Year 1, spring 3, Wednesday,5430,16.6
frame,lgw,Year 1, spring 3, Wednesday,5431,16.6
frame,lgw,Year 1, spring 3, Wednesday,5432,16.8
frame,lgw,Year 1, spring 3, Wednesday,5433,16.5
frame,lgw,Year 1, spring 3, Wednesday,5434,16.7
frame,lgw,Year 1, spring 3, Wednesday,5435,16.6
frame,lgw,Year 1, spring 3, Wednesday,5436,17.8
frame,lgw,Year 1, spring 3, Wednesday,5437,16.6
frame,lgw,Year 1, spring 3, Wednesday,5438,15.6
frame,lgw,Year 1, spring 3, Wednesday,5439,16.9
frame,lgw,Year 1, spring 3, Wednesday,5440,16.4
frame,lgw,Year 1, spring 3, Wednesday,5441,16.7
frame,lgw,Year 1, spring 3, Wednesday,5442,16.7
frame,lgw,Year 1, spring 3, Wednesday,5443,16.8
frame,lgw,Year 1, spring 3, Wednesday,5444,16.5
frame,lgw,Year 1, spring 3, Wednesday,5445,16.7
frame,lgw,Year 1, spring 3, Wednesday,5446,16.6
frame,lgw,Year 1, spring 3, Wednesday,5447,18.2
frame,lgw,Year 1, spring 3, Wednesday,5448,15.4
frame,lgw,Year 1, spring 3, Wednesday,5449,16.5
frame,lgw,Year 1, spring 3, Wednesday,5450,17.6
frame,lgw,Year 1, spring 3, Wednesday,5451,15.7
frame,lgw,Year 1, spring 3, Wednesday,5452,16.7
frame,lgw,Year 1, spring 3, Wednesday,5453,16.6
frame,lgw,Year 1, spring 3, Wednesday,5454,17.6
frame,lgw,Year 1, spring 3, Wednesday,5455,15.7
frame,lgw,Year 1, spring 3, Wednesday,5456,16.7
frame,lgw,Year 1, spring 3, Wednesday,5457,16.6
frame,lgw,Year 1, spring 3, Wednesday,5458,17.6
frame,lgw,Year 1, spring 3, Wednesday,5459,15.7
frame,lgw,Year 1, spring 3, Wednesday,5460,16.7
frame,lgw,Year 1, spring 3, Wednesday,5461,18.1
frame,lgw,Year 1, spring 3, Wednesday,5462,15.3
frame,lgw,Year 1, spring 3, Wednesday,5463,16.8
frame,lgw,Year 1, spring 3, Wednesday,5464,16.9
frame,lgw,Year 1, spring 3, Wednesday,5465,16.4
frame,lgw,Year 1, spring 3, Wednesday,5466,16.7
frame,lgw,Year 1, spring 3, Wednesday,5467,16.7
frame,lgw,Year 1, spring 3, Wednesday,5468,16.6
frame,lgw,Year 1, spring 3, Wednesday,5469,16.6
frame,lgw,Year 1, spring 3, Wednesday,5470,16.7
frame,lgw,Year 1, spring 3, Wednesday,5471,16.7
frame,lgw,Year 1, spring 3, Wednesday,5472,16.7
frame,lgw,Year 1, spring 3, Wednesday,5473,16.8
frame,lgw,Year 1, spring 3, Wednesday,5474,16.8
frame,lgw,Year 1, spring 3, Wednesday,5475,16.4
frame,lgw,Year 1, spring 3, Wednesday,5476,16.7
frame,lgw,Year 1, spring 3, Wednesday,5477,16.7
frame,lgw,Year 1, spring 3, Wednesday,5478,16.6
frame,lgw,Year 1, spring 3, Wednesday,5479,18.1
frame,lgw,Year 1, spring 3, Wednesday,5480,15.3
frame,lgw,Year 1, spring 3, Wednesday,5481,16.8
frame,lgw,Year 1, spring 3, Wednesday,5482,16.7
frame,lgw,Year 1, spring 3, Wednesday,5483,16.8
frame,lgw,Year 1, spring 3, Wednesday,5484,16.3
frame,lgw,Year 1, spring 3, Wednesday,5485,16.7
frame,lgw,Year 1, spring 3, Wednesday,5486,16.8
frame,lgw,Year 1, spring 3, Wednesday,5487,16.6
frame,lgw,Year 1, spring 3, Wednesday,5488,17.2
frame,lgw,Year 1, spring 3, Wednesday,5489,16.1
frame,lgw,Year 1, spring 3, Wednesday,5490,16.7
frame,lgw,Year 1, spring 3, Wednesday,5491,16.6
frame,lgw,Year 1, spring 3, Wednesday,5492,16.6
frame,lgw,Year 1, spring 3, Wednesday,5493,16.7
frame,lgw,Year 1, spring 3, Wednesday,5494,16.7
frame,lgw,Year 1, spring 3, Wednesday,5495,16.6
frame,lgw,Year 1, spring 3, Wednesday,5496,16.7
frame,lgw,Year 1, spring 3, Wednesday,5497,16.7
frame,lgw,Year 1, spring 3, Wednesday,5498,16.6
frame,lgw,Year 1, spring 3, Wednesday,5499,16.7
frame,lgw,Year 1, spring 3, Wednesday,5500,16.7
frame,lgw,Year 1, spring 3, Wednesday,5501,16.7
frame,lgw,Year 1, spring 3, Wednesday,5502,16.8
frame,lgw,Year 1, spring 3, Wednesday,5503,17.6
frame,lgw,Year 1, spring 3, Wednesday,5504,15.5
frame,lgw,Year 1, spring 3, Wednesday,5505,17.0
frame,lgw,Year 1, spring 3, Wednesday,5506,16.3
frame,lgw,Year 1, spring 3, Wednesday,5507,16.7
frame,lgw,Year 1, spring 3, Wednesday,5508,16.6
frame,lgw,Year 1, spring 3, Wednesday,5509,18.3
frame,lgw,Year 1, spring 3, Wednesday,5510,15.1
frame,lgw,Year 1, spring 3, Wednesday,5511,16.7
frame,lgw,Year 1, spring 3, Wednesday,5512,16.7
frame,lgw,Year 1, spring 3, Wednesday,5513,16.8
frame,lgw,Year 1, spring 3, Wednesday,5514,16.6
frame,lgw,Year 1, spring 3, Wednesday,5515,16.7
frame,lgw,Year 1, spring 3, Wednesday,5516,16.6
frame,lgw,Year 1, spring 3, Wednesday,5517,16.6
frame,lgw,Year 1, spring 3, Wednesday,5518,16.7
frame,lgw,Year 1, spring 3, Wednesday,5519,16.7
frame,lgw,Year 1, spring 3, Wednesday,5520,16.7
frame,lgw,Year 1, spring 3, Wednesday,5521,17.1
frame,lgw,Year 1, spring 3, Wednesday,5522,16.3
frame,lgw,Year 1, spring 3, Wednesday,5523,16.6
frame,lgw,Year 1, spring 3, Wednesday,5524,16.7
frame,lgw,Year 1, spring 3, Wednesday,5525,16.7
frame,lgw,Year 1, spring 3, Wednesday,5526,16.6
frame,lgw,Year 1, spring 3, Wednesday,5527,17.3
frame,lgw,Year 1, spring 3, Wednesday,5528,16.1
frame,lgw,Year 1, spring 3, Wednesday,5529,16.7
frame,lgw,Year 1, spring 3, Wednesday,5530,16.6
frame,lgw,Year 1, spring 3, Wednesday,5531,16.7
frame,lgw,Year 1, spring 3, Wednesday,5532,16.6
frame,lgw,Year 1, spring 3, Wednesday,5533,16.6
frame,lgw,Year 1, spring 3, Wednesday,5534,16.7
frame,lgw,Year 1, spring 3, Wednesday,5535,16.7
frame,lgw,Year 1, spring 3, Wednesday,5536,16.9
frame,lgw,Year 1, spring 3, Wednesday,5537,16.4
frame,lgw,Year 1, spring 3, Wednesday,5538,16.6
frame,lgw,Year 1, spring 3, Wednesday,5539,18.9
frame,lgw,Year 1, spring 3, Wednesday,5540,14.4
frame,lgw,Year 1, spring 3, Wednesday,5541,16.7
frame,lgw,Year 1, spring 3, Wednesday,5542,16.9
frame,lgw,Year 1, spring 3, Wednesday,5543,16.4
frame,lgw,Year 1, spring 3, Wednesday,5544,16.7
frame,lgw,Year 1, spring 3, Wednesday,5545,16.6
frame,lgw,Year 1, spring 3, Wednesday,5546,16.7
frame,lgw,Year 1, spring 3, Wednesday,5547,16.7
frame,lgw,Year 1, spring 3, Wednesday,5548,16.9
frame,lgw,Year 1, spring 3, Wednesday,5549,16.6
frame,lgw,Year 1, spring 3, Wednesday,5550,16.6
frame,lgw,Year 1, spring 3, Wednesday,5551,16.6
frame,lgw,Year 1, spring 3, Wednesday,5552,16.6
frame,lgw,Year 1, spring 3, Wednesday,5553,16.7
frame,lgw,Year 1, spring 3, Wednesday,5554,16.7
frame,lgw,Year 1, spring 3, Wednesday,5555,16.7
frame,lgw,Year 1, spring 3, Wednesday,5556,16.9
frame,lgw,Year 1, spring 3, Wednesday,5557,16.5
frame,lgw,Year 1, spring 3, Wednesday,5558,16.9
frame,lgw,Year 1, spring 3, Wednesday,5559,16.4
frame,lgw,Year 1, spring 3, Wednesday,5560,18.2
frame,lgw,Year 1, spring 3, Wednesday,5561,15.3
frame,lgw,Year 1, spring 3, Wednesday,5562,16.9
frame,lgw,Year 1, spring 3, Wednesday,5563,16.4
frame,lgw,Year 1, spring 3, Wednesday,5564,16.5
frame,lgw,Year 1, spring 3, Wednesday,5565,16.6
frame,lgw,Year 1, spring 3, Wednesday,5566,16.7
frame,lgw,Year 1, spring 3, Wednesday,5567,16.7
frame,lgw,Year 1, spring 3, Wednesday,5568,16.7
frame,lgw,Year 1, spring 3, Wednesday,5569,16.7
frame,lgw,Year 1, spring 3, Wednesday,5570,16.7
frame,lgw,Year 1, spring 3, Wednesday,5571,16.9
frame,lgw,Year 1, spring 3, Wednesday,5572,16.4
frame,lgw,Year 1, spring 3, Wednesday,5573,16.7
frame,lgw,Year 1, spring 3, Wednesday,5574,16.7
frame,lgw,Year 1, spring 3, Wednesday,5575,16.6
frame,lgw,Year 1, spring 3, Wednesday,5576,16.8
frame,lgw,Year 1, spring 3, Wednesday,5577,16.8
frame,lgw,Year 1, spring 3, Wednesday,5578,16.5
frame,lgw,Year 1, spring 3, Wednesday,5579,16.6
frame,lgw,Year 1, spring 3, Wednesday,5580,16.7
frame,lgw,Year 1, spring 3, Wednesday,5581,16.7
frame,lgw,Year 1, spring 3, Wednesday,5582,18.1
frame,lgw,Year 1, spring 3, Wednesday,5583,15.3
frame,lgw,Year 1, spring 3, Wednesday,5584,16.7
frame,lgw,Year 1, spring 3, Wednesday,5585,16.7
frame,lgw,Year 1, spring 3, Wednesday,5586,17.9
frame,lgw,Year 1, spring 3, Wednesday,5587,16.6
frame,lgw,Year 1, spring 3, Wednesday,5588,15.5
frame,lgw,Year 1, spring 3, Wednesday,5589,16.6
frame,lgw,Year 1, spring 3, Wednesday,5590,16.6
frame,lgw,Year 1, spring 3, Wednesday,5591,16.7
frame,lgw,Year 1, spring 3, Wednesday,5592,16.6
frame,lgw,Year 1, spring 3, Wednesday,5593,17.2
frame,lgw,Year 1, spring 3, Wednesday,5594,16.1
frame,lgw,Year 1, spring 3, Wednesday,5595,16.7
frame,lgw,Year 1, spring 3, Wednesday,5596,17.8
frame,lgw,Year 1, spring 3, Wednesday,5597,15.9
frame,lgw,Year 1, spring 3, Wednesday,5598,16.3
frame,lgw,Year 1, spring 3, Wednesday,5599,16.7
frame,lgw,Year 1, spring 3, Wednesday,5600,16.8
frame,lgw,Year 1, spring 3, Wednesday,5601,16.6
frame,lgw,Year 1, spring 3, Wednesday,5602,16.9
frame,lgw,Year 1, spring 3, Wednesday,5603,16.4
frame,lgw,Year 1, spring 3, Wednesday,5604,16.6
frame,lgw,Year 1, spring 3, Wednesday,5605,16.7
frame,lgw,Year 1, spring 3, Wednesday,5606,16.7
frame,lgw,Year 1, spring 3, Wednesday,5607,16.7
frame,lgw,Year 1, spring 3, Wednesday,5608,16.7
frame,lgw,Year 1, spring 3, Wednesday,5609,16.9
frame,lgw,Year 1, spring 3, Wednesday,5610,16.5
frame,lgw,Year 1, spring 3, Wednesday,5611,17.0
frame,lgw,Year 1, spring 3, Wednesday,5612,16.3
frame,lgw,Year 1, spring 3, Wednesday,5613,16.8
frame,lgw,Year 1, spring 3, Wednesday,5614,16.7
frame,lgw,Year 1, spring 3, Wednesday,5615,16.6
frame,lgw,Year 1, spring 3, Wednesday,5616,16.6
frame,lgw,Year 1, spring 3, Wednesday,5617,17.0
frame,lgw,Year 1, spring 3, Wednesday,5618,16.3
frame,lgw,Year 1, spring 3, Wednesday,5619,16.7
frame,lgw,Year 1, spring 3, Wednesday,5620,16.6
frame,lgw,Year 1, spring 3, Wednesday,5621,16.7
frame,lgw,Year 1, spring 3, Wednesday,5622,16.9
frame,lgw,Year 1, spring 3, Wednesday,5623,16.4
frame,lgw,Year 1, spring 3, Wednesday,5624,17.1
frame,lgw,Year 1, spring 3, Wednesday,5625,16.3
frame,lgw,Year 1, spring 3, Wednesday,5626,16.7
frame,lgw,Year 1, spring 3, Wednesday,5627,16.6
frame,lgw,Year 1, spring 3, Wednesday,5628,16.6
frame,lgw,Year 1, spring 3, Wednesday,5629,17.8
frame,lgw,Year 1, spring 3, Wednesday,5630,15.5
frame,lgw,Year 1, spring 3, Wednesday,5631,16.7
frame,lgw,Year 1, spring 3, Wednesday,5632,16.8
frame,lgw,Year 1, spring 3, Wednesday,5633,17.6
frame,lgw,Year 1, spring 3, Wednesday,5634,15.6
frame,lgw,Year 1, spring 3, Wednesday,5635,16.7
frame,lgw,Year 1, spring 3, Wednesday,5636,16.6
frame,lgw,Year 1, spring 3, Wednesday,5637,16.6
frame,lgw,Year 1, spring 3, Wednesday,5638,17.1
frame,lgw,Year 1, spring 3, Wednesday,5639,16.3
frame,lgw,Year 1, spring 3, Wednesday,5640,17.0
frame,lgw,Year 1, spring 3, Wednesday,5641,17.6
frame,lgw,Year 1, spring 3, Wednesday,5642,15.3
frame,lgw,Year 1, spring 3, Wednesday,5643,16.6
frame,lgw,Year 1, spring 3, Wednesday,5644,16.7
frame,lgw,Year 1, spring 3, Wednesday,5645,16.6
frame,lgw,Year 1, spring 3, Wednesday,5646,16.6
frame,lgw,Year 1, spring 3, Wednesday,5647,16.8
frame,lgw,Year 1, spring 3, Wednesday,5648,17.0
frame,lgw,Year 1, spring 3, Wednesday,5649,16.4
frame,lgw,Year 1, spring 3, Wednesday,5650,16.9
frame,lgw,Year 1, spring 3, Wednesday,5651,16.3
frame,lgw,Year 1, spring 3, Wednesday,5652,16.7
frame,lgw,Year 1, spring 3, Wednesday,5653,18.5
frame,lgw,Year 1, spring 3, Wednesday,5654,14.8
frame,lgw,Year 1, spring 3, Wednesday,5655,17.0
frame,lgw,Year 1, spring 3, Wednesday,5656,16.4
frame,lgw,Year 1, spring 3, Wednesday,5657,16.7
frame,lgw,Year 1, spring 3, Wednesday,5658,16.7
frame,lgw,Year 1, spring 3, Wednesday,5659,16.6
frame,lgw,Year 1, spring 3, Wednesday,5660,16.6
frame,lgw,Year 1, spring 3, Wednesday,5661,16.9
frame,lgw,Year 1, spring 3, Wednesday,5662,16.6
frame,lgw,Year 1, spring 3, Wednesday,5663,16.5
frame,lgw,Year 1, spring 3, Wednesday,5664,16.6
frame,lgw,Year 1, spring 3, Wednesday,5665,16.7
frame,lgw,Year 1, spring 3, Wednesday,5666,16.7
frame,lgw,Year 1, spring 3, Wednesday,5667,16.7
frame,lgw,Year 1, spring 3, Wednesday,5668,17.8
frame,lgw,Year 1, spring 3, Wednesday,5669,15.6
frame,lgw,Year 1, spring 3, Wednesday,5670,16.7
frame,lgw,Year 1, spring 3, Wednesday,5671,16.6
frame,lgw,Year 1, spring 3, Wednesday,5672,16.7
frame,lgw,Year 1, spring 3, Wednesday,5673,16.9
frame,lgw,Year 1, spring 3, Wednesday,5674,16.5
frame,lgw,Year 1, spring 3, Wednesday,5675,16.7
frame,lgw,Year 1, spring 3, Wednesday,5676,16.8
frame,lgw,Year 1, spring 3, Wednesday,5677,17.1
frame,lgw,Year 1, spring 3, Wednesday,5678,16.3
frame,lgw,Year 1, spring 3, Wednesday,5679,16.4
frame,lgw,Year 1, spring 3, Wednesday,5680,16.7
frame,lgw,Year 1, spring 3, Wednesday,5681,16.7
frame,lgw,Year 1, spring 3, Wednesday,5682,16.7
frame,lgw,Year 1, spring 3, Wednesday,5683,16.7
frame,lgw,Year 1, spring 3, Wednesday,5684,16.6
frame,lgw,Year 1, spring 3, Wednesday,5685,17.5
frame,lgw,Year 1, spring 3, Wednesday,5686,15.8
frame,lgw,Year 1, spring 3, Wednesday,5687,16.9
frame,lgw,Year 1, spring 3, Wednesday,5688,16.7
frame,lgw,Year 1, spring 3, Wednesday,5689,16.5
frame,lgw,Year 1, spring 3, Wednesday,5690,16.7
frame,lgw,Year 1, spring 3, Wednesday,5691,16.6
frame,lgw,Year 1, spring 3, Wednesday,5692,16.7
frame,lgw,Year 1, spring 3, Wednesday,5693,16.8
frame,lgw,Year 1, spring 3, Wednesday,5694,16.5
frame,lgw,Year 1, spring 3, Wednesday,5695,16.6
frame,lgw,Year 1, spring 3, Wednesday,5696,16.7
frame,lgw,Year 1, spring 3, Wednesday,5697,17.2
frame,lgw,Year 1, spring 3, Wednesday,5698,16.1
frame,lgw,Year 1, spring 3, Wednesday,5699,16.7
frame,lgw,Year 1, spring 3, Wednesday,5700,16.8
frame,lgw,Year 1, spring 3, Wednesday,5701,17.6
frame,lgw,Year 1, spring 3, Wednesday,5702,15.7
frame,lgw,Year 1, spring 3, Wednesday,5703,17.0
frame,lgw,Year 1, spring 3, Wednesday,5704,18.0
frame,lgw,Year 1, spring 3, Wednesday,5705,15.0
frame,lgw,Year 1, spring 3, Wednesday,5706,16.7
frame,lgw,Year 1, spring 3, Wednesday,5707,16.7
frame,lgw,Year 1, spring 3, Wednesday,5708,17.5
frame,lgw,Year 1, spring 3, Wednesday,5709,15.9
frame,lgw,Year 1, spring 3, Wednesday,5710,16.6
frame,lgw,Year 1, spring 3, Wednesday,5711,16.6
frame,lgw,Year 1, spring 3, Wednesday,5712,16.7
frame,lgw,Year 1, spring 3, Wednesday,5713,16.7
frame,lgw,Year 1, spring 3, Wednesday,5714,16.7
frame,lgw,Year 1, spring 3, Wednesday,5715,16.7
frame,lgw,Year 1, spring 3, Wednesday,5716,16.7
frame,lgw,Year 1, spring 3, Wednesday,5717,16.6
frame,lgw,Year 1, spring 3, Wednesday,5718,16.7
frame,lgw,Year 1, spring 3, Wednesday,5719,16.6
frame,lgw,Year 1, spring 3, Wednesday,5720,16.7
frame,lgw,Year 1, spring 3, Wednesday,5721,16.6
frame,lgw,Year 1, spring 3, Wednesday,5722,16.8
frame,lgw,Year 1, spring 3, Wednesday,5723,17.8
frame,lgw,Year 1, spring 3, Wednesday,5724,15.5
frame,lgw,Year 1, spring 3, Wednesday,5725,16.6
frame,lgw,Year 1, spring 3, Wednesday,5726,16.6
frame,lgw,Year 1, spring 3, Wednesday,5727,17.4
frame,lgw,Year 1, spring 3, Wednesday,5728,16.1
frame,lgw,Year 1, spring 3, Wednesday,5729,16.6
frame,lgw,Year 1, spring 3, Wednesday,5730,16.5
frame,lgw,Year 1, spring 3, Wednesday,5731,16.7
frame,lgw,Year 1, spring 3, Wednesday,5732,17.1
frame,lgw,Year 1, spring 3, Wednesday,5733,16.3
frame,lgw,Year 1, spring 3, Wednesday,5734,16.6
frame,lgw,Year 1, spring 3, Wednesday,5735,16.7
frame,lgw,Year 1, spring 3, Wednesday,5736,16.7
frame,lgw,Year 1, spring 3, Wednesday,5737,17.1
frame,lgw,Year 1, spring 3, Wednesday,5738,16.2
frame,lgw,Year 1, spring 3, Wednesday,5739,16.7
frame,lgw,Year 1, spring 3, Wednesday,5740,16.7
frame,lgw,Year 1, spring 3, Wednesday,5741,16.8
frame,lgw,Year 1, spring 3, Wednesday,5742,16.7
frame,lgw,Year 1, spring 3, Wednesday,5743,17.1
frame,lgw,Year 1, spring 3, Wednesday,5744,16.3
frame,lgw,Year 1, spring 3, Wednesday,5745,16.5
frame,lgw,Year 1, spring 3, Wednesday,5746,17.6
frame,lgw,Year 1, spring 3, Wednesday,5747,15.7
frame,lgw,Year 1, spring 3, Wednesday,5748,16.7
frame,lgw,Year 1, spring 3, Wednesday,5749,16.7
frame,lgw,Year 1, spring 3, Wednesday,5750,16.6
frame,lgw,Year 1, spring 3, Wednesday,5751,16.7
frame,lgw,Year 1, spring 3, Wednesday,5752,16.7
frame,lgw,Year 1, spring 3, Wednesday,5753,16.7
frame,lgw,Year 1, spring 3, Wednesday,5754,16.6
frame,lgw,Year 1, spring 3, Wednesday,5755,16.6
frame,lgw,Year 1, spring 3, Wednesday,5756,17.0
frame,lgw,Year 1, spring 3, Wednesday,5757,16.4
frame,lgw,Year 1, spring 3, Wednesday,5758,16.6
frame,lgw,Year 1, spring 3, Wednesday,5759,16.7
frame,lgw,Year 1, spring 3, Wednesday,5760,16.7
frame,lgw,Year 1, spring 3, Wednesday,5761,16.7
frame,lgw,Year 1, spring 3, Wednesday,5762,16.8
frame,lgw,Year 1, spring 3, Wednesday,5763,16.5
frame,lgw,Year 1, spring 3, Wednesday,5764,17.1
frame,lgw,Year 1, spring 3, Wednesday,5765,17.0
frame,lgw,Year 1, spring 3, Wednesday,5766,15.9
frame,lgw,Year 1, spring 3, Wednesday,5767,16.6
frame,lgw,Year 1, spring 3, Wednesday,5768,16.9
frame,lgw,Year 1, spring 3, Wednesday,5769,16.6
frame,lgw,Year 1, spring 3, Wednesday,5770,17.9
frame,lgw,Year 1, spring 3, Wednesday,5771,15.3
frame,lgw,Year 1, spring 3, Wednesday,5772,16.7
frame,lgw,Year 1, spring 3, Wednesday,5773,16.7
frame,lgw,Year 1, spring 3, Wednesday,5774,16.6
frame,lgw,Year 1, spring 3, Wednesday,5775,16.7
frame,lgw,Year 1, spring 3, Wednesday,5776,16.7
frame,lgw,Year 1, spring 3, Wednesday,5777,16.7
frame,lgw,Year 1, spring 3, Wednesday,5778,16.8
frame,lgw,Year 1, spring 3, Wednesday,5779,17.0
frame,lgw,Year 1, spring 3, Wednesday,5780,16.1
frame,lgw,Year 1, spring 3, Wednesday,5781,16.7
frame,lgw,Year 1, spring 3, Wednesday,5782,16.6
frame,lgw,Year 1, spring 3, Wednesday,5783,16.7
frame,lgw,Year 1, spring 3, Wednesday,5784,16.8
frame,lgw,Year 1, spring 3, Wednesday,5785,16.7
frame,lgw,Year 1, spring 3, Wednesday,5786,16.3
frame,lgw,Year 1, spring 3, Wednesday,5787,16.7
frame,lgw,Year 1, spring 3, Wednesday,5788,16.7
frame,lgw,Year 1, spring 3, Wednesday,5789,16.6
frame,lgw,Year 1, spring 3, Wednesday,5790,16.7
frame,lgw,Year 1, spring 3, Wednesday,5791,16.6
frame,lgw,Year 1, spring 3, Wednesday,5792,16.7
frame,lgw,Year 1, spring 3, Wednesday,5793,16.8
frame,lgw,Year 1, spring 3, Wednesday,5794,16.7
frame,lgw,Year 1, spring 3, Wednesday,5795,16.5
frame,lgw,Year 1, spring 3, Wednesday,5796,16.8
frame,lgw,Year 1, spring 3, Wednesday,5797,16.6
frame,lgw,Year 1, spring 3, Wednesday,5798,16.8
frame,lgw,Year 1, spring 3, Wednesday,5799,16.5
frame,lgw,Year 1, spring 3, Wednesday,5800,16.8
frame,lgw,Year 1, spring 3, Wednesday,5801,16.6
frame,lgw,Year 1, spring 3, Wednesday,5802,16.8
frame,lgw,Year 1, spring 3, Wednesday,5803,16.5
frame,lgw,Year 1, spring 3, Wednesday,5804,16.7
frame,lgw,Year 1, spring 3, Wednesday,5805,16.6
frame,lgw,Year 1, spring 3, Wednesday,5806,16.7
frame,lgw,Year 1, spring 3, Wednesday,5807,16.8
frame,lgw,Year 1, spring 3, Wednesday,5808,16.7
frame,lgw,Year 1, spring 3, Wednesday,5809,16.5
frame,lgw,Year 1, spring 3, Wednesday,5810,16.7
frame,lgw,Year 1, spring 3, Wednesday,5811,16.6
frame,lgw,Year 1, spring 3, Wednesday,5812,16.7
frame,lgw,Year 1, spring 3, Wednesday,5813,16.7
frame,lgw,Year 1, spring 3, Wednesday,5814,16.6
frame,lgw,Year 1, spring 3, Wednesday,5815,16.7
frame,lgw,Year 1, spring 3, Wednesday,5816,16.7
frame,lgw,Year 1, spring 3, Wednesday,5817,21.0
frame,lgw,Year 1, spring 3, Wednesday,5818,12.4
frame,lgw,Year 1, spring 3, Wednesday,5819,17.2
frame,lgw,Year 1, spring 3, Wednesday,5820,16.1
frame,lgw,Year 1, spring 3, Wednesday,5821,17.1
frame,lgw,Year 1, spring 3, Wednesday,5822,16.6
frame,lgw,Year 1, spring 3, Wednesday,5823,16.4
frame,lgw,Year 1, spring 3, Wednesday,5824,16.6
frame,lgw,Year 1, spring 3, Wednesday,5825,16.7
frame,lgw,Year 1, spring 3, Wednesday,5826,16.6
frame,lgw,Year 1, spring 3, Wednesday,5827,16.7
frame,lgw,Year 1, spring 3, Wednesday,5828,16.8
frame,lgw,Year 1, spring 3, Wednesday,5829,16.7
frame,lgw,Year 1, spring 3, Wednesday,5830,16.8
frame,lgw,Year 1, spring 3, Wednesday,5831,16.6
frame,lgw,Year 1, spring 3, Wednesday,5832,17.6
frame,lgw,Year 1, spring 3, Wednesday,5833,15.6
frame,lgw,Year 1, spring 3, Wednesday,5834,16.7
frame,lgw,Year 1, spring 3, Wednesday,5835,16.6
frame,lgw,Year 1, spring 3, Wednesday,5836,16.8
frame,lgw,Year 1, spring 3, Wednesday,5837,16.5
frame,lgw,Year 1, spring 3, Wednesday,5838,16.7
frame,lgw,Year 1, spring 3, Wednesday,5839,16.7
frame,lgw,Year 1, spring 3, Wednesday,5840,16.8
frame,lgw,Year 1, spring 3, Wednesday,5841,16.7
frame,lgw,Year 1, spring 3, Wednesday,5842,17.3
frame,lgw,Year 1, spring 3, Wednesday,5843,16.1
frame,lgw,Year 1, spring 3, Wednesday,5844,16.6
frame,lgw,Year 1, spring 3, Wednesday,5845,16.6
frame,lgw,Year 1, spring 3, Wednesday,5846,17.0
frame,lgw,Year 1, spring 3, Wednesday,5847,16.4
frame,lgw,Year 1, spring 3, Wednesday,5848,16.5
frame,lgw,Year 1, spring 3, Wednesday,5849,16.7
frame,lgw,Year 1, spring 3, Wednesday,5850,16.6
frame,lgw,Year 1, spring 3, Wednesday,5851,17.4
frame,lgw,Year 1, spring 3, Wednesday,5852,16.1
frame,lgw,Year 1, spring 3, Wednesday,5853,16.7
frame,lgw,Year 1, spring 3, Wednesday,5854,17.0
frame,lgw,Year 1, spring 3, Wednesday,5855,16.4
frame,lgw,Year 1, spring 3, Wednesday,5856,16.5
frame,lgw,Year 1, spring 3, Wednesday,5857,16.7
frame,lgw,Year 1, spring 3, Wednesday,5858,16.6
frame,lgw,Year 1, spring 3, Wednesday,5859,16.7
frame,lgw,Year 1, spring 3, Wednesday,5860,17.1
frame,lgw,Year 1, spring 3, Wednesday,5861,16.2
frame,lgw,Year 1, spring 3, Wednesday,5862,16.9
frame,lgw,Year 1, spring 3, Wednesday,5863,16.7
frame,lgw,Year 1, spring 3, Wednesday,5864,16.5
frame,lgw,Year 1, spring 3, Wednesday,5865,16.6
frame,lgw,Year 1, spring 3, Wednesday,5866,16.7
frame,lgw,Year 1, spring 3, Wednesday,5867,16.6
frame,lgw,Year 1, spring 3, Wednesday,5868,16.6
frame,lgw,Year 1, spring 3, Wednesday,5869,16.7
frame,lgw,Year 1, spring 3, Wednesday,5870,16.7
frame,lgw,Year 1, spring 3, Wednesday,5871,16.7
frame,lgw,Year 1, spring 3, Wednesday,5872,16.8
frame,lgw,Year 1, spring 3, Wednesday,5873,16.5
frame,lgw,Year 1, spring 3, Wednesday,5874,16.6
frame,lgw,Year 1, spring 3, Wednesday,5875,16.7
frame,lgw,Year 1, spring 3, Wednesday,5876,16.6
frame,lgw,Year 1, spring 3, Wednesday,5877,16.7
frame,lgw,Year 1, spring 3, Wednesday,5878,17.0
frame,lgw,Year 1, spring 3, Wednesday,5879,16.4
frame,lgw,Year 1, spring 3, Wednesday,5880,16.8
frame,lgw,Year 1, spring 3, Wednesday,5881,16.7
frame,lgw,Year 1, spring 3, Wednesday,5882,16.4
frame,lgw,Year 1, spring 3, Wednesday,5883,16.7
frame,lgw,Year 1, spring 3, Wednesday,5884,16.7
frame,lgw,Year 1, spring 3, Wednesday,5885,16.7
frame,lgw,Year 1, spring 3, Wednesday,5886,16.7
frame,lgw,Year 1, spring 3, Wednesday,5887,16.6
frame,lgw,Year 1, spring 3, Wednesday,5888,16.7
frame,lgw,Year 1, spring 3, Wednesday,5889,16.6
frame,lgw,Year 1, spring 3, Wednesday,5890,16.7
frame,lgw,Year 1, spring 3, Wednesday,5891,16.7
frame,lgw,Year 1, spring 3, Wednesday,5892,16.7
frame,lgw,Year 1, spring 3, Wednesday,5893,16.6
frame,lgw,Year 1, spring 3, Wednesday,5894,17.4
frame,lgw,Year 1, spring 3, Wednesday,5895,15.9
frame,lgw,Year 1, spring 3, Wednesday,5896,16.7
frame,lgw,Year 1, spring 3, Wednesday,5897,16.6
frame,lgw,Year 1, spring 3, Wednesday,5898,16.8
frame,lgw,Year 1, spring 3, Wednesday,5899,16.6
frame,lgw,Year 1, spring 3, Wednesday,5900,16.5
frame,lgw,Year 1, spring 3, Wednesday,5901,17.0
frame,lgw,Year 1, spring 3, Wednesday,5902,16.4
frame,lgw,Year 1, spring 3, Wednesday,5903,16.7
frame,lgw,Year 1, spring 3, Wednesday,5904,16.7
frame,lgw,Year 1, spring 3, Wednesday,5905,16.7
frame,lgw,Year 1, spring 3, Wednesday,5906,16.6
frame,lgw,Year 1, spring 3, Wednesday,5907,17.0
frame,lgw,Year 1, spring 3, Wednesday,5908,16.3
frame,lgw,Year 1, spring 3, Wednesday,5909,16.7
frame,lgw,Year 1, spring 3, Wednesday,5910,16.7
frame,lgw,Year 1, spring 3, Wednesday,5911,16.7
frame,lgw,Year 1, spring 3, Wednesday,5912,16.6
frame,lgw,Year 1, spring 3, Wednesday,5913,16.5
frame,lgw,Year 1, spring 3, Wednesday,5914,17.1
frame,lgw,Year 1, spring 3, Wednesday,5915,16.6
frame,lgw,Year 1, spring 3, Wednesday,5916,16.7
frame,lgw,Year 1, spring 3, Wednesday,5917,16.3
frame,lgw,Year 1, spring 3, Wednesday,5918,16.7
frame,lgw,Year 1, spring 3, Wednesday,5919,16.6
frame,lgw,Year 1, spring 3, Wednesday,5920,16.7
frame,lgw,Year 1, spring 3, Wednesday,5921,17.5
frame,lgw,Year 1, spring 3, Wednesday,5922,15.9
frame,lgw,Year 1, spring 3, Wednesday,5923,16.7
frame,lgw,Year 1, spring 3, Wednesday,5924,16.7
frame,lgw,Year 1, spring 3, Wednesday,5925,16.5
frame,lgw,Year 1, spring 3, Wednesday,5926,16.7
frame,lgw,Year 1, spring 3, Wednesday,5927,16.7
frame,lgw,Year 1, spring 3, Wednesday,5928,16.6
frame,lgw,Year 1, spring 3, Wednesday,5929,16.7
frame,lgw,Year 1, spring 3, Wednesday,5930,16.7
frame,lgw,Year 1, spring 3, Wednesday,5931,16.7
frame,lgw,Year 1, spring 3, Wednesday,5932,16.6
frame,lgw,Year 1, spring 3, Wednesday,5933,16.6
frame,lgw,Year 1, spring 3, Wednesday,5934,16.7
frame,lgw,Year 1, spring 3, Wednesday,5935,17.3
frame,lgw,Year 1, spring 3, Wednesday,5936,16.1
frame,lgw,Year 1, spring 3, Wednesday,5937,17.5
frame,lgw,Year 1, spring 3, Wednesday,5938,15.8
frame,lgw,Year 1, spring 3, Wednesday,5939,18.1
frame,lgw,Year 1, spring 3, Wednesday,5940,15.2
frame,lgw,Year 1, spring 3, Wednesday,5941,16.6
frame,lgw,Year 1, spring 3, Wednesday,5942,16.7
frame,lgw,Year 1, spring 3, Wednesday,5943,16.6
frame,lgw,Year 1, spring 3, Wednesday,5944,16.7
frame,lgw,Year 1, spring 3, Wednesday,5945,16.7
frame,lgw,Year 1, spring 3, Wednesday,5946,16.7
frame,lgw,Year 1, spring 3, Wednesday,5947,17.6
frame,lgw,Year 1, spring 3, Wednesday,5948,16.0
frame,lgw,Year 1, spring 3, Wednesday,5949,16.5
frame,lgw,Year 1, spring 3, Wednesday,5950,16.6
frame,lgw,Year 1, spring 3, Wednesday,5951,16.8
frame,lgw,Year 1, spring 3, Wednesday,5952,16.7
frame,lgw,Year 1, spring 3, Wednesday,5953,16.5
frame,lgw,Year 1, spring 3, Wednesday,5954,16.6
frame,lgw,Year 1, spring 3, Wednesday,5955,16.7
frame,lgw,Year 1, spring 3, Wednesday,5956,16.6
frame,lgw,Year 1, spring 3, Wednesday,5957,17.0
frame,lgw,Year 1, spring 3, Wednesday,5958,16.3
frame,lgw,Year 1, spring 3, Wednesday,5959,16.6
frame,lgw,Year 1, spring 3, Wednesday,5960,16.6
frame,lgw,Year 1, spring 3, Wednesday,5961,17.8
frame,lgw,Year 1, spring 3, Wednesday,5962,15.5
frame,lgw,Year 1, spring 3, Wednesday,5963,16.8
frame,lgw,Year 1, spring 3, Wednesday,5964,16.7
frame,lgw,Year 1, spring 3, Wednesday,5965,19.7
frame,lgw,Year 1, spring 3, Wednesday,5966,13.5
frame,lgw,Year 1, spring 3, Wednesday,5967,16.6
frame,lgw,Year 1, spring 3, Wednesday,5968,16.7
frame,lgw,Year 1, spring 3, Wednesday,5969,16.6
frame,lgw,Year 1, spring 3, Wednesday,5970,16.9
frame,lgw,Year 1, spring 3, Wednesday,5971,17.3
frame,lgw,Year 1, spring 3, Wednesday,5972,15.8
frame,lgw,Year 1, spring 3, Wednesday,5973,16.6
frame,lgw,Year 1, spring 3, Wednesday,5974,16.8
frame,lgw,Year 1, spring 3, Wednesday,5975,16.6
frame,lgw,Year 1, spring 3, Wednesday,5976,16.7
frame,lgw,Year 1, spring 3, Wednesday,5977,18.1
frame,lgw,Year 1, spring 3, Wednesday,5978,15.3
frame,lgw,Year 1, spring 3, Wednesday,5979,16.6
frame,lgw,Year 1, spring 3, Wednesday,5980,16.6
frame,lgw,Year 1, spring 3, Wednesday,5981,16.7
frame,lgw,Year 1, spring 3, Wednesday,5982,16.8
frame,lgw,Year 1, spring 3, Wednesday,5983,16.6
frame,lgw,Year 1, spring 3, Wednesday,5984,16.6
frame,lgw,Year 1, spring 3, Wednesday,5985,17.3
frame,lgw,Year 1, spring 3, Wednesday,5986,16.0
frame,lgw,Year 1, spring 3, Wednesday,5987,17.1
frame,lgw,Year 1, spring 3, Wednesday,5988,16.3
frame,lgw,Year 1, spring 3, Wednesday,5989,16.6
frame,lgw,Year 1, spring 3, Wednesday,5990,16.6
frame,lgw,Year 1, spring 3, Wednesday,5991,16.6
frame,lgw,Year 1, spring 3, Wednesday,5992,16.7
frame,lgw,Year 1, spring 3, Wednesday,5993,16.6
frame,lgw,Year 1, spring 3, Wednesday,5994,16.7
frame,lgw,Year 1, spring 3, Wednesday,5995,16.7
frame,lgw,Year 1, spring 3, Wednesday,5996,16.7
frame,lgw,Year 1, spring 3, Wednesday,5997,16.7
frame,lgw,Year 1, spring 3, Wednesday,5998,16.8
frame,lgw,Year 1, spring 3, Wednesday,5999,16.5
switch,lgw,Year 1, spring 3, Wednesday,740,17.2
switch,lgw,Year 1, spring 3, Wednesday,750,17.8
switch,lgw,Year 1, spring 3, Wednesday,800,157.3
switchdetail,lgw,Year 1, spring 3, Wednesday,730,0,0.0
switchdetail,lgw,Year 1, spring 3, Wednesday,740,0,0.0
switchdetail,lgw,Year 1, spring 3, Wednesday,750,0,0.0
lag,lgw,Year 1, spring 3, Wednesday,6319,61.7
lag,lgw,Year 1, spring 3, Wednesday,6391,64.4
lag,lgw,Year 1, spring 3, Wednesday,6468,73.2
lag,lgw,Year 1, spring 3, Wednesday,6544,56.4
lag,lgw,Year 1, spring 3, Wednesday,6563,78.2
lag,lgw,Year 1, spring 3, Wednesday,6757,106.7
lag,lgw,Year 1, spring 3, Wednesday,6865,83.5
lag,lgw,Year 1, spring 3, Wednesday,6938,65.5
lag,lgw,Year 1, spring 3, Wednesday,6939,56.7
lag,lgw,Year 1, spring 3, Wednesday,6967,90.1
lag,lgw,Year 1, spring 3, Wednesday,7203,89.9
lag,lgw,Year 1, spring 3, Wednesday,7490,80.2
lag,lgw,Year 1, spring 3, Wednesday,7607,85.1
lag,lgw,Year 1, spring 3, Wednesday,7689,157.3
lag,lgw,Year 1, spring 3, Wednesday,7713,79.5
frame,lgw,Year 1, spring 3, Wednesday,11120,21.9
frame,lgw,Year 1, spring 3, Wednesday,11121,22.1
frame,lgw,Year 1, spring 3, Wednesday,11122,0.1
frame,lgw,Year 1, spring 3, Wednesday,11123,21.7
frame,lgw,Year 1, spring 3, Wednesday,11124,22.1
frame,lgw,Year 1, spring 3, Wednesday,11125,21.9
frame,lgw,Year 1, spring 3, Wednesday,11126,0.1
frame,lgw,Year 1, spring 3, Wednesday,11127,22.0
frame,lgw,Year 1, spring 3, Wednesday,11128,21.6
frame,lgw,Year 1, spring 3, Wednesday,11129,22.1
frame,lgw,Year 1, spring 3, Wednesday,11130,0.1
frame,lgw,Year 1, spring 3, Wednesday,11131,21.9
frame,lgw,Year 1, spring 3, Wednesday,11132,21.9
frame,lgw,Year 1, spring 3, Wednesday,11133,22.0
frame,lgw,Year 1, spring 3, Wednesday,11134,0.1
frame,lgw,Year 1, spring 3, Wednesday,11135,21.7
frame,lgw,Year 1, spring 3, Wednesday,11136,22.0
frame,lgw,Year 1, spring 3, Wednesday,11137,22.9
frame,lgw,Year 1, spring 3, Wednesday,11138,0.3
frame,lgw,Year 1, spring 3, Wednesday,11139,22.1
frame,lgw,Year 1, spring 3, Wednesday,11140,24.3
frame,lgw,Year 1, spring 3, Wednesday,11141,22.5
frame,lgw,Year 1, spring 3, Wednesday,11142,0.1
frame,lgw,Year 1, spring 3, Wednesday,11143,22.5
frame,lgw,Year 1, spring 3, Wednesday,11144,21.6
frame,lgw,Year 1, spring 3, Wednesday,11145,21.4
frame,lgw,Year 1, spring 3, Wednesday,11146,0.1
frame,lgw,Year 1, spring 3, Wednesday,11147,21.9
frame,lgw,Year 1, spring 3, Wednesday,11148,22.7
frame,lgw,Year 1, spring 3, Wednesday,11149,22.6
frame,lgw,Year 1, spring 3, Wednesday,11150,0.1
frame,lgw,Year 1, spring 3, Wednesday,11151,22.2
frame,lgw,Year 1, spring 3, Wednesday,11152,22.1
frame,lgw,Year 1, spring 3, Wednesday,11153,22.4
frame,lgw,Year 1, spring 3, Wednesday,11154,0.1
frame,lgw,Year 1, spring 3, Wednesday,11155,21.9
frame,lgw,Year 1, spring 3, Wednesday,11156,22.1
frame,lgw,Year 1, spring 3, Wednesday,11157,22.1
frame,lgw,Year 1, spring 3, Wednesday,11158,0.1
frame,lgw,Year 1, spring 3, Wednesday,11159,21.8
frame,lgw,Year 1, spring 3, Wednesday,11160,21.6
frame,lgw,Year 1, spring 3, Wednesday,11161,21.6
frame,lgw,Year 1, spring 3, Wednesday,11162,0.2
frame,lgw,Year 1, spring 3, Wednesday,11163,22.3
frame,lgw,Year 1, spring 3, Wednesday,11164,23.3
frame,lgw,Year 1, spring 3, Wednesday,11165,23.4
frame,lgw,Year 1, spring 3, Wednesday,11166,0.1
frame,lgw,Year 1, spring 3, Wednesday,11167,22.1
frame,lgw,Year 1, spring 3, Wednesday,11168,22.0
frame,lgw,Year 1, spring 3, Wednesday,11169,0.1
frame,lgw,Year 1, spring 3, Wednesday,11170,21.6
frame,lgw,Year 1, spring 3, Wednesday,11171,21.7
frame,lgw,Year 1, spring 3, Wednesday,11172,22.3
frame,lgw,Year 1, spring 3, Wednesday,11173,22.0
frame,lgw,Year 1, spring 3, Wednesday,11174,0.1
frame,lgw,Year 1, spring 3, Wednesday,11175,22.0
frame,lgw,Year 1, spring 3, Wednesday,11176,22.2
frame,lgw,Year 1, spring 3, Wednesday,11177,23.4
frame,lgw,Year 1, spring 3, Wednesday,11178,0.2
frame,lgw,Year 1, spring 3, Wednesday,11179,23.1
frame,lgw,Year 1, spring 3, Wednesday,11180,22.3
frame,lgw,Year 1, spring 3, Wednesday,11181,0.1
frame,lgw,Year 1, spring 3, Wednesday,11182,23.0
frame,lgw,Year 1, spring 3, Wednesday,11183,22.1
frame,lgw,Year 1, spring 3, Wednesday,11184,22.8
frame,lgw,Year 1, spring 3, Wednesday,11185,0.1
frame,lgw,Year 1, spring 3, Wednesday,11186,21.5
frame,lgw,Year 1, spring 3, Wednesday,11187,22.5
frame,lgw,Year 1, spring 3, Wednesday,11188,22.3
frame,lgw,Year 1, spring 3, Wednesday,11189,0.2
frame,lgw,Year 1, spring 3, Wednesday,11190,22.7
frame,lgw,Year 1, spring 3, Wednesday,11191,22.2
frame,lgw,Year 1, spring 3, Wednesday,11192,22.2
frame,lgw,Year 1, spring 3, Wednesday,11193,0.1
frame,lgw,Year 1, spring 3, Wednesday,11194,22.3
frame,lgw,Year 1, spring 3, Wednesday,11195,21.9
frame,lgw,Year 1, spring 3, Wednesday,11196,21.5
frame,lgw,Year 1, spring 3, Wednesday,11197,0.1
frame,lgw,Year 1, spring 3, Wednesday,11198,22.0
frame,lgw,Year 1, spring 3, Wednesday,11199,21.9
frame,lgw,Year 1, spring 3, Wednesday,11200,21.8
frame,lgw,Year 1, spring 3, Wednesday,11201,0.1
frame,lgw,Year 1, spring 3, Wednesday,11202,21.9
frame,lgw,Year 1, spring 3, Wednesday,11203,22.0
frame,lgw,Year 1, spring 3, Wednesday,11204,21.5
frame,lgw,Year 1, spring 3, Wednesday,11205,22.0
frame,lgw,Year 1, spring 3, Wednesday,11206,0.2
frame,lgw,Year 1, spring 3, Wednesday,11207,22.3
frame,lgw,Year 1, spring 3, Wednesday,11208,21.6
frame,lgw,Year 1, spring 3, Wednesday,11209,23.3
frame,lgw,Year 1, spring 3, Wednesday,11210,0.1
frame,lgw,Year 1, spring 3, Wednesday,11211,22.5
frame,lgw,Year 1, spring 3, Wednesday,11212,22.0
frame,lgw,Year 1, spring 3, Wednesday,11213,0.1
frame,lgw,Year 1, spring 3, Wednesday,11214,22.1
frame,lgw,Year 1, spring 3, Wednesday,11215,22.1
frame,lgw,Year 1, spring 3, Wednesday,11216,22.2
frame,lgw,Year 1, spring 3, Wednesday,11217,0.1
frame,lgw,Year 1, spring 3, Wednesday,11218,22.5
frame,lgw,Year 1, spring 3, Wednesday,11219,23.0
frame,lgw,Year 1, spring 3, Wednesday,11220,22.1
frame,lgw,Year 1, spring 3, Wednesday,11221,0.2
frame,lgw,Year 1, spring 3, Wednesday,11222,22.0
frame,lgw,Year 1, spring 3, Wednesday,11223,22.4
frame,lgw,Year 1, spring 3, Wednesday,11224,22.2
frame,lgw,Year 1, spring 3, Wednesday,11225,0.1
frame,lgw,Year 1, spring 3, Wednesday,11226,22.8
frame,lgw,Year 1, spring 3, Wednesday,11227,22.1
frame,lgw,Year 1, spring 3, Wednesday,11228,22.6
frame,lgw,Year 1, spring 3, Wednesday,11229,0.4
frame,lgw,Year 1, spring 3, Wednesday,11230,22.4
frame,lgw,Year 1, spring 3, Wednesday,11231,22.2
frame,lgw,Year 1, spring 3, Wednesday,11232,21.8
frame,lgw,Year 1, spring 3, Wednesday,11233,0.1
frame,lgw,Year 1, spring 3, Wednesday,11234,21.9
frame,lgw,Year 1, spring 3, Wednesday,11235,22.3
frame,lgw,Year 1, spring 3, Wednesday,11236,21.9
frame,lgw,Year 1, spring 3, Wednesday,11237,0.1
frame,lgw,Year 1, spring 3, Wednesday,11238,21.9
frame,lgw,Year 1, spring 3, Wednesday,11239,21.8
frame,lgw,Year 1, spring 3, Wednesday,11240,21.5
frame,lgw,Year 1, spring 3, Wednesday,11241,0.1
frame,lgw,Year 1, spring 3, Wednesday,11242,21.8
frame,lgw,Year 1, spring 3, Wednesday,11243,22.6
frame,lgw,Year 1, spring 3, Wednesday,11244,22.8
frame,lgw,Year 1, spring 3, Wednesday,11245,0.1
frame,lgw,Year 1, spring 3, Wednesday,11246,22.8
frame,lgw,Year 1, spring 3, Wednesday,11247,21.6
frame,lgw,Year 1, spring 3, Wednesday,11248,21.8
frame,lgw,Year 1, spring 3, Wednesday,11249,0.2
frame,lgw,Year 1, spring 3, Wednesday,11250,22.9
frame,lgw,Year 1, spring 3, Wednesday,11251,22.3
frame,lgw,Year 1, spring 3, Wednesday,11252,21.9
frame,lgw,Year 1, spring 3, Wednesday,11253,0.2
frame,lgw,Year 1, spring 3, Wednesday,11254,23.2
frame,lgw,Year 1, spring 3, Wednesday,11255,21.9
frame,lgw,Year 1, spring 3, Wednesday,11256,21.5
frame,lgw,Year 1, spring 3, Wednesday,11257,0.1
frame,lgw,Year 1, spring 3, Wednesday,11258,21.8
frame,lgw,Year 1, spring 3, Wednesday,11259,22.0
frame,lgw,Year 1, spring 3, Wednesday,11260,21.8
frame,lgw,Year 1, spring 3, Wednesday,11261,0.1
frame,lgw,Year 1, spring 3, Wednesday,11262,22.0
frame,lgw,Year 1, spring 3, Wednesday,11263,21.9
frame,lgw,Year 1, spring 3, Wednesday,11264,22.0
frame,lgw,Year 1, spring 3, Wednesday,11265,0.1
frame,lgw,Year 1, spring 3, Wednesday,11266,21.9
frame,lgw,Year 1, spring 3, Wednesday,11267,22.0
frame,lgw,Year 1, spring 3, Wednesday,11268,22.6
frame,lgw,Year 1, spring 3, Wednesday,11269,22.4
frame,lgw,Year 1, spring 3, Wednesday,11270,0.1
frame,lgw,Year 1, spring 3, Wednesday,11271,21.5
frame,lgw,Year 1, spring 3, Wednesday,11272,22.3
frame,lgw,Year 1, spring 3, Wednesday,11273,21.5
frame,lgw,Year 1, spring 3, Wednesday,11274,0.1
frame,lgw,Year 1, spring 3, Wednesday,11275,22.0
frame,lgw,Year 1, spring 3, Wednesday,11276,22.3
frame,lgw,Year 1, spring 3, Wednesday,11277,21.9
frame,lgw,Year 1, spring 3, Wednesday,11278,0.1
frame,lgw,Year 1, spring 3, Wednesday,11279,23.5
frame,lgw,Year 1, spring 3, Wednesday,11280,21.8
frame,lgw,Year 1, spring 3, Wednesday,11281,21.9
frame,lgw,Year 1, spring 3, Wednesday,11282,0.1
frame,lgw,Year 1, spring 3, Wednesday,11283,21.7
frame,lgw,Year 1, spring 3, Wednesday,11284,21.9
frame,lgw,Year 1, spring 3, Wednesday,11285,23.4
frame,lgw,Year 1, spring 3, Wednesday,11286,0.1
frame,lgw,Year 1, spring 3, Wednesday,11287,21.5
frame,lgw,Year 1, spring 3, Wednesday,11288,21.8
frame,lgw,Year 1, spring 3, Wednesday,11289,22.1
frame,lgw,Year 1, spring 3, Wednesday,11290,0.1
frame,lgw,Year 1, spring 3, Wednesday,11291,21.9
frame,lgw,Year 1, spring 3, Wednesday,11292,22.4
frame,lgw,Year 1, spring 3, Wednesday,11293,21.7
frame,lgw,Year 1, spring 3, Wednesday,11294,0.1
frame,lgw,Year 1, spring 3, Wednesday,11295,22.1
frame,lgw,Year 1, spring 3, Wednesday,11296,21.8
frame,lgw,Year 1, spring 3, Wednesday,11297,22.0
frame,lgw,Year 1, spring 3, Wednesday,11298,0.1
frame,lgw,Year 1, spring 3, Wednesday,11299,22.8
frame,lgw,Year 1, spring 3, Wednesday,11300,22.5
frame,lgw,Year 1, spring 3, Wednesday,11301,22.3
frame,lgw,Year 1, spring 3, Wednesday,11302,0.1
frame,lgw,Year 1, spring 3, Wednesday,11303,22.3
frame,lgw,Year 1, spring 3, Wednesday,11304,22.8
frame,lgw,Year 1, spring 3, Wednesday,11305,22.0
frame,lgw,Year 1, spring 3, Wednesday,11306,0.1
frame,lgw,Year 1, spring 3, Wednesday,11307,22.0
frame,lgw,Year 1, spring 3, Wednesday,11308,24.4
frame,lgw,Year 1, spring 3, Wednesday,11309,0.1
frame,lgw,Year 1, spring 3, Wednesday,11310,22.2
frame,lgw,Year 1, spring 3, Wednesday,11311,22.0
frame,lgw,Year 1, spring 3, Wednesday,11312,22.2
frame,lgw,Year 1, spring 3, Wednesday,11313,0.1
frame,lgw,Year 1, spring 3, Wednesday,11314,21.6
frame,lgw,Year 1, spring 3, Wednesday,11315,22.5
frame,lgw,Year 1, spring 3, Wednesday,11316,22.0
frame,lgw,Year 1, spring 3, Wednesday,11317,0.2
frame,lgw,Year 1, spring 3, Wednesday,11318,22.1
frame,lgw,Year 1, spring 3, Wednesday,11319,22.7
frame,lgw,Year 1, spring 3, Wednesday,11320,23.9
frame,lgw,Year 1, spring 3, Wednesday,11321,0.2
frame,lgw,Year 1, spring 3, Wednesday,11322,21.7
frame,lgw,Year 1, spring 3, Wednesday,11323,22.2
frame,lgw,Year 1, spring 3, Wednesday,11324,22.1
frame,lgw,Year 1, spring 3, Wednesday,11325,0.1
frame,lgw,Year 1, spring 3, Wednesday,11326,22.3
frame,lgw,Year 1, spring 3, Wednesday,11327,22.2
frame,lgw,Year 1, spring 3, Wednesday,11328,22.1
frame,lgw,Year 1, spring 3, Wednesday,11329,0.1
frame,lgw,Year 1, spring 3, Wednesday,11330,22.3
frame,lgw,Year 1, spring 3, Wednesday,11331,21.7
frame,lgw,Year 1, spring 3, Wednesday,11332,22.1
frame,lgw,Year 1, spring 3, Wednesday,11333,0.1
frame,lgw,Year 1, spring 3, Wednesday,11334,22.0
frame,lgw,Year 1, spring 3, Wednesday,11335,22.2
frame,lgw,Year 1, spring 3, Wednesday,11336,22.3
frame,lgw,Year 1, spring 3, Wednesday,11337,0.1
frame,lgw,Year 1, spring 3, Wednesday,11338,21.7
frame,lgw,Year 1, spring 3, Wednesday,11339,23.9
frame,lgw,Year 1, spring 3, Wednesday,11340,21.6
frame,lgw,Year 1, spring 3, Wednesday,11341,0.2
frame,lgw,Year 1, spring 3, Wednesday,11342,22.1
frame,lgw,Year 1, spring 3, Wednesday,11343,21.8
frame,lgw,Year 1, spring 3, Wednesday,11344,21.7
frame,lgw,Year 1, spring 3, Wednesday,11345,0.1
frame,lgw,Year 1, spring 3, Wednesday,11346,21.5
frame,lgw,Year 1, spring 3, Wednesday,11347,22.3
frame,lgw,Year 1, spring 3, Wednesday,11348,21.8
frame,lgw,Year 1, spring 3, Wednesday,11349,0.1
frame,lgw,Year 1, spring 3, Wednesday,11350,21.7
frame,lgw,Year 1, spring 3, Wednesday,11351,21.5
frame,lgw,Year 1, spring 3, Wednesday,11352,22.2
frame,lgw,Year 1, spring 3, Wednesday,11353,21.7
frame,lgw,Year 1, spring 3, Wednesday,11354,0.1
frame,lgw,Year 1, spring 3, Wednesday,11355,22.9
frame,lgw,Year 1, spring 3, Wednesday,11356,21.5
frame,lgw,Year 1, spring 3, Wednesday,11357,22.2
frame,lgw,Year 1, spring 3, Wednesday,11358,0.1
frame,lgw,Year 1, spring 3, Wednesday,11359,21.8
frame,lgw,Year 1, spring 3, Wednesday,11360,22.2
frame,lgw,Year 1, spring 3, Wednesday,11361,22.3
frame,lgw,Year 1, spring 3, Wednesday,11362,0.1
frame,lgw,Year 1, spring 3, Wednesday,11363,22.4
frame,lgw,Year 1, spring 3, Wednesday,11364,22.2
frame,lgw,Year 1, spring 3, Wednesday,11365,21.6
frame,lgw,Year 1, spring 3, Wednesday,11366,0.1
frame,lgw,Year 1, spring 3, Wednesday,11367,21.5
frame,lgw,Year 1, spring 3, Wednesday,11368,22.4
frame,lgw,Year 1, spring 3, Wednesday,11369,21.5
frame,lgw,Year 1, spring 3, Wednesday,11370,0.1
frame,lgw,Year 1, spring 3, Wednesday,11371,22.8
frame,lgw,Year 1, spring 3, Wednesday,11372,22.4
frame,lgw,Year 1, spring 3, Wednesday,11373,22.3
frame,lgw,Year 1, spring 3, Wednesday,11374,0.1
frame,lgw,Year 1, spring 3, Wednesday,11375,23.0
frame,lgw,Year 1, spring 3, Wednesday,11376,21.9
frame,lgw,Year 1, spring 3, Wednesday,11377,22.5
frame,lgw,Year 1, spring 3, Wednesday,11378,0.1
frame,lgw,Year 1, spring 3, Wednesday,11379,22.1
frame,lgw,Year 1, spring 3, Wednesday,11380,22.2
frame,lgw,Year 1, spring 3, Wednesday,11381,22.3
frame,lgw,Year 1, spring 3, Wednesday,11382,0.3
frame,lgw,Year 1, spring 3, Wednesday,11383,21.8
frame,lgw,Year 1, spring 3, Wednesday,11384,21.4
frame,lgw,Year 1, spring 3, Wednesday,11385,22.1
frame,lgw,Year 1, spring 3, Wednesday,11386,0.4
frame,lgw,Year 1, spring 3, Wednesday,11387,22.5
frame,lgw,Year 1, spring 3, Wednesday,11388,22.6
frame,lgw,Year 1, spring 3, Wednesday,11389,22.1
frame,lgw,Year 1, spring 3, Wednesday,11390,0.1
frame,lgw,Year 1, spring 3, Wednesday,11391,22.1
frame,lgw,Year 1, spring 3, Wednesday,11392,23.0
frame,lgw,Year 1, spring 3, Wednesday,11393,21.8
frame,lgw,Year 1, spring 3, Wednesday,11394,0.1
frame,lgw,Year 1, spring 3, Wednesday,11395,22.0
frame,lgw,Year 1, spring 3, Wednesday,11396,22.1
frame,lgw,Year 1, spring 3, Wednesday,11397,21.9
frame,lgw,Year 1, spring 3, Wednesday,11398,0.1
frame,lgw,Year 1, spring 3, Wednesday,11399,22.0
frame,lgw,Year 1, spring 3, Wednesday,11400,22.4
frame,lgw,Year 1, spring 3, Wednesday,11401,22.4
frame,lgw,Year 1, spring 3, Wednesday,11402,0.1
frame,lgw,Year 1, spring 3, Wednesday,11403,21.8
frame,lgw,Year 1, spring 3, Wednesday,11404,22.0
frame,lgw,Year 1, spring 3, Wednesday,11405,23.1
frame,lgw,Year 1, spring 3, Wednesday,11406,0.1
frame,lgw,Year 1, spring 3, Wednesday,11407,22.1
frame,lgw,Year 1, spring 3, Wednesday,11408,21.7
frame,lgw,Year 1, spring 3, Wednesday,11409,21.9
frame,lgw,Year 1, spring 3, Wednesday,11410,0.2
frame,lgw,Year 1, spring 3, Wednesday,11411,22.5
frame,lgw,Year 1, spring 3, Wednesday,11412,21.7
frame,lgw,Year 1, spring 3, Wednesday,11413,22.5
frame,lgw,Year 1, spring 3, Wednesday,11414,0.1
frame,lgw,Year 1, spring 3, Wednesday,11415,21.6
frame,lgw,Year 1, spring 3, Wednesday,11416,21.5
frame,lgw,Year 1, spring 3, Wednesday,11417,22.0
frame,lgw,Year 1, spring 3, Wednesday,11418,0.1
frame,lgw,Year 1, spring 3, Wednesday,11419,22.2
frame,lgw,Year 1, spring 3, Wednesday,11420,22.4
frame,lgw,Year 1, spring 3, Wednesday,11421,22.0
frame,lgw,Year 1, spring 3, Wednesday,11422,0.1
frame,lgw,Year 1, spring 3, Wednesday,11423,21.4
frame,lgw,Year 1, spring 3, Wednesday,11424,22.0
frame,lgw,Year 1, spring 3, Wednesday,11425,22.2
frame,lgw,Year 1, spring 3, Wednesday,11426,0.1
frame,lgw,Year 1, spring 3, Wednesday,11427,21.6
frame,lgw,Year 1, spring 3, Wednesday,11428,22.4
frame,lgw,Year 1, spring 3, Wednesday,11429,22.5
frame,lgw,Year 1, spring 3, Wednesday,11430,0.1
frame,lgw,Year 1, spring 3, Wednesday,11431,21.7
frame,lgw,Year 1, spring 3, Wednesday,11432,21.8
frame,lgw,Year 1, spring 3, Wednesday,11433,21.8
frame,lgw,Year 1, spring 3, Wednesday,11434,0.1
frame,lgw,Year 1, spring 3, Wednesday,11435,22.3
frame,lgw,Year 1, spring 3, Wednesday,11436,21.8
frame,lgw,Year 1, spring 3, Wednesday,11437,22.1
frame,lgw,Year 1, spring 3, Wednesday,11438,21.9
frame,lgw,Year 1, spring 3, Wednesday,11439,0.3
frame,lgw,Year 1, spring 3, Wednesday,11440,21.9
frame,lgw,Year 1, spring 3, Wednesday,11441,22.8
frame,lgw,Year 1, spring 3, Wednesday,11442,0.1
frame,lgw,Year 1, spring 3, Wednesday,11443,22.1
frame,lgw,Year 1, spring 3, Wednesday,11444,22.4
frame,lgw,Year 1, spring 3, Wednesday,11445,21.7
frame,lgw,Year 1, spring 3, Wednesday,11446,22.0
frame,lgw,Year 1, spring 3, Wednesday,11447,0.7
frame,lgw,Year 1, spring 3, Wednesday,11448,22.3
frame,lgw,Year 1, spring 3, Wednesday,11449,23.0
frame,lgw,Year 1, spring 3, Wednesday,11450,0.3
frame,lgw,Year 1, spring 3, Wednesday,11451,22.5
frame,lgw,Year 1, spring 3, Wednesday,11452,21.6
frame,lgw,Year 1, spring 3, Wednesday,11453,22.0
frame,lgw,Year 1, spring 3, Wednesday,11454,0.2
frame,lgw,Year 1, spring 3, Wednesday,11455,22.5
frame,lgw,Year 1, spring 3, Wednesday,11456,21.8
frame,lgw,Year 1, spring 3, Wednesday,11457,22.1
frame,lgw,Year 1, spring 3, Wednesday,11458,0.1
frame,lgw,Year 1, spring 3, Wednesday,11459,22.0
frame,lgw,Year 1, spring 3, Wednesday,11460,22.3
frame,lgw,Year 1, spring 3, Wednesday,11461,22.5
frame,lgw,Year 1, spring 3, Wednesday,11462,0.1
frame,lgw,Year 1, spring 3, Wednesday,11463,22.0
frame,lgw,Year 1, spring 3, Wednesday,11464,21.6
frame,lgw,Year 1, spring 3, Wednesday,11465,21.4
frame,lgw,Year 1, spring 3, Wednesday,11466,21.6
frame,lgw,Year 1, spring 3, Wednesday,11467,0.1
frame,lgw,Year 1, spring 3, Wednesday,11468,21.6
frame,lgw,Year 1, spring 3, Wednesday,11469,21.8
frame,lgw,Year 1, spring 3, Wednesday,11470,22.2
frame,lgw,Year 1, spring 3, Wednesday,11471,0.1
frame,lgw,Year 1, spring 3, Wednesday,11472,22.6
frame,lgw,Year 1, spring 3, Wednesday,11473,23.2
frame,lgw,Year 1, spring 3, Wednesday,11474,21.7
frame,lgw,Year 1, spring 3, Wednesday,11475,0.3
frame,lgw,Year 1, spring 3, Wednesday,11476,21.8
frame,lgw,Year 1, spring 3, Wednesday,11477,21.8
frame,lgw,Year 1, spring 3, Wednesday,11478,22.0
frame,lgw,Year 1, spring 3, Wednesday,11479,0.1
frame,lgw,Year 1, spring 3, Wednesday,11480,21.9
frame,lgw,Year 1, spring 3, Wednesday,11481,22.5
frame,lgw,Year 1, spring 3, Wednesday,11482,23.0
frame,lgw,Year 1, spring 3, Wednesday,11483,0.1
frame,lgw,Year 1, spring 3, Wednesday,11484,21.5
frame,lgw,Year 1, spring 3, Wednesday,11485,21.5
frame,lgw,Year 1, spring 3, Wednesday,11486,22.4
frame,lgw,Year 1, spring 3, Wednesday,11487,0.1
frame,lgw,Year 1, spring 3, Wednesday,11488,21.9
frame,lgw,Year 1, spring 3, Wednesday,11489,22.3
frame,lgw,Year 1, spring 3, Wednesday,11490,22.3
frame,lgw,Year 1, spring 3, Wednesday,11491,0.1
frame,lgw,Year 1, spring 3, Wednesday,11492,23.1
frame,lgw,Year 1, spring 3, Wednesday,11493,21.7
frame,lgw,Year 1, spring 3, Wednesday,11494,22.0
frame,lgw,Year 1, spring 3, Wednesday,11495,0.1
frame,lgw,Year 1, spring 3, Wednesday,11496,21.6
frame,lgw,Year 1, spring 3, Wednesday,11497,21.6
frame,lgw,Year 1, spring 3, Wednesday,11498,22.9
frame,lgw,Year 1, spring 3, Wednesday,11499,0.2
frame,lgw,Year 1, spring 3, Wednesday,11500,22.4
frame,lgw,Year 1, spring 3, Wednesday,11501,21.9
frame,lgw,Year 1, spring 3, Wednesday,11502,22.0
frame,lgw,Year 1, spring 3, Wednesday,11503,0.1
frame,lgw,Year 1, spring 3, Wednesday,11504,21.8
frame,lgw,Year 1, spring 3, Wednesday,11505,23.1
frame,lgw,Year 1, spring 3, Wednesday,11506,22.2
frame,lgw,Year 1, spring 3, Wednesday,11507,0.2
frame,lgw,Year 1, spring 3, Wednesday,11508,22.3
frame,lgw,Year 1, spring 3, Wednesday,11509,22.4
frame,lgw,Year 1, spring 3, Wednesday,11510,22.7
frame,lgw,Year 1, spring 3, Wednesday,11511,0.1
frame,lgw,Year 1, spring 3, Wednesday,11512,21.9
frame,lgw,Year 1, spring 3, Wednesday,11513,21.7
frame,lgw,Year 1, spring 3, Wednesday,11514,21.6
frame,lgw,Year 1, spring 3, Wednesday,11515,0.1
frame,lgw,Year 1, spring 3, Wednesday,11516,21.5
frame,lgw,Year 1, spring 3, Wednesday,11517,22.3
frame,lgw,Year 1, spring 3, Wednesday,11518,21.5
frame,lgw,Year 1, spring 3, Wednesday,11519,0.1
frame,lgw,Year 1, spring 3, Wednesday,11520,22.2
frame,lgw,Year 1, spring 3, Wednesday,11521,23.3
frame,lgw,Year 1, spring 3, Wednesday,11522,22.5
frame,lgw,Year 1, spring 3, Wednesday,11523,0.4
frame,lgw,Year 1, spring 3, Wednesday,11524,22.3
frame,lgw,Year 1, spring 3, Wednesday,11525,22.0
frame,lgw,Year 1, spring 3, Wednesday,11526,22.9
frame,lgw,Year 1, spring 3, Wednesday,11527,0.1
frame,lgw,Year 1, spring 3, Wednesday,11528,22.2
frame,lgw,Year 1, spring 3, Wednesday,11529,23.5
frame,lgw,Year 1, spring 3, Wednesday,11530,0.1
frame,lgw,Year 1, spring 3, Wednesday,11531,21.8
frame,lgw,Year 1, spring 3, Wednesday,11532,21.6
frame,lgw,Year 1, spring 3, Wednesday,11533,22.4
frame,lgw,Year 1, spring 3, Wednesday,11534,22.1
frame,lgw,Year 1, spring 3, Wednesday,11535,0.3
frame,lgw,Year 1, spring 3, Wednesday,11536,22.3
frame,lgw,Year 1, spring 3, Wednesday,11537,21.7
frame,lgw,Year 1, spring 3, Wednesday,11538,22.3
frame,lgw,Year 1, spring 3, Wednesday,11539,0.1
frame,lgw,Year 1, spring 3, Wednesday,11540,22.1
frame,lgw,Year 1, spring 3, Wednesday,11541,22.1
frame,lgw,Year 1, spring 3, Wednesday,11542,22.2
frame,lgw,Year 1, spring 3, Wednesday,11543,0.1
frame,lgw,Year 1, spring 3, Wednesday,11544,21.7
frame,lgw,Year 1, spring 3, Wednesday,11545,22.4
frame,lgw,Year 1, spring 3, Wednesday,11546,22.9
frame,lgw,Year 1, spring 3, Wednesday,11547,0.2
frame,lgw,Year 1, spring 3, Wednesday,11548,22.7
frame,lgw,Year 1, spring 3, Wednesday,11549,22.0
frame,lgw,Year 1, spring 3, Wednesday,11550,21.8
frame,lgw,Year 1, spring 3, Wednesday,11551,0.3
frame,lgw,Year 1, spring 3, Wednesday,11552,22.4
frame,lgw,Year 1, spring 3, Wednesday,11553,21.7
frame,lgw,Year 1, spring 3, Wednesday,11554,21.9
frame,lgw,Year 1, spring 3, Wednesday,11555,0.1
frame,lgw,Year 1, spring 3, Wednesday,11556,21.5
frame,lgw,Year 1, spring 3, Wednesday,11557,21.9
frame,lgw,Year 1, spring 3, Wednesday,11558,22.8
frame,lgw,Year 1, spring 3, Wednesday,11559,0.1
frame,lgw,Year 1, spring 3, Wednesday,11560,21.5
frame,lgw,Year 1, spring 3, Wednesday,11561,21.8
frame,lgw,Year 1, spring 3, Wednesday,11562,22.5
frame,lgw,Year 1, spring 3, Wednesday,11563,0.1
frame,lgw,Year 1, spring 3, Wednesday,11564,21.6
frame,lgw,Year 1, spring 3, Wednesday,11565,23.3
frame,lgw,Year 1, spring 3, Wednesday,11566,22.6
frame,lgw,Year 1, spring 3, Wednesday,11567,0.1
frame,lgw,Year 1, spring 3, Wednesday,11568,21.5
frame,lgw,Year 1, spring 3, Wednesday,11569,23.0
frame,lgw,Year 1, spring 3, Wednesday,11570,22.3
frame,lgw,Year 1, spring 3, Wednesday,11571,0.1
frame,lgw,Year 1, spring 3, Wednesday,11572,21.8
frame,lgw,Year 1, spring 3, Wednesday,11573,21.6
frame,lgw,Year 1, spring 3, Wednesday,11574,21.8
frame,lgw,Year 1, spring 3, Wednesday,11575,0.1
frame,lgw,Year 1, spring 3, Wednesday,11576,21.8
frame,lgw,Year 1, spring 3, Wednesday,11577,21.8
frame,lgw,Year 1, spring 3, Wednesday,11578,22.1
frame,lgw,Year 1, spring 3, Wednesday,11579,0.1
frame,lgw,Year 1, spring 3, Wednesday,11580,22.2
frame,lgw,Year 1, spring 3, Wednesday,11581,21.6
frame,lgw,Year 1, spring 3, Wednesday,11582,21.9
frame,lgw,Year 1, spring 3, Wednesday,11583,0.1
frame,lgw,Year 1, spring 3, Wednesday,11584,21.5
frame,lgw,Year 1, spring 3, Wednesday,11585,23.0
frame,lgw,Year 1, spring 3, Wednesday,11586,21.8
frame,lgw,Year 1, spring 3, Wednesday,11587,0.2
frame,lgw,Year 1, spring 3, Wednesday,11588,22.6
frame,lgw,Year 1, spring 3, Wednesday,11589,21.9
frame,lgw,Year 1, spring 3, Wednesday,11590,21.6
frame,lgw,Year 1, spring 3, Wednesday,11591,0.1
frame,lgw,Year 1, spring 3, Wednesday,11592,21.6
frame,lgw,Year 1, spring 3, Wednesday,11593,22.0
frame,lgw,Year 1, spring 3, Wednesday,11594,22.1
frame,lgw,Year 1, spring 3, Wednesday,11595,21.7
frame,lgw,Year 1, spring 3, Wednesday,11596,0.1
frame,lgw,Year 1, spring 3, Wednesday,11597,22.2
frame,lgw,Year 1, spring 3, Wednesday,11598,21.5
frame,lgw,Year 1, spring 3, Wednesday,11599,21.8
frame,lgw,Year 1, spring 3, Wednesday,11600,0.1
frame,lgw,Year 1, spring 3, Wednesday,11601,22.4
frame,lgw,Year 1, spring 3, Wednesday,11602,21.9
frame,lgw,Year 1, spring 3, Wednesday,11603,22.6
frame,lgw,Year 1, spring 3, Wednesday,11604,0.1
frame,lgw,Year 1, spring 3, Wednesday,11605,22.2
frame,lgw,Year 1, spring 3, Wednesday,11606,23.0
frame,lgw,Year 1, spring 3, Wednesday,11607,24.6
frame,lgw,Year 1, spring 3, Wednesday,11608,0.4
frame,lgw,Year 1, spring 3, Wednesday,11609,23.0
frame,lgw,Year 1, spring 3, Wednesday,11610,22.7
frame,lgw,Year 1, spring 3, Wednesday,11611,0.2
frame,lgw,Year 1, spring 3, Wednesday,11612,22.2
frame,lgw,Year 1, spring 3, Wednesday,11613,22.3
frame,lgw,Year 1, spring 3, Wednesday,11614,22.2
frame,lgw,Year 1, spring 3, Wednesday,11615,0.1
frame,lgw,Year 1, spring 3, Wednesday,11616,21.6
frame,lgw,Year 1, spring 3, Wednesday,11617,22.1
frame,lgw,Year 1, spring 3, Wednesday,11618,22.2
frame,lgw,Year 1, spring 3, Wednesday,11619,0.1
frame,lgw,Year 1, spring 3, Wednesday,11620,21.9
frame,lgw,Year 1, spring 3, Wednesday,11621,21.6
frame,lgw,Year 1, spring 3, Wednesday,11622,21.8
frame,lgw,Year 1, spring 3, Wednesday,11623,0.1
frame,lgw,Year 1, spring 3, Wednesday,11624,22.3
frame,lgw,Year 1, spring 3, Wednesday,11625,22.4
frame,lgw,Year 1, spring 3, Wednesday,11626,23.1
frame,lgw,Year 1, spring 3, Wednesday,11627,0.1
frame,lgw,Year 1, spring 3, Wednesday,11628,21.8
frame,lgw,Year 1, spring 3, Wednesday,11629,21.5
frame,lgw,Year 1, spring 3, Wednesday,11630,22.5
frame,lgw,Year 1, spring 3, Wednesday,11631,0.1
frame,lgw,Year 1, spring 3, Wednesday,11632,22.6
frame,lgw,Year 1, spring 3, Wednesday,11633,22.0
frame,lgw,Year 1, spring 3, Wednesday,11634,21.3
frame,lgw,Year 1, spring 3, Wednesday,11635,0.1
frame,lgw,Year 1, spring 3, Wednesday,11636,21.9
frame,lgw,Year 1, spring 3, Wednesday,11637,21.8
frame,lgw,Year 1, spring 3, Wednesday,11638,22.0
frame,lgw,Year 1, spring 3, Wednesday,11639,0.1
frame,lgw,Year 1, spring 3, Wednesday,11640,22.1
frame,lgw,Year 1, spring 3, Wednesday,11641,22.7
frame,lgw,Year 1, spring 3, Wednesday,11642,21.9
frame,lgw,Year 1, spring 3, Wednesday,11643,0.1
frame,lgw,Year 1, spring 3, Wednesday,11644,22.1
frame,lgw,Year 1, spring 3, Wednesday,11645,21.8
frame,lgw,Year 1, spring 3, Wednesday,11646,21.5
frame,lgw,Year 1, spring 3, Wednesday,11647,0.1
frame,lgw,Year 1, spring 3, Wednesday,11648,23.0
frame,lgw,Year 1, spring 3, Wednesday,11649,21.9
frame,lgw,Year 1, spring 3, Wednesday,11650,21.9
frame,lgw,Year 1, spring 3, Wednesday,11651,0.1
frame,lgw,Year 1, spring 3, Wednesday,11652,22.1
frame,lgw,Year 1, spring 3, Wednesday,11653,22.0
frame,lgw,Year 1, spring 3, Wednesday,11654,21.9
frame,lgw,Year 1, spring 3, Wednesday,11655,21.6
frame,lgw,Year 1, spring 3, Wednesday,11656,0.1
frame,lgw,Year 1, spring 3, Wednesday,11657,21.9
frame,lgw,Year 1, spring 3, Wednesday,11658,22.2
frame,lgw,Year 1, spring 3, Wednesday,11659,22.0
frame,lgw,Year 1, spring 3, Wednesday,11660,0.1
frame,lgw,Year 1, spring 3, Wednesday,11661,22.6
frame,lgw,Year 1, spring 3, Wednesday,11662,22.8
frame,lgw,Year 1, spring 3, Wednesday,11663,21.9
frame,lgw,Year 1, spring 3, Wednesday,11664,0.1
frame,lgw,Year 1, spring 3, Wednesday,11665,21.6
frame,lgw,Year 1, spring 3, Wednesday,11666,22.8
frame,lgw,Year 1, spring 3, Wednesday,11667,22.0
frame,lgw,Year 1, spring 3, Wednesday,11668,0.1
frame,lgw,Year 1, spring 3, Wednesday,11669,22.2
frame,lgw,Year 1, spring 3, Wednesday,11670,22.1
frame,lgw,Year 1, spring 3, Wednesday,11671,22.1
frame,lgw,Year 1, spring 3, Wednesday,11672,0.1
frame,lgw,Year 1, spring 3, Wednesday,11673,22.1
frame,lgw,Year 1, spring 3, Wednesday,11674,23.0
frame,lgw,Year 1, spring 3, Wednesday,11675,0.1
frame,lgw,Year 1, spring 3, Wednesday,11676,21.5
frame,lgw,Year 1, spring 3, Wednesday,11677,21.8
frame,lgw,Year 1, spring 3, Wednesday,11678,21.7
frame,lgw,Year 1, spring 3, Wednesday,11679,21.6
frame,lgw,Year 1, spring 3, Wednesday,11680,0.1
frame,lgw,Year 1, spring 3, Wednesday,11681,21.9
frame,lgw,Year 1, spring 3, Wednesday,11682,22.2
frame,lgw,Year 1, spring 3, Wednesday,11683,22.1
frame,lgw,Year 1, spring 3, Wednesday,11684,0.1
frame,lgw,Year 1, spring 3, Wednesday,11685,21.5
frame,lgw,Year 1, spring 3, Wednesday,11686,22.3
frame,lgw,Year 1, spring 3, Wednesday,11687,21.8
frame,lgw,Year 1, spring 3, Wednesday,11688,0.2
frame,lgw,Year 1, spring 3, Wednesday,11689,23.0
frame,lgw,Year 1, spring 3, Wednesday,11690,21.8
frame,lgw,Year 1, spring 3, Wednesday,11691,24.7
frame,lgw,Year 1, spring 3, Wednesday,11692,0.1
frame,lgw,Year 1, spring 3, Wednesday,11693,22.4
frame,lgw,Year 1, spring 3, Wednesday,11694,22.9
frame,lgw,Year 1, spring 3, Wednesday,11695,0.1
frame,lgw,Year 1, spring 3, Wednesday,11696,22.7
frame,lgw,Year 1, spring 3, Wednesday,11697,21.9
frame,lgw,Year 1, spring 3, Wednesday,11698,21.9
frame,lgw,Year 1, spring 3, Wednesday,11699,0.1
frame,lgw,Year 1, spring 3, Wednesday,11700,21.9
frame,lgw,Year 1, spring 3, Wednesday,11701,21.9
frame,lgw,Year 1, spring 3, Wednesday,11702,22.5
frame,lgw,Year 1, spring 3, Wednesday,11703,0.1
frame,lgw,Year 1, spring 3, Wednesday,11704,21.5
frame,lgw,Year 1, spring 3, Wednesday,11705,21.7
frame,lgw,Year 1, spring 3, Wednesday,11706,22.8
frame,lgw,Year 1, spring 3, Wednesday,11707,22.4
frame,lgw,Year 1, spring 3, Wednesday,11708,0.1
frame,lgw,Year 1, spring 3, Wednesday,11709,22.0
frame,lgw,Year 1, spring 3, Wednesday,11710,22.5
frame,lgw,Year 1, spring 3, Wednesday,11711,21.6
frame,lgw,Year 1, spring 3, Wednesday,11712,0.1
frame,lgw,Year 1, spring 3, Wednesday,11713,21.8
frame,lgw,Year 1, spring 3, Wednesday,11714,22.1
frame,lgw,Year 1, spring 3, Wednesday,11715,21.7
frame,lgw,Year 1, spring 3, Wednesday,11716,0.2
frame,lgw,Year 1, spring 3, Wednesday,11717,23.4
frame,lgw,Year 1, spring 3, Wednesday,11718,22.0
frame,lgw,Year 1, spring 3, Wednesday,11719,22.2
frame,lgw,Year 1, spring 3, Wednesday,11720,0.1
frame,lgw,Year 1, spring 3, Wednesday,11721,21.9
frame,lgw,Year 1, spring 3, Wednesday,11722,22.3
frame,lgw,Year 1, spring 3, Wednesday,11723,22.0
frame,lgw,Year 1, spring 3, Wednesday,11724,0.1
frame,lgw,Year 1, spring 3, Wednesday,11725,23.0
frame,lgw,Year 1, spring 3, Wednesday,11726,21.9
frame,lgw,Year 1, spring 3, Wednesday,11727,22.1
frame,lgw,Year 1, spring 3, Wednesday,11728,0.1
frame,lgw,Year 1, spring 3, Wednesday,11729,22.4
frame,lgw,Year 1, spring 3, Wednesday,11730,21.8
frame,lgw,Year 1, spring 3, Wednesday,11731,22.3
frame,lgw,Year 1, spring 3, Wednesday,11732,0.1
frame,lgw,Year 1, spring 3, Wednesday,11733,22.3
frame,lgw,Year 1, spring 3, Wednesday,11734,22.3
frame,lgw,Year 1, spring 3, Wednesday,11735,21.7
frame,lgw,Year 1, spring 3, Wednesday,11736,0.1
frame,lgw,Year 1, spring 3, Wednesday,11737,22.6
frame,lgw,Year 1, spring 3, Wednesday,11738,23.1
frame,lgw,Year 1, spring 3, Wednesday,11739,0.1
frame,lgw,Year 1, spring 3, Wednesday,11740,23.1
frame,lgw,Year 1, spring 3, Wednesday,11741,21.6
frame,lgw,Year 1, spring 3, Wednesday,11742,22.8
frame,lgw,Year 1, spring 3, Wednesday,11743,0.1
frame,lgw,Year 1, spring 3, Wednesday,11744,22.4
frame,lgw,Year 1, spring 3, Wednesday,11745,23.0
frame,lgw,Year 1, spring 3, Wednesday,11746,22.6
frame,lgw,Year 1, spring 3, Wednesday,11747,0.2
frame,lgw,Year 1, spring 3, Wednesday,11748,22.0
frame,lgw,Year 1, spring 3, Wednesday,11749,21.7
frame,lgw,Year 1, spring 3, Wednesday,11750,21.8
frame,lgw,Year 1, spring 3, Wednesday,11751,0.1
frame,lgw,Year 1, spring 3, Wednesday,11752,21.9
frame,lgw,Year 1, spring 3, Wednesday,11753,21.8
frame,lgw,Year 1, spring 3, Wednesday,11754,22.1
frame,lgw,Year 1, spring 3, Wednesday,11755,0.1
frame,lgw,Year 1, spring 3, Wednesday,11756,22.2
frame,lgw,Year 1, spring 3, Wednesday,11757,22.1
frame,lgw,Year 1, spring 3, Wednesday,11758,22.2
frame,lgw,Year 1, spring 3, Wednesday,11759,0.2
frame,lgw,Year 1, spring 3, Wednesday,11760,22.5
frame,lgw,Year 1, spring 3, Wednesday,11761,23.8
frame,lgw,Year 1, spring 3, Wednesday,11762,21.8
frame,lgw,Year 1, spring 3, Wednesday,11763,0.1
frame,lgw,Year 1, spring 3, Wednesday,11764,22.0
frame,lgw,Year 1, spring 3, Wednesday,11765,22.3
frame,lgw,Year 1, spring 3, Wednesday,11766,22.7
frame,lgw,Year 1, spring 3, Wednesday,11767,0.1
frame,lgw,Year 1, spring 3, Wednesday,11768,21.7
frame,lgw,Year 1, spring 3, Wednesday,11769,22.2
frame,lgw,Year 1, spring 3, Wednesday,11770,22.3
frame,lgw,Year 1, spring 3, Wednesday,11771,0.1
frame,lgw,Year 1, spring 3, Wednesday,11772,21.6
frame,lgw,Year 1, spring 3, Wednesday,11773,22.3
frame,lgw,Year 1, spring 3, Wednesday,11774,21.7
frame,lgw,Year 1, spring 3, Wednesday,11775,0.1
frame,lgw,Year 1, spring 3, Wednesday,11776,22.4
frame,lgw,Year 1, spring 3, Wednesday,11777,22.0
frame,lgw,Year 1, spring 3, Wednesday,11778,22.2
frame,lgw,Year 1, spring 3, Wednesday,11779,0.2
frame,lgw,Year 1, spring 3, Wednesday,11780,22.9
frame,lgw,Year 1, spring 3, Wednesday,11781,22.8
frame,lgw,Year 1, spring 3, Wednesday,11782,22.8
frame,lgw,Year 1, spring 3, Wednesday,11783,0.1
frame,lgw,Year 1, spring 3, Wednesday,11784,21.4
frame,lgw,Year 1, spring 3, Wednesday,11785,22.2
frame,lgw,Year 1, spring 3, Wednesday,11786,22.2
frame,lgw,Year 1, spring 3, Wednesday,11787,0.1
frame,lgw,Year 1, spring 3, Wednesday,11788,22.2
frame,lgw,Year 1, spring 3, Wednesday,11789,22.0
frame,lgw,Year 1, spring 3, Wednesday,11790,22.1
frame,lgw,Year 1, spring 3, Wednesday,11791,0.1
frame,lgw,Year 1, spring 3, Wednesday,11792,21.9
frame,lgw,Year 1, spring 3, Wednesday,11793,21.9
frame,lgw,Year 1, spring 3, Wednesday,11794,21.8
frame,lgw,Year 1, spring 3, Wednesday,11795,0.1
frame,lgw,Year 1, spring 3, Wednesday,11796,22.7
frame,lgw,Year 1, spring 3, Wednesday,11797,22.5
frame,lgw,Year 1, spring 3, Wednesday,11798,21.5
frame,lgw,Year 1, spring 3, Wednesday,11799,0.1
frame,lgw,Year 1, spring 3, Wednesday,11800,22.6
frame,lgw,Year 1, spring 3, Wednesday,11801,22.6
frame,lgw,Year 1, spring 3, Wednesday,11802,22.8
frame,lgw,Year 1, spring 3, Wednesday,11803,0.1
frame,lgw,Year 1, spring 3, Wednesday,11804,23.1
frame,lgw,Year 1, spring 3, Wednesday,11805,22.2
frame,lgw,Year 1, spring 3, Wednesday,11806,21.9
frame,lgw,Year 1, spring 3, Wednesday,11807,0.1
frame,lgw,Year 1, spring 3, Wednesday,11808,21.5
frame,lgw,Year 1, spring 3, Wednesday,11809,22.4
frame,lgw,Year 1, spring 3, Wednesday,11810,23.0
frame,lgw,Year 1, spring 3, Wednesday,11811,0.1
frame,lgw,Year 1, spring 3, Wednesday,11812,22.1
frame,lgw,Year 1, spring 3, Wednesday,11813,22.9
frame,lgw,Year 1, spring 3, Wednesday,11814,22.4
frame,lgw,Year 1, spring 3, Wednesday,11815,0.1
frame,lgw,Year 1, spring 3, Wednesday,11816,22.6
frame,lgw,Year 1, spring 3, Wednesday,11817,22.3
frame,lgw,Year 1, spring 3, Wednesday,11818,0.1
frame,lgw,Year 1, spring 3, Wednesday,11819,23.0
frame,lgw,Year 1, spring 3, Wednesday,11820,22.5
frame,lgw,Year 1, spring 3, Wednesday,11821,22.2
frame,lgw,Year 1, spring 3, Wednesday,11822,0.1
frame,lgw,Year 1, spring 3, Wednesday,11823,22.7
frame,lgw,Year 1, spring 3, Wednesday,11824,21.7
frame,lgw,Year 1, spring 3, Wednesday,11825,21.6
frame,lgw,Year 1, spring 3, Wednesday,11826,0.1
frame,lgw,Year 1, spring 3, Wednesday,11827,21.7
frame,lgw,Year 1, spring 3, Wednesday,11828,22.0
frame,lgw,Year 1, spring 3, Wednesday,11829,23.1
frame,lgw,Year 1, spring 3, Wednesday,11830,0.1
frame,lgw,Year 1, spring 3, Wednesday,11831,22.3
frame,lgw,Year 1, spring 3, Wednesday,11832,22.4
frame,lgw,Year 1, spring 3, Wednesday,11833,22.3
frame,lgw,Year 1, spring 3, Wednesday,11834,0.1
frame,lgw,Year 1, spring 3, Wednesday,11835,22.7
frame,lgw,Year 1, spring 3, Wednesday,11836,22.6
frame,lgw,Year 1, spring 3, Wednesday,11837,22.1
frame,lgw,Year 1, spring 3, Wednesday,11838,0.1
frame,lgw,Year 1, spring 3, Wednesday,11839,22.7
frame,lgw,Year 1, spring 3, Wednesday,11840,22.2
frame,lgw,Year 1, spring 3, Wednesday,11841,22.7
frame,lgw,Year 1, spring 3, Wednesday,11842,0.1
frame,lgw,Year 1, spring 3, Wednesday,11843,22.5
frame,lgw,Year 1, spring 3, Wednesday,11844,21.7
frame,lgw,Year 1, spring 3, Wednesday,11845,22.1
frame,lgw,Year 1, spring 3, Wednesday,11846,0.1
frame,lgw,Year 1, spring 3, Wednesday,11847,21.9
frame,lgw,Year 1, spring 3, Wednesday,11848,21.6
frame,lgw,Year 1, spring 3, Wednesday,11849,21.6
frame,lgw,Year 1, spring 3, Wednesday,11850,0.1
frame,lgw,Year 1, spring 3, Wednesday,11851,21.7
frame,lgw,Year 1, spring 3, Wednesday,11852,21.7
frame,lgw,Year 1, spring 3, Wednesday,11853,22.1
frame,lgw,Year 1, spring 3, Wednesday,11854,0.1
frame,lgw,Year 1, spring 3, Wednesday,11855,21.7
frame,lgw,Year 1, spring 3, Wednesday,11856,22.1
frame,lgw,Year 1, spring 3, Wednesday,11857,21.8
frame,lgw,Year 1, spring 3, Wednesday,11858,22.7
frame,lgw,Year 1, spring 3, Wednesday,11859,0.1
frame,lgw,Year 1, spring 3, Wednesday,11860,22.2
frame,lgw,Year 1, spring 3, Wednesday,11861,22.6
frame,lgw,Year 1, spring 3, Wednesday,11862,0.1
frame,lgw,Year 1, spring 3, Wednesday,11863,22.5
frame,lgw,Year 1, spring 3, Wednesday,11864,22.1
frame,lgw,Year 1, spring 3, Wednesday,11865,22.5
frame,lgw,Year 1, spring 3, Wednesday,11866,0.1
frame,lgw,Year 1, spring 3, Wednesday,11867,22.0
frame,lgw,Year 1, spring 3, Wednesday,11868,21.7
frame,lgw,Year 1, spring 3, Wednesday,11869,21.8
frame,lgw,Year 1, spring 3, Wednesday,11870,0.2
frame,lgw,Year 1, spring 3, Wednesday,11871,21.8
frame,lgw,Year 1, spring 3, Wednesday,11872,21.6
frame,lgw,Year 1, spring 3, Wednesday,11873,22.2
frame,lgw,Year 1, spring 3, Wednesday,11874,22.1
frame,lgw,Year 1, spring 3, Wednesday,11875,0.1
frame,lgw,Year 1, spring 3, Wednesday,11876,22.5
frame,lgw,Year 1, spring 3, Wednesday,11877,21.6
frame,lgw,Year 1, spring 3, Wednesday,11878,22.5
frame,lgw,Year 1, spring 3, Wednesday,11879,0.1
frame,lgw,Year 1, spring 3, Wednesday,11880,21.7
frame,lgw,Year 1, spring 3, Wednesday,11881,22.2
frame,lgw,Year 1, spring 3, Wednesday,11882,22.2
frame,lgw,Year 1, spring 3, Wednesday,11883,0.2
frame,lgw,Year 1, spring 3, Wednesday,11884,22.7
frame,lgw,Year 1, spring 3, Wednesday,11885,22.1
frame,lgw,Year 1, spring 3, Wednesday,11886,21.6
frame,lgw,Year 1, spring 3, Wednesday,11887,0.1
frame,lgw,Year 1, spring 3, Wednesday,11888,21.9
frame,lgw,Year 1, spring 3, Wednesday,11889,22.1
frame,lgw,Year 1, spring 3, Wednesday,11890,21.8
frame,lgw,Year 1, spring 3, Wednesday,11891,0.1
frame,lgw,Year 1, spring 3, Wednesday,11892,21.8
frame,lgw,Year 1, spring 3, Wednesday,11893,22.3
frame,lgw,Year 1, spring 3, Wednesday,11894,22.1
frame,lgw,Year 1, spring 3, Wednesday,11895,0.1
frame,lgw,Year 1, spring 3, Wednesday,11896,23.5
frame,lgw,Year 1, spring 3, Wednesday,11897,21.7
frame,lgw,Year 1, spring 3, Wednesday,11898,22.3
frame,lgw,Year 1, spring 3, Wednesday,11899,0.1
frame,lgw,Year 1, spring 3, Wednesday,11900,21.5
frame,lgw,Year 1, spring 3, Wednesday,11901,22.2
frame,lgw,Year 1, spring 3, Wednesday,11902,22.3
frame,lgw,Year 1, spring 3, Wednesday,11903,0.1
frame,lgw,Year 1, spring 3, Wednesday,11904,22.6
frame,lgw,Year 1, spring 3, Wednesday,11905,23.0
frame,lgw,Year 1, spring 3, Wednesday,11906,21.6
frame,lgw,Year 1, spring 3, Wednesday,11907,0.1
frame,lgw,Year 1, spring 3, Wednesday,11908,22.0
frame,lgw,Year 1, spring 3, Wednesday,11909,22.2
frame,lgw,Year 1, spring 3, Wednesday,11910,22.0
frame,lgw,Year 1, spring 3, Wednesday,11911,0.1
frame,lgw,Year 1, spring 3, Wednesday,11912,21.7
frame,lgw,Year 1, spring 3, Wednesday,11913,21.6
frame,lgw,Year 1, spring 3, Wednesday,11914,22.2
frame,lgw,Year 1, spring 3, Wednesday,11915,0.1
frame,lgw,Year 1, spring 3, Wednesday,11916,21.9
frame,lgw,Year 1, spring 3, Wednesday,11917,21.8
frame,lgw,Year 1, spring 3, Wednesday,11918,22.1
frame,lgw,Year 1, spring 3, Wednesday,11919,0.1
frame,lgw,Year 1, spring 3, Wednesday,11920,22.1
frame,lgw,Year 1, spring 3, Wednesday,11921,22.6
frame,lgw,Year 1, spring 3, Wednesday,11922,22.4
frame,lgw,Year 1, spring 3, Wednesday,11923,0.1
frame,lgw,Year 1, spring 3, Wednesday,11924,21.9
frame,lgw,Year 1, spring 3, Wednesday,11925,22.8
frame,lgw,Year 1, spring 3, Wednesday,11926,21.9
frame,lgw,Year 1, spring 3, Wednesday,11927,0.3
frame,lgw,Year 1, spring 3, Wednesday,11928,21.7
frame,lgw,Year 1, spring 3, Wednesday,11929,21.7
frame,lgw,Year 1, spring 3, Wednesday,11930,21.3
frame,lgw,Year 1, spring 3, Wednesday,11931,0.1
frame,lgw,Year 1, spring 3, Wednesday,11932,22.4
frame,lgw,Year 1, spring 3, Wednesday,11933,21.8
frame,lgw,Year 1, spring 3, Wednesday,11934,22.4
frame,lgw,Year 1, spring 3, Wednesday,11935,0.1
frame,lgw,Year 1, spring 3, Wednesday,11936,22.5
frame,lgw,Year 1, spring 3, Wednesday,11937,21.7
frame,lgw,Year 1, spring 3, Wednesday,11938,22.1
frame,lgw,Year 1, spring 3, Wednesday,11939,0.1
frame,lgw,Year 1, spring 3, Wednesday,11940,21.8
frame,lgw,Year 1, spring 3, Wednesday,11941,21.9
frame,lgw,Year 1, spring 3, Wednesday,11942,22.4
frame,lgw,Year 1, spring 3, Wednesday,11943,0.2
frame,lgw,Year 1, spring 3, Wednesday,11944,22.2
frame,lgw,Year 1, spring 3, Wednesday,11945,21.7
frame,lgw,Year 1, spring 3, Wednesday,11946,21.7
frame,lgw,Year 1, spring 3, Wednesday,11947,22.4
frame,lgw,Year 1, spring 3, Wednesday,11948,0.1
frame,lgw,Year 1, spring 3, Wednesday,11949,22.4
frame,lgw,Year 1, spring 3, Wednesday,11950,21.9
frame,lgw,Year 1, spring 3, Wednesday,11951,21.8
frame,lgw,Year 1, spring 3, Wednesday,11952,0.1
frame,lgw,Year 1, spring 3, Wednesday,11953,21.7
frame,lgw,Year 1, spring 3, Wednesday,11954,21.8
frame,lgw,Year 1, spring 3, Wednesday,11955,21.6
frame,lgw,Year 1, spring 3, Wednesday,11956,0.1
frame,lgw,Year 1, spring 3, Wednesday,11957,21.8
frame,lgw,Year 1, spring 3, Wednesday,11958,22.4
frame,lgw,Year 1, spring 3, Wednesday,11959,22.6
frame,lgw,Year 1, spring 3, Wednesday,11960,0.2
frame,lgw,Year 1, spring 3, Wednesday,11961,22.4
frame,lgw,Year 1, spring 3, Wednesday,11962,21.8
frame,lgw,Year 1, spring 3, Wednesday,11963,21.9
frame,lgw,Year 1, spring 3, Wednesday,11964,0.1
frame,lgw,Year 1, spring 3, Wednesday,11965,22.2
frame,lgw,Year 1, spring 3, Wednesday,11966,21.9
frame,lgw,Year 1, spring 3, Wednesday,11967,22.8
frame,lgw,Year 1, spring 3, Wednesday,11968,0.1
frame,lgw,Year 1, spring 3, Wednesday,11969,21.9
frame,lgw,Year 1, spring 3, Wednesday,11970,22.9
frame,lgw,Year 1, spring 3, Wednesday,11971,22.6
frame,lgw,Year 1, spring 3, Wednesday,11972,0.3
frame,lgw,Year 1, spring 3, Wednesday,11973,22.0
frame,lgw,Year 1, spring 3, Wednesday,11974,22.5
frame,lgw,Year 1, spring 3, Wednesday,11975,22.9
frame,lgw,Year 1, spring 3, Wednesday,11976,0.1
frame,lgw,Year 1, spring 3, Wednesday,11977,22.3
frame,lgw,Year 1, spring 3, Wednesday,11978,22.4
frame,lgw,Year 1, spring 3, Wednesday,11979,0.1
frame,lgw,Year 1, spring 3, Wednesday,11980,22.8
frame,lgw,Year 1, spring 3, Wednesday,11981,22.2
frame,lgw,Year 1, spring 3, Wednesday,11982,21.6
frame,lgw,Year 1, spring 3, Wednesday,11983,0.1
frame,lgw,Year 1, spring 3, Wednesday,11984,22.8
frame,lgw,Year 1, spring 3, Wednesday,11985,23.4
frame,lgw,Year 1, spring 3, Wednesday,11986,22.2
frame,lgw,Year 1, spring 3, Wednesday,11987,0.2
frame,lgw,Year 1, spring 3, Wednesday,11988,21.8
frame,lgw,Year 1, spring 3, Wednesday,11989,22.5
frame,lgw,Year 1, spring 3, Wednesday,11990,21.9
frame,lgw,Year 1, spring 3, Wednesday,11991,0.1
frame,lgw,Year 1, spring 3, Wednesday,11992,22.2
frame,lgw,Year 1, spring 3, Wednesday,11993,21.6
frame,lgw,Year 1, spring 3, Wednesday,11994,22.6
frame,lgw,Year 1, spring 3, Wednesday,11995,0.1
frame,lgw,Year 1, spring 3, Wednesday,11996,22.4
frame,lgw,Year 1, spring 3, Wednesday,11997,22.3
frame,lgw,Year 1, spring 3, Wednesday,11998,22.3
frame,lgw,Year 1, spring 3, Wednesday,11999,0.1
switch,lgw,Year 1, spring 3, Wednesday,810,17.6
switch,lgw,Year 1, spring 3, Wednesday,820,17.8
switch,lgw,Year 1, spring 3, Wednesday,830,17.2
switchdetail,lgw,Year 1, spring 3, Wednesday,800,0,0.0
switchdetail,lgw,Year 1, spring 3, Wednesday,810,0,0.0
switchdetail,lgw,Year 1, spring 3, Wednesday,820,0,0.0
lag,lgw,Year 1, spring 3, Wednesday,17186,57.8
frame,lgw,Year 1, spring 3, Wednesday,17120,22.2
frame,lgw,Year 1, spring 3, Wednesday,17121,0.1
frame,lgw,Year 1, spring 3, Wednesday,17122,21.8
frame,lgw,Year 1, spring 3, Wednesday,17123,21.8
frame,lgw,Year 1, spring 3, Wednesday,17124,21.9
frame,lgw,Year 1, spring 3, Wednesday,17125,0.1
frame,lgw,Year 1, spring 3, Wednesday,17126,22.4
frame,lgw,Year 1, spring 3, Wednesday,17127,22.7
frame,lgw,Year 1, spring 3, Wednesday,17128,22.1
frame,lgw,Year 1, spring 3, Wednesday,17129,0.1
frame,lgw,Year 1, spring 3, Wednesday,17130,22.0
frame,lgw,Year 1, spring 3, Wednesday,17131,22.1
frame,lgw,Year 1, spring 3, Wednesday,17132,21.9
frame,lgw,Year 1, spring 3, Wednesday,17133,0.3
frame,lgw,Year 1, spring 3, Wednesday,17134,21.9
frame,lgw,Year 1, spring 3, Wednesday,17135,22.1
frame,lgw,Year 1, spring 3, Wednesday,17136,21.7
frame,lgw,Year 1, spring 3, Wednesday,17137,0.1
frame,lgw,Year 1, spring 3, Wednesday,17138,21.6
frame,lgw,Year 1, spring 3, Wednesday,17139,22.0
frame,lgw,Year 1, spring 3, Wednesday,17140,21.8
frame,lgw,Year 1, spring 3, Wednesday,17141,0.1
frame,lgw,Year 1, spring 3, Wednesday,17142,22.1
frame,lgw,Year 1, spring 3, Wednesday,17143,21.6
frame,lgw,Year 1, spring 3, Wednesday,17144,22.0
frame,lgw,Year 1, spring 3, Wednesday,17145,0.1
frame,lgw,Year 1, spring 3, Wednesday,17146,22.5
frame,lgw,Year 1, spring 3, Wednesday,17147,22.0
frame,lgw,Year 1, spring 3, Wednesday,17148,23.4
frame,lgw,Year 1, spring 3, Wednesday,17149,0.9
frame,lgw,Year 1, spring 3, Wednesday,17150,27.9
frame,lgw,Year 1, spring 3, Wednesday,17151,24.0
frame,lgw,Year 1, spring 3, Wednesday,17152,0.1
frame,lgw,Year 1, spring 3, Wednesday,17153,22.6
frame,lgw,Year 1, spring 3, Wednesday,17154,22.6
frame,lgw,Year 1, spring 3, Wednesday,17155,0.1
frame,lgw,Year 1, spring 3, Wednesday,17156,22.0
frame,lgw,Year 1, spring 3, Wednesday,17157,22.0
frame,lgw,Year 1, spring 3, Wednesday,17158,21.5
frame,lgw,Year 1, spring 3, Wednesday,17159,21.7
frame,lgw,Year 1, spring 3, Wednesday,17160,0.1
frame,lgw,Year 1, spring 3, Wednesday,17161,22.0
frame,lgw,Year 1, spring 3, Wednesday,17162,21.8
frame,lgw,Year 1, spring 3, Wednesday,17163,22.0
frame,lgw,Year 1, spring 3, Wednesday,17164,0.1
frame,lgw,Year 1, spring 3, Wednesday,17165,21.4
frame,lgw,Year 1, spring 3, Wednesday,17166,22.3
frame,lgw,Year 1, spring 3, Wednesday,17167,23.5
frame,lgw,Year 1, spring 3, Wednesday,17168,0.1
frame,lgw,Year 1, spring 3, Wednesday,17169,21.5
frame,lgw,Year 1, spring 3, Wednesday,17170,22.7
frame,lgw,Year 1, spring 3, Wednesday,17171,22.2
frame,lgw,Year 1, spring 3, Wednesday,17172,0.3
frame,lgw,Year 1, spring 3, Wednesday,17173,22.6
frame,lgw,Year 1, spring 3, Wednesday,17174,21.8
frame,lgw,Year 1, spring 3, Wednesday,17175,22.0
frame,lgw,Year 1, spring 3, Wednesday,17176,0.1
frame,lgw,Year 1, spring 3, Wednesday,17177,21.9
frame,lgw,Year 1, spring 3, Wednesday,17178,21.6
frame,lgw,Year 1, spring 3, Wednesday,17179,22.0
frame,lgw,Year 1, spring 3, Wednesday,17180,0.2
frame,lgw,Year 1, spring 3, Wednesday,17181,15.4
frame,lgw,Year 1, spring 3, Wednesday,17182,18.5
frame,lgw,Year 1, spring 3, Wednesday,17183,12.9
frame,lgw,Year 1, spring 3, Wednesday,17184,16.7
frame,lgw,Year 1, spring 3, Wednesday,17185,57.8
frame,lgw,Year 1, spring 3, Wednesday,17186,40.7
frame,lgw,Year 1, spring 3, Wednesday,17187,1.4
frame,lgw,Year 1, spring 3, Wednesday,17188,0.8
frame,lgw,Year 1, spring 3, Wednesday,17189,0.3
frame,lgw,Year 1, spring 3, Wednesday,17190,30.0
frame,lgw,Year 1, spring 3, Wednesday,17191,0.6
frame,lgw,Year 1, spring 3, Wednesday,17192,1.5
frame,lgw,Year 1, spring 3, Wednesday,17193,16.8
frame,lgw,Year 1, spring 3, Wednesday,17194,16.7
frame,lgw,Year 1, spring 3, Wednesday,17195,16.6
frame,lgw,Year 1, spring 3, Wednesday,17196,16.6
frame,lgw,Year 1, spring 3, Wednesday,17197,16.7
frame,lgw,Year 1, spring 3, Wednesday,17198,16.9
frame,lgw,Year 1, spring 3, Wednesday,17199,16.4
frame,lgw,Year 1, spring 3, Wednesday,17200,16.7
frame,lgw,Year 1, spring 3, Wednesday,17201,16.6
frame,lgw,Year 1, spring 3, Wednesday,17202,16.6
frame,lgw,Year 1, spring 3, Wednesday,17203,16.9
frame,lgw,Year 1, spring 3, Wednesday,17204,16.7
frame,lgw,Year 1, spring 3, Wednesday,17205,16.7
frame,lgw,Year 1, spring 3, Wednesday,17206,16.6
frame,lgw,Year 1, spring 3, Wednesday,17207,16.7
frame,lgw,Year 1, spring 3, Wednesday,17208,16.6
frame,lgw,Year 1, spring 3, Wednesday,17209,16.6
frame,lgw,Year 1, spring 3, Wednesday,17210,16.8
frame,lgw,Year 1, spring 3, Wednesday,17211,16.6
frame,lgw,Year 1, spring 3, Wednesday,17212,16.9
frame,lgw,Year 1, spring 3, Wednesday,17213,16.6
frame,lgw,Year 1, spring 3, Wednesday,17214,16.6
frame,lgw,Year 1, spring 3, Wednesday,17215,16.6
frame,lgw,Year 1, spring 3, Wednesday,17216,16.8
frame,lgw,Year 1, spring 3, Wednesday,17217,16.7
frame,lgw,Year 1, spring 3, Wednesday,17218,16.7
frame,lgw,Year 1, spring 3, Wednesday,17219,16.5
frame,lgw,Year 1, spring 3, Wednesday,17220,16.6
frame,lgw,Year 1, spring 3, Wednesday,17221,17.6
frame,lgw,Year 1, spring 3, Wednesday,17222,16.4
frame,lgw,Year 1, spring 3, Wednesday,17223,16.5
frame,lgw,Year 1, spring 3, Wednesday,17224,16.6
frame,lgw,Year 1, spring 3, Wednesday,17225,16.1
frame,lgw,Year 1, spring 3, Wednesday,17226,16.7
frame,lgw,Year 1, spring 3, Wednesday,17227,16.7
frame,lgw,Year 1, spring 3, Wednesday,17228,16.6
frame,lgw,Year 1, spring 3, Wednesday,17229,16.8
frame,lgw,Year 1, spring 3, Wednesday,17230,16.5
frame,lgw,Year 1, spring 3, Wednesday,17231,16.6
frame,lgw,Year 1, spring 3, Wednesday,17232,16.6
frame,lgw,Year 1, spring 3, Wednesday,17233,16.8
frame,lgw,Year 1, spring 3, Wednesday,17234,16.6
frame,lgw,Year 1, spring 3, Wednesday,17235,16.6
frame,lgw,Year 1, spring 3, Wednesday,17236,16.8
frame,lgw,Year 1, spring 3, Wednesday,17237,16.6
frame,lgw,Year 1, spring 3, Wednesday,17238,16.7
frame,lgw,Year 1, spring 3, Wednesday,17239,16.6
frame,lgw,Year 1, spring 3, Wednesday,17240,16.7
frame,lgw,Year 1, spring 3, Wednesday,17241,16.8
frame,lgw,Year 1, spring 3, Wednesday,17242,16.6
frame,lgw,Year 1, spring 3, Wednesday,17243,16.6
frame,lgw,Year 1, spring 3, Wednesday,17244,16.6
frame,lgw,Year 1, spring 3, Wednesday,17245,16.7
frame,lgw,Year 1, spring 3, Wednesday,17246,16.7
frame,lgw,Year 1, spring 3, Wednesday,17247,16.7
frame,lgw,Year 1, spring 3, Wednesday,17248,16.7
frame,lgw,Year 1, spring 3, Wednesday,17249,16.6
frame,lgw,Year 1, spring 3, Wednesday,17250,16.6
frame,lgw,Year 1, spring 3, Wednesday,17251,16.6
frame,lgw,Year 1, spring 3, Wednesday,17252,16.7
frame,lgw,Year 1, spring 3, Wednesday,17253,16.7
frame,lgw,Year 1, spring 3, Wednesday,17254,16.8
frame,lgw,Year 1, spring 3, Wednesday,17255,16.6
frame,lgw,Year 1, spring 3, Wednesday,17256,16.6
frame,lgw,Year 1, spring 3, Wednesday,17257,16.7
frame,lgw,Year 1, spring 3, Wednesday,17258,16.7
frame,lgw,Year 1, spring 3, Wednesday,17259,16.7
frame,lgw,Year 1, spring 3, Wednesday,17260,16.6
frame,lgw,Year 1, spring 3, Wednesday,17261,16.6
frame,lgw,Year 1, spring 3, Wednesday,17262,16.7
frame,lgw,Year 1, spring 3, Wednesday,17263,16.8
frame,lgw,Year 1, spring 3, Wednesday,17264,16.5
frame,lgw,Year 1, spring 3, Wednesday,17265,16.8
frame,lgw,Year 1, spring 3, Wednesday,17266,16.7
frame,lgw,Year 1, spring 3, Wednesday,17267,16.6
frame,lgw,Year 1, spring 3, Wednesday,17268,16.6
frame,lgw,Year 1, spring 3, Wednesday,17269,16.6
frame,lgw,Year 1, spring 3, Wednesday,17270,16.9
frame,lgw,Year 1, spring 3, Wednesday,17271,17.1
frame,lgw,Year 1, spring 3, Wednesday,17272,16.5
frame,lgw,Year 1, spring 3, Wednesday,17273,16.4
frame,lgw,Year 1, spring 3, Wednesday,17274,16.6
frame,lgw,Year 1, spring 3, Wednesday,17275,16.5
frame,lgw,Year 1, spring 3, Wednesday,17276,16.7
frame,lgw,Year 1, spring 3, Wednesday,17277,16.6
frame,lgw,Year 1, spring 3, Wednesday,17278,16.7
frame,lgw,Year 1, spring 3, Wednesday,17279,16.7
frame,lgw,Year 1, spring 3, Wednesday,17280,16.6
frame,lgw,Year 1, spring 3, Wednesday,17281,16.7
frame,lgw,Year 1, spring 3, Wednesday,17282,16.7
frame,lgw,Year 1, spring 3, Wednesday,17283,16.7
frame,lgw,Year 1, spring 3, Wednesday,17284,16.6
frame,lgw,Year 1, spring 3, Wednesday,17285,17.8
frame,lgw,Year 1, spring 3, Wednesday,17286,15.7
frame,lgw,Year 1, spring 3, Wednesday,17287,16.4
frame,lgw,Year 1, spring 3, Wednesday,17288,16.6
frame,lgw,Year 1, spring 3, Wednesday,17289,16.7
frame,lgw,Year 1, spring 3, Wednesday,17290,16.7
frame,lgw,Year 1, spring 3, Wednesday,17291,17.2
frame,lgw,Year 1, spring 3, Wednesday,17292,16.5
frame,lgw,Year 1, spring 3, Wednesday,17293,16.5
frame,lgw,Year 1, spring 3, Wednesday,17294,16.6
frame,lgw,Year 1, spring 3, Wednesday,17295,16.8
frame,lgw,Year 1, spring 3, Wednesday,17296,16.5
frame,lgw,Year 1, spring 3, Wednesday,17297,16.7
frame,lgw,Year 1, spring 3, Wednesday,17298,16.6
frame,lgw,Year 1, spring 3, Wednesday,17299,16.7
frame,lgw,Year 1, spring 3, Wednesday,17300,16.8
frame,lgw,Year 1, spring 3, Wednesday,17301,16.7
frame,lgw,Year 1, spring 3, Wednesday,17302,16.6
frame,lgw,Year 1, spring 3, Wednesday,17303,16.9
frame,lgw,Year 1, spring 3, Wednesday,17304,16.6
frame,lgw,Year 1, spring 3, Wednesday,17305,16.7
frame,lgw,Year 1, spring 3, Wednesday,17306,16.7
frame,lgw,Year 1, spring 3, Wednesday,17307,16.5
frame,lgw,Year 1, spring 3, Wednesday,17308,16.7
frame,lgw,Year 1, spring 3, Wednesday,17309,16.7
frame,lgw,Year 1, spring 3, Wednesday,17310,16.5
frame,lgw,Year 1, spring 3, Wednesday,17311,16.7
frame,lgw,Year 1, spring 3, Wednesday,17312,16.8
frame,lgw,Year 1, spring 3, Wednesday,17313,16.8
frame,lgw,Year 1, spring 3, Wednesday,17314,16.6
frame,lgw,Year 1, spring 3, Wednesday,17315,16.7
frame,lgw,Year 1, spring 3, Wednesday,17316,16.7
frame,lgw,Year 1, spring 3, Wednesday,17317,16.8
frame,lgw,Year 1, spring 3, Wednesday,17318,16.6
frame,lgw,Year 1, spring 3, Wednesday,17319,16.6
frame,lgw,Year 1, spring 3, Wednesday,17320,16.6
frame,lgw,Year 1, spring 3, Wednesday,17321,16.7
frame,lgw,Year 1, spring 3, Wednesday,17322,16.6
frame,lgw,Year 1, spring 3, Wednesday,17323,16.7
frame,lgw,Year 1, spring 3, Wednesday,17324,17.0
frame,lgw,Year 1, spring 3, Wednesday,17325,16.2
frame,lgw,Year 1, spring 3, Wednesday,17326,16.5
frame,lgw,Year 1, spring 3, Wednesday,17327,16.8
frame,lgw,Year 1, spring 3, Wednesday,17328,16.6
frame,lgw,Year 1, spring 3, Wednesday,17329,16.7
frame,lgw,Year 1, spring 3, Wednesday,17330,16.7
frame,lgw,Year 1, spring 3, Wednesday,17331,16.8
frame,lgw,Year 1, spring 3, Wednesday,17332,16.5
frame,lgw,Year 1, spring 3, Wednesday,17333,16.7
frame,lgw,Year 1, spring 3, Wednesday,17334,16.8
frame,lgw,Year 1, spring 3, Wednesday,17335,16.8
frame,lgw,Year 1, spring 3, Wednesday,17336,16.7
frame,lgw,Year 1, spring 3, Wednesday,17337,16.5
frame,lgw,Year 1, spring 3, Wednesday,17338,16.7
frame,lgw,Year 1, spring 3, Wednesday,17339,16.7
frame,lgw,Year 1, spring 3, Wednesday,17340,16.6
frame,lgw,Year 1, spring 3, Wednesday,17341,16.6
frame,lgw,Year 1, spring 3, Wednesday,17342,16.8
frame,lgw,Year 1, spring 3, Wednesday,17343,16.6
frame,lgw,Year 1, spring 3, Wednesday,17344,17.2
frame,lgw,Year 1, spring 3, Wednesday,17345,16.3
frame,lgw,Year 1, spring 3, Wednesday,17346,16.5
frame,lgw,Year 1, spring 3, Wednesday,17347,16.8
frame,lgw,Year 1, spring 3, Wednesday,17348,16.7
frame,lgw,Year 1, spring 3, Wednesday,17349,17.2
frame,lgw,Year 1, spring 3, Wednesday,17350,16.2
frame,lgw,Year 1, spring 3, Wednesday,17351,16.4
frame,lgw,Year 1, spring 3, Wednesday,17352,16.6
frame,lgw,Year 1, spring 3, Wednesday,17353,16.6
frame,lgw,Year 1, spring 3, Wednesday,17354,16.7
frame,lgw,Year 1, spring 3, Wednesday,17355,16.7
frame,lgw,Year 1, spring 3, Wednesday,17356,16.7
frame,lgw,Year 1, spring 3, Wednesday,17357,16.6
frame,lgw,Year 1, spring 3, Wednesday,17358,16.6
frame,lgw,Year 1, spring 3, Wednesday,17359,16.7
frame,lgw,Year 1, spring 3, Wednesday,17360,16.7
frame,lgw,Year 1, spring 3, Wednesday,17361,16.6
frame,lgw,Year 1, spring 3, Wednesday,17362,16.7
frame,lgw,Year 1, spring 3, Wednesday,17363,17.1
frame,lgw,Year 1, spring 3, Wednesday,17364,16.3
frame,lgw,Year 1, spring 3, Wednesday,17365,16.8
frame,lgw,Year 1, spring 3, Wednesday,17366,16.3
frame,lgw,Year 1, spring 3, Wednesday,17367,16.7
frame,lgw,Year 1, spring 3, Wednesday,17368,16.7
frame,lgw,Year 1, spring 3, Wednesday,17369,16.7
frame,lgw,Year 1, spring 3, Wednesday,17370,16.9
frame,lgw,Year 1, spring 3, Wednesday,17371,16.6
frame,lgw,Year 1, spring 3, Wednesday,17372,16.7
frame,lgw,Year 1, spring 3, Wednesday,17373,16.5
frame,lgw,Year 1, spring 3, Wednesday,17374,16.9
frame,lgw,Year 1, spring 3, Wednesday,17375,16.5
frame,lgw,Year 1, spring 3, Wednesday,17376,16.7
frame,lgw,Year 1, spring 3, Wednesday,17377,16.7
frame,lgw,Year 1, spring 3, Wednesday,17378,16.6
frame,lgw,Year 1, spring 3, Wednesday,17379,16.8
frame,lgw,Year 1, spring 3, Wednesday,17380,16.7
frame,lgw,Year 1, spring 3, Wednesday,17381,16.5
frame,lgw,Year 1, spring 3, Wednesday,17382,16.7
frame,lgw,Year 1, spring 3, Wednesday,17383,16.8
frame,lgw,Year 1, spring 3, Wednesday,17384,16.5
frame,lgw,Year 1, spring 3, Wednesday,17385,16.7
frame,lgw,Year 1, spring 3, Wednesday,17386,16.7
frame,lgw,Year 1, spring 3, Wednesday,17387,16.7
frame,lgw,Year 1, spring 3, Wednesday,17388,16.6
frame,lgw,Year 1, spring 3, Wednesday,17389,16.7
frame,lgw,Year 1, spring 3, Wednesday,17390,16.6
frame,lgw,Year 1, spring 3, Wednesday,17391,16.7
frame,lgw,Year 1, spring 3, Wednesday,17392,16.6
frame,lgw,Year 1, spring 3, Wednesday,17393,16.7
frame,lgw,Year 1, spring 3, Wednesday,17394,16.6
frame,lgw,Year 1, spring 3, Wednesday,17395,16.8
frame,lgw,Year 1, spring 3, Wednesday,17396,16.8
frame,lgw,Year 1, spring 3, Wednesday,17397,16.4
frame,lgw,Year 1, spring 3, Wednesday,17398,16.6
frame,lgw,Year 1, spring 3, Wednesday,17399,16.8
frame,lgw,Year 1, spring 3, Wednesday,17400,16.6
frame,lgw,Year 1, spring 3, Wednesday,17401,16.9
frame,lgw,Year 1, spring 3, Wednesday,17402,17.3
frame,lgw,Year 1, spring 3, Wednesday,17403,16.1
frame,lgw,Year 1, spring 3, Wednesday,17404,16.3
frame,lgw,Year 1, spring 3, Wednesday,17405,16.6
frame,lgw,Year 1, spring 3, Wednesday,17406,16.8
frame,lgw,Year 1, spring 3, Wednesday,17407,16.5
frame,lgw,Year 1, spring 3, Wednesday,17408,16.7
frame,lgw,Year 1, spring 3, Wednesday,17409,16.6
frame,lgw,Year 1, spring 3, Wednesday,17410,16.7
frame,lgw,Year 1, spring 3, Wednesday,17411,16.7
frame,lgw,Year 1, spring 3, Wednesday,17412,16.8
frame,lgw,Year 1, spring 3, Wednesday,17413,16.6
frame,lgw,Year 1, spring 3, Wednesday,17414,16.6
frame,lgw,Year 1, spring 3, Wednesday,17415,16.7
frame,lgw,Year 1, spring 3, Wednesday,17416,16.7
frame,lgw,Year 1, spring 3, Wednesday,17417,16.7
frame,lgw,Year 1, spring 3, Wednesday,17418,16.6
frame,lgw,Year 1, spring 3, Wednesday,17419,16.7
frame,lgw,Year 1, spring 3, Wednesday,17420,16.8
frame,lgw,Year 1, spring 3, Wednesday,17421,16.6
frame,lgw,Year 1, spring 3, Wednesday,17422,16.6
frame,lgw,Year 1, spring 3, Wednesday,17423,16.6
frame,lgw,Year 1, spring 3, Wednesday,17424,16.7
frame,lgw,Year 1, spring 3, Wednesday,17425,16.8
frame,lgw,Year 1, spring 3, Wednesday,17426,16.6
frame,lgw,Year 1, spring 3, Wednesday,17427,16.6
frame,lgw,Year 1, spring 3, Wednesday,17428,16.7
frame,lgw,Year 1, spring 3, Wednesday,17429,16.6
frame,lgw,Year 1, spring 3, Wednesday,17430,16.7
frame,lgw,Year 1, spring 3, Wednesday,17431,16.6
frame,lgw,Year 1, spring 3, Wednesday,17432,16.7
frame,lgw,Year 1, spring 3, Wednesday,17433,16.6
frame,lgw,Year 1, spring 3, Wednesday,17434,16.7
frame,lgw,Year 1, spring 3, Wednesday,17435,16.6
frame,lgw,Year 1, spring 3, Wednesday,17436,16.7
frame,lgw,Year 1, spring 3, Wednesday,17437,16.6
frame,lgw,Year 1, spring 3, Wednesday,17438,16.7
frame,lgw,Year 1, spring 3, Wednesday,17439,17.0
frame,lgw,Year 1, spring 3, Wednesday,17440,16.4
frame,lgw,Year 1, spring 3, Wednesday,17441,16.6
frame,lgw,Year 1, spring 3, Wednesday,17442,16.7
frame,lgw,Year 1, spring 3, Wednesday,17443,16.7
frame,lgw,Year 1, spring 3, Wednesday,17444,16.7
frame,lgw,Year 1, spring 3, Wednesday,17445,16.7
frame,lgw,Year 1, spring 3, Wednesday,17446,16.7
frame,lgw,Year 1, spring 3, Wednesday,17447,16.7
frame,lgw,Year 1, spring 3, Wednesday,17448,16.6
frame,lgw,Year 1, spring 3, Wednesday,17449,16.7
frame,lgw,Year 1, spring 3, Wednesday,17450,16.6
frame,lgw,Year 1, spring 3, Wednesday,17451,16.7
frame,lgw,Year 1, spring 3, Wednesday,17452,16.7
frame,lgw,Year 1, spring 3, Wednesday,17453,16.9
frame,lgw,Year 1, spring 3, Wednesday,17454,16.5
frame,lgw,Year 1, spring 3, Wednesday,17455,16.7
frame,lgw,Year 1, spring 3, Wednesday,17456,16.6
frame,lgw,Year 1, spring 3, Wednesday,17457,17.1
frame,lgw,Year 1, spring 3, Wednesday,17458,16.4
frame,lgw,Year 1, spring 3, Wednesday,17459,16.6
frame,lgw,Year 1, spring 3, Wednesday,17460,16.7
frame,lgw,Year 1, spring 3, Wednesday,17461,16.6
frame,lgw,Year 1, spring 3, Wednesday,17462,16.7
frame,lgw,Year 1, spring 3, Wednesday,17463,16.6
frame,lgw,Year 1, spring 3, Wednesday,17464,16.8
frame,lgw,Year 1, spring 3, Wednesday,17465,16.6
frame,lgw,Year 1, spring 3, Wednesday,17466,16.9
frame,lgw,Year 1, spring 3, Wednesday,17467,16.6
frame,lgw,Year 1, spring 3, Wednesday,17468,16.5
frame,lgw,Year 1, spring 3, Wednesday,17469,16.6
frame,lgw,Year 1, spring 3, Wednesday,17470,16.7
frame,lgw,Year 1, spring 3, Wednesday,17471,16.7
frame,lgw,Year 1, spring 3, Wednesday,17472,16.8
frame,lgw,Year 1, spring 3, Wednesday,17473,16.5
frame,lgw,Year 1, spring 3, Wednesday,17474,16.6
frame,lgw,Year 1, spring 3, Wednesday,17475,16.7
frame,lgw,Year 1, spring 3, Wednesday,17476,16.7
frame,lgw,Year 1, spring 3, Wednesday,17477,16.6
frame,lgw,Year 1, spring 3, Wednesday,17478,16.8
frame,lgw,Year 1, spring 3, Wednesday,17479,17.0
frame,lgw,Year 1, spring 3, Wednesday,17480,16.2
frame,lgw,Year 1, spring 3, Wednesday,17481,16.8
frame,lgw,Year 1, spring 3, Wednesday,17482,16.6
frame,lgw,Year 1, spring 3, Wednesday,17483,16.7
frame,lgw,Year 1, spring 3, Wednesday,17484,16.6
frame,lgw,Year 1, spring 3, Wednesday,17485,16.7
frame,lgw,Year 1, spring 3, Wednesday,17486,16.7
frame,lgw,Year 1, spring 3, Wednesday,17487,16.6
frame,lgw,Year 1, spring 3, Wednesday,17488,16.7
frame,lgw,Year 1, spring 3, Wednesday,17489,16.7
frame,lgw,Year 1, spring 3, Wednesday,17490,16.7
frame,lgw,Year 1, spring 3, Wednesday,17491,16.7
frame,lgw,Year 1, spring 3, Wednesday,17492,16.7
frame,lgw,Year 1, spring 3, Wednesday,17493,16.6
frame,lgw,Year 1, spring 3, Wednesday,17494,16.8
frame,lgw,Year 1, spring 3, Wednesday,17495,16.6
frame,lgw,Year 1, spring 3, Wednesday,17496,16.8
frame,lgw,Year 1, spring 3, Wednesday,17497,16.6
frame,lgw,Year 1, spring 3, Wednesday,17498,16.6
frame,lgw,Year 1, spring 3, Wednesday,17499,16.6
frame,lgw,Year 1, spring 3, Wednesday,17500,16.7
frame,lgw,Year 1, spring 3, Wednesday,17501,16.6
frame,lgw,Year 1, spring 3, Wednesday,17502,16.7
frame,lgw,Year 1, spring 3, Wednesday,17503,16.7
frame,lgw,Year 1, spring 3, Wednesday,17504,16.6
frame,lgw,Year 1, spring 3, Wednesday,17505,16.7
frame,lgw,Year 1, spring 3, Wednesday,17506,17.3
frame,lgw,Year 1, spring 3, Wednesday,17507,16.2
frame,lgw,Year 1, spring 3, Wednesday,17508,16.6
frame,lgw,Year 1, spring 3, Wednesday,17509,16.6
frame,lgw,Year 1, spring 3, Wednesday,17510,16.7
frame,lgw,Year 1, spring 3, Wednesday,17511,16.7
frame,lgw,Year 1, spring 3, Wednesday,17512,16.7
frame,lgw,Year 1, spring 3, Wednesday,17513,16.6
frame,lgw,Year 1, spring 3, Wednesday,17514,16.8
frame,lgw,Year 1, spring 3, Wednesday,17515,16.6
frame,lgw,Year 1, spring 3, Wednesday,17516,16.6
frame,lgw,Year 1, spring 3, Wednesday,17517,16.6
frame,lgw,Year 1, spring 3, Wednesday,17518,16.7
frame,lgw,Year 1, spring 3, Wednesday,17519,16.6
frame,lgw,Year 1, spring 3, Wednesday,17520,16.8
frame,lgw,Year 1, spring 3, Wednesday,17521,16.6
frame,lgw,Year 1, spring 3, Wednesday,17522,16.8
frame,lgw,Year 1, spring 3, Wednesday,17523,16.6
frame,lgw,Year 1, spring 3, Wednesday,17524,16.7
frame,lgw,Year 1, spring 3, Wednesday,17525,16.6
frame,lgw,Year 1, spring 3, Wednesday,17526,16.6
frame,lgw,Year 1, spring 3, Wednesday,17527,16.8
frame,lgw,Year 1, spring 3, Wednesday,17528,16.6
frame,lgw,Year 1, spring 3, Wednesday,17529,16.7
frame,lgw,Year 1, spring 3, Wednesday,17530,16.6
frame,lgw,Year 1, spring 3, Wednesday,17531,16.7
frame,lgw,Year 1, spring 3, Wednesday,17532,17.1
frame,lgw,Year 1, spring 3, Wednesday,17533,16.3
frame,lgw,Year 1, spring 3, Wednesday,17534,16.6
frame,lgw,Year 1, spring 3, Wednesday,17535,16.7
frame,lgw,Year 1, spring 3, Wednesday,17536,16.6
frame,lgw,Year 1, spring 3, Wednesday,17537,16.7
frame,lgw,Year 1, spring 3, Wednesday,17538,16.6
frame,lgw,Year 1, spring 3, Wednesday,17539,16.7
frame,lgw,Year 1, spring 3, Wednesday,17540,16.6
frame,lgw,Year 1, spring 3, Wednesday,17541,16.7
frame,lgw,Year 1, spring 3, Wednesday,17542,16.9
frame,lgw,Year 1, spring 3, Wednesday,17543,16.4
frame,lgw,Year 1, spring 3, Wednesday,17544,16.7
frame,lgw,Year 1, spring 3, Wednesday,17545,17.1
frame,lgw,Year 1, spring 3, Wednesday,17546,16.2
frame,lgw,Year 1, spring 3, Wednesday,17547,16.7
frame,lgw,Year 1, spring 3, Wednesday,17548,16.8
frame,lgw,Year 1, spring 3, Wednesday,17549,16.5
frame,lgw,Year 1, spring 3, Wednesday,17550,16.6
frame,lgw,Year 1, spring 3, Wednesday,17551,16.8
frame,lgw,Year 1, spring 3, Wednesday,17552,16.6
frame,lgw,Year 1, spring 3, Wednesday,17553,16.7
frame,lgw,Year 1, spring 3, Wednesday,17554,16.6
frame,lgw,Year 1, spring 3, Wednesday,17555,16.6
frame,lgw,Year 1, spring 3, Wednesday,17556,16.6
frame,lgw,Year 1, spring 3, Wednesday,17557,16.7
frame,lgw,Year 1, spring 3, Wednesday,17558,16.6
frame,lgw,Year 1, spring 3, Wednesday,17559,16.8
frame,lgw,Year 1, spring 3, Wednesday,17560,16.6
frame,lgw,Year 1, spring 3, Wednesday,17561,16.7
frame,lgw,Year 1, spring 3, Wednesday,17562,16.6
frame,lgw,Year 1, spring 3, Wednesday,17563,16.7
frame,lgw,Year 1, spring 3, Wednesday,17564,16.6
frame,lgw,Year 1, spring 3, Wednesday,17565,16.6
frame,lgw,Year 1, spring 3, Wednesday,17566,16.7
frame,lgw,Year 1, spring 3, Wednesday,17567,16.6
frame,lgw,Year 1, spring 3, Wednesday,17568,16.6
frame,lgw,Year 1, spring 3, Wednesday,17569,16.7
frame,lgw,Year 1, spring 3, Wednesday,17570,16.7
frame,lgw,Year 1, spring 3, Wednesday,17571,16.7
frame,lgw,Year 1, spring 3, Wednesday,17572,16.9
frame,lgw,Year 1, spring 3, Wednesday,17573,16.8
frame,lgw,Year 1, spring 3, Wednesday,17574,16.4
frame,lgw,Year 1, spring 3, Wednesday,17575,16.7
frame,lgw,Year 1, spring 3, Wednesday,17576,16.6
frame,lgw,Year 1, spring 3, Wednesday,17577,16.6
frame,lgw,Year 1, spring 3, Wednesday,17578,16.7
frame,lgw,Year 1, spring 3, Wednesday,17579,16.7
frame,lgw,Year 1, spring 3, Wednesday,17580,16.6
frame,lgw,Year 1, spring 3, Wednesday,17581,16.7
frame,lgw,Year 1, spring 3, Wednesday,17582,16.7
frame,lgw,Year 1, spring 3, Wednesday,17583,16.7
frame,lgw,Year 1, spring 3, Wednesday,17584,16.5
frame,lgw,Year 1, spring 3, Wednesday,17585,16.7
frame,lgw,Year 1, spring 3, Wednesday,17586,16.6
frame,lgw,Year 1, spring 3, Wednesday,17587,16.7
frame,lgw,Year 1, spring 3, Wednesday,17588,16.5
frame,lgw,Year 1, spring 3, Wednesday,17589,16.6
frame,lgw,Year 1, spring 3, Wednesday,17590,16.7
frame,lgw,Year 1, spring 3, Wednesday,17591,16.7
frame,lgw,Year 1, spring 3, Wednesday,17592,16.7
frame,lgw,Year 1, spring 3, Wednesday,17593,16.8
frame,lgw,Year 1, spring 3, Wednesday,17594,16.6
frame,lgw,Year 1, spring 3, Wednesday,17595,16.6
frame,lgw,Year 1, spring 3, Wednesday,17596,16.7
frame,lgw,Year 1, spring 3, Wednesday,17597,16.7
frame,lgw,Year 1, spring 3, Wednesday,17598,16.8
frame,lgw,Year 1, spring 3, Wednesday,17599,16.5
frame,lgw,Year 1, spring 3, Wednesday,17600,16.7
frame,lgw,Year 1, spring 3, Wednesday,17601,16.7
frame,lgw,Year 1, spring 3, Wednesday,17602,16.7
frame,lgw,Year 1, spring 3, Wednesday,17603,16.6
frame,lgw,Year 1, spring 3, Wednesday,17604,16.7
frame,lgw,Year 1, spring 3, Wednesday,17605,16.6
frame,lgw,Year 1, spring 3, Wednesday,17606,16.7
frame,lgw,Year 1, spring 3, Wednesday,17607,16.7
frame,lgw,Year 1, spring 3, Wednesday,17608,16.8
frame,lgw,Year 1, spring 3, Wednesday,17609,16.6
frame,lgw,Year 1, spring 3, Wednesday,17610,16.6
frame,lgw,Year 1, spring 3, Wednesday,17611,21.2
frame,lgw,Year 1, spring 3, Wednesday,17612,13.4
frame,lgw,Year 1, spring 3, Wednesday,17613,15.7
frame,lgw,Year 1, spring 3, Wednesday,17614,16.6
frame,lgw,Year 1, spring 3, Wednesday,17615,16.5
frame,lgw,Year 1, spring 3, Wednesday,17616,16.6
frame,lgw,Year 1, spring 3, Wednesday,17617,16.7
frame,lgw,Year 1, spring 3, Wednesday,17618,16.7
frame,lgw,Year 1, spring 3, Wednesday,17619,16.7
frame,lgw,Year 1, spring 3, Wednesday,17620,16.7
frame,lgw,Year 1, spring 3, Wednesday,17621,16.7
frame,lgw,Year 1, spring 3, Wednesday,17622,16.7
frame,lgw,Year 1, spring 3, Wednesday,17623,16.7
frame,lgw,Year 1, spring 3, Wednesday,17624,16.7
frame,lgw,Year 1, spring 3, Wednesday,17625,16.6
frame,lgw,Year 1, spring 3, Wednesday,17626,16.6
frame,lgw,Year 1, spring 3, Wednesday,17627,16.9
frame,lgw,Year 1, spring 3, Wednesday,17628,16.5
frame,lgw,Year 1, spring 3, Wednesday,17629,16.7
frame,lgw,Year 1, spring 3, Wednesday,17630,16.6
frame,lgw,Year 1, spring 3, Wednesday,17631,16.7
frame,lgw,Year 1, spring 3, Wednesday,17632,16.6
frame,lgw,Year 1, spring 3, Wednesday,17633,16.7
frame,lgw,Year 1, spring 3, Wednesday,17634,16.6
frame,lgw,Year 1, spring 3, Wednesday,17635,16.7
frame,lgw,Year 1, spring 3, Wednesday,17636,16.6
frame,lgw,Year 1, spring 3, Wednesday,17637,16.8
frame,lgw,Year 1, spring 3, Wednesday,17638,16.8
frame,lgw,Year 1, spring 3, Wednesday,17639,16.6
frame,lgw,Year 1, spring 3, Wednesday,17640,16.5
frame,lgw,Year 1, spring 3, Wednesday,17641,16.8
frame,lgw,Year 1, spring 3, Wednesday,17642,16.5
frame,lgw,Year 1, spring 3, Wednesday,17643,16.9
frame,lgw,Year 1, spring 3, Wednesday,17644,16.6
frame,lgw,Year 1, spring 3, Wednesday,17645,16.6
frame,lgw,Year 1, spring 3, Wednesday,17646,16.6
frame,lgw,Year 1, spring 3, Wednesday,17647,17.0
frame,lgw,Year 1, spring 3, Wednesday,17648,16.4
frame,lgw,Year 1, spring 3, Wednesday,17649,16.6
frame,lgw,Year 1, spring 3, Wednesday,17650,16.8
frame,lgw,Year 1, spring 3, Wednesday,17651,16.7
frame,lgw,Year 1, spring 3, Wednesday,17652,17.1
frame,lgw,Year 1, spring 3, Wednesday,17653,16.2
frame,lgw,Year 1, spring 3, Wednesday,17654,16.6
frame,lgw,Year 1, spring 3, Wednesday,17655,16.6
frame,lgw,Year 1, spring 3, Wednesday,17656,16.7
frame,lgw,Year 1, spring 3, Wednesday,17657,16.8
frame,lgw,Year 1, spring 3, Wednesday,17658,16.6
frame,lgw,Year 1, spring 3, Wednesday,17659,16.6
frame,lgw,Year 1, spring 3, Wednesday,17660,16.7
frame,lgw,Year 1, spring 3, Wednesday,17661,16.7
frame,lgw,Year 1, spring 3, Wednesday,17662,16.7
frame,lgw,Year 1, spring 3, Wednesday,17663,16.8
frame,lgw,Year 1, spring 3, Wednesday,17664,16.7
frame,lgw,Year 1, spring 3, Wednesday,17665,16.7
frame,lgw,Year 1, spring 3, Wednesday,17666,16.5
frame,lgw,Year 1, spring 3, Wednesday,17667,16.6
frame,lgw,Year 1, spring 3, Wednesday,17668,16.6
frame,lgw,Year 1, spring 3, Wednesday,17669,16.7
frame,lgw,Year 1, spring 3, Wednesday,17670,16.8
frame,lgw,Year 1, spring 3, Wednesday,17671,16.5
frame,lgw,Year 1, spring 3, Wednesday,17672,16.7
frame,lgw,Year 1, spring 3, Wednesday,17673,16.7
frame,lgw,Year 1, spring 3, Wednesday,17674,16.5
frame,lgw,Year 1, spring 3, Wednesday,17675,16.7
frame,lgw,Year 1, spring 3, Wednesday,17676,16.7
frame,lgw,Year 1, spring 3, Wednesday,17677,16.7
frame,lgw,Year 1, spring 3, Wednesday,17678,16.8
frame,lgw,Year 1, spring 3, Wednesday,17679,16.7
frame,lgw,Year 1, spring 3, Wednesday,17680,16.6
frame,lgw,Year 1, spring 3, Wednesday,17681,16.8
frame,lgw,Year 1, spring 3, Wednesday,17682,16.6
frame,lgw,Year 1, spring 3, Wednesday,17683,16.7
frame,lgw,Year 1, spring 3, Wednesday,17684,16.6
frame,lgw,Year 1, spring 3, Wednesday,17685,16.6
frame,lgw,Year 1, spring 3, Wednesday,17686,16.7
frame,lgw,Year 1, spring 3, Wednesday,17687,16.7
frame,lgw,Year 1, spring 3, Wednesday,17688,16.7
frame,lgw,Year 1, spring 3, Wednesday,17689,16.7
frame,lgw,Year 1, spring 3, Wednesday,17690,16.5
frame,lgw,Year 1, spring 3, Wednesday,17691,16.7
frame,lgw,Year 1, spring 3, Wednesday,17692,16.6
frame,lgw,Year 1, spring 3, Wednesday,17693,16.7
frame,lgw,Year 1, spring 3, Wednesday,17694,16.7
frame,lgw,Year 1, spring 3, Wednesday,17695,16.7
frame,lgw,Year 1, spring 3, Wednesday,17696,16.7
frame,lgw,Year 1, spring 3, Wednesday,17697,16.7
frame,lgw,Year 1, spring 3, Wednesday,17698,16.6
frame,lgw,Year 1, spring 3, Wednesday,17699,16.7
frame,lgw,Year 1, spring 3, Wednesday,17700,17.1
frame,lgw,Year 1, spring 3, Wednesday,17701,16.2
frame,lgw,Year 1, spring 3, Wednesday,17702,16.7
frame,lgw,Year 1, spring 3, Wednesday,17703,16.6
frame,lgw,Year 1, spring 3, Wednesday,17704,16.8
frame,lgw,Year 1, spring 3, Wednesday,17705,16.6
frame,lgw,Year 1, spring 3, Wednesday,17706,18.8
frame,lgw,Year 1, spring 3, Wednesday,17707,14.4
frame,lgw,Year 1, spring 3, Wednesday,17708,16.7
frame,lgw,Year 1, spring 3, Wednesday,17709,16.6
frame,lgw,Year 1, spring 3, Wednesday,17710,16.8
frame,lgw,Year 1, spring 3, Wednesday,17711,16.7
frame,lgw,Year 1, spring 3, Wednesday,17712,16.7
frame,lgw,Year 1, spring 3, Wednesday,17713,16.6
frame,lgw,Year 1, spring 3, Wednesday,17714,16.8
frame,lgw,Year 1, spring 3, Wednesday,17715,16.5
frame,lgw,Year 1, spring 3, Wednesday,17716,16.7
frame,lgw,Year 1, spring 3, Wednesday,17717,16.6
frame,lgw,Year 1, spring 3, Wednesday,17718,16.6
frame,lgw,Year 1, spring 3, Wednesday,17719,16.7
frame,lgw,Year 1, spring 3, Wednesday,17720,16.9
frame,lgw,Year 1, spring 3, Wednesday,17721,16.5
frame,lgw,Year 1, spring 3, Wednesday,17722,16.7
frame,lgw,Year 1, spring 3, Wednesday,17723,16.6
frame,lgw,Year 1, spring 3, Wednesday,17724,16.7
frame,lgw,Year 1, spring 3, Wednesday,17725,16.7
frame,lgw,Year 1, spring 3, Wednesday,17726,16.8
frame,lgw,Year 1, spring 3, Wednesday,17727,16.7
frame,lgw,Year 1, spring 3, Wednesday,17728,16.8
frame,lgw,Year 1, spring 3, Wednesday,17729,16.4
frame,lgw,Year 1, spring 3, Wednesday,17730,16.6
frame,lgw,Year 1, spring 3, Wednesday,17731,16.9
frame,lgw,Year 1, spring 3, Wednesday,17732,16.3
frame,lgw,Year 1, spring 3, Wednesday,17733,16.8
frame,lgw,Year 1, spring 3, Wednesday,17734,16.6
frame,lgw,Year 1, spring 3, Wednesday,17735,16.6
frame,lgw,Year 1, spring 3, Wednesday,17736,16.8
frame,lgw,Year 1, spring 3, Wednesday,17737,16.6
frame,lgw,Year 1, spring 3, Wednesday,17738,16.9
frame,lgw,Year 1, spring 3, Wednesday,17739,16.8
frame,lgw,Year 1, spring 3, Wednesday,17740,16.6
frame,lgw,Year 1, spring 3, Wednesday,17741,16.4
frame,lgw,Year 1, spring 3, Wednesday,17742,16.7
frame,lgw,Year 1, spring 3, Wednesday,17743,16.7
frame,lgw,Year 1, spring 3, Wednesday,17744,16.6
frame,lgw,Year 1, spring 3, Wednesday,17745,16.6
frame,lgw,Year 1, spring 3, Wednesday,17746,16.7
frame,lgw,Year 1, spring 3, Wednesday,17747,16.6
frame,lgw,Year 1, spring 3, Wednesday,17748,16.7
frame,lgw,Year 1, spring 3, Wednesday,17749,16.6
frame,lgw,Year 1, spring 3, Wednesday,17750,16.6
frame,lgw,Year 1, spring 3, Wednesday,17751,16.8
frame,lgw,Year 1, spring 3, Wednesday,17752,16.9
frame,lgw,Year 1, spring 3, Wednesday,17753,16.4
frame,lgw,Year 1, spring 3, Wednesday,17754,16.8
frame,lgw,Year 1, spring 3, Wednesday,17755,16.5
frame,lgw,Year 1, spring 3, Wednesday,17756,16.6
frame,lgw,Year 1, spring 3, Wednesday,17757,16.7
frame,lgw,Year 1, spring 3, Wednesday,17758,16.6
frame,lgw,Year 1, spring 3, Wednesday,17759,16.6
frame,lgw,Year 1, spring 3, Wednesday,17760,16.6
frame,lgw,Year 1, spring 3, Wednesday,17761,16.6
frame,lgw,Year 1, spring 3, Wednesday,17762,16.7
frame,lgw,Year 1, spring 3, Wednesday,17763,16.7
frame,lgw,Year 1, spring 3, Wednesday,17764,17.0
frame,lgw,Year 1, spring 3, Wednesday,17765,20.1
frame,lgw,Year 1, spring 3, Wednesday,17766,13.7
frame,lgw,Year 1, spring 3, Wednesday,17767,16.1
frame,lgw,Year 1, spring 3, Wednesday,17768,16.5
frame,lgw,Year 1, spring 3, Wednesday,17769,16.6
frame,lgw,Year 1, spring 3, Wednesday,17770,16.6
frame,lgw,Year 1, spring 3, Wednesday,17771,16.7
frame,lgw,Year 1, spring 3, Wednesday,17772,16.7
frame,lgw,Year 1, spring 3, Wednesday,17773,16.9
frame,lgw,Year 1, spring 3, Wednesday,17774,16.6
frame,lgw,Year 1, spring 3, Wednesday,17775,16.9
frame,lgw,Year 1, spring 3, Wednesday,17776,16.5
frame,lgw,Year 1, spring 3, Wednesday,17777,16.6
frame,lgw,Year 1, spring 3, Wednesday,17778,16.5
frame,lgw,Year 1, spring 3, Wednesday,17779,16.7
frame,lgw,Year 1, spring 3, Wednesday,17780,16.6
frame,lgw,Year 1, spring 3, Wednesday,17781,16.8
frame,lgw,Year 1, spring 3, Wednesday,17782,16.7
frame,lgw,Year 1, spring 3, Wednesday,17783,16.5
frame,lgw,Year 1, spring 3, Wednesday,17784,16.7
frame,lgw,Year 1, spring 3, Wednesday,17785,16.7
frame,lgw,Year 1, spring 3, Wednesday,17786,16.6
frame,lgw,Year 1, spring 3, Wednesday,17787,16.7
frame,lgw,Year 1, spring 3, Wednesday,17788,16.7
frame,lgw,Year 1, spring 3, Wednesday,17789,16.9
frame,lgw,Year 1, spring 3, Wednesday,17790,16.4
frame,lgw,Year 1, spring 3, Wednesday,17791,16.9
frame,lgw,Year 1, spring 3, Wednesday,17792,16.5
frame,lgw,Year 1, spring 3, Wednesday,17793,16.6
frame,lgw,Year 1, spring 3, Wednesday,17794,16.7
frame,lgw,Year 1, spring 3, Wednesday,17795,16.9
frame,lgw,Year 1, spring 3, Wednesday,17796,16.5
frame,lgw,Year 1, spring 3, Wednesday,17797,16.6
frame,lgw,Year 1, spring 3, Wednesday,17798,16.6
frame,lgw,Year 1, spring 3, Wednesday,17799,16.7
frame,lgw,Year 1, spring 3, Wednesday,17800,16.6
frame,lgw,Year 1, spring 3, Wednesday,17801,16.8
frame,lgw,Year 1, spring 3, Wednesday,17802,16.8
frame,lgw,Year 1, spring 3, Wednesday,17803,16.6
frame,lgw,Year 1, spring 3, Wednesday,17804,16.8
frame,lgw,Year 1, spring 3, Wednesday,17805,16.5
frame,lgw,Year 1, spring 3, Wednesday,17806,16.6
frame,lgw,Year 1, spring 3, Wednesday,17807,16.6
frame,lgw,Year 1, spring 3, Wednesday,17808,16.8
frame,lgw,Year 1, spring 3, Wednesday,17809,16.7
frame,lgw,Year 1, spring 3, Wednesday,17810,16.6
frame,lgw,Year 1, spring 3, Wednesday,17811,16.8
frame,lgw,Year 1, spring 3, Wednesday,17812,16.6
frame,lgw,Year 1, spring 3, Wednesday,17813,16.7
frame,lgw,Year 1, spring 3, Wednesday,17814,16.8
frame,lgw,Year 1, spring 3, Wednesday,17815,16.6
frame,lgw,Year 1, spring 3, Wednesday,17816,16.6
frame,lgw,Year 1, spring 3, Wednesday,17817,16.6
frame,lgw,Year 1, spring 3, Wednesday,17818,16.6
frame,lgw,Year 1, spring 3, Wednesday,17819,16.7
frame,lgw,Year 1, spring 3, Wednesday,17820,16.7
frame,lgw,Year 1, spring 3, Wednesday,17821,16.7
frame,lgw,Year 1, spring 3, Wednesday,17822,16.6
frame,lgw,Year 1, spring 3, Wednesday,17823,16.7
frame,lgw,Year 1, spring 3, Wednesday,17824,16.7
frame,lgw,Year 1, spring 3, Wednesday,17825,16.7
frame,lgw,Year 1, spring 3, Wednesday,17826,16.6
frame,lgw,Year 1, spring 3, Wednesday,17827,16.9
frame,lgw,Year 1, spring 3, Wednesday,17828,16.5
frame,lgw,Year 1, spring 3, Wednesday,17829,16.6
frame,lgw,Year 1, spring 3, Wednesday,17830,16.7
frame,lgw,Year 1, spring 3, Wednesday,17831,16.6
frame,lgw,Year 1, spring 3, Wednesday,17832,16.7
frame,lgw,Year 1, spring 3, Wednesday,17833,16.8
frame,lgw,Year 1, spring 3, Wednesday,17834,16.6
frame,lgw,Year 1, spring 3, Wednesday,17835,16.7
frame,lgw,Year 1, spring 3, Wednesday,17836,16.6
frame,lgw,Year 1, spring 3, Wednesday,17837,16.6
frame,lgw,Year 1, spring 3, Wednesday,17838,16.7
frame,lgw,Year 1, spring 3, Wednesday,17839,17.1
frame,lgw,Year 1, spring 3, Wednesday,17840,16.2
frame,lgw,Year 1, spring 3, Wednesday,17841,16.7
frame,lgw,Year 1, spring 3, Wednesday,17842,16.7
frame,lgw,Year 1, spring 3, Wednesday,17843,16.7
frame,lgw,Year 1, spring 3, Wednesday,17844,16.7
frame,lgw,Year 1, spring 3, Wednesday,17845,16.8
frame,lgw,Year 1, spring 3, Wednesday,17846,16.5
frame,lgw,Year 1, spring 3, Wednesday,17847,16.8
frame,lgw,Year 1, spring 3, Wednesday,17848,16.6
frame,lgw,Year 1, spring 3, Wednesday,17849,16.6
frame,lgw,Year 1, spring 3, Wednesday,17850,16.7
frame,lgw,Year 1, spring 3, Wednesday,17851,16.7
frame,lgw,Year 1, spring 3, Wednesday,17852,16.6
frame,lgw,Year 1, spring 3, Wednesday,17853,16.9
frame,lgw,Year 1, spring 3, Wednesday,17854,16.7
frame,lgw,Year 1, spring 3, Wednesday,17855,16.5
frame,lgw,Year 1, spring 3, Wednesday,17856,16.7
frame,lgw,Year 1, spring 3, Wednesday,17857,16.6
frame,lgw,Year 1, spring 3, Wednesday,17858,16.6
frame,lgw,Year 1, spring 3, Wednesday,17859,16.7
frame,lgw,Year 1, spring 3, Wednesday,17860,16.7
frame,lgw,Year 1, spring 3, Wednesday,17861,16.7
frame,lgw,Year 1, spring 3, Wednesday,17862,16.7
frame,lgw,Year 1, spring 3, Wednesday,17863,16.8
frame,lgw,Year 1, spring 3, Wednesday,17864,16.5
frame,lgw,Year 1, spring 3, Wednesday,17865,16.7
frame,lgw,Year 1, spring 3, Wednesday,17866,16.6
frame,lgw,Year 1, spring 3, Wednesday,17867,17.2
frame,lgw,Year 1, spring 3, Wednesday,17868,16.1
frame,lgw,Year 1, spring 3, Wednesday,17869,16.8
frame,lgw,Year 1, spring 3, Wednesday,17870,16.6
frame,lgw,Year 1, spring 3, Wednesday,17871,16.7
frame,lgw,Year 1, spring 3, Wednesday,17872,16.7
frame,lgw,Year 1, spring 3, Wednesday,17873,16.8
frame,lgw,Year 1, spring 3, Wednesday,17874,16.7
frame,lgw,Year 1, spring 3, Wednesday,17875,16.6
frame,lgw,Year 1, spring 3, Wednesday,17876,16.7
frame,lgw,Year 1, spring 3, Wednesday,17877,16.7
frame,lgw,Year 1, spring 3, Wednesday,17878,16.7
frame,lgw,Year 1, spring 3, Wednesday,17879,16.8
frame,lgw,Year 1, spring 3, Wednesday,17880,16.6
frame,lgw,Year 1, spring 3, Wednesday,17881,16.7
frame,lgw,Year 1, spring 3, Wednesday,17882,16.6
frame,lgw,Year 1, spring 3, Wednesday,17883,16.8
frame,lgw,Year 1, spring 3, Wednesday,17884,16.7
frame,lgw,Year 1, spring 3, Wednesday,17885,16.5
frame,lgw,Year 1, spring 3, Wednesday,17886,16.7
frame,lgw,Year 1, spring 3, Wednesday,17887,16.7
frame,lgw,Year 1, spring 3, Wednesday,17888,16.8
frame,lgw,Year 1, spring 3, Wednesday,17889,17.4
frame,lgw,Year 1, spring 3, Wednesday,17890,16.1
frame,lgw,Year 1, spring 3, Wednesday,17891,16.5
frame,lgw,Year 1, spring 3, Wednesday,17892,16.7
frame,lgw,Year 1, spring 3, Wednesday,17893,16.6
frame,lgw,Year 1, spring 3, Wednesday,17894,17.0
frame,lgw,Year 1, spring 3, Wednesday,17895,16.3
frame,lgw,Year 1, spring 3, Wednesday,17896,16.7
frame,lgw,Year 1, spring 3, Wednesday,17897,16.6
frame,lgw,Year 1, spring 3, Wednesday,17898,16.7
frame,lgw,Year 1, spring 3, Wednesday,17899,16.6
frame,lgw,Year 1, spring 3, Wednesday,17900,16.6
frame,lgw,Year 1, spring 3, Wednesday,17901,16.7
frame,lgw,Year 1, spring 3, Wednesday,17902,16.7
frame,lgw,Year 1, spring 3, Wednesday,17903,16.7
frame,lgw,Year 1, spring 3, Wednesday,17904,16.7
frame,lgw,Year 1, spring 3, Wednesday,17905,16.7
frame,lgw,Year 1, spring 3, Wednesday,17906,16.6
frame,lgw,Year 1, spring 3, Wednesday,17907,16.7
frame,lgw,Year 1, spring 3, Wednesday,17908,16.7
frame,lgw,Year 1, spring 3, Wednesday,17909,16.6
frame,lgw,Year 1, spring 3, Wednesday,17910,16.7
frame,lgw,Year 1, spring 3, Wednesday,17911,16.6
frame,lgw,Year 1, spring 3, Wednesday,17912,16.7
frame,lgw,Year 1, spring 3, Wednesday,17913,16.7
frame,lgw,Year 1, spring 3, Wednesday,17914,16.7
frame,lgw,Year 1, spring 3, Wednesday,17915,16.6
frame,lgw,Year 1, spring 3, Wednesday,17916,16.6
frame,lgw,Year 1, spring 3, Wednesday,17917,16.8
frame,lgw,Year 1, spring 3, Wednesday,17918,16.6
frame,lgw,Year 1, spring 3, Wednesday,17919,17.5
frame,lgw,Year 1, spring 3, Wednesday,17920,15.7
frame,lgw,Year 1, spring 3, Wednesday,17921,16.6
frame,lgw,Year 1, spring 3, Wednesday,17922,16.8
frame,lgw,Year 1, spring 3, Wednesday,17923,16.7
frame,lgw,Year 1, spring 3, Wednesday,17924,16.6
frame,lgw,Year 1, spring 3, Wednesday,17925,16.8
frame,lgw,Year 1, spring 3, Wednesday,17926,16.5
frame,lgw,Year 1, spring 3, Wednesday,17927,16.8
frame,lgw,Year 1, spring 3, Wednesday,17928,16.6
frame,lgw,Year 1, spring 3, Wednesday,17929,16.7
frame,lgw,Year 1, spring 3, Wednesday,17930,16.7
frame,lgw,Year 1, spring 3, Wednesday,17931,16.8
frame,lgw,Year 1, spring 3, Wednesday,17932,16.8
frame,lgw,Year 1, spring 3, Wednesday,17933,16.4
frame,lgw,Year 1, spring 3, Wednesday,17934,16.7
frame,lgw,Year 1, spring 3, Wednesday,17935,16.6
frame,lgw,Year 1, spring 3, Wednesday,17936,16.7
frame,lgw,Year 1, spring 3, Wednesday,17937,16.7
frame,lgw,Year 1, spring 3, Wednesday,17938,16.7
frame,lgw,Year 1, spring 3, Wednesday,17939,16.7
frame,lgw,Year 1, spring 3, Wednesday,17940,16.6
frame,lgw,Year 1, spring 3, Wednesday,17941,16.7
frame,lgw,Year 1, spring 3, Wednesday,17942,16.6
frame,lgw,Year 1, spring 3, Wednesday,17943,16.7
frame,lgw,Year 1, spring 3, Wednesday,17944,16.9
frame,lgw,Year 1, spring 3, Wednesday,17945,16.7
frame,lgw,Year 1, spring 3, Wednesday,17946,16.5
frame,lgw,Year 1, spring 3, Wednesday,17947,16.8
frame,lgw,Year 1, spring 3, Wednesday,17948,16.5
frame,lgw,Year 1, spring 3, Wednesday,17949,16.7
frame,lgw,Year 1, spring 3, Wednesday,17950,16.7
frame,lgw,Year 1, spring 3, Wednesday,17951,16.7
frame,lgw,Year 1, spring 3, Wednesday,17952,16.6
frame,lgw,Year 1, spring 3, Wednesday,17953,16.7
frame,lgw,Year 1, spring 3, Wednesday,17954,16.7
frame,lgw,Year 1, spring 3, Wednesday,17955,16.5
frame,lgw,Year 1, spring 3, Wednesday,17956,16.8
frame,lgw,Year 1, spring 3, Wednesday,17957,16.6
frame,lgw,Year 1, spring 3, Wednesday,17958,16.6
frame,lgw,Year 1, spring 3, Wednesday,17959,17.0
frame,lgw,Year 1, spring 3, Wednesday,17960,16.4
frame,lgw,Year 1, spring 3, Wednesday,17961,16.5
frame,lgw,Year 1, spring 3, Wednesday,17962,16.7
frame,lgw,Year 1, spring 3, Wednesday,17963,16.7
frame,lgw,Year 1, spring 3, Wednesday,17964,16.6
frame,lgw,Year 1, spring 3, Wednesday,17965,16.7
frame,lgw,Year 1, spring 3, Wednesday,17966,16.7
frame,lgw,Year 1, spring 3, Wednesday,17967,16.6
frame,lgw,Year 1, spring 3, Wednesday,17968,16.7
frame,lgw,Year 1, spring 3, Wednesday,17969,16.7
frame,lgw,Year 1, spring 3, Wednesday,17970,16.6
frame,lgw,Year 1, spring 3, Wednesday,17971,16.7
frame,lgw,Year 1, spring 3, Wednesday,17972,16.8
frame,lgw,Year 1, spring 3, Wednesday,17973,16.8
frame,lgw,Year 1, spring 3, Wednesday,17974,16.6
frame,lgw,Year 1, spring 3, Wednesday,17975,16.6
frame,lgw,Year 1, spring 3, Wednesday,17976,16.6
frame,lgw,Year 1, spring 3, Wednesday,17977,16.8
frame,lgw,Year 1, spring 3, Wednesday,17978,16.5
frame,lgw,Year 1, spring 3, Wednesday,17979,17.0
frame,lgw,Year 1, spring 3, Wednesday,17980,16.5
frame,lgw,Year 1, spring 3, Wednesday,17981,16.6
frame,lgw,Year 1, spring 3, Wednesday,17982,16.6
frame,lgw,Year 1, spring 3, Wednesday,17983,16.7
frame,lgw,Year 1, spring 3, Wednesday,17984,16.6
frame,lgw,Year 1, spring 3, Wednesday,17985,16.6
frame,lgw,Year 1, spring 3, Wednesday,17986,16.7
frame,lgw,Year 1, spring 3, Wednesday,17987,16.6
frame,lgw,Year 1, spring 3, Wednesday,17988,16.7
frame,lgw,Year 1, spring 3, Wednesday,17989,16.6
frame,lgw,Year 1, spring 3, Wednesday,17990,16.6
frame,lgw,Year 1, spring 3, Wednesday,17991,16.6
frame,lgw,Year 1, spring 3, Wednesday,17992,16.7
frame,lgw,Year 1, spring 3, Wednesday,17993,16.7
frame,lgw,Year 1, spring 3, Wednesday,17994,16.6
frame,lgw,Year 1, spring 3, Wednesday,17995,16.7
frame,lgw,Year 1, spring 3, Wednesday,17996,16.6
frame,lgw,Year 1, spring 3, Wednesday,17997,16.9
frame,lgw,Year 1, spring 3, Wednesday,17998,16.5
frame,lgw,Year 1, spring 3, Wednesday,17999,16.7
lag,lgw,Year 1, spring 3, Wednesday,19343,173.8
lag,lgw,Year 1, spring 3, Wednesday,19377,72.3
frame,lgw,Year 1, spring 3, Wednesday,23120,0.2
frame,lgw,Year 1, spring 3, Wednesday,23121,21.6
frame,lgw,Year 1, spring 3, Wednesday,23122,21.2
frame,lgw,Year 1, spring 3, Wednesday,23123,21.1
frame,lgw,Year 1, spring 3, Wednesday,23124,0.1
frame,lgw,Year 1, spring 3, Wednesday,23125,20.8
frame,lgw,Year 1, spring 3, Wednesday,23126,22.5
frame,lgw,Year 1, spring 3, Wednesday,23127,21.6
frame,lgw,Year 1, spring 3, Wednesday,23128,0.1
frame,lgw,Year 1, spring 3, Wednesday,23129,21.2
frame,lgw,Year 1, spring 3, Wednesday,23130,20.8
frame,lgw,Year 1, spring 3, Wednesday,23131,21.3
frame,lgw,Year 1, spring 3, Wednesday,23132,21.4
frame,lgw,Year 1, spring 3, Wednesday,23133,0.1
frame,lgw,Year 1, spring 3, Wednesday,23134,20.8
frame,lgw,Year 1, spring 3, Wednesday,23135,20.9
frame,lgw,Year 1, spring 3, Wednesday,23136,21.5
frame,lgw,Year 1, spring 3, Wednesday,23137,0.1
frame,lgw,Year 1, spring 3, Wednesday,23138,21.5
frame,lgw,Year 1, spring 3, Wednesday,23139,21.7
frame,lgw,Year 1, spring 3, Wednesday,23140,21.1
frame,lgw,Year 1, spring 3, Wednesday,23141,20.9
frame,lgw,Year 1, spring 3, Wednesday,23142,0.1
frame,lgw,Year 1, spring 3, Wednesday,23143,21.6
frame,lgw,Year 1, spring 3, Wednesday,23144,21.8
frame,lgw,Year 1, spring 3, Wednesday,23145,22.1
frame,lgw,Year 1, spring 3, Wednesday,23146,0.1
frame,lgw,Year 1, spring 3, Wednesday,23147,21.3
frame,lgw,Year 1, spring 3, Wednesday,23148,21.2
frame,lgw,Year 1, spring 3, Wednesday,23149,20.9
frame,lgw,Year 1, spring 3, Wednesday,23150,21.2
frame,lgw,Year 1, spring 3, Wednesday,23151,0.1
frame,lgw,Year 1, spring 3, Wednesday,23152,23.7
frame,lgw,Year 1, spring 3, Wednesday,23153,21.1
frame,lgw,Year 1, spring 3, Wednesday,23154,21.4
frame,lgw,Year 1, spring 3, Wednesday,23155,0.1
frame,lgw,Year 1, spring 3, Wednesday,23156,21.4
frame,lgw,Year 1, spring 3, Wednesday,23157,21.6
frame,lgw,Year 1, spring 3, Wednesday,23158,21.0
frame,lgw,Year 1, spring 3, Wednesday,23159,21.2
frame,lgw,Year 1, spring 3, Wednesday,23160,0.1
frame,lgw,Year 1, spring 3, Wednesday,23161,21.8
frame,lgw,Year 1, spring 3, Wednesday,23162,21.4
frame,lgw,Year 1, spring 3, Wednesday,23163,21.1
frame,lgw,Year 1, spring 3, Wednesday,23164,0.1
frame,lgw,Year 1, spring 3, Wednesday,23165,20.8
frame,lgw,Year 1, spring 3, Wednesday,23166,21.0
frame,lgw,Year 1, spring 3, Wednesday,23167,21.1
frame,lgw,Year 1, spring 3, Wednesday,23168,21.5
frame,lgw,Year 1, spring 3, Wednesday,23169,0.1
frame,lgw,Year 1, spring 3, Wednesday,23170,21.3
frame,lgw,Year 1, spring 3, Wednesday,23171,21.3
frame,lgw,Year 1, spring 3, Wednesday,23172,21.0
frame,lgw,Year 1, spring 3, Wednesday,23173,0.4
frame,lgw,Year 1, spring 3, Wednesday,23174,21.6
frame,lgw,Year 1, spring 3, Wednesday,23175,22.4
frame,lgw,Year 1, spring 3, Wednesday,23176,22.1
frame,lgw,Year 1, spring 3, Wednesday,23177,0.1
frame,lgw,Year 1, spring 3, Wednesday,23178,21.9
frame,lgw,Year 1, spring 3, Wednesday,23179,21.3
frame,lgw,Year 1, spring 3, Wednesday,23180,21.4
frame,lgw,Year 1, spring 3, Wednesday,23181,21.2
frame,lgw,Year 1, spring 3, Wednesday,23182,0.1
frame,lgw,Year 1, spring 3, Wednesday,23183,22.4
frame,lgw,Year 1, spring 3, Wednesday,23184,20.9
frame,lgw,Year 1, spring 3, Wednesday,23185,21.5
frame,lgw,Year 1, spring 3, Wednesday,23186,0.2
frame,lgw,Year 1, spring 3, Wednesday,23187,21.7
frame,lgw,Year 1, spring 3, Wednesday,23188,21.2
frame,lgw,Year 1, spring 3, Wednesday,23189,21.3
frame,lgw,Year 1, spring 3, Wednesday,23190,21.2
frame,lgw,Year 1, spring 3, Wednesday,23191,0.1
frame,lgw,Year 1, spring 3, Wednesday,23192,20.9
frame,lgw,Year 1, spring 3, Wednesday,23193,21.1
frame,lgw,Year 1, spring 3, Wednesday,23194,21.6
frame,lgw,Year 1, spring 3, Wednesday,23195,0.1
frame,lgw,Year 1, spring 3, Wednesday,23196,22.2
frame,lgw,Year 1, spring 3, Wednesday,23197,20.8
frame,lgw,Year 1, spring 3, Wednesday,23198,20.8
frame,lgw,Year 1, spring 3, Wednesday,23199,21.1
frame,lgw,Year 1, spring 3, Wednesday,23200,0.1
frame,lgw,Year 1, spring 3, Wednesday,23201,21.7
frame,lgw,Year 1, spring 3, Wednesday,23202,20.9
frame,lgw,Year 1, spring 3, Wednesday,23203,22.2
frame,lgw,Year 1, spring 3, Wednesday,23204,0.1
frame,lgw,Year 1, spring 3, Wednesday,23205,21.1
frame,lgw,Year 1, spring 3, Wednesday,23206,21.4
frame,lgw,Year 1, spring 3, Wednesday,23207,21.6
frame,lgw,Year 1, spring 3, Wednesday,23208,21.0
frame,lgw,Year 1, spring 3, Wednesday,23209,0.1
frame,lgw,Year 1, spring 3, Wednesday,23210,21.4
frame,lgw,Year 1, spring 3, Wednesday,23211,21.6
frame,lgw,Year 1, spring 3, Wednesday,23212,21.9
frame,lgw,Year 1, spring 3, Wednesday,23213,0.1
frame,lgw,Year 1, spring 3, Wednesday,23214,21.3
frame,lgw,Year 1, spring 3, Wednesday,23215,21.1
frame,lgw,Year 1, spring 3, Wednesday,23216,21.9
frame,lgw,Year 1, spring 3, Wednesday,23217,20.8
frame,lgw,Year 1, spring 3, Wednesday,23218,0.1
frame,lgw,Year 1, spring 3, Wednesday,23219,21.3
frame,lgw,Year 1, spring 3, Wednesday,23220,23.2
frame,lgw,Year 1, spring 3, Wednesday,23221,21.1
frame,lgw,Year 1, spring 3, Wednesday,23222,0.1
frame,lgw,Year 1, spring 3, Wednesday,23223,22.1
frame,lgw,Year 1, spring 3, Wednesday,23224,22.8
frame,lgw,Year 1, spring 3, Wednesday,23225,21.0
frame,lgw,Year 1, spring 3, Wednesday,23226,0.2
frame,lgw,Year 1, spring 3, Wednesday,23227,21.3
frame,lgw,Year 1, spring 3, Wednesday,23228,20.9
frame,lgw,Year 1, spring 3, Wednesday,23229,20.9
frame,lgw,Year 1, spring 3, Wednesday,23230,20.9
frame,lgw,Year 1, spring 3, Wednesday,23231,0.1
frame,lgw,Year 1, spring 3, Wednesday,23232,21.5
frame,lgw,Year 1, spring 3, Wednesday,23233,21.7
frame,lgw,Year 1, spring 3, Wednesday,23234,20.9
frame,lgw,Year 1, spring 3, Wednesday,23235,22.2
frame,lgw,Year 1, spring 3, Wednesday,23236,0.1
frame,lgw,Year 1, spring 3, Wednesday,23237,22.3
frame,lgw,Year 1, spring 3, Wednesday,23238,21.0
frame,lgw,Year 1, spring 3, Wednesday,23239,20.9
frame,lgw,Year 1, spring 3, Wednesday,23240,0.1
frame,lgw,Year 1, spring 3, Wednesday,23241,23.3
frame,lgw,Year 1, spring 3, Wednesday,23242,21.2
frame,lgw,Year 1, spring 3, Wednesday,23243,21.5
frame,lgw,Year 1, spring 3, Wednesday,23244,0.1
frame,lgw,Year 1, spring 3, Wednesday,23245,20.9
frame,lgw,Year 1, spring 3, Wednesday,23246,20.9
frame,lgw,Year 1, spring 3, Wednesday,23247,20.9
frame,lgw,Year 1, spring 3, Wednesday,23248,22.7
frame,lgw,Year 1, spring 3, Wednesday,23249,0.1
frame,lgw,Year 1, spring 3, Wednesday,23250,22.4
frame,lgw,Year 1, spring 3, Wednesday,23251,21.4
frame,lgw,Year 1, spring 3, Wednesday,23252,20.8
frame,lgw,Year 1, spring 3, Wednesday,23253,0.1
frame,lgw,Year 1, spring 3, Wednesday,23254,21.5
frame,lgw,Year 1, spring 3, Wednesday,23255,22.1
frame,lgw,Year 1, spring 3, Wednesday,23256,22.4
frame,lgw,Year 1, spring 3, Wednesday,23257,0.1
frame,lgw,Year 1, spring 3, Wednesday,23258,21.3
frame,lgw,Year 1, spring 3, Wednesday,23259,20.7
frame,lgw,Year 1, spring 3, Wednesday,23260,21.1
frame,lgw,Year 1, spring 3, Wednesday,23261,21.5
frame,lgw,Year 1, spring 3, Wednesday,23262,0.6
frame,lgw,Year 1, spring 3, Wednesday,23263,22.0
frame,lgw,Year 1, spring 3, Wednesday,23264,21.4
frame,lgw,Year 1, spring 3, Wednesday,23265,21.5
frame,lgw,Year 1, spring 3, Wednesday,23266,0.1
frame,lgw,Year 1, spring 3, Wednesday,23267,20.8
frame,lgw,Year 1, spring 3, Wednesday,23268,20.8
frame,lgw,Year 1, spring 3, Wednesday,23269,21.2
frame,lgw,Year 1, spring 3, Wednesday,23270,22.9
frame,lgw,Year 1, spring 3, Wednesday,23271,0.1
frame,lgw,Year 1, spring 3, Wednesday,23272,21.2
frame,lgw,Year 1, spring 3, Wednesday,23273,21.1
frame,lgw,Year 1, spring 3, Wednesday,23274,21.6
frame,lgw,Year 1, spring 3, Wednesday,23275,0.1
frame,lgw,Year 1, spring 3, Wednesday,23276,20.8
frame,lgw,Year 1, spring 3, Wednesday,23277,21.8
frame,lgw,Year 1, spring 3, Wednesday,23278,20.6
frame,lgw,Year 1, spring 3, Wednesday,23279,21.1
frame,lgw,Year 1, spring 3, Wednesday,23280,0.1
frame,lgw,Year 1, spring 3, Wednesday,23281,21.9
frame,lgw,Year 1, spring 3, Wednesday,23282,22.1
frame,lgw,Year 1, spring 3, Wednesday,23283,21.0
frame,lgw,Year 1, spring 3, Wednesday,23284,0.1
frame,lgw,Year 1, spring 3, Wednesday,23285,21.6
frame,lgw,Year 1, spring 3, Wednesday,23286,21.0
frame,lgw,Year 1, spring 3, Wednesday,23287,20.8
frame,lgw,Year 1, spring 3, Wednesday,23288,20.8
frame,lgw,Year 1, spring 3, Wednesday,23289,0.1
frame,lgw,Year 1, spring 3, Wednesday,23290,21.8
frame,lgw,Year 1, spring 3, Wednesday,23291,20.9
frame,lgw,Year 1, spring 3, Wednesday,23292,21.2
frame,lgw,Year 1, spring 3, Wednesday,23293,20.7
frame,lgw,Year 1, spring 3, Wednesday,23294,0.1
frame,lgw,Year 1, spring 3, Wednesday,23295,20.7
frame,lgw,Year 1, spring 3, Wednesday,23296,21.0
frame,lgw,Year 1, spring 3, Wednesday,23297,21.8
frame,lgw,Year 1, spring 3, Wednesday,23298,0.1
frame,lgw,Year 1, spring 3, Wednesday,23299,22.6
frame,lgw,Year 1, spring 3, Wednesday,23300,21.0
frame,lgw,Year 1, spring 3, Wednesday,23301,21.3
frame,lgw,Year 1, spring 3, Wednesday,23302,20.9
frame,lgw,Year 1, spring 3, Wednesday,23303,0.1
frame,lgw,Year 1, spring 3, Wednesday,23304,22.8
frame,lgw,Year 1, spring 3, Wednesday,23305,22.1
frame,lgw,Year 1, spring 3, Wednesday,23306,21.3
frame,lgw,Year 1, spring 3, Wednesday,23307,0.1
frame,lgw,Year 1, spring 3, Wednesday,23308,21.3
frame,lgw,Year 1, spring 3, Wednesday,23309,22.5
frame,lgw,Year 1, spring 3, Wednesday,23310,22.0
frame,lgw,Year 1, spring 3, Wednesday,23311,0.1
frame,lgw,Year 1, spring 3, Wednesday,23312,21.2
frame,lgw,Year 1, spring 3, Wednesday,23313,21.7
frame,lgw,Year 1, spring 3, Wednesday,23314,20.9
frame,lgw,Year 1, spring 3, Wednesday,23315,20.9
frame,lgw,Year 1, spring 3, Wednesday,23316,0.1
frame,lgw,Year 1, spring 3, Wednesday,23317,22.6
frame,lgw,Year 1, spring 3, Wednesday,23318,21.7
frame,lgw,Year 1, spring 3, Wednesday,23319,22.1
frame,lgw,Year 1, spring 3, Wednesday,23320,0.1
frame,lgw,Year 1, spring 3, Wednesday,23321,22.1
frame,lgw,Year 1, spring 3, Wednesday,23322,21.8
frame,lgw,Year 1, spring 3, Wednesday,23323,21.1
frame,lgw,Year 1, spring 3, Wednesday,23324,0.1
frame,lgw,Year 1, spring 3, Wednesday,23325,21.6
frame,lgw,Year 1, spring 3, Wednesday,23326,21.7
frame,lgw,Year 1, spring 3, Wednesday,23327,21.0
frame,lgw,Year 1, spring 3, Wednesday,23328,20.9
frame,lgw,Year 1, spring 3, Wednesday,23329,0.1
frame,lgw,Year 1, spring 3, Wednesday,23330,20.9
frame,lgw,Year 1, spring 3, Wednesday,23331,21.3
frame,lgw,Year 1, spring 3, Wednesday,23332,21.2
frame,lgw,Year 1, spring 3, Wednesday,23333,0.1
frame,lgw,Year 1, spring 3, Wednesday,23334,20.7
frame,lgw,Year 1, spring 3, Wednesday,23335,21.5
frame,lgw,Year 1, spring 3, Wednesday,23336,22.1
frame,lgw,Year 1, spring 3, Wednesday,23337,21.7
frame,lgw,Year 1, spring 3, Wednesday,23338,0.1
frame,lgw,Year 1, spring 3, Wednesday,23339,22.2
frame,lgw,Year 1, spring 3, Wednesday,23340,21.0
frame,lgw,Year 1, spring 3, Wednesday,23341,21.2
frame,lgw,Year 1, spring 3, Wednesday,23342,0.2
frame,lgw,Year 1, spring 3, Wednesday,23343,21.9
frame,lgw,Year 1, spring 3, Wednesday,23344,21.9
frame,lgw,Year 1, spring 3, Wednesday,23345,22.4
frame,lgw,Year 1, spring 3, Wednesday,23346,0.1
frame,lgw,Year 1, spring 3, Wednesday,23347,21.8
frame,lgw,Year 1, spring 3, Wednesday,23348,21.5
frame,lgw,Year 1, spring 3, Wednesday,23349,21.0
frame,lgw,Year 1, spring 3, Wednesday,23350,21.1
frame,lgw,Year 1, spring 3, Wednesday,23351,0.1
frame,lgw,Year 1, spring 3, Wednesday,23352,20.7
frame,lgw,Year 1, spring 3, Wednesday,23353,21.1
frame,lgw,Year 1, spring 3, Wednesday,23354,20.9
frame,lgw,Year 1, spring 3, Wednesday,23355,22.8
frame,lgw,Year 1, spring 3, Wednesday,23356,0.1
frame,lgw,Year 1, spring 3, Wednesday,23357,22.1
frame,lgw,Year 1, spring 3, Wednesday,23358,22.6
frame,lgw,Year 1, spring 3, Wednesday,23359,21.9
frame,lgw,Year 1, spring 3, Wednesday,23360,0.1
frame,lgw,Year 1, spring 3, Wednesday,23361,20.9
frame,lgw,Year 1, spring 3, Wednesday,23362,21.2
frame,lgw,Year 1, spring 3, Wednesday,23363,20.8
frame,lgw,Year 1, spring 3, Wednesday,23364,0.1
frame,lgw,Year 1, spring 3, Wednesday,23365,21.4
frame,lgw,Year 1, spring 3, Wednesday,23366,21.1
frame,lgw,Year 1, spring 3, Wednesday,23367,20.7
frame,lgw,Year 1, spring 3, Wednesday,23368,23.1
frame,lgw,Year 1, spring 3, Wednesday,23369,0.2
frame,lgw,Year 1, spring 3, Wednesday,23370,21.5
frame,lgw,Year 1, spring 3, Wednesday,23371,20.8
frame,lgw,Year 1, spring 3, Wednesday,23372,20.8
frame,lgw,Year 1, spring 3, Wednesday,23373,0.2
frame,lgw,Year 1, spring 3, Wednesday,23374,24.7
frame,lgw,Year 1, spring 3, Wednesday,23375,21.4
frame,lgw,Year 1, spring 3, Wednesday,23376,22.2
frame,lgw,Year 1, spring 3, Wednesday,23377,0.2
frame,lgw,Year 1, spring 3, Wednesday,23378,22.0
frame,lgw,Year 1, spring 3, Wednesday,23379,21.0
frame,lgw,Year 1, spring 3, Wednesday,23380,22.1
frame,lgw,Year 1, spring 3, Wednesday,23381,0.1
frame,lgw,Year 1, spring 3, Wednesday,23382,21.5
frame,lgw,Year 1, spring 3, Wednesday,23383,20.8
frame,lgw,Year 1, spring 3, Wednesday,23384,21.0
frame,lgw,Year 1, spring 3, Wednesday,23385,21.2
frame,lgw,Year 1, spring 3, Wednesday,23386,0.1
frame,lgw,Year 1, spring 3, Wednesday,23387,21.2
frame,lgw,Year 1, spring 3, Wednesday,23388,22.1
frame,lgw,Year 1, spring 3, Wednesday,23389,21.0
frame,lgw,Year 1, spring 3, Wednesday,23390,0.1
frame,lgw,Year 1, spring 3, Wednesday,23391,21.2
frame,lgw,Year 1, spring 3, Wednesday,23392,21.1
frame,lgw,Year 1, spring 3, Wednesday,23393,20.9
frame,lgw,Year 1, spring 3, Wednesday,23394,23.0
frame,lgw,Year 1, spring 3, Wednesday,23395,0.1
frame,lgw,Year 1, spring 3, Wednesday,23396,21.0
frame,lgw,Year 1, spring 3, Wednesday,23397,21.3
frame,lgw,Year 1, spring 3, Wednesday,23398,22.1
frame,lgw,Year 1, spring 3, Wednesday,23399,0.1
frame,lgw,Year 1, spring 3, Wednesday,23400,21.0
frame,lgw,Year 1, spring 3, Wednesday,23401,20.8
frame,lgw,Year 1, spring 3, Wednesday,23402,20.9
frame,lgw,Year 1, spring 3, Wednesday,23403,21.1
frame,lgw,Year 1, spring 3, Wednesday,23404,0.1
frame,lgw,Year 1, spring 3, Wednesday,23405,20.9
frame,lgw,Year 1, spring 3, Wednesday,23406,20.7
frame,lgw,Year 1, spring 3, Wednesday,23407,22.0
frame,lgw,Year 1, spring 3, Wednesday,23408,22.8
frame,lgw,Year 1, spring 3, Wednesday,23409,0.1
frame,lgw,Year 1, spring 3, Wednesday,23410,21.3
frame,lgw,Year 1, spring 3, Wednesday,23411,21.8
frame,lgw,Year 1, spring 3, Wednesday,23412,21.0
frame,lgw,Year 1, spring 3, Wednesday,23413,0.1
frame,lgw,Year 1, spring 3, Wednesday,23414,21.3
frame,lgw,Year 1, spring 3, Wednesday,23415,21.4
frame,lgw,Year 1, spring 3, Wednesday,23416,21.2
frame,lgw,Year 1, spring 3, Wednesday,23417,21.5
frame,lgw,Year 1, spring 3, Wednesday,23418,0.1
frame,lgw,Year 1, spring 3, Wednesday,23419,21.8
frame,lgw,Year 1, spring 3, Wednesday,23420,21.3
frame,lgw,Year 1, spring 3, Wednesday,23421,21.4
frame,lgw,Year 1, spring 3, Wednesday,23422,0.1
frame,lgw,Year 1, spring 3, Wednesday,23423,22.0
frame,lgw,Year 1, spring 3, Wednesday,23424,20.8
frame,lgw,Year 1, spring 3, Wednesday,23425,21.3
frame,lgw,Year 1, spring 3, Wednesday,23426,0.1
frame,lgw,Year 1, spring 3, Wednesday,23427,21.0
frame,lgw,Year 1, spring 3, Wednesday,23428,20.7
frame,lgw,Year 1, spring 3, Wednesday,23429,22.9
frame,lgw,Year 1, spring 3, Wednesday,23430,22.6
frame,lgw,Year 1, spring 3, Wednesday,23431,0.3
frame,lgw,Year 1, spring 3, Wednesday,23432,22.4
frame,lgw,Year 1, spring 3, Wednesday,23433,21.7
frame,lgw,Year 1, spring 3, Wednesday,23434,21.2
frame,lgw,Year 1, spring 3, Wednesday,23435,0.1
frame,lgw,Year 1, spring 3, Wednesday,23436,21.6
frame,lgw,Year 1, spring 3, Wednesday,23437,21.3
frame,lgw,Year 1, spring 3, Wednesday,23438,21.0
frame,lgw,Year 1, spring 3, Wednesday,23439,0.1
frame,lgw,Year 1, spring 3, Wednesday,23440,20.8
frame,lgw,Year 1, spring 3, Wednesday,23441,22.3
frame,lgw,Year 1, spring 3, Wednesday,23442,20.9
frame,lgw,Year 1, spring 3, Wednesday,23443,21.4
frame,lgw,Year 1, spring 3, Wednesday,23444,0.5
frame,lgw,Year 1, spring 3, Wednesday,23445,21.8
frame,lgw,Year 1, spring 3, Wednesday,23446,21.7
frame,lgw,Year 1, spring 3, Wednesday,23447,21.2
frame,lgw,Year 1, spring 3, Wednesday,23448,0.1
frame,lgw,Year 1, spring 3, Wednesday,23449,21.0
frame,lgw,Year 1, spring 3, Wednesday,23450,20.7
frame,lgw,Year 1, spring 3, Wednesday,23451,20.7
frame,lgw,Year 1, spring 3, Wednesday,23452,21.2
frame,lgw,Year 1, spring 3, Wednesday,23453,0.1
frame,lgw,Year 1, spring 3, Wednesday,23454,21.0
frame,lgw,Year 1, spring 3, Wednesday,23455,21.0
frame,lgw,Year 1, spring 3, Wednesday,23456,25.1
frame,lgw,Year 1, spring 3, Wednesday,23457,0.2
frame,lgw,Year 1, spring 3, Wednesday,23458,21.3
frame,lgw,Year 1, spring 3, Wednesday,23459,22.8
frame,lgw,Year 1, spring 3, Wednesday,23460,21.6
frame,lgw,Year 1, spring 3, Wednesday,23461,0.1
frame,lgw,Year 1, spring 3, Wednesday,23462,20.9
frame,lgw,Year 1, spring 3, Wednesday,23463,21.8
frame,lgw,Year 1, spring 3, Wednesday,23464,21.0
frame,lgw,Year 1, spring 3, Wednesday,23465,22.9
frame,lgw,Year 1, spring 3, Wednesday,23466,0.1
frame,lgw,Year 1, spring 3, Wednesday,23467,20.8
frame,lgw,Year 1, spring 3, Wednesday,23468,21.8
frame,lgw,Year 1, spring 3, Wednesday,23469,21.0
frame,lgw,Year 1, spring 3, Wednesday,23470,0.1
frame,lgw,Year 1, spring 3, Wednesday,23471,21.1
frame,lgw,Year 1, spring 3, Wednesday,23472,20.7
frame,lgw,Year 1, spring 3, Wednesday,23473,21.2
frame,lgw,Year 1, spring 3, Wednesday,23474,21.2
frame,lgw,Year 1, spring 3, Wednesday,23475,0.1
frame,lgw,Year 1, spring 3, Wednesday,23476,21.3
frame,lgw,Year 1, spring 3, Wednesday,23477,21.5
frame,lgw,Year 1, spring 3, Wednesday,23478,22.1
frame,lgw,Year 1, spring 3, Wednesday,23479,0.1
frame,lgw,Year 1, spring 3, Wednesday,23480,21.3
frame,lgw,Year 1, spring 3, Wednesday,23481,21.0
frame,lgw,Year 1, spring 3, Wednesday,23482,21.1
frame,lgw,Year 1, spring 3, Wednesday,23483,21.1
frame,lgw,Year 1, spring 3, Wednesday,23484,0.1
frame,lgw,Year 1, spring 3, Wednesday,23485,21.3
frame,lgw,Year 1, spring 3, Wednesday,23486,21.0
frame,lgw,Year 1, spring 3, Wednesday,23487,21.5
frame,lgw,Year 1, spring 3, Wednesday,23488,21.7
frame,lgw,Year 1, spring 3, Wednesday,23489,0.1
frame,lgw,Year 1, spring 3, Wednesday,23490,21.2
frame,lgw,Year 1, spring 3, Wednesday,23491,21.4
frame,lgw,Year 1, spring 3, Wednesday,23492,20.8
frame,lgw,Year 1, spring 3, Wednesday,23493,0.2
frame,lgw,Year 1, spring 3, Wednesday,23494,21.6
frame,lgw,Year 1, spring 3, Wednesday,23495,21.5
frame,lgw,Year 1, spring 3, Wednesday,23496,22.7
frame,lgw,Year 1, spring 3, Wednesday,23497,0.1
frame,lgw,Year 1, spring 3, Wednesday,23498,21.2
frame,lgw,Year 1, spring 3, Wednesday,23499,21.8
frame,lgw,Year 1, spring 3, Wednesday,23500,20.8
frame,lgw,Year 1, spring 3, Wednesday,23501,20.9
frame,lgw,Year 1, spring 3, Wednesday,23502,0.1
frame,lgw,Year 1, spring 3, Wednesday,23503,21.1
frame,lgw,Year 1, spring 3, Wednesday,23504,20.9
frame,lgw,Year 1, spring 3, Wednesday,23505,21.3
frame,lgw,Year 1, spring 3, Wednesday,23506,22.1
frame,lgw,Year 1, spring 3, Wednesday,23507,0.1
frame,lgw,Year 1, spring 3, Wednesday,23508,21.4
frame,lgw,Year 1, spring 3, Wednesday,23509,21.2
frame,lgw,Year 1, spring 3, Wednesday,23510,21.0
frame,lgw,Year 1, spring 3, Wednesday,23511,0.3
frame,lgw,Year 1, spring 3, Wednesday,23512,22.0
frame,lgw,Year 1, spring 3, Wednesday,23513,21.1
frame,lgw,Year 1, spring 3, Wednesday,23514,21.2
frame,lgw,Year 1, spring 3, Wednesday,23515,21.8
frame,lgw,Year 1, spring 3, Wednesday,23516,0.2
frame,lgw,Year 1, spring 3, Wednesday,23517,21.8
frame,lgw,Year 1, spring 3, Wednesday,23518,22.0
frame,lgw,Year 1, spring 3, Wednesday,23519,22.6
frame,lgw,Year 1, spring 3, Wednesday,23520,0.2
frame,lgw,Year 1, spring 3, Wednesday,23521,23.1
frame,lgw,Year 1, spring 3, Wednesday,23522,21.2
frame,lgw,Year 1, spring 3, Wednesday,23523,21.7
frame,lgw,Year 1, spring 3, Wednesday,23524,0.1
frame,lgw,Year 1, spring 3, Wednesday,23525,21.1
frame,lgw,Year 1, spring 3, Wednesday,23526,21.0
frame,lgw,Year 1, spring 3, Wednesday,23527,21.7
frame,lgw,Year 1, spring 3, Wednesday,23528,0.1
frame,lgw,Year 1, spring 3, Wednesday,23529,20.9
frame,lgw,Year 1, spring 3, Wednesday,23530,20.8
frame,lgw,Year 1, spring 3, Wednesday,23531,21.8
frame,lgw,Year 1, spring 3, Wednesday,23532,21.0
frame,lgw,Year 1, spring 3, Wednesday,23533,0.1
frame,lgw,Year 1, spring 3, Wednesday,23534,20.9
frame,lgw,Year 1, spring 3, Wednesday,23535,21.9
frame,lgw,Year 1, spring 3, Wednesday,23536,21.5
frame,lgw,Year 1, spring 3, Wednesday,23537,22.2
frame,lgw,Year 1, spring 3, Wednesday,23538,0.1
frame,lgw,Year 1, spring 3, Wednesday,23539,21.3
frame,lgw,Year 1, spring 3, Wednesday,23540,20.7
frame,lgw,Year 1, spring 3, Wednesday,23541,21.6
frame,lgw,Year 1, spring 3, Wednesday,23542,0.1
frame,lgw,Year 1, spring 3, Wednesday,23543,20.8
frame,lgw,Year 1, spring 3, Wednesday,23544,20.8
frame,lgw,Year 1, spring 3, Wednesday,23545,21.2
frame,lgw,Year 1, spring 3, Wednesday,23546,22.2
frame,lgw,Year 1, spring 3, Wednesday,23547,0.2
frame,lgw,Year 1, spring 3, Wednesday,23548,21.2
frame,lgw,Year 1, spring 3, Wednesday,23549,22.7
frame,lgw,Year 1, spring 3, Wednesday,23550,21.0
frame,lgw,Year 1, spring 3, Wednesday,23551,0.1
frame,lgw,Year 1, spring 3, Wednesday,23552,21.0
frame,lgw,Year 1, spring 3, Wednesday,23553,21.2
frame,lgw,Year 1, spring 3, Wednesday,23554,22.3
frame,lgw,Year 1, spring 3, Wednesday,23555,0.2
frame,lgw,Year 1, spring 3, Wednesday,23556,22.4
frame,lgw,Year 1, spring 3, Wednesday,23557,21.1
frame,lgw,Year 1, spring 3, Wednesday,23558,22.4
frame,lgw,Year 1, spring 3, Wednesday,23559,20.8
frame,lgw,Year 1, spring 3, Wednesday,23560,0.1
frame,lgw,Year 1, spring 3, Wednesday,23561,21.2
frame,lgw,Year 1, spring 3, Wednesday,23562,21.5
frame,lgw,Year 1, spring 3, Wednesday,23563,21.3
frame,lgw,Year 1, spring 3, Wednesday,23564,0.1
frame,lgw,Year 1, spring 3, Wednesday,23565,21.1
frame,lgw,Year 1, spring 3, Wednesday,23566,20.9
frame,lgw,Year 1, spring 3, Wednesday,23567,21.3
frame,lgw,Year 1, spring 3, Wednesday,23568,20.9
frame,lgw,Year 1, spring 3, Wednesday,23569,0.1
frame,lgw,Year 1, spring 3, Wednesday,23570,21.2
frame,lgw,Year 1, spring 3, Wednesday,23571,21.3
frame,lgw,Year 1, spring 3, Wednesday,23572,22.1
frame,lgw,Year 1, spring 3, Wednesday,23573,0.1
frame,lgw,Year 1, spring 3, Wednesday,23574,20.7
frame,lgw,Year 1, spring 3, Wednesday,23575,21.0
frame,lgw,Year 1, spring 3, Wednesday,23576,20.8
frame,lgw,Year 1, spring 3, Wednesday,23577,21.0
frame,lgw,Year 1, spring 3, Wednesday,23578,0.1
frame,lgw,Year 1, spring 3, Wednesday,23579,21.4
frame,lgw,Year 1, spring 3, Wednesday,23580,21.9
frame,lgw,Year 1, spring 3, Wednesday,23581,23.8
frame,lgw,Year 1, spring 3, Wednesday,23582,0.2
frame,lgw,Year 1, spring 3, Wednesday,23583,21.3
frame,lgw,Year 1, spring 3, Wednesday,23584,22.7
frame,lgw,Year 1, spring 3, Wednesday,23585,21.0
frame,lgw,Year 1, spring 3, Wednesday,23586,0.1
frame,lgw,Year 1, spring 3, Wednesday,23587,21.5
frame,lgw,Year 1, spring 3, Wednesday,23588,21.2
frame,lgw,Year 1, spring 3, Wednesday,23589,21.4
frame,lgw,Year 1, spring 3, Wednesday,23590,21.4
frame,lgw,Year 1, spring 3, Wednesday,23591,0.1
frame,lgw,Year 1, spring 3, Wednesday,23592,21.4
frame,lgw,Year 1, spring 3, Wednesday,23593,23.9
frame,lgw,Year 1, spring 3, Wednesday,23594,21.1
frame,lgw,Year 1, spring 3, Wednesday,23595,0.1
frame,lgw,Year 1, spring 3, Wednesday,23596,21.3
frame,lgw,Year 1, spring 3, Wednesday,23597,20.7
frame,lgw,Year 1, spring 3, Wednesday,23598,20.8
frame,lgw,Year 1, spring 3, Wednesday,23599,21.1
frame,lgw,Year 1, spring 3, Wednesday,23600,0.2
frame,lgw,Year 1, spring 3, Wednesday,23601,22.3
frame,lgw,Year 1, spring 3, Wednesday,23602,20.9
frame,lgw,Year 1, spring 3, Wednesday,23603,22.0
frame,lgw,Year 1, spring 3, Wednesday,23604,0.1
frame,lgw,Year 1, spring 3, Wednesday,23605,21.2
frame,lgw,Year 1, spring 3, Wednesday,23606,21.0
frame,lgw,Year 1, spring 3, Wednesday,23607,21.2
frame,lgw,Year 1, spring 3, Wednesday,23608,21.2
frame,lgw,Year 1, spring 3, Wednesday,23609,0.2
frame,lgw,Year 1, spring 3, Wednesday,23610,23.7
frame,lgw,Year 1, spring 3, Wednesday,23611,22.8
frame,lgw,Year 1, spring 3, Wednesday,23612,21.7
frame,lgw,Year 1, spring 3, Wednesday,23613,0.1
frame,lgw,Year 1, spring 3, Wednesday,23614,20.9
frame,lgw,Year 1, spring 3, Wednesday,23615,21.3
frame,lgw,Year 1, spring 3, Wednesday,23616,22.5
frame,lgw,Year 1, spring 3, Wednesday,23617,0.1
frame,lgw,Year 1, spring 3, Wednesday,23618,21.3
frame,lgw,Year 1, spring 3, Wednesday,23619,21.5
frame,lgw,Year 1, spring 3, Wednesday,23620,22.3
frame,lgw,Year 1, spring 3, Wednesday,23621,0.1
frame,lgw,Year 1, spring 3, Wednesday,23622,21.5
frame,lgw,Year 1, spring 3, Wednesday,23623,21.6
frame,lgw,Year 1, spring 3, Wednesday,23624,22.5
frame,lgw,Year 1, spring 3, Wednesday,23625,0.1
frame,lgw,Year 1, spring 3, Wednesday,23626,21.5
frame,lgw,Year 1, spring 3, Wednesday,23627,21.8
frame,lgw,Year 1, spring 3, Wednesday,23628,21.2
frame,lgw,Year 1, spring 3, Wednesday,23629,21.2
frame,lgw,Year 1, spring 3, Wednesday,23630,0.1
frame,lgw,Year 1, spring 3, Wednesday,23631,23.1
frame,lgw,Year 1, spring 3, Wednesday,23632,21.7
frame,lgw,Year 1, spring 3, Wednesday,23633,21.5
frame,lgw,Year 1, spring 3, Wednesday,23634,0.1
frame,lgw,Year 1, spring 3, Wednesday,23635,20.7
frame,lgw,Year 1, spring 3, Wednesday,23636,21.4
frame,lgw,Year 1, spring 3, Wednesday,23637,21.2
frame,lgw,Year 1, spring 3, Wednesday,23638,21.6
frame,lgw,Year 1, spring 3, Wednesday,23639,0.1
frame,lgw,Year 1, spring 3, Wednesday,23640,22.8
frame,lgw,Year 1, spring 3, Wednesday,23641,20.9
frame,lgw,Year 1, spring 3, Wednesday,23642,20.9
frame,lgw,Year 1, spring 3, Wednesday,23643,0.1
frame,lgw,Year 1, spring 3, Wednesday,23644,21.4
frame,lgw,Year 1, spring 3, Wednesday,23645,22.9
frame,lgw,Year 1, spring 3, Wednesday,23646,21.1
frame,lgw,Year 1, spring 3, Wednesday,23647,0.1
frame,lgw,Year 1, spring 3, Wednesday,23648,21.3
frame,lgw,Year 1, spring 3, Wednesday,23649,21.0
frame,lgw,Year 1, spring 3, Wednesday,23650,21.3
frame,lgw,Year 1, spring 3, Wednesday,23651,21.0
frame,lgw,Year 1, spring 3, Wednesday,23652,0.1
frame,lgw,Year 1, spring 3, Wednesday,23653,22.2
frame,lgw,Year 1, spring 3, Wednesday,23654,22.3
frame,lgw,Year 1, spring 3, Wednesday,23655,21.4
frame,lgw,Year 1, spring 3, Wednesday,23656,0.1
frame,lgw,Year 1, spring 3, Wednesday,23657,21.4
frame,lgw,Year 1, spring 3, Wednesday,23658,21.5
frame,lgw,Year 1, spring 3, Wednesday,23659,21.2
frame,lgw,Year 1, spring 3, Wednesday,23660,22.5
frame,lgw,Year 1, spring 3, Wednesday,23661,0.1
frame,lgw,Year 1, spring 3, Wednesday,23662,21.0
frame,lgw,Year 1, spring 3, Wednesday,23663,21.5
frame,lgw,Year 1, spring 3, Wednesday,23664,21.3
frame,lgw,Year 1, spring 3, Wednesday,23665,0.1
frame,lgw,Year 1, spring 3, Wednesday,23666,21.5
frame,lgw,Year 1, spring 3, Wednesday,23667,21.1
frame,lgw,Year 1, spring 3, Wednesday,23668,21.0
frame,lgw,Year 1, spring 3, Wednesday,23669,21.2
frame,lgw,Year 1, spring 3, Wednesday,23670,0.1
frame,lgw,Year 1, spring 3, Wednesday,23671,21.3
frame,lgw,Year 1, spring 3, Wednesday,23672,21.0
frame,lgw,Year 1, spring 3, Wednesday,23673,21.1
frame,lgw,Year 1, spring 3, Wednesday,23674,0.1
frame,lgw,Year 1, spring 3, Wednesday,23675,20.7
frame,lgw,Year 1, spring 3, Wednesday,23676,20.6
frame,lgw,Year 1, spring 3, Wednesday,23677,21.3
frame,lgw,Year 1, spring 3, Wednesday,23678,21.6
frame,lgw,Year 1, spring 3, Wednesday,23679,0.1
frame,lgw,Year 1, spring 3, Wednesday,23680,21.7
frame,lgw,Year 1, spring 3, Wednesday,23681,24.4
frame,lgw,Year 1, spring 3, Wednesday,23682,21.2
frame,lgw,Year 1, spring 3, Wednesday,23683,0.1
frame,lgw,Year 1, spring 3, Wednesday,23684,21.0
frame,lgw,Year 1, spring 3, Wednesday,23685,22.8
frame,lgw,Year 1, spring 3, Wednesday,23686,21.6
frame,lgw,Year 1, spring 3, Wednesday,23687,0.1
frame,lgw,Year 1, spring 3, Wednesday,23688,21.2
frame,lgw,Year 1, spring 3, Wednesday,23689,21.0
frame,lgw,Year 1, spring 3, Wednesday,23690,21.6
frame,lgw,Year 1, spring 3, Wednesday,23691,22.1
frame,lgw,Year 1, spring 3, Wednesday,23692,0.1
frame,lgw,Year 1, spring 3, Wednesday,23693,21.1
frame,lgw,Year 1, spring 3, Wednesday,23694,21.1
frame,lgw,Year 1, spring 3, Wednesday,23695,22.0
frame,lgw,Year 1, spring 3, Wednesday,23696,0.2
frame,lgw,Year 1, spring 3, Wednesday,23697,22.0
frame,lgw,Year 1, spring 3, Wednesday,23698,22.0
frame,lgw,Year 1, spring 3, Wednesday,23699,20.8
frame,lgw,Year 1, spring 3, Wednesday,23700,20.9
frame,lgw,Year 1, spring 3, Wednesday,23701,0.1
frame,lgw,Year 1, spring 3, Wednesday,23702,22.6
frame,lgw,Year 1, spring 3, Wednesday,23703,20.8
frame,lgw,Year 1, spring 3, Wednesday,23704,21.5
frame,lgw,Year 1, spring 3, Wednesday,23705,0.2
frame,lgw,Year 1, spring 3, Wednesday,23706,22.0
frame,lgw,Year 1, spring 3, Wednesday,23707,21.2
frame,lgw,Year 1, spring 3, Wednesday,23708,22.4
frame,lgw,Year 1, spring 3, Wednesday,23709,0.1
frame,lgw,Year 1, spring 3, Wednesday,23710,21.6
frame,lgw,Year 1, spring 3, Wednesday,23711,21.1
frame,lgw,Year 1, spring 3, Wednesday,23712,20.9
frame,lgw,Year 1, spring 3, Wednesday,23713,21.5
frame,lgw,Year 1, spring 3, Wednesday,23714,0.1
frame,lgw,Year 1, spring 3, Wednesday,23715,21.0
frame,lgw,Year 1, spring 3, Wednesday,23716,21.1
frame,lgw,Year 1, spring 3, Wednesday,23717,21.1
frame,lgw,Year 1, spring 3, Wednesday,23718,0.3
frame,lgw,Year 1, spring 3, Wednesday,23719,22.1
frame,lgw,Year 1, spring 3, Wednesday,23720,21.4
frame,lgw,Year 1, spring 3, Wednesday,23721,21.1
frame,lgw,Year 1, spring 3, Wednesday,23722,22.6
frame,lgw,Year 1, spring 3, Wednesday,23723,0.1
frame,lgw,Year 1, spring 3, Wednesday,23724,21.5
frame,lgw,Year 1, spring 3, Wednesday,23725,22.3
frame,lgw,Year 1, spring 3, Wednesday,23726,21.2
frame,lgw,Year 1, spring 3, Wednesday,23727,0.1
frame,lgw,Year 1, spring 3, Wednesday,23728,22.8
frame,lgw,Year 1, spring 3, Wednesday,23729,21.9
frame,lgw,Year 1, spring 3, Wednesday,23730,21.7
frame,lgw,Year 1, spring 3, Wednesday,23731,0.1
frame,lgw,Year 1, spring 3, Wednesday,23732,20.9
frame,lgw,Year 1, spring 3, Wednesday,23733,21.1
frame,lgw,Year 1, spring 3, Wednesday,23734,21.2
frame,lgw,Year 1, spring 3, Wednesday,23735,21.1
frame,lgw,Year 1, spring 3, Wednesday,23736,0.1
frame,lgw,Year 1, spring 3, Wednesday,23737,21.6
frame,lgw,Year 1, spring 3, Wednesday,23738,21.9
frame,lgw,Year 1, spring 3, Wednesday,23739,21.5
frame,lgw,Year 1, spring 3, Wednesday,23740,0.1
frame,lgw,Year 1, spring 3, Wednesday,23741,21.5
frame,lgw,Year 1, spring 3, Wednesday,23742,22.9
frame,lgw,Year 1, spring 3, Wednesday,23743,21.3
frame,lgw,Year 1, spring 3, Wednesday,23744,0.3
frame,lgw,Year 1, spring 3, Wednesday,23745,21.3
frame,lgw,Year 1, spring 3, Wednesday,23746,21.1
frame,lgw,Year 1, spring 3, Wednesday,23747,21.4
frame,lgw,Year 1, spring 3, Wednesday,23748,21.0
frame,lgw,Year 1, spring 3, Wednesday,23749,0.1
frame,lgw,Year 1, spring 3, Wednesday,23750,21.2
frame,lgw,Year 1, spring 3, Wednesday,23751,21.0
frame,lgw,Year 1, spring 3, Wednesday,23752,21.0
frame,lgw,Year 1, spring 3, Wednesday,23753,21.2
frame,lgw,Year 1, spring 3, Wednesday,23754,0.1
frame,lgw,Year 1, spring 3, Wednesday,23755,21.1
frame,lgw,Year 1, spring 3, Wednesday,23756,22.5
frame,lgw,Year 1, spring 3, Wednesday,23757,20.9
frame,lgw,Year 1, spring 3, Wednesday,23758,0.1
frame,lgw,Year 1, spring 3, Wednesday,23759,20.7
frame,lgw,Year 1, spring 3, Wednesday,23760,21.9
frame,lgw,Year 1, spring 3, Wednesday,23761,22.0
frame,lgw,Year 1, spring 3, Wednesday,23762,0.1
frame,lgw,Year 1, spring 3, Wednesday,23763,20.7
frame,lgw,Year 1, spring 3, Wednesday,23764,21.1
frame,lgw,Year 1, spring 3, Wednesday,23765,21.4
frame,lgw,Year 1, spring 3, Wednesday,23766,21.8
frame,lgw,Year 1, spring 3, Wednesday,23767,0.1
frame,lgw,Year 1, spring 3, Wednesday,23768,21.2
frame,lgw,Year 1, spring 3, Wednesday,23769,21.0
frame,lgw,Year 1, spring 3, Wednesday,23770,21.0
frame,lgw,Year 1, spring 3, Wednesday,23771,22.6
frame,lgw,Year 1, spring 3, Wednesday,23772,0.2
frame,lgw,Year 1, spring 3, Wednesday,23773,21.7
frame,lgw,Year 1, spring 3, Wednesday,23774,21.3
frame,lgw,Year 1, spring 3, Wednesday,23775,20.8
frame,lgw,Year 1, spring 3, Wednesday,23776,0.1
frame,lgw,Year 1, spring 3, Wednesday,23777,21.9
frame,lgw,Year 1, spring 3, Wednesday,23778,21.4
frame,lgw,Year 1, spring 3, Wednesday,23779,21.5
frame,lgw,Year 1, spring 3, Wednesday,23780,0.3
frame,lgw,Year 1, spring 3, Wednesday,23781,22.0
frame,lgw,Year 1, spring 3, Wednesday,23782,21.9
frame,lgw,Year 1, spring 3, Wednesday,23783,21.3
frame,lgw,Year 1, spring 3, Wednesday,23784,20.9
frame,lgw,Year 1, spring 3, Wednesday,23785,0.1
frame,lgw,Year 1, spring 3, Wednesday,23786,20.6
frame,lgw,Year 1, spring 3, Wednesday,23787,20.9
frame,lgw,Year 1, spring 3, Wednesday,23788,23.4
frame,lgw,Year 1, spring 3, Wednesday,23789,0.1
frame,lgw,Year 1, spring 3, Wednesday,23790,21.6
frame,lgw,Year 1, spring 3, Wednesday,23791,20.8
frame,lgw,Year 1, spring 3, Wednesday,23792,21.3
frame,lgw,Year 1, spring 3, Wednesday,23793,22.6
frame,lgw,Year 1, spring 3, Wednesday,23794,0.2
frame,lgw,Year 1, spring 3, Wednesday,23795,22.4
frame,lgw,Year 1, spring 3, Wednesday,23796,21.0
frame,lgw,Year 1, spring 3, Wednesday,23797,21.1
frame,lgw,Year 1, spring 3, Wednesday,23798,0.1
frame,lgw,Year 1, spring 3, Wednesday,23799,20.9
frame,lgw,Year 1, spring 3, Wednesday,23800,21.6
frame,lgw,Year 1, spring 3, Wednesday,23801,23.1
frame,lgw,Year 1, spring 3, Wednesday,23802,0.2
frame,lgw,Year 1, spring 3, Wednesday,23803,21.4
frame,lgw,Year 1, spring 3, Wednesday,23804,21.0
frame,lgw,Year 1, spring 3, Wednesday,23805,20.8
frame,lgw,Year 1, spring 3, Wednesday,23806,20.9
frame,lgw,Year 1, spring 3, Wednesday,23807,0.1
frame,lgw,Year 1, spring 3, Wednesday,23808,22.9
frame,lgw,Year 1, spring 3, Wednesday,23809,21.8
frame,lgw,Year 1, spring 3, Wednesday,23810,21.0
frame,lgw,Year 1, spring 3, Wednesday,23811,0.1
frame,lgw,Year 1, spring 3, Wednesday,23812,21.0
frame,lgw,Year 1, spring 3, Wednesday,23813,20.7
frame,lgw,Year 1, spring 3, Wednesday,23814,20.9
frame,lgw,Year 1, spring 3, Wednesday,23815,21.3
frame,lgw,Year 1, spring 3, Wednesday,23816,0.1
frame,lgw,Year 1, spring 3, Wednesday,23817,21.5
frame,lgw,Year 1, spring 3, Wednesday,23818,23.9
frame,lgw,Year 1, spring 3, Wednesday,23819,20.8
frame,lgw,Year 1, spring 3, Wednesday,23820,0.1
frame,lgw,Year 1, spring 3, Wednesday,23821,21.5
frame,lgw,Year 1, spring 3, Wednesday,23822,22.4
frame,lgw,Year 1, spring 3, Wednesday,23823,21.1
frame,lgw,Year 1, spring 3, Wednesday,23824,0.1
frame,lgw,Year 1, spring 3, Wednesday,23825,21.9
frame,lgw,Year 1, spring 3, Wednesday,23826,21.7
frame,lgw,Year 1, spring 3, Wednesday,23827,21.3
frame,lgw,Year 1, spring 3, Wednesday,23828,21.0
frame,lgw,Year 1, spring 3, Wednesday,23829,0.1
frame,lgw,Year 1, spring 3, Wednesday,23830,21.2
frame,lgw,Year 1, spring 3, Wednesday,23831,21.3
frame,lgw,Year 1, spring 3, Wednesday,23832,21.7
frame,lgw,Year 1, spring 3, Wednesday,23833,0.1
frame,lgw,Year 1, spring 3, Wednesday,23834,21.4
frame,lgw,Year 1, spring 3, Wednesday,23835,21.4
frame,lgw,Year 1, spring 3, Wednesday,23836,21.2
frame,lgw,Year 1, spring 3, Wednesday,23837,21.2
frame,lgw,Year 1, spring 3, Wednesday,23838,0.1
frame,lgw,Year 1, spring 3, Wednesday,23839,21.7
frame,lgw,Year 1, spring 3, Wednesday,23840,21.1
frame,lgw,Year 1, spring 3, Wednesday,23841,22.3
frame,lgw,Year 1, spring 3, Wednesday,23842,21.6
frame,lgw,Year 1, spring 3, Wednesday,23843,0.1
frame,lgw,Year 1, spring 3, Wednesday,23844,21.0
frame,lgw,Year 1, spring 3, Wednesday,23845,21.9
frame,lgw,Year 1, spring 3, Wednesday,23846,22.1
frame,lgw,Year 1, spring 3, Wednesday,23847,0.1
frame,lgw,Year 1, spring 3, Wednesday,23848,21.6
frame,lgw,Year 1, spring 3, Wednesday,23849,21.8
frame,lgw,Year 1, spring 3, Wednesday,23850,21.0
frame,lgw,Year 1, spring 3, Wednesday,23851,0.1
frame,lgw,Year 1, spring 3, Wednesday,23852,21.1
frame,lgw,Year 1, spring 3, Wednesday,23853,21.5
frame,lgw,Year 1, spring 3, Wednesday,23854,20.9
frame,lgw,Year 1, spring 3, Wednesday,23855,21.4
frame,lgw,Year 1, spring 3, Wednesday,23856,0.1
frame,lgw,Year 1, spring 3, Wednesday,23857,21.6
frame,lgw,Year 1, spring 3, Wednesday,23858,21.5
frame,lgw,Year 1, spring 3, Wednesday,23859,21.3
frame,lgw,Year 1, spring 3, Wednesday,23860,0.1
frame,lgw,Year 1, spring 3, Wednesday,23861,20.9
frame,lgw,Year 1, spring 3, Wednesday,23862,21.4
frame,lgw,Year 1, spring 3, Wednesday,23863,21.4
frame,lgw,Year 1, spring 3, Wednesday,23864,22.4
frame,lgw,Year 1, spring 3, Wednesday,23865,0.2
frame,lgw,Year 1, spring 3, Wednesday,23866,22.0
frame,lgw,Year 1, spring 3, Wednesday,23867,21.1
frame,lgw,Year 1, spring 3, Wednesday,23868,21.3
frame,lgw,Year 1, spring 3, Wednesday,23869,0.1
frame,lgw,Year 1, spring 3, Wednesday,23870,21.0
frame,lgw,Year 1, spring 3, Wednesday,23871,21.0
frame,lgw,Year 1, spring 3, Wednesday,23872,21.6
frame,lgw,Year 1, spring 3, Wednesday,23873,21.8
frame,lgw,Year 1, spring 3, Wednesday,23874,0.5
frame,lgw,Year 1, spring 3, Wednesday,23875,21.1
frame,lgw,Year 1, spring 3, Wednesday,23876,21.7
frame,lgw,Year 1, spring 3, Wednesday,23877,21.4
frame,lgw,Year 1, spring 3, Wednesday,23878,0.1
frame,lgw,Year 1, spring 3, Wednesday,23879,21.9
frame,lgw,Year 1, spring 3, Wednesday,23880,21.6
frame,lgw,Year 1, spring 3, Wednesday,23881,21.0
frame,lgw,Year 1, spring 3, Wednesday,23882,0.1
frame,lgw,Year 1, spring 3, Wednesday,23883,21.8
frame,lgw,Year 1, spring 3, Wednesday,23884,22.0
frame,lgw,Year 1, spring 3, Wednesday,23885,21.7
frame,lgw,Year 1, spring 3, Wednesday,23886,21.0
frame,lgw,Year 1, spring 3, Wednesday,23887,0.1
frame,lgw,Year 1, spring 3, Wednesday,23888,21.3
frame,lgw,Year 1, spring 3, Wednesday,23889,21.0
frame,lgw,Year 1, spring 3, Wednesday,23890,21.3
frame,lgw,Year 1, spring 3, Wednesday,23891,0.1
frame,lgw,Year 1, spring 3, Wednesday,23892,20.9
frame,lgw,Year 1, spring 3, Wednesday,23893,21.2
frame,lgw,Year 1, spring 3, Wednesday,23894,20.9
frame,lgw,Year 1, spring 3, Wednesday,23895,21.7
frame,lgw,Year 1, spring 3, Wednesday,23896,0.1
frame,lgw,Year 1, spring 3, Wednesday,23897,20.8
frame,lgw,Year 1, spring 3, Wednesday,23898,20.7
frame,lgw,Year 1, spring 3, Wednesday,23899,21.1
frame,lgw,Year 1, spring 3, Wednesday,23900,21.5
frame,lgw,Year 1, spring 3, Wednesday,23901,0.1
frame,lgw,Year 1, spring 3, Wednesday,23902,20.8
frame,lgw,Year 1, spring 3, Wednesday,23903,21.1
frame,lgw,Year 1, spring 3, Wednesday,23904,21.5
frame,lgw,Year 1, spring 3, Wednesday,23905,21.1
frame,lgw,Year 1, spring 3, Wednesday,23906,0.1
frame,lgw,Year 1, spring 3, Wednesday,23907,20.9
frame,lgw,Year 1, spring 3, Wednesday,23908,21.8
frame,lgw,Year 1, spring 3, Wednesday,23909,20.9
frame,lgw,Year 1, spring 3, Wednesday,23910,0.1
frame,lgw,Year 1, spring 3, Wednesday,23911,21.2
frame,lgw,Year 1, spring 3, Wednesday,23912,21.5
frame,lgw,Year 1, spring 3, Wednesday,23913,21.3
frame,lgw,Year 1, spring 3, Wednesday,23914,21.2
frame,lgw,Year 1, spring 3, Wednesday,23915,0.1
frame,lgw,Year 1, spring 3, Wednesday,23916,22.5
frame,lgw,Year 1, spring 3, Wednesday,23917,22.3
frame,lgw,Year 1, spring 3, Wednesday,23918,21.3
frame,lgw,Year 1, spring 3, Wednesday,23919,0.2
frame,lgw,Year 1, spring 3, Wednesday,23920,21.3
frame,lgw,Year 1, spring 3, Wednesday,23921,20.7
frame,lgw,Year 1, spring 3, Wednesday,23922,21.4
frame,lgw,Year 1, spring 3, Wednesday,23923,21.1
frame,lgw,Year 1, spring 3, Wednesday,23924,0.1
frame,lgw,Year 1, spring 3, Wednesday,23925,21.6
frame,lgw,Year 1, spring 3, Wednesday,23926,21.0
frame,lgw,Year 1, spring 3, Wednesday,23927,21.6
frame,lgw,Year 1, spring 3, Wednesday,23928,0.2
frame,lgw,Year 1, spring 3, Wednesday,23929,21.6
frame,lgw,Year 1, spring 3, Wednesday,23930,22.7
frame,lgw,Year 1, spring 3, Wednesday,23931,21.0
frame,lgw,Year 1, spring 3, Wednesday,23932,0.1
frame,lgw,Year 1, spring 3, Wednesday,23933,21.0
frame,lgw,Year 1, spring 3, Wednesday,23934,21.0
frame,lgw,Year 1, spring 3, Wednesday,23935,21.8
frame,lgw,Year 1, spring 3, Wednesday,23936,22.3
frame,lgw,Year 1, spring 3, Wednesday,23937,0.1
frame,lgw,Year 1, spring 3, Wednesday,23938,21.2
frame,lgw,Year 1, spring 3, Wednesday,23939,21.5
frame,lgw,Year 1, spring 3, Wednesday,23940,21.1
frame,lgw,Year 1, spring 3, Wednesday,23941,0.1
frame,lgw,Year 1, spring 3, Wednesday,23942,21.1
frame,lgw,Year 1, spring 3, Wednesday,23943,21.9
frame,lgw,Year 1, spring 3, Wednesday,23944,21.0
frame,lgw,Year 1, spring 3, Wednesday,23945,21.8
frame,lgw,Year 1, spring 3, Wednesday,23946,0.1
frame,lgw,Year 1, spring 3, Wednesday,23947,21.1
frame,lgw,Year 1, spring 3, Wednesday,23948,21.0
frame,lgw,Year 1, spring 3, Wednesday,23949,22.7
frame,lgw,Year 1, spring 3, Wednesday,23950,0.2
frame,lgw,Year 1, spring 3, Wednesday,23951,21.4
frame,lgw,Year 1, spring 3, Wednesday,23952,21.1
frame,lgw,Year 1, spring 3, Wednesday,23953,21.5
frame,lgw,Year 1, spring 3, Wednesday,23954,21.0
frame,lgw,Year 1, spring 3, Wednesday,23955,0.1
frame,lgw,Year 1, spring 3, Wednesday,23956,21.2
frame,lgw,Year 1, spring 3, Wednesday,23957,20.9
frame,lgw,Year 1, spring 3, Wednesday,23958,21.4
frame,lgw,Year 1, spring 3, Wednesday,23959,20.9
frame,lgw,Year 1, spring 3, Wednesday,23960,0.1
frame,lgw,Year 1, spring 3, Wednesday,23961,20.7
frame,lgw,Year 1, spring 3, Wednesday,23962,21.3
frame,lgw,Year 1, spring 3, Wednesday,23963,21.0
frame,lgw,Year 1, spring 3, Wednesday,23964,0.1
frame,lgw,Year 1, spring 3, Wednesday,23965,22.0
frame,lgw,Year 1, spring 3, Wednesday,23966,21.4
frame,lgw,Year 1, spring 3, Wednesday,23967,21.1
frame,lgw,Year 1, spring 3, Wednesday,23968,21.0
frame,lgw,Year 1, spring 3, Wednesday,23969,0.1
frame,lgw,Year 1, spring 3, Wednesday,23970,21.0
frame,lgw,Year 1, spring 3, Wednesday,23971,21.5
frame,lgw,Year 1, spring 3, Wednesday,23972,20.8
frame,lgw,Year 1, spring 3, Wednesday,23973,21.3
frame,lgw,Year 1, spring 3, Wednesday,23974,0.1
frame,lgw,Year 1, spring 3, Wednesday,23975,21.0
frame,lgw,Year 1, spring 3, Wednesday,23976,20.9
frame,lgw,Year 1, spring 3, Wednesday,23977,23.3
frame,lgw,Year 1, spring 3, Wednesday,23978,1.7
frame,lgw,Year 1, spring 3, Wednesday,23979,21.4
frame,lgw,Year 1, spring 3, Wednesday,23980,21.0
frame,lgw,Year 1, spring 3, Wednesday,23981,20.9
frame,lgw,Year 1, spring 3, Wednesday,23982,0.1
frame,lgw,Year 1, spring 3, Wednesday,23983,21.7
frame,lgw,Year 1, spring 3, Wednesday,23984,22.7
frame,lgw,Year 1, spring 3, Wednesday,23985,21.1
frame,lgw,Year 1, spring 3, Wednesday,23986,0.1
frame,lgw,Year 1, spring 3, Wednesday,23987,21.2
frame,lgw,Year 1, spring 3, Wednesday,23988,21.3
frame,lgw,Year 1, spring 3, Wednesday,23989,20.9
frame,lgw,Year 1, spring 3, Wednesday,23990,20.8
frame,lgw,Year 1, spring 3, Wednesday,23991,0.2
frame,lgw,Year 1, spring 3, Wednesday,23992,21.4
frame,lgw,Year 1, spring 3, Wednesday,23993,21.9
frame,lgw,Year 1, spring 3, Wednesday,23994,21.5
frame,lgw,Year 1, spring 3, Wednesday,23995,20.7
frame,lgw,Year 1, spring 3, Wednesday,23996,0.1
frame,lgw,Year 1, spring 3, Wednesday,23997,21.4
frame,lgw,Year 1, spring 3, Wednesday,23998,21.8
frame,lgw,Year 1, spring 3, Wednesday,23999,20.8
frame,lgw,Year 1, spring 3, Wednesday,29120,21.2
frame,lgw,Year 1, spring 3, Wednesday,29121,21.5
frame,lgw,Year 1, spring 3, Wednesday,29122,21.1
frame,lgw,Year 1, spring 3, Wednesday,29123,0.1
frame,lgw,Year 1, spring 3, Wednesday,29124,21.1
frame,lgw,Year 1, spring 3, Wednesday,29125,21.1
frame,lgw,Year 1, spring 3, Wednesday,29126,21.2
frame,lgw,Year 1, spring 3, Wednesday,29127,0.1
frame,lgw,Year 1, spring 3, Wednesday,29128,21.5
frame,lgw,Year 1, spring 3, Wednesday,29129,23.2
frame,lgw,Year 1, spring 3, Wednesday,29130,21.7
frame,lgw,Year 1, spring 3, Wednesday,29131,0.1
frame,lgw,Year 1, spring 3, Wednesday,29132,21.1
frame,lgw,Year 1, spring 3, Wednesday,29133,21.3
frame,lgw,Year 1, spring 3, Wednesday,29134,20.9
frame,lgw,Year 1, spring 3, Wednesday,29135,21.4
frame,lgw,Year 1, spring 3, Wednesday,29136,0.1
frame,lgw,Year 1, spring 3, Wednesday,29137,22.0
frame,lgw,Year 1, spring 3, Wednesday,29138,21.0
frame,lgw,Year 1, spring 3, Wednesday,29139,21.8
frame,lgw,Year 1, spring 3, Wednesday,29140,0.1
frame,lgw,Year 1, spring 3, Wednesday,29141,21.1
frame,lgw,Year 1, spring 3, Wednesday,29142,22.6
frame,lgw,Year 1, spring 3, Wednesday,29143,21.2
frame,lgw,Year 1, spring 3, Wednesday,29144,21.0
frame,lgw,Year 1, spring 3, Wednesday,29145,0.2
frame,lgw,Year 1, spring 3, Wednesday,29146,23.0
frame,lgw,Year 1, spring 3, Wednesday,29147,22.1
frame,lgw,Year 1, spring 3, Wednesday,29148,22.1
frame,lgw,Year 1, spring 3, Wednesday,29149,0.2
frame,lgw,Year 1, spring 3, Wednesday,29150,21.5
frame,lgw,Year 1, spring 3, Wednesday,29151,21.3
frame,lgw,Year 1, spring 3, Wednesday,29152,21.6
frame,lgw,Year 1, spring 3, Wednesday,29153,0.1
frame,lgw,Year 1, spring 3, Wednesday,29154,20.8
frame,lgw,Year 1, spring 3, Wednesday,29155,21.7
frame,lgw,Year 1, spring 3, Wednesday,29156,21.9
frame,lgw,Year 1, spring 3, Wednesday,29157,21.3
frame,lgw,Year 1, spring 3, Wednesday,29158,0.1
frame,lgw,Year 1, spring 3, Wednesday,29159,21.9
frame,lgw,Year 1, spring 3, Wednesday,29160,21.0
frame,lgw,Year 1, spring 3, Wednesday,29161,21.6
frame,lgw,Year 1, spring 3, Wednesday,29162,0.1
frame,lgw,Year 1, spring 3, Wednesday,29163,21.1
frame,lgw,Year 1, spring 3, Wednesday,29164,21.6
frame,lgw,Year 1, spring 3, Wednesday,29165,21.5
frame,lgw,Year 1, spring 3, Wednesday,29166,21.0
frame,lgw,Year 1, spring 3, Wednesday,29167,0.1
frame,lgw,Year 1, spring 3, Wednesday,29168,20.9
frame,lgw,Year 1, spring 3, Wednesday,29169,21.3
frame,lgw,Year 1, spring 3, Wednesday,29170,22.0
frame,lgw,Year 1, spring 3, Wednesday,29171,0.2
frame,lgw,Year 1, spring 3, Wednesday,29172,21.0
frame,lgw,Year 1, spring 3, Wednesday,29173,22.0
frame,lgw,Year 1, spring 3, Wednesday,29174,22.6
frame,lgw,Year 1, spring 3, Wednesday,29175,0.2
frame,lgw,Year 1, spring 3, Wednesday,29176,21.3
frame,lgw,Year 1, spring 3, Wednesday,29177,21.6
frame,lgw,Year 1, spring 3, Wednesday,29178,20.8
frame,lgw,Year 1, spring 3, Wednesday,29179,21.0
frame,lgw,Year 1, spring 3, Wednesday,29180,0.1
frame,lgw,Year 1, spring 3, Wednesday,29181,20.9
frame,lgw,Year 1, spring 3, Wednesday,29182,21.3
frame,lgw,Year 1, spring 3, Wednesday,29183,22.1
frame,lgw,Year 1, spring 3, Wednesday,29184,21.2
frame,lgw,Year 1, spring 3, Wednesday,29185,0.1
frame,lgw,Year 1, spring 3, Wednesday,29186,20.9
frame,lgw,Year 1, spring 3, Wednesday,29187,20.9
frame,lgw,Year 1, spring 3, Wednesday,29188,25.2
frame,lgw,Year 1, spring 3, Wednesday,29189,0.6
frame,lgw,Year 1, spring 3, Wednesday,29190,23.0
frame,lgw,Year 1, spring 3, Wednesday,29191,22.0
frame,lgw,Year 1, spring 3, Wednesday,29192,0.1
frame,lgw,Year 1, spring 3, Wednesday,29193,20.7
frame,lgw,Year 1, spring 3, Wednesday,29194,21.4
frame,lgw,Year 1, spring 3, Wednesday,29195,21.2
frame,lgw,Year 1, spring 3, Wednesday,29196,21.5
frame,lgw,Year 1, spring 3, Wednesday,29197,0.1
frame,lgw,Year 1, spring 3, Wednesday,29198,20.9
frame,lgw,Year 1, spring 3, Wednesday,29199,21.5
frame,lgw,Year 1, spring 3, Wednesday,29200,22.2
frame,lgw,Year 1, spring 3, Wednesday,29201,0.1
frame,lgw,Year 1, spring 3, Wednesday,29202,21.2
frame,lgw,Year 1, spring 3, Wednesday,29203,21.6
frame,lgw,Year 1, spring 3, Wednesday,29204,21.0
frame,lgw,Year 1, spring 3, Wednesday,29205,21.3
frame,lgw,Year 1, spring 3, Wednesday,29206,0.1
frame,lgw,Year 1, spring 3, Wednesday,29207,21.2
frame,lgw,Year 1, spring 3, Wednesday,29208,21.6
frame,lgw,Year 1, spring 3, Wednesday,29209,20.8
frame,lgw,Year 1, spring 3, Wednesday,29210,24.3
frame,lgw,Year 1, spring 3, Wednesday,29211,0.1
frame,lgw,Year 1, spring 3, Wednesday,29212,21.6
frame,lgw,Year 1, spring 3, Wednesday,29213,21.6
frame,lgw,Year 1, spring 3, Wednesday,29214,0.1
frame,lgw,Year 1, spring 3, Wednesday,29215,20.7
frame,lgw,Year 1, spring 3, Wednesday,29216,21.0
frame,lgw,Year 1, spring 3, Wednesday,29217,21.6
frame,lgw,Year 1, spring 3, Wednesday,29218,21.1
frame,lgw,Year 1, spring 3, Wednesday,29219,0.1
frame,lgw,Year 1, spring 3, Wednesday,29220,20.9
frame,lgw,Year 1, spring 3, Wednesday,29221,20.7
frame,lgw,Year 1, spring 3, Wednesday,29222,21.4
frame,lgw,Year 1, spring 3, Wednesday,29223,21.3
frame,lgw,Year 1, spring 3, Wednesday,29224,0.1
frame,lgw,Year 1, spring 3, Wednesday,29225,21.1
frame,lgw,Year 1, spring 3, Wednesday,29226,21.5
frame,lgw,Year 1, spring 3, Wednesday,29227,21.5
frame,lgw,Year 1, spring 3, Wednesday,29228,21.2
frame,lgw,Year 1, spring 3, Wednesday,29229,0.1
frame,lgw,Year 1, spring 3, Wednesday,29230,21.7
frame,lgw,Year 1, spring 3, Wednesday,29231,21.0
frame,lgw,Year 1, spring 3, Wednesday,29232,22.1
frame,lgw,Year 1, spring 3, Wednesday,29233,0.2
frame,lgw,Year 1, spring 3, Wednesday,29234,22.1
frame,lgw,Year 1, spring 3, Wednesday,29235,21.5
frame,lgw,Year 1, spring 3, Wednesday,29236,21.3
frame,lgw,Year 1, spring 3, Wednesday,29237,0.1
frame,lgw,Year 1, spring 3, Wednesday,29238,21.1
frame,lgw,Year 1, spring 3, Wednesday,29239,21.5
frame,lgw,Year 1, spring 3, Wednesday,29240,22.0
frame,lgw,Year 1, spring 3, Wednesday,29241,21.7
frame,lgw,Year 1, spring 3, Wednesday,29242,0.1
frame,lgw,Year 1, spring 3, Wednesday,29243,21.1
frame,lgw,Year 1, spring 3, Wednesday,29244,20.9
frame,lgw,Year 1, spring 3, Wednesday,29245,21.3
frame,lgw,Year 1, spring 3, Wednesday,29246,0.1
frame,lgw,Year 1, spring 3, Wednesday,29247,22.0
frame,lgw,Year 1, spring 3, Wednesday,29248,21.4
frame,lgw,Year 1, spring 3, Wednesday,29249,21.2
frame,lgw,Year 1, spring 3, Wednesday,29250,20.7
frame,lgw,Year 1, spring 3, Wednesday,29251,0.1
frame,lgw,Year 1, spring 3, Wednesday,29252,21.7
frame,lgw,Year 1, spring 3, Wednesday,29253,21.2
frame,lgw,Year 1, spring 3, Wednesday,29254,21.2
frame,lgw,Year 1, spring 3, Wednesday,29255,0.2
frame,lgw,Year 1, spring 3, Wednesday,29256,21.6
frame,lgw,Year 1, spring 3, Wednesday,29257,21.6
frame,lgw,Year 1, spring 3, Wednesday,29258,22.4
frame,lgw,Year 1, spring 3, Wednesday,29259,20.9
frame,lgw,Year 1, spring 3, Wednesday,29260,0.1
frame,lgw,Year 1, spring 3, Wednesday,29261,21.4
frame,lgw,Year 1, spring 3, Wednesday,29262,21.1
frame,lgw,Year 1, spring 3, Wednesday,29263,21.9
frame,lgw,Year 1, spring 3, Wednesday,29264,0.1
frame,lgw,Year 1, spring 3, Wednesday,29265,21.1
frame,lgw,Year 1, spring 3, Wednesday,29266,20.9
frame,lgw,Year 1, spring 3, Wednesday,29267,21.2
frame,lgw,Year 1, spring 3, Wednesday,29268,20.9
frame,lgw,Year 1, spring 3, Wednesday,29269,0.1
frame,lgw,Year 1, spring 3, Wednesday,29270,21.0
frame,lgw,Year 1, spring 3, Wednesday,29271,21.2
frame,lgw,Year 1, spring 3, Wednesday,29272,21.3
frame,lgw,Year 1, spring 3, Wednesday,29273,22.9
frame,lgw,Year 1, spring 3, Wednesday,29274,0.1
frame,lgw,Year 1, spring 3, Wednesday,29275,20.8
frame,lgw,Year 1, spring 3, Wednesday,29276,20.7
frame,lgw,Year 1, spring 3, Wednesday,29277,21.2
frame,lgw,Year 1, spring 3, Wednesday,29278,0.1
frame,lgw,Year 1, spring 3, Wednesday,29279,21.0
frame,lgw,Year 1, spring 3, Wednesday,29280,21.8
frame,lgw,Year 1, spring 3, Wednesday,29281,21.2
frame,lgw,Year 1, spring 3, Wednesday,29282,20.9
frame,lgw,Year 1, spring 3, Wednesday,29283,0.3
frame,lgw,Year 1, spring 3, Wednesday,29284,21.1
frame,lgw,Year 1, spring 3, Wednesday,29285,21.2
frame,lgw,Year 1, spring 3, Wednesday,29286,21.6
frame,lgw,Year 1, spring 3, Wednesday,29287,0.4
frame,lgw,Year 1, spring 3, Wednesday,29288,26.5
frame,lgw,Year 1, spring 3, Wednesday,29289,22.6
frame,lgw,Year 1, spring 3, Wednesday,29290,0.2
frame,lgw,Year 1, spring 3, Wednesday,29291,21.4
frame,lgw,Year 1, spring 3, Wednesday,29292,21.6
frame,lgw,Year 1, spring 3, Wednesday,29293,22.0
frame,lgw,Year 1, spring 3, Wednesday,29294,21.6
frame,lgw,Year 1, spring 3, Wednesday,29295,0.4
frame,lgw,Year 1, spring 3, Wednesday,29296,21.2
frame,lgw,Year 1, spring 3, Wednesday,29297,21.7
frame,lgw,Year 1, spring 3, Wednesday,29298,21.7
frame,lgw,Year 1, spring 3, Wednesday,29299,0.1
frame,lgw,Year 1, spring 3, Wednesday,29300,21.0
frame,lgw,Year 1, spring 3, Wednesday,29301,21.0
frame,lgw,Year 1, spring 3, Wednesday,29302,21.4
frame,lgw,Year 1, spring 3, Wednesday,29303,21.2
frame,lgw,Year 1, spring 3, Wednesday,29304,0.5
frame,lgw,Year 1, spring 3, Wednesday,29305,21.2
frame,lgw,Year 1, spring 3, Wednesday,29306,21.3
frame,lgw,Year 1, spring 3, Wednesday,29307,20.9
frame,lgw,Year 1, spring 3, Wednesday,29308,0.1
frame,lgw,Year 1, spring 3, Wednesday,29309,20.9
frame,lgw,Year 1, spring 3, Wednesday,29310,20.9
frame,lgw,Year 1, spring 3, Wednesday,29311,21.1
frame,lgw,Year 1, spring 3, Wednesday,29312,21.2
frame,lgw,Year 1, spring 3, Wednesday,29313,0.1
frame,lgw,Year 1, spring 3, Wednesday,29314,21.2
frame,lgw,Year 1, spring 3, Wednesday,29315,21.4
frame,lgw,Year 1, spring 3, Wednesday,29316,21.4
frame,lgw,Year 1, spring 3, Wednesday,29317,22.0
frame,lgw,Year 1, spring 3, Wednesday,29318,0.1
frame,lgw,Year 1, spring 3, Wednesday,29319,20.9
frame,lgw,Year 1, spring 3, Wednesday,29320,21.1
frame,lgw,Year 1, spring 3, Wednesday,29321,21.2
frame,lgw,Year 1, spring 3, Wednesday,29322,0.1
frame,lgw,Year 1, spring 3, Wednesday,29323,21.1
frame,lgw,Year 1, spring 3, Wednesday,29324,21.4
frame,lgw,Year 1, spring 3, Wednesday,29325,21.1
frame,lgw,Year 1, spring 3, Wednesday,29326,21.8
frame,lgw,Year 1, spring 3, Wednesday,29327,0.1
frame,lgw,Year 1, spring 3, Wednesday,29328,22.0
frame,lgw,Year 1, spring 3, Wednesday,29329,21.5
frame,lgw,Year 1, spring 3, Wednesday,29330,21.3
frame,lgw,Year 1, spring 3, Wednesday,29331,0.1
frame,lgw,Year 1, spring 3, Wednesday,29332,21.2
frame,lgw,Year 1, spring 3, Wednesday,29333,21.3
frame,lgw,Year 1, spring 3, Wednesday,29334,21.3
frame,lgw,Year 1, spring 3, Wednesday,29335,21.4
frame,lgw,Year 1, spring 3, Wednesday,29336,0.1
frame,lgw,Year 1, spring 3, Wednesday,29337,21.6
frame,lgw,Year 1, spring 3, Wednesday,29338,21.5
frame,lgw,Year 1, spring 3, Wednesday,29339,21.4
frame,lgw,Year 1, spring 3, Wednesday,29340,0.2
frame,lgw,Year 1, spring 3, Wednesday,29341,21.3
frame,lgw,Year 1, spring 3, Wednesday,29342,21.9
frame,lgw,Year 1, spring 3, Wednesday,29343,21.4
frame,lgw,Year 1, spring 3, Wednesday,29344,21.7
frame,lgw,Year 1, spring 3, Wednesday,29345,0.3
frame,lgw,Year 1, spring 3, Wednesday,29346,21.4
frame,lgw,Year 1, spring 3, Wednesday,29347,21.2
frame,lgw,Year 1, spring 3, Wednesday,29348,21.2
frame,lgw,Year 1, spring 3, Wednesday,29349,0.2
frame,lgw,Year 1, spring 3, Wednesday,29350,21.2
frame,lgw,Year 1, spring 3, Wednesday,29351,21.2
frame,lgw,Year 1, spring 3, Wednesday,29352,21.4
frame,lgw,Year 1, spring 3, Wednesday,29353,21.4
frame,lgw,Year 1, spring 3, Wednesday,29354,0.1
frame,lgw,Year 1, spring 3, Wednesday,29355,21.2
frame,lgw,Year 1, spring 3, Wednesday,29356,21.2
frame,lgw,Year 1, spring 3, Wednesday,29357,21.2
frame,lgw,Year 1, spring 3, Wednesday,29358,0.2
frame,lgw,Year 1, spring 3, Wednesday,29359,21.5
frame,lgw,Year 1, spring 3, Wednesday,29360,21.2
frame,lgw,Year 1, spring 3, Wednesday,29361,21.6
frame,lgw,Year 1, spring 3, Wednesday,29362,22.2
frame,lgw,Year 1, spring 3, Wednesday,29363,0.1
frame,lgw,Year 1, spring 3, Wednesday,29364,21.4
frame,lgw,Year 1, spring 3, Wednesday,29365,21.2
frame,lgw,Year 1, spring 3, Wednesday,29366,21.8
frame,lgw,Year 1, spring 3, Wednesday,29367,0.1
frame,lgw,Year 1, spring 3, Wednesday,29368,21.5
frame,lgw,Year 1, spring 3, Wednesday,29369,21.6
frame,lgw,Year 1, spring 3, Wednesday,29370,20.9
frame,lgw,Year 1, spring 3, Wednesday,29371,21.3
frame,lgw,Year 1, spring 3, Wednesday,29372,0.1
frame,lgw,Year 1, spring 3, Wednesday,29373,21.2
frame,lgw,Year 1, spring 3, Wednesday,29374,21.3
frame,lgw,Year 1, spring 3, Wednesday,29375,21.0
frame,lgw,Year 1, spring 3, Wednesday,29376,0.2
frame,lgw,Year 1, spring 3, Wednesday,29377,21.6
frame,lgw,Year 1, spring 3, Wednesday,29378,21.7
frame,lgw,Year 1, spring 3, Wednesday,29379,21.6
frame,lgw,Year 1, spring 3, Wednesday,29380,21.2
frame,lgw,Year 1, spring 3, Wednesday,29381,0.1
frame,lgw,Year 1, spring 3, Wednesday,29382,21.7
frame,lgw,Year 1, spring 3, Wednesday,29383,21.7
frame,lgw,Year 1, spring 3, Wednesday,29384,21.8
frame,lgw,Year 1, spring 3, Wednesday,29385,0.1
frame,lgw,Year 1, spring 3, Wednesday,29386,20.8
frame,lgw,Year 1, spring 3, Wednesday,29387,21.6
frame,lgw,Year 1, spring 3, Wednesday,29388,20.9
frame,lgw,Year 1, spring 3, Wednesday,29389,22.3
frame,lgw,Year 1, spring 3, Wednesday,29390,0.2
frame,lgw,Year 1, spring 3, Wednesday,29391,21.1
frame,lgw,Year 1, spring 3, Wednesday,29392,21.3
frame,lgw,Year 1, spring 3, Wednesday,29393,21.1
frame,lgw,Year 1, spring 3, Wednesday,29394,0.1
frame,lgw,Year 1, spring 3, Wednesday,29395,21.6
frame,lgw,Year 1, spring 3, Wednesday,29396,21.0
frame,lgw,Year 1, spring 3, Wednesday,29397,20.8
frame,lgw,Year 1, spring 3, Wednesday,29398,21.8
frame,lgw,Year 1, spring 3, Wednesday,29399,0.1
frame,lgw,Year 1, spring 3, Wednesday,29400,22.0
frame,lgw,Year 1, spring 3, Wednesday,29401,20.8
frame,lgw,Year 1, spring 3, Wednesday,29402,21.0
frame,lgw,Year 1, spring 3, Wednesday,29403,0.2
frame,lgw,Year 1, spring 3, Wednesday,29404,21.4
frame,lgw,Year 1, spring 3, Wednesday,29405,21.5
frame,lgw,Year 1, spring 3, Wednesday,29406,22.1
frame,lgw,Year 1, spring 3, Wednesday,29407,21.5
frame,lgw,Year 1, spring 3, Wednesday,29408,0.1
frame,lgw,Year 1, spring 3, Wednesday,29409,21.0
frame,lgw,Year 1, spring 3, Wednesday,29410,21.1
frame,lgw,Year 1, spring 3, Wednesday,29411,21.9
frame,lgw,Year 1, spring 3, Wednesday,29412,0.1
frame,lgw,Year 1, spring 3, Wednesday,29413,21.9
frame,lgw,Year 1, spring 3, Wednesday,29414,21.2
frame,lgw,Year 1, spring 3, Wednesday,29415,21.9
frame,lgw,Year 1, spring 3, Wednesday,29416,0.1
frame,lgw,Year 1, spring 3, Wednesday,29417,21.3
frame,lgw,Year 1, spring 3, Wednesday,29418,20.9
frame,lgw,Year 1, spring 3, Wednesday,29419,20.7
frame,lgw,Year 1, spring 3, Wednesday,29420,21.2
frame,lgw,Year 1, spring 3, Wednesday,29421,0.2
frame,lgw,Year 1, spring 3, Wednesday,29422,21.0
frame,lgw,Year 1, spring 3, Wednesday,29423,21.0
frame,lgw,Year 1, spring 3, Wednesday,29424,21.1
frame,lgw,Year 1, spring 3, Wednesday,29425,21.4
frame,lgw,Year 1, spring 3, Wednesday,29426,0.2
frame,lgw,Year 1, spring 3, Wednesday,29427,21.0
frame,lgw,Year 1, spring 3, Wednesday,29428,21.2
frame,lgw,Year 1, spring 3, Wednesday,29429,21.2
frame,lgw,Year 1, spring 3, Wednesday,29430,20.7
frame,lgw,Year 1, spring 3, Wednesday,29431,0.1
frame,lgw,Year 1, spring 3, Wednesday,29432,21.7
frame,lgw,Year 1, spring 3, Wednesday,29433,21.4
frame,lgw,Year 1, spring 3, Wednesday,29434,20.9
frame,lgw,Year 1, spring 3, Wednesday,29435,0.2
frame,lgw,Year 1, spring 3, Wednesday,29436,21.0
frame,lgw,Year 1, spring 3, Wednesday,29437,21.4
frame,lgw,Year 1, spring 3, Wednesday,29438,22.0
frame,lgw,Year 1, spring 3, Wednesday,29439,21.6
frame,lgw,Year 1, spring 3, Wednesday,29440,0.1
frame,lgw,Year 1, spring 3, Wednesday,29441,20.7
frame,lgw,Year 1, spring 3, Wednesday,29442,21.5
frame,lgw,Year 1, spring 3, Wednesday,29443,21.3
frame,lgw,Year 1, spring 3, Wednesday,29444,0.2
frame,lgw,Year 1, spring 3, Wednesday,29445,21.2
frame,lgw,Year 1, spring 3, Wednesday,29446,20.9
frame,lgw,Year 1, spring 3, Wednesday,29447,21.3
frame,lgw,Year 1, spring 3, Wednesday,29448,21.0
frame,lgw,Year 1, spring 3, Wednesday,29449,0.1
frame,lgw,Year 1, spring 3, Wednesday,29450,21.5
frame,lgw,Year 1, spring 3, Wednesday,29451,20.9
frame,lgw,Year 1, spring 3, Wednesday,29452,21.1
frame,lgw,Year 1, spring 3, Wednesday,29453,21.4
frame,lgw,Year 1, spring 3, Wednesday,29454,0.4
frame,lgw,Year 1, spring 3, Wednesday,29455,21.3
frame,lgw,Year 1, spring 3, Wednesday,29456,21.4
frame,lgw,Year 1, spring 3, Wednesday,29457,21.2
frame,lgw,Year 1, spring 3, Wednesday,29458,0.1
frame,lgw,Year 1, spring 3, Wednesday,29459,20.7
frame,lgw,Year 1, spring 3, Wednesday,29460,21.4
frame,lgw,Year 1, spring 3, Wednesday,29461,21.6
frame,lgw,Year 1, spring 3, Wednesday,29462,21.8
frame,lgw,Year 1, spring 3, Wednesday,29463,0.2
frame,lgw,Year 1, spring 3, Wednesday,29464,21.4
frame,lgw,Year 1, spring 3, Wednesday,29465,21.1
frame,lgw,Year 1, spring 3, Wednesday,29466,21.4
frame,lgw,Year 1, spring 3, Wednesday,29467,0.2
frame,lgw,Year 1, spring 3, Wednesday,29468,21.7
frame,lgw,Year 1, spring 3, Wednesday,29469,21.5
frame,lgw,Year 1, spring 3, Wednesday,29470,21.7
frame,lgw,Year 1, spring 3, Wednesday,29471,21.0
frame,lgw,Year 1, spring 3, Wednesday,29472,0.2
frame,lgw,Year 1, spring 3, Wednesday,29473,21.7
frame,lgw,Year 1, spring 3, Wednesday,29474,21.4
frame,lgw,Year 1, spring 3, Wednesday,29475,21.5
frame,lgw,Year 1, spring 3, Wednesday,29476,0.2
frame,lgw,Year 1, spring 3, Wednesday,29477,21.2
frame,lgw,Year 1, spring 3, Wednesday,29478,21.1
frame,lgw,Year 1, spring 3, Wednesday,29479,22.1
frame,lgw,Year 1, spring 3, Wednesday,29480,21.1
frame,lgw,Year 1, spring 3, Wednesday,29481,0.1
frame,lgw,Year 1, spring 3, Wednesday,29482,20.8
frame,lgw,Year 1, spring 3, Wednesday,29483,21.7
frame,lgw,Year 1, spring 3, Wednesday,29484,21.2
frame,lgw,Year 1, spring 3, Wednesday,29485,0.1
frame,lgw,Year 1, spring 3, Wednesday,29486,21.4
frame,lgw,Year 1, spring 3, Wednesday,29487,21.1
frame,lgw,Year 1, spring 3, Wednesday,29488,21.1
frame,lgw,Year 1, spring 3, Wednesday,29489,21.2
frame,lgw,Year 1, spring 3, Wednesday,29490,0.2
frame,lgw,Year 1, spring 3, Wednesday,29491,21.3
frame,lgw,Year 1, spring 3, Wednesday,29492,21.5
frame,lgw,Year 1, spring 3, Wednesday,29493,21.1
frame,lgw,Year 1, spring 3, Wednesday,29494,0.1
frame,lgw,Year 1, spring 3, Wednesday,29495,21.4
frame,lgw,Year 1, spring 3, Wednesday,29496,21.3
frame,lgw,Year 1, spring 3, Wednesday,29497,22.0
frame,lgw,Year 1, spring 3, Wednesday,29498,21.0
frame,lgw,Year 1, spring 3, Wednesday,29499,0.1
frame,lgw,Year 1, spring 3, Wednesday,29500,21.4
frame,lgw,Year 1, spring 3, Wednesday,29501,20.8
frame,lgw,Year 1, spring 3, Wednesday,29502,21.7
frame,lgw,Year 1, spring 3, Wednesday,29503,0.1
frame,lgw,Year 1, spring 3, Wednesday,29504,21.2
frame,lgw,Year 1, spring 3, Wednesday,29505,21.4
frame,lgw,Year 1, spring 3, Wednesday,29506,20.9
frame,lgw,Year 1, spring 3, Wednesday,29507,20.9
frame,lgw,Year 1, spring 3, Wednesday,29508,0.2
frame,lgw,Year 1, spring 3, Wednesday,29509,21.1
frame,lgw,Year 1, spring 3, Wednesday,29510,21.4
frame,lgw,Year 1, spring 3, Wednesday,29511,21.4
frame,lgw,Year 1, spring 3, Wednesday,29512,21.6
frame,lgw,Year 1, spring 3, Wednesday,29513,0.1
frame,lgw,Year 1, spring 3, Wednesday,29514,20.8
frame,lgw,Year 1, spring 3, Wednesday,29515,21.0
frame,lgw,Year 1, spring 3, Wednesday,29516,21.8
frame,lgw,Year 1, spring 3, Wednesday,29517,0.1
frame,lgw,Year 1, spring 3, Wednesday,29518,20.9
frame,lgw,Year 1, spring 3, Wednesday,29519,21.1
frame,lgw,Year 1, spring 3, Wednesday,29520,21.6
frame,lgw,Year 1, spring 3, Wednesday,29521,22.1
frame,lgw,Year 1, spring 3, Wednesday,29522,0.3
frame,lgw,Year 1, spring 3, Wednesday,29523,21.2
frame,lgw,Year 1, spring 3, Wednesday,29524,21.7
frame,lgw,Year 1, spring 3, Wednesday,29525,21.5
frame,lgw,Year 1, spring 3, Wednesday,29526,0.2
frame,lgw,Year 1, spring 3, Wednesday,29527,21.2
frame,lgw,Year 1, spring 3, Wednesday,29528,21.1
frame,lgw,Year 1, spring 3, Wednesday,29529,21.3
frame,lgw,Year 1, spring 3, Wednesday,29530,21.4
frame,lgw,Year 1, spring 3, Wednesday,29531,0.1
frame,lgw,Year 1, spring 3, Wednesday,29532,20.9
frame,lgw,Year 1, spring 3, Wednesday,29533,21.2
frame,lgw,Year 1, spring 3, Wednesday,29534,21.9
frame,lgw,Year 1, spring 3, Wednesday,29535,0.1
frame,lgw,Year 1, spring 3, Wednesday,29536,20.7
frame,lgw,Year 1, spring 3, Wednesday,29537,21.1
frame,lgw,Year 1, spring 3, Wednesday,29538,21.0
frame,lgw,Year 1, spring 3, Wednesday,29539,21.1
frame,lgw,Year 1, spring 3, Wednesday,29540,0.1
frame,lgw,Year 1, spring 3, Wednesday,29541,21.1
frame,lgw,Year 1, spring 3, Wednesday,29542,21.7
frame,lgw,Year 1, spring 3, Wednesday,29543,22.5
frame,lgw,Year 1, spring 3, Wednesday,29544,21.1
frame,lgw,Year 1, spring 3, Wednesday,29545,0.1
frame,lgw,Year 1, spring 3, Wednesday,29546,21.2
frame,lgw,Year 1, spring 3, Wednesday,29547,21.2
frame,lgw,Year 1, spring 3, Wednesday,29548,21.1
frame,lgw,Year 1, spring 3, Wednesday,29549,0.1
frame,lgw,Year 1, spring 3, Wednesday,29550,21.7
frame,lgw,Year 1, spring 3, Wednesday,29551,21.0
frame,lgw,Year 1, spring 3, Wednesday,29552,21.2
frame,lgw,Year 1, spring 3, Wednesday,29553,22.0
frame,lgw,Year 1, spring 3, Wednesday,29554,0.1
frame,lgw,Year 1, spring 3, Wednesday,29555,21.1
frame,lgw,Year 1, spring 3, Wednesday,29556,21.1
frame,lgw,Year 1, spring 3, Wednesday,29557,21.0
frame,lgw,Year 1, spring 3, Wednesday,29558,0.1
frame,lgw,Year 1, spring 3, Wednesday,29559,20.7
frame,lgw,Year 1, spring 3, Wednesday,29560,21.2
frame,lgw,Year 1, spring 3, Wednesday,29561,21.2
frame,lgw,Year 1, spring 3, Wednesday,29562,21.5
frame,lgw,Year 1, spring 3, Wednesday,29563,0.3
frame,lgw,Year 1, spring 3, Wednesday,29564,21.5
frame,lgw,Year 1, spring 3, Wednesday,29565,23.8
frame,lgw,Year 1, spring 3, Wednesday,29566,21.5
frame,lgw,Year 1, spring 3, Wednesday,29567,0.1
frame,lgw,Year 1, spring 3, Wednesday,29568,21.9
frame,lgw,Year 1, spring 3, Wednesday,29569,21.5
frame,lgw,Year 1, spring 3, Wednesday,29570,21.0
frame,lgw,Year 1, spring 3, Wednesday,29571,0.1
frame,lgw,Year 1, spring 3, Wednesday,29572,21.8
frame,lgw,Year 1, spring 3, Wednesday,29573,20.9
frame,lgw,Year 1, spring 3, Wednesday,29574,21.0
frame,lgw,Year 1, spring 3, Wednesday,29575,21.0
frame,lgw,Year 1, spring 3, Wednesday,29576,0.1
frame,lgw,Year 1, spring 3, Wednesday,29577,21.6
frame,lgw,Year 1, spring 3, Wednesday,29578,22.5
frame,lgw,Year 1, spring 3, Wednesday,29579,21.2
frame,lgw,Year 1, spring 3, Wednesday,29580,0.1
frame,lgw,Year 1, spring 3, Wednesday,29581,21.3
frame,lgw,Year 1, spring 3, Wednesday,29582,21.4
frame,lgw,Year 1, spring 3, Wednesday,29583,21.0
frame,lgw,Year 1, spring 3, Wednesday,29584,21.3
frame,lgw,Year 1, spring 3, Wednesday,29585,0.2
frame,lgw,Year 1, spring 3, Wednesday,29586,21.5
frame,lgw,Year 1, spring 3, Wednesday,29587,21.1
frame,lgw,Year 1, spring 3, Wednesday,29588,21.4
frame,lgw,Year 1, spring 3, Wednesday,29589,21.1
frame,lgw,Year 1, spring 3, Wednesday,29590,0.1
frame,lgw,Year 1, spring 3, Wednesday,29591,21.6
frame,lgw,Year 1, spring 3, Wednesday,29592,22.4
frame,lgw,Year 1, spring 3, Wednesday,29593,21.3
frame,lgw,Year 1, spring 3, Wednesday,29594,0.1
frame,lgw,Year 1, spring 3, Wednesday,29595,20.9
frame,lgw,Year 1, spring 3, Wednesday,29596,20.8
frame,lgw,Year 1, spring 3, Wednesday,29597,20.8
frame,lgw,Year 1, spring 3, Wednesday,29598,20.9
frame,lgw,Year 1, spring 3, Wednesday,29599,0.4
frame,lgw,Year 1, spring 3, Wednesday,29600,22.1
frame,lgw,Year 1, spring 3, Wednesday,29601,21.4
frame,lgw,Year 1, spring 3, Wednesday,29602,21.3
frame,lgw,Year 1, spring 3, Wednesday,29603,0.1
frame,lgw,Year 1, spring 3, Wednesday,29604,21.2
frame,lgw,Year 1, spring 3, Wednesday,29605,21.1
frame,lgw,Year 1, spring 3, Wednesday,29606,22.8
frame,lgw,Year 1, spring 3, Wednesday,29607,0.1
frame,lgw,Year 1, spring 3, Wednesday,29608,20.9
frame,lgw,Year 1, spring 3, Wednesday,29609,21.1
frame,lgw,Year 1, spring 3, Wednesday,29610,21.0
frame,lgw,Year 1, spring 3, Wednesday,29611,21.0
frame,lgw,Year 1, spring 3, Wednesday,29612,0.1
frame,lgw,Year 1, spring 3, Wednesday,29613,20.8
frame,lgw,Year 1, spring 3, Wednesday,29614,21.1
frame,lgw,Year 1, spring 3, Wednesday,29615,21.0
frame,lgw,Year 1, spring 3, Wednesday,29616,21.0
frame,lgw,Year 1, spring 3, Wednesday,29617,0.1
frame,lgw,Year 1, spring 3, Wednesday,29618,20.8
frame,lgw,Year 1, spring 3, Wednesday,29619,21.3
frame,lgw,Year 1, spring 3, Wednesday,29620,22.1
frame,lgw,Year 1, spring 3, Wednesday,29621,21.6
frame,lgw,Year 1, spring 3, Wednesday,29622,0.1
frame,lgw,Year 1, spring 3, Wednesday,29623,21.4
frame,lgw,Year 1, spring 3, Wednesday,29624,21.0
frame,lgw,Year 1, spring 3, Wednesday,29625,21.2
frame,lgw,Year 1, spring 3, Wednesday,29626,0.1
frame,lgw,Year 1, spring 3, Wednesday,29627,22.0
frame,lgw,Year 1, spring 3, Wednesday,29628,21.8
frame,lgw,Year 1, spring 3, Wednesday,29629,21.4
frame,lgw,Year 1, spring 3, Wednesday,29630,21.3
frame,lgw,Year 1, spring 3, Wednesday,29631,0.2
frame,lgw,Year 1, spring 3, Wednesday,29632,21.1
frame,lgw,Year 1, spring 3, Wednesday,29633,21.6
frame,lgw,Year 1, spring 3, Wednesday,29634,21.3
frame,lgw,Year 1, spring 3, Wednesday,29635,0.1
frame,lgw,Year 1, spring 3, Wednesday,29636,21.4
frame,lgw,Year 1, spring 3, Wednesday,29637,21.5
frame,lgw,Year 1, spring 3, Wednesday,29638,21.7
frame,lgw,Year 1, spring 3, Wednesday,29639,0.3
frame,lgw,Year 1, spring 3, Wednesday,29640,21.5
frame,lgw,Year 1, spring 3, Wednesday,29641,21.6
frame,lgw,Year 1, spring 3, Wednesday,29642,21.3
frame,lgw,Year 1, spring 3, Wednesday,29643,21.2
frame,lgw,Year 1, spring 3, Wednesday,29644,0.1
frame,lgw,Year 1, spring 3, Wednesday,29645,21.2
frame,lgw,Year 1, spring 3, Wednesday,29646,21.4
frame,lgw,Year 1, spring 3, Wednesday,29647,21.8
frame,lgw,Year 1, spring 3, Wednesday,29648,0.2
frame,lgw,Year 1, spring 3, Wednesday,29649,21.5
frame,lgw,Year 1, spring 3, Wednesday,29650,21.5
frame,lgw,Year 1, spring 3, Wednesday,29651,20.8
frame,lgw,Year 1, spring 3, Wednesday,29652,21.4
frame,lgw,Year 1, spring 3, Wednesday,29653,0.1
frame,lgw,Year 1, spring 3, Wednesday,29654,21.3
frame,lgw,Year 1, spring 3, Wednesday,29655,23.0
frame,lgw,Year 1, spring 3, Wednesday,29656,21.8
frame,lgw,Year 1, spring 3, Wednesday,29657,0.4
frame,lgw,Year 1, spring 3, Wednesday,29658,22.2
frame,lgw,Year 1, spring 3, Wednesday,29659,21.3
frame,lgw,Year 1, spring 3, Wednesday,29660,21.3
frame,lgw,Year 1, spring 3, Wednesday,29661,0.3
frame,lgw,Year 1, spring 3, Wednesday,29662,21.5
frame,lgw,Year 1, spring 3, Wednesday,29663,20.9
frame,lgw,Year 1, spring 3, Wednesday,29664,21.1
frame,lgw,Year 1, spring 3, Wednesday,29665,20.8
frame,lgw,Year 1, spring 3, Wednesday,29666,0.2
frame,lgw,Year 1, spring 3, Wednesday,29667,21.5
frame,lgw,Year 1, spring 3, Wednesday,29668,21.9
frame,lgw,Year 1, spring 3, Wednesday,29669,21.4
frame,lgw,Year 1, spring 3, Wednesday,29670,0.1
frame,lgw,Year 1, spring 3, Wednesday,29671,21.2
frame,lgw,Year 1, spring 3, Wednesday,29672,20.9
frame,lgw,Year 1, spring 3, Wednesday,29673,21.2
frame,lgw,Year 1, spring 3, Wednesday,29674,21.0
frame,lgw,Year 1, spring 3, Wednesday,29675,0.1
frame,lgw,Year 1, spring 3, Wednesday,29676,20.8
frame,lgw,Year 1, spring 3, Wednesday,29677,21.6
frame,lgw,Year 1, spring 3, Wednesday,29678,21.9
frame,lgw,Year 1, spring 3, Wednesday,29679,21.0
frame,lgw,Year 1, spring 3, Wednesday,29680,0.2
frame,lgw,Year 1, spring 3, Wednesday,29681,21.4
frame,lgw,Year 1, spring 3, Wednesday,29682,22.0
frame,lgw,Year 1, spring 3, Wednesday,29683,20.9
frame,lgw,Year 1, spring 3, Wednesday,29684,0.7
frame,lgw,Year 1, spring 3, Wednesday,29685,22.1
frame,lgw,Year 1, spring 3, Wednesday,29686,21.0
frame,lgw,Year 1, spring 3, Wednesday,29687,21.2
frame,lgw,Year 1, spring 3, Wednesday,29688,22.6
frame,lgw,Year 1, spring 3, Wednesday,29689,0.1
frame,lgw,Year 1, spring 3, Wednesday,29690,20.8
frame,lgw,Year 1, spring 3, Wednesday,29691,21.5
frame,lgw,Year 1, spring 3, Wednesday,29692,21.6
frame,lgw,Year 1, spring 3, Wednesday,29693,0.1
frame,lgw,Year 1, spring 3, Wednesday,29694,20.9
frame,lgw,Year 1, spring 3, Wednesday,29695,22.8
frame,lgw,Year 1, spring 3, Wednesday,29696,21.5
frame,lgw,Year 1, spring 3, Wednesday,29697,0.1
frame,lgw,Year 1, spring 3, Wednesday,29698,21.1
frame,lgw,Year 1, spring 3, Wednesday,29699,21.5
frame,lgw,Year 1, spring 3, Wednesday,29700,20.9
frame,lgw,Year 1, spring 3, Wednesday,29701,21.8
frame,lgw,Year 1, spring 3, Wednesday,29702,0.2
frame,lgw,Year 1, spring 3, Wednesday,29703,21.9
frame,lgw,Year 1, spring 3, Wednesday,29704,21.1
frame,lgw,Year 1, spring 3, Wednesday,29705,22.1
frame,lgw,Year 1, spring 3, Wednesday,29706,0.1
frame,lgw,Year 1, spring 3, Wednesday,29707,21.3
frame,lgw,Year 1, spring 3, Wednesday,29708,21.1
frame,lgw,Year 1, spring 3, Wednesday,29709,22.5
frame,lgw,Year 1, spring 3, Wednesday,29710,0.1
frame,lgw,Year 1, spring 3, Wednesday,29711,21.1
frame,lgw,Year 1, spring 3, Wednesday,29712,20.8
frame,lgw,Year 1, spring 3, Wednesday,29713,21.3
frame,lgw,Year 1, spring 3, Wednesday,29714,21.8
frame,lgw,Year 1, spring 3, Wednesday,29715,0.1
frame,lgw,Year 1, spring 3, Wednesday,29716,22.2
frame,lgw,Year 1, spring 3, Wednesday,29717,21.4
frame,lgw,Year 1, spring 3, Wednesday,29718,20.9
frame,lgw,Year 1, spring 3, Wednesday,29719,0.1
frame,lgw,Year 1, spring 3, Wednesday,29720,21.1
frame,lgw,Year 1, spring 3, Wednesday,29721,21.3
frame,lgw,Year 1, spring 3, Wednesday,29722,20.9
frame,lgw,Year 1, spring 3, Wednesday,29723,21.2
frame,lgw,Year 1, spring 3, Wednesday,29724,0.1
frame,lgw,Year 1, spring 3, Wednesday,29725,21.8
frame,lgw,Year 1, spring 3, Wednesday,29726,20.7
frame,lgw,Year 1, spring 3, Wednesday,29727,21.3
frame,lgw,Year 1, spring 3, Wednesday,29728,21.1
frame,lgw,Year 1, spring 3, Wednesday,29729,0.1
frame,lgw,Year 1, spring 3, Wednesday,29730,20.9
frame,lgw,Year 1, spring 3, Wednesday,29731,21.1
frame,lgw,Year 1, spring 3, Wednesday,29732,21.6
frame,lgw,Year 1, spring 3, Wednesday,29733,0.2
frame,lgw,Year 1, spring 3, Wednesday,29734,21.5
frame,lgw,Year 1, spring 3, Wednesday,29735,21.4
frame,lgw,Year 1, spring 3, Wednesday,29736,21.5
frame,lgw,Year 1, spring 3, Wednesday,29737,21.3
frame,lgw,Year 1, spring 3, Wednesday,29738,0.1
frame,lgw,Year 1, spring 3, Wednesday,29739,20.8
frame,lgw,Year 1, spring 3, Wednesday,29740,21.2
frame,lgw,Year 1, spring 3, Wednesday,29741,21.6
frame,lgw,Year 1, spring 3, Wednesday,29742,0.1
frame,lgw,Year 1, spring 3, Wednesday,29743,20.9
frame,lgw,Year 1, spring 3, Wednesday,29744,21.2
frame,lgw,Year 1, spring 3, Wednesday,29745,20.7
frame,lgw,Year 1, spring 3, Wednesday,29746,20.8
frame,lgw,Year 1, spring 3, Wednesday,29747,0.1
frame,lgw,Year 1, spring 3, Wednesday,29748,20.9
frame,lgw,Year 1, spring 3, Wednesday,29749,22.7
frame,lgw,Year 1, spring 3, Wednesday,29750,21.2
frame,lgw,Year 1, spring 3, Wednesday,29751,21.8
frame,lgw,Year 1, spring 3, Wednesday,29752,0.1
frame,lgw,Year 1, spring 3, Wednesday,29753,21.3
frame,lgw,Year 1, spring 3, Wednesday,29754,20.9
frame,lgw,Year 1, spring 3, Wednesday,29755,20.9
frame,lgw,Year 1, spring 3, Wednesday,29756,0.1
frame,lgw,Year 1, spring 3, Wednesday,29757,21.2
frame,lgw,Year 1, spring 3, Wednesday,29758,21.6
frame,lgw,Year 1, spring 3, Wednesday,29759,20.9
frame,lgw,Year 1, spring 3, Wednesday,29760,22.9
frame,lgw,Year 1, spring 3, Wednesday,29761,1.5
frame,lgw,Year 1, spring 3, Wednesday,29762,24.2
frame,lgw,Year 1, spring 3, Wednesday,29763,21.7
frame,lgw,Year 1, spring 3, Wednesday,29764,0.2
frame,lgw,Year 1, spring 3, Wednesday,29765,21.4
frame,lgw,Year 1, spring 3, Wednesday,29766,21.2
frame,lgw,Year 1, spring 3, Wednesday,29767,21.1
frame,lgw,Year 1, spring 3, Wednesday,29768,20.8
frame,lgw,Year 1, spring 3, Wednesday,29769,0.1
frame,lgw,Year 1, spring 3, Wednesday,29770,20.8
frame,lgw,Year 1, spring 3, Wednesday,29771,21.3
frame,lgw,Year 1, spring 3, Wednesday,29772,21.4
frame,lgw,Year 1, spring 3, Wednesday,29773,20.9
frame,lgw,Year 1, spring 3, Wednesday,29774,0.1
frame,lgw,Year 1, spring 3, Wednesday,29775,22.0
frame,lgw,Year 1, spring 3, Wednesday,29776,21.7
frame,lgw,Year 1, spring 3, Wednesday,29777,21.6
frame,lgw,Year 1, spring 3, Wednesday,29778,0.2
frame,lgw,Year 1, spring 3, Wednesday,29779,21.7
frame,lgw,Year 1, spring 3, Wednesday,29780,20.8
frame,lgw,Year 1, spring 3, Wednesday,29781,21.5
frame,lgw,Year 1, spring 3, Wednesday,29782,0.2
frame,lgw,Year 1, spring 3, Wednesday,29783,21.8
frame,lgw,Year 1, spring 3, Wednesday,29784,21.2
frame,lgw,Year 1, spring 3, Wednesday,29785,21.4
frame,lgw,Year 1, spring 3, Wednesday,29786,21.2
frame,lgw,Year 1, spring 3, Wednesday,29787,0.1
frame,lgw,Year 1, spring 3, Wednesday,29788,21.1
frame,lgw,Year 1, spring 3, Wednesday,29789,21.4
frame,lgw,Year 1, spring 3, Wednesday,29790,21.3
frame,lgw,Year 1, spring 3, Wednesday,29791,20.8
frame,lgw,Year 1, spring 3, Wednesday,29792,0.2
frame,lgw,Year 1, spring 3, Wednesday,29793,20.9
frame,lgw,Year 1, spring 3, Wednesday,29794,21.2
frame,lgw,Year 1, spring 3, Wednesday,29795,21.4
frame,lgw,Year 1, spring 3, Wednesday,29796,0.1
frame,lgw,Year 1, spring 3, Wednesday,29797,22.5
frame,lgw,Year 1, spring 3, Wednesday,29798,21.9
frame,lgw,Year 1, spring 3, Wednesday,29799,22.1
frame,lgw,Year 1, spring 3, Wednesday,29800,0.1
frame,lgw,Year 1, spring 3, Wednesday,29801,20.9
frame,lgw,Year 1, spring 3, Wednesday,29802,21.2
frame,lgw,Year 1, spring 3, Wednesday,29803,21.6
frame,lgw,Year 1, spring 3, Wednesday,29804,21.6
frame,lgw,Year 1, spring 3, Wednesday,29805,0.1
frame,lgw,Year 1, spring 3, Wednesday,29806,21.7
frame,lgw,Year 1, spring 3, Wednesday,29807,21.5
frame,lgw,Year 1, spring 3, Wednesday,29808,21.9
frame,lgw,Year 1, spring 3, Wednesday,29809,0.1
frame,lgw,Year 1, spring 3, Wednesday,29810,21.3
frame,lgw,Year 1, spring 3, Wednesday,29811,21.2
frame,lgw,Year 1, spring 3, Wednesday,29812,21.8
frame,lgw,Year 1, spring 3, Wednesday,29813,21.1
frame,lgw,Year 1, spring 3, Wednesday,29814,0.1
frame,lgw,Year 1, spring 3, Wednesday,29815,21.3
frame,lgw,Year 1, spring 3, Wednesday,29816,21.0
frame,lgw,Year 1, spring 3, Wednesday,29817,21.8
frame,lgw,Year 1, spring 3, Wednesday,29818,0.2
frame,lgw,Year 1, spring 3, Wednesday,29819,22.0
frame,lgw,Year 1, spring 3, Wednesday,29820,22.0
frame,lgw,Year 1, spring 3, Wednesday,29821,21.1
frame,lgw,Year 1, spring 3, Wednesday,29822,21.4
frame,lgw,Year 1, spring 3, Wednesday,29823,0.2
frame,lgw,Year 1, spring 3, Wednesday,29824,21.1
frame,lgw,Year 1, spring 3, Wednesday,29825,21.3
frame,lgw,Year 1, spring 3, Wednesday,29826,21.2
frame,lgw,Year 1, spring 3, Wednesday,29827,0.1
frame,lgw,Year 1, spring 3, Wednesday,29828,21.0
frame,lgw,Year 1, spring 3, Wednesday,29829,20.9
frame,lgw,Year 1, spring 3, Wednesday,29830,21.2
frame,lgw,Year 1, spring 3, Wednesday,29831,21.1
frame,lgw,Year 1, spring 3, Wednesday,29832,0.1
frame,lgw,Year 1, spring 3, Wednesday,29833,20.9
frame,lgw,Year 1, spring 3, Wednesday,29834,21.6
frame,lgw,Year 1, spring 3, Wednesday,29835,21.1
frame,lgw,Year 1, spring 3, Wednesday,29836,21.0
frame,lgw,Year 1, spring 3, Wednesday,29837,0.2
frame,lgw,Year 1, spring 3, Wednesday,29838,21.3
frame,lgw,Year 1, spring 3, Wednesday,29839,21.5
frame,lgw,Year 1, spring 3, Wednesday,29840,21.4
frame,lgw,Year 1, spring 3, Wednesday,29841,0.1
frame,lgw,Year 1, spring 3, Wednesday,29842,22.2
frame,lgw,Year 1, spring 3, Wednesday,29843,21.2
frame,lgw,Year 1, spring 3, Wednesday,29844,21.5
frame,lgw,Year 1, spring 3, Wednesday,29845,20.9
frame,lgw,Year 1, spring 3, Wednesday,29846,0.1
frame,lgw,Year 1, spring 3, Wednesday,29847,22.0
frame,lgw,Year 1, spring 3, Wednesday,29848,21.3
frame,lgw,Year 1, spring 3, Wednesday,29849,21.9
frame,lgw,Year 1, spring 3, Wednesday,29850,0.3
frame,lgw,Year 1, spring 3, Wednesday,29851,21.5
frame,lgw,Year 1, spring 3, Wednesday,29852,21.1
frame,lgw,Year 1, spring 3, Wednesday,29853,20.8
frame,lgw,Year 1, spring 3, Wednesday,29854,21.6
frame,lgw,Year 1, spring 3, Wednesday,29855,0.1
frame,lgw,Year 1, spring 3, Wednesday,29856,21.1
frame,lgw,Year 1, spring 3, Wednesday,29857,20.8
frame,lgw,Year 1, spring 3, Wednesday,29858,21.6
frame,lgw,Year 1, spring 3, Wednesday,29859,0.1
frame,lgw,Year 1, spring 3, Wednesday,29860,22.1
frame,lgw,Year 1, spring 3, Wednesday,29861,21.3
frame,lgw,Year 1, spring 3, Wednesday,29862,21.1
frame,lgw,Year 1, spring 3, Wednesday,29863,21.2
frame,lgw,Year 1, spring 3, Wednesday,29864,0.1
frame,lgw,Year 1, spring 3, Wednesday,29865,21.6
frame,lgw,Year 1, spring 3, Wednesday,29866,20.9
frame,lgw,Year 1, spring 3, Wednesday,29867,20.9
frame,lgw,Year 1, spring 3, Wednesday,29868,0.1
frame,lgw,Year 1, spring 3, Wednesday,29869,23.3
frame,lgw,Year 1, spring 3, Wednesday,29870,21.4
frame,lgw,Year 1, spring 3, Wednesday,29871,21.2
frame,lgw,Year 1, spring 3, Wednesday,29872,0.2
frame,lgw,Year 1, spring 3, Wednesday,29873,21.2
frame,lgw,Year 1, spring 3, Wednesday,29874,21.3
frame,lgw,Year 1, spring 3, Wednesday,29875,22.3
frame,lgw,Year 1, spring 3, Wednesday,29876,21.5
frame,lgw,Year 1, spring 3, Wednesday,29877,0.1
frame,lgw,Year 1, spring 3, Wednesday,29878,21.3
frame,lgw,Year 1, spring 3, Wednesday,29879,21.4
frame,lgw,Year 1, spring 3, Wednesday,29880,21.0
frame,lgw,Year 1, spring 3, Wednesday,29881,0.1
frame,lgw,Year 1, spring 3, Wednesday,29882,21.8
frame,lgw,Year 1, spring 3, Wednesday,29883,21.5
frame,lgw,Year 1, spring 3, Wednesday,29884,21.9
frame,lgw,Year 1, spring 3, Wednesday,29885,21.1
frame,lgw,Year 1, spring 3, Wednesday,29886,0.1
frame,lgw,Year 1, spring 3, Wednesday,29887,21.0
frame,lgw,Year 1, spring 3, Wednesday,29888,21.1
frame,lgw,Year 1, spring 3, Wednesday,29889,21.6
frame,lgw,Year 1, spring 3, Wednesday,29890,0.1
frame,lgw,Year 1, spring 3, Wednesday,29891,21.1
frame,lgw,Year 1, spring 3, Wednesday,29892,21.4
frame,lgw,Year 1, spring 3, Wednesday,29893,22.2
frame,lgw,Year 1, spring 3, Wednesday,29894,21.2
frame,lgw,Year 1, spring 3, Wednesday,29895,0.2
frame,lgw,Year 1, spring 3, Wednesday,29896,21.0
frame,lgw,Year 1, spring 3, Wednesday,29897,21.7
frame,lgw,Year 1, spring 3, Wednesday,29898,21.5
frame,lgw,Year 1, spring 3, Wednesday,29899,0.1
frame,lgw,Year 1, spring 3, Wednesday,29900,21.2
frame,lgw,Year 1, spring 3, Wednesday,29901,21.9
frame,lgw,Year 1, spring 3, Wednesday,29902,21.6
frame,lgw,Year 1, spring 3, Wednesday,29903,21.1
frame,lgw,Year 1, spring 3, Wednesday,29904,0.1
frame,lgw,Year 1, spring 3, Wednesday,29905,21.1
frame,lgw,Year 1, spring 3, Wednesday,29906,21.4
frame,lgw,Year 1, spring 3, Wednesday,29907,20.8
frame,lgw,Year 1, spring 3, Wednesday,29908,0.1
frame,lgw,Year 1, spring 3, Wednesday,29909,21.3
frame,lgw,Year 1, spring 3, Wednesday,29910,20.8
frame,lgw,Year 1, spring 3, Wednesday,29911,20.8
frame,lgw,Year 1, spring 3, Wednesday,29912,21.4
frame,lgw,Year 1, spring 3, Wednesday,29913,0.1
frame,lgw,Year 1, spring 3, Wednesday,29914,21.0
frame,lgw,Year 1, spring 3, Wednesday,29915,21.3
frame,lgw,Year 1, spring 3, Wednesday,29916,21.7
frame,lgw,Year 1, spring 3, Wednesday,29917,22.2
frame,lgw,Year 1, spring 3, Wednesday,29918,0.2
frame,lgw,Year 1, spring 3, Wednesday,29919,21.1
frame,lgw,Year 1, spring 3, Wednesday,29920,21.9
frame,lgw,Year 1, spring 3, Wednesday,29921,21.2
frame,lgw,Year 1, spring 3, Wednesday,29922,0.5
frame,lgw,Year 1, spring 3, Wednesday,29923,21.4
frame,lgw,Year 1, spring 3, Wednesday,29924,21.1
frame,lgw,Year 1, spring 3, Wednesday,29925,21.4
frame,lgw,Year 1, spring 3, Wednesday,29926,0.1
frame,lgw,Year 1, spring 3, Wednesday,29927,21.1
frame,lgw,Year 1, spring 3, Wednesday,29928,21.4
frame,lgw,Year 1, spring 3, Wednesday,29929,21.2
frame,lgw,Year 1, spring 3, Wednesday,29930,21.3
frame,lgw,Year 1, spring 3, Wednesday,29931,0.1
frame,lgw,Year 1, spring 3, Wednesday,29932,21.6
frame,lgw,Year 1, spring 3, Wednesday,29933,22.4
frame,lgw,Year 1, spring 3, Wednesday,29934,21.4
frame,lgw,Year 1, spring 3, Wednesday,29935,0.1
frame,lgw,Year 1, spring 3, Wednesday,29936,21.1
frame,lgw,Year 1, spring 3, Wednesday,29937,21.1
frame,lgw,Year 1, spring 3, Wednesday,29938,20.9
frame,lgw,Year 1, spring 3, Wednesday,29939,21.3
frame,lgw,Year 1, spring 3, Wednesday,29940,0.2
frame,lgw,Year 1, spring 3, Wednesday,29941,20.9
frame,lgw,Year 1, spring 3, Wednesday,29942,21.8
frame,lgw,Year 1, spring 3, Wednesday,29943,21.2
frame,lgw,Year 1, spring 3, Wednesday,29944,21.2
frame,lgw,Year 1, spring 3, Wednesday,29945,0.1
frame,lgw,Year 1, spring 3, Wednesday,29946,21.3
frame,lgw,Year 1, spring 3, Wednesday,29947,21.1
frame,lgw,Year 1, spring 3, Wednesday,29948,21.5
frame,lgw,Year 1, spring 3, Wednesday,29949,0.1
frame,lgw,Year 1, spring 3, Wednesday,29950,21.0
frame,lgw,Year 1, spring 3, Wednesday,29951,21.3
frame,lgw,Year 1, spring 3, Wednesday,29952,21.1
frame,lgw,Year 1, spring 3, Wednesday,29953,20.9
frame,lgw,Year 1, spring 3, Wednesday,29954,0.2
frame,lgw,Year 1, spring 3, Wednesday,29955,20.9
frame,lgw,Year 1, spring 3, Wednesday,29956,20.8
frame,lgw,Year 1, spring 3, Wednesday,29957,21.5
frame,lgw,Year 1, spring 3, Wednesday,29958,21.3
frame,lgw,Year 1, spring 3, Wednesday,29959,0.2
frame,lgw,Year 1, spring 3, Wednesday,29960,20.8
frame,lgw,Year 1, spring 3, Wednesday,29961,20.8
frame,lgw,Year 1, spring 3, Wednesday,29962,21.1
frame,lgw,Year 1, spring 3, Wednesday,29963,0.2
frame,lgw,Year 1, spring 3, Wednesday,29964,20.9
frame,lgw,Year 1, spring 3, Wednesday,29965,20.8
frame,lgw,Year 1, spring 3, Wednesday,29966,21.1
frame,lgw,Year 1, spring 3, Wednesday,29967,21.1
frame,lgw,Year 1, spring 3, Wednesday,29968,0.1
frame,lgw,Year 1, spring 3, Wednesday,29969,20.8
frame,lgw,Year 1, spring 3, Wednesday,29970,20.8
frame,lgw,Year 1, spring 3, Wednesday,29971,21.2
frame,lgw,Year 1, spring 3, Wednesday,29972,21.0
frame,lgw,Year 1, spring 3, Wednesday,29973,0.1
frame,lgw,Year 1, spring 3, Wednesday,29974,21.0
frame,lgw,Year 1, spring 3, Wednesday,29975,21.0
frame,lgw,Year 1, spring 3, Wednesday,29976,21.9
frame,lgw,Year 1, spring 3, Wednesday,29977,21.9
frame,lgw,Year 1, spring 3, Wednesday,29978,0.1
frame,lgw,Year 1, spring 3, Wednesday,29979,20.8
frame,lgw,Year 1, spring 3, Wednesday,29980,21.9
frame,lgw,Year 1, spring 3, Wednesday,29981,23.5
frame,lgw,Year 1, spring 3, Wednesday,29982,0.2
frame,lgw,Year 1, spring 3, Wednesday,29983,21.2
frame,lgw,Year 1, spring 3, Wednesday,29984,21.1
frame,lgw,Year 1, spring 3, Wednesday,29985,21.0
frame,lgw,Year 1, spring 3, Wednesday,29986,0.1
frame,lgw,Year 1, spring 3, Wednesday,29987,20.9
frame,lgw,Year 1, spring 3, Wednesday,29988,20.9
frame,lgw,Year 1, spring 3, Wednesday,29989,20.7
frame,lgw,Year 1, spring 3, Wednesday,29990,21.1
frame,lgw,Year 1, spring 3, Wednesday,29991,0.1
frame,lgw,Year 1, spring 3, Wednesday,29992,21.8
frame,lgw,Year 1, spring 3, Wednesday,29993,21.3
frame,lgw,Year 1, spring 3, Wednesday,29994,22.3
frame,lgw,Year 1, spring 3, Wednesday,29995,20.8
frame,lgw,Year 1, spring 3, Wednesday,29996,0.1
frame,lgw,Year 1, spring 3, Wednesday,29997,21.2
frame,lgw,Year 1, spring 3, Wednesday,29998,21.6
frame,lgw,Year 1, spring 3, Wednesday,29999,21.2
