kind,player,date,name,calls,total_ms,avg_ms,max_ms
lag,,Year 1, spring 0, Sunday,2,183.3
lag,,Year 1, spring 0, Sunday,21,305.8
lag,,Year 1, spring 0, Sunday,70,100.4
frame,,Year 1, spring 0, Sunday,5120,16.6
frame,,Year 1, spring 0, Sunday,5121,16.7
frame,,Year 1, spring 0, Sunday,5122,16.7
frame,,Year 1, spring 0, Sunday,5123,16.9
frame,,Year 1, spring 0, Sunday,5124,16.4
frame,,Year 1, spring 0, Sunday,5125,16.6
frame,,Year 1, spring 0, Sunday,5126,16.7
frame,,Year 1, spring 0, Sunday,5127,16.7
frame,,Year 1, spring 0, Sunday,5128,16.7
frame,,Year 1, spring 0, Sunday,5129,16.6
frame,,Year 1, spring 0, Sunday,5130,16.7
frame,,Year 1, spring 0, Sunday,5131,16.7
frame,,Year 1, spring 0, Sunday,5132,17.2
frame,,Year 1, spring 0, Sunday,5133,16.1
frame,,Year 1, spring 0, Sunday,5134,16.7
frame,,Year 1, spring 0, Sunday,5135,16.7
frame,,Year 1, spring 0, Sunday,5136,16.7
frame,,Year 1, spring 0, Sunday,5137,16.7
frame,,Year 1, spring 0, Sunday,5138,16.7
frame,,Year 1, spring 0, Sunday,5139,16.6
frame,,Year 1, spring 0, Sunday,5140,16.7
frame,,Year 1, spring 0, Sunday,5141,16.6
frame,,Year 1, spring 0, Sunday,5142,16.9
frame,,Year 1, spring 0, Sunday,5143,16.4
frame,,Year 1, spring 0, Sunday,5144,16.7
frame,,Year 1, spring 0, Sunday,5145,16.7
frame,,Year 1, spring 0, Sunday,5146,16.6
frame,,Year 1, spring 0, Sunday,5147,16.7
frame,,Year 1, spring 0, Sunday,5148,16.7
frame,,Year 1, spring 0, Sunday,5149,16.7
frame,,Year 1, spring 0, Sunday,5150,16.7
frame,,Year 1, spring 0, Sunday,5151,16.7
frame,,Year 1, spring 0, Sunday,5152,16.6
frame,,Year 1, spring 0, Sunday,5153,16.7
frame,,Year 1, spring 0, Sunday,5154,16.7
frame,,Year 1, spring 0, Sunday,5155,16.6
frame,,Year 1, spring 0, Sunday,5156,16.6
frame,,Year 1, spring 0, Sunday,5157,16.7
frame,,Year 1, spring 0, Sunday,5158,16.7
frame,,Year 1, spring 0, Sunday,5159,16.7
frame,,Year 1, spring 0, Sunday,5160,16.7
frame,,Year 1, spring 0, Sunday,5161,16.6
frame,,Year 1, spring 0, Sunday,5162,16.7
frame,,Year 1, spring 0, Sunday,5163,16.8
frame,,Year 1, spring 0, Sunday,5164,16.6
frame,,Year 1, spring 0, Sunday,5165,16.7
frame,,Year 1, spring 0, Sunday,5166,16.7
frame,,Year 1, spring 0, Sunday,5167,16.6
frame,,Year 1, spring 0, Sunday,5168,16.7
frame,,Year 1, spring 0, Sunday,5169,16.7
frame,,Year 1, spring 0, Sunday,5170,16.7
frame,,Year 1, spring 0, Sunday,5171,16.7
frame,,Year 1, spring 0, Sunday,5172,16.8
frame,,Year 1, spring 0, Sunday,5173,16.5
frame,,Year 1, spring 0, Sunday,5174,16.7
frame,,Year 1, spring 0, Sunday,5175,16.7
frame,,Year 1, spring 0, Sunday,5176,16.6
frame,,Year 1, spring 0, Sunday,5177,16.6
frame,,Year 1, spring 0, Sunday,5178,16.7
frame,,Year 1, spring 0, Sunday,5179,16.7
frame,,Year 1, spring 0, Sunday,5180,17.2
frame,,Year 1, spring 0, Sunday,5181,16.1
frame,,Year 1, spring 0, Sunday,5182,16.7
frame,,Year 1, spring 0, Sunday,5183,17.0
frame,,Year 1, spring 0, Sunday,5184,16.3
frame,,Year 1, spring 0, Sunday,5185,16.7
frame,,Year 1, spring 0, Sunday,5186,16.8
frame,,Year 1, spring 0, Sunday,5187,16.6
frame,,Year 1, spring 0, Sunday,5188,16.9
frame,,Year 1, spring 0, Sunday,5189,16.4
frame,,Year 1, spring 0, Sunday,5190,16.8
frame,,Year 1, spring 0, Sunday,5191,16.5
frame,,Year 1, spring 0, Sunday,5192,16.6
frame,,Year 1, spring 0, Sunday,5193,16.7
frame,,Year 1, spring 0, Sunday,5194,17.0
frame,,Year 1, spring 0, Sunday,5195,16.3
frame,,Year 1, spring 0, Sunday,5196,16.7
frame,,Year 1, spring 0, Sunday,5197,16.6
frame,,Year 1, spring 0, Sunday,5198,16.6
frame,,Year 1, spring 0, Sunday,5199,16.7
frame,,Year 1, spring 0, Sunday,5200,16.7
frame,,Year 1, spring 0, Sunday,5201,16.7
frame,,Year 1, spring 0, Sunday,5202,16.7
frame,,Year 1, spring 0, Sunday,5203,16.7
frame,,Year 1, spring 0, Sunday,5204,16.7
frame,,Year 1, spring 0, Sunday,5205,16.7
frame,,Year 1, spring 0, Sunday,5206,16.6
frame,,Year 1, spring 0, Sunday,5207,16.7
frame,,Year 1, spring 0, Sunday,5208,16.7
frame,,Year 1, spring 0, Sunday,5209,16.7
frame,,Year 1, spring 0, Sunday,5210,16.6
frame,,Year 1, spring 0, Sunday,5211,16.6
frame,,Year 1, spring 0, Sunday,5212,16.7
frame,,Year 1, spring 0, Sunday,5213,16.7
frame,,Year 1, spring 0, Sunday,5214,16.7
frame,,Year 1, spring 0, Sunday,5215,16.7
frame,,Year 1, spring 0, Sunday,5216,16.6
frame,,Year 1, spring 0, Sunday,5217,16.7
frame,,Year 1, spring 0, Sunday,5218,16.7
frame,,Year 1, spring 0, Sunday,5219,16.7
frame,,Year 1, spring 0, Sunday,5220,16.6
frame,,Year 1, spring 0, Sunday,5221,16.7
frame,,Year 1, spring 0, Sunday,5222,16.7
frame,,Year 1, spring 0, Sunday,5223,16.7
frame,,Year 1, spring 0, Sunday,5224,16.7
frame,,Year 1, spring 0, Sunday,5225,17.3
frame,,Year 1, spring 0, Sunday,5226,16.0
frame,,Year 1, spring 0, Sunday,5227,16.7
frame,,Year 1, spring 0, Sunday,5228,16.6
frame,,Year 1, spring 0, Sunday,5229,16.7
frame,,Year 1, spring 0, Sunday,5230,17.0
frame,,Year 1, spring 0, Sunday,5231,16.4
frame,,Year 1, spring 0, Sunday,5232,16.6
frame,,Year 1, spring 0, Sunday,5233,16.7
frame,,Year 1, spring 0, Sunday,5234,16.6
frame,,Year 1, spring 0, Sunday,5235,16.7
frame,,Year 1, spring 0, Sunday,5236,16.7
frame,,Year 1, spring 0, Sunday,5237,16.6
frame,,Year 1, spring 0, Sunday,5238,16.7
frame,,Year 1, spring 0, Sunday,5239,16.7
frame,,Year 1, spring 0, Sunday,5240,17.1
frame,,Year 1, spring 0, Sunday,5241,16.2
frame,,Year 1, spring 0, Sunday,5242,16.7
frame,,Year 1, spring 0, Sunday,5243,16.7
frame,,Year 1, spring 0, Sunday,5244,16.7
frame,,Year 1, spring 0, Sunday,5245,16.7
frame,,Year 1, spring 0, Sunday,5246,16.7
frame,,Year 1, spring 0, Sunday,5247,16.6
frame,,Year 1, spring 0, Sunday,5248,17.0
frame,,Year 1, spring 0, Sunday,5249,16.8
frame,,Year 1, spring 0, Sunday,5250,16.3
frame,,Year 1, spring 0, Sunday,5251,16.7
frame,,Year 1, spring 0, Sunday,5252,16.6
frame,,Year 1, spring 0, Sunday,5253,16.6
frame,,Year 1, spring 0, Sunday,5254,16.7
frame,,Year 1, spring 0, Sunday,5255,16.7
frame,,Year 1, spring 0, Sunday,5256,16.7
frame,,Year 1, spring 0, Sunday,5257,16.8
frame,,Year 1, spring 0, Sunday,5258,16.5
frame,,Year 1, spring 0, Sunday,5259,16.7
frame,,Year 1, spring 0, Sunday,5260,16.6
frame,,Year 1, spring 0, Sunday,5261,16.7
frame,,Year 1, spring 0, Sunday,5262,16.7
frame,,Year 1, spring 0, Sunday,5263,16.7
frame,,Year 1, spring 0, Sunday,5264,16.7
frame,,Year 1, spring 0, Sunday,5265,16.6
frame,,Year 1, spring 0, Sunday,5266,16.7
frame,,Year 1, spring 0, Sunday,5267,16.7
frame,,Year 1, spring 0, Sunday,5268,16.7
frame,,Year 1, spring 0, Sunday,5269,16.7
frame,,Year 1, spring 0, Sunday,5270,16.7
frame,,Year 1, spring 0, Sunday,5271,16.7
frame,,Year 1, spring 0, Sunday,5272,16.7
frame,,Year 1, spring 0, Sunday,5273,16.7
frame,,Year 1, spring 0, Sunday,5274,16.7
frame,,Year 1, spring 0, Sunday,5275,16.7
frame,,Year 1, spring 0, Sunday,5276,16.6
frame,,Year 1, spring 0, Sunday,5277,16.7
frame,,Year 1, spring 0, Sunday,5278,16.7
frame,,Year 1, spring 0, Sunday,5279,16.8
frame,,Year 1, spring 0, Sunday,5280,16.6
frame,,Year 1, spring 0, Sunday,5281,16.6
frame,,Year 1, spring 0, Sunday,5282,16.7
frame,,Year 1, spring 0, Sunday,5283,16.7
frame,,Year 1, spring 0, Sunday,5284,16.6
frame,,Year 1, spring 0, Sunday,5285,16.6
frame,,Year 1, spring 0, Sunday,5286,16.7
frame,,Year 1, spring 0, Sunday,5287,16.7
frame,,Year 1, spring 0, Sunday,5288,16.7
frame,,Year 1, spring 0, Sunday,5289,16.7
frame,,Year 1, spring 0, Sunday,5290,16.9
frame,,Year 1, spring 0, Sunday,5291,16.4
frame,,Year 1, spring 0, Sunday,5292,16.7
frame,,Year 1, spring 0, Sunday,5293,16.7
frame,,Year 1, spring 0, Sunday,5294,16.7
frame,,Year 1, spring 0, Sunday,5295,16.7
frame,,Year 1, spring 0, Sunday,5296,16.6
frame,,Year 1, spring 0, Sunday,5297,16.7
frame,,Year 1, spring 0, Sunday,5298,16.7
frame,,Year 1, spring 0, Sunday,5299,16.7
frame,,Year 1, spring 0, Sunday,5300,16.8
frame,,Year 1, spring 0, Sunday,5301,16.6
frame,,Year 1, spring 0, Sunday,5302,16.6
frame,,Year 1, spring 0, Sunday,5303,16.7
frame,,Year 1, spring 0, Sunday,5304,16.7
frame,,Year 1, spring 0, Sunday,5305,17.3
frame,,Year 1, spring 0, Sunday,5306,16.1
frame,,Year 1, spring 0, Sunday,5307,16.6
frame,,Year 1, spring 0, Sunday,5308,16.7
frame,,Year 1, spring 0, Sunday,5309,16.7
frame,,Year 1, spring 0, Sunday,5310,16.7
frame,,Year 1, spring 0, Sunday,5311,16.8
frame,,Year 1, spring 0, Sunday,5312,16.5
frame,,Year 1, spring 0, Sunday,5313,16.6
frame,,Year 1, spring 0, Sunday,5314,16.6
frame,,Year 1, spring 0, Sunday,5315,16.7
frame,,Year 1, spring 0, Sunday,5316,16.7
frame,,Year 1, spring 0, Sunday,5317,16.7
frame,,Year 1, spring 0, Sunday,5318,16.7
frame,,Year 1, spring 0, Sunday,5319,16.6
frame,,Year 1, spring 0, Sunday,5320,16.7
frame,,Year 1, spring 0, Sunday,5321,16.6
frame,,Year 1, spring 0, Sunday,5322,16.7
frame,,Year 1, spring 0, Sunday,5323,16.7
frame,,Year 1, spring 0, Sunday,5324,16.7
frame,,Year 1, spring 0, Sunday,5325,16.6
frame,,Year 1, spring 0, Sunday,5326,16.7
frame,,Year 1, spring 0, Sunday,5327,16.7
frame,,Year 1, spring 0, Sunday,5328,17.0
frame,,Year 1, spring 0, Sunday,5329,16.3
frame,,Year 1, spring 0, Sunday,5330,16.7
frame,,Year 1, spring 0, Sunday,5331,16.6
frame,,Year 1, spring 0, Sunday,5332,16.6
frame,,Year 1, spring 0, Sunday,5333,16.7
frame,,Year 1, spring 0, Sunday,5334,16.7
frame,,Year 1, spring 0, Sunday,5335,16.7
frame,,Year 1, spring 0, Sunday,5336,16.7
frame,,Year 1, spring 0, Sunday,5337,16.6
frame,,Year 1, spring 0, Sunday,5338,16.7
frame,,Year 1, spring 0, Sunday,5339,16.6
frame,,Year 1, spring 0, Sunday,5340,16.7
frame,,Year 1, spring 0, Sunday,5341,16.8
frame,,Year 1, spring 0, Sunday,5342,17.1
frame,,Year 1, spring 0, Sunday,5343,16.2
frame,,Year 1, spring 0, Sunday,5344,17.0
frame,,Year 1, spring 0, Sunday,5345,16.3
frame,,Year 1, spring 0, Sunday,5346,16.7
frame,,Year 1, spring 0, Sunday,5347,16.7
frame,,Year 1, spring 0, Sunday,5348,16.7
frame,,Year 1, spring 0, Sunday,5349,16.6
frame,,Year 1, spring 0, Sunday,5350,16.7
frame,,Year 1, spring 0, Sunday,5351,16.7
frame,,Year 1, spring 0, Sunday,5352,16.6
frame,,Year 1, spring 0, Sunday,5353,16.7
frame,,Year 1, spring 0, Sunday,5354,16.7
frame,,Year 1, spring 0, Sunday,5355,16.7
frame,,Year 1, spring 0, Sunday,5356,16.7
frame,,Year 1, spring 0, Sunday,5357,16.7
frame,,Year 1, spring 0, Sunday,5358,16.7
frame,,Year 1, spring 0, Sunday,5359,16.7
frame,,Year 1, spring 0, Sunday,5360,16.7
frame,,Year 1, spring 0, Sunday,5361,17.1
frame,,Year 1, spring 0, Sunday,5362,16.2
frame,,Year 1, spring 0, Sunday,5363,16.6
frame,,Year 1, spring 0, Sunday,5364,16.7
frame,,Year 1, spring 0, Sunday,5365,16.7
frame,,Year 1, spring 0, Sunday,5366,16.7
frame,,Year 1, spring 0, Sunday,5367,16.7
frame,,Year 1, spring 0, Sunday,5368,16.6
frame,,Year 1, spring 0, Sunday,5369,16.7
frame,,Year 1, spring 0, Sunday,5370,16.7
frame,,Year 1, spring 0, Sunday,5371,16.7
frame,,Year 1, spring 0, Sunday,5372,16.7
frame,,Year 1, spring 0, Sunday,5373,16.6
frame,,Year 1, spring 0, Sunday,5374,16.6
frame,,Year 1, spring 0, Sunday,5375,16.7
frame,,Year 1, spring 0, Sunday,5376,16.7
frame,,Year 1, spring 0, Sunday,5377,16.7
frame,,Year 1, spring 0, Sunday,5378,16.7
frame,,Year 1, spring 0, Sunday,5379,17.0
frame,,Year 1, spring 0, Sunday,5380,16.3
frame,,Year 1, spring 0, Sunday,5381,16.7
frame,,Year 1, spring 0, Sunday,5382,16.7
frame,,Year 1, spring 0, Sunday,5383,16.7
frame,,Year 1, spring 0, Sunday,5384,16.7
frame,,Year 1, spring 0, Sunday,5385,16.7
frame,,Year 1, spring 0, Sunday,5386,16.7
frame,,Year 1, spring 0, Sunday,5387,16.7
frame,,Year 1, spring 0, Sunday,5388,16.7
frame,,Year 1, spring 0, Sunday,5389,16.6
frame,,Year 1, spring 0, Sunday,5390,17.1
frame,,Year 1, spring 0, Sunday,5391,16.3
frame,,Year 1, spring 0, Sunday,5392,16.7
frame,,Year 1, spring 0, Sunday,5393,16.7
frame,,Year 1, spring 0, Sunday,5394,16.7
frame,,Year 1, spring 0, Sunday,5395,16.6
frame,,Year 1, spring 0, Sunday,5396,16.7
frame,,Year 1, spring 0, Sunday,5397,16.6
frame,,Year 1, spring 0, Sunday,5398,16.7
frame,,Year 1, spring 0, Sunday,5399,16.7
frame,,Year 1, spring 0, Sunday,5400,16.6
frame,,Year 1, spring 0, Sunday,5401,16.7
frame,,Year 1, spring 0, Sunday,5402,16.7
frame,,Year 1, spring 0, Sunday,5403,16.7
frame,,Year 1, spring 0, Sunday,5404,16.6
frame,,Year 1, spring 0, Sunday,5405,16.7
frame,,Year 1, spring 0, Sunday,5406,16.6
frame,,Year 1, spring 0, Sunday,5407,16.7
frame,,Year 1, spring 0, Sunday,5408,17.0
frame,,Year 1, spring 0, Sunday,5409,16.3
frame,,Year 1, spring 0, Sunday,5410,16.7
frame,,Year 1, spring 0, Sunday,5411,16.7
frame,,Year 1, spring 0, Sunday,5412,16.8
frame,,Year 1, spring 0, Sunday,5413,16.6
frame,,Year 1, spring 0, Sunday,5414,16.6
frame,,Year 1, spring 0, Sunday,5415,16.7
frame,,Year 1, spring 0, Sunday,5416,16.7
frame,,Year 1, spring 0, Sunday,5417,16.7
frame,,Year 1, spring 0, Sunday,5418,16.7
frame,,Year 1, spring 0, Sunday,5419,16.7
frame,,Year 1, spring 0, Sunday,5420,16.7
frame,,Year 1, spring 0, Sunday,5421,16.7
frame,,Year 1, spring 0, Sunday,5422,16.7
frame,,Year 1, spring 0, Sunday,5423,16.7
frame,,Year 1, spring 0, Sunday,5424,16.6
frame,,Year 1, spring 0, Sunday,5425,16.9
frame,,Year 1, spring 0, Sunday,5426,16.5
frame,,Year 1, spring 0, Sunday,5427,16.7
frame,,Year 1, spring 0, Sunday,5428,16.7
frame,,Year 1, spring 0, Sunday,5429,17.0
frame,,Year 1, spring 0, Sunday,5430,16.3
frame,,Year 1, spring 0, Sunday,5431,16.7
frame,,Year 1, spring 0, Sunday,5432,16.6
frame,,Year 1, spring 0, Sunday,5433,16.7
frame,,Year 1, spring 0, Sunday,5434,17.2
frame,,Year 1, spring 0, Sunday,5435,16.1
frame,,Year 1, spring 0, Sunday,5436,16.7
frame,,Year 1, spring 0, Sunday,5437,16.7
frame,,Year 1, spring 0, Sunday,5438,16.7
frame,,Year 1, spring 0, Sunday,5439,16.7
frame,,Year 1, spring 0, Sunday,5440,16.6
frame,,Year 1, spring 0, Sunday,5441,16.7
frame,,Year 1, spring 0, Sunday,5442,16.7
frame,,Year 1, spring 0, Sunday,5443,16.7
frame,,Year 1, spring 0, Sunday,5444,16.7
frame,,Year 1, spring 0, Sunday,5445,16.7
frame,,Year 1, spring 0, Sunday,5446,16.7
frame,,Year 1, spring 0, Sunday,5447,16.7
frame,,Year 1, spring 0, Sunday,5448,16.7
frame,,Year 1, spring 0, Sunday,5449,16.7
frame,,Year 1, spring 0, Sunday,5450,16.7
frame,,Year 1, spring 0, Sunday,5451,16.7
frame,,Year 1, spring 0, Sunday,5452,16.7
frame,,Year 1, spring 0, Sunday,5453,16.6
frame,,Year 1, spring 0, Sunday,5454,16.7
frame,,Year 1, spring 0, Sunday,5455,16.7
frame,,Year 1, spring 0, Sunday,5456,16.7
frame,,Year 1, spring 0, Sunday,5457,16.7
frame,,Year 1, spring 0, Sunday,5458,16.6
frame,,Year 1, spring 0, Sunday,5459,16.7
frame,,Year 1, spring 0, Sunday,5460,16.6
frame,,Year 1, spring 0, Sunday,5461,16.7
frame,,Year 1, spring 0, Sunday,5462,16.7
frame,,Year 1, spring 0, Sunday,5463,16.7
frame,,Year 1, spring 0, Sunday,5464,16.7
frame,,Year 1, spring 0, Sunday,5465,16.6
frame,,Year 1, spring 0, Sunday,5466,16.7
frame,,Year 1, spring 0, Sunday,5467,16.7
frame,,Year 1, spring 0, Sunday,5468,16.6
frame,,Year 1, spring 0, Sunday,5469,16.7
frame,,Year 1, spring 0, Sunday,5470,16.7
frame,,Year 1, spring 0, Sunday,5471,17.2
frame,,Year 1, spring 0, Sunday,5472,16.2
frame,,Year 1, spring 0, Sunday,5473,16.6
frame,,Year 1, spring 0, Sunday,5474,16.7
frame,,Year 1, spring 0, Sunday,5475,16.7
frame,,Year 1, spring 0, Sunday,5476,16.7
frame,,Year 1, spring 0, Sunday,5477,16.7
frame,,Year 1, spring 0, Sunday,5478,16.7
frame,,Year 1, spring 0, Sunday,5479,16.6
frame,,Year 1, spring 0, Sunday,5480,16.7
frame,,Year 1, spring 0, Sunday,5481,16.7
frame,,Year 1, spring 0, Sunday,5482,16.6
frame,,Year 1, spring 0, Sunday,5483,16.7
frame,,Year 1, spring 0, Sunday,5484,16.7
frame,,Year 1, spring 0, Sunday,5485,16.6
frame,,Year 1, spring 0, Sunday,5486,16.7
frame,,Year 1, spring 0, Sunday,5487,16.6
frame,,Year 1, spring 0, Sunday,5488,16.6
frame,,Year 1, spring 0, Sunday,5489,16.7
frame,,Year 1, spring 0, Sunday,5490,16.7
frame,,Year 1, spring 0, Sunday,5491,16.6
frame,,Year 1, spring 0, Sunday,5492,16.7
frame,,Year 1, spring 0, Sunday,5493,16.7
frame,,Year 1, spring 0, Sunday,5494,16.7
frame,,Year 1, spring 0, Sunday,5495,16.6
frame,,Year 1, spring 0, Sunday,5496,16.6
frame,,Year 1, spring 0, Sunday,5497,16.7
frame,,Year 1, spring 0, Sunday,5498,16.7
frame,,Year 1, spring 0, Sunday,5499,16.7
frame,,Year 1, spring 0, Sunday,5500,16.7
frame,,Year 1, spring 0, Sunday,5501,16.7
frame,,Year 1, spring 0, Sunday,5502,16.6
frame,,Year 1, spring 0, Sunday,5503,16.7
frame,,Year 1, spring 0, Sunday,5504,16.6
frame,,Year 1, spring 0, Sunday,5505,16.7
frame,,Year 1, spring 0, Sunday,5506,16.6
frame,,Year 1, spring 0, Sunday,5507,16.7
frame,,Year 1, spring 0, Sunday,5508,16.7
frame,,Year 1, spring 0, Sunday,5509,16.7
frame,,Year 1, spring 0, Sunday,5510,16.7
frame,,Year 1, spring 0, Sunday,5511,17.1
frame,,Year 1, spring 0, Sunday,5512,16.2
frame,,Year 1, spring 0, Sunday,5513,16.7
frame,,Year 1, spring 0, Sunday,5514,16.7
frame,,Year 1, spring 0, Sunday,5515,16.7
frame,,Year 1, spring 0, Sunday,5516,16.6
frame,,Year 1, spring 0, Sunday,5517,16.6
frame,,Year 1, spring 0, Sunday,5518,16.6
frame,,Year 1, spring 0, Sunday,5519,16.9
frame,,Year 1, spring 0, Sunday,5520,17.1
frame,,Year 1, spring 0, Sunday,5521,16.0
frame,,Year 1, spring 0, Sunday,5522,16.8
frame,,Year 1, spring 0, Sunday,5523,17.0
frame,,Year 1, spring 0, Sunday,5524,16.8
frame,,Year 1, spring 0, Sunday,5525,16.2
frame,,Year 1, spring 0, Sunday,5526,16.7
frame,,Year 1, spring 0, Sunday,5527,16.7
frame,,Year 1, spring 0, Sunday,5528,16.6
frame,,Year 1, spring 0, Sunday,5529,16.7
frame,,Year 1, spring 0, Sunday,5530,16.7
frame,,Year 1, spring 0, Sunday,5531,17.0
frame,,Year 1, spring 0, Sunday,5532,16.3
frame,,Year 1, spring 0, Sunday,5533,16.6
frame,,Year 1, spring 0, Sunday,5534,16.7
frame,,Year 1, spring 0, Sunday,5535,16.7
frame,,Year 1, spring 0, Sunday,5536,16.7
frame,,Year 1, spring 0, Sunday,5537,16.6
frame,,Year 1, spring 0, Sunday,5538,16.8
frame,,Year 1, spring 0, Sunday,5539,16.5
frame,,Year 1, spring 0, Sunday,5540,16.7
frame,,Year 1, spring 0, Sunday,5541,16.7
frame,,Year 1, spring 0, Sunday,5542,16.6
frame,,Year 1, spring 0, Sunday,5543,16.7
frame,,Year 1, spring 0, Sunday,5544,16.6
frame,,Year 1, spring 0, Sunday,5545,16.7
frame,,Year 1, spring 0, Sunday,5546,16.6
frame,,Year 1, spring 0, Sunday,5547,16.7
frame,,Year 1, spring 0, Sunday,5548,16.7
frame,,Year 1, spring 0, Sunday,5549,16.7
frame,,Year 1, spring 0, Sunday,5550,16.7
frame,,Year 1, spring 0, Sunday,5551,16.7
frame,,Year 1, spring 0, Sunday,5552,16.7
frame,,Year 1, spring 0, Sunday,5553,16.7
frame,,Year 1, spring 0, Sunday,5554,16.9
frame,,Year 1, spring 0, Sunday,5555,16.4
frame,,Year 1, spring 0, Sunday,5556,16.7
frame,,Year 1, spring 0, Sunday,5557,16.6
frame,,Year 1, spring 0, Sunday,5558,16.7
frame,,Year 1, spring 0, Sunday,5559,16.7
frame,,Year 1, spring 0, Sunday,5560,16.7
frame,,Year 1, spring 0, Sunday,5561,16.8
frame,,Year 1, spring 0, Sunday,5562,16.6
frame,,Year 1, spring 0, Sunday,5563,16.7
frame,,Year 1, spring 0, Sunday,5564,16.6
frame,,Year 1, spring 0, Sunday,5565,16.7
frame,,Year 1, spring 0, Sunday,5566,16.8
frame,,Year 1, spring 0, Sunday,5567,16.6
frame,,Year 1, spring 0, Sunday,5568,16.7
frame,,Year 1, spring 0, Sunday,5569,16.6
frame,,Year 1, spring 0, Sunday,5570,16.9
frame,,Year 1, spring 0, Sunday,5571,16.5
frame,,Year 1, spring 0, Sunday,5572,16.7
frame,,Year 1, spring 0, Sunday,5573,16.6
frame,,Year 1, spring 0, Sunday,5574,16.6
frame,,Year 1, spring 0, Sunday,5575,16.7
frame,,Year 1, spring 0, Sunday,5576,16.7
frame,,Year 1, spring 0, Sunday,5577,16.6
frame,,Year 1, spring 0, Sunday,5578,16.7
frame,,Year 1, spring 0, Sunday,5579,16.7
frame,,Year 1, spring 0, Sunday,5580,16.6
frame,,Year 1, spring 0, Sunday,5581,16.7
frame,,Year 1, spring 0, Sunday,5582,16.7
frame,,Year 1, spring 0, Sunday,5583,16.7
frame,,Year 1, spring 0, Sunday,5584,16.6
frame,,Year 1, spring 0, Sunday,5585,16.6
frame,,Year 1, spring 0, Sunday,5586,16.7
frame,,Year 1, spring 0, Sunday,5587,16.7
frame,,Year 1, spring 0, Sunday,5588,16.7
frame,,Year 1, spring 0, Sunday,5589,16.6
frame,,Year 1, spring 0, Sunday,5590,16.7
frame,,Year 1, spring 0, Sunday,5591,16.6
frame,,Year 1, spring 0, Sunday,5592,16.7
frame,,Year 1, spring 0, Sunday,5593,16.6
frame,,Year 1, spring 0, Sunday,5594,16.7
frame,,Year 1, spring 0, Sunday,5595,16.7
frame,,Year 1, spring 0, Sunday,5596,17.1
frame,,Year 1, spring 0, Sunday,5597,16.2
frame,,Year 1, spring 0, Sunday,5598,16.6
frame,,Year 1, spring 0, Sunday,5599,16.7
frame,,Year 1, spring 0, Sunday,5600,16.7
frame,,Year 1, spring 0, Sunday,5601,16.7
frame,,Year 1, spring 0, Sunday,5602,16.7
frame,,Year 1, spring 0, Sunday,5603,16.8
frame,,Year 1, spring 0, Sunday,5604,16.5
frame,,Year 1, spring 0, Sunday,5605,16.7
frame,,Year 1, spring 0, Sunday,5606,16.7
frame,,Year 1, spring 0, Sunday,5607,16.7
frame,,Year 1, spring 0, Sunday,5608,16.7
frame,,Year 1, spring 0, Sunday,5609,16.6
frame,,Year 1, spring 0, Sunday,5610,16.7
frame,,Year 1, spring 0, Sunday,5611,16.7
frame,,Year 1, spring 0, Sunday,5612,16.7
frame,,Year 1, spring 0, Sunday,5613,16.9
frame,,Year 1, spring 0, Sunday,5614,16.5
frame,,Year 1, spring 0, Sunday,5615,16.7
frame,,Year 1, spring 0, Sunday,5616,16.6
frame,,Year 1, spring 0, Sunday,5617,16.6
frame,,Year 1, spring 0, Sunday,5618,16.7
frame,,Year 1, spring 0, Sunday,5619,16.7
frame,,Year 1, spring 0, Sunday,5620,17.0
frame,,Year 1, spring 0, Sunday,5621,16.3
frame,,Year 1, spring 0, Sunday,5622,16.7
frame,,Year 1, spring 0, Sunday,5623,16.7
frame,,Year 1, spring 0, Sunday,5624,16.6
frame,,Year 1, spring 0, Sunday,5625,16.7
frame,,Year 1, spring 0, Sunday,5626,16.7
frame,,Year 1, spring 0, Sunday,5627,16.7
frame,,Year 1, spring 0, Sunday,5628,16.7
frame,,Year 1, spring 0, Sunday,5629,16.7
frame,,Year 1, spring 0, Sunday,5630,16.7
frame,,Year 1, spring 0, Sunday,5631,16.7
frame,,Year 1, spring 0, Sunday,5632,16.7
frame,,Year 1, spring 0, Sunday,5633,16.7
frame,,Year 1, spring 0, Sunday,5634,16.7
frame,,Year 1, spring 0, Sunday,5635,16.7
frame,,Year 1, spring 0, Sunday,5636,16.6
frame,,Year 1, spring 0, Sunday,5637,16.6
frame,,Year 1, spring 0, Sunday,5638,16.7
frame,,Year 1, spring 0, Sunday,5639,16.7
frame,,Year 1, spring 0, Sunday,5640,16.7
frame,,Year 1, spring 0, Sunday,5641,16.7
frame,,Year 1, spring 0, Sunday,5642,16.7
frame,,Year 1, spring 0, Sunday,5643,16.6
frame,,Year 1, spring 0, Sunday,5644,16.7
frame,,Year 1, spring 0, Sunday,5645,16.6
frame,,Year 1, spring 0, Sunday,5646,16.6
frame,,Year 1, spring 0, Sunday,5647,16.7
frame,,Year 1, spring 0, Sunday,5648,17.0
frame,,Year 1, spring 0, Sunday,5649,16.4
frame,,Year 1, spring 0, Sunday,5650,16.7
frame,,Year 1, spring 0, Sunday,5651,16.7
frame,,Year 1, spring 0, Sunday,5652,16.7
frame,,Year 1, spring 0, Sunday,5653,16.6
frame,,Year 1, spring 0, Sunday,5654,16.7
frame,,Year 1, spring 0, Sunday,5655,16.7
frame,,Year 1, spring 0, Sunday,5656,16.7
frame,,Year 1, spring 0, Sunday,5657,16.7
frame,,Year 1, spring 0, Sunday,5658,16.6
frame,,Year 1, spring 0, Sunday,5659,16.7
frame,,Year 1, spring 0, Sunday,5660,16.7
frame,,Year 1, spring 0, Sunday,5661,16.8
frame,,Year 1, spring 0, Sunday,5662,16.6
frame,,Year 1, spring 0, Sunday,5663,16.7
frame,,Year 1, spring 0, Sunday,5664,16.7
frame,,Year 1, spring 0, Sunday,5665,16.7
frame,,Year 1, spring 0, Sunday,5666,16.6
frame,,Year 1, spring 0, Sunday,5667,17.0
frame,,Year 1, spring 0, Sunday,5668,16.3
frame,,Year 1, spring 0, Sunday,5669,16.7
frame,,Year 1, spring 0, Sunday,5670,16.7
frame,,Year 1, spring 0, Sunday,5671,16.6
frame,,Year 1, spring 0, Sunday,5672,16.7
frame,,Year 1, spring 0, Sunday,5673,16.7
frame,,Year 1, spring 0, Sunday,5674,16.7
frame,,Year 1, spring 0, Sunday,5675,16.7
frame,,Year 1, spring 0, Sunday,5676,16.6
frame,,Year 1, spring 0, Sunday,5677,17.1
frame,,Year 1, spring 0, Sunday,5678,16.5
frame,,Year 1, spring 0, Sunday,5679,16.3
frame,,Year 1, spring 0, Sunday,5680,16.9
frame,,Year 1, spring 0, Sunday,5681,16.9
frame,,Year 1, spring 0, Sunday,5682,16.3
frame,,Year 1, spring 0, Sunday,5683,16.6
frame,,Year 1, spring 0, Sunday,5684,16.7
frame,,Year 1, spring 0, Sunday,5685,16.7
frame,,Year 1, spring 0, Sunday,5686,16.7
frame,,Year 1, spring 0, Sunday,5687,16.7
frame,,Year 1, spring 0, Sunday,5688,16.6
frame,,Year 1, spring 0, Sunday,5689,16.7
frame,,Year 1, spring 0, Sunday,5690,17.0
frame,,Year 1, spring 0, Sunday,5691,16.4
frame,,Year 1, spring 0, Sunday,5692,16.6
frame,,Year 1, spring 0, Sunday,5693,16.7
frame,,Year 1, spring 0, Sunday,5694,16.7
frame,,Year 1, spring 0, Sunday,5695,16.7
frame,,Year 1, spring 0, Sunday,5696,16.6
frame,,Year 1, spring 0, Sunday,5697,16.7
frame,,Year 1, spring 0, Sunday,5698,17.2
frame,,Year 1, spring 0, Sunday,5699,16.6
frame,,Year 1, spring 0, Sunday,5700,16.2
frame,,Year 1, spring 0, Sunday,5701,16.7
frame,,Year 1, spring 0, Sunday,5702,16.7
frame,,Year 1, spring 0, Sunday,5703,16.7
frame,,Year 1, spring 0, Sunday,5704,16.6
frame,,Year 1, spring 0, Sunday,5705,17.1
frame,,Year 1, spring 0, Sunday,5706,16.2
frame,,Year 1, spring 0, Sunday,5707,16.7
frame,,Year 1, spring 0, Sunday,5708,16.7
frame,,Year 1, spring 0, Sunday,5709,16.7
frame,,Year 1, spring 0, Sunday,5710,16.6
frame,,Year 1, spring 0, Sunday,5711,16.7
frame,,Year 1, spring 0, Sunday,5712,16.6
frame,,Year 1, spring 0, Sunday,5713,16.7
frame,,Year 1, spring 0, Sunday,5714,16.7
frame,,Year 1, spring 0, Sunday,5715,16.7
frame,,Year 1, spring 0, Sunday,5716,17.0
frame,,Year 1, spring 0, Sunday,5717,16.4
frame,,Year 1, spring 0, Sunday,5718,16.6
frame,,Year 1, spring 0, Sunday,5719,16.7
frame,,Year 1, spring 0, Sunday,5720,16.7
frame,,Year 1, spring 0, Sunday,5721,16.7
frame,,Year 1, spring 0, Sunday,5722,16.7
frame,,Year 1, spring 0, Sunday,5723,16.6
frame,,Year 1, spring 0, Sunday,5724,16.7
frame,,Year 1, spring 0, Sunday,5725,16.6
frame,,Year 1, spring 0, Sunday,5726,16.6
frame,,Year 1, spring 0, Sunday,5727,16.7
frame,,Year 1, spring 0, Sunday,5728,16.8
frame,,Year 1, spring 0, Sunday,5729,16.5
frame,,Year 1, spring 0, Sunday,5730,16.7
frame,,Year 1, spring 0, Sunday,5731,16.7
frame,,Year 1, spring 0, Sunday,5732,16.6
frame,,Year 1, spring 0, Sunday,5733,16.7
frame,,Year 1, spring 0, Sunday,5734,16.7
frame,,Year 1, spring 0, Sunday,5735,16.7
frame,,Year 1, spring 0, Sunday,5736,16.7
frame,,Year 1, spring 0, Sunday,5737,16.6
frame,,Year 1, spring 0, Sunday,5738,16.7
frame,,Year 1, spring 0, Sunday,5739,16.7
frame,,Year 1, spring 0, Sunday,5740,16.7
frame,,Year 1, spring 0, Sunday,5741,16.7
frame,,Year 1, spring 0, Sunday,5742,16.7
frame,,Year 1, spring 0, Sunday,5743,16.6
frame,,Year 1, spring 0, Sunday,5744,16.7
frame,,Year 1, spring 0, Sunday,5745,16.7
frame,,Year 1, spring 0, Sunday,5746,16.7
frame,,Year 1, spring 0, Sunday,5747,16.7
frame,,Year 1, spring 0, Sunday,5748,16.7
frame,,Year 1, spring 0, Sunday,5749,16.6
frame,,Year 1, spring 0, Sunday,5750,16.7
frame,,Year 1, spring 0, Sunday,5751,16.7
frame,,Year 1, spring 0, Sunday,5752,16.7
frame,,Year 1, spring 0, Sunday,5753,16.7
frame,,Year 1, spring 0, Sunday,5754,16.7
frame,,Year 1, spring 0, Sunday,5755,16.7
frame,,Year 1, spring 0, Sunday,5756,16.7
frame,,Year 1, spring 0, Sunday,5757,16.7
frame,,Year 1, spring 0, Sunday,5758,16.7
frame,,Year 1, spring 0, Sunday,5759,16.7
frame,,Year 1, spring 0, Sunday,5760,16.7
frame,,Year 1, spring 0, Sunday,5761,16.6
frame,,Year 1, spring 0, Sunday,5762,16.7
frame,,Year 1, spring 0, Sunday,5763,16.7
frame,,Year 1, spring 0, Sunday,5764,16.7
frame,,Year 1, spring 0, Sunday,5765,16.6
frame,,Year 1, spring 0, Sunday,5766,16.7
frame,,Year 1, spring 0, Sunday,5767,16.7
frame,,Year 1, spring 0, Sunday,5768,16.7
frame,,Year 1, spring 0, Sunday,5769,16.7
frame,,Year 1, spring 0, Sunday,5770,16.7
frame,,Year 1, spring 0, Sunday,5771,16.7
frame,,Year 1, spring 0, Sunday,5772,16.7
frame,,Year 1, spring 0, Sunday,5773,16.7
frame,,Year 1, spring 0, Sunday,5774,16.7
frame,,Year 1, spring 0, Sunday,5775,16.6
frame,,Year 1, spring 0, Sunday,5776,16.7
frame,,Year 1, spring 0, Sunday,5777,16.7
frame,,Year 1, spring 0, Sunday,5778,16.7
frame,,Year 1, spring 0, Sunday,5779,16.6
frame,,Year 1, spring 0, Sunday,5780,17.0
frame,,Year 1, spring 0, Sunday,5781,16.3
frame,,Year 1, spring 0, Sunday,5782,16.7
frame,,Year 1, spring 0, Sunday,5783,16.8
frame,,Year 1, spring 0, Sunday,5784,16.8
frame,,Year 1, spring 0, Sunday,5785,16.3
frame,,Year 1, spring 0, Sunday,5786,16.7
frame,,Year 1, spring 0, Sunday,5787,16.7
frame,,Year 1, spring 0, Sunday,5788,16.7
frame,,Year 1, spring 0, Sunday,5789,16.7
frame,,Year 1, spring 0, Sunday,5790,16.7
frame,,Year 1, spring 0, Sunday,5791,16.8
frame,,Year 1, spring 0, Sunday,5792,16.5
frame,,Year 1, spring 0, Sunday,5793,17.0
frame,,Year 1, spring 0, Sunday,5794,16.3
frame,,Year 1, spring 0, Sunday,5795,16.7
frame,,Year 1, spring 0, Sunday,5796,16.7
frame,,Year 1, spring 0, Sunday,5797,16.6
frame,,Year 1, spring 0, Sunday,5798,16.7
frame,,Year 1, spring 0, Sunday,5799,17.2
frame,,Year 1, spring 0, Sunday,5800,16.1
frame,,Year 1, spring 0, Sunday,5801,16.7
frame,,Year 1, spring 0, Sunday,5802,16.7
frame,,Year 1, spring 0, Sunday,5803,16.7
frame,,Year 1, spring 0, Sunday,5804,16.6
frame,,Year 1, spring 0, Sunday,5805,17.0
frame,,Year 1, spring 0, Sunday,5806,17.1
frame,,Year 1, spring 0, Sunday,5807,15.9
frame,,Year 1, spring 0, Sunday,5808,16.7
frame,,Year 1, spring 0, Sunday,5809,16.7
frame,,Year 1, spring 0, Sunday,5810,16.7
frame,,Year 1, spring 0, Sunday,5811,16.7
frame,,Year 1, spring 0, Sunday,5812,16.7
frame,,Year 1, spring 0, Sunday,5813,16.6
frame,,Year 1, spring 0, Sunday,5814,16.7
frame,,Year 1, spring 0, Sunday,5815,16.7
frame,,Year 1, spring 0, Sunday,5816,16.7
frame,,Year 1, spring 0, Sunday,5817,16.7
frame,,Year 1, spring 0, Sunday,5818,16.7
frame,,Year 1, spring 0, Sunday,5819,16.7
frame,,Year 1, spring 0, Sunday,5820,16.7
frame,,Year 1, spring 0, Sunday,5821,16.6
frame,,Year 1, spring 0, Sunday,5822,16.7
frame,,Year 1, spring 0, Sunday,5823,16.6
frame,,Year 1, spring 0, Sunday,5824,16.7
frame,,Year 1, spring 0, Sunday,5825,16.9
frame,,Year 1, spring 0, Sunday,5826,16.4
frame,,Year 1, spring 0, Sunday,5827,16.6
frame,,Year 1, spring 0, Sunday,5828,17.0
frame,,Year 1, spring 0, Sunday,5829,16.3
frame,,Year 1, spring 0, Sunday,5830,16.6
frame,,Year 1, spring 0, Sunday,5831,16.7
frame,,Year 1, spring 0, Sunday,5832,16.7
frame,,Year 1, spring 0, Sunday,5833,16.7
frame,,Year 1, spring 0, Sunday,5834,17.5
frame,,Year 1, spring 0, Sunday,5835,15.8
frame,,Year 1, spring 0, Sunday,5836,16.8
frame,,Year 1, spring 0, Sunday,5837,16.6
frame,,Year 1, spring 0, Sunday,5838,16.7
frame,,Year 1, spring 0, Sunday,5839,16.7
frame,,Year 1, spring 0, Sunday,5840,16.6
frame,,Year 1, spring 0, Sunday,5841,16.7
frame,,Year 1, spring 0, Sunday,5842,16.7
frame,,Year 1, spring 0, Sunday,5843,16.7
frame,,Year 1, spring 0, Sunday,5844,16.6
frame,,Year 1, spring 0, Sunday,5845,16.7
frame,,Year 1, spring 0, Sunday,5846,16.6
frame,,Year 1, spring 0, Sunday,5847,16.7
frame,,Year 1, spring 0, Sunday,5848,16.7
frame,,Year 1, spring 0, Sunday,5849,16.7
frame,,Year 1, spring 0, Sunday,5850,16.7
frame,,Year 1, spring 0, Sunday,5851,16.7
frame,,Year 1, spring 0, Sunday,5852,16.7
frame,,Year 1, spring 0, Sunday,5853,16.6
frame,,Year 1, spring 0, Sunday,5854,16.6
frame,,Year 1, spring 0, Sunday,5855,16.7
frame,,Year 1, spring 0, Sunday,5856,16.7
frame,,Year 1, spring 0, Sunday,5857,17.0
frame,,Year 1, spring 0, Sunday,5858,16.3
frame,,Year 1, spring 0, Sunday,5859,16.7
frame,,Year 1, spring 0, Sunday,5860,16.7
frame,,Year 1, spring 0, Sunday,5861,16.7
frame,,Year 1, spring 0, Sunday,5862,16.7
frame,,Year 1, spring 0, Sunday,5863,17.0
frame,,Year 1, spring 0, Sunday,5864,16.2
frame,,Year 1, spring 0, Sunday,5865,16.8
frame,,Year 1, spring 0, Sunday,5866,16.5
frame,,Year 1, spring 0, Sunday,5867,16.7
frame,,Year 1, spring 0, Sunday,5868,16.7
frame,,Year 1, spring 0, Sunday,5869,16.7
frame,,Year 1, spring 0, Sunday,5870,16.7
frame,,Year 1, spring 0, Sunday,5871,16.7
frame,,Year 1, spring 0, Sunday,5872,16.7
frame,,Year 1, spring 0, Sunday,5873,16.7
frame,,Year 1, spring 0, Sunday,5874,16.7
frame,,Year 1, spring 0, Sunday,5875,16.7
frame,,Year 1, spring 0, Sunday,5876,16.6
frame,,Year 1, spring 0, Sunday,5877,16.7
frame,,Year 1, spring 0, Sunday,5878,16.6
frame,,Year 1, spring 0, Sunday,5879,16.6
frame,,Year 1, spring 0, Sunday,5880,16.6
frame,,Year 1, spring 0, Sunday,5881,16.7
frame,,Year 1, spring 0, Sunday,5882,16.7
frame,,Year 1, spring 0, Sunday,5883,16.6
frame,,Year 1, spring 0, Sunday,5884,16.7
frame,,Year 1, spring 0, Sunday,5885,16.6
frame,,Year 1, spring 0, Sunday,5886,16.7
frame,,Year 1, spring 0, Sunday,5887,16.8
frame,,Year 1, spring 0, Sunday,5888,16.6
frame,,Year 1, spring 0, Sunday,5889,16.6
frame,,Year 1, spring 0, Sunday,5890,16.7
frame,,Year 1, spring 0, Sunday,5891,16.7
frame,,Year 1, spring 0, Sunday,5892,16.6
frame,,Year 1, spring 0, Sunday,5893,16.7
frame,,Year 1, spring 0, Sunday,5894,16.7
frame,,Year 1, spring 0, Sunday,5895,16.9
frame,,Year 1, spring 0, Sunday,5896,16.4
frame,,Year 1, spring 0, Sunday,5897,16.7
frame,,Year 1, spring 0, Sunday,5898,16.7
frame,,Year 1, spring 0, Sunday,5899,16.7
frame,,Year 1, spring 0, Sunday,5900,16.7
frame,,Year 1, spring 0, Sunday,5901,16.7
frame,,Year 1, spring 0, Sunday,5902,16.7
frame,,Year 1, spring 0, Sunday,5903,17.1
frame,,Year 1, spring 0, Sunday,5904,16.2
frame,,Year 1, spring 0, Sunday,5905,16.7
frame,,Year 1, spring 0, Sunday,5906,16.7
frame,,Year 1, spring 0, Sunday,5907,16.7
frame,,Year 1, spring 0, Sunday,5908,16.7
frame,,Year 1, spring 0, Sunday,5909,16.6
frame,,Year 1, spring 0, Sunday,5910,16.7
frame,,Year 1, spring 0, Sunday,5911,16.7
frame,,Year 1, spring 0, Sunday,5912,16.7
frame,,Year 1, spring 0, Sunday,5913,16.7
frame,,Year 1, spring 0, Sunday,5914,16.7
frame,,Year 1, spring 0, Sunday,5915,16.7
frame,,Year 1, spring 0, Sunday,5916,16.7
frame,,Year 1, spring 0, Sunday,5917,16.7
frame,,Year 1, spring 0, Sunday,5918,16.8
frame,,Year 1, spring 0, Sunday,5919,16.5
frame,,Year 1, spring 0, Sunday,5920,16.7
frame,,Year 1, spring 0, Sunday,5921,16.7
frame,,Year 1, spring 0, Sunday,5922,16.7
frame,,Year 1, spring 0, Sunday,5923,16.7
frame,,Year 1, spring 0, Sunday,5924,16.7
frame,,Year 1, spring 0, Sunday,5925,16.7
frame,,Year 1, spring 0, Sunday,5926,16.7
frame,,Year 1, spring 0, Sunday,5927,16.6
frame,,Year 1, spring 0, Sunday,5928,16.7
frame,,Year 1, spring 0, Sunday,5929,16.6
frame,,Year 1, spring 0, Sunday,5930,16.6
frame,,Year 1, spring 0, Sunday,5931,16.9
frame,,Year 1, spring 0, Sunday,5932,16.4
frame,,Year 1, spring 0, Sunday,5933,16.8
frame,,Year 1, spring 0, Sunday,5934,16.6
frame,,Year 1, spring 0, Sunday,5935,16.7
frame,,Year 1, spring 0, Sunday,5936,16.7
frame,,Year 1, spring 0, Sunday,5937,16.7
frame,,Year 1, spring 0, Sunday,5938,16.7
frame,,Year 1, spring 0, Sunday,5939,16.7
frame,,Year 1, spring 0, Sunday,5940,17.0
frame,,Year 1, spring 0, Sunday,5941,16.6
frame,,Year 1, spring 0, Sunday,5942,16.4
frame,,Year 1, spring 0, Sunday,5943,16.7
frame,,Year 1, spring 0, Sunday,5944,16.6
frame,,Year 1, spring 0, Sunday,5945,16.7
frame,,Year 1, spring 0, Sunday,5946,16.6
frame,,Year 1, spring 0, Sunday,5947,16.7
frame,,Year 1, spring 0, Sunday,5948,16.7
frame,,Year 1, spring 0, Sunday,5949,16.6
frame,,Year 1, spring 0, Sunday,5950,16.6
frame,,Year 1, spring 0, Sunday,5951,16.7
frame,,Year 1, spring 0, Sunday,5952,16.6
frame,,Year 1, spring 0, Sunday,5953,16.7
frame,,Year 1, spring 0, Sunday,5954,16.6
frame,,Year 1, spring 0, Sunday,5955,16.7
frame,,Year 1, spring 0, Sunday,5956,16.6
frame,,Year 1, spring 0, Sunday,5957,17.2
frame,,Year 1, spring 0, Sunday,5958,16.1
frame,,Year 1, spring 0, Sunday,5959,16.6
frame,,Year 1, spring 0, Sunday,5960,16.7
frame,,Year 1, spring 0, Sunday,5961,16.6
frame,,Year 1, spring 0, Sunday,5962,17.0
frame,,Year 1, spring 0, Sunday,5963,16.7
frame,,Year 1, spring 0, Sunday,5964,16.3
frame,,Year 1, spring 0, Sunday,5965,16.7
frame,,Year 1, spring 0, Sunday,5966,16.7
frame,,Year 1, spring 0, Sunday,5967,16.6
frame,,Year 1, spring 0, Sunday,5968,16.7
frame,,Year 1, spring 0, Sunday,5969,16.7
frame,,Year 1, spring 0, Sunday,5970,16.7
frame,,Year 1, spring 0, Sunday,5971,16.7
frame,,Year 1, spring 0, Sunday,5972,16.7
frame,,Year 1, spring 0, Sunday,5973,16.6
frame,,Year 1, spring 0, Sunday,5974,16.7
frame,,Year 1, spring 0, Sunday,5975,16.6
frame,,Year 1, spring 0, Sunday,5976,16.7
frame,,Year 1, spring 0, Sunday,5977,17.0
frame,,Year 1, spring 0, Sunday,5978,16.3
frame,,Year 1, spring 0, Sunday,5979,16.7
frame,,Year 1, spring 0, Sunday,5980,16.6
frame,,Year 1, spring 0, Sunday,5981,16.6
frame,,Year 1, spring 0, Sunday,5982,16.7
frame,,Year 1, spring 0, Sunday,5983,16.7
frame,,Year 1, spring 0, Sunday,5984,16.7
frame,,Year 1, spring 0, Sunday,5985,16.7
frame,,Year 1, spring 0, Sunday,5986,16.7
frame,,Year 1, spring 0, Sunday,5987,16.6
frame,,Year 1, spring 0, Sunday,5988,16.7
frame,,Year 1, spring 0, Sunday,5989,16.6
frame,,Year 1, spring 0, Sunday,5990,16.7
frame,,Year 1, spring 0, Sunday,5991,16.7
frame,,Year 1, spring 0, Sunday,5992,16.7
frame,,Year 1, spring 0, Sunday,5993,16.7
frame,,Year 1, spring 0, Sunday,5994,16.7
frame,,Year 1, spring 0, Sunday,5995,16.6
frame,,Year 1, spring 0, Sunday,5996,16.7
frame,,Year 1, spring 0, Sunday,5997,16.7
frame,,Year 1, spring 0, Sunday,5998,16.7
frame,,Year 1, spring 0, Sunday,5999,16.6
lag,,Year 1, spring 0, Sunday,9647,52.7
lag,,Year 1, spring 0, Sunday,9648,156.9
lag,,Year 1, spring 0, Sunday,9660,122.8
lag,,Year 1, spring 0, Sunday,9661,50.8
lag,,Year 1, spring 0, Sunday,9675,114.7
lag,,Year 1, spring 0, Sunday,11408,727.2
lag,,Year 1, spring 0, Sunday,11438,103.0
frame,,Year 1, spring 0, Sunday,11120,20.7
frame,,Year 1, spring 0, Sunday,11121,21.1
frame,,Year 1, spring 0, Sunday,11122,20.8
frame,,Year 1, spring 0, Sunday,11123,21.9
frame,,Year 1, spring 0, Sunday,11124,0.0
frame,,Year 1, spring 0, Sunday,11125,20.8
frame,,Year 1, spring 0, Sunday,11126,21.0
frame,,Year 1, spring 0, Sunday,11127,21.3
frame,,Year 1, spring 0, Sunday,11128,21.2
frame,,Year 1, spring 0, Sunday,11129,0.1
frame,,Year 1, spring 0, Sunday,11130,20.5
frame,,Year 1, spring 0, Sunday,11131,20.7
frame,,Year 1, spring 0, Sunday,11132,21.0
frame,,Year 1, spring 0, Sunday,11133,20.8
frame,,Year 1, spring 0, Sunday,11134,0.0
frame,,Year 1, spring 0, Sunday,11135,21.4
frame,,Year 1, spring 0, Sunday,11136,21.0
frame,,Year 1, spring 0, Sunday,11137,20.7
frame,,Year 1, spring 0, Sunday,11138,0.0
frame,,Year 1, spring 0, Sunday,11139,21.1
frame,,Year 1, spring 0, Sunday,11140,21.2
frame,,Year 1, spring 0, Sunday,11141,21.0
frame,,Year 1, spring 0, Sunday,11142,21.1
frame,,Year 1, spring 0, Sunday,11143,0.1
frame,,Year 1, spring 0, Sunday,11144,20.8
frame,,Year 1, spring 0, Sunday,11145,20.4
frame,,Year 1, spring 0, Sunday,11146,20.5
frame,,Year 1, spring 0, Sunday,11147,20.8
frame,,Year 1, spring 0, Sunday,11148,0.0
frame,,Year 1, spring 0, Sunday,11149,20.8
frame,,Year 1, spring 0, Sunday,11150,20.7
frame,,Year 1, spring 0, Sunday,11151,20.7
frame,,Year 1, spring 0, Sunday,11152,21.1
frame,,Year 1, spring 0, Sunday,11153,0.0
frame,,Year 1, spring 0, Sunday,11154,20.7
frame,,Year 1, spring 0, Sunday,11155,20.9
frame,,Year 1, spring 0, Sunday,11156,20.9
frame,,Year 1, spring 0, Sunday,11157,21.8
frame,,Year 1, spring 0, Sunday,11158,0.0
frame,,Year 1, spring 0, Sunday,11159,21.7
frame,,Year 1, spring 0, Sunday,11160,22.4
frame,,Year 1, spring 0, Sunday,11161,21.1
frame,,Year 1, spring 0, Sunday,11162,0.1
frame,,Year 1, spring 0, Sunday,11163,22.1
frame,,Year 1, spring 0, Sunday,11164,21.0
frame,,Year 1, spring 0, Sunday,11165,21.3
frame,,Year 1, spring 0, Sunday,11166,20.6
frame,,Year 1, spring 0, Sunday,11167,0.2
frame,,Year 1, spring 0, Sunday,11168,21.6
frame,,Year 1, spring 0, Sunday,11169,21.6
frame,,Year 1, spring 0, Sunday,11170,20.9
frame,,Year 1, spring 0, Sunday,11171,20.8
frame,,Year 1, spring 0, Sunday,11172,0.0
frame,,Year 1, spring 0, Sunday,11173,20.9
frame,,Year 1, spring 0, Sunday,11174,21.0
frame,,Year 1, spring 0, Sunday,11175,20.9
frame,,Year 1, spring 0, Sunday,11176,0.0
frame,,Year 1, spring 0, Sunday,11177,21.0
frame,,Year 1, spring 0, Sunday,11178,20.9
frame,,Year 1, spring 0, Sunday,11179,20.8
frame,,Year 1, spring 0, Sunday,11180,20.7
frame,,Year 1, spring 0, Sunday,11181,0.0
frame,,Year 1, spring 0, Sunday,11182,21.3
frame,,Year 1, spring 0, Sunday,11183,20.4
frame,,Year 1, spring 0, Sunday,11184,21.1
frame,,Year 1, spring 0, Sunday,11185,21.3
frame,,Year 1, spring 0, Sunday,11186,0.0
frame,,Year 1, spring 0, Sunday,11187,20.8
frame,,Year 1, spring 0, Sunday,11188,21.0
frame,,Year 1, spring 0, Sunday,11189,21.1
frame,,Year 1, spring 0, Sunday,11190,20.5
frame,,Year 1, spring 0, Sunday,11191,0.0
frame,,Year 1, spring 0, Sunday,11192,20.9
frame,,Year 1, spring 0, Sunday,11193,21.0
frame,,Year 1, spring 0, Sunday,11194,20.8
frame,,Year 1, spring 0, Sunday,11195,20.8
frame,,Year 1, spring 0, Sunday,11196,0.1
frame,,Year 1, spring 0, Sunday,11197,20.8
frame,,Year 1, spring 0, Sunday,11198,21.3
frame,,Year 1, spring 0, Sunday,11199,21.1
frame,,Year 1, spring 0, Sunday,11200,20.8
frame,,Year 1, spring 0, Sunday,11201,0.0
frame,,Year 1, spring 0, Sunday,11202,20.6
frame,,Year 1, spring 0, Sunday,11203,20.5
frame,,Year 1, spring 0, Sunday,11204,21.1
frame,,Year 1, spring 0, Sunday,11205,21.2
frame,,Year 1, spring 0, Sunday,11206,0.0
frame,,Year 1, spring 0, Sunday,11207,21.1
frame,,Year 1, spring 0, Sunday,11208,21.2
frame,,Year 1, spring 0, Sunday,11209,20.6
frame,,Year 1, spring 0, Sunday,11210,21.2
frame,,Year 1, spring 0, Sunday,11211,0.1
frame,,Year 1, spring 0, Sunday,11212,20.7
frame,,Year 1, spring 0, Sunday,11213,21.0
frame,,Year 1, spring 0, Sunday,11214,21.1
frame,,Year 1, spring 0, Sunday,11215,20.9
frame,,Year 1, spring 0, Sunday,11216,0.0
frame,,Year 1, spring 0, Sunday,11217,20.8
frame,,Year 1, spring 0, Sunday,11218,20.8
frame,,Year 1, spring 0, Sunday,11219,20.8
frame,,Year 1, spring 0, Sunday,11220,21.1
frame,,Year 1, spring 0, Sunday,11221,0.0
frame,,Year 1, spring 0, Sunday,11222,21.1
frame,,Year 1, spring 0, Sunday,11223,21.1
frame,,Year 1, spring 0, Sunday,11224,20.8
frame,,Year 1, spring 0, Sunday,11225,21.0
frame,,Year 1, spring 0, Sunday,11226,0.0
frame,,Year 1, spring 0, Sunday,11227,21.3
frame,,Year 1, spring 0, Sunday,11228,20.5
frame,,Year 1, spring 0, Sunday,11229,21.6
frame,,Year 1, spring 0, Sunday,11230,0.0
frame,,Year 1, spring 0, Sunday,11231,20.7
frame,,Year 1, spring 0, Sunday,11232,21.1
frame,,Year 1, spring 0, Sunday,11233,20.9
frame,,Year 1, spring 0, Sunday,11234,21.0
frame,,Year 1, spring 0, Sunday,11235,0.1
frame,,Year 1, spring 0, Sunday,11236,21.0
frame,,Year 1, spring 0, Sunday,11237,20.7
frame,,Year 1, spring 0, Sunday,11238,21.4
frame,,Year 1, spring 0, Sunday,11239,21.1
frame,,Year 1, spring 0, Sunday,11240,0.0
frame,,Year 1, spring 0, Sunday,11241,21.2
frame,,Year 1, spring 0, Sunday,11242,21.0
frame,,Year 1, spring 0, Sunday,11243,20.6
frame,,Year 1, spring 0, Sunday,11244,21.0
frame,,Year 1, spring 0, Sunday,11245,0.0
frame,,Year 1, spring 0, Sunday,11246,21.5
frame,,Year 1, spring 0, Sunday,11247,20.5
frame,,Year 1, spring 0, Sunday,11248,21.4
frame,,Year 1, spring 0, Sunday,11249,20.6
frame,,Year 1, spring 0, Sunday,11250,0.0
frame,,Year 1, spring 0, Sunday,11251,21.3
frame,,Year 1, spring 0, Sunday,11252,21.1
frame,,Year 1, spring 0, Sunday,11253,20.5
frame,,Year 1, spring 0, Sunday,11254,20.7
frame,,Year 1, spring 0, Sunday,11255,0.0
frame,,Year 1, spring 0, Sunday,11256,21.2
frame,,Year 1, spring 0, Sunday,11257,21.1
frame,,Year 1, spring 0, Sunday,11258,20.8
frame,,Year 1, spring 0, Sunday,11259,0.0
frame,,Year 1, spring 0, Sunday,11260,20.9
frame,,Year 1, spring 0, Sunday,11261,21.5
frame,,Year 1, spring 0, Sunday,11262,20.6
frame,,Year 1, spring 0, Sunday,11263,21.3
frame,,Year 1, spring 0, Sunday,11264,0.1
frame,,Year 1, spring 0, Sunday,11265,20.6
frame,,Year 1, spring 0, Sunday,11266,20.9
frame,,Year 1, spring 0, Sunday,11267,21.1
frame,,Year 1, spring 0, Sunday,11268,20.7
frame,,Year 1, spring 0, Sunday,11269,0.0
frame,,Year 1, spring 0, Sunday,11270,20.9
frame,,Year 1, spring 0, Sunday,11271,20.5
frame,,Year 1, spring 0, Sunday,11272,21.5
frame,,Year 1, spring 0, Sunday,11273,21.1
frame,,Year 1, spring 0, Sunday,11274,0.0
frame,,Year 1, spring 0, Sunday,11275,15.3
frame,,Year 1, spring 0, Sunday,11276,16.1
frame,,Year 1, spring 0, Sunday,11277,16.7
frame,,Year 1, spring 0, Sunday,11278,21.8
frame,,Year 1, spring 0, Sunday,11279,42.5
frame,,Year 1, spring 0, Sunday,11280,0.7
frame,,Year 1, spring 0, Sunday,11281,5.0
frame,,Year 1, spring 0, Sunday,11282,31.9
frame,,Year 1, spring 0, Sunday,11283,0.0
frame,,Year 1, spring 0, Sunday,11284,14.7
frame,,Year 1, spring 0, Sunday,11285,16.6
frame,,Year 1, spring 0, Sunday,11286,16.7
frame,,Year 1, spring 0, Sunday,11287,16.6
frame,,Year 1, spring 0, Sunday,11288,16.7
frame,,Year 1, spring 0, Sunday,11289,16.7
frame,,Year 1, spring 0, Sunday,11290,16.7
frame,,Year 1, spring 0, Sunday,11291,16.7
frame,,Year 1, spring 0, Sunday,11292,17.0
frame,,Year 1, spring 0, Sunday,11293,16.4
frame,,Year 1, spring 0, Sunday,11294,16.6
frame,,Year 1, spring 0, Sunday,11295,16.6
frame,,Year 1, spring 0, Sunday,11296,16.7
frame,,Year 1, spring 0, Sunday,11297,16.6
frame,,Year 1, spring 0, Sunday,11298,16.9
frame,,Year 1, spring 0, Sunday,11299,16.4
frame,,Year 1, spring 0, Sunday,11300,16.8
frame,,Year 1, spring 0, Sunday,11301,16.5
frame,,Year 1, spring 0, Sunday,11302,16.7
frame,,Year 1, spring 0, Sunday,11303,16.6
frame,,Year 1, spring 0, Sunday,11304,16.7
frame,,Year 1, spring 0, Sunday,11305,16.7
frame,,Year 1, spring 0, Sunday,11306,16.7
frame,,Year 1, spring 0, Sunday,11307,16.7
frame,,Year 1, spring 0, Sunday,11308,16.6
frame,,Year 1, spring 0, Sunday,11309,16.6
frame,,Year 1, spring 0, Sunday,11310,16.7
frame,,Year 1, spring 0, Sunday,11311,16.7
frame,,Year 1, spring 0, Sunday,11312,16.7
frame,,Year 1, spring 0, Sunday,11313,16.8
frame,,Year 1, spring 0, Sunday,11314,16.6
frame,,Year 1, spring 0, Sunday,11315,16.7
frame,,Year 1, spring 0, Sunday,11316,16.7
frame,,Year 1, spring 0, Sunday,11317,16.7
frame,,Year 1, spring 0, Sunday,11318,16.6
frame,,Year 1, spring 0, Sunday,11319,16.7
frame,,Year 1, spring 0, Sunday,11320,16.7
frame,,Year 1, spring 0, Sunday,11321,16.7
frame,,Year 1, spring 0, Sunday,11322,16.6
frame,,Year 1, spring 0, Sunday,11323,16.7
frame,,Year 1, spring 0, Sunday,11324,16.6
frame,,Year 1, spring 0, Sunday,11325,16.7
frame,,Year 1, spring 0, Sunday,11326,16.8
frame,,Year 1, spring 0, Sunday,11327,16.5
frame,,Year 1, spring 0, Sunday,11328,16.7
frame,,Year 1, spring 0, Sunday,11329,16.6
frame,,Year 1, spring 0, Sunday,11330,16.7
frame,,Year 1, spring 0, Sunday,11331,16.7
frame,,Year 1, spring 0, Sunday,11332,16.7
frame,,Year 1, spring 0, Sunday,11333,16.7
frame,,Year 1, spring 0, Sunday,11334,16.7
frame,,Year 1, spring 0, Sunday,11335,16.6
frame,,Year 1, spring 0, Sunday,11336,16.7
frame,,Year 1, spring 0, Sunday,11337,17.0
frame,,Year 1, spring 0, Sunday,11338,16.3
frame,,Year 1, spring 0, Sunday,11339,16.7
frame,,Year 1, spring 0, Sunday,11340,16.6
frame,,Year 1, spring 0, Sunday,11341,16.7
frame,,Year 1, spring 0, Sunday,11342,16.6
frame,,Year 1, spring 0, Sunday,11343,16.7
frame,,Year 1, spring 0, Sunday,11344,16.7
frame,,Year 1, spring 0, Sunday,11345,16.7
frame,,Year 1, spring 0, Sunday,11346,16.6
frame,,Year 1, spring 0, Sunday,11347,16.7
frame,,Year 1, spring 0, Sunday,11348,16.6
frame,,Year 1, spring 0, Sunday,11349,16.8
frame,,Year 1, spring 0, Sunday,11350,16.6
frame,,Year 1, spring 0, Sunday,11351,16.7
frame,,Year 1, spring 0, Sunday,11352,16.6
frame,,Year 1, spring 0, Sunday,11353,16.6
frame,,Year 1, spring 0, Sunday,11354,16.7
frame,,Year 1, spring 0, Sunday,11355,16.7
frame,,Year 1, spring 0, Sunday,11356,16.7
frame,,Year 1, spring 0, Sunday,11357,16.7
frame,,Year 1, spring 0, Sunday,11358,16.7
frame,,Year 1, spring 0, Sunday,11359,16.7
frame,,Year 1, spring 0, Sunday,11360,16.6
frame,,Year 1, spring 0, Sunday,11361,16.7
frame,,Year 1, spring 0, Sunday,11362,16.7
frame,,Year 1, spring 0, Sunday,11363,16.7
frame,,Year 1, spring 0, Sunday,11364,16.7
frame,,Year 1, spring 0, Sunday,11365,16.8
frame,,Year 1, spring 0, Sunday,11366,16.5
frame,,Year 1, spring 0, Sunday,11367,16.7
frame,,Year 1, spring 0, Sunday,11368,16.7
frame,,Year 1, spring 0, Sunday,11369,16.7
frame,,Year 1, spring 0, Sunday,11370,16.7
frame,,Year 1, spring 0, Sunday,11371,16.7
frame,,Year 1, spring 0, Sunday,11372,16.7
frame,,Year 1, spring 0, Sunday,11373,16.7
frame,,Year 1, spring 0, Sunday,11374,16.7
frame,,Year 1, spring 0, Sunday,11375,16.7
frame,,Year 1, spring 0, Sunday,11376,16.7
frame,,Year 1, spring 0, Sunday,11377,16.7
frame,,Year 1, spring 0, Sunday,11378,16.7
frame,,Year 1, spring 0, Sunday,11379,16.6
frame,,Year 1, spring 0, Sunday,11380,16.7
frame,,Year 1, spring 0, Sunday,11381,16.7
frame,,Year 1, spring 0, Sunday,11382,16.6
frame,,Year 1, spring 0, Sunday,11383,16.7
frame,,Year 1, spring 0, Sunday,11384,16.6
frame,,Year 1, spring 0, Sunday,11385,16.6
frame,,Year 1, spring 0, Sunday,11386,16.7
frame,,Year 1, spring 0, Sunday,11387,16.7
frame,,Year 1, spring 0, Sunday,11388,16.7
frame,,Year 1, spring 0, Sunday,11389,16.6
frame,,Year 1, spring 0, Sunday,11390,16.7
frame,,Year 1, spring 0, Sunday,11391,16.7
frame,,Year 1, spring 0, Sunday,11392,16.6
frame,,Year 1, spring 0, Sunday,11393,16.7
frame,,Year 1, spring 0, Sunday,11394,16.7
frame,,Year 1, spring 0, Sunday,11395,16.9
frame,,Year 1, spring 0, Sunday,11396,16.5
frame,,Year 1, spring 0, Sunday,11397,16.7
frame,,Year 1, spring 0, Sunday,11398,16.7
frame,,Year 1, spring 0, Sunday,11399,16.7
frame,,Year 1, spring 0, Sunday,11400,16.7
frame,,Year 1, spring 0, Sunday,11401,16.7
frame,,Year 1, spring 0, Sunday,11402,16.7
frame,,Year 1, spring 0, Sunday,11403,16.6
frame,,Year 1, spring 0, Sunday,11404,16.7
frame,,Year 1, spring 0, Sunday,11405,16.7
frame,,Year 1, spring 0, Sunday,11406,16.6
frame,,Year 1, spring 0, Sunday,11407,500.0
frame,,Year 1, spring 0, Sunday,11408,34.0
frame,,Year 1, spring 0, Sunday,11409,0.1
frame,,Year 1, spring 0, Sunday,11410,0.0
frame,,Year 1, spring 0, Sunday,11411,0.0
frame,,Year 1, spring 0, Sunday,11412,0.0
frame,,Year 1, spring 0, Sunday,11413,0.0
frame,,Year 1, spring 0, Sunday,11414,0.0
frame,,Year 1, spring 0, Sunday,11415,0.0
frame,,Year 1, spring 0, Sunday,11416,0.0
frame,,Year 1, spring 0, Sunday,11417,0.0
frame,,Year 1, spring 0, Sunday,11418,0.0
frame,,Year 1, spring 0, Sunday,11419,0.0
frame,,Year 1, spring 0, Sunday,11420,0.0
frame,,Year 1, spring 0, Sunday,11421,0.0
frame,,Year 1, spring 0, Sunday,11422,0.0
frame,,Year 1, spring 0, Sunday,11423,0.0
frame,,Year 1, spring 0, Sunday,11424,0.0
frame,,Year 1, spring 0, Sunday,11425,0.0
frame,,Year 1, spring 0, Sunday,11426,0.0
frame,,Year 1, spring 0, Sunday,11427,0.0
frame,,Year 1, spring 0, Sunday,11428,0.0
frame,,Year 1, spring 0, Sunday,11429,0.0
frame,,Year 1, spring 0, Sunday,11430,0.0
frame,,Year 1, spring 0, Sunday,11431,0.0
frame,,Year 1, spring 0, Sunday,11432,0.0
frame,,Year 1, spring 0, Sunday,11433,0.0
frame,,Year 1, spring 0, Sunday,11434,0.0
frame,,Year 1, spring 0, Sunday,11435,0.0
frame,,Year 1, spring 0, Sunday,11436,0.0
frame,,Year 1, spring 0, Sunday,11437,103.0
frame,,Year 1, spring 0, Sunday,11438,0.0
frame,,Year 1, spring 0, Sunday,11439,0.0
frame,,Year 1, spring 0, Sunday,11440,0.0
frame,,Year 1, spring 0, Sunday,11441,0.0
frame,,Year 1, spring 0, Sunday,11442,0.0
frame,,Year 1, spring 0, Sunday,11443,0.0
frame,,Year 1, spring 0, Sunday,11444,0.0
frame,,Year 1, spring 0, Sunday,11445,3.8
frame,,Year 1, spring 0, Sunday,11446,16.7
frame,,Year 1, spring 0, Sunday,11447,16.7
frame,,Year 1, spring 0, Sunday,11448,16.7
frame,,Year 1, spring 0, Sunday,11449,16.7
frame,,Year 1, spring 0, Sunday,11450,16.7
frame,,Year 1, spring 0, Sunday,11451,16.7
frame,,Year 1, spring 0, Sunday,11452,16.6
frame,,Year 1, spring 0, Sunday,11453,16.7
frame,,Year 1, spring 0, Sunday,11454,16.7
frame,,Year 1, spring 0, Sunday,11455,16.7
frame,,Year 1, spring 0, Sunday,11456,16.6
frame,,Year 1, spring 0, Sunday,11457,16.7
frame,,Year 1, spring 0, Sunday,11458,16.7
frame,,Year 1, spring 0, Sunday,11459,16.7
frame,,Year 1, spring 0, Sunday,11460,16.6
frame,,Year 1, spring 0, Sunday,11461,16.7
frame,,Year 1, spring 0, Sunday,11462,16.8
frame,,Year 1, spring 0, Sunday,11463,16.6
frame,,Year 1, spring 0, Sunday,11464,16.7
frame,,Year 1, spring 0, Sunday,11465,16.7
frame,,Year 1, spring 0, Sunday,11466,16.6
frame,,Year 1, spring 0, Sunday,11467,16.7
frame,,Year 1, spring 0, Sunday,11468,16.9
frame,,Year 1, spring 0, Sunday,11469,16.5
frame,,Year 1, spring 0, Sunday,11470,16.6
frame,,Year 1, spring 0, Sunday,11471,16.6
frame,,Year 1, spring 0, Sunday,11472,16.6
frame,,Year 1, spring 0, Sunday,11473,16.7
frame,,Year 1, spring 0, Sunday,11474,16.7
frame,,Year 1, spring 0, Sunday,11475,16.7
frame,,Year 1, spring 0, Sunday,11476,16.7
frame,,Year 1, spring 0, Sunday,11477,16.7
frame,,Year 1, spring 0, Sunday,11478,16.7
frame,,Year 1, spring 0, Sunday,11479,16.7
frame,,Year 1, spring 0, Sunday,11480,16.7
frame,,Year 1, spring 0, Sunday,11481,16.7
frame,,Year 1, spring 0, Sunday,11482,16.7
frame,,Year 1, spring 0, Sunday,11483,16.7
frame,,Year 1, spring 0, Sunday,11484,16.6
frame,,Year 1, spring 0, Sunday,11485,16.7
frame,,Year 1, spring 0, Sunday,11486,16.6
frame,,Year 1, spring 0, Sunday,11487,16.7
frame,,Year 1, spring 0, Sunday,11488,16.7
frame,,Year 1, spring 0, Sunday,11489,16.7
frame,,Year 1, spring 0, Sunday,11490,16.7
frame,,Year 1, spring 0, Sunday,11491,16.8
frame,,Year 1, spring 0, Sunday,11492,16.6
frame,,Year 1, spring 0, Sunday,11493,16.6
frame,,Year 1, spring 0, Sunday,11494,16.7
frame,,Year 1, spring 0, Sunday,11495,16.9
frame,,Year 1, spring 0, Sunday,11496,16.5
frame,,Year 1, spring 0, Sunday,11497,16.6
frame,,Year 1, spring 0, Sunday,11498,16.7
frame,,Year 1, spring 0, Sunday,11499,16.7
frame,,Year 1, spring 0, Sunday,11500,16.6
frame,,Year 1, spring 0, Sunday,11501,16.8
frame,,Year 1, spring 0, Sunday,11502,16.6
frame,,Year 1, spring 0, Sunday,11503,16.6
frame,,Year 1, spring 0, Sunday,11504,16.7
frame,,Year 1, spring 0, Sunday,11505,16.6
frame,,Year 1, spring 0, Sunday,11506,16.7
frame,,Year 1, spring 0, Sunday,11507,16.7
frame,,Year 1, spring 0, Sunday,11508,16.6
frame,,Year 1, spring 0, Sunday,11509,16.7
frame,,Year 1, spring 0, Sunday,11510,16.7
frame,,Year 1, spring 0, Sunday,11511,16.7
frame,,Year 1, spring 0, Sunday,11512,17.1
frame,,Year 1, spring 0, Sunday,11513,16.3
frame,,Year 1, spring 0, Sunday,11514,16.6
frame,,Year 1, spring 0, Sunday,11515,16.7
frame,,Year 1, spring 0, Sunday,11516,16.6
frame,,Year 1, spring 0, Sunday,11517,16.7
frame,,Year 1, spring 0, Sunday,11518,16.7
frame,,Year 1, spring 0, Sunday,11519,16.6
frame,,Year 1, spring 0, Sunday,11520,16.7
frame,,Year 1, spring 0, Sunday,11521,16.7
frame,,Year 1, spring 0, Sunday,11522,16.6
frame,,Year 1, spring 0, Sunday,11523,16.7
frame,,Year 1, spring 0, Sunday,11524,16.7
frame,,Year 1, spring 0, Sunday,11525,16.7
frame,,Year 1, spring 0, Sunday,11526,16.6
frame,,Year 1, spring 0, Sunday,11527,16.7
frame,,Year 1, spring 0, Sunday,11528,16.6
frame,,Year 1, spring 0, Sunday,11529,16.7
frame,,Year 1, spring 0, Sunday,11530,16.7
frame,,Year 1, spring 0, Sunday,11531,16.6
frame,,Year 1, spring 0, Sunday,11532,16.6
frame,,Year 1, spring 0, Sunday,11533,16.7
frame,,Year 1, spring 0, Sunday,11534,16.7
frame,,Year 1, spring 0, Sunday,11535,16.6
frame,,Year 1, spring 0, Sunday,11536,16.7
frame,,Year 1, spring 0, Sunday,11537,16.7
frame,,Year 1, spring 0, Sunday,11538,16.6
frame,,Year 1, spring 0, Sunday,11539,16.7
frame,,Year 1, spring 0, Sunday,11540,16.7
frame,,Year 1, spring 0, Sunday,11541,16.7
frame,,Year 1, spring 0, Sunday,11542,16.7
frame,,Year 1, spring 0, Sunday,11543,16.7
frame,,Year 1, spring 0, Sunday,11544,16.8
frame,,Year 1, spring 0, Sunday,11545,16.6
frame,,Year 1, spring 0, Sunday,11546,16.7
frame,,Year 1, spring 0, Sunday,11547,16.7
frame,,Year 1, spring 0, Sunday,11548,16.7
frame,,Year 1, spring 0, Sunday,11549,16.7
frame,,Year 1, spring 0, Sunday,11550,16.7
frame,,Year 1, spring 0, Sunday,11551,16.7
frame,,Year 1, spring 0, Sunday,11552,16.6
frame,,Year 1, spring 0, Sunday,11553,16.7
frame,,Year 1, spring 0, Sunday,11554,16.7
frame,,Year 1, spring 0, Sunday,11555,16.7
frame,,Year 1, spring 0, Sunday,11556,16.7
frame,,Year 1, spring 0, Sunday,11557,16.6
frame,,Year 1, spring 0, Sunday,11558,16.7
frame,,Year 1, spring 0, Sunday,11559,16.6
frame,,Year 1, spring 0, Sunday,11560,16.7
frame,,Year 1, spring 0, Sunday,11561,16.7
frame,,Year 1, spring 0, Sunday,11562,16.7
frame,,Year 1, spring 0, Sunday,11563,16.7
frame,,Year 1, spring 0, Sunday,11564,16.7
frame,,Year 1, spring 0, Sunday,11565,16.7
frame,,Year 1, spring 0, Sunday,11566,16.7
frame,,Year 1, spring 0, Sunday,11567,16.6
frame,,Year 1, spring 0, Sunday,11568,16.7
frame,,Year 1, spring 0, Sunday,11569,16.7
frame,,Year 1, spring 0, Sunday,11570,16.6
frame,,Year 1, spring 0, Sunday,11571,16.7
frame,,Year 1, spring 0, Sunday,11572,16.7
frame,,Year 1, spring 0, Sunday,11573,16.6
frame,,Year 1, spring 0, Sunday,11574,16.8
frame,,Year 1, spring 0, Sunday,11575,16.5
frame,,Year 1, spring 0, Sunday,11576,16.6
frame,,Year 1, spring 0, Sunday,11577,16.7
frame,,Year 1, spring 0, Sunday,11578,16.7
frame,,Year 1, spring 0, Sunday,11579,16.7
frame,,Year 1, spring 0, Sunday,11580,16.7
frame,,Year 1, spring 0, Sunday,11581,16.6
frame,,Year 1, spring 0, Sunday,11582,16.6
frame,,Year 1, spring 0, Sunday,11583,16.8
frame,,Year 1, spring 0, Sunday,11584,16.5
frame,,Year 1, spring 0, Sunday,11585,16.6
frame,,Year 1, spring 0, Sunday,11586,16.7
frame,,Year 1, spring 0, Sunday,11587,16.7
frame,,Year 1, spring 0, Sunday,11588,16.7
frame,,Year 1, spring 0, Sunday,11589,16.7
frame,,Year 1, spring 0, Sunday,11590,16.7
frame,,Year 1, spring 0, Sunday,11591,16.7
frame,,Year 1, spring 0, Sunday,11592,16.7
frame,,Year 1, spring 0, Sunday,11593,16.7
frame,,Year 1, spring 0, Sunday,11594,16.7
frame,,Year 1, spring 0, Sunday,11595,16.7
frame,,Year 1, spring 0, Sunday,11596,16.7
frame,,Year 1, spring 0, Sunday,11597,16.6
frame,,Year 1, spring 0, Sunday,11598,16.7
frame,,Year 1, spring 0, Sunday,11599,16.7
frame,,Year 1, spring 0, Sunday,11600,16.7
frame,,Year 1, spring 0, Sunday,11601,16.6
frame,,Year 1, spring 0, Sunday,11602,16.7
frame,,Year 1, spring 0, Sunday,11603,16.7
frame,,Year 1, spring 0, Sunday,11604,16.7
frame,,Year 1, spring 0, Sunday,11605,16.7
frame,,Year 1, spring 0, Sunday,11606,16.7
frame,,Year 1, spring 0, Sunday,11607,16.7
frame,,Year 1, spring 0, Sunday,11608,16.7
frame,,Year 1, spring 0, Sunday,11609,16.6
frame,,Year 1, spring 0, Sunday,11610,16.7
frame,,Year 1, spring 0, Sunday,11611,16.7
frame,,Year 1, spring 0, Sunday,11612,16.7
frame,,Year 1, spring 0, Sunday,11613,16.6
frame,,Year 1, spring 0, Sunday,11614,16.7
frame,,Year 1, spring 0, Sunday,11615,16.7
frame,,Year 1, spring 0, Sunday,11616,16.7
frame,,Year 1, spring 0, Sunday,11617,16.6
frame,,Year 1, spring 0, Sunday,11618,16.7
frame,,Year 1, spring 0, Sunday,11619,16.7
frame,,Year 1, spring 0, Sunday,11620,16.9
frame,,Year 1, spring 0, Sunday,11621,16.5
frame,,Year 1, spring 0, Sunday,11622,16.6
frame,,Year 1, spring 0, Sunday,11623,16.6
frame,,Year 1, spring 0, Sunday,11624,16.7
frame,,Year 1, spring 0, Sunday,11625,16.6
frame,,Year 1, spring 0, Sunday,11626,16.7
frame,,Year 1, spring 0, Sunday,11627,16.6
frame,,Year 1, spring 0, Sunday,11628,17.1
frame,,Year 1, spring 0, Sunday,11629,16.2
frame,,Year 1, spring 0, Sunday,11630,16.6
frame,,Year 1, spring 0, Sunday,11631,16.7
frame,,Year 1, spring 0, Sunday,11632,16.7
frame,,Year 1, spring 0, Sunday,11633,16.6
frame,,Year 1, spring 0, Sunday,11634,16.7
frame,,Year 1, spring 0, Sunday,11635,16.6
frame,,Year 1, spring 0, Sunday,11636,16.7
frame,,Year 1, spring 0, Sunday,11637,16.6
frame,,Year 1, spring 0, Sunday,11638,16.7
frame,,Year 1, spring 0, Sunday,11639,16.7
frame,,Year 1, spring 0, Sunday,11640,16.7
frame,,Year 1, spring 0, Sunday,11641,16.7
frame,,Year 1, spring 0, Sunday,11642,16.7
frame,,Year 1, spring 0, Sunday,11643,16.6
frame,,Year 1, spring 0, Sunday,11644,16.7
frame,,Year 1, spring 0, Sunday,11645,16.7
frame,,Year 1, spring 0, Sunday,11646,16.7
frame,,Year 1, spring 0, Sunday,11647,16.6
frame,,Year 1, spring 0, Sunday,11648,16.7
frame,,Year 1, spring 0, Sunday,11649,16.6
frame,,Year 1, spring 0, Sunday,11650,16.7
frame,,Year 1, spring 0, Sunday,11651,16.7
frame,,Year 1, spring 0, Sunday,11652,16.7
frame,,Year 1, spring 0, Sunday,11653,16.6
frame,,Year 1, spring 0, Sunday,11654,16.7
frame,,Year 1, spring 0, Sunday,11655,16.7
frame,,Year 1, spring 0, Sunday,11656,16.7
frame,,Year 1, spring 0, Sunday,11657,16.7
frame,,Year 1, spring 0, Sunday,11658,16.6
frame,,Year 1, spring 0, Sunday,11659,16.7
frame,,Year 1, spring 0, Sunday,11660,16.7
frame,,Year 1, spring 0, Sunday,11661,16.6
frame,,Year 1, spring 0, Sunday,11662,16.7
frame,,Year 1, spring 0, Sunday,11663,17.2
frame,,Year 1, spring 0, Sunday,11664,16.1
frame,,Year 1, spring 0, Sunday,11665,16.8
frame,,Year 1, spring 0, Sunday,11666,16.5
frame,,Year 1, spring 0, Sunday,11667,16.6
frame,,Year 1, spring 0, Sunday,11668,16.7
frame,,Year 1, spring 0, Sunday,11669,16.7
frame,,Year 1, spring 0, Sunday,11670,16.7
frame,,Year 1, spring 0, Sunday,11671,16.7
frame,,Year 1, spring 0, Sunday,11672,16.6
frame,,Year 1, spring 0, Sunday,11673,16.8
frame,,Year 1, spring 0, Sunday,11674,16.6
frame,,Year 1, spring 0, Sunday,11675,16.7
frame,,Year 1, spring 0, Sunday,11676,16.7
frame,,Year 1, spring 0, Sunday,11677,16.7
frame,,Year 1, spring 0, Sunday,11678,16.7
frame,,Year 1, spring 0, Sunday,11679,16.7
frame,,Year 1, spring 0, Sunday,11680,16.7
frame,,Year 1, spring 0, Sunday,11681,16.7
frame,,Year 1, spring 0, Sunday,11682,16.7
frame,,Year 1, spring 0, Sunday,11683,16.7
frame,,Year 1, spring 0, Sunday,11684,16.7
frame,,Year 1, spring 0, Sunday,11685,16.6
frame,,Year 1, spring 0, Sunday,11686,16.7
frame,,Year 1, spring 0, Sunday,11687,16.7
frame,,Year 1, spring 0, Sunday,11688,16.7
frame,,Year 1, spring 0, Sunday,11689,16.8
frame,,Year 1, spring 0, Sunday,11690,16.6
frame,,Year 1, spring 0, Sunday,11691,16.6
frame,,Year 1, spring 0, Sunday,11692,16.7
frame,,Year 1, spring 0, Sunday,11693,16.7
frame,,Year 1, spring 0, Sunday,11694,16.6
frame,,Year 1, spring 0, Sunday,11695,16.7
frame,,Year 1, spring 0, Sunday,11696,16.7
frame,,Year 1, spring 0, Sunday,11697,16.7
frame,,Year 1, spring 0, Sunday,11698,16.7
frame,,Year 1, spring 0, Sunday,11699,16.7
frame,,Year 1, spring 0, Sunday,11700,16.7
frame,,Year 1, spring 0, Sunday,11701,16.7
frame,,Year 1, spring 0, Sunday,11702,17.0
frame,,Year 1, spring 0, Sunday,11703,16.3
frame,,Year 1, spring 0, Sunday,11704,16.7
frame,,Year 1, spring 0, Sunday,11705,16.7
frame,,Year 1, spring 0, Sunday,11706,16.7
frame,,Year 1, spring 0, Sunday,11707,16.7
frame,,Year 1, spring 0, Sunday,11708,16.7
frame,,Year 1, spring 0, Sunday,11709,16.7
frame,,Year 1, spring 0, Sunday,11710,16.9
frame,,Year 1, spring 0, Sunday,11711,16.5
frame,,Year 1, spring 0, Sunday,11712,16.6
frame,,Year 1, spring 0, Sunday,11713,16.7
frame,,Year 1, spring 0, Sunday,11714,16.7
frame,,Year 1, spring 0, Sunday,11715,16.7
frame,,Year 1, spring 0, Sunday,11716,16.7
frame,,Year 1, spring 0, Sunday,11717,16.7
frame,,Year 1, spring 0, Sunday,11718,16.7
frame,,Year 1, spring 0, Sunday,11719,16.7
frame,,Year 1, spring 0, Sunday,11720,16.7
frame,,Year 1, spring 0, Sunday,11721,16.7
frame,,Year 1, spring 0, Sunday,11722,16.7
frame,,Year 1, spring 0, Sunday,11723,16.7
frame,,Year 1, spring 0, Sunday,11724,16.7
frame,,Year 1, spring 0, Sunday,11725,16.7
frame,,Year 1, spring 0, Sunday,11726,16.7
frame,,Year 1, spring 0, Sunday,11727,16.7
frame,,Year 1, spring 0, Sunday,11728,16.7
frame,,Year 1, spring 0, Sunday,11729,16.6
frame,,Year 1, spring 0, Sunday,11730,16.7
frame,,Year 1, spring 0, Sunday,11731,16.7
frame,,Year 1, spring 0, Sunday,11732,16.7
frame,,Year 1, spring 0, Sunday,11733,16.7
frame,,Year 1, spring 0, Sunday,11734,16.7
frame,,Year 1, spring 0, Sunday,11735,16.7
frame,,Year 1, spring 0, Sunday,11736,16.7
frame,,Year 1, spring 0, Sunday,11737,16.6
frame,,Year 1, spring 0, Sunday,11738,16.7
frame,,Year 1, spring 0, Sunday,11739,16.7
frame,,Year 1, spring 0, Sunday,11740,16.7
frame,,Year 1, spring 0, Sunday,11741,16.7
frame,,Year 1, spring 0, Sunday,11742,16.6
frame,,Year 1, spring 0, Sunday,11743,16.7
frame,,Year 1, spring 0, Sunday,11744,16.7
frame,,Year 1, spring 0, Sunday,11745,16.7
frame,,Year 1, spring 0, Sunday,11746,16.6
frame,,Year 1, spring 0, Sunday,11747,16.7
frame,,Year 1, spring 0, Sunday,11748,16.7
frame,,Year 1, spring 0, Sunday,11749,16.7
frame,,Year 1, spring 0, Sunday,11750,16.7
frame,,Year 1, spring 0, Sunday,11751,16.7
frame,,Year 1, spring 0, Sunday,11752,16.7
frame,,Year 1, spring 0, Sunday,11753,16.7
frame,,Year 1, spring 0, Sunday,11754,16.8
frame,,Year 1, spring 0, Sunday,11755,16.5
frame,,Year 1, spring 0, Sunday,11756,16.7
frame,,Year 1, spring 0, Sunday,11757,16.7
frame,,Year 1, spring 0, Sunday,11758,16.7
frame,,Year 1, spring 0, Sunday,11759,16.7
frame,,Year 1, spring 0, Sunday,11760,16.7
frame,,Year 1, spring 0, Sunday,11761,16.7
frame,,Year 1, spring 0, Sunday,11762,16.7
frame,,Year 1, spring 0, Sunday,11763,16.7
frame,,Year 1, spring 0, Sunday,11764,16.7
frame,,Year 1, spring 0, Sunday,11765,16.7
frame,,Year 1, spring 0, Sunday,11766,16.7
frame,,Year 1, spring 0, Sunday,11767,16.7
frame,,Year 1, spring 0, Sunday,11768,16.7
frame,,Year 1, spring 0, Sunday,11769,16.8
frame,,Year 1, spring 0, Sunday,11770,16.6
frame,,Year 1, spring 0, Sunday,11771,16.7
frame,,Year 1, spring 0, Sunday,11772,16.7
frame,,Year 1, spring 0, Sunday,11773,16.7
frame,,Year 1, spring 0, Sunday,11774,16.7
frame,,Year 1, spring 0, Sunday,11775,16.7
frame,,Year 1, spring 0, Sunday,11776,16.7
frame,,Year 1, spring 0, Sunday,11777,16.7
frame,,Year 1, spring 0, Sunday,11778,16.7
frame,,Year 1, spring 0, Sunday,11779,16.7
frame,,Year 1, spring 0, Sunday,11780,16.6
frame,,Year 1, spring 0, Sunday,11781,16.7
frame,,Year 1, spring 0, Sunday,11782,16.7
frame,,Year 1, spring 0, Sunday,11783,16.7
frame,,Year 1, spring 0, Sunday,11784,16.7
frame,,Year 1, spring 0, Sunday,11785,16.7
frame,,Year 1, spring 0, Sunday,11786,16.7
frame,,Year 1, spring 0, Sunday,11787,16.7
frame,,Year 1, spring 0, Sunday,11788,16.7
frame,,Year 1, spring 0, Sunday,11789,16.7
frame,,Year 1, spring 0, Sunday,11790,16.7
frame,,Year 1, spring 0, Sunday,11791,16.7
frame,,Year 1, spring 0, Sunday,11792,16.7
frame,,Year 1, spring 0, Sunday,11793,16.7
frame,,Year 1, spring 0, Sunday,11794,16.6
frame,,Year 1, spring 0, Sunday,11795,16.7
frame,,Year 1, spring 0, Sunday,11796,16.7
frame,,Year 1, spring 0, Sunday,11797,16.6
frame,,Year 1, spring 0, Sunday,11798,16.7
frame,,Year 1, spring 0, Sunday,11799,16.7
frame,,Year 1, spring 0, Sunday,11800,16.7
frame,,Year 1, spring 0, Sunday,11801,16.7
frame,,Year 1, spring 0, Sunday,11802,16.7
frame,,Year 1, spring 0, Sunday,11803,16.6
frame,,Year 1, spring 0, Sunday,11804,16.7
frame,,Year 1, spring 0, Sunday,11805,16.7
frame,,Year 1, spring 0, Sunday,11806,16.7
frame,,Year 1, spring 0, Sunday,11807,16.7
frame,,Year 1, spring 0, Sunday,11808,16.7
frame,,Year 1, spring 0, Sunday,11809,16.7
frame,,Year 1, spring 0, Sunday,11810,16.7
frame,,Year 1, spring 0, Sunday,11811,16.7
frame,,Year 1, spring 0, Sunday,11812,16.6
frame,,Year 1, spring 0, Sunday,11813,16.7
frame,,Year 1, spring 0, Sunday,11814,16.6
frame,,Year 1, spring 0, Sunday,11815,16.7
frame,,Year 1, spring 0, Sunday,11816,16.7
frame,,Year 1, spring 0, Sunday,11817,16.7
frame,,Year 1, spring 0, Sunday,11818,16.8
frame,,Year 1, spring 0, Sunday,11819,16.6
frame,,Year 1, spring 0, Sunday,11820,16.7
frame,,Year 1, spring 0, Sunday,11821,16.7
frame,,Year 1, spring 0, Sunday,11822,16.7
frame,,Year 1, spring 0, Sunday,11823,16.7
frame,,Year 1, spring 0, Sunday,11824,16.7
frame,,Year 1, spring 0, Sunday,11825,16.7
frame,,Year 1, spring 0, Sunday,11826,16.7
frame,,Year 1, spring 0, Sunday,11827,16.6
frame,,Year 1, spring 0, Sunday,11828,16.7
frame,,Year 1, spring 0, Sunday,11829,16.7
frame,,Year 1, spring 0, Sunday,11830,16.7
frame,,Year 1, spring 0, Sunday,11831,16.8
frame,,Year 1, spring 0, Sunday,11832,16.6
frame,,Year 1, spring 0, Sunday,11833,16.6
frame,,Year 1, spring 0, Sunday,11834,16.7
frame,,Year 1, spring 0, Sunday,11835,16.6
frame,,Year 1, spring 0, Sunday,11836,16.7
frame,,Year 1, spring 0, Sunday,11837,16.7
frame,,Year 1, spring 0, Sunday,11838,16.7
frame,,Year 1, spring 0, Sunday,11839,16.7
frame,,Year 1, spring 0, Sunday,11840,16.7
frame,,Year 1, spring 0, Sunday,11841,16.7
frame,,Year 1, spring 0, Sunday,11842,16.7
frame,,Year 1, spring 0, Sunday,11843,16.6
frame,,Year 1, spring 0, Sunday,11844,16.7
frame,,Year 1, spring 0, Sunday,11845,16.7
frame,,Year 1, spring 0, Sunday,11846,16.7
frame,,Year 1, spring 0, Sunday,11847,16.7
frame,,Year 1, spring 0, Sunday,11848,16.7
frame,,Year 1, spring 0, Sunday,11849,16.7
frame,,Year 1, spring 0, Sunday,11850,16.7
frame,,Year 1, spring 0, Sunday,11851,16.7
frame,,Year 1, spring 0, Sunday,11852,16.7
frame,,Year 1, spring 0, Sunday,11853,16.7
frame,,Year 1, spring 0, Sunday,11854,16.6
frame,,Year 1, spring 0, Sunday,11855,17.6
frame,,Year 1, spring 0, Sunday,11856,16.4
frame,,Year 1, spring 0, Sunday,11857,16.1
frame,,Year 1, spring 0, Sunday,11858,16.7
frame,,Year 1, spring 0, Sunday,11859,16.7
frame,,Year 1, spring 0, Sunday,11860,16.7
frame,,Year 1, spring 0, Sunday,11861,16.7
frame,,Year 1, spring 0, Sunday,11862,16.7
frame,,Year 1, spring 0, Sunday,11863,16.6
frame,,Year 1, spring 0, Sunday,11864,16.7
frame,,Year 1, spring 0, Sunday,11865,16.6
frame,,Year 1, spring 0, Sunday,11866,16.7
frame,,Year 1, spring 0, Sunday,11867,16.7
frame,,Year 1, spring 0, Sunday,11868,16.7
frame,,Year 1, spring 0, Sunday,11869,16.8
frame,,Year 1, spring 0, Sunday,11870,16.5
frame,,Year 1, spring 0, Sunday,11871,16.7
frame,,Year 1, spring 0, Sunday,11872,16.6
frame,,Year 1, spring 0, Sunday,11873,16.7
frame,,Year 1, spring 0, Sunday,11874,16.6
frame,,Year 1, spring 0, Sunday,11875,16.7
frame,,Year 1, spring 0, Sunday,11876,16.7
frame,,Year 1, spring 0, Sunday,11877,16.6
frame,,Year 1, spring 0, Sunday,11878,16.7
frame,,Year 1, spring 0, Sunday,11879,16.7
frame,,Year 1, spring 0, Sunday,11880,16.7
frame,,Year 1, spring 0, Sunday,11881,16.7
frame,,Year 1, spring 0, Sunday,11882,16.7
frame,,Year 1, spring 0, Sunday,11883,16.6
frame,,Year 1, spring 0, Sunday,11884,17.0
frame,,Year 1, spring 0, Sunday,11885,16.3
frame,,Year 1, spring 0, Sunday,11886,16.7
frame,,Year 1, spring 0, Sunday,11887,16.7
frame,,Year 1, spring 0, Sunday,11888,16.7
frame,,Year 1, spring 0, Sunday,11889,16.7
frame,,Year 1, spring 0, Sunday,11890,16.7
frame,,Year 1, spring 0, Sunday,11891,16.6
frame,,Year 1, spring 0, Sunday,11892,16.7
frame,,Year 1, spring 0, Sunday,11893,16.7
frame,,Year 1, spring 0, Sunday,11894,16.6
frame,,Year 1, spring 0, Sunday,11895,16.7
frame,,Year 1, spring 0, Sunday,11896,16.7
frame,,Year 1, spring 0, Sunday,11897,16.7
frame,,Year 1, spring 0, Sunday,11898,16.7
frame,,Year 1, spring 0, Sunday,11899,16.7
frame,,Year 1, spring 0, Sunday,11900,16.7
frame,,Year 1, spring 0, Sunday,11901,16.7
frame,,Year 1, spring 0, Sunday,11902,16.7
frame,,Year 1, spring 0, Sunday,11903,16.7
frame,,Year 1, spring 0, Sunday,11904,16.7
frame,,Year 1, spring 0, Sunday,11905,16.7
frame,,Year 1, spring 0, Sunday,11906,16.7
frame,,Year 1, spring 0, Sunday,11907,16.7
frame,,Year 1, spring 0, Sunday,11908,16.8
frame,,Year 1, spring 0, Sunday,11909,16.5
frame,,Year 1, spring 0, Sunday,11910,16.9
frame,,Year 1, spring 0, Sunday,11911,16.4
frame,,Year 1, spring 0, Sunday,11912,16.7
frame,,Year 1, spring 0, Sunday,11913,16.7
frame,,Year 1, spring 0, Sunday,11914,16.6
frame,,Year 1, spring 0, Sunday,11915,16.7
frame,,Year 1, spring 0, Sunday,11916,16.7
frame,,Year 1, spring 0, Sunday,11917,16.6
frame,,Year 1, spring 0, Sunday,11918,16.7
frame,,Year 1, spring 0, Sunday,11919,16.7
frame,,Year 1, spring 0, Sunday,11920,16.7
frame,,Year 1, spring 0, Sunday,11921,16.6
frame,,Year 1, spring 0, Sunday,11922,16.7
frame,,Year 1, spring 0, Sunday,11923,16.7
frame,,Year 1, spring 0, Sunday,11924,16.7
frame,,Year 1, spring 0, Sunday,11925,16.7
frame,,Year 1, spring 0, Sunday,11926,16.7
frame,,Year 1, spring 0, Sunday,11927,16.6
frame,,Year 1, spring 0, Sunday,11928,16.7
frame,,Year 1, spring 0, Sunday,11929,16.7
frame,,Year 1, spring 0, Sunday,11930,16.7
frame,,Year 1, spring 0, Sunday,11931,16.7
frame,,Year 1, spring 0, Sunday,11932,16.6
frame,,Year 1, spring 0, Sunday,11933,16.7
frame,,Year 1, spring 0, Sunday,11934,16.8
frame,,Year 1, spring 0, Sunday,11935,16.6
frame,,Year 1, spring 0, Sunday,11936,16.6
frame,,Year 1, spring 0, Sunday,11937,16.7
frame,,Year 1, spring 0, Sunday,11938,16.7
frame,,Year 1, spring 0, Sunday,11939,16.7
frame,,Year 1, spring 0, Sunday,11940,16.7
frame,,Year 1, spring 0, Sunday,11941,16.7
frame,,Year 1, spring 0, Sunday,11942,16.7
frame,,Year 1, spring 0, Sunday,11943,16.7
frame,,Year 1, spring 0, Sunday,11944,16.7
frame,,Year 1, spring 0, Sunday,11945,16.7
frame,,Year 1, spring 0, Sunday,11946,16.7
frame,,Year 1, spring 0, Sunday,11947,16.7
frame,,Year 1, spring 0, Sunday,11948,16.6
frame,,Year 1, spring 0, Sunday,11949,16.7
frame,,Year 1, spring 0, Sunday,11950,16.7
frame,,Year 1, spring 0, Sunday,11951,16.7
frame,,Year 1, spring 0, Sunday,11952,16.7
frame,,Year 1, spring 0, Sunday,11953,16.7
frame,,Year 1, spring 0, Sunday,11954,16.7
frame,,Year 1, spring 0, Sunday,11955,16.7
frame,,Year 1, spring 0, Sunday,11956,16.6
frame,,Year 1, spring 0, Sunday,11957,16.7
frame,,Year 1, spring 0, Sunday,11958,16.7
frame,,Year 1, spring 0, Sunday,11959,16.7
frame,,Year 1, spring 0, Sunday,11960,16.8
frame,,Year 1, spring 0, Sunday,11961,16.5
frame,,Year 1, spring 0, Sunday,11962,16.7
frame,,Year 1, spring 0, Sunday,11963,16.7
frame,,Year 1, spring 0, Sunday,11964,16.7
frame,,Year 1, spring 0, Sunday,11965,16.7
frame,,Year 1, spring 0, Sunday,11966,16.7
frame,,Year 1, spring 0, Sunday,11967,16.7
frame,,Year 1, spring 0, Sunday,11968,16.7
frame,,Year 1, spring 0, Sunday,11969,16.7
frame,,Year 1, spring 0, Sunday,11970,16.7
frame,,Year 1, spring 0, Sunday,11971,16.7
frame,,Year 1, spring 0, Sunday,11972,16.7
frame,,Year 1, spring 0, Sunday,11973,16.7
frame,,Year 1, spring 0, Sunday,11974,16.7
frame,,Year 1, spring 0, Sunday,11975,17.0
frame,,Year 1, spring 0, Sunday,11976,16.3
frame,,Year 1, spring 0, Sunday,11977,16.6
frame,,Year 1, spring 0, Sunday,11978,16.7
frame,,Year 1, spring 0, Sunday,11979,16.7
frame,,Year 1, spring 0, Sunday,11980,16.7
frame,,Year 1, spring 0, Sunday,11981,16.7
frame,,Year 1, spring 0, Sunday,11982,16.6
frame,,Year 1, spring 0, Sunday,11983,16.6
frame,,Year 1, spring 0, Sunday,11984,16.7
frame,,Year 1, spring 0, Sunday,11985,17.1
frame,,Year 1, spring 0, Sunday,11986,16.3
frame,,Year 1, spring 0, Sunday,11987,16.7
frame,,Year 1, spring 0, Sunday,11988,16.7
frame,,Year 1, spring 0, Sunday,11989,16.7
frame,,Year 1, spring 0, Sunday,11990,16.7
frame,,Year 1, spring 0, Sunday,11991,16.7
frame,,Year 1, spring 0, Sunday,11992,16.7
frame,,Year 1, spring 0, Sunday,11993,16.7
frame,,Year 1, spring 0, Sunday,11994,16.7
frame,,Year 1, spring 0, Sunday,11995,16.7
frame,,Year 1, spring 0, Sunday,11996,16.7
frame,,Year 1, spring 0, Sunday,11997,16.7
frame,,Year 1, spring 0, Sunday,11998,16.7
frame,,Year 1, spring 0, Sunday,11999,16.7
switch,lgw,Year 1, spring 19, Friday,610,83.4
switch,lgw,Year 1, spring 19, Friday,620,20.9
switch,lgw,Year 1, spring 19, Friday,630,35.4
switch,lgw,Year 1, spring 19, Friday,640,19.2
switch,lgw,Year 1, spring 19, Friday,650,17.1
switch,lgw,Year 1, spring 19, Friday,700,24.3
switch,lgw,Year 1, spring 19, Friday,710,21.4
switch,lgw,Year 1, spring 19, Friday,720,17.2
switchdetail,lgw,Year 1, spring 19, Friday,600,0,0.0
switchdetail,lgw,Year 1, spring 19, Friday,610,0,0.0
switchdetail,lgw,Year 1, spring 19, Friday,620,0,0.0
switchdetail,lgw,Year 1, spring 19, Friday,630,0,0.0
switchdetail,lgw,Year 1, spring 19, Friday,640,0,0.0
switchdetail,lgw,Year 1, spring 19, Friday,650,0,0.0
switchdetail,lgw,Year 1, spring 19, Friday,700,0,0.0
switchdetail,lgw,Year 1, spring 19, Friday,710,0,0.0
lag,lgw,Year 1, spring 19, Friday,12220,4109.3
lag,lgw,Year 1, spring 19, Friday,12221,98.6
lag,lgw,Year 1, spring 19, Friday,12224,89.7
lag,lgw,Year 1, spring 19, Friday,12682,84.8
lag,lgw,Year 1, spring 19, Friday,12757,83.4
lag,lgw,Year 1, spring 19, Friday,13971,93.8
lag,lgw,Year 1, spring 19, Friday,15845,152.2
frame,lgw,Year 1, spring 19, Friday,16096,17.4
frame,lgw,Year 1, spring 19, Friday,16097,16.0
frame,lgw,Year 1, spring 19, Friday,16098,17.0
frame,lgw,Year 1, spring 19, Friday,16099,16.6
frame,lgw,Year 1, spring 19, Friday,16100,17.0
frame,lgw,Year 1, spring 19, Friday,16101,16.3
frame,lgw,Year 1, spring 19, Friday,16102,16.7
frame,lgw,Year 1, spring 19, Friday,16103,18.2
frame,lgw,Year 1, spring 19, Friday,16104,16.0
frame,lgw,Year 1, spring 19, Friday,16105,17.6
frame,lgw,Year 1, spring 19, Friday,16106,15.9
frame,lgw,Year 1, spring 19, Friday,16107,15.5
frame,lgw,Year 1, spring 19, Friday,16108,17.6
frame,lgw,Year 1, spring 19, Friday,16109,15.7
frame,lgw,Year 1, spring 19, Friday,16110,16.9
frame,lgw,Year 1, spring 19, Friday,16111,16.8
frame,lgw,Year 1, spring 19, Friday,16112,16.3
frame,lgw,Year 1, spring 19, Friday,16113,17.4
frame,lgw,Year 1, spring 19, Friday,16114,15.3
frame,lgw,Year 1, spring 19, Friday,16115,21.9
frame,lgw,Year 1, spring 19, Friday,16116,12.5
frame,lgw,Year 1, spring 19, Friday,16117,16.9
frame,lgw,Year 1, spring 19, Friday,16118,15.9
frame,lgw,Year 1, spring 19, Friday,16119,16.8
frame,lgw,Year 1, spring 19, Friday,16120,16.9
frame,lgw,Year 1, spring 19, Friday,16121,16.4
frame,lgw,Year 1, spring 19, Friday,16122,16.9
frame,lgw,Year 1, spring 19, Friday,16123,16.2
frame,lgw,Year 1, spring 19, Friday,16124,16.6
frame,lgw,Year 1, spring 19, Friday,16125,17.0
frame,lgw,Year 1, spring 19, Friday,16126,16.2
frame,lgw,Year 1, spring 19, Friday,16127,16.2
frame,lgw,Year 1, spring 19, Friday,16128,16.3
frame,lgw,Year 1, spring 19, Friday,16129,16.7
frame,lgw,Year 1, spring 19, Friday,16130,16.6
frame,lgw,Year 1, spring 19, Friday,16131,16.7
frame,lgw,Year 1, spring 19, Friday,16132,16.9
frame,lgw,Year 1, spring 19, Friday,16133,16.4
frame,lgw,Year 1, spring 19, Friday,16134,16.7
frame,lgw,Year 1, spring 19, Friday,16135,16.6
frame,lgw,Year 1, spring 19, Friday,16136,17.2
frame,lgw,Year 1, spring 19, Friday,16137,16.2
frame,lgw,Year 1, spring 19, Friday,16138,16.7
frame,lgw,Year 1, spring 19, Friday,16139,16.6
frame,lgw,Year 1, spring 19, Friday,16140,16.7
frame,lgw,Year 1, spring 19, Friday,16141,16.7
frame,lgw,Year 1, spring 19, Friday,16142,16.7
frame,lgw,Year 1, spring 19, Friday,16143,16.7
frame,lgw,Year 1, spring 19, Friday,16144,16.6
frame,lgw,Year 1, spring 19, Friday,16145,16.7
frame,lgw,Year 1, spring 19, Friday,16146,16.7
frame,lgw,Year 1, spring 19, Friday,16147,16.7
frame,lgw,Year 1, spring 19, Friday,16148,16.9
frame,lgw,Year 1, spring 19, Friday,16149,16.4
frame,lgw,Year 1, spring 19, Friday,16150,16.7
frame,lgw,Year 1, spring 19, Friday,16151,16.7
frame,lgw,Year 1, spring 19, Friday,16152,16.6
frame,lgw,Year 1, spring 19, Friday,16153,16.7
frame,lgw,Year 1, spring 19, Friday,16154,16.7
frame,lgw,Year 1, spring 19, Friday,16155,16.7
frame,lgw,Year 1, spring 19, Friday,16156,16.7
frame,lgw,Year 1, spring 19, Friday,16157,16.6
frame,lgw,Year 1, spring 19, Friday,16158,16.8
frame,lgw,Year 1, spring 19, Friday,16159,16.5
frame,lgw,Year 1, spring 19, Friday,16160,16.7
frame,lgw,Year 1, spring 19, Friday,16161,16.7
frame,lgw,Year 1, spring 19, Friday,16162,16.7
frame,lgw,Year 1, spring 19, Friday,16163,16.6
frame,lgw,Year 1, spring 19, Friday,16164,16.7
frame,lgw,Year 1, spring 19, Friday,16165,16.7
frame,lgw,Year 1, spring 19, Friday,16166,16.7
frame,lgw,Year 1, spring 19, Friday,16167,16.6
frame,lgw,Year 1, spring 19, Friday,16168,16.7
frame,lgw,Year 1, spring 19, Friday,16169,16.7
frame,lgw,Year 1, spring 19, Friday,16170,16.7
frame,lgw,Year 1, spring 19, Friday,16171,16.7
frame,lgw,Year 1, spring 19, Friday,16172,17.1
frame,lgw,Year 1, spring 19, Friday,16173,16.5
frame,lgw,Year 1, spring 19, Friday,16174,16.3
frame,lgw,Year 1, spring 19, Friday,16175,16.7
frame,lgw,Year 1, spring 19, Friday,16176,16.7
frame,lgw,Year 1, spring 19, Friday,16177,16.6
frame,lgw,Year 1, spring 19, Friday,16178,16.7
frame,lgw,Year 1, spring 19, Friday,16179,16.7
frame,lgw,Year 1, spring 19, Friday,16180,16.6
frame,lgw,Year 1, spring 19, Friday,16181,16.7
frame,lgw,Year 1, spring 19, Friday,16182,16.7
frame,lgw,Year 1, spring 19, Friday,16183,17.1
frame,lgw,Year 1, spring 19, Friday,16184,16.2
frame,lgw,Year 1, spring 19, Friday,16185,16.6
frame,lgw,Year 1, spring 19, Friday,16186,16.7
frame,lgw,Year 1, spring 19, Friday,16187,16.7
frame,lgw,Year 1, spring 19, Friday,16188,16.8
frame,lgw,Year 1, spring 19, Friday,16189,16.5
frame,lgw,Year 1, spring 19, Friday,16190,16.7
frame,lgw,Year 1, spring 19, Friday,16191,17.0
frame,lgw,Year 1, spring 19, Friday,16192,16.3
frame,lgw,Year 1, spring 19, Friday,16193,16.8
frame,lgw,Year 1, spring 19, Friday,16194,16.7
frame,lgw,Year 1, spring 19, Friday,16195,17.1
frame,lgw,Year 1, spring 19, Friday,16196,16.4
frame,lgw,Year 1, spring 19, Friday,16197,16.6
frame,lgw,Year 1, spring 19, Friday,16198,16.7
frame,lgw,Year 1, spring 19, Friday,16199,16.6
frame,lgw,Year 1, spring 19, Friday,16200,17.1
frame,lgw,Year 1, spring 19, Friday,16201,16.5
frame,lgw,Year 1, spring 19, Friday,16202,16.4
frame,lgw,Year 1, spring 19, Friday,16203,16.6
frame,lgw,Year 1, spring 19, Friday,16204,16.7
frame,lgw,Year 1, spring 19, Friday,16205,16.7
frame,lgw,Year 1, spring 19, Friday,16206,16.8
frame,lgw,Year 1, spring 19, Friday,16207,16.5
frame,lgw,Year 1, spring 19, Friday,16208,16.6
frame,lgw,Year 1, spring 19, Friday,16209,16.9
frame,lgw,Year 1, spring 19, Friday,16210,16.5
frame,lgw,Year 1, spring 19, Friday,16211,16.7
frame,lgw,Year 1, spring 19, Friday,16212,16.6
frame,lgw,Year 1, spring 19, Friday,16213,16.7
frame,lgw,Year 1, spring 19, Friday,16214,16.7
frame,lgw,Year 1, spring 19, Friday,16215,16.7
frame,lgw,Year 1, spring 19, Friday,16216,17.0
frame,lgw,Year 1, spring 19, Friday,16217,16.3
frame,lgw,Year 1, spring 19, Friday,16218,16.7
frame,lgw,Year 1, spring 19, Friday,16219,16.6
frame,lgw,Year 1, spring 19, Friday,16220,16.7
frame,lgw,Year 1, spring 19, Friday,16221,17.4
frame,lgw,Year 1, spring 19, Friday,16222,15.9
frame,lgw,Year 1, spring 19, Friday,16223,16.8
frame,lgw,Year 1, spring 19, Friday,16224,16.5
frame,lgw,Year 1, spring 19, Friday,16225,16.8
frame,lgw,Year 1, spring 19, Friday,16226,16.9
frame,lgw,Year 1, spring 19, Friday,16227,16.3
frame,lgw,Year 1, spring 19, Friday,16228,16.7
frame,lgw,Year 1, spring 19, Friday,16229,16.7
frame,lgw,Year 1, spring 19, Friday,16230,16.6
frame,lgw,Year 1, spring 19, Friday,16231,16.7
frame,lgw,Year 1, spring 19, Friday,16232,17.1
frame,lgw,Year 1, spring 19, Friday,16233,16.3
frame,lgw,Year 1, spring 19, Friday,16234,16.6
frame,lgw,Year 1, spring 19, Friday,16235,16.8
frame,lgw,Year 1, spring 19, Friday,16236,24.3
frame,lgw,Year 1, spring 19, Friday,16237,9.2
frame,lgw,Year 1, spring 19, Friday,16238,16.5
frame,lgw,Year 1, spring 19, Friday,16239,16.6
frame,lgw,Year 1, spring 19, Friday,16240,16.7
frame,lgw,Year 1, spring 19, Friday,16241,16.9
frame,lgw,Year 1, spring 19, Friday,16242,16.5
frame,lgw,Year 1, spring 19, Friday,16243,16.6
frame,lgw,Year 1, spring 19, Friday,16244,16.6
frame,lgw,Year 1, spring 19, Friday,16245,17.0
frame,lgw,Year 1, spring 19, Friday,16246,16.4
frame,lgw,Year 1, spring 19, Friday,16247,16.8
frame,lgw,Year 1, spring 19, Friday,16248,16.5
frame,lgw,Year 1, spring 19, Friday,16249,16.6
frame,lgw,Year 1, spring 19, Friday,16250,16.7
frame,lgw,Year 1, spring 19, Friday,16251,16.7
frame,lgw,Year 1, spring 19, Friday,16252,16.7
frame,lgw,Year 1, spring 19, Friday,16253,16.6
frame,lgw,Year 1, spring 19, Friday,16254,16.7
frame,lgw,Year 1, spring 19, Friday,16255,16.6
frame,lgw,Year 1, spring 19, Friday,16256,16.6
frame,lgw,Year 1, spring 19, Friday,16257,16.8
frame,lgw,Year 1, spring 19, Friday,16258,16.7
frame,lgw,Year 1, spring 19, Friday,16259,16.8
frame,lgw,Year 1, spring 19, Friday,16260,16.6
frame,lgw,Year 1, spring 19, Friday,16261,16.8
frame,lgw,Year 1, spring 19, Friday,16262,16.6
frame,lgw,Year 1, spring 19, Friday,16263,16.6
frame,lgw,Year 1, spring 19, Friday,16264,16.7
frame,lgw,Year 1, spring 19, Friday,16265,16.7
frame,lgw,Year 1, spring 19, Friday,16266,16.6
frame,lgw,Year 1, spring 19, Friday,16267,16.6
frame,lgw,Year 1, spring 19, Friday,16268,16.7
frame,lgw,Year 1, spring 19, Friday,16269,16.6
frame,lgw,Year 1, spring 19, Friday,16270,16.7
frame,lgw,Year 1, spring 19, Friday,16271,16.8
frame,lgw,Year 1, spring 19, Friday,16272,16.8
frame,lgw,Year 1, spring 19, Friday,16273,16.5
frame,lgw,Year 1, spring 19, Friday,16274,16.6
frame,lgw,Year 1, spring 19, Friday,16275,16.7
frame,lgw,Year 1, spring 19, Friday,16276,16.7
frame,lgw,Year 1, spring 19, Friday,16277,17.5
frame,lgw,Year 1, spring 19, Friday,16278,15.9
frame,lgw,Year 1, spring 19, Friday,16279,16.6
frame,lgw,Year 1, spring 19, Friday,16280,16.7
frame,lgw,Year 1, spring 19, Friday,16281,16.7
frame,lgw,Year 1, spring 19, Friday,16282,16.5
frame,lgw,Year 1, spring 19, Friday,16283,16.7
frame,lgw,Year 1, spring 19, Friday,16284,16.8
frame,lgw,Year 1, spring 19, Friday,16285,16.6
frame,lgw,Year 1, spring 19, Friday,16286,16.6
frame,lgw,Year 1, spring 19, Friday,16287,16.7
frame,lgw,Year 1, spring 19, Friday,16288,16.6
frame,lgw,Year 1, spring 19, Friday,16289,16.7
frame,lgw,Year 1, spring 19, Friday,16290,16.7
frame,lgw,Year 1, spring 19, Friday,16291,16.6
frame,lgw,Year 1, spring 19, Friday,16292,16.8
frame,lgw,Year 1, spring 19, Friday,16293,16.6
frame,lgw,Year 1, spring 19, Friday,16294,16.7
frame,lgw,Year 1, spring 19, Friday,16295,16.7
frame,lgw,Year 1, spring 19, Friday,16296,16.8
frame,lgw,Year 1, spring 19, Friday,16297,16.6
frame,lgw,Year 1, spring 19, Friday,16298,16.6
frame,lgw,Year 1, spring 19, Friday,16299,16.6
frame,lgw,Year 1, spring 19, Friday,16300,21.4
frame,lgw,Year 1, spring 19, Friday,16301,12.4
frame,lgw,Year 1, spring 19, Friday,16302,16.2
frame,lgw,Year 1, spring 19, Friday,16303,16.6
frame,lgw,Year 1, spring 19, Friday,16304,16.7
frame,lgw,Year 1, spring 19, Friday,16305,16.6
frame,lgw,Year 1, spring 19, Friday,16306,16.7
frame,lgw,Year 1, spring 19, Friday,16307,17.5
frame,lgw,Year 1, spring 19, Friday,16308,16.7
frame,lgw,Year 1, spring 19, Friday,16309,15.9
frame,lgw,Year 1, spring 19, Friday,16310,16.7
frame,lgw,Year 1, spring 19, Friday,16311,16.7
frame,lgw,Year 1, spring 19, Friday,16312,16.6
frame,lgw,Year 1, spring 19, Friday,16313,16.6
frame,lgw,Year 1, spring 19, Friday,16314,16.7
frame,lgw,Year 1, spring 19, Friday,16315,16.7
frame,lgw,Year 1, spring 19, Friday,16316,16.7
frame,lgw,Year 1, spring 19, Friday,16317,16.8
frame,lgw,Year 1, spring 19, Friday,16318,16.6
frame,lgw,Year 1, spring 19, Friday,16319,16.8
frame,lgw,Year 1, spring 19, Friday,16320,16.6
frame,lgw,Year 1, spring 19, Friday,16321,16.7
frame,lgw,Year 1, spring 19, Friday,16322,16.5
frame,lgw,Year 1, spring 19, Friday,16323,16.7
frame,lgw,Year 1, spring 19, Friday,16324,16.6
frame,lgw,Year 1, spring 19, Friday,16325,16.6
frame,lgw,Year 1, spring 19, Friday,16326,16.8
frame,lgw,Year 1, spring 19, Friday,16327,16.6
frame,lgw,Year 1, spring 19, Friday,16328,16.7
frame,lgw,Year 1, spring 19, Friday,16329,16.9
frame,lgw,Year 1, spring 19, Friday,16330,16.4
frame,lgw,Year 1, spring 19, Friday,16331,16.7
frame,lgw,Year 1, spring 19, Friday,16332,16.6
frame,lgw,Year 1, spring 19, Friday,16333,16.7
frame,lgw,Year 1, spring 19, Friday,16334,16.6
frame,lgw,Year 1, spring 19, Friday,16335,16.7
frame,lgw,Year 1, spring 19, Friday,16336,16.9
frame,lgw,Year 1, spring 19, Friday,16337,16.5
frame,lgw,Year 1, spring 19, Friday,16338,16.6
frame,lgw,Year 1, spring 19, Friday,16339,17.2
frame,lgw,Year 1, spring 19, Friday,16340,16.0
frame,lgw,Year 1, spring 19, Friday,16341,16.8
frame,lgw,Year 1, spring 19, Friday,16342,16.6
frame,lgw,Year 1, spring 19, Friday,16343,16.6
frame,lgw,Year 1, spring 19, Friday,16344,16.6
frame,lgw,Year 1, spring 19, Friday,16345,16.6
frame,lgw,Year 1, spring 19, Friday,16346,18.7
frame,lgw,Year 1, spring 19, Friday,16347,14.7
frame,lgw,Year 1, spring 19, Friday,16348,16.7
frame,lgw,Year 1, spring 19, Friday,16349,16.6
frame,lgw,Year 1, spring 19, Friday,16350,16.7
frame,lgw,Year 1, spring 19, Friday,16351,16.6
frame,lgw,Year 1, spring 19, Friday,16352,19.2
frame,lgw,Year 1, spring 19, Friday,16353,14.1
frame,lgw,Year 1, spring 19, Friday,16354,16.7
frame,lgw,Year 1, spring 19, Friday,16355,16.6
frame,lgw,Year 1, spring 19, Friday,16356,16.6
frame,lgw,Year 1, spring 19, Friday,16357,16.7
frame,lgw,Year 1, spring 19, Friday,16358,16.7
frame,lgw,Year 1, spring 19, Friday,16359,16.6
frame,lgw,Year 1, spring 19, Friday,16360,16.7
frame,lgw,Year 1, spring 19, Friday,16361,16.7
frame,lgw,Year 1, spring 19, Friday,16362,16.6
frame,lgw,Year 1, spring 19, Friday,16363,16.8
frame,lgw,Year 1, spring 19, Friday,16364,17.2
frame,lgw,Year 1, spring 19, Friday,16365,16.8
frame,lgw,Year 1, spring 19, Friday,16366,15.9
frame,lgw,Year 1, spring 19, Friday,16367,16.7
frame,lgw,Year 1, spring 19, Friday,16368,16.6
frame,lgw,Year 1, spring 19, Friday,16369,16.6
frame,lgw,Year 1, spring 19, Friday,16370,16.7
frame,lgw,Year 1, spring 19, Friday,16371,16.6
frame,lgw,Year 1, spring 19, Friday,16372,16.7
frame,lgw,Year 1, spring 19, Friday,16373,16.9
frame,lgw,Year 1, spring 19, Friday,16374,16.5
frame,lgw,Year 1, spring 19, Friday,16375,16.6
frame,lgw,Year 1, spring 19, Friday,16376,16.7
frame,lgw,Year 1, spring 19, Friday,16377,16.6
frame,lgw,Year 1, spring 19, Friday,16378,17.2
frame,lgw,Year 1, spring 19, Friday,16379,16.1
frame,lgw,Year 1, spring 19, Friday,16380,16.7
frame,lgw,Year 1, spring 19, Friday,16381,16.7
frame,lgw,Year 1, spring 19, Friday,16382,16.8
frame,lgw,Year 1, spring 19, Friday,16383,16.4
frame,lgw,Year 1, spring 19, Friday,16384,16.6
frame,lgw,Year 1, spring 19, Friday,16385,16.7
frame,lgw,Year 1, spring 19, Friday,16386,17.0
frame,lgw,Year 1, spring 19, Friday,16387,16.3
frame,lgw,Year 1, spring 19, Friday,16388,16.8
frame,lgw,Year 1, spring 19, Friday,16389,16.6
frame,lgw,Year 1, spring 19, Friday,16390,16.7
frame,lgw,Year 1, spring 19, Friday,16391,16.6
frame,lgw,Year 1, spring 19, Friday,16392,16.7
frame,lgw,Year 1, spring 19, Friday,16393,16.6
frame,lgw,Year 1, spring 19, Friday,16394,16.7
frame,lgw,Year 1, spring 19, Friday,16395,16.6
frame,lgw,Year 1, spring 19, Friday,16396,16.7
frame,lgw,Year 1, spring 19, Friday,16397,16.7
frame,lgw,Year 1, spring 19, Friday,16398,17.5
frame,lgw,Year 1, spring 19, Friday,16399,16.0
frame,lgw,Year 1, spring 19, Friday,16400,16.5
frame,lgw,Year 1, spring 19, Friday,16401,16.6
frame,lgw,Year 1, spring 19, Friday,16402,16.8
frame,lgw,Year 1, spring 19, Friday,16403,16.6
frame,lgw,Year 1, spring 19, Friday,16404,16.6
frame,lgw,Year 1, spring 19, Friday,16405,16.7
frame,lgw,Year 1, spring 19, Friday,16406,16.7
frame,lgw,Year 1, spring 19, Friday,16407,16.6
frame,lgw,Year 1, spring 19, Friday,16408,16.7
frame,lgw,Year 1, spring 19, Friday,16409,16.7
frame,lgw,Year 1, spring 19, Friday,16410,16.7
frame,lgw,Year 1, spring 19, Friday,16411,16.5
frame,lgw,Year 1, spring 19, Friday,16412,16.8
frame,lgw,Year 1, spring 19, Friday,16413,16.6
frame,lgw,Year 1, spring 19, Friday,16414,16.6
frame,lgw,Year 1, spring 19, Friday,16415,16.6
frame,lgw,Year 1, spring 19, Friday,16416,16.8
frame,lgw,Year 1, spring 19, Friday,16417,16.6
frame,lgw,Year 1, spring 19, Friday,16418,16.7
frame,lgw,Year 1, spring 19, Friday,16419,20.1
frame,lgw,Year 1, spring 19, Friday,16420,13.7
frame,lgw,Year 1, spring 19, Friday,16421,16.2
frame,lgw,Year 1, spring 19, Friday,16422,16.6
frame,lgw,Year 1, spring 19, Friday,16423,16.7
frame,lgw,Year 1, spring 19, Friday,16424,16.7
frame,lgw,Year 1, spring 19, Friday,16425,16.7
frame,lgw,Year 1, spring 19, Friday,16426,16.8
frame,lgw,Year 1, spring 19, Friday,16427,16.7
frame,lgw,Year 1, spring 19, Friday,16428,16.9
frame,lgw,Year 1, spring 19, Friday,16429,16.3
frame,lgw,Year 1, spring 19, Friday,16430,16.6
frame,lgw,Year 1, spring 19, Friday,16431,16.8
frame,lgw,Year 1, spring 19, Friday,16432,16.6
frame,lgw,Year 1, spring 19, Friday,16433,16.6
frame,lgw,Year 1, spring 19, Friday,16434,16.7
frame,lgw,Year 1, spring 19, Friday,16435,16.7
frame,lgw,Year 1, spring 19, Friday,16436,16.6
frame,lgw,Year 1, spring 19, Friday,16437,16.7
frame,lgw,Year 1, spring 19, Friday,16438,16.7
frame,lgw,Year 1, spring 19, Friday,16439,16.6
frame,lgw,Year 1, spring 19, Friday,16440,16.6
frame,lgw,Year 1, spring 19, Friday,16441,16.7
frame,lgw,Year 1, spring 19, Friday,16442,16.8
frame,lgw,Year 1, spring 19, Friday,16443,16.6
frame,lgw,Year 1, spring 19, Friday,16444,16.7
frame,lgw,Year 1, spring 19, Friday,16445,17.3
frame,lgw,Year 1, spring 19, Friday,16446,16.1
frame,lgw,Year 1, spring 19, Friday,16447,16.7
frame,lgw,Year 1, spring 19, Friday,16448,17.0
frame,lgw,Year 1, spring 19, Friday,16449,16.3
frame,lgw,Year 1, spring 19, Friday,16450,16.7
frame,lgw,Year 1, spring 19, Friday,16451,16.7
frame,lgw,Year 1, spring 19, Friday,16452,16.6
frame,lgw,Year 1, spring 19, Friday,16453,16.6
frame,lgw,Year 1, spring 19, Friday,16454,16.7
frame,lgw,Year 1, spring 19, Friday,16455,16.7
frame,lgw,Year 1, spring 19, Friday,16456,16.7
frame,lgw,Year 1, spring 19, Friday,16457,16.7
frame,lgw,Year 1, spring 19, Friday,16458,16.7
frame,lgw,Year 1, spring 19, Friday,16459,16.7
frame,lgw,Year 1, spring 19, Friday,16460,16.7
frame,lgw,Year 1, spring 19, Friday,16461,16.6
frame,lgw,Year 1, spring 19, Friday,16462,16.7
frame,lgw,Year 1, spring 19, Friday,16463,16.7
frame,lgw,Year 1, spring 19, Friday,16464,16.6
frame,lgw,Year 1, spring 19, Friday,16465,16.7
frame,lgw,Year 1, spring 19, Friday,16466,16.7
frame,lgw,Year 1, spring 19, Friday,16467,16.6
frame,lgw,Year 1, spring 19, Friday,16468,16.7
frame,lgw,Year 1, spring 19, Friday,16469,16.6
frame,lgw,Year 1, spring 19, Friday,16470,16.7
frame,lgw,Year 1, spring 19, Friday,16471,16.7
frame,lgw,Year 1, spring 19, Friday,16472,16.7
frame,lgw,Year 1, spring 19, Friday,16473,16.7
frame,lgw,Year 1, spring 19, Friday,16474,16.6
frame,lgw,Year 1, spring 19, Friday,16475,16.8
frame,lgw,Year 1, spring 19, Friday,16476,16.8
frame,lgw,Year 1, spring 19, Friday,16477,16.6
frame,lgw,Year 1, spring 19, Friday,16478,16.5
frame,lgw,Year 1, spring 19, Friday,16479,16.7
frame,lgw,Year 1, spring 19, Friday,16480,16.6
frame,lgw,Year 1, spring 19, Friday,16481,16.8
frame,lgw,Year 1, spring 19, Friday,16482,16.6
frame,lgw,Year 1, spring 19, Friday,16483,16.6
frame,lgw,Year 1, spring 19, Friday,16484,16.7
frame,lgw,Year 1, spring 19, Friday,16485,16.7
frame,lgw,Year 1, spring 19, Friday,16486,16.7
frame,lgw,Year 1, spring 19, Friday,16487,16.6
frame,lgw,Year 1, spring 19, Friday,16488,17.0
frame,lgw,Year 1, spring 19, Friday,16489,16.4
frame,lgw,Year 1, spring 19, Friday,16490,17.0
frame,lgw,Year 1, spring 19, Friday,16491,16.4
frame,lgw,Year 1, spring 19, Friday,16492,16.6
frame,lgw,Year 1, spring 19, Friday,16493,17.2
frame,lgw,Year 1, spring 19, Friday,16494,16.1
frame,lgw,Year 1, spring 19, Friday,16495,16.7
frame,lgw,Year 1, spring 19, Friday,16496,16.7
frame,lgw,Year 1, spring 19, Friday,16497,16.7
frame,lgw,Year 1, spring 19, Friday,16498,16.8
frame,lgw,Year 1, spring 19, Friday,16499,16.6
frame,lgw,Year 1, spring 19, Friday,16500,16.6
frame,lgw,Year 1, spring 19, Friday,16501,16.8
frame,lgw,Year 1, spring 19, Friday,16502,16.6
frame,lgw,Year 1, spring 19, Friday,16503,16.6
frame,lgw,Year 1, spring 19, Friday,16504,16.8
frame,lgw,Year 1, spring 19, Friday,16505,16.6
frame,lgw,Year 1, spring 19, Friday,16506,16.7
frame,lgw,Year 1, spring 19, Friday,16507,16.6
frame,lgw,Year 1, spring 19, Friday,16508,16.7
frame,lgw,Year 1, spring 19, Friday,16509,16.7
frame,lgw,Year 1, spring 19, Friday,16510,16.7
frame,lgw,Year 1, spring 19, Friday,16511,16.7
frame,lgw,Year 1, spring 19, Friday,16512,16.6
frame,lgw,Year 1, spring 19, Friday,16513,16.7
frame,lgw,Year 1, spring 19, Friday,16514,16.8
frame,lgw,Year 1, spring 19, Friday,16515,16.6
frame,lgw,Year 1, spring 19, Friday,16516,16.8
frame,lgw,Year 1, spring 19, Friday,16517,16.5
frame,lgw,Year 1, spring 19, Friday,16518,16.7
frame,lgw,Year 1, spring 19, Friday,16519,16.8
frame,lgw,Year 1, spring 19, Friday,16520,16.7
frame,lgw,Year 1, spring 19, Friday,16521,16.6
frame,lgw,Year 1, spring 19, Friday,16522,16.5
frame,lgw,Year 1, spring 19, Friday,16523,16.8
frame,lgw,Year 1, spring 19, Friday,16524,16.6
frame,lgw,Year 1, spring 19, Friday,16525,16.6
frame,lgw,Year 1, spring 19, Friday,16526,16.7
frame,lgw,Year 1, spring 19, Friday,16527,16.7
frame,lgw,Year 1, spring 19, Friday,16528,16.7
frame,lgw,Year 1, spring 19, Friday,16529,16.7
frame,lgw,Year 1, spring 19, Friday,16530,16.6
frame,lgw,Year 1, spring 19, Friday,16531,16.7
frame,lgw,Year 1, spring 19, Friday,16532,16.7
frame,lgw,Year 1, spring 19, Friday,16533,16.6
frame,lgw,Year 1, spring 19, Friday,16534,16.7
frame,lgw,Year 1, spring 19, Friday,16535,16.9
frame,lgw,Year 1, spring 19, Friday,16536,16.5
frame,lgw,Year 1, spring 19, Friday,16537,16.6
frame,lgw,Year 1, spring 19, Friday,16538,16.7
frame,lgw,Year 1, spring 19, Friday,16539,16.7
frame,lgw,Year 1, spring 19, Friday,16540,16.8
frame,lgw,Year 1, spring 19, Friday,16541,16.6
frame,lgw,Year 1, spring 19, Friday,16542,16.5
frame,lgw,Year 1, spring 19, Friday,16543,16.6
frame,lgw,Year 1, spring 19, Friday,16544,16.7
frame,lgw,Year 1, spring 19, Friday,16545,16.7
frame,lgw,Year 1, spring 19, Friday,16546,16.7
frame,lgw,Year 1, spring 19, Friday,16547,16.6
frame,lgw,Year 1, spring 19, Friday,16548,16.8
frame,lgw,Year 1, spring 19, Friday,16549,16.6
frame,lgw,Year 1, spring 19, Friday,16550,16.6
frame,lgw,Year 1, spring 19, Friday,16551,16.7
frame,lgw,Year 1, spring 19, Friday,16552,16.7
frame,lgw,Year 1, spring 19, Friday,16553,16.7
frame,lgw,Year 1, spring 19, Friday,16554,28.9
frame,lgw,Year 1, spring 19, Friday,16555,10.8
frame,lgw,Year 1, spring 19, Friday,16556,10.2
frame,lgw,Year 1, spring 19, Friday,16557,16.7
frame,lgw,Year 1, spring 19, Friday,16558,16.6
frame,lgw,Year 1, spring 19, Friday,16559,16.7
frame,lgw,Year 1, spring 19, Friday,16560,16.7
frame,lgw,Year 1, spring 19, Friday,16561,16.6
frame,lgw,Year 1, spring 19, Friday,16562,16.6
frame,lgw,Year 1, spring 19, Friday,16563,16.6
frame,lgw,Year 1, spring 19, Friday,16564,16.7
frame,lgw,Year 1, spring 19, Friday,16565,16.7
frame,lgw,Year 1, spring 19, Friday,16566,16.7
frame,lgw,Year 1, spring 19, Friday,16567,16.6
frame,lgw,Year 1, spring 19, Friday,16568,16.8
frame,lgw,Year 1, spring 19, Friday,16569,19.2
frame,lgw,Year 1, spring 19, Friday,16570,14.0
frame,lgw,Year 1, spring 19, Friday,16571,16.7
frame,lgw,Year 1, spring 19, Friday,16572,16.7
frame,lgw,Year 1, spring 19, Friday,16573,16.7
frame,lgw,Year 1, spring 19, Friday,16574,16.7
frame,lgw,Year 1, spring 19, Friday,16575,16.6
frame,lgw,Year 1, spring 19, Friday,16576,16.6
frame,lgw,Year 1, spring 19, Friday,16577,16.7
frame,lgw,Year 1, spring 19, Friday,16578,16.7
frame,lgw,Year 1, spring 19, Friday,16579,16.6
frame,lgw,Year 1, spring 19, Friday,16580,16.8
frame,lgw,Year 1, spring 19, Friday,16581,16.5
frame,lgw,Year 1, spring 19, Friday,16582,16.6
frame,lgw,Year 1, spring 19, Friday,16583,16.7
frame,lgw,Year 1, spring 19, Friday,16584,16.7
frame,lgw,Year 1, spring 19, Friday,16585,16.6
frame,lgw,Year 1, spring 19, Friday,16586,16.7
frame,lgw,Year 1, spring 19, Friday,16587,16.7
frame,lgw,Year 1, spring 19, Friday,16588,16.7
frame,lgw,Year 1, spring 19, Friday,16589,16.7
frame,lgw,Year 1, spring 19, Friday,16590,16.7
frame,lgw,Year 1, spring 19, Friday,16591,16.7
frame,lgw,Year 1, spring 19, Friday,16592,16.7
frame,lgw,Year 1, spring 19, Friday,16593,16.6
frame,lgw,Year 1, spring 19, Friday,16594,16.6
frame,lgw,Year 1, spring 19, Friday,16595,16.7
frame,lgw,Year 1, spring 19, Friday,16596,16.7
frame,lgw,Year 1, spring 19, Friday,16597,16.7
frame,lgw,Year 1, spring 19, Friday,16598,16.7
frame,lgw,Year 1, spring 19, Friday,16599,16.7
frame,lgw,Year 1, spring 19, Friday,16600,16.6
frame,lgw,Year 1, spring 19, Friday,16601,16.7
frame,lgw,Year 1, spring 19, Friday,16602,16.6
frame,lgw,Year 1, spring 19, Friday,16603,16.7
frame,lgw,Year 1, spring 19, Friday,16604,16.8
frame,lgw,Year 1, spring 19, Friday,16605,16.5
frame,lgw,Year 1, spring 19, Friday,16606,43.6
frame,lgw,Year 1, spring 19, Friday,16607,2.4
frame,lgw,Year 1, spring 19, Friday,16608,4.3
frame,lgw,Year 1, spring 19, Friday,16609,16.6
frame,lgw,Year 1, spring 19, Friday,16610,17.1
frame,lgw,Year 1, spring 19, Friday,16611,16.0
frame,lgw,Year 1, spring 19, Friday,16612,16.7
frame,lgw,Year 1, spring 19, Friday,16613,16.7
frame,lgw,Year 1, spring 19, Friday,16614,16.6
frame,lgw,Year 1, spring 19, Friday,16615,16.7
frame,lgw,Year 1, spring 19, Friday,16616,16.7
frame,lgw,Year 1, spring 19, Friday,16617,16.7
frame,lgw,Year 1, spring 19, Friday,16618,16.8
frame,lgw,Year 1, spring 19, Friday,16619,16.5
frame,lgw,Year 1, spring 19, Friday,16620,16.7
frame,lgw,Year 1, spring 19, Friday,16621,16.6
frame,lgw,Year 1, spring 19, Friday,16622,16.6
frame,lgw,Year 1, spring 19, Friday,16623,16.7
frame,lgw,Year 1, spring 19, Friday,16624,16.7
frame,lgw,Year 1, spring 19, Friday,16625,16.7
frame,lgw,Year 1, spring 19, Friday,16626,16.6
frame,lgw,Year 1, spring 19, Friday,16627,16.6
frame,lgw,Year 1, spring 19, Friday,16628,16.7
frame,lgw,Year 1, spring 19, Friday,16629,16.6
frame,lgw,Year 1, spring 19, Friday,16630,16.7
frame,lgw,Year 1, spring 19, Friday,16631,16.7
frame,lgw,Year 1, spring 19, Friday,16632,16.7
frame,lgw,Year 1, spring 19, Friday,16633,16.7
frame,lgw,Year 1, spring 19, Friday,16634,16.7
frame,lgw,Year 1, spring 19, Friday,16635,16.7
frame,lgw,Year 1, spring 19, Friday,16636,16.6
frame,lgw,Year 1, spring 19, Friday,16637,16.8
frame,lgw,Year 1, spring 19, Friday,16638,16.5
frame,lgw,Year 1, spring 19, Friday,16639,16.7
frame,lgw,Year 1, spring 19, Friday,16640,16.7
frame,lgw,Year 1, spring 19, Friday,16641,16.7
frame,lgw,Year 1, spring 19, Friday,16642,16.7
frame,lgw,Year 1, spring 19, Friday,16643,16.6
frame,lgw,Year 1, spring 19, Friday,16644,16.7
frame,lgw,Year 1, spring 19, Friday,16645,16.7
frame,lgw,Year 1, spring 19, Friday,16646,16.6
frame,lgw,Year 1, spring 19, Friday,16647,16.7
frame,lgw,Year 1, spring 19, Friday,16648,16.7
frame,lgw,Year 1, spring 19, Friday,16649,16.7
frame,lgw,Year 1, spring 19, Friday,16650,17.6
frame,lgw,Year 1, spring 19, Friday,16651,15.7
frame,lgw,Year 1, spring 19, Friday,16652,16.7
frame,lgw,Year 1, spring 19, Friday,16653,16.7
frame,lgw,Year 1, spring 19, Friday,16654,16.7
frame,lgw,Year 1, spring 19, Friday,16655,16.6
frame,lgw,Year 1, spring 19, Friday,16656,16.8
frame,lgw,Year 1, spring 19, Friday,16657,16.6
frame,lgw,Year 1, spring 19, Friday,16658,16.6
frame,lgw,Year 1, spring 19, Friday,16659,16.7
frame,lgw,Year 1, spring 19, Friday,16660,16.6
frame,lgw,Year 1, spring 19, Friday,16661,16.7
frame,lgw,Year 1, spring 19, Friday,16662,16.7
frame,lgw,Year 1, spring 19, Friday,16663,16.7
frame,lgw,Year 1, spring 19, Friday,16664,16.6
frame,lgw,Year 1, spring 19, Friday,16665,16.7
frame,lgw,Year 1, spring 19, Friday,16666,16.7
frame,lgw,Year 1, spring 19, Friday,16667,16.6
frame,lgw,Year 1, spring 19, Friday,16668,16.8
frame,lgw,Year 1, spring 19, Friday,16669,16.8
frame,lgw,Year 1, spring 19, Friday,16670,16.5
frame,lgw,Year 1, spring 19, Friday,16671,16.7
frame,lgw,Year 1, spring 19, Friday,16672,16.7
frame,lgw,Year 1, spring 19, Friday,16673,16.7
frame,lgw,Year 1, spring 19, Friday,16674,16.7
frame,lgw,Year 1, spring 19, Friday,16675,16.7
frame,lgw,Year 1, spring 19, Friday,16676,17.2
frame,lgw,Year 1, spring 19, Friday,16677,16.2
frame,lgw,Year 1, spring 19, Friday,16678,16.5
frame,lgw,Year 1, spring 19, Friday,16679,16.9
frame,lgw,Year 1, spring 19, Friday,16680,16.5
switch,lgw,Year 1, spring 20, Saturday,600,456.1
switchdetail,lgw,Year 1, spring 20, Saturday,720,0,0.0
lag,lgw,Year 1, spring 20, Saturday,16683,456.1
lag,lgw,Year 1, spring 20, Saturday,16684,1990.9
frame,lgw,Year 1, spring 20, Saturday,16681,19.8
frame,lgw,Year 1, spring 20, Saturday,16682,456.1
frame,lgw,Year 1, spring 20, Saturday,16683,500.0
frame,lgw,Year 1, spring 20, Saturday,16684,1.1
frame,lgw,Year 1, spring 20, Saturday,16685,10.3
frame,lgw,Year 1, spring 20, Saturday,16686,16.5
frame,lgw,Year 1, spring 20, Saturday,16687,16.7
frame,lgw,Year 1, spring 20, Saturday,16688,16.6
frame,lgw,Year 1, spring 20, Saturday,16689,16.7
frame,lgw,Year 1, spring 20, Saturday,16690,16.9
frame,lgw,Year 1, spring 20, Saturday,16691,16.5
frame,lgw,Year 1, spring 20, Saturday,16692,16.6
frame,lgw,Year 1, spring 20, Saturday,16693,16.6
frame,lgw,Year 1, spring 20, Saturday,16694,16.7
frame,lgw,Year 1, spring 20, Saturday,16695,16.7
frame,lgw,Year 1, spring 20, Saturday,16696,16.7
frame,lgw,Year 1, spring 20, Saturday,16697,16.6
frame,lgw,Year 1, spring 20, Saturday,16698,16.7
frame,lgw,Year 1, spring 20, Saturday,16699,16.7
frame,lgw,Year 1, spring 20, Saturday,16700,16.7
frame,lgw,Year 1, spring 20, Saturday,16701,16.7
frame,lgw,Year 1, spring 20, Saturday,16702,16.7
frame,lgw,Year 1, spring 20, Saturday,16703,16.7
frame,lgw,Year 1, spring 20, Saturday,16704,16.8
frame,lgw,Year 1, spring 20, Saturday,16705,16.6
frame,lgw,Year 1, spring 20, Saturday,16706,16.6
frame,lgw,Year 1, spring 20, Saturday,16707,16.7
frame,lgw,Year 1, spring 20, Saturday,16708,16.7
frame,lgw,Year 1, spring 20, Saturday,16709,16.7
frame,lgw,Year 1, spring 20, Saturday,16710,19.4
frame,lgw,Year 1, spring 20, Saturday,16711,14.9
frame,lgw,Year 1, spring 20, Saturday,16712,17.5
frame,lgw,Year 1, spring 20, Saturday,16713,15.0
frame,lgw,Year 1, spring 20, Saturday,16714,16.6
frame,lgw,Year 1, spring 20, Saturday,16715,16.6
frame,lgw,Year 1, spring 20, Saturday,16716,16.7
frame,lgw,Year 1, spring 20, Saturday,16717,16.7
frame,lgw,Year 1, spring 20, Saturday,16718,16.7
frame,lgw,Year 1, spring 20, Saturday,16719,16.8
frame,lgw,Year 1, spring 20, Saturday,16720,16.6
frame,lgw,Year 1, spring 20, Saturday,16721,16.6
frame,lgw,Year 1, spring 20, Saturday,16722,16.6
frame,lgw,Year 1, spring 20, Saturday,16723,16.7
frame,lgw,Year 1, spring 20, Saturday,16724,16.7
frame,lgw,Year 1, spring 20, Saturday,16725,16.7
frame,lgw,Year 1, spring 20, Saturday,16726,16.7
frame,lgw,Year 1, spring 20, Saturday,16727,16.7
frame,lgw,Year 1, spring 20, Saturday,16728,16.6
frame,lgw,Year 1, spring 20, Saturday,16729,16.7
frame,lgw,Year 1, spring 20, Saturday,16730,16.8
frame,lgw,Year 1, spring 20, Saturday,16731,16.6
frame,lgw,Year 1, spring 20, Saturday,16732,17.1
frame,lgw,Year 1, spring 20, Saturday,16733,16.3
frame,lgw,Year 1, spring 20, Saturday,16734,16.6
frame,lgw,Year 1, spring 20, Saturday,16735,16.6
frame,lgw,Year 1, spring 20, Saturday,16736,16.7
frame,lgw,Year 1, spring 20, Saturday,16737,16.7
frame,lgw,Year 1, spring 20, Saturday,16738,16.7
frame,lgw,Year 1, spring 20, Saturday,16739,16.9
frame,lgw,Year 1, spring 20, Saturday,16740,16.4
frame,lgw,Year 1, spring 20, Saturday,16741,16.6
frame,lgw,Year 1, spring 20, Saturday,16742,16.7
frame,lgw,Year 1, spring 20, Saturday,16743,16.7
frame,lgw,Year 1, spring 20, Saturday,16744,16.7
frame,lgw,Year 1, spring 20, Saturday,16745,16.6
frame,lgw,Year 1, spring 20, Saturday,16746,16.7
frame,lgw,Year 1, spring 20, Saturday,16747,16.6
frame,lgw,Year 1, spring 20, Saturday,16748,16.7
frame,lgw,Year 1, spring 20, Saturday,16749,16.7
frame,lgw,Year 1, spring 20, Saturday,16750,16.7
frame,lgw,Year 1, spring 20, Saturday,16751,16.7
frame,lgw,Year 1, spring 20, Saturday,16752,16.5
frame,lgw,Year 1, spring 20, Saturday,16753,16.6
frame,lgw,Year 1, spring 20, Saturday,16754,16.7
frame,lgw,Year 1, spring 20, Saturday,16755,16.7
frame,lgw,Year 1, spring 20, Saturday,16756,16.6
frame,lgw,Year 1, spring 20, Saturday,16757,16.7
frame,lgw,Year 1, spring 20, Saturday,16758,16.7
frame,lgw,Year 1, spring 20, Saturday,16759,16.8
frame,lgw,Year 1, spring 20, Saturday,16760,16.8
frame,lgw,Year 1, spring 20, Saturday,16761,16.5
frame,lgw,Year 1, spring 20, Saturday,16762,16.7
frame,lgw,Year 1, spring 20, Saturday,16763,17.2
frame,lgw,Year 1, spring 20, Saturday,16764,16.1
frame,lgw,Year 1, spring 20, Saturday,16765,16.7
frame,lgw,Year 1, spring 20, Saturday,16766,16.6
frame,lgw,Year 1, spring 20, Saturday,16767,22.9
frame,lgw,Year 1, spring 20, Saturday,16768,10.4
frame,lgw,Year 1, spring 20, Saturday,16769,17.1
frame,lgw,Year 1, spring 20, Saturday,16770,16.3
frame,lgw,Year 1, spring 20, Saturday,16771,16.7
frame,lgw,Year 1, spring 20, Saturday,16772,16.7
frame,lgw,Year 1, spring 20, Saturday,16773,16.6
frame,lgw,Year 1, spring 20, Saturday,16774,16.7
frame,lgw,Year 1, spring 20, Saturday,16775,16.7
frame,lgw,Year 1, spring 20, Saturday,16776,16.6
frame,lgw,Year 1, spring 20, Saturday,16777,16.7
frame,lgw,Year 1, spring 20, Saturday,16778,17.1
frame,lgw,Year 1, spring 20, Saturday,16779,16.2
frame,lgw,Year 1, spring 20, Saturday,16780,16.6
frame,lgw,Year 1, spring 20, Saturday,16781,16.7
frame,lgw,Year 1, spring 20, Saturday,16782,16.7
frame,lgw,Year 1, spring 20, Saturday,16783,16.6
frame,lgw,Year 1, spring 20, Saturday,16784,16.7
frame,lgw,Year 1, spring 20, Saturday,16785,17.5
frame,lgw,Year 1, spring 20, Saturday,16786,16.4
frame,lgw,Year 1, spring 20, Saturday,16787,16.2
frame,lgw,Year 1, spring 20, Saturday,16788,16.5
frame,lgw,Year 1, spring 20, Saturday,16789,16.7
frame,lgw,Year 1, spring 20, Saturday,16790,16.7
frame,lgw,Year 1, spring 20, Saturday,16791,16.7
frame,lgw,Year 1, spring 20, Saturday,16792,16.7
frame,lgw,Year 1, spring 20, Saturday,16793,16.8
frame,lgw,Year 1, spring 20, Saturday,16794,16.5
frame,lgw,Year 1, spring 20, Saturday,16795,16.7
frame,lgw,Year 1, spring 20, Saturday,16796,16.6
frame,lgw,Year 1, spring 20, Saturday,16797,16.7
frame,lgw,Year 1, spring 20, Saturday,16798,16.7
frame,lgw,Year 1, spring 20, Saturday,16799,16.7
frame,lgw,Year 1, spring 20, Saturday,16800,16.6
frame,lgw,Year 1, spring 20, Saturday,16801,16.7
frame,lgw,Year 1, spring 20, Saturday,16802,16.8
frame,lgw,Year 1, spring 20, Saturday,16803,16.5
frame,lgw,Year 1, spring 20, Saturday,16804,16.7
frame,lgw,Year 1, spring 20, Saturday,16805,16.6
frame,lgw,Year 1, spring 20, Saturday,16806,16.7
frame,lgw,Year 1, spring 20, Saturday,16807,16.7
frame,lgw,Year 1, spring 20, Saturday,16808,16.7
frame,lgw,Year 1, spring 20, Saturday,16809,16.7
frame,lgw,Year 1, spring 20, Saturday,16810,16.8
frame,lgw,Year 1, spring 20, Saturday,16811,16.6
frame,lgw,Year 1, spring 20, Saturday,16812,17.1
frame,lgw,Year 1, spring 20, Saturday,16813,16.1
frame,lgw,Year 1, spring 20, Saturday,16814,16.8
frame,lgw,Year 1, spring 20, Saturday,16815,16.7
frame,lgw,Year 1, spring 20, Saturday,16816,16.4
frame,lgw,Year 1, spring 20, Saturday,16817,16.8
frame,lgw,Year 1, spring 20, Saturday,16818,16.6
frame,lgw,Year 1, spring 20, Saturday,16819,16.7
frame,lgw,Year 1, spring 20, Saturday,16820,16.8
frame,lgw,Year 1, spring 20, Saturday,16821,16.5
frame,lgw,Year 1, spring 20, Saturday,16822,16.6
frame,lgw,Year 1, spring 20, Saturday,16823,16.8
frame,lgw,Year 1, spring 20, Saturday,16824,16.6
frame,lgw,Year 1, spring 20, Saturday,16825,16.6
frame,lgw,Year 1, spring 20, Saturday,16826,16.7
frame,lgw,Year 1, spring 20, Saturday,16827,16.6
frame,lgw,Year 1, spring 20, Saturday,16828,16.7
frame,lgw,Year 1, spring 20, Saturday,16829,16.8
frame,lgw,Year 1, spring 20, Saturday,16830,16.5
frame,lgw,Year 1, spring 20, Saturday,16831,16.6
frame,lgw,Year 1, spring 20, Saturday,16832,16.8
frame,lgw,Year 1, spring 20, Saturday,16833,16.6
frame,lgw,Year 1, spring 20, Saturday,16834,16.7
frame,lgw,Year 1, spring 20, Saturday,16835,16.7
frame,lgw,Year 1, spring 20, Saturday,16836,16.7
frame,lgw,Year 1, spring 20, Saturday,16837,16.7
frame,lgw,Year 1, spring 20, Saturday,16838,16.7
frame,lgw,Year 1, spring 20, Saturday,16839,16.7
frame,lgw,Year 1, spring 20, Saturday,16840,16.6
frame,lgw,Year 1, spring 20, Saturday,16841,16.8
frame,lgw,Year 1, spring 20, Saturday,16842,16.7
frame,lgw,Year 1, spring 20, Saturday,16843,16.7
frame,lgw,Year 1, spring 20, Saturday,16844,16.6
frame,lgw,Year 1, spring 20, Saturday,16845,16.6
frame,lgw,Year 1, spring 20, Saturday,16846,16.7
frame,lgw,Year 1, spring 20, Saturday,16847,19.0
frame,lgw,Year 1, spring 20, Saturday,16848,14.3
frame,lgw,Year 1, spring 20, Saturday,16849,16.7
frame,lgw,Year 1, spring 20, Saturday,16850,16.6
frame,lgw,Year 1, spring 20, Saturday,16851,16.7
frame,lgw,Year 1, spring 20, Saturday,16852,16.7
frame,lgw,Year 1, spring 20, Saturday,16853,16.9
frame,lgw,Year 1, spring 20, Saturday,16854,16.7
frame,lgw,Year 1, spring 20, Saturday,16855,16.5
frame,lgw,Year 1, spring 20, Saturday,16856,16.6
frame,lgw,Year 1, spring 20, Saturday,16857,16.7
frame,lgw,Year 1, spring 20, Saturday,16858,16.7
frame,lgw,Year 1, spring 20, Saturday,16859,16.7
frame,lgw,Year 1, spring 20, Saturday,16860,16.7
frame,lgw,Year 1, spring 20, Saturday,16861,16.6
frame,lgw,Year 1, spring 20, Saturday,16862,16.7
frame,lgw,Year 1, spring 20, Saturday,16863,16.7
frame,lgw,Year 1, spring 20, Saturday,16864,16.7
frame,lgw,Year 1, spring 20, Saturday,16865,16.6
frame,lgw,Year 1, spring 20, Saturday,16866,16.6
frame,lgw,Year 1, spring 20, Saturday,16867,16.7
frame,lgw,Year 1, spring 20, Saturday,16868,16.6
frame,lgw,Year 1, spring 20, Saturday,16869,16.7
frame,lgw,Year 1, spring 20, Saturday,16870,16.7
frame,lgw,Year 1, spring 20, Saturday,16871,16.6
frame,lgw,Year 1, spring 20, Saturday,16872,16.6
frame,lgw,Year 1, spring 20, Saturday,16873,16.7
frame,lgw,Year 1, spring 20, Saturday,16874,16.6
frame,lgw,Year 1, spring 20, Saturday,16875,16.7
frame,lgw,Year 1, spring 20, Saturday,16876,16.7
frame,lgw,Year 1, spring 20, Saturday,16877,16.7
frame,lgw,Year 1, spring 20, Saturday,16878,16.7
frame,lgw,Year 1, spring 20, Saturday,16879,16.7
frame,lgw,Year 1, spring 20, Saturday,16880,16.6
frame,lgw,Year 1, spring 20, Saturday,16881,16.7
frame,lgw,Year 1, spring 20, Saturday,16882,16.7
frame,lgw,Year 1, spring 20, Saturday,16883,16.6
frame,lgw,Year 1, spring 20, Saturday,16884,16.7
frame,lgw,Year 1, spring 20, Saturday,16885,16.7
frame,lgw,Year 1, spring 20, Saturday,16886,16.6
frame,lgw,Year 1, spring 20, Saturday,16887,16.7
frame,lgw,Year 1, spring 20, Saturday,16888,16.7
frame,lgw,Year 1, spring 20, Saturday,16889,16.6
frame,lgw,Year 1, spring 20, Saturday,16890,16.7
frame,lgw,Year 1, spring 20, Saturday,16891,16.7
frame,lgw,Year 1, spring 20, Saturday,16892,16.6
frame,lgw,Year 1, spring 20, Saturday,16893,16.7
frame,lgw,Year 1, spring 20, Saturday,16894,26.9
frame,lgw,Year 1, spring 20, Saturday,16895,6.4
frame,lgw,Year 1, spring 20, Saturday,16896,16.7
frame,lgw,Year 1, spring 20, Saturday,16897,16.7
frame,lgw,Year 1, spring 20, Saturday,16898,16.7
frame,lgw,Year 1, spring 20, Saturday,16899,16.8
frame,lgw,Year 1, spring 20, Saturday,16900,16.6
frame,lgw,Year 1, spring 20, Saturday,16901,16.6
frame,lgw,Year 1, spring 20, Saturday,16902,16.7
frame,lgw,Year 1, spring 20, Saturday,16903,16.7
frame,lgw,Year 1, spring 20, Saturday,16904,16.6
frame,lgw,Year 1, spring 20, Saturday,16905,16.7
frame,lgw,Year 1, spring 20, Saturday,16906,16.7
frame,lgw,Year 1, spring 20, Saturday,16907,16.6
frame,lgw,Year 1, spring 20, Saturday,16908,16.6
frame,lgw,Year 1, spring 20, Saturday,16909,16.7
frame,lgw,Year 1, spring 20, Saturday,16910,16.6
frame,lgw,Year 1, spring 20, Saturday,16911,16.6
frame,lgw,Year 1, spring 20, Saturday,16912,16.7
frame,lgw,Year 1, spring 20, Saturday,16913,16.7
frame,lgw,Year 1, spring 20, Saturday,16914,16.6
frame,lgw,Year 1, spring 20, Saturday,16915,16.7
frame,lgw,Year 1, spring 20, Saturday,16916,16.7
frame,lgw,Year 1, spring 20, Saturday,16917,16.8
frame,lgw,Year 1, spring 20, Saturday,16918,16.6
frame,lgw,Year 1, spring 20, Saturday,16919,16.7
frame,lgw,Year 1, spring 20, Saturday,16920,16.5
frame,lgw,Year 1, spring 20, Saturday,16921,16.9
switch,lgw,Year 1, spring 21, Sunday,610,17.1
switch,lgw,Year 1, spring 21, Sunday,620,17.4
switch,lgw,Year 1, spring 21, Sunday,630,17.6
switchdetail,lgw,Year 1, spring 21, Sunday,600,0,0.0
switchdetail,lgw,Year 1, spring 21, Sunday,610,0,0.0
switchdetail,lgw,Year 1, spring 21, Sunday,620,0,0.0
lag,lgw,Year 1, spring 21, Sunday,16924,191.6
lag,lgw,Year 1, spring 21, Sunday,16925,1981.3
lag,lgw,Year 1, spring 21, Sunday,17357,95.8
lag,lgw,Year 1, spring 21, Sunday,17587,59.6
frame,lgw,Year 1, spring 21, Sunday,17946,16.5
frame,lgw,Year 1, spring 21, Sunday,17947,16.7
frame,lgw,Year 1, spring 21, Sunday,17948,17.0
frame,lgw,Year 1, spring 21, Sunday,17949,16.3
frame,lgw,Year 1, spring 21, Sunday,17950,16.6
frame,lgw,Year 1, spring 21, Sunday,17951,17.4
frame,lgw,Year 1, spring 21, Sunday,17952,15.9
frame,lgw,Year 1, spring 21, Sunday,17953,16.7
frame,lgw,Year 1, spring 21, Sunday,17954,16.6
frame,lgw,Year 1, spring 21, Sunday,17955,16.8
frame,lgw,Year 1, spring 21, Sunday,17956,16.6
frame,lgw,Year 1, spring 21, Sunday,17957,16.7
frame,lgw,Year 1, spring 21, Sunday,17958,16.7
frame,lgw,Year 1, spring 21, Sunday,17959,16.6
frame,lgw,Year 1, spring 21, Sunday,17960,16.7
frame,lgw,Year 1, spring 21, Sunday,17961,16.6
frame,lgw,Year 1, spring 21, Sunday,17962,16.8
frame,lgw,Year 1, spring 21, Sunday,17963,16.5
frame,lgw,Year 1, spring 21, Sunday,17964,16.9
frame,lgw,Year 1, spring 21, Sunday,17965,16.5
frame,lgw,Year 1, spring 21, Sunday,17966,16.8
frame,lgw,Year 1, spring 21, Sunday,17967,16.6
frame,lgw,Year 1, spring 21, Sunday,17968,16.6
frame,lgw,Year 1, spring 21, Sunday,17969,16.7
frame,lgw,Year 1, spring 21, Sunday,17970,16.6
frame,lgw,Year 1, spring 21, Sunday,17971,16.7
frame,lgw,Year 1, spring 21, Sunday,17972,17.0
frame,lgw,Year 1, spring 21, Sunday,17973,16.3
frame,lgw,Year 1, spring 21, Sunday,17974,16.8
frame,lgw,Year 1, spring 21, Sunday,17975,20.4
frame,lgw,Year 1, spring 21, Sunday,17976,14.0
frame,lgw,Year 1, spring 21, Sunday,17977,16.5
frame,lgw,Year 1, spring 21, Sunday,17978,17.7
frame,lgw,Year 1, spring 21, Sunday,17979,15.6
frame,lgw,Year 1, spring 21, Sunday,17980,17.1
frame,lgw,Year 1, spring 21, Sunday,17981,17.9
frame,lgw,Year 1, spring 21, Sunday,17982,16.2
frame,lgw,Year 1, spring 21, Sunday,17983,19.6
frame,lgw,Year 1, spring 21, Sunday,17984,16.3
frame,lgw,Year 1, spring 21, Sunday,17985,17.6
frame,lgw,Year 1, spring 21, Sunday,17986,12.3
frame,lgw,Year 1, spring 21, Sunday,17987,17.9
frame,lgw,Year 1, spring 21, Sunday,17988,15.9
frame,lgw,Year 1, spring 21, Sunday,17989,16.0
frame,lgw,Year 1, spring 21, Sunday,17990,16.5
frame,lgw,Year 1, spring 21, Sunday,17991,16.6
frame,lgw,Year 1, spring 21, Sunday,17992,16.5
frame,lgw,Year 1, spring 21, Sunday,17993,17.6
frame,lgw,Year 1, spring 21, Sunday,17994,16.3
frame,lgw,Year 1, spring 21, Sunday,17995,16.8
frame,lgw,Year 1, spring 21, Sunday,17996,16.4
frame,lgw,Year 1, spring 21, Sunday,17997,17.2
frame,lgw,Year 1, spring 21, Sunday,17998,16.4
frame,lgw,Year 1, spring 21, Sunday,17999,19.0
switch,lgw,Year 1, spring 21, Sunday,640,18.5
switch,lgw,Year 1, spring 21, Sunday,650,17.2
switch,lgw,Year 1, spring 21, Sunday,700,17.4
switch,lgw,Year 1, spring 21, Sunday,710,17.9
switchdetail,lgw,Year 1, spring 21, Sunday,630,0,0.0
switchdetail,lgw,Year 1, spring 21, Sunday,640,0,0.0
switchdetail,lgw,Year 1, spring 21, Sunday,650,0,0.0
switchdetail,lgw,Year 1, spring 21, Sunday,700,0,0.0
lag,lgw,Year 1, spring 21, Sunday,18200,71.8
frame,lgw,Year 1, spring 21, Sunday,19024,16.7
frame,lgw,Year 1, spring 21, Sunday,19025,16.6
frame,lgw,Year 1, spring 21, Sunday,19026,16.7
frame,lgw,Year 1, spring 21, Sunday,19027,16.7
frame,lgw,Year 1, spring 21, Sunday,19028,16.8
frame,lgw,Year 1, spring 21, Sunday,19029,16.7
frame,lgw,Year 1, spring 21, Sunday,19030,16.6
frame,lgw,Year 1, spring 21, Sunday,19031,16.7
frame,lgw,Year 1, spring 21, Sunday,19032,18.8
frame,lgw,Year 1, spring 21, Sunday,19033,14.5
frame,lgw,Year 1, spring 21, Sunday,19034,16.7
frame,lgw,Year 1, spring 21, Sunday,19035,16.6
frame,lgw,Year 1, spring 21, Sunday,19036,16.6
frame,lgw,Year 1, spring 21, Sunday,19037,16.7
frame,lgw,Year 1, spring 21, Sunday,19038,17.0
frame,lgw,Year 1, spring 21, Sunday,19039,16.3
frame,lgw,Year 1, spring 21, Sunday,19040,16.7
frame,lgw,Year 1, spring 21, Sunday,19041,16.6
frame,lgw,Year 1, spring 21, Sunday,19042,16.8
frame,lgw,Year 1, spring 21, Sunday,19043,16.5
frame,lgw,Year 1, spring 21, Sunday,19044,16.7
frame,lgw,Year 1, spring 21, Sunday,19045,16.9
frame,lgw,Year 1, spring 21, Sunday,19046,16.5
frame,lgw,Year 1, spring 21, Sunday,19047,16.7
frame,lgw,Year 1, spring 21, Sunday,19048,16.6
frame,lgw,Year 1, spring 21, Sunday,19049,16.7
frame,lgw,Year 1, spring 21, Sunday,19050,16.7
frame,lgw,Year 1, spring 21, Sunday,19051,16.7
frame,lgw,Year 1, spring 21, Sunday,19052,16.6
frame,lgw,Year 1, spring 21, Sunday,19053,16.7
frame,lgw,Year 1, spring 21, Sunday,19054,16.7
frame,lgw,Year 1, spring 21, Sunday,19055,16.6
frame,lgw,Year 1, spring 21, Sunday,19056,16.7
frame,lgw,Year 1, spring 21, Sunday,19057,17.0
frame,lgw,Year 1, spring 21, Sunday,19058,16.5
frame,lgw,Year 1, spring 21, Sunday,19059,17.1
frame,lgw,Year 1, spring 21, Sunday,19060,16.2
frame,lgw,Year 1, spring 21, Sunday,19061,16.6
frame,lgw,Year 1, spring 21, Sunday,19062,16.7
frame,lgw,Year 1, spring 21, Sunday,19063,16.7
frame,lgw,Year 1, spring 21, Sunday,19064,16.7
frame,lgw,Year 1, spring 21, Sunday,19065,16.7
frame,lgw,Year 1, spring 21, Sunday,19066,16.7
frame,lgw,Year 1, spring 21, Sunday,19067,16.7
frame,lgw,Year 1, spring 21, Sunday,19068,16.7
frame,lgw,Year 1, spring 21, Sunday,19069,16.6
frame,lgw,Year 1, spring 21, Sunday,19070,16.6
frame,lgw,Year 1, spring 21, Sunday,19071,17.9
frame,lgw,Year 1, spring 21, Sunday,19072,16.1
frame,lgw,Year 1, spring 21, Sunday,19073,16.0
frame,lgw,Year 1, spring 21, Sunday,19074,16.7
frame,lgw,Year 1, spring 21, Sunday,19075,16.7
frame,lgw,Year 1, spring 21, Sunday,19076,16.7
frame,lgw,Year 1, spring 21, Sunday,19077,16.7
frame,lgw,Year 1, spring 21, Sunday,19078,16.8
frame,lgw,Year 1, spring 21, Sunday,19079,16.6
frame,lgw,Year 1, spring 21, Sunday,19080,16.7
frame,lgw,Year 1, spring 21, Sunday,19081,16.8
frame,lgw,Year 1, spring 21, Sunday,19082,16.3
frame,lgw,Year 1, spring 21, Sunday,19083,16.7
frame,lgw,Year 1, spring 21, Sunday,19084,16.6
frame,lgw,Year 1, spring 21, Sunday,19085,16.6
frame,lgw,Year 1, spring 21, Sunday,19086,16.7
frame,lgw,Year 1, spring 21, Sunday,19087,16.7
frame,lgw,Year 1, spring 21, Sunday,19088,16.6
frame,lgw,Year 1, spring 21, Sunday,19089,16.7
frame,lgw,Year 1, spring 21, Sunday,19090,16.7
frame,lgw,Year 1, spring 21, Sunday,19091,16.6
frame,lgw,Year 1, spring 21, Sunday,19092,16.7
frame,lgw,Year 1, spring 21, Sunday,19093,16.7
frame,lgw,Year 1, spring 21, Sunday,19094,16.6
frame,lgw,Year 1, spring 21, Sunday,19095,16.6
frame,lgw,Year 1, spring 21, Sunday,19096,16.6
frame,lgw,Year 1, spring 21, Sunday,19097,16.7
frame,lgw,Year 1, spring 21, Sunday,19098,16.7
frame,lgw,Year 1, spring 21, Sunday,19099,16.7
frame,lgw,Year 1, spring 21, Sunday,19100,16.6
frame,lgw,Year 1, spring 21, Sunday,19101,16.7
frame,lgw,Year 1, spring 21, Sunday,19102,16.7
frame,lgw,Year 1, spring 21, Sunday,19103,16.6
frame,lgw,Year 1, spring 21, Sunday,19104,16.7
frame,lgw,Year 1, spring 21, Sunday,19105,16.6
frame,lgw,Year 1, spring 21, Sunday,19106,16.7
frame,lgw,Year 1, spring 21, Sunday,19107,16.6
frame,lgw,Year 1, spring 21, Sunday,19108,16.7
frame,lgw,Year 1, spring 21, Sunday,19109,16.7
frame,lgw,Year 1, spring 21, Sunday,19110,16.8
frame,lgw,Year 1, spring 21, Sunday,19111,23.6
frame,lgw,Year 1, spring 21, Sunday,19112,29.1
frame,lgw,Year 1, spring 21, Sunday,19113,1.1
frame,lgw,Year 1, spring 21, Sunday,19114,13.0
frame,lgw,Year 1, spring 21, Sunday,19115,16.5
frame,lgw,Year 1, spring 21, Sunday,19116,16.5
frame,lgw,Year 1, spring 21, Sunday,19117,16.6
frame,lgw,Year 1, spring 21, Sunday,19118,19.3
frame,lgw,Year 1, spring 21, Sunday,19119,14.2
frame,lgw,Year 1, spring 21, Sunday,19120,16.3
frame,lgw,Year 1, spring 21, Sunday,19121,16.7
frame,lgw,Year 1, spring 21, Sunday,19122,16.7
frame,lgw,Year 1, spring 21, Sunday,19123,16.7
frame,lgw,Year 1, spring 21, Sunday,19124,16.7
frame,lgw,Year 1, spring 21, Sunday,19125,16.6
frame,lgw,Year 1, spring 21, Sunday,19126,16.7
frame,lgw,Year 1, spring 21, Sunday,19127,16.7
frame,lgw,Year 1, spring 21, Sunday,19128,16.6
frame,lgw,Year 1, spring 21, Sunday,19129,16.7
frame,lgw,Year 1, spring 21, Sunday,19130,16.7
frame,lgw,Year 1, spring 21, Sunday,19131,16.7
frame,lgw,Year 1, spring 21, Sunday,19132,16.7
frame,lgw,Year 1, spring 21, Sunday,19133,16.8
frame,lgw,Year 1, spring 21, Sunday,19134,16.7
frame,lgw,Year 1, spring 21, Sunday,19135,16.7
frame,lgw,Year 1, spring 21, Sunday,19136,16.6
frame,lgw,Year 1, spring 21, Sunday,19137,16.8
frame,lgw,Year 1, spring 21, Sunday,19138,16.6
frame,lgw,Year 1, spring 21, Sunday,19139,16.6
frame,lgw,Year 1, spring 21, Sunday,19140,16.7
frame,lgw,Year 1, spring 21, Sunday,19141,16.6
frame,lgw,Year 1, spring 21, Sunday,19142,16.7
frame,lgw,Year 1, spring 21, Sunday,19143,16.7
frame,lgw,Year 1, spring 21, Sunday,19144,16.7
frame,lgw,Year 1, spring 21, Sunday,19145,16.7
frame,lgw,Year 1, spring 21, Sunday,19146,16.7
frame,lgw,Year 1, spring 21, Sunday,19147,16.6
frame,lgw,Year 1, spring 21, Sunday,19148,16.7
frame,lgw,Year 1, spring 21, Sunday,19149,16.7
frame,lgw,Year 1, spring 21, Sunday,19150,16.6
frame,lgw,Year 1, spring 21, Sunday,19151,16.7
frame,lgw,Year 1, spring 21, Sunday,19152,16.7
frame,lgw,Year 1, spring 21, Sunday,19153,16.7
frame,lgw,Year 1, spring 21, Sunday,19154,16.6
frame,lgw,Year 1, spring 21, Sunday,19155,16.6
frame,lgw,Year 1, spring 21, Sunday,19156,16.6
frame,lgw,Year 1, spring 21, Sunday,19157,16.7
frame,lgw,Year 1, spring 21, Sunday,19158,16.8
frame,lgw,Year 1, spring 21, Sunday,19159,16.7
frame,lgw,Year 1, spring 21, Sunday,19160,16.6
frame,lgw,Year 1, spring 21, Sunday,19161,16.8
frame,lgw,Year 1, spring 21, Sunday,19162,16.7
frame,lgw,Year 1, spring 21, Sunday,19163,16.5
frame,lgw,Year 1, spring 21, Sunday,19164,16.8
frame,lgw,Year 1, spring 21, Sunday,19165,17.4
frame,lgw,Year 1, spring 21, Sunday,19166,15.9
frame,lgw,Year 1, spring 21, Sunday,19167,16.6
frame,lgw,Year 1, spring 21, Sunday,19168,16.7
frame,lgw,Year 1, spring 21, Sunday,19169,16.7
frame,lgw,Year 1, spring 21, Sunday,19170,16.7
frame,lgw,Year 1, spring 21, Sunday,19171,16.7
frame,lgw,Year 1, spring 21, Sunday,19172,16.6
frame,lgw,Year 1, spring 21, Sunday,19173,16.6
frame,lgw,Year 1, spring 21, Sunday,19174,16.7
frame,lgw,Year 1, spring 21, Sunday,19175,16.7
frame,lgw,Year 1, spring 21, Sunday,19176,16.7
frame,lgw,Year 1, spring 21, Sunday,19177,16.6
frame,lgw,Year 1, spring 21, Sunday,19178,16.9
frame,lgw,Year 1, spring 21, Sunday,19179,16.5
frame,lgw,Year 1, spring 21, Sunday,19180,16.6
frame,lgw,Year 1, spring 21, Sunday,19181,16.7
frame,lgw,Year 1, spring 21, Sunday,19182,16.8
frame,lgw,Year 1, spring 21, Sunday,19183,16.6
frame,lgw,Year 1, spring 21, Sunday,19184,16.5
frame,lgw,Year 1, spring 21, Sunday,19185,16.6
frame,lgw,Year 1, spring 21, Sunday,19186,16.6
frame,lgw,Year 1, spring 21, Sunday,19187,16.7
frame,lgw,Year 1, spring 21, Sunday,19188,16.8
frame,lgw,Year 1, spring 21, Sunday,19189,16.6
frame,lgw,Year 1, spring 21, Sunday,19190,16.6
frame,lgw,Year 1, spring 21, Sunday,19191,16.7
frame,lgw,Year 1, spring 21, Sunday,19192,16.7
frame,lgw,Year 1, spring 21, Sunday,19193,17.9
frame,lgw,Year 1, spring 21, Sunday,19194,15.5
frame,lgw,Year 1, spring 21, Sunday,19195,16.7
frame,lgw,Year 1, spring 21, Sunday,19196,16.6
frame,lgw,Year 1, spring 21, Sunday,19197,16.7
frame,lgw,Year 1, spring 21, Sunday,19198,16.6
frame,lgw,Year 1, spring 21, Sunday,19199,16.7
frame,lgw,Year 1, spring 21, Sunday,19200,16.8
frame,lgw,Year 1, spring 21, Sunday,19201,16.6
frame,lgw,Year 1, spring 21, Sunday,19202,16.6
frame,lgw,Year 1, spring 21, Sunday,19203,16.7
frame,lgw,Year 1, spring 21, Sunday,19204,16.7
frame,lgw,Year 1, spring 21, Sunday,19205,16.6
frame,lgw,Year 1, spring 21, Sunday,19206,16.7
frame,lgw,Year 1, spring 21, Sunday,19207,16.7
frame,lgw,Year 1, spring 21, Sunday,19208,16.8
frame,lgw,Year 1, spring 21, Sunday,19209,16.6
frame,lgw,Year 1, spring 21, Sunday,19210,16.6
frame,lgw,Year 1, spring 21, Sunday,19211,16.7
frame,lgw,Year 1, spring 21, Sunday,19212,16.6
frame,lgw,Year 1, spring 21, Sunday,19213,16.8
frame,lgw,Year 1, spring 21, Sunday,19214,16.7
frame,lgw,Year 1, spring 21, Sunday,19215,16.6
frame,lgw,Year 1, spring 21, Sunday,19216,16.7
frame,lgw,Year 1, spring 21, Sunday,19217,16.5
frame,lgw,Year 1, spring 21, Sunday,19218,16.7
frame,lgw,Year 1, spring 21, Sunday,19219,16.8
frame,lgw,Year 1, spring 21, Sunday,19220,16.7
frame,lgw,Year 1, spring 21, Sunday,19221,16.5
frame,lgw,Year 1, spring 21, Sunday,19222,16.6
frame,lgw,Year 1, spring 21, Sunday,19223,16.7
frame,lgw,Year 1, spring 21, Sunday,19224,16.7
frame,lgw,Year 1, spring 21, Sunday,19225,16.6
frame,lgw,Year 1, spring 21, Sunday,19226,16.8
frame,lgw,Year 1, spring 21, Sunday,19227,16.7
frame,lgw,Year 1, spring 21, Sunday,19228,16.6
frame,lgw,Year 1, spring 21, Sunday,19229,16.6
frame,lgw,Year 1, spring 21, Sunday,19230,16.6
frame,lgw,Year 1, spring 21, Sunday,19231,16.7
frame,lgw,Year 1, spring 21, Sunday,19232,16.6
frame,lgw,Year 1, spring 21, Sunday,19233,16.8
frame,lgw,Year 1, spring 21, Sunday,19234,16.6
frame,lgw,Year 1, spring 21, Sunday,19235,16.6
frame,lgw,Year 1, spring 21, Sunday,19236,16.7
frame,lgw,Year 1, spring 21, Sunday,19237,16.7
frame,lgw,Year 1, spring 21, Sunday,19238,16.7
frame,lgw,Year 1, spring 21, Sunday,19239,16.6
frame,lgw,Year 1, spring 21, Sunday,19240,16.8
frame,lgw,Year 1, spring 21, Sunday,19241,16.5
frame,lgw,Year 1, spring 21, Sunday,19242,16.8
frame,lgw,Year 1, spring 21, Sunday,19243,16.5
frame,lgw,Year 1, spring 21, Sunday,19244,16.6
frame,lgw,Year 1, spring 21, Sunday,19245,16.7
frame,lgw,Year 1, spring 21, Sunday,19246,16.6
frame,lgw,Year 1, spring 21, Sunday,19247,16.7
frame,lgw,Year 1, spring 21, Sunday,19248,16.6
frame,lgw,Year 1, spring 21, Sunday,19249,16.7
frame,lgw,Year 1, spring 21, Sunday,19250,16.7
frame,lgw,Year 1, spring 21, Sunday,19251,16.6
frame,lgw,Year 1, spring 21, Sunday,19252,17.2
frame,lgw,Year 1, spring 21, Sunday,19253,16.1
frame,lgw,Year 1, spring 21, Sunday,19254,16.7
frame,lgw,Year 1, spring 21, Sunday,19255,16.7
frame,lgw,Year 1, spring 21, Sunday,19256,16.6
frame,lgw,Year 1, spring 21, Sunday,19257,16.8
frame,lgw,Year 1, spring 21, Sunday,19258,16.6
frame,lgw,Year 1, spring 21, Sunday,19259,16.6
frame,lgw,Year 1, spring 21, Sunday,19260,16.6
frame,lgw,Year 1, spring 21, Sunday,19261,16.8
frame,lgw,Year 1, spring 21, Sunday,19262,17.0
frame,lgw,Year 1, spring 21, Sunday,19263,16.3
frame,lgw,Year 1, spring 21, Sunday,19264,16.7
frame,lgw,Year 1, spring 21, Sunday,19265,16.7
frame,lgw,Year 1, spring 21, Sunday,19266,16.6
frame,lgw,Year 1, spring 21, Sunday,19267,16.7
frame,lgw,Year 1, spring 21, Sunday,19268,16.7
frame,lgw,Year 1, spring 21, Sunday,19269,17.5
frame,lgw,Year 1, spring 21, Sunday,19270,15.8
frame,lgw,Year 1, spring 21, Sunday,19271,16.7
frame,lgw,Year 1, spring 21, Sunday,19272,16.7
frame,lgw,Year 1, spring 21, Sunday,19273,16.6
frame,lgw,Year 1, spring 21, Sunday,19274,16.7
frame,lgw,Year 1, spring 21, Sunday,19275,16.6
frame,lgw,Year 1, spring 21, Sunday,19276,16.7
frame,lgw,Year 1, spring 21, Sunday,19277,16.8
frame,lgw,Year 1, spring 21, Sunday,19278,16.5
frame,lgw,Year 1, spring 21, Sunday,19279,16.7
frame,lgw,Year 1, spring 21, Sunday,19280,16.9
frame,lgw,Year 1, spring 21, Sunday,19281,16.5
frame,lgw,Year 1, spring 21, Sunday,19282,16.6
frame,lgw,Year 1, spring 21, Sunday,19283,16.7
frame,lgw,Year 1, spring 21, Sunday,19284,16.8
frame,lgw,Year 1, spring 21, Sunday,19285,16.6
frame,lgw,Year 1, spring 21, Sunday,19286,16.5
frame,lgw,Year 1, spring 21, Sunday,19287,16.8
frame,lgw,Year 1, spring 21, Sunday,19288,16.5
frame,lgw,Year 1, spring 21, Sunday,19289,16.7
frame,lgw,Year 1, spring 21, Sunday,19290,16.8
frame,lgw,Year 1, spring 21, Sunday,19291,16.6
frame,lgw,Year 1, spring 21, Sunday,19292,16.6
frame,lgw,Year 1, spring 21, Sunday,19293,16.7
frame,lgw,Year 1, spring 21, Sunday,19294,16.7
frame,lgw,Year 1, spring 21, Sunday,19295,16.7
frame,lgw,Year 1, spring 21, Sunday,19296,16.6
frame,lgw,Year 1, spring 21, Sunday,19297,16.9
frame,lgw,Year 1, spring 21, Sunday,19298,16.6
frame,lgw,Year 1, spring 21, Sunday,19299,16.6
frame,lgw,Year 1, spring 21, Sunday,19300,16.7
frame,lgw,Year 1, spring 21, Sunday,19301,16.7
frame,lgw,Year 1, spring 21, Sunday,19302,16.6
frame,lgw,Year 1, spring 21, Sunday,19303,17.0
frame,lgw,Year 1, spring 21, Sunday,19304,16.3
frame,lgw,Year 1, spring 21, Sunday,19305,16.6
frame,lgw,Year 1, spring 21, Sunday,19306,16.9
frame,lgw,Year 1, spring 21, Sunday,19307,16.5
frame,lgw,Year 1, spring 21, Sunday,19308,16.6
frame,lgw,Year 1, spring 21, Sunday,19309,16.8
frame,lgw,Year 1, spring 21, Sunday,19310,16.6
frame,lgw,Year 1, spring 21, Sunday,19311,16.8
frame,lgw,Year 1, spring 21, Sunday,19312,16.5
frame,lgw,Year 1, spring 21, Sunday,19313,16.7
frame,lgw,Year 1, spring 21, Sunday,19314,16.7
frame,lgw,Year 1, spring 21, Sunday,19315,16.6
frame,lgw,Year 1, spring 21, Sunday,19316,16.6
frame,lgw,Year 1, spring 21, Sunday,19317,18.9
frame,lgw,Year 1, spring 21, Sunday,19318,14.5
frame,lgw,Year 1, spring 21, Sunday,19319,16.6
frame,lgw,Year 1, spring 21, Sunday,19320,16.7
frame,lgw,Year 1, spring 21, Sunday,19321,16.7
frame,lgw,Year 1, spring 21, Sunday,19322,16.6
frame,lgw,Year 1, spring 21, Sunday,19323,16.7
frame,lgw,Year 1, spring 21, Sunday,19324,16.7
frame,lgw,Year 1, spring 21, Sunday,19325,16.7
frame,lgw,Year 1, spring 21, Sunday,19326,16.6
frame,lgw,Year 1, spring 21, Sunday,19327,16.7
frame,lgw,Year 1, spring 21, Sunday,19328,16.7
frame,lgw,Year 1, spring 21, Sunday,19329,16.6
frame,lgw,Year 1, spring 21, Sunday,19330,16.7
frame,lgw,Year 1, spring 21, Sunday,19331,16.7
frame,lgw,Year 1, spring 21, Sunday,19332,16.6
frame,lgw,Year 1, spring 21, Sunday,19333,16.7
frame,lgw,Year 1, spring 21, Sunday,19334,16.7
frame,lgw,Year 1, spring 21, Sunday,19335,16.6
frame,lgw,Year 1, spring 21, Sunday,19336,16.7
frame,lgw,Year 1, spring 21, Sunday,19337,16.8
frame,lgw,Year 1, spring 21, Sunday,19338,16.6
frame,lgw,Year 1, spring 21, Sunday,19339,16.7
frame,lgw,Year 1, spring 21, Sunday,19340,16.7
frame,lgw,Year 1, spring 21, Sunday,19341,16.6
frame,lgw,Year 1, spring 21, Sunday,19342,16.7
frame,lgw,Year 1, spring 21, Sunday,19343,17.1
frame,lgw,Year 1, spring 21, Sunday,19344,16.2
frame,lgw,Year 1, spring 21, Sunday,19345,16.6
frame,lgw,Year 1, spring 21, Sunday,19346,16.7
frame,lgw,Year 1, spring 21, Sunday,19347,16.7
frame,lgw,Year 1, spring 21, Sunday,19348,16.7
frame,lgw,Year 1, spring 21, Sunday,19349,16.8
frame,lgw,Year 1, spring 21, Sunday,19350,16.6
frame,lgw,Year 1, spring 21, Sunday,19351,16.7
frame,lgw,Year 1, spring 21, Sunday,19352,16.7
frame,lgw,Year 1, spring 21, Sunday,19353,16.6
frame,lgw,Year 1, spring 21, Sunday,19354,16.6
frame,lgw,Year 1, spring 21, Sunday,19355,16.7
frame,lgw,Year 1, spring 21, Sunday,19356,16.7
frame,lgw,Year 1, spring 21, Sunday,19357,16.7
frame,lgw,Year 1, spring 21, Sunday,19358,16.7
frame,lgw,Year 1, spring 21, Sunday,19359,16.7
frame,lgw,Year 1, spring 21, Sunday,19360,16.7
frame,lgw,Year 1, spring 21, Sunday,19361,16.6
frame,lgw,Year 1, spring 21, Sunday,19362,16.7
frame,lgw,Year 1, spring 21, Sunday,19363,16.7
frame,lgw,Year 1, spring 21, Sunday,19364,16.7
frame,lgw,Year 1, spring 21, Sunday,19365,16.7
frame,lgw,Year 1, spring 21, Sunday,19366,16.6
frame,lgw,Year 1, spring 21, Sunday,19367,16.6
frame,lgw,Year 1, spring 21, Sunday,19368,16.7
frame,lgw,Year 1, spring 21, Sunday,19369,16.6
frame,lgw,Year 1, spring 21, Sunday,19370,16.7
frame,lgw,Year 1, spring 21, Sunday,19371,16.7
frame,lgw,Year 1, spring 21, Sunday,19372,16.6
frame,lgw,Year 1, spring 21, Sunday,19373,16.7
frame,lgw,Year 1, spring 21, Sunday,19374,16.7
frame,lgw,Year 1, spring 21, Sunday,19375,16.7
frame,lgw,Year 1, spring 21, Sunday,19376,18.4
frame,lgw,Year 1, spring 21, Sunday,19377,14.9
frame,lgw,Year 1, spring 21, Sunday,19378,16.7
frame,lgw,Year 1, spring 21, Sunday,19379,16.6
frame,lgw,Year 1, spring 21, Sunday,19380,16.7
frame,lgw,Year 1, spring 21, Sunday,19381,16.7
frame,lgw,Year 1, spring 21, Sunday,19382,16.6
frame,lgw,Year 1, spring 21, Sunday,19383,16.7
frame,lgw,Year 1, spring 21, Sunday,19384,16.8
frame,lgw,Year 1, spring 21, Sunday,19385,16.5
frame,lgw,Year 1, spring 21, Sunday,19386,16.7
frame,lgw,Year 1, spring 21, Sunday,19387,16.6
frame,lgw,Year 1, spring 21, Sunday,19388,17.0
frame,lgw,Year 1, spring 21, Sunday,19389,17.5
frame,lgw,Year 1, spring 21, Sunday,19390,15.5
frame,lgw,Year 1, spring 21, Sunday,19391,16.7
switch,lgw,Year 1, spring 22, Monday,600,174.4
switchdetail,lgw,Year 1, spring 22, Monday,710,0,0.0
lag,lgw,Year 1, spring 22, Monday,19394,174.4
lag,lgw,Year 1, spring 22, Monday,19395,2000.5
frame,lgw,Year 1, spring 22, Monday,19392,17.5
frame,lgw,Year 1, spring 22, Monday,19393,174.4
frame,lgw,Year 1, spring 22, Monday,19394,500.0
frame,lgw,Year 1, spring 22, Monday,19395,7.6
frame,lgw,Year 1, spring 22, Monday,19396,16.7
frame,lgw,Year 1, spring 22, Monday,19397,16.7
frame,lgw,Year 1, spring 22, Monday,19398,16.7
frame,lgw,Year 1, spring 22, Monday,19399,16.8
frame,lgw,Year 1, spring 22, Monday,19400,16.6
frame,lgw,Year 1, spring 22, Monday,19401,16.7
frame,lgw,Year 1, spring 22, Monday,19402,16.7
frame,lgw,Year 1, spring 22, Monday,19403,16.7
frame,lgw,Year 1, spring 22, Monday,19404,16.6
frame,lgw,Year 1, spring 22, Monday,19405,16.6
frame,lgw,Year 1, spring 22, Monday,19406,16.7
frame,lgw,Year 1, spring 22, Monday,19407,16.9
frame,lgw,Year 1, spring 22, Monday,19408,16.4
frame,lgw,Year 1, spring 22, Monday,19409,16.6
frame,lgw,Year 1, spring 22, Monday,19410,16.7
frame,lgw,Year 1, spring 22, Monday,19411,16.6
frame,lgw,Year 1, spring 22, Monday,19412,16.7
frame,lgw,Year 1, spring 22, Monday,19413,16.6
frame,lgw,Year 1, spring 22, Monday,19414,16.7
frame,lgw,Year 1, spring 22, Monday,19415,16.7
frame,lgw,Year 1, spring 22, Monday,19416,16.7
frame,lgw,Year 1, spring 22, Monday,19417,16.6
frame,lgw,Year 1, spring 22, Monday,19418,16.6
frame,lgw,Year 1, spring 22, Monday,19419,16.6
frame,lgw,Year 1, spring 22, Monday,19420,16.6
frame,lgw,Year 1, spring 22, Monday,19421,16.7
frame,lgw,Year 1, spring 22, Monday,19422,16.7
frame,lgw,Year 1, spring 22, Monday,19423,16.6
frame,lgw,Year 1, spring 22, Monday,19424,16.7
frame,lgw,Year 1, spring 22, Monday,19425,16.6
frame,lgw,Year 1, spring 22, Monday,19426,16.7
frame,lgw,Year 1, spring 22, Monday,19427,16.7
frame,lgw,Year 1, spring 22, Monday,19428,16.7
frame,lgw,Year 1, spring 22, Monday,19429,16.6
frame,lgw,Year 1, spring 22, Monday,19430,16.8
frame,lgw,Year 1, spring 22, Monday,19431,16.7
frame,lgw,Year 1, spring 22, Monday,19432,16.8
frame,lgw,Year 1, spring 22, Monday,19433,16.6
frame,lgw,Year 1, spring 22, Monday,19434,16.6
frame,lgw,Year 1, spring 22, Monday,19435,16.6
frame,lgw,Year 1, spring 22, Monday,19436,16.7
frame,lgw,Year 1, spring 22, Monday,19437,16.7
frame,lgw,Year 1, spring 22, Monday,19438,16.7
frame,lgw,Year 1, spring 22, Monday,19439,16.7
frame,lgw,Year 1, spring 22, Monday,19440,16.7
frame,lgw,Year 1, spring 22, Monday,19441,16.8
frame,lgw,Year 1, spring 22, Monday,19442,16.6
frame,lgw,Year 1, spring 22, Monday,19443,16.7
frame,lgw,Year 1, spring 22, Monday,19444,16.7
frame,lgw,Year 1, spring 22, Monday,19445,16.7
frame,lgw,Year 1, spring 22, Monday,19446,16.6
frame,lgw,Year 1, spring 22, Monday,19447,16.7
frame,lgw,Year 1, spring 22, Monday,19448,16.6
frame,lgw,Year 1, spring 22, Monday,19449,16.7
frame,lgw,Year 1, spring 22, Monday,19450,16.6
frame,lgw,Year 1, spring 22, Monday,19451,16.7
frame,lgw,Year 1, spring 22, Monday,19452,16.8
frame,lgw,Year 1, spring 22, Monday,19453,16.5
frame,lgw,Year 1, spring 22, Monday,19454,16.9
frame,lgw,Year 1, spring 22, Monday,19455,16.5
frame,lgw,Year 1, spring 22, Monday,19456,16.6
frame,lgw,Year 1, spring 22, Monday,19457,18.0
frame,lgw,Year 1, spring 22, Monday,19458,15.7
frame,lgw,Year 1, spring 22, Monday,19459,16.6
frame,lgw,Year 1, spring 22, Monday,19460,16.4
frame,lgw,Year 1, spring 22, Monday,19461,16.6
frame,lgw,Year 1, spring 22, Monday,19462,16.7
frame,lgw,Year 1, spring 22, Monday,19463,16.7
frame,lgw,Year 1, spring 22, Monday,19464,16.7
frame,lgw,Year 1, spring 22, Monday,19465,16.7
frame,lgw,Year 1, spring 22, Monday,19466,16.6
frame,lgw,Year 1, spring 22, Monday,19467,16.6
frame,lgw,Year 1, spring 22, Monday,19468,16.9
frame,lgw,Year 1, spring 22, Monday,19469,16.5
frame,lgw,Year 1, spring 22, Monday,19470,16.7
frame,lgw,Year 1, spring 22, Monday,19471,16.7
frame,lgw,Year 1, spring 22, Monday,19472,16.9
frame,lgw,Year 1, spring 22, Monday,19473,17.5
frame,lgw,Year 1, spring 22, Monday,19474,15.6
frame,lgw,Year 1, spring 22, Monday,19475,16.7
frame,lgw,Year 1, spring 22, Monday,19476,16.7
frame,lgw,Year 1, spring 22, Monday,19477,16.7
frame,lgw,Year 1, spring 22, Monday,19478,16.7
frame,lgw,Year 1, spring 22, Monday,19479,17.0
frame,lgw,Year 1, spring 22, Monday,19480,16.4
frame,lgw,Year 1, spring 22, Monday,19481,16.8
frame,lgw,Year 1, spring 22, Monday,19482,17.3
frame,lgw,Year 1, spring 22, Monday,19483,16.6
frame,lgw,Year 1, spring 22, Monday,19484,16.1
frame,lgw,Year 1, spring 22, Monday,19485,16.6
frame,lgw,Year 1, spring 22, Monday,19486,16.7
frame,lgw,Year 1, spring 22, Monday,19487,16.6
frame,lgw,Year 1, spring 22, Monday,19488,16.7
frame,lgw,Year 1, spring 22, Monday,19489,16.7
frame,lgw,Year 1, spring 22, Monday,19490,16.7
frame,lgw,Year 1, spring 22, Monday,19491,16.7
frame,lgw,Year 1, spring 22, Monday,19492,16.6
frame,lgw,Year 1, spring 22, Monday,19493,16.7
frame,lgw,Year 1, spring 22, Monday,19494,16.7
frame,lgw,Year 1, spring 22, Monday,19495,16.6
frame,lgw,Year 1, spring 22, Monday,19496,16.7
frame,lgw,Year 1, spring 22, Monday,19497,16.7
frame,lgw,Year 1, spring 22, Monday,19498,16.6
frame,lgw,Year 1, spring 22, Monday,19499,16.7
frame,lgw,Year 1, spring 22, Monday,19500,16.9
frame,lgw,Year 1, spring 22, Monday,19501,16.6
frame,lgw,Year 1, spring 22, Monday,19502,16.6
frame,lgw,Year 1, spring 22, Monday,19503,16.6
frame,lgw,Year 1, spring 22, Monday,19504,17.2
frame,lgw,Year 1, spring 22, Monday,19505,16.1
frame,lgw,Year 1, spring 22, Monday,19506,16.7
frame,lgw,Year 1, spring 22, Monday,19507,19.3
frame,lgw,Year 1, spring 22, Monday,19508,14.0
frame,lgw,Year 1, spring 22, Monday,19509,17.4
frame,lgw,Year 1, spring 22, Monday,19510,15.9
frame,lgw,Year 1, spring 22, Monday,19511,16.7
frame,lgw,Year 1, spring 22, Monday,19512,16.7
frame,lgw,Year 1, spring 22, Monday,19513,16.7
frame,lgw,Year 1, spring 22, Monday,19514,17.0
frame,lgw,Year 1, spring 22, Monday,19515,16.4
frame,lgw,Year 1, spring 22, Monday,19516,16.6
frame,lgw,Year 1, spring 22, Monday,19517,16.8
frame,lgw,Year 1, spring 22, Monday,19518,16.5
frame,lgw,Year 1, spring 22, Monday,19519,16.8
frame,lgw,Year 1, spring 22, Monday,19520,16.6
frame,lgw,Year 1, spring 22, Monday,19521,16.8
frame,lgw,Year 1, spring 22, Monday,19522,16.7
frame,lgw,Year 1, spring 22, Monday,19523,16.5
frame,lgw,Year 1, spring 22, Monday,19524,16.7
frame,lgw,Year 1, spring 22, Monday,19525,16.7
frame,lgw,Year 1, spring 22, Monday,19526,16.6
frame,lgw,Year 1, spring 22, Monday,19527,16.6
frame,lgw,Year 1, spring 22, Monday,19528,16.7
frame,lgw,Year 1, spring 22, Monday,19529,16.7
frame,lgw,Year 1, spring 22, Monday,19530,16.6
frame,lgw,Year 1, spring 22, Monday,19531,16.6
frame,lgw,Year 1, spring 22, Monday,19532,16.8
frame,lgw,Year 1, spring 22, Monday,19533,16.6
frame,lgw,Year 1, spring 22, Monday,19534,16.8
frame,lgw,Year 1, spring 22, Monday,19535,16.6
frame,lgw,Year 1, spring 22, Monday,19536,16.7
frame,lgw,Year 1, spring 22, Monday,19537,16.6
frame,lgw,Year 1, spring 22, Monday,19538,16.6
frame,lgw,Year 1, spring 22, Monday,19539,16.7
frame,lgw,Year 1, spring 22, Monday,19540,16.7
frame,lgw,Year 1, spring 22, Monday,19541,16.7
frame,lgw,Year 1, spring 22, Monday,19542,16.6
frame,lgw,Year 1, spring 22, Monday,19543,16.7
frame,lgw,Year 1, spring 22, Monday,19544,16.7
frame,lgw,Year 1, spring 22, Monday,19545,16.7
frame,lgw,Year 1, spring 22, Monday,19546,16.7
frame,lgw,Year 1, spring 22, Monday,19547,16.6
frame,lgw,Year 1, spring 22, Monday,19548,16.7
frame,lgw,Year 1, spring 22, Monday,19549,16.6
frame,lgw,Year 1, spring 22, Monday,19550,16.7
frame,lgw,Year 1, spring 22, Monday,19551,16.6
frame,lgw,Year 1, spring 22, Monday,19552,16.7
frame,lgw,Year 1, spring 22, Monday,19553,16.6
frame,lgw,Year 1, spring 22, Monday,19554,16.7
frame,lgw,Year 1, spring 22, Monday,19555,16.6
frame,lgw,Year 1, spring 22, Monday,19556,16.6
frame,lgw,Year 1, spring 22, Monday,19557,16.8
frame,lgw,Year 1, spring 22, Monday,19558,16.6
frame,lgw,Year 1, spring 22, Monday,19559,16.7
frame,lgw,Year 1, spring 22, Monday,19560,16.7
frame,lgw,Year 1, spring 22, Monday,19561,16.6
frame,lgw,Year 1, spring 22, Monday,19562,16.7
frame,lgw,Year 1, spring 22, Monday,19563,16.7
frame,lgw,Year 1, spring 22, Monday,19564,16.9
frame,lgw,Year 1, spring 22, Monday,19565,16.4
frame,lgw,Year 1, spring 22, Monday,19566,16.7
frame,lgw,Year 1, spring 22, Monday,19567,16.6
frame,lgw,Year 1, spring 22, Monday,19568,16.7
frame,lgw,Year 1, spring 22, Monday,19569,16.7
frame,lgw,Year 1, spring 22, Monday,19570,16.7
frame,lgw,Year 1, spring 22, Monday,19571,16.7
frame,lgw,Year 1, spring 22, Monday,19572,16.7
frame,lgw,Year 1, spring 22, Monday,19573,16.7
frame,lgw,Year 1, spring 22, Monday,19574,16.6
frame,lgw,Year 1, spring 22, Monday,19575,16.8
frame,lgw,Year 1, spring 22, Monday,19576,16.6
frame,lgw,Year 1, spring 22, Monday,19577,16.6
frame,lgw,Year 1, spring 22, Monday,19578,16.6
frame,lgw,Year 1, spring 22, Monday,19579,18.0
frame,lgw,Year 1, spring 22, Monday,19580,15.4
frame,lgw,Year 1, spring 22, Monday,19581,16.7
lag,lgw,Year 1, spring 23, Tuesday,19584,136.0
lag,lgw,Year 1, spring 23, Tuesday,19585,2037.6
frame,lgw,Year 1, spring 23, Tuesday,19582,17.1
frame,lgw,Year 1, spring 23, Tuesday,19583,136.0
frame,lgw,Year 1, spring 23, Tuesday,19584,500.0
frame,lgw,Year 1, spring 23, Tuesday,19585,9.3
frame,lgw,Year 1, spring 23, Tuesday,19586,16.6
frame,lgw,Year 1, spring 23, Tuesday,19587,16.8
frame,lgw,Year 1, spring 23, Tuesday,19588,16.6
frame,lgw,Year 1, spring 23, Tuesday,19589,16.7
frame,lgw,Year 1, spring 23, Tuesday,19590,16.7
frame,lgw,Year 1, spring 23, Tuesday,19591,16.6
frame,lgw,Year 1, spring 23, Tuesday,19592,16.7
frame,lgw,Year 1, spring 23, Tuesday,19593,16.8
frame,lgw,Year 1, spring 23, Tuesday,19594,16.7
frame,lgw,Year 1, spring 23, Tuesday,19595,16.6
frame,lgw,Year 1, spring 23, Tuesday,19596,16.6
frame,lgw,Year 1, spring 23, Tuesday,19597,16.6
frame,lgw,Year 1, spring 23, Tuesday,19598,16.8
frame,lgw,Year 1, spring 23, Tuesday,19599,16.5
frame,lgw,Year 1, spring 23, Tuesday,19600,16.7
frame,lgw,Year 1, spring 23, Tuesday,19601,16.7
frame,lgw,Year 1, spring 23, Tuesday,19602,16.6
frame,lgw,Year 1, spring 23, Tuesday,19603,16.7
frame,lgw,Year 1, spring 23, Tuesday,19604,16.8
frame,lgw,Year 1, spring 23, Tuesday,19605,16.6
frame,lgw,Year 1, spring 23, Tuesday,19606,16.6
frame,lgw,Year 1, spring 23, Tuesday,19607,16.7
frame,lgw,Year 1, spring 23, Tuesday,19608,16.7
frame,lgw,Year 1, spring 23, Tuesday,19609,16.7
frame,lgw,Year 1, spring 23, Tuesday,19610,16.7
frame,lgw,Year 1, spring 23, Tuesday,19611,16.7
frame,lgw,Year 1, spring 23, Tuesday,19612,16.7
frame,lgw,Year 1, spring 23, Tuesday,19613,16.6
frame,lgw,Year 1, spring 23, Tuesday,19614,16.7
frame,lgw,Year 1, spring 23, Tuesday,19615,16.6
frame,lgw,Year 1, spring 23, Tuesday,19616,16.7
frame,lgw,Year 1, spring 23, Tuesday,19617,16.6
frame,lgw,Year 1, spring 23, Tuesday,19618,16.7
frame,lgw,Year 1, spring 23, Tuesday,19619,16.7
frame,lgw,Year 1, spring 23, Tuesday,19620,16.7
frame,lgw,Year 1, spring 23, Tuesday,19621,16.7
frame,lgw,Year 1, spring 23, Tuesday,19622,16.6
frame,lgw,Year 1, spring 23, Tuesday,19623,16.7
frame,lgw,Year 1, spring 23, Tuesday,19624,16.6
frame,lgw,Year 1, spring 23, Tuesday,19625,16.7
frame,lgw,Year 1, spring 23, Tuesday,19626,16.6
frame,lgw,Year 1, spring 23, Tuesday,19627,16.6
frame,lgw,Year 1, spring 23, Tuesday,19628,16.7
frame,lgw,Year 1, spring 23, Tuesday,19629,16.8
frame,lgw,Year 1, spring 23, Tuesday,19630,16.6
frame,lgw,Year 1, spring 23, Tuesday,19631,17.3
frame,lgw,Year 1, spring 23, Tuesday,19632,16.0
frame,lgw,Year 1, spring 23, Tuesday,19633,16.6
frame,lgw,Year 1, spring 23, Tuesday,19634,16.7
frame,lgw,Year 1, spring 23, Tuesday,19635,16.7
frame,lgw,Year 1, spring 23, Tuesday,19636,16.6
frame,lgw,Year 1, spring 23, Tuesday,19637,16.7
frame,lgw,Year 1, spring 23, Tuesday,19638,16.7
frame,lgw,Year 1, spring 23, Tuesday,19639,16.6
frame,lgw,Year 1, spring 23, Tuesday,19640,16.6
frame,lgw,Year 1, spring 23, Tuesday,19641,16.7
frame,lgw,Year 1, spring 23, Tuesday,19642,16.7
frame,lgw,Year 1, spring 23, Tuesday,19643,16.7
frame,lgw,Year 1, spring 23, Tuesday,19644,16.6
frame,lgw,Year 1, spring 23, Tuesday,19645,16.7
frame,lgw,Year 1, spring 23, Tuesday,19646,16.6
frame,lgw,Year 1, spring 23, Tuesday,19647,16.7
frame,lgw,Year 1, spring 23, Tuesday,19648,17.2
frame,lgw,Year 1, spring 23, Tuesday,19649,16.5
frame,lgw,Year 1, spring 23, Tuesday,19650,16.8
frame,lgw,Year 1, spring 23, Tuesday,19651,16.3
frame,lgw,Year 1, spring 23, Tuesday,19652,16.6
frame,lgw,Year 1, spring 23, Tuesday,19653,16.7
frame,lgw,Year 1, spring 23, Tuesday,19654,16.7
frame,lgw,Year 1, spring 23, Tuesday,19655,16.6
frame,lgw,Year 1, spring 23, Tuesday,19656,16.8
frame,lgw,Year 1, spring 23, Tuesday,19657,16.5
frame,lgw,Year 1, spring 23, Tuesday,19658,16.7
frame,lgw,Year 1, spring 23, Tuesday,19659,16.7
frame,lgw,Year 1, spring 23, Tuesday,19660,16.6
frame,lgw,Year 1, spring 23, Tuesday,19661,17.0
frame,lgw,Year 1, spring 23, Tuesday,19662,16.4
frame,lgw,Year 1, spring 23, Tuesday,19663,16.6
frame,lgw,Year 1, spring 23, Tuesday,19664,16.7
frame,lgw,Year 1, spring 23, Tuesday,19665,16.6
frame,lgw,Year 1, spring 23, Tuesday,19666,16.7
frame,lgw,Year 1, spring 23, Tuesday,19667,17.4
frame,lgw,Year 1, spring 23, Tuesday,19668,15.9
frame,lgw,Year 1, spring 23, Tuesday,19669,16.8
frame,lgw,Year 1, spring 23, Tuesday,19670,16.6
frame,lgw,Year 1, spring 23, Tuesday,19671,16.6
frame,lgw,Year 1, spring 23, Tuesday,19672,16.7
frame,lgw,Year 1, spring 23, Tuesday,19673,16.7
frame,lgw,Year 1, spring 23, Tuesday,19674,16.6
frame,lgw,Year 1, spring 23, Tuesday,19675,16.7
frame,lgw,Year 1, spring 23, Tuesday,19676,16.5
frame,lgw,Year 1, spring 23, Tuesday,19677,16.7
frame,lgw,Year 1, spring 23, Tuesday,19678,16.7
frame,lgw,Year 1, spring 23, Tuesday,19679,16.8
frame,lgw,Year 1, spring 23, Tuesday,19680,16.6
frame,lgw,Year 1, spring 23, Tuesday,19681,16.6
frame,lgw,Year 1, spring 23, Tuesday,19682,16.7
frame,lgw,Year 1, spring 23, Tuesday,19683,16.7
frame,lgw,Year 1, spring 23, Tuesday,19684,16.9
frame,lgw,Year 1, spring 23, Tuesday,19685,16.4
frame,lgw,Year 1, spring 23, Tuesday,19686,16.7
frame,lgw,Year 1, spring 23, Tuesday,19687,16.8
frame,lgw,Year 1, spring 23, Tuesday,19688,16.6
frame,lgw,Year 1, spring 23, Tuesday,19689,16.7
frame,lgw,Year 1, spring 23, Tuesday,19690,16.6
frame,lgw,Year 1, spring 23, Tuesday,19691,16.7
frame,lgw,Year 1, spring 23, Tuesday,19692,16.7
frame,lgw,Year 1, spring 23, Tuesday,19693,16.6
frame,lgw,Year 1, spring 23, Tuesday,19694,16.6
frame,lgw,Year 1, spring 23, Tuesday,19695,16.7
frame,lgw,Year 1, spring 23, Tuesday,19696,16.6
frame,lgw,Year 1, spring 23, Tuesday,19697,16.7
frame,lgw,Year 1, spring 23, Tuesday,19698,17.0
frame,lgw,Year 1, spring 23, Tuesday,19699,16.4
frame,lgw,Year 1, spring 23, Tuesday,19700,16.9
frame,lgw,Year 1, spring 23, Tuesday,19701,16.4
frame,lgw,Year 1, spring 23, Tuesday,19702,16.6
frame,lgw,Year 1, spring 23, Tuesday,19703,17.4
frame,lgw,Year 1, spring 23, Tuesday,19704,15.9
frame,lgw,Year 1, spring 23, Tuesday,19705,16.6
frame,lgw,Year 1, spring 23, Tuesday,19706,16.6
frame,lgw,Year 1, spring 23, Tuesday,19707,16.7
frame,lgw,Year 1, spring 23, Tuesday,19708,16.7
frame,lgw,Year 1, spring 23, Tuesday,19709,19.0
frame,lgw,Year 1, spring 23, Tuesday,19710,14.3
frame,lgw,Year 1, spring 23, Tuesday,19711,16.6
frame,lgw,Year 1, spring 23, Tuesday,19712,16.7
frame,lgw,Year 1, spring 23, Tuesday,19713,16.6
frame,lgw,Year 1, spring 23, Tuesday,19714,16.8
frame,lgw,Year 1, spring 23, Tuesday,19715,16.5
frame,lgw,Year 1, spring 23, Tuesday,19716,16.7
frame,lgw,Year 1, spring 23, Tuesday,19717,16.7
frame,lgw,Year 1, spring 23, Tuesday,19718,16.7
frame,lgw,Year 1, spring 23, Tuesday,19719,16.7
frame,lgw,Year 1, spring 23, Tuesday,19720,16.7
frame,lgw,Year 1, spring 23, Tuesday,19721,16.7
frame,lgw,Year 1, spring 23, Tuesday,19722,16.7
frame,lgw,Year 1, spring 23, Tuesday,19723,17.8
frame,lgw,Year 1, spring 23, Tuesday,19724,15.5
frame,lgw,Year 1, spring 23, Tuesday,19725,16.7
frame,lgw,Year 1, spring 23, Tuesday,19726,16.8
frame,lgw,Year 1, spring 23, Tuesday,19727,16.8
frame,lgw,Year 1, spring 23, Tuesday,19728,16.4
frame,lgw,Year 1, spring 23, Tuesday,19729,16.9
frame,lgw,Year 1, spring 23, Tuesday,19730,16.5
frame,lgw,Year 1, spring 23, Tuesday,19731,16.6
frame,lgw,Year 1, spring 23, Tuesday,19732,16.6
frame,lgw,Year 1, spring 23, Tuesday,19733,16.7
frame,lgw,Year 1, spring 23, Tuesday,19734,16.7
frame,lgw,Year 1, spring 23, Tuesday,19735,16.7
frame,lgw,Year 1, spring 23, Tuesday,19736,16.7
frame,lgw,Year 1, spring 23, Tuesday,19737,16.8
frame,lgw,Year 1, spring 23, Tuesday,19738,16.7
frame,lgw,Year 1, spring 23, Tuesday,19739,16.6
frame,lgw,Year 1, spring 23, Tuesday,19740,16.6
frame,lgw,Year 1, spring 23, Tuesday,19741,16.7
frame,lgw,Year 1, spring 23, Tuesday,19742,16.7
frame,lgw,Year 1, spring 23, Tuesday,19743,16.7
frame,lgw,Year 1, spring 23, Tuesday,19744,16.7
frame,lgw,Year 1, spring 23, Tuesday,19745,16.7
frame,lgw,Year 1, spring 23, Tuesday,19746,16.7
frame,lgw,Year 1, spring 23, Tuesday,19747,16.7
frame,lgw,Year 1, spring 23, Tuesday,19748,16.7
frame,lgw,Year 1, spring 23, Tuesday,19749,16.7
frame,lgw,Year 1, spring 23, Tuesday,19750,16.8
frame,lgw,Year 1, spring 23, Tuesday,19751,16.8
frame,lgw,Year 1, spring 23, Tuesday,19752,16.5
frame,lgw,Year 1, spring 23, Tuesday,19753,16.7
frame,lgw,Year 1, spring 23, Tuesday,19754,17.0
frame,lgw,Year 1, spring 23, Tuesday,19755,16.4
frame,lgw,Year 1, spring 23, Tuesday,19756,16.5
frame,lgw,Year 1, spring 23, Tuesday,19757,16.7
frame,lgw,Year 1, spring 23, Tuesday,19758,18.0
frame,lgw,Year 1, spring 23, Tuesday,19759,15.3
frame,lgw,Year 1, spring 23, Tuesday,19760,16.7
frame,lgw,Year 1, spring 23, Tuesday,19761,16.6
frame,lgw,Year 1, spring 23, Tuesday,19762,16.7
frame,lgw,Year 1, spring 23, Tuesday,19763,16.7
frame,lgw,Year 1, spring 23, Tuesday,19764,16.8
frame,lgw,Year 1, spring 23, Tuesday,19765,16.6
frame,lgw,Year 1, spring 23, Tuesday,19766,16.5
frame,lgw,Year 1, spring 23, Tuesday,19767,16.8
frame,lgw,Year 1, spring 23, Tuesday,19768,16.7
frame,lgw,Year 1, spring 23, Tuesday,19769,16.7
frame,lgw,Year 1, spring 23, Tuesday,19770,16.6
frame,lgw,Year 1, spring 23, Tuesday,19771,16.6
frame,lgw,Year 1, spring 23, Tuesday,19772,16.6
frame,lgw,Year 1, spring 23, Tuesday,19773,16.6
frame,lgw,Year 1, spring 23, Tuesday,19774,16.7
frame,lgw,Year 1, spring 23, Tuesday,19775,17.9
frame,lgw,Year 1, spring 23, Tuesday,19776,15.4
frame,lgw,Year 1, spring 23, Tuesday,19777,16.9
frame,lgw,Year 1, spring 23, Tuesday,19778,16.4
frame,lgw,Year 1, spring 23, Tuesday,19779,16.7
frame,lgw,Year 1, spring 23, Tuesday,19780,16.7
frame,lgw,Year 1, spring 23, Tuesday,19781,16.6
frame,lgw,Year 1, spring 23, Tuesday,19782,16.6
frame,lgw,Year 1, spring 23, Tuesday,19783,16.7
switch,lgw,Year 1, spring 24, Wednesday,610,17.5
switch,lgw,Year 1, spring 24, Wednesday,620,17.0
switch,lgw,Year 1, spring 24, Wednesday,630,17.2
switch,lgw,Year 1, spring 24, Wednesday,640,17.5
switch,lgw,Year 1, spring 24, Wednesday,650,17.9
switch,lgw,Year 1, spring 24, Wednesday,700,17.5
switchdetail,lgw,Year 1, spring 24, Wednesday,600,0,0.0
switchdetail,lgw,Year 1, spring 24, Wednesday,610,0,0.0
switchdetail,lgw,Year 1, spring 24, Wednesday,620,0,0.0
switchdetail,lgw,Year 1, spring 24, Wednesday,630,0,0.0
switchdetail,lgw,Year 1, spring 24, Wednesday,640,0,0.0
switchdetail,lgw,Year 1, spring 24, Wednesday,650,0,0.0
lag,lgw,Year 1, spring 24, Wednesday,19786,150.1
lag,lgw,Year 1, spring 24, Wednesday,19787,2024.7
lag,lgw,Year 1, spring 24, Wednesday,22050,144.2
lag,lgw,Year 1, spring 24, Wednesday,22114,346.9
frame,lgw,Year 1, spring 24, Wednesday,23880,15.5
frame,lgw,Year 1, spring 24, Wednesday,23881,17.3
frame,lgw,Year 1, spring 24, Wednesday,23882,16.2
frame,lgw,Year 1, spring 24, Wednesday,23883,16.1
frame,lgw,Year 1, spring 24, Wednesday,23884,17.1
frame,lgw,Year 1, spring 24, Wednesday,23885,16.3
frame,lgw,Year 1, spring 24, Wednesday,23886,16.5
frame,lgw,Year 1, spring 24, Wednesday,23887,16.8
frame,lgw,Year 1, spring 24, Wednesday,23888,16.9
frame,lgw,Year 1, spring 24, Wednesday,23889,16.4
frame,lgw,Year 1, spring 24, Wednesday,23890,16.7
frame,lgw,Year 1, spring 24, Wednesday,23891,16.3
frame,lgw,Year 1, spring 24, Wednesday,23892,17.0
frame,lgw,Year 1, spring 24, Wednesday,23893,19.1
frame,lgw,Year 1, spring 24, Wednesday,23894,14.2
frame,lgw,Year 1, spring 24, Wednesday,23895,16.5
frame,lgw,Year 1, spring 24, Wednesday,23896,16.6
frame,lgw,Year 1, spring 24, Wednesday,23897,16.5
frame,lgw,Year 1, spring 24, Wednesday,23898,16.8
frame,lgw,Year 1, spring 24, Wednesday,23899,16.6
frame,lgw,Year 1, spring 24, Wednesday,23900,16.7
frame,lgw,Year 1, spring 24, Wednesday,23901,16.9
frame,lgw,Year 1, spring 24, Wednesday,23902,16.6
frame,lgw,Year 1, spring 24, Wednesday,23903,19.9
frame,lgw,Year 1, spring 24, Wednesday,23904,14.3
frame,lgw,Year 1, spring 24, Wednesday,23905,16.5
frame,lgw,Year 1, spring 24, Wednesday,23906,15.7
frame,lgw,Year 1, spring 24, Wednesday,23907,16.7
frame,lgw,Year 1, spring 24, Wednesday,23908,16.9
frame,lgw,Year 1, spring 24, Wednesday,23909,17.4
frame,lgw,Year 1, spring 24, Wednesday,23910,16.0
frame,lgw,Year 1, spring 24, Wednesday,23911,16.5
frame,lgw,Year 1, spring 24, Wednesday,23912,16.7
frame,lgw,Year 1, spring 24, Wednesday,23913,16.6
frame,lgw,Year 1, spring 24, Wednesday,23914,17.3
frame,lgw,Year 1, spring 24, Wednesday,23915,16.1
frame,lgw,Year 1, spring 24, Wednesday,23916,16.7
frame,lgw,Year 1, spring 24, Wednesday,23917,17.8
frame,lgw,Year 1, spring 24, Wednesday,23918,16.8
frame,lgw,Year 1, spring 24, Wednesday,23919,15.9
frame,lgw,Year 1, spring 24, Wednesday,23920,16.2
frame,lgw,Year 1, spring 24, Wednesday,23921,17.2
frame,lgw,Year 1, spring 24, Wednesday,23922,16.0
frame,lgw,Year 1, spring 24, Wednesday,23923,16.8
frame,lgw,Year 1, spring 24, Wednesday,23924,16.8
frame,lgw,Year 1, spring 24, Wednesday,23925,16.6
frame,lgw,Year 1, spring 24, Wednesday,23926,16.5
frame,lgw,Year 1, spring 24, Wednesday,23927,16.8
frame,lgw,Year 1, spring 24, Wednesday,23928,16.4
frame,lgw,Year 1, spring 24, Wednesday,23929,17.6
frame,lgw,Year 1, spring 24, Wednesday,23930,17.8
frame,lgw,Year 1, spring 24, Wednesday,23931,14.8
frame,lgw,Year 1, spring 24, Wednesday,23932,16.5
frame,lgw,Year 1, spring 24, Wednesday,23933,16.6
frame,lgw,Year 1, spring 24, Wednesday,23934,17.1
frame,lgw,Year 1, spring 24, Wednesday,23935,16.5
frame,lgw,Year 1, spring 24, Wednesday,23936,16.6
frame,lgw,Year 1, spring 24, Wednesday,23937,16.6
frame,lgw,Year 1, spring 24, Wednesday,23938,17.1
frame,lgw,Year 1, spring 24, Wednesday,23939,16.2
frame,lgw,Year 1, spring 24, Wednesday,23940,16.5
frame,lgw,Year 1, spring 24, Wednesday,23941,17.6
frame,lgw,Year 1, spring 24, Wednesday,23942,17.5
frame,lgw,Year 1, spring 24, Wednesday,23943,15.6
frame,lgw,Year 1, spring 24, Wednesday,23944,16.4
frame,lgw,Year 1, spring 24, Wednesday,23945,16.4
frame,lgw,Year 1, spring 24, Wednesday,23946,16.8
frame,lgw,Year 1, spring 24, Wednesday,23947,16.4
frame,lgw,Year 1, spring 24, Wednesday,23948,16.8
frame,lgw,Year 1, spring 24, Wednesday,23949,16.9
frame,lgw,Year 1, spring 24, Wednesday,23950,16.6
frame,lgw,Year 1, spring 24, Wednesday,23951,16.6
frame,lgw,Year 1, spring 24, Wednesday,23952,16.5
frame,lgw,Year 1, spring 24, Wednesday,23953,16.5
frame,lgw,Year 1, spring 24, Wednesday,23954,17.5
frame,lgw,Year 1, spring 24, Wednesday,23955,20.5
frame,lgw,Year 1, spring 24, Wednesday,23956,12.2
frame,lgw,Year 1, spring 24, Wednesday,23957,16.7
frame,lgw,Year 1, spring 24, Wednesday,23958,16.8
frame,lgw,Year 1, spring 24, Wednesday,23959,16.6
frame,lgw,Year 1, spring 24, Wednesday,23960,17.3
frame,lgw,Year 1, spring 24, Wednesday,23961,15.8
frame,lgw,Year 1, spring 24, Wednesday,23962,16.8
frame,lgw,Year 1, spring 24, Wednesday,23963,17.6
frame,lgw,Year 1, spring 24, Wednesday,23964,15.9
frame,lgw,Year 1, spring 24, Wednesday,23965,17.1
frame,lgw,Year 1, spring 24, Wednesday,23966,16.3
frame,lgw,Year 1, spring 24, Wednesday,23967,18.8
frame,lgw,Year 1, spring 24, Wednesday,23968,15.1
frame,lgw,Year 1, spring 24, Wednesday,23969,15.8
frame,lgw,Year 1, spring 24, Wednesday,23970,16.9
frame,lgw,Year 1, spring 24, Wednesday,23971,16.9
frame,lgw,Year 1, spring 24, Wednesday,23972,16.0
frame,lgw,Year 1, spring 24, Wednesday,23973,17.0
frame,lgw,Year 1, spring 24, Wednesday,23974,16.9
frame,lgw,Year 1, spring 24, Wednesday,23975,16.2
frame,lgw,Year 1, spring 24, Wednesday,23976,16.7
frame,lgw,Year 1, spring 24, Wednesday,23977,18.7
frame,lgw,Year 1, spring 24, Wednesday,23978,15.6
frame,lgw,Year 1, spring 24, Wednesday,23979,16.1
frame,lgw,Year 1, spring 24, Wednesday,23980,16.4
frame,lgw,Year 1, spring 24, Wednesday,23981,16.4
frame,lgw,Year 1, spring 24, Wednesday,23982,18.5
frame,lgw,Year 1, spring 24, Wednesday,23983,16.2
frame,lgw,Year 1, spring 24, Wednesday,23984,16.0
frame,lgw,Year 1, spring 24, Wednesday,23985,17.1
frame,lgw,Year 1, spring 24, Wednesday,23986,15.7
frame,lgw,Year 1, spring 24, Wednesday,23987,16.8
frame,lgw,Year 1, spring 24, Wednesday,23988,16.7
frame,lgw,Year 1, spring 24, Wednesday,23989,16.8
frame,lgw,Year 1, spring 24, Wednesday,23990,16.6
frame,lgw,Year 1, spring 24, Wednesday,23991,16.6
frame,lgw,Year 1, spring 24, Wednesday,23992,16.9
frame,lgw,Year 1, spring 24, Wednesday,23993,16.8
frame,lgw,Year 1, spring 24, Wednesday,23994,19.3
frame,lgw,Year 1, spring 24, Wednesday,23995,14.6
frame,lgw,Year 1, spring 24, Wednesday,23996,17.5
frame,lgw,Year 1, spring 24, Wednesday,23997,14.7
frame,lgw,Year 1, spring 24, Wednesday,23998,16.9
frame,lgw,Year 1, spring 24, Wednesday,23999,17.1
