kind,player,date,name,calls,total_ms,avg_ms,max_ms
switch,lgw,Year 1, spring 3, Wednesday,610,89.5
switch,lgw,Year 1, spring 3, Wednesday,620,18.0
switch,lgw,Year 1, spring 3, Wednesday,630,18.6
switch,lgw,Year 1, spring 3, Wednesday,640,17.1
switch,lgw,Year 1, spring 3, Wednesday,650,17.8
switch,lgw,Year 1, spring 3, Wednesday,700,18.1
switch,lgw,Year 1, spring 3, Wednesday,710,19.5
switch,lgw,Year 1, spring 3, Wednesday,720,17.3
switch,lgw,Year 1, spring 3, Wednesday,730,17.2
switch,lgw,Year 1, spring 3, Wednesday,740,17.1
switch,lgw,Year 1, spring 3, Wednesday,750,17.0
switch,lgw,Year 1, spring 3, Wednesday,800,20.1
switch,lgw,Year 1, spring 3, Wednesday,810,17.6
switch,lgw,Year 1, spring 3, Wednesday,820,16.5
switch,lgw,Year 1, spring 3, Wednesday,830,17.6
switch,lgw,Year 1, spring 3, Wednesday,840,17.7
switch,lgw,Year 1, spring 3, Wednesday,850,18.6
switch,lgw,Year 1, spring 3, Wednesday,900,18.7
switchdetail,lgw,Year 1, spring 3, Wednesday,600,0,0.0
switchdetail,lgw,Year 1, spring 3, Wednesday,610,0,0.0
switchdetail,lgw,Year 1, spring 3, Wednesday,620,0,0.0
switchdetail,lgw,Year 1, spring 3, Wednesday,630,0,0.0
switchdetail,lgw,Year 1, spring 3, Wednesday,640,0,0.0
switchdetail,lgw,Year 1, spring 3, Wednesday,650,0,0.0
switchdetail,lgw,Year 1, spring 3, Wednesday,700,0,0.0
switchdetail,lgw,Year 1, spring 3, Wednesday,710,0,0.0
switchdetail,lgw,Year 1, spring 3, Wednesday,720,0,0.0
switchdetail,lgw,Year 1, spring 3, Wednesday,730,0,0.0
switchdetail,lgw,Year 1, spring 3, Wednesday,740,0,0.0
switchdetail,lgw,Year 1, spring 3, Wednesday,750,0,0.0
switchdetail,lgw,Year 1, spring 3, Wednesday,800,0,0.0
switchdetail,lgw,Year 1, spring 3, Wednesday,810,0,0.0
switchdetail,lgw,Year 1, spring 3, Wednesday,820,0,0.0
switchdetail,lgw,Year 1, spring 3, Wednesday,830,0,0.0
switchdetail,lgw,Year 1, spring 3, Wednesday,840,0,0.0
switchdetail,lgw,Year 1, spring 3, Wednesday,850,0,0.0
lag,lgw,Year 1, spring 3, Wednesday,2,201.7
lag,lgw,Year 1, spring 3, Wednesday,22,305.5
lag,lgw,Year 1, spring 3, Wednesday,190,112.7
lag,lgw,Year 1, spring 3, Wednesday,923,79.7
lag,lgw,Year 1, spring 3, Wednesday,1015,135.1
lag,lgw,Year 1, spring 3, Wednesday,1174,728.2
lag,lgw,Year 1, spring 3, Wednesday,1204,81.0
lag,lgw,Year 1, spring 3, Wednesday,1461,3769.2
lag,lgw,Year 1, spring 3, Wednesday,1462,97.9
lag,lgw,Year 1, spring 3, Wednesday,2020,91.6
lag,lgw,Year 1, spring 3, Wednesday,2088,89.5
lag,lgw,Year 1, spring 3, Wednesday,2253,103.8
lag,lgw,Year 1, spring 3, Wednesday,4322,68.9
lag,lgw,Year 1, spring 3, Wednesday,4425,86.3
lag,lgw,Year 1, spring 3, Wednesday,4501,53.0
lag,lgw,Year 1, spring 3, Wednesday,4516,86.6
frame,lgw,Year 1, spring 3, Wednesday,5120,21.0
frame,lgw,Year 1, spring 3, Wednesday,5121,21.1
frame,lgw,Year 1, spring 3, Wednesday,5122,21.6
frame,lgw,Year 1, spring 3, Wednesday,5123,0.1
frame,lgw,Year 1, spring 3, Wednesday,5124,21.1
frame,lgw,Year 1, spring 3, Wednesday,5125,21.6
frame,lgw,Year 1, spring 3, Wednesday,5126,21.1
frame,lgw,Year 1, spring 3, Wednesday,5127,0.1
frame,lgw,Year 1, spring 3, Wednesday,5128,20.8
frame,lgw,Year 1, spring 3, Wednesday,5129,21.1
frame,lgw,Year 1, spring 3, Wednesday,5130,21.3
frame,lgw,Year 1, spring 3, Wednesday,5131,21.1
frame,lgw,Year 1, spring 3, Wednesday,5132,0.2
frame,lgw,Year 1, spring 3, Wednesday,5133,22.0
frame,lgw,Year 1, spring 3, Wednesday,5134,21.7
frame,lgw,Year 1, spring 3, Wednesday,5135,21.3
frame,lgw,Year 1, spring 3, Wednesday,5136,0.1
frame,lgw,Year 1, spring 3, Wednesday,5137,21.2
frame,lgw,Year 1, spring 3, Wednesday,5138,21.6
frame,lgw,Year 1, spring 3, Wednesday,5139,20.8
frame,lgw,Year 1, spring 3, Wednesday,5140,20.9
frame,lgw,Year 1, spring 3, Wednesday,5141,0.1
frame,lgw,Year 1, spring 3, Wednesday,5142,21.3
frame,lgw,Year 1, spring 3, Wednesday,5143,21.1
frame,lgw,Year 1, spring 3, Wednesday,5144,21.0
frame,lgw,Year 1, spring 3, Wednesday,5145,21.3
frame,lgw,Year 1, spring 3, Wednesday,5146,0.1
frame,lgw,Year 1, spring 3, Wednesday,5147,21.1
frame,lgw,Year 1, spring 3, Wednesday,5148,21.6
frame,lgw,Year 1, spring 3, Wednesday,5149,22.2
frame,lgw,Year 1, spring 3, Wednesday,5150,0.4
frame,lgw,Year 1, spring 3, Wednesday,5151,22.2
frame,lgw,Year 1, spring 3, Wednesday,5152,22.5
frame,lgw,Year 1, spring 3, Wednesday,5153,21.4
frame,lgw,Year 1, spring 3, Wednesday,5154,0.1
frame,lgw,Year 1, spring 3, Wednesday,5155,21.4
frame,lgw,Year 1, spring 3, Wednesday,5156,21.1
frame,lgw,Year 1, spring 3, Wednesday,5157,21.6
frame,lgw,Year 1, spring 3, Wednesday,5158,0.1
frame,lgw,Year 1, spring 3, Wednesday,5159,21.1
frame,lgw,Year 1, spring 3, Wednesday,5160,21.3
frame,lgw,Year 1, spring 3, Wednesday,5161,21.3
frame,lgw,Year 1, spring 3, Wednesday,5162,22.2
frame,lgw,Year 1, spring 3, Wednesday,5163,0.3
frame,lgw,Year 1, spring 3, Wednesday,5164,21.6
frame,lgw,Year 1, spring 3, Wednesday,5165,22.2
frame,lgw,Year 1, spring 3, Wednesday,5166,21.0
frame,lgw,Year 1, spring 3, Wednesday,5167,0.1
frame,lgw,Year 1, spring 3, Wednesday,5168,21.3
frame,lgw,Year 1, spring 3, Wednesday,5169,21.2
frame,lgw,Year 1, spring 3, Wednesday,5170,22.0
frame,lgw,Year 1, spring 3, Wednesday,5171,21.5
frame,lgw,Year 1, spring 3, Wednesday,5172,0.1
frame,lgw,Year 1, spring 3, Wednesday,5173,21.0
frame,lgw,Year 1, spring 3, Wednesday,5174,21.2
frame,lgw,Year 1, spring 3, Wednesday,5175,21.4
frame,lgw,Year 1, spring 3, Wednesday,5176,0.1
frame,lgw,Year 1, spring 3, Wednesday,5177,21.5
frame,lgw,Year 1, spring 3, Wednesday,5178,24.6
frame,lgw,Year 1, spring 3, Wednesday,5179,21.7
frame,lgw,Year 1, spring 3, Wednesday,5180,0.1
frame,lgw,Year 1, spring 3, Wednesday,5181,21.1
frame,lgw,Year 1, spring 3, Wednesday,5182,21.3
frame,lgw,Year 1, spring 3, Wednesday,5183,21.3
frame,lgw,Year 1, spring 3, Wednesday,5184,21.6
frame,lgw,Year 1, spring 3, Wednesday,5185,0.1
frame,lgw,Year 1, spring 3, Wednesday,5186,21.3
frame,lgw,Year 1, spring 3, Wednesday,5187,21.1
frame,lgw,Year 1, spring 3, Wednesday,5188,21.6
frame,lgw,Year 1, spring 3, Wednesday,5189,0.1
frame,lgw,Year 1, spring 3, Wednesday,5190,21.3
frame,lgw,Year 1, spring 3, Wednesday,5191,21.9
frame,lgw,Year 1, spring 3, Wednesday,5192,21.5
frame,lgw,Year 1, spring 3, Wednesday,5193,0.1
frame,lgw,Year 1, spring 3, Wednesday,5194,21.2
frame,lgw,Year 1, spring 3, Wednesday,5195,21.5
frame,lgw,Year 1, spring 3, Wednesday,5196,21.5
frame,lgw,Year 1, spring 3, Wednesday,5197,22.3
frame,lgw,Year 1, spring 3, Wednesday,5198,0.1
frame,lgw,Year 1, spring 3, Wednesday,5199,20.9
frame,lgw,Year 1, spring 3, Wednesday,5200,21.0
frame,lgw,Year 1, spring 3, Wednesday,5201,21.1
frame,lgw,Year 1, spring 3, Wednesday,5202,21.5
frame,lgw,Year 1, spring 3, Wednesday,5203,0.4
frame,lgw,Year 1, spring 3, Wednesday,5204,21.2
frame,lgw,Year 1, spring 3, Wednesday,5205,21.1
frame,lgw,Year 1, spring 3, Wednesday,5206,21.2
frame,lgw,Year 1, spring 3, Wednesday,5207,0.1
frame,lgw,Year 1, spring 3, Wednesday,5208,21.1
frame,lgw,Year 1, spring 3, Wednesday,5209,21.3
frame,lgw,Year 1, spring 3, Wednesday,5210,21.3
frame,lgw,Year 1, spring 3, Wednesday,5211,22.1
frame,lgw,Year 1, spring 3, Wednesday,5212,0.2
frame,lgw,Year 1, spring 3, Wednesday,5213,21.9
frame,lgw,Year 1, spring 3, Wednesday,5214,21.6
frame,lgw,Year 1, spring 3, Wednesday,5215,21.5
frame,lgw,Year 1, spring 3, Wednesday,5216,0.1
frame,lgw,Year 1, spring 3, Wednesday,5217,21.2
frame,lgw,Year 1, spring 3, Wednesday,5218,21.3
frame,lgw,Year 1, spring 3, Wednesday,5219,21.2
frame,lgw,Year 1, spring 3, Wednesday,5220,0.1
frame,lgw,Year 1, spring 3, Wednesday,5221,22.1
frame,lgw,Year 1, spring 3, Wednesday,5222,21.0
frame,lgw,Year 1, spring 3, Wednesday,5223,21.1
frame,lgw,Year 1, spring 3, Wednesday,5224,21.9
frame,lgw,Year 1, spring 3, Wednesday,5225,0.2
frame,lgw,Year 1, spring 3, Wednesday,5226,21.6
frame,lgw,Year 1, spring 3, Wednesday,5227,21.2
frame,lgw,Year 1, spring 3, Wednesday,5228,20.8
frame,lgw,Year 1, spring 3, Wednesday,5229,0.1
frame,lgw,Year 1, spring 3, Wednesday,5230,21.7
frame,lgw,Year 1, spring 3, Wednesday,5231,21.0
frame,lgw,Year 1, spring 3, Wednesday,5232,21.3
frame,lgw,Year 1, spring 3, Wednesday,5233,21.7
frame,lgw,Year 1, spring 3, Wednesday,5234,0.1
frame,lgw,Year 1, spring 3, Wednesday,5235,21.6
frame,lgw,Year 1, spring 3, Wednesday,5236,21.1
frame,lgw,Year 1, spring 3, Wednesday,5237,21.4
frame,lgw,Year 1, spring 3, Wednesday,5238,0.1
frame,lgw,Year 1, spring 3, Wednesday,5239,21.4
frame,lgw,Year 1, spring 3, Wednesday,5240,21.0
frame,lgw,Year 1, spring 3, Wednesday,5241,21.5
frame,lgw,Year 1, spring 3, Wednesday,5242,22.1
frame,lgw,Year 1, spring 3, Wednesday,5243,0.1
frame,lgw,Year 1, spring 3, Wednesday,5244,21.6
frame,lgw,Year 1, spring 3, Wednesday,5245,21.4
frame,lgw,Year 1, spring 3, Wednesday,5246,21.1
frame,lgw,Year 1, spring 3, Wednesday,5247,0.1
frame,lgw,Year 1, spring 3, Wednesday,5248,21.3
frame,lgw,Year 1, spring 3, Wednesday,5249,21.1
frame,lgw,Year 1, spring 3, Wednesday,5250,20.9
frame,lgw,Year 1, spring 3, Wednesday,5251,21.2
frame,lgw,Year 1, spring 3, Wednesday,5252,0.1
frame,lgw,Year 1, spring 3, Wednesday,5253,21.7
frame,lgw,Year 1, spring 3, Wednesday,5254,21.1
frame,lgw,Year 1, spring 3, Wednesday,5255,21.7
frame,lgw,Year 1, spring 3, Wednesday,5256,21.3
frame,lgw,Year 1, spring 3, Wednesday,5257,0.5
frame,lgw,Year 1, spring 3, Wednesday,5258,21.2
frame,lgw,Year 1, spring 3, Wednesday,5259,21.1
frame,lgw,Year 1, spring 3, Wednesday,5260,21.4
frame,lgw,Year 1, spring 3, Wednesday,5261,0.1
frame,lgw,Year 1, spring 3, Wednesday,5262,22.0
frame,lgw,Year 1, spring 3, Wednesday,5263,21.0
frame,lgw,Year 1, spring 3, Wednesday,5264,21.2
frame,lgw,Year 1, spring 3, Wednesday,5265,21.6
frame,lgw,Year 1, spring 3, Wednesday,5266,0.1
frame,lgw,Year 1, spring 3, Wednesday,5267,22.0
frame,lgw,Year 1, spring 3, Wednesday,5268,21.5
frame,lgw,Year 1, spring 3, Wednesday,5269,22.1
frame,lgw,Year 1, spring 3, Wednesday,5270,0.1
frame,lgw,Year 1, spring 3, Wednesday,5271,21.3
frame,lgw,Year 1, spring 3, Wednesday,5272,21.3
frame,lgw,Year 1, spring 3, Wednesday,5273,21.1
frame,lgw,Year 1, spring 3, Wednesday,5274,0.1
frame,lgw,Year 1, spring 3, Wednesday,5275,21.0
frame,lgw,Year 1, spring 3, Wednesday,5276,21.4
frame,lgw,Year 1, spring 3, Wednesday,5277,21.5
frame,lgw,Year 1, spring 3, Wednesday,5278,22.0
frame,lgw,Year 1, spring 3, Wednesday,5279,0.1
frame,lgw,Year 1, spring 3, Wednesday,5280,21.2
frame,lgw,Year 1, spring 3, Wednesday,5281,21.3
frame,lgw,Year 1, spring 3, Wednesday,5282,21.1
frame,lgw,Year 1, spring 3, Wednesday,5283,0.1
frame,lgw,Year 1, spring 3, Wednesday,5284,21.1
frame,lgw,Year 1, spring 3, Wednesday,5285,21.7
frame,lgw,Year 1, spring 3, Wednesday,5286,21.3
frame,lgw,Year 1, spring 3, Wednesday,5287,22.2
frame,lgw,Year 1, spring 3, Wednesday,5288,0.1
frame,lgw,Year 1, spring 3, Wednesday,5289,21.6
frame,lgw,Year 1, spring 3, Wednesday,5290,21.2
frame,lgw,Year 1, spring 3, Wednesday,5291,21.7
frame,lgw,Year 1, spring 3, Wednesday,5292,0.1
frame,lgw,Year 1, spring 3, Wednesday,5293,21.3
frame,lgw,Year 1, spring 3, Wednesday,5294,21.2
frame,lgw,Year 1, spring 3, Wednesday,5295,20.9
frame,lgw,Year 1, spring 3, Wednesday,5296,21.0
frame,lgw,Year 1, spring 3, Wednesday,5297,0.1
frame,lgw,Year 1, spring 3, Wednesday,5298,21.1
frame,lgw,Year 1, spring 3, Wednesday,5299,21.2
frame,lgw,Year 1, spring 3, Wednesday,5300,21.7
frame,lgw,Year 1, spring 3, Wednesday,5301,22.6
frame,lgw,Year 1, spring 3, Wednesday,5302,0.1
frame,lgw,Year 1, spring 3, Wednesday,5303,21.8
frame,lgw,Year 1, spring 3, Wednesday,5304,21.5
frame,lgw,Year 1, spring 3, Wednesday,5305,21.3
frame,lgw,Year 1, spring 3, Wednesday,5306,0.1
frame,lgw,Year 1, spring 3, Wednesday,5307,21.2
frame,lgw,Year 1, spring 3, Wednesday,5308,21.5
frame,lgw,Year 1, spring 3, Wednesday,5309,21.4
frame,lgw,Year 1, spring 3, Wednesday,5310,0.1
frame,lgw,Year 1, spring 3, Wednesday,5311,21.2
frame,lgw,Year 1, spring 3, Wednesday,5312,21.1
frame,lgw,Year 1, spring 3, Wednesday,5313,21.7
frame,lgw,Year 1, spring 3, Wednesday,5314,22.3
frame,lgw,Year 1, spring 3, Wednesday,5315,0.2
frame,lgw,Year 1, spring 3, Wednesday,5316,21.7
frame,lgw,Year 1, spring 3, Wednesday,5317,21.8
frame,lgw,Year 1, spring 3, Wednesday,5318,21.8
frame,lgw,Year 1, spring 3, Wednesday,5319,0.1
frame,lgw,Year 1, spring 3, Wednesday,5320,21.6
frame,lgw,Year 1, spring 3, Wednesday,5321,21.4
frame,lgw,Year 1, spring 3, Wednesday,5322,21.8
frame,lgw,Year 1, spring 3, Wednesday,5323,0.1
frame,lgw,Year 1, spring 3, Wednesday,5324,21.0
frame,lgw,Year 1, spring 3, Wednesday,5325,21.3
frame,lgw,Year 1, spring 3, Wednesday,5326,22.1
frame,lgw,Year 1, spring 3, Wednesday,5327,22.0
frame,lgw,Year 1, spring 3, Wednesday,5328,1.1
frame,lgw,Year 1, spring 3, Wednesday,5329,22.7
frame,lgw,Year 1, spring 3, Wednesday,5330,22.1
frame,lgw,Year 1, spring 3, Wednesday,5331,0.1
frame,lgw,Year 1, spring 3, Wednesday,5332,21.4
frame,lgw,Year 1, spring 3, Wednesday,5333,21.9
frame,lgw,Year 1, spring 3, Wednesday,5334,21.1
frame,lgw,Year 1, spring 3, Wednesday,5335,21.5
frame,lgw,Year 1, spring 3, Wednesday,5336,0.1
frame,lgw,Year 1, spring 3, Wednesday,5337,21.2
frame,lgw,Year 1, spring 3, Wednesday,5338,21.3
frame,lgw,Year 1, spring 3, Wednesday,5339,21.4
frame,lgw,Year 1, spring 3, Wednesday,5340,0.1
frame,lgw,Year 1, spring 3, Wednesday,5341,21.3
frame,lgw,Year 1, spring 3, Wednesday,5342,21.3
frame,lgw,Year 1, spring 3, Wednesday,5343,21.7
frame,lgw,Year 1, spring 3, Wednesday,5344,22.2
frame,lgw,Year 1, spring 3, Wednesday,5345,0.2
frame,lgw,Year 1, spring 3, Wednesday,5346,21.1
frame,lgw,Year 1, spring 3, Wednesday,5347,21.3
frame,lgw,Year 1, spring 3, Wednesday,5348,21.0
frame,lgw,Year 1, spring 3, Wednesday,5349,0.1
frame,lgw,Year 1, spring 3, Wednesday,5350,20.8
frame,lgw,Year 1, spring 3, Wednesday,5351,20.8
frame,lgw,Year 1, spring 3, Wednesday,5352,21.5
frame,lgw,Year 1, spring 3, Wednesday,5353,21.0
frame,lgw,Year 1, spring 3, Wednesday,5354,0.1
frame,lgw,Year 1, spring 3, Wednesday,5355,21.1
frame,lgw,Year 1, spring 3, Wednesday,5356,22.5
frame,lgw,Year 1, spring 3, Wednesday,5357,21.1
frame,lgw,Year 1, spring 3, Wednesday,5358,21.2
frame,lgw,Year 1, spring 3, Wednesday,5359,0.1
frame,lgw,Year 1, spring 3, Wednesday,5360,21.6
frame,lgw,Year 1, spring 3, Wednesday,5361,21.5
frame,lgw,Year 1, spring 3, Wednesday,5362,21.5
frame,lgw,Year 1, spring 3, Wednesday,5363,0.1
frame,lgw,Year 1, spring 3, Wednesday,5364,22.2
frame,lgw,Year 1, spring 3, Wednesday,5365,20.9
frame,lgw,Year 1, spring 3, Wednesday,5366,21.3
frame,lgw,Year 1, spring 3, Wednesday,5367,21.0
frame,lgw,Year 1, spring 3, Wednesday,5368,0.1
frame,lgw,Year 1, spring 3, Wednesday,5369,21.2
frame,lgw,Year 1, spring 3, Wednesday,5370,21.9
frame,lgw,Year 1, spring 3, Wednesday,5371,21.0
frame,lgw,Year 1, spring 3, Wednesday,5372,0.1
frame,lgw,Year 1, spring 3, Wednesday,5373,21.2
frame,lgw,Year 1, spring 3, Wednesday,5374,21.5
frame,lgw,Year 1, spring 3, Wednesday,5375,21.2
frame,lgw,Year 1, spring 3, Wednesday,5376,21.8
frame,lgw,Year 1, spring 3, Wednesday,5377,0.1
frame,lgw,Year 1, spring 3, Wednesday,5378,21.2
frame,lgw,Year 1, spring 3, Wednesday,5379,21.0
frame,lgw,Year 1, spring 3, Wednesday,5380,22.7
frame,lgw,Year 1, spring 3, Wednesday,5381,0.1
frame,lgw,Year 1, spring 3, Wednesday,5382,22.0
frame,lgw,Year 1, spring 3, Wednesday,5383,21.2
frame,lgw,Year 1, spring 3, Wednesday,5384,22.1
frame,lgw,Year 1, spring 3, Wednesday,5385,0.1
frame,lgw,Year 1, spring 3, Wednesday,5386,22.5
frame,lgw,Year 1, spring 3, Wednesday,5387,21.6
frame,lgw,Year 1, spring 3, Wednesday,5388,20.8
frame,lgw,Year 1, spring 3, Wednesday,5389,21.6
frame,lgw,Year 1, spring 3, Wednesday,5390,0.3
frame,lgw,Year 1, spring 3, Wednesday,5391,23.2
frame,lgw,Year 1, spring 3, Wednesday,5392,21.4
frame,lgw,Year 1, spring 3, Wednesday,5393,22.8
frame,lgw,Year 1, spring 3, Wednesday,5394,0.1
frame,lgw,Year 1, spring 3, Wednesday,5395,23.9
frame,lgw,Year 1, spring 3, Wednesday,5396,23.3
frame,lgw,Year 1, spring 3, Wednesday,5397,0.2
frame,lgw,Year 1, spring 3, Wednesday,5398,21.5
frame,lgw,Year 1, spring 3, Wednesday,5399,21.4
frame,lgw,Year 1, spring 3, Wednesday,5400,21.4
frame,lgw,Year 1, spring 3, Wednesday,5401,0.1
frame,lgw,Year 1, spring 3, Wednesday,5402,21.2
frame,lgw,Year 1, spring 3, Wednesday,5403,21.6
frame,lgw,Year 1, spring 3, Wednesday,5404,21.6
frame,lgw,Year 1, spring 3, Wednesday,5405,22.3
frame,lgw,Year 1, spring 3, Wednesday,5406,0.2
frame,lgw,Year 1, spring 3, Wednesday,5407,21.2
frame,lgw,Year 1, spring 3, Wednesday,5408,21.2
frame,lgw,Year 1, spring 3, Wednesday,5409,21.4
frame,lgw,Year 1, spring 3, Wednesday,5410,0.1
frame,lgw,Year 1, spring 3, Wednesday,5411,21.6
frame,lgw,Year 1, spring 3, Wednesday,5412,21.6
frame,lgw,Year 1, spring 3, Wednesday,5413,21.9
frame,lgw,Year 1, spring 3, Wednesday,5414,21.5
frame,lgw,Year 1, spring 3, Wednesday,5415,0.1
frame,lgw,Year 1, spring 3, Wednesday,5416,21.7
frame,lgw,Year 1, spring 3, Wednesday,5417,21.3
frame,lgw,Year 1, spring 3, Wednesday,5418,20.8
frame,lgw,Year 1, spring 3, Wednesday,5419,0.1
frame,lgw,Year 1, spring 3, Wednesday,5420,21.2
frame,lgw,Year 1, spring 3, Wednesday,5421,20.9
frame,lgw,Year 1, spring 3, Wednesday,5422,21.8
frame,lgw,Year 1, spring 3, Wednesday,5423,21.3
frame,lgw,Year 1, spring 3, Wednesday,5424,0.1
frame,lgw,Year 1, spring 3, Wednesday,5425,21.3
frame,lgw,Year 1, spring 3, Wednesday,5426,21.7
frame,lgw,Year 1, spring 3, Wednesday,5427,22.0
frame,lgw,Year 1, spring 3, Wednesday,5428,0.1
frame,lgw,Year 1, spring 3, Wednesday,5429,21.2
frame,lgw,Year 1, spring 3, Wednesday,5430,22.4
frame,lgw,Year 1, spring 3, Wednesday,5431,21.0
frame,lgw,Year 1, spring 3, Wednesday,5432,0.1
frame,lgw,Year 1, spring 3, Wednesday,5433,21.1
frame,lgw,Year 1, spring 3, Wednesday,5434,21.6
frame,lgw,Year 1, spring 3, Wednesday,5435,21.5
frame,lgw,Year 1, spring 3, Wednesday,5436,21.2
frame,lgw,Year 1, spring 3, Wednesday,5437,0.1
frame,lgw,Year 1, spring 3, Wednesday,5438,21.8
frame,lgw,Year 1, spring 3, Wednesday,5439,21.5
frame,lgw,Year 1, spring 3, Wednesday,5440,21.7
frame,lgw,Year 1, spring 3, Wednesday,5441,0.1
frame,lgw,Year 1, spring 3, Wednesday,5442,21.3
frame,lgw,Year 1, spring 3, Wednesday,5443,21.5
frame,lgw,Year 1, spring 3, Wednesday,5444,21.9
frame,lgw,Year 1, spring 3, Wednesday,5445,21.0
frame,lgw,Year 1, spring 3, Wednesday,5446,0.1
frame,lgw,Year 1, spring 3, Wednesday,5447,21.0
frame,lgw,Year 1, spring 3, Wednesday,5448,22.1
frame,lgw,Year 1, spring 3, Wednesday,5449,22.0
frame,lgw,Year 1, spring 3, Wednesday,5450,0.1
frame,lgw,Year 1, spring 3, Wednesday,5451,22.2
frame,lgw,Year 1, spring 3, Wednesday,5452,20.9
frame,lgw,Year 1, spring 3, Wednesday,5453,21.3
frame,lgw,Year 1, spring 3, Wednesday,5454,21.0
frame,lgw,Year 1, spring 3, Wednesday,5455,0.1
frame,lgw,Year 1, spring 3, Wednesday,5456,21.2
frame,lgw,Year 1, spring 3, Wednesday,5457,21.2
frame,lgw,Year 1, spring 3, Wednesday,5458,21.5
frame,lgw,Year 1, spring 3, Wednesday,5459,0.1
frame,lgw,Year 1, spring 3, Wednesday,5460,21.3
frame,lgw,Year 1, spring 3, Wednesday,5461,22.0
frame,lgw,Year 1, spring 3, Wednesday,5462,21.6
frame,lgw,Year 1, spring 3, Wednesday,5463,21.1
frame,lgw,Year 1, spring 3, Wednesday,5464,0.2
frame,lgw,Year 1, spring 3, Wednesday,5465,22.3
frame,lgw,Year 1, spring 3, Wednesday,5466,21.2
frame,lgw,Year 1, spring 3, Wednesday,5467,21.6
frame,lgw,Year 1, spring 3, Wednesday,5468,0.1
frame,lgw,Year 1, spring 3, Wednesday,5469,21.7
frame,lgw,Year 1, spring 3, Wednesday,5470,21.4
frame,lgw,Year 1, spring 3, Wednesday,5471,21.2
frame,lgw,Year 1, spring 3, Wednesday,5472,0.2
frame,lgw,Year 1, spring 3, Wednesday,5473,21.8
frame,lgw,Year 1, spring 3, Wednesday,5474,22.0
frame,lgw,Year 1, spring 3, Wednesday,5475,21.3
frame,lgw,Year 1, spring 3, Wednesday,5476,21.6
frame,lgw,Year 1, spring 3, Wednesday,5477,0.2
frame,lgw,Year 1, spring 3, Wednesday,5478,21.4
frame,lgw,Year 1, spring 3, Wednesday,5479,21.8
frame,lgw,Year 1, spring 3, Wednesday,5480,21.4
frame,lgw,Year 1, spring 3, Wednesday,5481,0.2
frame,lgw,Year 1, spring 3, Wednesday,5482,21.0
frame,lgw,Year 1, spring 3, Wednesday,5483,21.3
frame,lgw,Year 1, spring 3, Wednesday,5484,21.0
frame,lgw,Year 1, spring 3, Wednesday,5485,21.3
frame,lgw,Year 1, spring 3, Wednesday,5486,0.2
frame,lgw,Year 1, spring 3, Wednesday,5487,21.4
frame,lgw,Year 1, spring 3, Wednesday,5488,21.2
frame,lgw,Year 1, spring 3, Wednesday,5489,21.3
frame,lgw,Year 1, spring 3, Wednesday,5490,0.3
frame,lgw,Year 1, spring 3, Wednesday,5491,21.1
frame,lgw,Year 1, spring 3, Wednesday,5492,21.6
frame,lgw,Year 1, spring 3, Wednesday,5493,21.9
frame,lgw,Year 1, spring 3, Wednesday,5494,21.7
frame,lgw,Year 1, spring 3, Wednesday,5495,0.1
frame,lgw,Year 1, spring 3, Wednesday,5496,21.3
frame,lgw,Year 1, spring 3, Wednesday,5497,21.3
frame,lgw,Year 1, spring 3, Wednesday,5498,21.8
frame,lgw,Year 1, spring 3, Wednesday,5499,0.1
frame,lgw,Year 1, spring 3, Wednesday,5500,21.9
frame,lgw,Year 1, spring 3, Wednesday,5501,21.0
frame,lgw,Year 1, spring 3, Wednesday,5502,22.2
frame,lgw,Year 1, spring 3, Wednesday,5503,0.1
frame,lgw,Year 1, spring 3, Wednesday,5504,21.9
frame,lgw,Year 1, spring 3, Wednesday,5505,22.2
frame,lgw,Year 1, spring 3, Wednesday,5506,21.7
frame,lgw,Year 1, spring 3, Wednesday,5507,21.7
frame,lgw,Year 1, spring 3, Wednesday,5508,0.3
frame,lgw,Year 1, spring 3, Wednesday,5509,21.5
frame,lgw,Year 1, spring 3, Wednesday,5510,21.8
frame,lgw,Year 1, spring 3, Wednesday,5511,21.9
frame,lgw,Year 1, spring 3, Wednesday,5512,0.1
frame,lgw,Year 1, spring 3, Wednesday,5513,21.9
frame,lgw,Year 1, spring 3, Wednesday,5514,21.5
frame,lgw,Year 1, spring 3, Wednesday,5515,21.5
frame,lgw,Year 1, spring 3, Wednesday,5516,0.1
frame,lgw,Year 1, spring 3, Wednesday,5517,21.7
frame,lgw,Year 1, spring 3, Wednesday,5518,21.3
frame,lgw,Year 1, spring 3, Wednesday,5519,21.8
frame,lgw,Year 1, spring 3, Wednesday,5520,21.3
frame,lgw,Year 1, spring 3, Wednesday,5521,0.1
frame,lgw,Year 1, spring 3, Wednesday,5522,21.0
frame,lgw,Year 1, spring 3, Wednesday,5523,21.3
frame,lgw,Year 1, spring 3, Wednesday,5524,21.3
frame,lgw,Year 1, spring 3, Wednesday,5525,0.2
frame,lgw,Year 1, spring 3, Wednesday,5526,21.8
frame,lgw,Year 1, spring 3, Wednesday,5527,21.3
frame,lgw,Year 1, spring 3, Wednesday,5528,21.6
frame,lgw,Year 1, spring 3, Wednesday,5529,21.1
frame,lgw,Year 1, spring 3, Wednesday,5530,0.1
frame,lgw,Year 1, spring 3, Wednesday,5531,21.0
frame,lgw,Year 1, spring 3, Wednesday,5532,22.3
frame,lgw,Year 1, spring 3, Wednesday,5533,21.3
frame,lgw,Year 1, spring 3, Wednesday,5534,0.1
frame,lgw,Year 1, spring 3, Wednesday,5535,22.2
frame,lgw,Year 1, spring 3, Wednesday,5536,21.5
frame,lgw,Year 1, spring 3, Wednesday,5537,21.0
frame,lgw,Year 1, spring 3, Wednesday,5538,0.2
frame,lgw,Year 1, spring 3, Wednesday,5539,21.2
frame,lgw,Year 1, spring 3, Wednesday,5540,21.7
frame,lgw,Year 1, spring 3, Wednesday,5541,21.5
frame,lgw,Year 1, spring 3, Wednesday,5542,21.3
frame,lgw,Year 1, spring 3, Wednesday,5543,0.3
frame,lgw,Year 1, spring 3, Wednesday,5544,21.6
frame,lgw,Year 1, spring 3, Wednesday,5545,21.2
frame,lgw,Year 1, spring 3, Wednesday,5546,22.0
frame,lgw,Year 1, spring 3, Wednesday,5547,0.1
frame,lgw,Year 1, spring 3, Wednesday,5548,21.4
frame,lgw,Year 1, spring 3, Wednesday,5549,21.6
frame,lgw,Year 1, spring 3, Wednesday,5550,21.2
frame,lgw,Year 1, spring 3, Wednesday,5551,21.4
frame,lgw,Year 1, spring 3, Wednesday,5552,0.3
frame,lgw,Year 1, spring 3, Wednesday,5553,26.4
frame,lgw,Year 1, spring 3, Wednesday,5554,22.9
frame,lgw,Year 1, spring 3, Wednesday,5555,0.3
frame,lgw,Year 1, spring 3, Wednesday,5556,21.8
frame,lgw,Year 1, spring 3, Wednesday,5557,21.0
frame,lgw,Year 1, spring 3, Wednesday,5558,21.7
frame,lgw,Year 1, spring 3, Wednesday,5559,0.1
frame,lgw,Year 1, spring 3, Wednesday,5560,21.0
frame,lgw,Year 1, spring 3, Wednesday,5561,22.1
frame,lgw,Year 1, spring 3, Wednesday,5562,20.9
frame,lgw,Year 1, spring 3, Wednesday,5563,21.2
frame,lgw,Year 1, spring 3, Wednesday,5564,0.1
frame,lgw,Year 1, spring 3, Wednesday,5565,21.2
frame,lgw,Year 1, spring 3, Wednesday,5566,22.3
frame,lgw,Year 1, spring 3, Wednesday,5567,22.2
frame,lgw,Year 1, spring 3, Wednesday,5568,0.2
frame,lgw,Year 1, spring 3, Wednesday,5569,21.3
frame,lgw,Year 1, spring 3, Wednesday,5570,21.8
frame,lgw,Year 1, spring 3, Wednesday,5571,21.3
frame,lgw,Year 1, spring 3, Wednesday,5572,0.2
frame,lgw,Year 1, spring 3, Wednesday,5573,22.3
frame,lgw,Year 1, spring 3, Wednesday,5574,21.7
frame,lgw,Year 1, spring 3, Wednesday,5575,21.5
frame,lgw,Year 1, spring 3, Wednesday,5576,21.2
frame,lgw,Year 1, spring 3, Wednesday,5577,0.1
frame,lgw,Year 1, spring 3, Wednesday,5578,21.1
frame,lgw,Year 1, spring 3, Wednesday,5579,21.9
frame,lgw,Year 1, spring 3, Wednesday,5580,21.9
frame,lgw,Year 1, spring 3, Wednesday,5581,0.2
frame,lgw,Year 1, spring 3, Wednesday,5582,21.7
frame,lgw,Year 1, spring 3, Wednesday,5583,21.8
frame,lgw,Year 1, spring 3, Wednesday,5584,21.8
frame,lgw,Year 1, spring 3, Wednesday,5585,0.1
frame,lgw,Year 1, spring 3, Wednesday,5586,21.2
frame,lgw,Year 1, spring 3, Wednesday,5587,21.6
frame,lgw,Year 1, spring 3, Wednesday,5588,21.6
frame,lgw,Year 1, spring 3, Wednesday,5589,22.1
frame,lgw,Year 1, spring 3, Wednesday,5590,0.3
frame,lgw,Year 1, spring 3, Wednesday,5591,21.1
frame,lgw,Year 1, spring 3, Wednesday,5592,21.4
frame,lgw,Year 1, spring 3, Wednesday,5593,21.5
frame,lgw,Year 1, spring 3, Wednesday,5594,0.1
frame,lgw,Year 1, spring 3, Wednesday,5595,23.3
frame,lgw,Year 1, spring 3, Wednesday,5596,21.0
frame,lgw,Year 1, spring 3, Wednesday,5597,21.0
frame,lgw,Year 1, spring 3, Wednesday,5598,0.2
frame,lgw,Year 1, spring 3, Wednesday,5599,21.4
frame,lgw,Year 1, spring 3, Wednesday,5600,22.0
frame,lgw,Year 1, spring 3, Wednesday,5601,21.5
frame,lgw,Year 1, spring 3, Wednesday,5602,22.2
frame,lgw,Year 1, spring 3, Wednesday,5603,0.2
frame,lgw,Year 1, spring 3, Wednesday,5604,21.2
frame,lgw,Year 1, spring 3, Wednesday,5605,21.7
frame,lgw,Year 1, spring 3, Wednesday,5606,21.3
frame,lgw,Year 1, spring 3, Wednesday,5607,0.1
frame,lgw,Year 1, spring 3, Wednesday,5608,21.3
frame,lgw,Year 1, spring 3, Wednesday,5609,21.4
frame,lgw,Year 1, spring 3, Wednesday,5610,21.2
frame,lgw,Year 1, spring 3, Wednesday,5611,21.5
frame,lgw,Year 1, spring 3, Wednesday,5612,0.1
frame,lgw,Year 1, spring 3, Wednesday,5613,21.4
frame,lgw,Year 1, spring 3, Wednesday,5614,21.6
frame,lgw,Year 1, spring 3, Wednesday,5615,21.4
frame,lgw,Year 1, spring 3, Wednesday,5616,0.1
frame,lgw,Year 1, spring 3, Wednesday,5617,22.2
frame,lgw,Year 1, spring 3, Wednesday,5618,22.3
frame,lgw,Year 1, spring 3, Wednesday,5619,21.2
frame,lgw,Year 1, spring 3, Wednesday,5620,0.1
frame,lgw,Year 1, spring 3, Wednesday,5621,21.2
frame,lgw,Year 1, spring 3, Wednesday,5622,20.9
frame,lgw,Year 1, spring 3, Wednesday,5623,21.2
frame,lgw,Year 1, spring 3, Wednesday,5624,21.1
frame,lgw,Year 1, spring 3, Wednesday,5625,0.2
frame,lgw,Year 1, spring 3, Wednesday,5626,21.5
frame,lgw,Year 1, spring 3, Wednesday,5627,21.6
frame,lgw,Year 1, spring 3, Wednesday,5628,21.6
frame,lgw,Year 1, spring 3, Wednesday,5629,0.1
frame,lgw,Year 1, spring 3, Wednesday,5630,21.3
frame,lgw,Year 1, spring 3, Wednesday,5631,21.7
frame,lgw,Year 1, spring 3, Wednesday,5632,21.5
frame,lgw,Year 1, spring 3, Wednesday,5633,21.7
frame,lgw,Year 1, spring 3, Wednesday,5634,0.1
frame,lgw,Year 1, spring 3, Wednesday,5635,23.3
frame,lgw,Year 1, spring 3, Wednesday,5636,21.7
frame,lgw,Year 1, spring 3, Wednesday,5637,21.5
frame,lgw,Year 1, spring 3, Wednesday,5638,0.1
frame,lgw,Year 1, spring 3, Wednesday,5639,21.2
frame,lgw,Year 1, spring 3, Wednesday,5640,21.8
frame,lgw,Year 1, spring 3, Wednesday,5641,21.5
frame,lgw,Year 1, spring 3, Wednesday,5642,0.2
frame,lgw,Year 1, spring 3, Wednesday,5643,21.3
frame,lgw,Year 1, spring 3, Wednesday,5644,22.2
frame,lgw,Year 1, spring 3, Wednesday,5645,21.2
frame,lgw,Year 1, spring 3, Wednesday,5646,0.6
frame,lgw,Year 1, spring 3, Wednesday,5647,21.9
frame,lgw,Year 1, spring 3, Wednesday,5648,22.2
frame,lgw,Year 1, spring 3, Wednesday,5649,21.3
frame,lgw,Year 1, spring 3, Wednesday,5650,21.9
frame,lgw,Year 1, spring 3, Wednesday,5651,0.1
frame,lgw,Year 1, spring 3, Wednesday,5652,21.2
frame,lgw,Year 1, spring 3, Wednesday,5653,21.1
frame,lgw,Year 1, spring 3, Wednesday,5654,21.2
frame,lgw,Year 1, spring 3, Wednesday,5655,0.1
frame,lgw,Year 1, spring 3, Wednesday,5656,20.9
frame,lgw,Year 1, spring 3, Wednesday,5657,21.4
frame,lgw,Year 1, spring 3, Wednesday,5658,20.9
frame,lgw,Year 1, spring 3, Wednesday,5659,22.0
frame,lgw,Year 1, spring 3, Wednesday,5660,0.2
frame,lgw,Year 1, spring 3, Wednesday,5661,22.8
frame,lgw,Year 1, spring 3, Wednesday,5662,21.2
frame,lgw,Year 1, spring 3, Wednesday,5663,21.1
frame,lgw,Year 1, spring 3, Wednesday,5664,0.1
frame,lgw,Year 1, spring 3, Wednesday,5665,21.1
frame,lgw,Year 1, spring 3, Wednesday,5666,21.6
frame,lgw,Year 1, spring 3, Wednesday,5667,22.8
frame,lgw,Year 1, spring 3, Wednesday,5668,0.1
frame,lgw,Year 1, spring 3, Wednesday,5669,21.8
frame,lgw,Year 1, spring 3, Wednesday,5670,21.1
frame,lgw,Year 1, spring 3, Wednesday,5671,21.9
frame,lgw,Year 1, spring 3, Wednesday,5672,21.3
frame,lgw,Year 1, spring 3, Wednesday,5673,0.3
frame,lgw,Year 1, spring 3, Wednesday,5674,22.4
frame,lgw,Year 1, spring 3, Wednesday,5675,22.1
frame,lgw,Year 1, spring 3, Wednesday,5676,21.9
frame,lgw,Year 1, spring 3, Wednesday,5677,0.1
frame,lgw,Year 1, spring 3, Wednesday,5678,20.9
frame,lgw,Year 1, spring 3, Wednesday,5679,21.1
frame,lgw,Year 1, spring 3, Wednesday,5680,21.7
frame,lgw,Year 1, spring 3, Wednesday,5681,0.1
frame,lgw,Year 1, spring 3, Wednesday,5682,21.1
frame,lgw,Year 1, spring 3, Wednesday,5683,22.2
frame,lgw,Year 1, spring 3, Wednesday,5684,21.0
frame,lgw,Year 1, spring 3, Wednesday,5685,21.4
frame,lgw,Year 1, spring 3, Wednesday,5686,0.7
frame,lgw,Year 1, spring 3, Wednesday,5687,21.8
frame,lgw,Year 1, spring 3, Wednesday,5688,22.0
frame,lgw,Year 1, spring 3, Wednesday,5689,21.5
frame,lgw,Year 1, spring 3, Wednesday,5690,0.1
frame,lgw,Year 1, spring 3, Wednesday,5691,21.4
frame,lgw,Year 1, spring 3, Wednesday,5692,21.7
frame,lgw,Year 1, spring 3, Wednesday,5693,20.9
frame,lgw,Year 1, spring 3, Wednesday,5694,0.1
frame,lgw,Year 1, spring 3, Wednesday,5695,21.2
frame,lgw,Year 1, spring 3, Wednesday,5696,21.8
frame,lgw,Year 1, spring 3, Wednesday,5697,22.8
frame,lgw,Year 1, spring 3, Wednesday,5698,21.4
frame,lgw,Year 1, spring 3, Wednesday,5699,0.1
frame,lgw,Year 1, spring 3, Wednesday,5700,21.2
frame,lgw,Year 1, spring 3, Wednesday,5701,21.5
frame,lgw,Year 1, spring 3, Wednesday,5702,21.8
frame,lgw,Year 1, spring 3, Wednesday,5703,0.1
frame,lgw,Year 1, spring 3, Wednesday,5704,21.7
frame,lgw,Year 1, spring 3, Wednesday,5705,21.4
frame,lgw,Year 1, spring 3, Wednesday,5706,28.2
frame,lgw,Year 1, spring 3, Wednesday,5707,0.1
frame,lgw,Year 1, spring 3, Wednesday,5708,21.2
frame,lgw,Year 1, spring 3, Wednesday,5709,21.7
frame,lgw,Year 1, spring 3, Wednesday,5710,21.3
frame,lgw,Year 1, spring 3, Wednesday,5711,0.1
frame,lgw,Year 1, spring 3, Wednesday,5712,21.2
frame,lgw,Year 1, spring 3, Wednesday,5713,21.4
frame,lgw,Year 1, spring 3, Wednesday,5714,22.0
frame,lgw,Year 1, spring 3, Wednesday,5715,0.2
frame,lgw,Year 1, spring 3, Wednesday,5716,21.7
frame,lgw,Year 1, spring 3, Wednesday,5717,21.5
frame,lgw,Year 1, spring 3, Wednesday,5718,21.7
frame,lgw,Year 1, spring 3, Wednesday,5719,0.1
frame,lgw,Year 1, spring 3, Wednesday,5720,21.4
frame,lgw,Year 1, spring 3, Wednesday,5721,21.3
frame,lgw,Year 1, spring 3, Wednesday,5722,20.8
frame,lgw,Year 1, spring 3, Wednesday,5723,22.5
frame,lgw,Year 1, spring 3, Wednesday,5724,0.1
frame,lgw,Year 1, spring 3, Wednesday,5725,21.9
frame,lgw,Year 1, spring 3, Wednesday,5726,21.5
frame,lgw,Year 1, spring 3, Wednesday,5727,21.9
frame,lgw,Year 1, spring 3, Wednesday,5728,0.1
frame,lgw,Year 1, spring 3, Wednesday,5729,22.0
frame,lgw,Year 1, spring 3, Wednesday,5730,21.9
frame,lgw,Year 1, spring 3, Wednesday,5731,21.4
frame,lgw,Year 1, spring 3, Wednesday,5732,0.1
frame,lgw,Year 1, spring 3, Wednesday,5733,21.0
frame,lgw,Year 1, spring 3, Wednesday,5734,21.3
frame,lgw,Year 1, spring 3, Wednesday,5735,21.0
frame,lgw,Year 1, spring 3, Wednesday,5736,21.3
frame,lgw,Year 1, spring 3, Wednesday,5737,0.1
frame,lgw,Year 1, spring 3, Wednesday,5738,21.0
frame,lgw,Year 1, spring 3, Wednesday,5739,22.1
frame,lgw,Year 1, spring 3, Wednesday,5740,22.4
frame,lgw,Year 1, spring 3, Wednesday,5741,0.1
frame,lgw,Year 1, spring 3, Wednesday,5742,21.4
frame,lgw,Year 1, spring 3, Wednesday,5743,21.6
frame,lgw,Year 1, spring 3, Wednesday,5744,21.4
frame,lgw,Year 1, spring 3, Wednesday,5745,21.5
frame,lgw,Year 1, spring 3, Wednesday,5746,0.6
frame,lgw,Year 1, spring 3, Wednesday,5747,21.4
frame,lgw,Year 1, spring 3, Wednesday,5748,21.7
frame,lgw,Year 1, spring 3, Wednesday,5749,21.6
frame,lgw,Year 1, spring 3, Wednesday,5750,0.2
frame,lgw,Year 1, spring 3, Wednesday,5751,22.1
frame,lgw,Year 1, spring 3, Wednesday,5752,21.1
frame,lgw,Year 1, spring 3, Wednesday,5753,21.3
frame,lgw,Year 1, spring 3, Wednesday,5754,0.2
frame,lgw,Year 1, spring 3, Wednesday,5755,22.9
frame,lgw,Year 1, spring 3, Wednesday,5756,22.4
frame,lgw,Year 1, spring 3, Wednesday,5757,22.9
frame,lgw,Year 1, spring 3, Wednesday,5758,0.1
frame,lgw,Year 1, spring 3, Wednesday,5759,21.3
frame,lgw,Year 1, spring 3, Wednesday,5760,22.4
frame,lgw,Year 1, spring 3, Wednesday,5761,21.0
frame,lgw,Year 1, spring 3, Wednesday,5762,0.1
frame,lgw,Year 1, spring 3, Wednesday,5763,21.1
frame,lgw,Year 1, spring 3, Wednesday,5764,21.5
frame,lgw,Year 1, spring 3, Wednesday,5765,21.7
frame,lgw,Year 1, spring 3, Wednesday,5766,22.1
frame,lgw,Year 1, spring 3, Wednesday,5767,0.1
frame,lgw,Year 1, spring 3, Wednesday,5768,21.4
frame,lgw,Year 1, spring 3, Wednesday,5769,21.4
frame,lgw,Year 1, spring 3, Wednesday,5770,21.0
frame,lgw,Year 1, spring 3, Wednesday,5771,0.1
frame,lgw,Year 1, spring 3, Wednesday,5772,21.6
frame,lgw,Year 1, spring 3, Wednesday,5773,21.3
frame,lgw,Year 1, spring 3, Wednesday,5774,22.1
frame,lgw,Year 1, spring 3, Wednesday,5775,0.1
frame,lgw,Year 1, spring 3, Wednesday,5776,21.3
frame,lgw,Year 1, spring 3, Wednesday,5777,22.7
frame,lgw,Year 1, spring 3, Wednesday,5778,21.6
frame,lgw,Year 1, spring 3, Wednesday,5779,21.3
frame,lgw,Year 1, spring 3, Wednesday,5780,0.3
frame,lgw,Year 1, spring 3, Wednesday,5781,22.0
frame,lgw,Year 1, spring 3, Wednesday,5782,21.4
frame,lgw,Year 1, spring 3, Wednesday,5783,21.3
frame,lgw,Year 1, spring 3, Wednesday,5784,0.1
frame,lgw,Year 1, spring 3, Wednesday,5785,22.4
frame,lgw,Year 1, spring 3, Wednesday,5786,21.6
frame,lgw,Year 1, spring 3, Wednesday,5787,21.4
frame,lgw,Year 1, spring 3, Wednesday,5788,0.1
frame,lgw,Year 1, spring 3, Wednesday,5789,21.8
frame,lgw,Year 1, spring 3, Wednesday,5790,21.3
frame,lgw,Year 1, spring 3, Wednesday,5791,21.0
frame,lgw,Year 1, spring 3, Wednesday,5792,21.3
frame,lgw,Year 1, spring 3, Wednesday,5793,0.2
frame,lgw,Year 1, spring 3, Wednesday,5794,22.3
frame,lgw,Year 1, spring 3, Wednesday,5795,20.9
frame,lgw,Year 1, spring 3, Wednesday,5796,21.1
frame,lgw,Year 1, spring 3, Wednesday,5797,0.1
frame,lgw,Year 1, spring 3, Wednesday,5798,21.1
frame,lgw,Year 1, spring 3, Wednesday,5799,21.5
frame,lgw,Year 1, spring 3, Wednesday,5800,21.2
frame,lgw,Year 1, spring 3, Wednesday,5801,21.3
frame,lgw,Year 1, spring 3, Wednesday,5802,0.3
frame,lgw,Year 1, spring 3, Wednesday,5803,23.1
frame,lgw,Year 1, spring 3, Wednesday,5804,22.9
frame,lgw,Year 1, spring 3, Wednesday,5805,22.6
frame,lgw,Year 1, spring 3, Wednesday,5806,0.2
frame,lgw,Year 1, spring 3, Wednesday,5807,21.5
frame,lgw,Year 1, spring 3, Wednesday,5808,22.3
frame,lgw,Year 1, spring 3, Wednesday,5809,21.0
frame,lgw,Year 1, spring 3, Wednesday,5810,0.2
frame,lgw,Year 1, spring 3, Wednesday,5811,22.0
frame,lgw,Year 1, spring 3, Wednesday,5812,21.1
frame,lgw,Year 1, spring 3, Wednesday,5813,21.4
frame,lgw,Year 1, spring 3, Wednesday,5814,0.1
frame,lgw,Year 1, spring 3, Wednesday,5815,21.2
frame,lgw,Year 1, spring 3, Wednesday,5816,21.4
frame,lgw,Year 1, spring 3, Wednesday,5817,21.7
frame,lgw,Year 1, spring 3, Wednesday,5818,20.9
frame,lgw,Year 1, spring 3, Wednesday,5819,0.1
frame,lgw,Year 1, spring 3, Wednesday,5820,21.6
frame,lgw,Year 1, spring 3, Wednesday,5821,21.0
frame,lgw,Year 1, spring 3, Wednesday,5822,21.3
frame,lgw,Year 1, spring 3, Wednesday,5823,0.1
frame,lgw,Year 1, spring 3, Wednesday,5824,22.2
frame,lgw,Year 1, spring 3, Wednesday,5825,21.6
frame,lgw,Year 1, spring 3, Wednesday,5826,21.1
frame,lgw,Year 1, spring 3, Wednesday,5827,22.3
frame,lgw,Year 1, spring 3, Wednesday,5828,0.1
frame,lgw,Year 1, spring 3, Wednesday,5829,21.6
frame,lgw,Year 1, spring 3, Wednesday,5830,21.6
frame,lgw,Year 1, spring 3, Wednesday,5831,21.4
frame,lgw,Year 1, spring 3, Wednesday,5832,0.1
frame,lgw,Year 1, spring 3, Wednesday,5833,21.3
frame,lgw,Year 1, spring 3, Wednesday,5834,23.8
frame,lgw,Year 1, spring 3, Wednesday,5835,21.5
frame,lgw,Year 1, spring 3, Wednesday,5836,0.1
frame,lgw,Year 1, spring 3, Wednesday,5837,21.6
frame,lgw,Year 1, spring 3, Wednesday,5838,22.1
frame,lgw,Year 1, spring 3, Wednesday,5839,21.1
frame,lgw,Year 1, spring 3, Wednesday,5840,0.4
frame,lgw,Year 1, spring 3, Wednesday,5841,21.9
frame,lgw,Year 1, spring 3, Wednesday,5842,21.1
frame,lgw,Year 1, spring 3, Wednesday,5843,21.2
frame,lgw,Year 1, spring 3, Wednesday,5844,21.7
frame,lgw,Year 1, spring 3, Wednesday,5845,0.1
frame,lgw,Year 1, spring 3, Wednesday,5846,21.0
frame,lgw,Year 1, spring 3, Wednesday,5847,21.0
frame,lgw,Year 1, spring 3, Wednesday,5848,22.3
frame,lgw,Year 1, spring 3, Wednesday,5849,0.1
frame,lgw,Year 1, spring 3, Wednesday,5850,21.2
frame,lgw,Year 1, spring 3, Wednesday,5851,21.8
frame,lgw,Year 1, spring 3, Wednesday,5852,22.0
frame,lgw,Year 1, spring 3, Wednesday,5853,22.2
frame,lgw,Year 1, spring 3, Wednesday,5854,0.3
frame,lgw,Year 1, spring 3, Wednesday,5855,22.3
frame,lgw,Year 1, spring 3, Wednesday,5856,21.1
frame,lgw,Year 1, spring 3, Wednesday,5857,21.4
frame,lgw,Year 1, spring 3, Wednesday,5858,0.2
frame,lgw,Year 1, spring 3, Wednesday,5859,21.6
frame,lgw,Year 1, spring 3, Wednesday,5860,21.6
frame,lgw,Year 1, spring 3, Wednesday,5861,22.1
frame,lgw,Year 1, spring 3, Wednesday,5862,0.1
frame,lgw,Year 1, spring 3, Wednesday,5863,21.4
frame,lgw,Year 1, spring 3, Wednesday,5864,21.4
frame,lgw,Year 1, spring 3, Wednesday,5865,21.6
frame,lgw,Year 1, spring 3, Wednesday,5866,0.1
frame,lgw,Year 1, spring 3, Wednesday,5867,20.9
frame,lgw,Year 1, spring 3, Wednesday,5868,21.3
frame,lgw,Year 1, spring 3, Wednesday,5869,22.1
frame,lgw,Year 1, spring 3, Wednesday,5870,21.6
frame,lgw,Year 1, spring 3, Wednesday,5871,0.3
frame,lgw,Year 1, spring 3, Wednesday,5872,22.1
frame,lgw,Year 1, spring 3, Wednesday,5873,21.9
frame,lgw,Year 1, spring 3, Wednesday,5874,23.9
frame,lgw,Year 1, spring 3, Wednesday,5875,0.1
frame,lgw,Year 1, spring 3, Wednesday,5876,21.1
frame,lgw,Year 1, spring 3, Wednesday,5877,21.0
frame,lgw,Year 1, spring 3, Wednesday,5878,21.0
frame,lgw,Year 1, spring 3, Wednesday,5879,0.1
frame,lgw,Year 1, spring 3, Wednesday,5880,21.1
frame,lgw,Year 1, spring 3, Wednesday,5881,23.4
frame,lgw,Year 1, spring 3, Wednesday,5882,22.9
frame,lgw,Year 1, spring 3, Wednesday,5883,0.3
frame,lgw,Year 1, spring 3, Wednesday,5884,22.5
frame,lgw,Year 1, spring 3, Wednesday,5885,21.6
frame,lgw,Year 1, spring 3, Wednesday,5886,21.4
frame,lgw,Year 1, spring 3, Wednesday,5887,0.1
frame,lgw,Year 1, spring 3, Wednesday,5888,21.6
frame,lgw,Year 1, spring 3, Wednesday,5889,21.4
frame,lgw,Year 1, spring 3, Wednesday,5890,21.3
frame,lgw,Year 1, spring 3, Wednesday,5891,21.2
frame,lgw,Year 1, spring 3, Wednesday,5892,0.3
frame,lgw,Year 1, spring 3, Wednesday,5893,21.3
frame,lgw,Year 1, spring 3, Wednesday,5894,21.6
frame,lgw,Year 1, spring 3, Wednesday,5895,21.0
frame,lgw,Year 1, spring 3, Wednesday,5896,0.1
frame,lgw,Year 1, spring 3, Wednesday,5897,21.3
frame,lgw,Year 1, spring 3, Wednesday,5898,23.1
frame,lgw,Year 1, spring 3, Wednesday,5899,21.2
frame,lgw,Year 1, spring 3, Wednesday,5900,23.0
frame,lgw,Year 1, spring 3, Wednesday,5901,0.2
frame,lgw,Year 1, spring 3, Wednesday,5902,21.5
frame,lgw,Year 1, spring 3, Wednesday,5903,21.5
frame,lgw,Year 1, spring 3, Wednesday,5904,21.4
frame,lgw,Year 1, spring 3, Wednesday,5905,0.1
frame,lgw,Year 1, spring 3, Wednesday,5906,21.8
frame,lgw,Year 1, spring 3, Wednesday,5907,22.1
frame,lgw,Year 1, spring 3, Wednesday,5908,21.5
frame,lgw,Year 1, spring 3, Wednesday,5909,0.2
frame,lgw,Year 1, spring 3, Wednesday,5910,21.5
frame,lgw,Year 1, spring 3, Wednesday,5911,21.5
frame,lgw,Year 1, spring 3, Wednesday,5912,21.1
frame,lgw,Year 1, spring 3, Wednesday,5913,0.1
frame,lgw,Year 1, spring 3, Wednesday,5914,20.9
frame,lgw,Year 1, spring 3, Wednesday,5915,21.6
frame,lgw,Year 1, spring 3, Wednesday,5916,21.2
frame,lgw,Year 1, spring 3, Wednesday,5917,21.9
frame,lgw,Year 1, spring 3, Wednesday,5918,0.1
frame,lgw,Year 1, spring 3, Wednesday,5919,21.4
frame,lgw,Year 1, spring 3, Wednesday,5920,21.1
frame,lgw,Year 1, spring 3, Wednesday,5921,21.7
frame,lgw,Year 1, spring 3, Wednesday,5922,0.1
frame,lgw,Year 1, spring 3, Wednesday,5923,21.1
frame,lgw,Year 1, spring 3, Wednesday,5924,21.8
frame,lgw,Year 1, spring 3, Wednesday,5925,21.3
frame,lgw,Year 1, spring 3, Wednesday,5926,21.5
frame,lgw,Year 1, spring 3, Wednesday,5927,0.1
frame,lgw,Year 1, spring 3, Wednesday,5928,20.9
frame,lgw,Year 1, spring 3, Wednesday,5929,21.3
frame,lgw,Year 1, spring 3, Wednesday,5930,20.9
frame,lgw,Year 1, spring 3, Wednesday,5931,21.4
frame,lgw,Year 1, spring 3, Wednesday,5932,0.1
frame,lgw,Year 1, spring 3, Wednesday,5933,21.5
frame,lgw,Year 1, spring 3, Wednesday,5934,20.9
frame,lgw,Year 1, spring 3, Wednesday,5935,21.3
frame,lgw,Year 1, spring 3, Wednesday,5936,0.1
frame,lgw,Year 1, spring 3, Wednesday,5937,21.8
frame,lgw,Year 1, spring 3, Wednesday,5938,21.9
frame,lgw,Year 1, spring 3, Wednesday,5939,21.3
frame,lgw,Year 1, spring 3, Wednesday,5940,0.2
frame,lgw,Year 1, spring 3, Wednesday,5941,21.3
frame,lgw,Year 1, spring 3, Wednesday,5942,21.4
frame,lgw,Year 1, spring 3, Wednesday,5943,21.9
frame,lgw,Year 1, spring 3, Wednesday,5944,21.5
frame,lgw,Year 1, spring 3, Wednesday,5945,0.2
frame,lgw,Year 1, spring 3, Wednesday,5946,21.3
frame,lgw,Year 1, spring 3, Wednesday,5947,21.1
frame,lgw,Year 1, spring 3, Wednesday,5948,21.2
frame,lgw,Year 1, spring 3, Wednesday,5949,0.1
frame,lgw,Year 1, spring 3, Wednesday,5950,21.5
frame,lgw,Year 1, spring 3, Wednesday,5951,20.9
frame,lgw,Year 1, spring 3, Wednesday,5952,21.3
frame,lgw,Year 1, spring 3, Wednesday,5953,21.1
frame,lgw,Year 1, spring 3, Wednesday,5954,0.1
frame,lgw,Year 1, spring 3, Wednesday,5955,21.5
frame,lgw,Year 1, spring 3, Wednesday,5956,21.6
frame,lgw,Year 1, spring 3, Wednesday,5957,21.1
frame,lgw,Year 1, spring 3, Wednesday,5958,21.7
frame,lgw,Year 1, spring 3, Wednesday,5959,0.1
frame,lgw,Year 1, spring 3, Wednesday,5960,20.9
frame,lgw,Year 1, spring 3, Wednesday,5961,21.3
frame,lgw,Year 1, spring 3, Wednesday,5962,21.0
frame,lgw,Year 1, spring 3, Wednesday,5963,0.1
frame,lgw,Year 1, spring 3, Wednesday,5964,23.1
frame,lgw,Year 1, spring 3, Wednesday,5965,21.1
frame,lgw,Year 1, spring 3, Wednesday,5966,21.3
frame,lgw,Year 1, spring 3, Wednesday,5967,21.1
frame,lgw,Year 1, spring 3, Wednesday,5968,0.1
frame,lgw,Year 1, spring 3, Wednesday,5969,21.4
frame,lgw,Year 1, spring 3, Wednesday,5970,21.8
frame,lgw,Year 1, spring 3, Wednesday,5971,20.9
frame,lgw,Year 1, spring 3, Wednesday,5972,0.1
frame,lgw,Year 1, spring 3, Wednesday,5973,21.1
frame,lgw,Year 1, spring 3, Wednesday,5974,21.7
frame,lgw,Year 1, spring 3, Wednesday,5975,21.5
frame,lgw,Year 1, spring 3, Wednesday,5976,26.7
frame,lgw,Year 1, spring 3, Wednesday,5977,0.1
frame,lgw,Year 1, spring 3, Wednesday,5978,21.5
frame,lgw,Year 1, spring 3, Wednesday,5979,23.6
frame,lgw,Year 1, spring 3, Wednesday,5980,0.1
frame,lgw,Year 1, spring 3, Wednesday,5981,22.8
frame,lgw,Year 1, spring 3, Wednesday,5982,25.7
frame,lgw,Year 1, spring 3, Wednesday,5983,0.2
frame,lgw,Year 1, spring 3, Wednesday,5984,22.1
frame,lgw,Year 1, spring 3, Wednesday,5985,22.2
frame,lgw,Year 1, spring 3, Wednesday,5986,21.7
frame,lgw,Year 1, spring 3, Wednesday,5987,0.3
frame,lgw,Year 1, spring 3, Wednesday,5988,21.9
frame,lgw,Year 1, spring 3, Wednesday,5989,22.0
frame,lgw,Year 1, spring 3, Wednesday,5990,29.1
frame,lgw,Year 1, spring 3, Wednesday,5991,0.1
frame,lgw,Year 1, spring 3, Wednesday,5992,24.0
frame,lgw,Year 1, spring 3, Wednesday,5993,0.1
frame,lgw,Year 1, spring 3, Wednesday,5994,21.8
frame,lgw,Year 1, spring 3, Wednesday,5995,23.0
frame,lgw,Year 1, spring 3, Wednesday,5996,23.0
frame,lgw,Year 1, spring 3, Wednesday,5997,0.1
frame,lgw,Year 1, spring 3, Wednesday,5998,21.9
frame,lgw,Year 1, spring 3, Wednesday,5999,22.0
switch,lgw,Year 1, spring 3, Wednesday,910,18.4
switch,lgw,Year 1, spring 3, Wednesday,920,16.7
switchdetail,lgw,Year 1, spring 3, Wednesday,900,0,0.0
switchdetail,lgw,Year 1, spring 3, Wednesday,910,0,0.0
lag,lgw,Year 1, spring 3, Wednesday,6090,94.4
lag,lgw,Year 1, spring 3, Wednesday,6241,84.9
lag,lgw,Year 1, spring 3, Wednesday,6309,53.0
lag,lgw,Year 1, spring 3, Wednesday,6354,83.0
lag,lgw,Year 1, spring 3, Wednesday,6435,65.3
lag,lgw,Year 1, spring 3, Wednesday,6471,84.9
lag,lgw,Year 1, spring 3, Wednesday,11263,210.6
lag,lgw,Year 1, spring 3, Wednesday,11314,77.7
lag,lgw,Year 1, spring 3, Wednesday,11408,87.4
lag,lgw,Year 1, spring 3, Wednesday,11498,90.1
frame,lgw,Year 1, spring 3, Wednesday,11120,10.2
frame,lgw,Year 1, spring 3, Wednesday,11121,3.3
frame,lgw,Year 1, spring 3, Wednesday,11122,8.7
frame,lgw,Year 1, spring 3, Wednesday,11123,16.7
frame,lgw,Year 1, spring 3, Wednesday,11124,16.7
frame,lgw,Year 1, spring 3, Wednesday,11125,16.6
frame,lgw,Year 1, spring 3, Wednesday,11126,16.8
frame,lgw,Year 1, spring 3, Wednesday,11127,16.7
frame,lgw,Year 1, spring 3, Wednesday,11128,16.8
frame,lgw,Year 1, spring 3, Wednesday,11129,17.3
frame,lgw,Year 1, spring 3, Wednesday,11130,24.9
frame,lgw,Year 1, spring 3, Wednesday,11131,25.4
frame,lgw,Year 1, spring 3, Wednesday,11132,5.2
frame,lgw,Year 1, spring 3, Wednesday,11133,29.4
frame,lgw,Year 1, spring 3, Wednesday,11134,15.4
frame,lgw,Year 1, spring 3, Wednesday,11135,16.0
frame,lgw,Year 1, spring 3, Wednesday,11136,10.3
frame,lgw,Year 1, spring 3, Wednesday,11137,18.6
frame,lgw,Year 1, spring 3, Wednesday,11138,14.4
frame,lgw,Year 1, spring 3, Wednesday,11139,6.2
frame,lgw,Year 1, spring 3, Wednesday,11140,16.7
frame,lgw,Year 1, spring 3, Wednesday,11141,16.7
frame,lgw,Year 1, spring 3, Wednesday,11142,16.8
frame,lgw,Year 1, spring 3, Wednesday,11143,16.8
frame,lgw,Year 1, spring 3, Wednesday,11144,16.3
frame,lgw,Year 1, spring 3, Wednesday,11145,16.7
frame,lgw,Year 1, spring 3, Wednesday,11146,36.1
frame,lgw,Year 1, spring 3, Wednesday,11147,9.1
frame,lgw,Year 1, spring 3, Wednesday,11148,17.6
frame,lgw,Year 1, spring 3, Wednesday,11149,13.4
frame,lgw,Year 1, spring 3, Wednesday,11150,21.2
frame,lgw,Year 1, spring 3, Wednesday,11151,11.3
frame,lgw,Year 1, spring 3, Wednesday,11152,8.0
frame,lgw,Year 1, spring 3, Wednesday,11153,16.7
frame,lgw,Year 1, spring 3, Wednesday,11154,16.6
frame,lgw,Year 1, spring 3, Wednesday,11155,16.6
frame,lgw,Year 1, spring 3, Wednesday,11156,16.7
frame,lgw,Year 1, spring 3, Wednesday,11157,16.6
frame,lgw,Year 1, spring 3, Wednesday,11158,28.1
frame,lgw,Year 1, spring 3, Wednesday,11159,19.5
frame,lgw,Year 1, spring 3, Wednesday,11160,7.6
frame,lgw,Year 1, spring 3, Wednesday,11161,16.3
frame,lgw,Year 1, spring 3, Wednesday,11162,26.4
frame,lgw,Year 1, spring 3, Wednesday,11163,3.3
frame,lgw,Year 1, spring 3, Wednesday,11164,15.5
frame,lgw,Year 1, spring 3, Wednesday,11165,16.7
frame,lgw,Year 1, spring 3, Wednesday,11166,16.7
frame,lgw,Year 1, spring 3, Wednesday,11167,16.8
frame,lgw,Year 1, spring 3, Wednesday,11168,26.0
frame,lgw,Year 1, spring 3, Wednesday,11169,17.7
frame,lgw,Year 1, spring 3, Wednesday,11170,24.1
frame,lgw,Year 1, spring 3, Wednesday,11171,6.5
frame,lgw,Year 1, spring 3, Wednesday,11172,24.6
frame,lgw,Year 1, spring 3, Wednesday,11173,6.2
frame,lgw,Year 1, spring 3, Wednesday,11174,11.5
frame,lgw,Year 1, spring 3, Wednesday,11175,20.5
frame,lgw,Year 1, spring 3, Wednesday,11176,39.9
frame,lgw,Year 1, spring 3, Wednesday,11177,0.7
frame,lgw,Year 1, spring 3, Wednesday,11178,5.8
frame,lgw,Year 1, spring 3, Wednesday,11179,16.7
frame,lgw,Year 1, spring 3, Wednesday,11180,16.6
frame,lgw,Year 1, spring 3, Wednesday,11181,16.6
frame,lgw,Year 1, spring 3, Wednesday,11182,16.8
frame,lgw,Year 1, spring 3, Wednesday,11183,16.5
frame,lgw,Year 1, spring 3, Wednesday,11184,16.6
frame,lgw,Year 1, spring 3, Wednesday,11185,16.6
frame,lgw,Year 1, spring 3, Wednesday,11186,16.7
frame,lgw,Year 1, spring 3, Wednesday,11187,16.7
frame,lgw,Year 1, spring 3, Wednesday,11188,16.6
frame,lgw,Year 1, spring 3, Wednesday,11189,16.7
frame,lgw,Year 1, spring 3, Wednesday,11190,16.7
frame,lgw,Year 1, spring 3, Wednesday,11191,16.6
frame,lgw,Year 1, spring 3, Wednesday,11192,16.8
frame,lgw,Year 1, spring 3, Wednesday,11193,16.5
frame,lgw,Year 1, spring 3, Wednesday,11194,16.7
frame,lgw,Year 1, spring 3, Wednesday,11195,16.7
frame,lgw,Year 1, spring 3, Wednesday,11196,16.7
frame,lgw,Year 1, spring 3, Wednesday,11197,16.6
frame,lgw,Year 1, spring 3, Wednesday,11198,16.6
frame,lgw,Year 1, spring 3, Wednesday,11199,16.7
frame,lgw,Year 1, spring 3, Wednesday,11200,16.6
frame,lgw,Year 1, spring 3, Wednesday,11201,16.8
frame,lgw,Year 1, spring 3, Wednesday,11202,16.7
frame,lgw,Year 1, spring 3, Wednesday,11203,16.7
frame,lgw,Year 1, spring 3, Wednesday,11204,16.8
frame,lgw,Year 1, spring 3, Wednesday,11205,16.5
frame,lgw,Year 1, spring 3, Wednesday,11206,16.6
frame,lgw,Year 1, spring 3, Wednesday,11207,16.6
frame,lgw,Year 1, spring 3, Wednesday,11208,16.6
frame,lgw,Year 1, spring 3, Wednesday,11209,16.7
frame,lgw,Year 1, spring 3, Wednesday,11210,16.7
frame,lgw,Year 1, spring 3, Wednesday,11211,16.7
frame,lgw,Year 1, spring 3, Wednesday,11212,16.7
frame,lgw,Year 1, spring 3, Wednesday,11213,16.6
frame,lgw,Year 1, spring 3, Wednesday,11214,16.6
frame,lgw,Year 1, spring 3, Wednesday,11215,16.7
frame,lgw,Year 1, spring 3, Wednesday,11216,16.7
frame,lgw,Year 1, spring 3, Wednesday,11217,16.7
frame,lgw,Year 1, spring 3, Wednesday,11218,16.6
frame,lgw,Year 1, spring 3, Wednesday,11219,16.6
frame,lgw,Year 1, spring 3, Wednesday,11220,16.7
frame,lgw,Year 1, spring 3, Wednesday,11221,16.8
frame,lgw,Year 1, spring 3, Wednesday,11222,16.7
frame,lgw,Year 1, spring 3, Wednesday,11223,16.6
frame,lgw,Year 1, spring 3, Wednesday,11224,16.7
frame,lgw,Year 1, spring 3, Wednesday,11225,16.7
frame,lgw,Year 1, spring 3, Wednesday,11226,16.7
frame,lgw,Year 1, spring 3, Wednesday,11227,16.7
frame,lgw,Year 1, spring 3, Wednesday,11228,16.6
frame,lgw,Year 1, spring 3, Wednesday,11229,16.7
frame,lgw,Year 1, spring 3, Wednesday,11230,16.7
frame,lgw,Year 1, spring 3, Wednesday,11231,16.7
frame,lgw,Year 1, spring 3, Wednesday,11232,16.6
frame,lgw,Year 1, spring 3, Wednesday,11233,16.7
frame,lgw,Year 1, spring 3, Wednesday,11234,16.7
frame,lgw,Year 1, spring 3, Wednesday,11235,16.6
frame,lgw,Year 1, spring 3, Wednesday,11236,16.7
frame,lgw,Year 1, spring 3, Wednesday,11237,16.9
frame,lgw,Year 1, spring 3, Wednesday,11238,16.4
frame,lgw,Year 1, spring 3, Wednesday,11239,16.7
frame,lgw,Year 1, spring 3, Wednesday,11240,16.6
frame,lgw,Year 1, spring 3, Wednesday,11241,16.7
frame,lgw,Year 1, spring 3, Wednesday,11242,16.8
frame,lgw,Year 1, spring 3, Wednesday,11243,16.5
frame,lgw,Year 1, spring 3, Wednesday,11244,16.7
frame,lgw,Year 1, spring 3, Wednesday,11245,16.6
frame,lgw,Year 1, spring 3, Wednesday,11246,16.7
frame,lgw,Year 1, spring 3, Wednesday,11247,16.7
frame,lgw,Year 1, spring 3, Wednesday,11248,16.6
frame,lgw,Year 1, spring 3, Wednesday,11249,16.7
frame,lgw,Year 1, spring 3, Wednesday,11250,16.7
frame,lgw,Year 1, spring 3, Wednesday,11251,16.6
frame,lgw,Year 1, spring 3, Wednesday,11252,16.7
frame,lgw,Year 1, spring 3, Wednesday,11253,16.7
frame,lgw,Year 1, spring 3, Wednesday,11254,16.6
frame,lgw,Year 1, spring 3, Wednesday,11255,16.7
frame,lgw,Year 1, spring 3, Wednesday,11256,16.7
frame,lgw,Year 1, spring 3, Wednesday,11257,16.8
frame,lgw,Year 1, spring 3, Wednesday,11258,17.0
frame,lgw,Year 1, spring 3, Wednesday,11259,16.2
frame,lgw,Year 1, spring 3, Wednesday,11260,16.7
frame,lgw,Year 1, spring 3, Wednesday,11261,16.8
frame,lgw,Year 1, spring 3, Wednesday,11262,210.6
frame,lgw,Year 1, spring 3, Wednesday,11263,0.2
frame,lgw,Year 1, spring 3, Wednesday,11264,0.1
frame,lgw,Year 1, spring 3, Wednesday,11265,0.1
frame,lgw,Year 1, spring 3, Wednesday,11266,0.2
frame,lgw,Year 1, spring 3, Wednesday,11267,0.1
frame,lgw,Year 1, spring 3, Wednesday,11268,0.2
frame,lgw,Year 1, spring 3, Wednesday,11269,0.1
frame,lgw,Year 1, spring 3, Wednesday,11270,0.2
frame,lgw,Year 1, spring 3, Wednesday,11271,0.5
frame,lgw,Year 1, spring 3, Wednesday,11272,0.2
frame,lgw,Year 1, spring 3, Wednesday,11273,0.2
frame,lgw,Year 1, spring 3, Wednesday,11274,35.1
frame,lgw,Year 1, spring 3, Wednesday,11275,0.1
frame,lgw,Year 1, spring 3, Wednesday,11276,22.0
frame,lgw,Year 1, spring 3, Wednesday,11277,0.1
frame,lgw,Year 1, spring 3, Wednesday,11278,21.0
frame,lgw,Year 1, spring 3, Wednesday,11279,22.3
frame,lgw,Year 1, spring 3, Wednesday,11280,21.9
frame,lgw,Year 1, spring 3, Wednesday,11281,0.2
frame,lgw,Year 1, spring 3, Wednesday,11282,21.6
frame,lgw,Year 1, spring 3, Wednesday,11283,22.2
frame,lgw,Year 1, spring 3, Wednesday,11284,21.1
frame,lgw,Year 1, spring 3, Wednesday,11285,0.2
frame,lgw,Year 1, spring 3, Wednesday,11286,22.1
frame,lgw,Year 1, spring 3, Wednesday,11287,21.8
frame,lgw,Year 1, spring 3, Wednesday,11288,21.2
frame,lgw,Year 1, spring 3, Wednesday,11289,21.0
frame,lgw,Year 1, spring 3, Wednesday,11290,0.1
frame,lgw,Year 1, spring 3, Wednesday,11291,21.9
frame,lgw,Year 1, spring 3, Wednesday,11292,21.9
frame,lgw,Year 1, spring 3, Wednesday,11293,21.5
frame,lgw,Year 1, spring 3, Wednesday,11294,0.1
frame,lgw,Year 1, spring 3, Wednesday,11295,21.7
frame,lgw,Year 1, spring 3, Wednesday,11296,20.9
frame,lgw,Year 1, spring 3, Wednesday,11297,21.3
frame,lgw,Year 1, spring 3, Wednesday,11298,21.3
frame,lgw,Year 1, spring 3, Wednesday,11299,0.1
frame,lgw,Year 1, spring 3, Wednesday,11300,22.3
frame,lgw,Year 1, spring 3, Wednesday,11301,21.4
frame,lgw,Year 1, spring 3, Wednesday,11302,21.4
frame,lgw,Year 1, spring 3, Wednesday,11303,0.2
frame,lgw,Year 1, spring 3, Wednesday,11304,21.6
frame,lgw,Year 1, spring 3, Wednesday,11305,21.3
frame,lgw,Year 1, spring 3, Wednesday,11306,21.3
frame,lgw,Year 1, spring 3, Wednesday,11307,0.2
frame,lgw,Year 1, spring 3, Wednesday,11308,21.6
frame,lgw,Year 1, spring 3, Wednesday,11309,21.4
frame,lgw,Year 1, spring 3, Wednesday,11310,10.5
frame,lgw,Year 1, spring 3, Wednesday,11311,12.8
frame,lgw,Year 1, spring 3, Wednesday,11312,16.6
frame,lgw,Year 1, spring 3, Wednesday,11313,77.7
frame,lgw,Year 1, spring 3, Wednesday,11314,0.2
frame,lgw,Year 1, spring 3, Wednesday,11315,0.1
frame,lgw,Year 1, spring 3, Wednesday,11316,0.1
frame,lgw,Year 1, spring 3, Wednesday,11317,5.3
frame,lgw,Year 1, spring 3, Wednesday,11318,16.6
frame,lgw,Year 1, spring 3, Wednesday,11319,16.6
frame,lgw,Year 1, spring 3, Wednesday,11320,16.7
frame,lgw,Year 1, spring 3, Wednesday,11321,16.7
frame,lgw,Year 1, spring 3, Wednesday,11322,16.7
frame,lgw,Year 1, spring 3, Wednesday,11323,16.6
frame,lgw,Year 1, spring 3, Wednesday,11324,16.6
frame,lgw,Year 1, spring 3, Wednesday,11325,16.6
frame,lgw,Year 1, spring 3, Wednesday,11326,17.0
frame,lgw,Year 1, spring 3, Wednesday,11327,16.4
frame,lgw,Year 1, spring 3, Wednesday,11328,17.1
frame,lgw,Year 1, spring 3, Wednesday,11329,16.2
frame,lgw,Year 1, spring 3, Wednesday,11330,16.7
frame,lgw,Year 1, spring 3, Wednesday,11331,16.6
frame,lgw,Year 1, spring 3, Wednesday,11332,16.8
frame,lgw,Year 1, spring 3, Wednesday,11333,16.7
frame,lgw,Year 1, spring 3, Wednesday,11334,16.9
frame,lgw,Year 1, spring 3, Wednesday,11335,16.4
frame,lgw,Year 1, spring 3, Wednesday,11336,16.5
frame,lgw,Year 1, spring 3, Wednesday,11337,16.7
frame,lgw,Year 1, spring 3, Wednesday,11338,16.6
frame,lgw,Year 1, spring 3, Wednesday,11339,16.7
frame,lgw,Year 1, spring 3, Wednesday,11340,16.7
frame,lgw,Year 1, spring 3, Wednesday,11341,16.7
frame,lgw,Year 1, spring 3, Wednesday,11342,16.8
frame,lgw,Year 1, spring 3, Wednesday,11343,16.7
frame,lgw,Year 1, spring 3, Wednesday,11344,16.6
frame,lgw,Year 1, spring 3, Wednesday,11345,16.6
frame,lgw,Year 1, spring 3, Wednesday,11346,16.7
frame,lgw,Year 1, spring 3, Wednesday,11347,16.8
frame,lgw,Year 1, spring 3, Wednesday,11348,16.6
frame,lgw,Year 1, spring 3, Wednesday,11349,16.7
frame,lgw,Year 1, spring 3, Wednesday,11350,16.7
frame,lgw,Year 1, spring 3, Wednesday,11351,16.6
frame,lgw,Year 1, spring 3, Wednesday,11352,16.6
frame,lgw,Year 1, spring 3, Wednesday,11353,16.7
frame,lgw,Year 1, spring 3, Wednesday,11354,16.7
frame,lgw,Year 1, spring 3, Wednesday,11355,16.6
frame,lgw,Year 1, spring 3, Wednesday,11356,16.8
frame,lgw,Year 1, spring 3, Wednesday,11357,16.6
frame,lgw,Year 1, spring 3, Wednesday,11358,16.7
frame,lgw,Year 1, spring 3, Wednesday,11359,16.8
frame,lgw,Year 1, spring 3, Wednesday,11360,16.6
frame,lgw,Year 1, spring 3, Wednesday,11361,16.7
frame,lgw,Year 1, spring 3, Wednesday,11362,16.6
frame,lgw,Year 1, spring 3, Wednesday,11363,16.7
frame,lgw,Year 1, spring 3, Wednesday,11364,16.7
frame,lgw,Year 1, spring 3, Wednesday,11365,16.8
frame,lgw,Year 1, spring 3, Wednesday,11366,16.6
frame,lgw,Year 1, spring 3, Wednesday,11367,16.7
frame,lgw,Year 1, spring 3, Wednesday,11368,16.6
frame,lgw,Year 1, spring 3, Wednesday,11369,16.7
frame,lgw,Year 1, spring 3, Wednesday,11370,16.6
frame,lgw,Year 1, spring 3, Wednesday,11371,16.7
frame,lgw,Year 1, spring 3, Wednesday,11372,16.6
frame,lgw,Year 1, spring 3, Wednesday,11373,16.7
frame,lgw,Year 1, spring 3, Wednesday,11374,16.9
frame,lgw,Year 1, spring 3, Wednesday,11375,16.5
frame,lgw,Year 1, spring 3, Wednesday,11376,16.7
frame,lgw,Year 1, spring 3, Wednesday,11377,16.7
frame,lgw,Year 1, spring 3, Wednesday,11378,16.5
frame,lgw,Year 1, spring 3, Wednesday,11379,16.6
frame,lgw,Year 1, spring 3, Wednesday,11380,16.7
frame,lgw,Year 1, spring 3, Wednesday,11381,16.7
frame,lgw,Year 1, spring 3, Wednesday,11382,16.7
frame,lgw,Year 1, spring 3, Wednesday,11383,16.8
frame,lgw,Year 1, spring 3, Wednesday,11384,16.6
frame,lgw,Year 1, spring 3, Wednesday,11385,16.6
frame,lgw,Year 1, spring 3, Wednesday,11386,16.7
frame,lgw,Year 1, spring 3, Wednesday,11387,16.7
frame,lgw,Year 1, spring 3, Wednesday,11388,16.6
frame,lgw,Year 1, spring 3, Wednesday,11389,16.7
frame,lgw,Year 1, spring 3, Wednesday,11390,16.7
frame,lgw,Year 1, spring 3, Wednesday,11391,16.7
frame,lgw,Year 1, spring 3, Wednesday,11392,16.5
frame,lgw,Year 1, spring 3, Wednesday,11393,16.7
frame,lgw,Year 1, spring 3, Wednesday,11394,16.6
frame,lgw,Year 1, spring 3, Wednesday,11395,16.7
frame,lgw,Year 1, spring 3, Wednesday,11396,16.8
frame,lgw,Year 1, spring 3, Wednesday,11397,16.6
frame,lgw,Year 1, spring 3, Wednesday,11398,16.6
frame,lgw,Year 1, spring 3, Wednesday,11399,16.7
frame,lgw,Year 1, spring 3, Wednesday,11400,16.6
frame,lgw,Year 1, spring 3, Wednesday,11401,16.7
frame,lgw,Year 1, spring 3, Wednesday,11402,16.7
frame,lgw,Year 1, spring 3, Wednesday,11403,16.6
frame,lgw,Year 1, spring 3, Wednesday,11404,16.7
frame,lgw,Year 1, spring 3, Wednesday,11405,16.7
frame,lgw,Year 1, spring 3, Wednesday,11406,16.7
frame,lgw,Year 1, spring 3, Wednesday,11407,87.4
frame,lgw,Year 1, spring 3, Wednesday,11408,0.1
frame,lgw,Year 1, spring 3, Wednesday,11409,0.1
frame,lgw,Year 1, spring 3, Wednesday,11410,0.1
frame,lgw,Year 1, spring 3, Wednesday,11411,0.1
frame,lgw,Year 1, spring 3, Wednesday,11412,22.5
frame,lgw,Year 1, spring 3, Wednesday,11413,21.6
frame,lgw,Year 1, spring 3, Wednesday,11414,21.3
frame,lgw,Year 1, spring 3, Wednesday,11415,0.2
frame,lgw,Year 1, spring 3, Wednesday,11416,22.3
frame,lgw,Year 1, spring 3, Wednesday,11417,21.7
frame,lgw,Year 1, spring 3, Wednesday,11418,21.5
frame,lgw,Year 1, spring 3, Wednesday,11419,0.1
frame,lgw,Year 1, spring 3, Wednesday,11420,21.3
frame,lgw,Year 1, spring 3, Wednesday,11421,20.8
frame,lgw,Year 1, spring 3, Wednesday,11422,21.4
frame,lgw,Year 1, spring 3, Wednesday,11423,22.1
frame,lgw,Year 1, spring 3, Wednesday,11424,0.2
frame,lgw,Year 1, spring 3, Wednesday,11425,21.6
frame,lgw,Year 1, spring 3, Wednesday,11426,23.2
frame,lgw,Year 1, spring 3, Wednesday,11427,21.1
frame,lgw,Year 1, spring 3, Wednesday,11428,0.2
frame,lgw,Year 1, spring 3, Wednesday,11429,21.7
frame,lgw,Year 1, spring 3, Wednesday,11430,21.0
frame,lgw,Year 1, spring 3, Wednesday,11431,21.0
frame,lgw,Year 1, spring 3, Wednesday,11432,0.1
frame,lgw,Year 1, spring 3, Wednesday,11433,21.0
frame,lgw,Year 1, spring 3, Wednesday,11434,21.8
frame,lgw,Year 1, spring 3, Wednesday,11435,21.7
frame,lgw,Year 1, spring 3, Wednesday,11436,21.6
frame,lgw,Year 1, spring 3, Wednesday,11437,0.1
frame,lgw,Year 1, spring 3, Wednesday,11438,22.2
frame,lgw,Year 1, spring 3, Wednesday,11439,21.0
frame,lgw,Year 1, spring 3, Wednesday,11440,21.0
frame,lgw,Year 1, spring 3, Wednesday,11441,0.1
frame,lgw,Year 1, spring 3, Wednesday,11442,21.5
frame,lgw,Year 1, spring 3, Wednesday,11443,21.8
frame,lgw,Year 1, spring 3, Wednesday,11444,20.9
frame,lgw,Year 1, spring 3, Wednesday,11445,20.8
frame,lgw,Year 1, spring 3, Wednesday,11446,0.2
frame,lgw,Year 1, spring 3, Wednesday,11447,21.5
frame,lgw,Year 1, spring 3, Wednesday,11448,22.0
frame,lgw,Year 1, spring 3, Wednesday,11449,20.7
frame,lgw,Year 1, spring 3, Wednesday,11450,0.1
frame,lgw,Year 1, spring 3, Wednesday,11451,21.1
frame,lgw,Year 1, spring 3, Wednesday,11452,21.3
frame,lgw,Year 1, spring 3, Wednesday,11453,21.3
frame,lgw,Year 1, spring 3, Wednesday,11454,21.7
frame,lgw,Year 1, spring 3, Wednesday,11455,0.1
frame,lgw,Year 1, spring 3, Wednesday,11456,21.1
frame,lgw,Year 1, spring 3, Wednesday,11457,21.4
frame,lgw,Year 1, spring 3, Wednesday,11458,21.3
frame,lgw,Year 1, spring 3, Wednesday,11459,0.1
frame,lgw,Year 1, spring 3, Wednesday,11460,21.4
frame,lgw,Year 1, spring 3, Wednesday,11461,21.3
frame,lgw,Year 1, spring 3, Wednesday,11462,21.7
frame,lgw,Year 1, spring 3, Wednesday,11463,21.3
frame,lgw,Year 1, spring 3, Wednesday,11464,0.2
frame,lgw,Year 1, spring 3, Wednesday,11465,21.4
frame,lgw,Year 1, spring 3, Wednesday,11466,21.0
frame,lgw,Year 1, spring 3, Wednesday,11467,21.2
frame,lgw,Year 1, spring 3, Wednesday,11468,0.2
frame,lgw,Year 1, spring 3, Wednesday,11469,21.6
frame,lgw,Year 1, spring 3, Wednesday,11470,21.5
frame,lgw,Year 1, spring 3, Wednesday,11471,21.5
frame,lgw,Year 1, spring 3, Wednesday,11472,7.9
frame,lgw,Year 1, spring 3, Wednesday,11473,21.8
frame,lgw,Year 1, spring 3, Wednesday,11474,44.8
frame,lgw,Year 1, spring 3, Wednesday,11475,0.3
frame,lgw,Year 1, spring 3, Wednesday,11476,0.2
frame,lgw,Year 1, spring 3, Wednesday,11477,9.8
frame,lgw,Year 1, spring 3, Wednesday,11478,17.1
frame,lgw,Year 1, spring 3, Wednesday,11479,16.2
frame,lgw,Year 1, spring 3, Wednesday,11480,16.7
frame,lgw,Year 1, spring 3, Wednesday,11481,16.6
frame,lgw,Year 1, spring 3, Wednesday,11482,16.8
frame,lgw,Year 1, spring 3, Wednesday,11483,16.6
frame,lgw,Year 1, spring 3, Wednesday,11484,17.0
frame,lgw,Year 1, spring 3, Wednesday,11485,16.5
frame,lgw,Year 1, spring 3, Wednesday,11486,16.5
frame,lgw,Year 1, spring 3, Wednesday,11487,16.7
frame,lgw,Year 1, spring 3, Wednesday,11488,16.6
frame,lgw,Year 1, spring 3, Wednesday,11489,16.6
frame,lgw,Year 1, spring 3, Wednesday,11490,16.8
frame,lgw,Year 1, spring 3, Wednesday,11491,16.6
frame,lgw,Year 1, spring 3, Wednesday,11492,16.6
frame,lgw,Year 1, spring 3, Wednesday,11493,16.7
frame,lgw,Year 1, spring 3, Wednesday,11494,16.7
frame,lgw,Year 1, spring 3, Wednesday,11495,16.6
frame,lgw,Year 1, spring 3, Wednesday,11496,16.7
frame,lgw,Year 1, spring 3, Wednesday,11497,90.1
frame,lgw,Year 1, spring 3, Wednesday,11498,0.3
frame,lgw,Year 1, spring 3, Wednesday,11499,0.1
frame,lgw,Year 1, spring 3, Wednesday,11500,0.3
frame,lgw,Year 1, spring 3, Wednesday,11501,0.2
frame,lgw,Year 1, spring 3, Wednesday,11502,26.5
frame,lgw,Year 1, spring 3, Wednesday,11503,0.3
frame,lgw,Year 1, spring 3, Wednesday,11504,25.9
frame,lgw,Year 1, spring 3, Wednesday,11505,22.7
frame,lgw,Year 1, spring 3, Wednesday,11506,23.7
frame,lgw,Year 1, spring 3, Wednesday,11507,0.2
frame,lgw,Year 1, spring 3, Wednesday,11508,22.6
frame,lgw,Year 1, spring 3, Wednesday,11509,21.4
frame,lgw,Year 1, spring 3, Wednesday,11510,0.1
frame,lgw,Year 1, spring 3, Wednesday,11511,21.6
frame,lgw,Year 1, spring 3, Wednesday,11512,21.4
frame,lgw,Year 1, spring 3, Wednesday,11513,21.4
frame,lgw,Year 1, spring 3, Wednesday,11514,21.9
frame,lgw,Year 1, spring 3, Wednesday,11515,0.2
frame,lgw,Year 1, spring 3, Wednesday,11516,21.8
frame,lgw,Year 1, spring 3, Wednesday,11517,22.3
frame,lgw,Year 1, spring 3, Wednesday,11518,23.3
frame,lgw,Year 1, spring 3, Wednesday,11519,0.1
frame,lgw,Year 1, spring 3, Wednesday,11520,21.0
frame,lgw,Year 1, spring 3, Wednesday,11521,21.1
frame,lgw,Year 1, spring 3, Wednesday,11522,20.9
frame,lgw,Year 1, spring 3, Wednesday,11523,0.1
frame,lgw,Year 1, spring 3, Wednesday,11524,21.1
frame,lgw,Year 1, spring 3, Wednesday,11525,22.3
frame,lgw,Year 1, spring 3, Wednesday,11526,21.2
frame,lgw,Year 1, spring 3, Wednesday,11527,21.1
frame,lgw,Year 1, spring 3, Wednesday,11528,0.1
frame,lgw,Year 1, spring 3, Wednesday,11529,21.6
frame,lgw,Year 1, spring 3, Wednesday,11530,21.6
frame,lgw,Year 1, spring 3, Wednesday,11531,21.3
frame,lgw,Year 1, spring 3, Wednesday,11532,0.2
frame,lgw,Year 1, spring 3, Wednesday,11533,21.6
frame,lgw,Year 1, spring 3, Wednesday,11534,21.4
frame,lgw,Year 1, spring 3, Wednesday,11535,20.9
frame,lgw,Year 1, spring 3, Wednesday,11536,21.8
frame,lgw,Year 1, spring 3, Wednesday,11537,0.2
frame,lgw,Year 1, spring 3, Wednesday,11538,22.3
frame,lgw,Year 1, spring 3, Wednesday,11539,21.2
frame,lgw,Year 1, spring 3, Wednesday,11540,21.4
frame,lgw,Year 1, spring 3, Wednesday,11541,0.2
frame,lgw,Year 1, spring 3, Wednesday,11542,21.1
frame,lgw,Year 1, spring 3, Wednesday,11543,21.5
frame,lgw,Year 1, spring 3, Wednesday,11544,22.6
frame,lgw,Year 1, spring 3, Wednesday,11545,0.1
frame,lgw,Year 1, spring 3, Wednesday,11546,21.0
frame,lgw,Year 1, spring 3, Wednesday,11547,21.1
frame,lgw,Year 1, spring 3, Wednesday,11548,21.7
frame,lgw,Year 1, spring 3, Wednesday,11549,21.0
frame,lgw,Year 1, spring 3, Wednesday,11550,0.2
frame,lgw,Year 1, spring 3, Wednesday,11551,22.3
frame,lgw,Year 1, spring 3, Wednesday,11552,20.8
frame,lgw,Year 1, spring 3, Wednesday,11553,21.7
frame,lgw,Year 1, spring 3, Wednesday,11554,0.3
frame,lgw,Year 1, spring 3, Wednesday,11555,22.3
frame,lgw,Year 1, spring 3, Wednesday,11556,21.4
frame,lgw,Year 1, spring 3, Wednesday,11557,22.2
frame,lgw,Year 1, spring 3, Wednesday,11558,0.2
frame,lgw,Year 1, spring 3, Wednesday,11559,21.7
frame,lgw,Year 1, spring 3, Wednesday,11560,22.3
frame,lgw,Year 1, spring 3, Wednesday,11561,21.7
frame,lgw,Year 1, spring 3, Wednesday,11562,21.7
frame,lgw,Year 1, spring 3, Wednesday,11563,0.2
frame,lgw,Year 1, spring 3, Wednesday,11564,21.9
frame,lgw,Year 1, spring 3, Wednesday,11565,21.6
frame,lgw,Year 1, spring 3, Wednesday,11566,21.1
frame,lgw,Year 1, spring 3, Wednesday,11567,0.2
frame,lgw,Year 1, spring 3, Wednesday,11568,21.5
frame,lgw,Year 1, spring 3, Wednesday,11569,21.2
frame,lgw,Year 1, spring 3, Wednesday,11570,21.8
frame,lgw,Year 1, spring 3, Wednesday,11571,0.2
frame,lgw,Year 1, spring 3, Wednesday,11572,21.2
frame,lgw,Year 1, spring 3, Wednesday,11573,21.5
frame,lgw,Year 1, spring 3, Wednesday,11574,21.5
frame,lgw,Year 1, spring 3, Wednesday,11575,21.5
frame,lgw,Year 1, spring 3, Wednesday,11576,0.1
frame,lgw,Year 1, spring 3, Wednesday,11577,21.3
frame,lgw,Year 1, spring 3, Wednesday,11578,23.1
frame,lgw,Year 1, spring 3, Wednesday,11579,21.1
frame,lgw,Year 1, spring 3, Wednesday,11580,0.1
frame,lgw,Year 1, spring 3, Wednesday,11581,21.3
frame,lgw,Year 1, spring 3, Wednesday,11582,21.3
frame,lgw,Year 1, spring 3, Wednesday,11583,21.3
frame,lgw,Year 1, spring 3, Wednesday,11584,21.2
frame,lgw,Year 1, spring 3, Wednesday,11585,0.2
frame,lgw,Year 1, spring 3, Wednesday,11586,21.6
frame,lgw,Year 1, spring 3, Wednesday,11587,21.0
frame,lgw,Year 1, spring 3, Wednesday,11588,21.0
frame,lgw,Year 1, spring 3, Wednesday,11589,0.3
frame,lgw,Year 1, spring 3, Wednesday,11590,21.3
frame,lgw,Year 1, spring 3, Wednesday,11591,21.3
frame,lgw,Year 1, spring 3, Wednesday,11592,22.4
frame,lgw,Year 1, spring 3, Wednesday,11593,0.2
frame,lgw,Year 1, spring 3, Wednesday,11594,21.1
frame,lgw,Year 1, spring 3, Wednesday,11595,21.5
frame,lgw,Year 1, spring 3, Wednesday,11596,21.4
frame,lgw,Year 1, spring 3, Wednesday,11597,21.1
frame,lgw,Year 1, spring 3, Wednesday,11598,0.2
frame,lgw,Year 1, spring 3, Wednesday,11599,21.2
frame,lgw,Year 1, spring 3, Wednesday,11600,21.7
frame,lgw,Year 1, spring 3, Wednesday,11601,21.2
frame,lgw,Year 1, spring 3, Wednesday,11602,21.1
frame,lgw,Year 1, spring 3, Wednesday,11603,0.1
frame,lgw,Year 1, spring 3, Wednesday,11604,20.9
frame,lgw,Year 1, spring 3, Wednesday,11605,21.8
frame,lgw,Year 1, spring 3, Wednesday,11606,22.2
frame,lgw,Year 1, spring 3, Wednesday,11607,0.1
frame,lgw,Year 1, spring 3, Wednesday,11608,21.6
frame,lgw,Year 1, spring 3, Wednesday,11609,21.1
frame,lgw,Year 1, spring 3, Wednesday,11610,21.0
frame,lgw,Year 1, spring 3, Wednesday,11611,22.0
frame,lgw,Year 1, spring 3, Wednesday,11612,0.2
frame,lgw,Year 1, spring 3, Wednesday,11613,21.6
frame,lgw,Year 1, spring 3, Wednesday,11614,22.1
frame,lgw,Year 1, spring 3, Wednesday,11615,20.9
frame,lgw,Year 1, spring 3, Wednesday,11616,0.1
frame,lgw,Year 1, spring 3, Wednesday,11617,20.9
frame,lgw,Year 1, spring 3, Wednesday,11618,21.3
frame,lgw,Year 1, spring 3, Wednesday,11619,20.8
frame,lgw,Year 1, spring 3, Wednesday,11620,21.2
frame,lgw,Year 1, spring 3, Wednesday,11621,0.1
frame,lgw,Year 1, spring 3, Wednesday,11622,21.2
frame,lgw,Year 1, spring 3, Wednesday,11623,21.1
frame,lgw,Year 1, spring 3, Wednesday,11624,21.3
frame,lgw,Year 1, spring 3, Wednesday,11625,0.1
frame,lgw,Year 1, spring 3, Wednesday,11626,21.1
frame,lgw,Year 1, spring 3, Wednesday,11627,23.4
frame,lgw,Year 1, spring 3, Wednesday,11628,21.5
frame,lgw,Year 1, spring 3, Wednesday,11629,0.2
frame,lgw,Year 1, spring 3, Wednesday,11630,21.5
frame,lgw,Year 1, spring 3, Wednesday,11631,21.1
frame,lgw,Year 1, spring 3, Wednesday,11632,21.3
frame,lgw,Year 1, spring 3, Wednesday,11633,21.8
frame,lgw,Year 1, spring 3, Wednesday,11634,0.2
frame,lgw,Year 1, spring 3, Wednesday,11635,22.7
frame,lgw,Year 1, spring 3, Wednesday,11636,22.2
frame,lgw,Year 1, spring 3, Wednesday,11637,21.8
frame,lgw,Year 1, spring 3, Wednesday,11638,0.1
frame,lgw,Year 1, spring 3, Wednesday,11639,21.4
frame,lgw,Year 1, spring 3, Wednesday,11640,21.2
frame,lgw,Year 1, spring 3, Wednesday,11641,21.0
frame,lgw,Year 1, spring 3, Wednesday,11642,0.1
frame,lgw,Year 1, spring 3, Wednesday,11643,21.3
frame,lgw,Year 1, spring 3, Wednesday,11644,21.2
frame,lgw,Year 1, spring 3, Wednesday,11645,21.0
frame,lgw,Year 1, spring 3, Wednesday,11646,20.8
frame,lgw,Year 1, spring 3, Wednesday,11647,0.1
frame,lgw,Year 1, spring 3, Wednesday,11648,21.2
frame,lgw,Year 1, spring 3, Wednesday,11649,21.2
frame,lgw,Year 1, spring 3, Wednesday,11650,21.6
frame,lgw,Year 1, spring 3, Wednesday,11651,21.2
frame,lgw,Year 1, spring 3, Wednesday,11652,0.1
frame,lgw,Year 1, spring 3, Wednesday,11653,21.6
frame,lgw,Year 1, spring 3, Wednesday,11654,21.2
frame,lgw,Year 1, spring 3, Wednesday,11655,21.0
frame,lgw,Year 1, spring 3, Wednesday,11656,0.1
frame,lgw,Year 1, spring 3, Wednesday,11657,21.3
frame,lgw,Year 1, spring 3, Wednesday,11658,21.4
frame,lgw,Year 1, spring 3, Wednesday,11659,21.2
frame,lgw,Year 1, spring 3, Wednesday,11660,21.0
frame,lgw,Year 1, spring 3, Wednesday,11661,0.1
frame,lgw,Year 1, spring 3, Wednesday,11662,21.4
frame,lgw,Year 1, spring 3, Wednesday,11663,21.3
frame,lgw,Year 1, spring 3, Wednesday,11664,20.8
frame,lgw,Year 1, spring 3, Wednesday,11665,20.9
frame,lgw,Year 1, spring 3, Wednesday,11666,0.1
frame,lgw,Year 1, spring 3, Wednesday,11667,21.1
frame,lgw,Year 1, spring 3, Wednesday,11668,21.2
frame,lgw,Year 1, spring 3, Wednesday,11669,21.2
frame,lgw,Year 1, spring 3, Wednesday,11670,0.2
frame,lgw,Year 1, spring 3, Wednesday,11671,20.9
frame,lgw,Year 1, spring 3, Wednesday,11672,22.1
frame,lgw,Year 1, spring 3, Wednesday,11673,21.2
frame,lgw,Year 1, spring 3, Wednesday,11674,21.2
frame,lgw,Year 1, spring 3, Wednesday,11675,0.2
frame,lgw,Year 1, spring 3, Wednesday,11676,21.2
frame,lgw,Year 1, spring 3, Wednesday,11677,21.1
frame,lgw,Year 1, spring 3, Wednesday,11678,21.0
frame,lgw,Year 1, spring 3, Wednesday,11679,21.2
frame,lgw,Year 1, spring 3, Wednesday,11680,0.1
frame,lgw,Year 1, spring 3, Wednesday,11681,21.6
frame,lgw,Year 1, spring 3, Wednesday,11682,21.1
frame,lgw,Year 1, spring 3, Wednesday,11683,20.9
frame,lgw,Year 1, spring 3, Wednesday,11684,0.1
frame,lgw,Year 1, spring 3, Wednesday,11685,21.7
frame,lgw,Year 1, spring 3, Wednesday,11686,21.4
frame,lgw,Year 1, spring 3, Wednesday,11687,21.4
frame,lgw,Year 1, spring 3, Wednesday,11688,21.0
frame,lgw,Year 1, spring 3, Wednesday,11689,0.1
frame,lgw,Year 1, spring 3, Wednesday,11690,21.7
frame,lgw,Year 1, spring 3, Wednesday,11691,21.0
frame,lgw,Year 1, spring 3, Wednesday,11692,21.8
frame,lgw,Year 1, spring 3, Wednesday,11693,0.2
frame,lgw,Year 1, spring 3, Wednesday,11694,21.3
frame,lgw,Year 1, spring 3, Wednesday,11695,21.3
frame,lgw,Year 1, spring 3, Wednesday,11696,21.6
frame,lgw,Year 1, spring 3, Wednesday,11697,21.0
frame,lgw,Year 1, spring 3, Wednesday,11698,0.1
frame,lgw,Year 1, spring 3, Wednesday,11699,20.9
frame,lgw,Year 1, spring 3, Wednesday,11700,21.2
frame,lgw,Year 1, spring 3, Wednesday,11701,21.6
frame,lgw,Year 1, spring 3, Wednesday,11702,0.1
frame,lgw,Year 1, spring 3, Wednesday,11703,21.8
frame,lgw,Year 1, spring 3, Wednesday,11704,21.3
frame,lgw,Year 1, spring 3, Wednesday,11705,20.8
frame,lgw,Year 1, spring 3, Wednesday,11706,21.0
frame,lgw,Year 1, spring 3, Wednesday,11707,0.1
frame,lgw,Year 1, spring 3, Wednesday,11708,21.0
frame,lgw,Year 1, spring 3, Wednesday,11709,21.6
frame,lgw,Year 1, spring 3, Wednesday,11710,21.8
frame,lgw,Year 1, spring 3, Wednesday,11711,0.1
frame,lgw,Year 1, spring 3, Wednesday,11712,21.0
frame,lgw,Year 1, spring 3, Wednesday,11713,20.9
frame,lgw,Year 1, spring 3, Wednesday,11714,20.7
frame,lgw,Year 1, spring 3, Wednesday,11715,20.9
frame,lgw,Year 1, spring 3, Wednesday,11716,0.1
frame,lgw,Year 1, spring 3, Wednesday,11717,20.8
frame,lgw,Year 1, spring 3, Wednesday,11718,22.6
frame,lgw,Year 1, spring 3, Wednesday,11719,21.8
frame,lgw,Year 1, spring 3, Wednesday,11720,21.0
frame,lgw,Year 1, spring 3, Wednesday,11721,0.3
frame,lgw,Year 1, spring 3, Wednesday,11722,21.5
frame,lgw,Year 1, spring 3, Wednesday,11723,20.9
frame,lgw,Year 1, spring 3, Wednesday,11724,22.1
frame,lgw,Year 1, spring 3, Wednesday,11725,0.1
frame,lgw,Year 1, spring 3, Wednesday,11726,21.2
frame,lgw,Year 1, spring 3, Wednesday,11727,21.2
frame,lgw,Year 1, spring 3, Wednesday,11728,21.1
frame,lgw,Year 1, spring 3, Wednesday,11729,21.0
frame,lgw,Year 1, spring 3, Wednesday,11730,0.1
frame,lgw,Year 1, spring 3, Wednesday,11731,21.7
frame,lgw,Year 1, spring 3, Wednesday,11732,22.4
frame,lgw,Year 1, spring 3, Wednesday,11733,21.4
frame,lgw,Year 1, spring 3, Wednesday,11734,0.1
frame,lgw,Year 1, spring 3, Wednesday,11735,20.8
frame,lgw,Year 1, spring 3, Wednesday,11736,21.3
frame,lgw,Year 1, spring 3, Wednesday,11737,21.4
frame,lgw,Year 1, spring 3, Wednesday,11738,23.4
frame,lgw,Year 1, spring 3, Wednesday,11739,0.1
frame,lgw,Year 1, spring 3, Wednesday,11740,20.9
frame,lgw,Year 1, spring 3, Wednesday,11741,21.2
frame,lgw,Year 1, spring 3, Wednesday,11742,21.4
frame,lgw,Year 1, spring 3, Wednesday,11743,0.1
frame,lgw,Year 1, spring 3, Wednesday,11744,21.1
frame,lgw,Year 1, spring 3, Wednesday,11745,22.0
frame,lgw,Year 1, spring 3, Wednesday,11746,21.1
frame,lgw,Year 1, spring 3, Wednesday,11747,0.2
frame,lgw,Year 1, spring 3, Wednesday,11748,21.2
frame,lgw,Year 1, spring 3, Wednesday,11749,21.2
frame,lgw,Year 1, spring 3, Wednesday,11750,20.7
frame,lgw,Year 1, spring 3, Wednesday,11751,21.4
frame,lgw,Year 1, spring 3, Wednesday,11752,0.1
frame,lgw,Year 1, spring 3, Wednesday,11753,20.9
frame,lgw,Year 1, spring 3, Wednesday,11754,21.0
frame,lgw,Year 1, spring 3, Wednesday,11755,21.4
frame,lgw,Year 1, spring 3, Wednesday,11756,21.8
frame,lgw,Year 1, spring 3, Wednesday,11757,0.2
frame,lgw,Year 1, spring 3, Wednesday,11758,21.2
frame,lgw,Year 1, spring 3, Wednesday,11759,21.6
frame,lgw,Year 1, spring 3, Wednesday,11760,21.4
frame,lgw,Year 1, spring 3, Wednesday,11761,0.2
frame,lgw,Year 1, spring 3, Wednesday,11762,21.3
frame,lgw,Year 1, spring 3, Wednesday,11763,22.1
frame,lgw,Year 1, spring 3, Wednesday,11764,21.9
frame,lgw,Year 1, spring 3, Wednesday,11765,22.0
frame,lgw,Year 1, spring 3, Wednesday,11766,0.1
frame,lgw,Year 1, spring 3, Wednesday,11767,21.0
frame,lgw,Year 1, spring 3, Wednesday,11768,23.0
frame,lgw,Year 1, spring 3, Wednesday,11769,21.1
frame,lgw,Year 1, spring 3, Wednesday,11770,0.3
frame,lgw,Year 1, spring 3, Wednesday,11771,21.7
frame,lgw,Year 1, spring 3, Wednesday,11772,20.8
frame,lgw,Year 1, spring 3, Wednesday,11773,21.4
frame,lgw,Year 1, spring 3, Wednesday,11774,0.1
frame,lgw,Year 1, spring 3, Wednesday,11775,21.8
frame,lgw,Year 1, spring 3, Wednesday,11776,21.7
frame,lgw,Year 1, spring 3, Wednesday,11777,21.4
frame,lgw,Year 1, spring 3, Wednesday,11778,21.2
frame,lgw,Year 1, spring 3, Wednesday,11779,0.2
frame,lgw,Year 1, spring 3, Wednesday,11780,21.7
frame,lgw,Year 1, spring 3, Wednesday,11781,21.1
frame,lgw,Year 1, spring 3, Wednesday,11782,20.9
frame,lgw,Year 1, spring 3, Wednesday,11783,0.2
frame,lgw,Year 1, spring 3, Wednesday,11784,21.2
frame,lgw,Year 1, spring 3, Wednesday,11785,21.4
frame,lgw,Year 1, spring 3, Wednesday,11786,21.2
frame,lgw,Year 1, spring 3, Wednesday,11787,21.7
frame,lgw,Year 1, spring 3, Wednesday,11788,0.2
frame,lgw,Year 1, spring 3, Wednesday,11789,21.2
frame,lgw,Year 1, spring 3, Wednesday,11790,21.8
frame,lgw,Year 1, spring 3, Wednesday,11791,21.1
frame,lgw,Year 1, spring 3, Wednesday,11792,0.1
frame,lgw,Year 1, spring 3, Wednesday,11793,21.2
frame,lgw,Year 1, spring 3, Wednesday,11794,20.8
frame,lgw,Year 1, spring 3, Wednesday,11795,21.2
frame,lgw,Year 1, spring 3, Wednesday,11796,21.0
frame,lgw,Year 1, spring 3, Wednesday,11797,0.2
frame,lgw,Year 1, spring 3, Wednesday,11798,21.1
frame,lgw,Year 1, spring 3, Wednesday,11799,20.8
frame,lgw,Year 1, spring 3, Wednesday,11800,21.8
frame,lgw,Year 1, spring 3, Wednesday,11801,20.9
frame,lgw,Year 1, spring 3, Wednesday,11802,0.1
frame,lgw,Year 1, spring 3, Wednesday,11803,22.3
frame,lgw,Year 1, spring 3, Wednesday,11804,21.7
frame,lgw,Year 1, spring 3, Wednesday,11805,21.3
frame,lgw,Year 1, spring 3, Wednesday,11806,0.1
frame,lgw,Year 1, spring 3, Wednesday,11807,21.2
frame,lgw,Year 1, spring 3, Wednesday,11808,21.8
frame,lgw,Year 1, spring 3, Wednesday,11809,21.5
frame,lgw,Year 1, spring 3, Wednesday,11810,0.2
frame,lgw,Year 1, spring 3, Wednesday,11811,21.8
frame,lgw,Year 1, spring 3, Wednesday,11812,38.3
frame,lgw,Year 1, spring 3, Wednesday,11813,0.1
frame,lgw,Year 1, spring 3, Wednesday,11814,21.5
frame,lgw,Year 1, spring 3, Wednesday,11815,22.1
frame,lgw,Year 1, spring 3, Wednesday,11816,0.2
frame,lgw,Year 1, spring 3, Wednesday,11817,21.6
frame,lgw,Year 1, spring 3, Wednesday,11818,21.7
frame,lgw,Year 1, spring 3, Wednesday,11819,21.1
frame,lgw,Year 1, spring 3, Wednesday,11820,0.1
frame,lgw,Year 1, spring 3, Wednesday,11821,21.1
frame,lgw,Year 1, spring 3, Wednesday,11822,21.6
frame,lgw,Year 1, spring 3, Wednesday,11823,21.6
frame,lgw,Year 1, spring 3, Wednesday,11824,0.1
frame,lgw,Year 1, spring 3, Wednesday,11825,21.0
frame,lgw,Year 1, spring 3, Wednesday,11826,21.2
frame,lgw,Year 1, spring 3, Wednesday,11827,20.9
frame,lgw,Year 1, spring 3, Wednesday,11828,20.9
frame,lgw,Year 1, spring 3, Wednesday,11829,0.3
frame,lgw,Year 1, spring 3, Wednesday,11830,21.1
frame,lgw,Year 1, spring 3, Wednesday,11831,21.7
frame,lgw,Year 1, spring 3, Wednesday,11832,21.6
frame,lgw,Year 1, spring 3, Wednesday,11833,21.2
frame,lgw,Year 1, spring 3, Wednesday,11834,0.1
frame,lgw,Year 1, spring 3, Wednesday,11835,21.2
frame,lgw,Year 1, spring 3, Wednesday,11836,22.8
frame,lgw,Year 1, spring 3, Wednesday,11837,21.7
frame,lgw,Year 1, spring 3, Wednesday,11838,0.1
frame,lgw,Year 1, spring 3, Wednesday,11839,21.1
frame,lgw,Year 1, spring 3, Wednesday,11840,21.4
frame,lgw,Year 1, spring 3, Wednesday,11841,21.0
frame,lgw,Year 1, spring 3, Wednesday,11842,21.9
frame,lgw,Year 1, spring 3, Wednesday,11843,0.1
frame,lgw,Year 1, spring 3, Wednesday,11844,21.3
frame,lgw,Year 1, spring 3, Wednesday,11845,21.1
frame,lgw,Year 1, spring 3, Wednesday,11846,20.7
frame,lgw,Year 1, spring 3, Wednesday,11847,0.1
frame,lgw,Year 1, spring 3, Wednesday,11848,20.9
frame,lgw,Year 1, spring 3, Wednesday,11849,20.9
frame,lgw,Year 1, spring 3, Wednesday,11850,21.0
frame,lgw,Year 1, spring 3, Wednesday,11851,21.1
frame,lgw,Year 1, spring 3, Wednesday,11852,0.1
frame,lgw,Year 1, spring 3, Wednesday,11853,21.3
frame,lgw,Year 1, spring 3, Wednesday,11854,21.7
frame,lgw,Year 1, spring 3, Wednesday,11855,22.5
frame,lgw,Year 1, spring 3, Wednesday,11856,2.3
frame,lgw,Year 1, spring 3, Wednesday,11857,29.3
frame,lgw,Year 1, spring 3, Wednesday,11858,22.4
frame,lgw,Year 1, spring 3, Wednesday,11859,0.3
frame,lgw,Year 1, spring 3, Wednesday,11860,21.9
frame,lgw,Year 1, spring 3, Wednesday,11861,21.2
frame,lgw,Year 1, spring 3, Wednesday,11862,21.4
frame,lgw,Year 1, spring 3, Wednesday,11863,0.3
frame,lgw,Year 1, spring 3, Wednesday,11864,21.5
frame,lgw,Year 1, spring 3, Wednesday,11865,21.1
frame,lgw,Year 1, spring 3, Wednesday,11866,21.2
frame,lgw,Year 1, spring 3, Wednesday,11867,0.1
frame,lgw,Year 1, spring 3, Wednesday,11868,21.2
frame,lgw,Year 1, spring 3, Wednesday,11869,21.8
frame,lgw,Year 1, spring 3, Wednesday,11870,21.5
frame,lgw,Year 1, spring 3, Wednesday,11871,21.0
frame,lgw,Year 1, spring 3, Wednesday,11872,0.6
frame,lgw,Year 1, spring 3, Wednesday,11873,22.0
frame,lgw,Year 1, spring 3, Wednesday,11874,21.7
frame,lgw,Year 1, spring 3, Wednesday,11875,21.1
frame,lgw,Year 1, spring 3, Wednesday,11876,0.1
frame,lgw,Year 1, spring 3, Wednesday,11877,20.9
frame,lgw,Year 1, spring 3, Wednesday,11878,21.1
frame,lgw,Year 1, spring 3, Wednesday,11879,21.1
frame,lgw,Year 1, spring 3, Wednesday,11880,20.9
frame,lgw,Year 1, spring 3, Wednesday,11881,0.2
frame,lgw,Year 1, spring 3, Wednesday,11882,21.3
frame,lgw,Year 1, spring 3, Wednesday,11883,21.7
frame,lgw,Year 1, spring 3, Wednesday,11884,21.4
frame,lgw,Year 1, spring 3, Wednesday,11885,0.2
frame,lgw,Year 1, spring 3, Wednesday,11886,21.1
frame,lgw,Year 1, spring 3, Wednesday,11887,21.4
frame,lgw,Year 1, spring 3, Wednesday,11888,21.1
frame,lgw,Year 1, spring 3, Wednesday,11889,21.7
frame,lgw,Year 1, spring 3, Wednesday,11890,0.2
frame,lgw,Year 1, spring 3, Wednesday,11891,21.6
frame,lgw,Year 1, spring 3, Wednesday,11892,21.8
frame,lgw,Year 1, spring 3, Wednesday,11893,20.9
frame,lgw,Year 1, spring 3, Wednesday,11894,0.1
frame,lgw,Year 1, spring 3, Wednesday,11895,21.3
frame,lgw,Year 1, spring 3, Wednesday,11896,21.8
frame,lgw,Year 1, spring 3, Wednesday,11897,21.7
frame,lgw,Year 1, spring 3, Wednesday,11898,21.4
frame,lgw,Year 1, spring 3, Wednesday,11899,0.1
frame,lgw,Year 1, spring 3, Wednesday,11900,21.2
frame,lgw,Year 1, spring 3, Wednesday,11901,22.1
frame,lgw,Year 1, spring 3, Wednesday,11902,21.4
frame,lgw,Year 1, spring 3, Wednesday,11903,0.3
frame,lgw,Year 1, spring 3, Wednesday,11904,21.9
frame,lgw,Year 1, spring 3, Wednesday,11905,21.3
frame,lgw,Year 1, spring 3, Wednesday,11906,21.1
frame,lgw,Year 1, spring 3, Wednesday,11907,20.9
frame,lgw,Year 1, spring 3, Wednesday,11908,0.1
frame,lgw,Year 1, spring 3, Wednesday,11909,20.9
frame,lgw,Year 1, spring 3, Wednesday,11910,21.2
frame,lgw,Year 1, spring 3, Wednesday,11911,21.0
frame,lgw,Year 1, spring 3, Wednesday,11912,0.1
frame,lgw,Year 1, spring 3, Wednesday,11913,20.7
frame,lgw,Year 1, spring 3, Wednesday,11914,21.2
frame,lgw,Year 1, spring 3, Wednesday,11915,21.8
frame,lgw,Year 1, spring 3, Wednesday,11916,21.0
frame,lgw,Year 1, spring 3, Wednesday,11917,0.1
frame,lgw,Year 1, spring 3, Wednesday,11918,21.2
frame,lgw,Year 1, spring 3, Wednesday,11919,21.4
frame,lgw,Year 1, spring 3, Wednesday,11920,21.2
frame,lgw,Year 1, spring 3, Wednesday,11921,21.4
frame,lgw,Year 1, spring 3, Wednesday,11922,0.2
frame,lgw,Year 1, spring 3, Wednesday,11923,21.0
frame,lgw,Year 1, spring 3, Wednesday,11924,21.7
frame,lgw,Year 1, spring 3, Wednesday,11925,21.3
frame,lgw,Year 1, spring 3, Wednesday,11926,0.1
frame,lgw,Year 1, spring 3, Wednesday,11927,21.1
frame,lgw,Year 1, spring 3, Wednesday,11928,21.4
frame,lgw,Year 1, spring 3, Wednesday,11929,21.2
frame,lgw,Year 1, spring 3, Wednesday,11930,21.4
frame,lgw,Year 1, spring 3, Wednesday,11931,0.3
frame,lgw,Year 1, spring 3, Wednesday,11932,22.0
frame,lgw,Year 1, spring 3, Wednesday,11933,21.8
frame,lgw,Year 1, spring 3, Wednesday,11934,21.1
frame,lgw,Year 1, spring 3, Wednesday,11935,0.1
frame,lgw,Year 1, spring 3, Wednesday,11936,21.6
frame,lgw,Year 1, spring 3, Wednesday,11937,21.7
frame,lgw,Year 1, spring 3, Wednesday,11938,21.9
frame,lgw,Year 1, spring 3, Wednesday,11939,20.9
frame,lgw,Year 1, spring 3, Wednesday,11940,0.2
frame,lgw,Year 1, spring 3, Wednesday,11941,21.4
frame,lgw,Year 1, spring 3, Wednesday,11942,21.5
frame,lgw,Year 1, spring 3, Wednesday,11943,21.4
frame,lgw,Year 1, spring 3, Wednesday,11944,0.1
frame,lgw,Year 1, spring 3, Wednesday,11945,21.0
frame,lgw,Year 1, spring 3, Wednesday,11946,21.2
frame,lgw,Year 1, spring 3, Wednesday,11947,21.3
frame,lgw,Year 1, spring 3, Wednesday,11948,22.3
frame,lgw,Year 1, spring 3, Wednesday,11949,0.1
frame,lgw,Year 1, spring 3, Wednesday,11950,21.9
frame,lgw,Year 1, spring 3, Wednesday,11951,21.2
frame,lgw,Year 1, spring 3, Wednesday,11952,21.2
frame,lgw,Year 1, spring 3, Wednesday,11953,0.2
frame,lgw,Year 1, spring 3, Wednesday,11954,21.3
frame,lgw,Year 1, spring 3, Wednesday,11955,21.2
frame,lgw,Year 1, spring 3, Wednesday,11956,21.2
frame,lgw,Year 1, spring 3, Wednesday,11957,21.4
frame,lgw,Year 1, spring 3, Wednesday,11958,0.2
frame,lgw,Year 1, spring 3, Wednesday,11959,21.0
frame,lgw,Year 1, spring 3, Wednesday,11960,21.7
frame,lgw,Year 1, spring 3, Wednesday,11961,21.0
frame,lgw,Year 1, spring 3, Wednesday,11962,0.1
frame,lgw,Year 1, spring 3, Wednesday,11963,21.2
frame,lgw,Year 1, spring 3, Wednesday,11964,21.3
frame,lgw,Year 1, spring 3, Wednesday,11965,21.7
frame,lgw,Year 1, spring 3, Wednesday,11966,21.0
frame,lgw,Year 1, spring 3, Wednesday,11967,0.1
frame,lgw,Year 1, spring 3, Wednesday,11968,21.5
frame,lgw,Year 1, spring 3, Wednesday,11969,21.3
frame,lgw,Year 1, spring 3, Wednesday,11970,20.8
frame,lgw,Year 1, spring 3, Wednesday,11971,0.1
frame,lgw,Year 1, spring 3, Wednesday,11972,20.8
frame,lgw,Year 1, spring 3, Wednesday,11973,20.9
frame,lgw,Year 1, spring 3, Wednesday,11974,21.1
frame,lgw,Year 1, spring 3, Wednesday,11975,20.9
frame,lgw,Year 1, spring 3, Wednesday,11976,0.2
frame,lgw,Year 1, spring 3, Wednesday,11977,21.5
frame,lgw,Year 1, spring 3, Wednesday,11978,21.0
frame,lgw,Year 1, spring 3, Wednesday,11979,21.1
frame,lgw,Year 1, spring 3, Wednesday,11980,21.5
frame,lgw,Year 1, spring 3, Wednesday,11981,0.1
frame,lgw,Year 1, spring 3, Wednesday,11982,21.2
frame,lgw,Year 1, spring 3, Wednesday,11983,21.5
frame,lgw,Year 1, spring 3, Wednesday,11984,22.0
frame,lgw,Year 1, spring 3, Wednesday,11985,0.1
frame,lgw,Year 1, spring 3, Wednesday,11986,21.2
frame,lgw,Year 1, spring 3, Wednesday,11987,21.0
frame,lgw,Year 1, spring 3, Wednesday,11988,21.2
frame,lgw,Year 1, spring 3, Wednesday,11989,21.2
frame,lgw,Year 1, spring 3, Wednesday,11990,0.1
frame,lgw,Year 1, spring 3, Wednesday,11991,21.8
frame,lgw,Year 1, spring 3, Wednesday,11992,21.0
frame,lgw,Year 1, spring 3, Wednesday,11993,21.0
frame,lgw,Year 1, spring 3, Wednesday,11994,0.1
frame,lgw,Year 1, spring 3, Wednesday,11995,21.6
frame,lgw,Year 1, spring 3, Wednesday,11996,20.9
frame,lgw,Year 1, spring 3, Wednesday,11997,21.1
frame,lgw,Year 1, spring 3, Wednesday,11998,21.4
frame,lgw,Year 1, spring 3, Wednesday,11999,0.1
switch,lgw,Year 1, spring 3, Wednesday,930,17.2
switchdetail,lgw,Year 1, spring 3, Wednesday,920,0,0.0
lag,lgw,Year 1, spring 3, Wednesday,13197,76.2
lag,lgw,Year 1, spring 3, Wednesday,13238,186.6
lag,lgw,Year 1, spring 3, Wednesday,13249,55.8
lag,lgw,Year 1, spring 3, Wednesday,14131,65.3
lag,lgw,Year 1, spring 3, Wednesday,14215,84.2
lag,lgw,Year 1, spring 3, Wednesday,14307,56.1
lag,lgw,Year 1, spring 3, Wednesday,14324,70.3
lag,lgw,Year 1, spring 3, Wednesday,16191,87.7
lag,lgw,Year 1, spring 3, Wednesday,16941,189.2
frame,lgw,Year 1, spring 3, Wednesday,17120,21.0
frame,lgw,Year 1, spring 3, Wednesday,17121,21.6
frame,lgw,Year 1, spring 3, Wednesday,17122,21.1
frame,lgw,Year 1, spring 3, Wednesday,17123,20.9
frame,lgw,Year 1, spring 3, Wednesday,17124,0.1
frame,lgw,Year 1, spring 3, Wednesday,17125,21.1
frame,lgw,Year 1, spring 3, Wednesday,17126,20.8
frame,lgw,Year 1, spring 3, Wednesday,17127,21.2
frame,lgw,Year 1, spring 3, Wednesday,17128,21.7
frame,lgw,Year 1, spring 3, Wednesday,17129,0.2
frame,lgw,Year 1, spring 3, Wednesday,17130,21.9
frame,lgw,Year 1, spring 3, Wednesday,17131,21.0
frame,lgw,Year 1, spring 3, Wednesday,17132,21.2
frame,lgw,Year 1, spring 3, Wednesday,17133,0.1
frame,lgw,Year 1, spring 3, Wednesday,17134,21.0
frame,lgw,Year 1, spring 3, Wednesday,17135,21.3
frame,lgw,Year 1, spring 3, Wednesday,17136,20.8
frame,lgw,Year 1, spring 3, Wednesday,17137,21.0
frame,lgw,Year 1, spring 3, Wednesday,17138,0.1
frame,lgw,Year 1, spring 3, Wednesday,17139,21.1
frame,lgw,Year 1, spring 3, Wednesday,17140,20.9
frame,lgw,Year 1, spring 3, Wednesday,17141,20.8
frame,lgw,Year 1, spring 3, Wednesday,17142,21.0
frame,lgw,Year 1, spring 3, Wednesday,17143,0.1
frame,lgw,Year 1, spring 3, Wednesday,17144,21.3
frame,lgw,Year 1, spring 3, Wednesday,17145,21.0
frame,lgw,Year 1, spring 3, Wednesday,17146,21.3
frame,lgw,Year 1, spring 3, Wednesday,17147,21.3
frame,lgw,Year 1, spring 3, Wednesday,17148,0.3
frame,lgw,Year 1, spring 3, Wednesday,17149,21.6
frame,lgw,Year 1, spring 3, Wednesday,17150,21.3
frame,lgw,Year 1, spring 3, Wednesday,17151,21.0
frame,lgw,Year 1, spring 3, Wednesday,17152,0.1
frame,lgw,Year 1, spring 3, Wednesday,17153,21.0
frame,lgw,Year 1, spring 3, Wednesday,17154,21.0
frame,lgw,Year 1, spring 3, Wednesday,17155,21.3
frame,lgw,Year 1, spring 3, Wednesday,17156,21.4
frame,lgw,Year 1, spring 3, Wednesday,17157,0.1
frame,lgw,Year 1, spring 3, Wednesday,17158,21.0
frame,lgw,Year 1, spring 3, Wednesday,17159,21.0
frame,lgw,Year 1, spring 3, Wednesday,17160,21.1
frame,lgw,Year 1, spring 3, Wednesday,17161,21.0
frame,lgw,Year 1, spring 3, Wednesday,17162,0.1
frame,lgw,Year 1, spring 3, Wednesday,17163,21.1
frame,lgw,Year 1, spring 3, Wednesday,17164,21.2
frame,lgw,Year 1, spring 3, Wednesday,17165,21.2
frame,lgw,Year 1, spring 3, Wednesday,17166,0.1
frame,lgw,Year 1, spring 3, Wednesday,17167,22.1
frame,lgw,Year 1, spring 3, Wednesday,17168,21.1
frame,lgw,Year 1, spring 3, Wednesday,17169,21.1
frame,lgw,Year 1, spring 3, Wednesday,17170,20.6
frame,lgw,Year 1, spring 3, Wednesday,17171,0.1
frame,lgw,Year 1, spring 3, Wednesday,17172,20.6
frame,lgw,Year 1, spring 3, Wednesday,17173,21.2
frame,lgw,Year 1, spring 3, Wednesday,17174,21.2
frame,lgw,Year 1, spring 3, Wednesday,17175,20.8
frame,lgw,Year 1, spring 3, Wednesday,17176,0.2
frame,lgw,Year 1, spring 3, Wednesday,17177,21.1
frame,lgw,Year 1, spring 3, Wednesday,17178,21.5
frame,lgw,Year 1, spring 3, Wednesday,17179,21.5
frame,lgw,Year 1, spring 3, Wednesday,17180,0.3
frame,lgw,Year 1, spring 3, Wednesday,17181,21.2
frame,lgw,Year 1, spring 3, Wednesday,17182,21.2
frame,lgw,Year 1, spring 3, Wednesday,17183,21.1
frame,lgw,Year 1, spring 3, Wednesday,17184,21.4
frame,lgw,Year 1, spring 3, Wednesday,17185,0.1
frame,lgw,Year 1, spring 3, Wednesday,17186,22.2
frame,lgw,Year 1, spring 3, Wednesday,17187,22.1
frame,lgw,Year 1, spring 3, Wednesday,17188,21.0
frame,lgw,Year 1, spring 3, Wednesday,17189,0.2
frame,lgw,Year 1, spring 3, Wednesday,17190,22.0
frame,lgw,Year 1, spring 3, Wednesday,17191,21.2
frame,lgw,Year 1, spring 3, Wednesday,17192,21.1
frame,lgw,Year 1, spring 3, Wednesday,17193,21.5
frame,lgw,Year 1, spring 3, Wednesday,17194,0.1
frame,lgw,Year 1, spring 3, Wednesday,17195,21.4
frame,lgw,Year 1, spring 3, Wednesday,17196,21.7
frame,lgw,Year 1, spring 3, Wednesday,17197,20.9
frame,lgw,Year 1, spring 3, Wednesday,17198,0.3
frame,lgw,Year 1, spring 3, Wednesday,17199,20.8
frame,lgw,Year 1, spring 3, Wednesday,17200,21.1
frame,lgw,Year 1, spring 3, Wednesday,17201,21.4
frame,lgw,Year 1, spring 3, Wednesday,17202,21.0
frame,lgw,Year 1, spring 3, Wednesday,17203,0.1
frame,lgw,Year 1, spring 3, Wednesday,17204,21.2
frame,lgw,Year 1, spring 3, Wednesday,17205,21.0
frame,lgw,Year 1, spring 3, Wednesday,17206,22.3
frame,lgw,Year 1, spring 3, Wednesday,17207,22.4
frame,lgw,Year 1, spring 3, Wednesday,17208,1.6
frame,lgw,Year 1, spring 3, Wednesday,17209,26.4
frame,lgw,Year 1, spring 3, Wednesday,17210,0.4
frame,lgw,Year 1, spring 3, Wednesday,17211,21.4
frame,lgw,Year 1, spring 3, Wednesday,17212,20.9
frame,lgw,Year 1, spring 3, Wednesday,17213,21.3
frame,lgw,Year 1, spring 3, Wednesday,17214,21.1
frame,lgw,Year 1, spring 3, Wednesday,17215,0.2
frame,lgw,Year 1, spring 3, Wednesday,17216,21.5
frame,lgw,Year 1, spring 3, Wednesday,17217,21.3
frame,lgw,Year 1, spring 3, Wednesday,17218,21.7
frame,lgw,Year 1, spring 3, Wednesday,17219,0.3
frame,lgw,Year 1, spring 3, Wednesday,17220,21.2
frame,lgw,Year 1, spring 3, Wednesday,17221,21.3
frame,lgw,Year 1, spring 3, Wednesday,17222,20.8
frame,lgw,Year 1, spring 3, Wednesday,17223,20.9
frame,lgw,Year 1, spring 3, Wednesday,17224,0.2
frame,lgw,Year 1, spring 3, Wednesday,17225,21.4
frame,lgw,Year 1, spring 3, Wednesday,17226,20.9
frame,lgw,Year 1, spring 3, Wednesday,17227,21.2
frame,lgw,Year 1, spring 3, Wednesday,17228,21.3
frame,lgw,Year 1, spring 3, Wednesday,17229,0.4
frame,lgw,Year 1, spring 3, Wednesday,17230,22.0
frame,lgw,Year 1, spring 3, Wednesday,17231,21.2
frame,lgw,Year 1, spring 3, Wednesday,17232,20.9
frame,lgw,Year 1, spring 3, Wednesday,17233,0.1
frame,lgw,Year 1, spring 3, Wednesday,17234,21.0
frame,lgw,Year 1, spring 3, Wednesday,17235,21.0
frame,lgw,Year 1, spring 3, Wednesday,17236,20.7
frame,lgw,Year 1, spring 3, Wednesday,17237,20.9
frame,lgw,Year 1, spring 3, Wednesday,17238,0.1
frame,lgw,Year 1, spring 3, Wednesday,17239,21.2
frame,lgw,Year 1, spring 3, Wednesday,17240,21.2
frame,lgw,Year 1, spring 3, Wednesday,17241,21.1
frame,lgw,Year 1, spring 3, Wednesday,17242,21.1
frame,lgw,Year 1, spring 3, Wednesday,17243,0.2
frame,lgw,Year 1, spring 3, Wednesday,17244,21.9
frame,lgw,Year 1, spring 3, Wednesday,17245,21.3
frame,lgw,Year 1, spring 3, Wednesday,17246,21.1
frame,lgw,Year 1, spring 3, Wednesday,17247,0.1
frame,lgw,Year 1, spring 3, Wednesday,17248,21.1
frame,lgw,Year 1, spring 3, Wednesday,17249,21.3
frame,lgw,Year 1, spring 3, Wednesday,17250,21.3
frame,lgw,Year 1, spring 3, Wednesday,17251,21.1
frame,lgw,Year 1, spring 3, Wednesday,17252,0.1
frame,lgw,Year 1, spring 3, Wednesday,17253,21.5
frame,lgw,Year 1, spring 3, Wednesday,17254,20.9
frame,lgw,Year 1, spring 3, Wednesday,17255,21.0
frame,lgw,Year 1, spring 3, Wednesday,17256,21.5
frame,lgw,Year 1, spring 3, Wednesday,17257,0.4
frame,lgw,Year 1, spring 3, Wednesday,17258,22.1
frame,lgw,Year 1, spring 3, Wednesday,17259,20.9
frame,lgw,Year 1, spring 3, Wednesday,17260,20.7
frame,lgw,Year 1, spring 3, Wednesday,17261,0.2
frame,lgw,Year 1, spring 3, Wednesday,17262,21.0
frame,lgw,Year 1, spring 3, Wednesday,17263,21.4
frame,lgw,Year 1, spring 3, Wednesday,17264,21.1
frame,lgw,Year 1, spring 3, Wednesday,17265,21.0
frame,lgw,Year 1, spring 3, Wednesday,17266,0.2
frame,lgw,Year 1, spring 3, Wednesday,17267,20.9
frame,lgw,Year 1, spring 3, Wednesday,17268,21.1
frame,lgw,Year 1, spring 3, Wednesday,17269,21.6
frame,lgw,Year 1, spring 3, Wednesday,17270,0.2
frame,lgw,Year 1, spring 3, Wednesday,17271,21.6
frame,lgw,Year 1, spring 3, Wednesday,17272,20.9
frame,lgw,Year 1, spring 3, Wednesday,17273,21.3
frame,lgw,Year 1, spring 3, Wednesday,17274,21.5
frame,lgw,Year 1, spring 3, Wednesday,17275,0.1
frame,lgw,Year 1, spring 3, Wednesday,17276,21.1
frame,lgw,Year 1, spring 3, Wednesday,17277,21.0
frame,lgw,Year 1, spring 3, Wednesday,17278,21.0
frame,lgw,Year 1, spring 3, Wednesday,17279,21.2
frame,lgw,Year 1, spring 3, Wednesday,17280,0.2
frame,lgw,Year 1, spring 3, Wednesday,17281,21.6
frame,lgw,Year 1, spring 3, Wednesday,17282,20.9
frame,lgw,Year 1, spring 3, Wednesday,17283,21.4
frame,lgw,Year 1, spring 3, Wednesday,17284,0.2
frame,lgw,Year 1, spring 3, Wednesday,17285,21.7
frame,lgw,Year 1, spring 3, Wednesday,17286,20.8
frame,lgw,Year 1, spring 3, Wednesday,17287,20.8
frame,lgw,Year 1, spring 3, Wednesday,17288,21.4
frame,lgw,Year 1, spring 3, Wednesday,17289,0.1
frame,lgw,Year 1, spring 3, Wednesday,17290,21.1
frame,lgw,Year 1, spring 3, Wednesday,17291,20.8
frame,lgw,Year 1, spring 3, Wednesday,17292,20.8
frame,lgw,Year 1, spring 3, Wednesday,17293,20.8
frame,lgw,Year 1, spring 3, Wednesday,17294,0.1
frame,lgw,Year 1, spring 3, Wednesday,17295,21.7
frame,lgw,Year 1, spring 3, Wednesday,17296,21.3
frame,lgw,Year 1, spring 3, Wednesday,17297,21.3
frame,lgw,Year 1, spring 3, Wednesday,17298,0.2
frame,lgw,Year 1, spring 3, Wednesday,17299,21.2
frame,lgw,Year 1, spring 3, Wednesday,17300,21.8
frame,lgw,Year 1, spring 3, Wednesday,17301,21.2
frame,lgw,Year 1, spring 3, Wednesday,17302,21.2
frame,lgw,Year 1, spring 3, Wednesday,17303,0.1
frame,lgw,Year 1, spring 3, Wednesday,17304,21.1
frame,lgw,Year 1, spring 3, Wednesday,17305,20.8
frame,lgw,Year 1, spring 3, Wednesday,17306,21.5
frame,lgw,Year 1, spring 3, Wednesday,17307,21.2
frame,lgw,Year 1, spring 3, Wednesday,17308,0.2
frame,lgw,Year 1, spring 3, Wednesday,17309,21.3
frame,lgw,Year 1, spring 3, Wednesday,17310,21.0
frame,lgw,Year 1, spring 3, Wednesday,17311,20.7
frame,lgw,Year 1, spring 3, Wednesday,17312,0.1
frame,lgw,Year 1, spring 3, Wednesday,17313,20.9
frame,lgw,Year 1, spring 3, Wednesday,17314,21.0
frame,lgw,Year 1, spring 3, Wednesday,17315,21.7
frame,lgw,Year 1, spring 3, Wednesday,17316,20.9
frame,lgw,Year 1, spring 3, Wednesday,17317,0.1
frame,lgw,Year 1, spring 3, Wednesday,17318,21.8
frame,lgw,Year 1, spring 3, Wednesday,17319,22.0
frame,lgw,Year 1, spring 3, Wednesday,17320,23.1
frame,lgw,Year 1, spring 3, Wednesday,17321,0.1
frame,lgw,Year 1, spring 3, Wednesday,17322,21.0
frame,lgw,Year 1, spring 3, Wednesday,17323,21.3
frame,lgw,Year 1, spring 3, Wednesday,17324,21.2
frame,lgw,Year 1, spring 3, Wednesday,17325,21.3
frame,lgw,Year 1, spring 3, Wednesday,17326,0.2
frame,lgw,Year 1, spring 3, Wednesday,17327,22.0
frame,lgw,Year 1, spring 3, Wednesday,17328,21.6
frame,lgw,Year 1, spring 3, Wednesday,17329,21.2
frame,lgw,Year 1, spring 3, Wednesday,17330,0.1
frame,lgw,Year 1, spring 3, Wednesday,17331,20.9
frame,lgw,Year 1, spring 3, Wednesday,17332,21.3
frame,lgw,Year 1, spring 3, Wednesday,17333,21.1
frame,lgw,Year 1, spring 3, Wednesday,17334,21.4
frame,lgw,Year 1, spring 3, Wednesday,17335,0.3
frame,lgw,Year 1, spring 3, Wednesday,17336,21.2
frame,lgw,Year 1, spring 3, Wednesday,17337,21.3
frame,lgw,Year 1, spring 3, Wednesday,17338,20.8
frame,lgw,Year 1, spring 3, Wednesday,17339,0.1
frame,lgw,Year 1, spring 3, Wednesday,17340,21.6
frame,lgw,Year 1, spring 3, Wednesday,17341,20.7
frame,lgw,Year 1, spring 3, Wednesday,17342,20.9
frame,lgw,Year 1, spring 3, Wednesday,17343,21.2
frame,lgw,Year 1, spring 3, Wednesday,17344,0.1
frame,lgw,Year 1, spring 3, Wednesday,17345,21.2
frame,lgw,Year 1, spring 3, Wednesday,17346,21.1
frame,lgw,Year 1, spring 3, Wednesday,17347,22.0
frame,lgw,Year 1, spring 3, Wednesday,17348,23.7
frame,lgw,Year 1, spring 3, Wednesday,17349,0.1
frame,lgw,Year 1, spring 3, Wednesday,17350,20.6
frame,lgw,Year 1, spring 3, Wednesday,17351,21.1
frame,lgw,Year 1, spring 3, Wednesday,17352,21.1
frame,lgw,Year 1, spring 3, Wednesday,17353,0.1
frame,lgw,Year 1, spring 3, Wednesday,17354,21.0
frame,lgw,Year 1, spring 3, Wednesday,17355,20.9
frame,lgw,Year 1, spring 3, Wednesday,17356,21.3
frame,lgw,Year 1, spring 3, Wednesday,17357,21.1
frame,lgw,Year 1, spring 3, Wednesday,17358,0.1
frame,lgw,Year 1, spring 3, Wednesday,17359,21.3
frame,lgw,Year 1, spring 3, Wednesday,17360,21.4
frame,lgw,Year 1, spring 3, Wednesday,17361,20.9
frame,lgw,Year 1, spring 3, Wednesday,17362,0.2
frame,lgw,Year 1, spring 3, Wednesday,17363,22.5
frame,lgw,Year 1, spring 3, Wednesday,17364,20.7
frame,lgw,Year 1, spring 3, Wednesday,17365,21.4
frame,lgw,Year 1, spring 3, Wednesday,17366,21.2
frame,lgw,Year 1, spring 3, Wednesday,17367,0.1
frame,lgw,Year 1, spring 3, Wednesday,17368,21.4
frame,lgw,Year 1, spring 3, Wednesday,17369,21.9
frame,lgw,Year 1, spring 3, Wednesday,17370,21.3
frame,lgw,Year 1, spring 3, Wednesday,17371,0.1
frame,lgw,Year 1, spring 3, Wednesday,17372,20.9
frame,lgw,Year 1, spring 3, Wednesday,17373,21.5
frame,lgw,Year 1, spring 3, Wednesday,17374,20.8
frame,lgw,Year 1, spring 3, Wednesday,17375,21.0
frame,lgw,Year 1, spring 3, Wednesday,17376,0.1
frame,lgw,Year 1, spring 3, Wednesday,17377,21.8
frame,lgw,Year 1, spring 3, Wednesday,17378,21.1
frame,lgw,Year 1, spring 3, Wednesday,17379,21.6
frame,lgw,Year 1, spring 3, Wednesday,17380,0.1
frame,lgw,Year 1, spring 3, Wednesday,17381,21.2
frame,lgw,Year 1, spring 3, Wednesday,17382,20.9
frame,lgw,Year 1, spring 3, Wednesday,17383,21.8
frame,lgw,Year 1, spring 3, Wednesday,17384,21.0
frame,lgw,Year 1, spring 3, Wednesday,17385,0.1
frame,lgw,Year 1, spring 3, Wednesday,17386,21.1
frame,lgw,Year 1, spring 3, Wednesday,17387,20.6
frame,lgw,Year 1, spring 3, Wednesday,17388,21.1
frame,lgw,Year 1, spring 3, Wednesday,17389,20.9
frame,lgw,Year 1, spring 3, Wednesday,17390,0.1
frame,lgw,Year 1, spring 3, Wednesday,17391,20.8
frame,lgw,Year 1, spring 3, Wednesday,17392,20.8
frame,lgw,Year 1, spring 3, Wednesday,17393,21.4
frame,lgw,Year 1, spring 3, Wednesday,17394,21.1
frame,lgw,Year 1, spring 3, Wednesday,17395,0.1
frame,lgw,Year 1, spring 3, Wednesday,17396,21.7
frame,lgw,Year 1, spring 3, Wednesday,17397,21.3
frame,lgw,Year 1, spring 3, Wednesday,17398,21.4
frame,lgw,Year 1, spring 3, Wednesday,17399,0.1
frame,lgw,Year 1, spring 3, Wednesday,17400,21.3
frame,lgw,Year 1, spring 3, Wednesday,17401,21.2
frame,lgw,Year 1, spring 3, Wednesday,17402,21.0
frame,lgw,Year 1, spring 3, Wednesday,17403,21.4
frame,lgw,Year 1, spring 3, Wednesday,17404,0.1
frame,lgw,Year 1, spring 3, Wednesday,17405,21.1
frame,lgw,Year 1, spring 3, Wednesday,17406,21.1
frame,lgw,Year 1, spring 3, Wednesday,17407,20.8
frame,lgw,Year 1, spring 3, Wednesday,17408,21.1
frame,lgw,Year 1, spring 3, Wednesday,17409,0.2
frame,lgw,Year 1, spring 3, Wednesday,17410,20.9
frame,lgw,Year 1, spring 3, Wednesday,17411,21.0
frame,lgw,Year 1, spring 3, Wednesday,17412,21.1
frame,lgw,Year 1, spring 3, Wednesday,17413,0.1
frame,lgw,Year 1, spring 3, Wednesday,17414,20.9
frame,lgw,Year 1, spring 3, Wednesday,17415,21.0
frame,lgw,Year 1, spring 3, Wednesday,17416,21.7
frame,lgw,Year 1, spring 3, Wednesday,17417,20.9
frame,lgw,Year 1, spring 3, Wednesday,17418,0.4
frame,lgw,Year 1, spring 3, Wednesday,17419,21.1
frame,lgw,Year 1, spring 3, Wednesday,17420,20.9
frame,lgw,Year 1, spring 3, Wednesday,17421,21.5
frame,lgw,Year 1, spring 3, Wednesday,17422,21.4
frame,lgw,Year 1, spring 3, Wednesday,17423,0.3
frame,lgw,Year 1, spring 3, Wednesday,17424,21.4
frame,lgw,Year 1, spring 3, Wednesday,17425,20.7
frame,lgw,Year 1, spring 3, Wednesday,17426,22.4
frame,lgw,Year 1, spring 3, Wednesday,17427,0.1
frame,lgw,Year 1, spring 3, Wednesday,17428,21.6
frame,lgw,Year 1, spring 3, Wednesday,17429,22.0
frame,lgw,Year 1, spring 3, Wednesday,17430,21.2
frame,lgw,Year 1, spring 3, Wednesday,17431,0.1
frame,lgw,Year 1, spring 3, Wednesday,17432,21.4
frame,lgw,Year 1, spring 3, Wednesday,17433,21.0
frame,lgw,Year 1, spring 3, Wednesday,17434,21.0
frame,lgw,Year 1, spring 3, Wednesday,17435,21.3
frame,lgw,Year 1, spring 3, Wednesday,17436,0.2
frame,lgw,Year 1, spring 3, Wednesday,17437,21.2
frame,lgw,Year 1, spring 3, Wednesday,17438,20.8
frame,lgw,Year 1, spring 3, Wednesday,17439,21.7
frame,lgw,Year 1, spring 3, Wednesday,17440,21.1
frame,lgw,Year 1, spring 3, Wednesday,17441,0.1
frame,lgw,Year 1, spring 3, Wednesday,17442,21.2
frame,lgw,Year 1, spring 3, Wednesday,17443,20.9
frame,lgw,Year 1, spring 3, Wednesday,17444,20.9
frame,lgw,Year 1, spring 3, Wednesday,17445,0.1
frame,lgw,Year 1, spring 3, Wednesday,17446,21.4
frame,lgw,Year 1, spring 3, Wednesday,17447,21.3
frame,lgw,Year 1, spring 3, Wednesday,17448,21.1
frame,lgw,Year 1, spring 3, Wednesday,17449,20.8
frame,lgw,Year 1, spring 3, Wednesday,17450,0.1
frame,lgw,Year 1, spring 3, Wednesday,17451,21.2
frame,lgw,Year 1, spring 3, Wednesday,17452,20.9
frame,lgw,Year 1, spring 3, Wednesday,17453,20.9
frame,lgw,Year 1, spring 3, Wednesday,17454,21.8
frame,lgw,Year 1, spring 3, Wednesday,17455,0.1
frame,lgw,Year 1, spring 3, Wednesday,17456,21.3
frame,lgw,Year 1, spring 3, Wednesday,17457,21.3
frame,lgw,Year 1, spring 3, Wednesday,17458,21.8
frame,lgw,Year 1, spring 3, Wednesday,17459,0.2
frame,lgw,Year 1, spring 3, Wednesday,17460,21.0
frame,lgw,Year 1, spring 3, Wednesday,17461,22.5
frame,lgw,Year 1, spring 3, Wednesday,17462,20.8
frame,lgw,Year 1, spring 3, Wednesday,17463,21.3
frame,lgw,Year 1, spring 3, Wednesday,17464,0.2
frame,lgw,Year 1, spring 3, Wednesday,17465,21.5
frame,lgw,Year 1, spring 3, Wednesday,17466,21.3
frame,lgw,Year 1, spring 3, Wednesday,17467,20.8
frame,lgw,Year 1, spring 3, Wednesday,17468,0.1
frame,lgw,Year 1, spring 3, Wednesday,17469,20.6
frame,lgw,Year 1, spring 3, Wednesday,17470,20.8
frame,lgw,Year 1, spring 3, Wednesday,17471,21.3
frame,lgw,Year 1, spring 3, Wednesday,17472,21.4
frame,lgw,Year 1, spring 3, Wednesday,17473,0.1
frame,lgw,Year 1, spring 3, Wednesday,17474,21.3
frame,lgw,Year 1, spring 3, Wednesday,17475,21.6
frame,lgw,Year 1, spring 3, Wednesday,17476,21.1
frame,lgw,Year 1, spring 3, Wednesday,17477,21.0
frame,lgw,Year 1, spring 3, Wednesday,17478,0.1
frame,lgw,Year 1, spring 3, Wednesday,17479,21.2
frame,lgw,Year 1, spring 3, Wednesday,17480,21.6
frame,lgw,Year 1, spring 3, Wednesday,17481,22.3
frame,lgw,Year 1, spring 3, Wednesday,17482,0.2
frame,lgw,Year 1, spring 3, Wednesday,17483,21.2
frame,lgw,Year 1, spring 3, Wednesday,17484,20.9
frame,lgw,Year 1, spring 3, Wednesday,17485,21.0
frame,lgw,Year 1, spring 3, Wednesday,17486,21.7
frame,lgw,Year 1, spring 3, Wednesday,17487,0.1
frame,lgw,Year 1, spring 3, Wednesday,17488,21.2
frame,lgw,Year 1, spring 3, Wednesday,17489,21.0
frame,lgw,Year 1, spring 3, Wednesday,17490,22.2
frame,lgw,Year 1, spring 3, Wednesday,17491,0.1
frame,lgw,Year 1, spring 3, Wednesday,17492,21.1
frame,lgw,Year 1, spring 3, Wednesday,17493,20.8
frame,lgw,Year 1, spring 3, Wednesday,17494,21.2
frame,lgw,Year 1, spring 3, Wednesday,17495,20.7
frame,lgw,Year 1, spring 3, Wednesday,17496,0.1
frame,lgw,Year 1, spring 3, Wednesday,17497,21.8
frame,lgw,Year 1, spring 3, Wednesday,17498,21.4
frame,lgw,Year 1, spring 3, Wednesday,17499,20.8
frame,lgw,Year 1, spring 3, Wednesday,17500,21.1
frame,lgw,Year 1, spring 3, Wednesday,17501,0.1
frame,lgw,Year 1, spring 3, Wednesday,17502,20.9
frame,lgw,Year 1, spring 3, Wednesday,17503,21.5
frame,lgw,Year 1, spring 3, Wednesday,17504,21.9
frame,lgw,Year 1, spring 3, Wednesday,17505,0.1
frame,lgw,Year 1, spring 3, Wednesday,17506,21.2
frame,lgw,Year 1, spring 3, Wednesday,17507,21.8
frame,lgw,Year 1, spring 3, Wednesday,17508,21.6
frame,lgw,Year 1, spring 3, Wednesday,17509,20.8
frame,lgw,Year 1, spring 3, Wednesday,17510,0.1
frame,lgw,Year 1, spring 3, Wednesday,17511,20.7
frame,lgw,Year 1, spring 3, Wednesday,17512,20.7
frame,lgw,Year 1, spring 3, Wednesday,17513,21.6
frame,lgw,Year 1, spring 3, Wednesday,17514,0.1
frame,lgw,Year 1, spring 3, Wednesday,17515,20.9
frame,lgw,Year 1, spring 3, Wednesday,17516,20.9
frame,lgw,Year 1, spring 3, Wednesday,17517,22.4
frame,lgw,Year 1, spring 3, Wednesday,17518,22.0
frame,lgw,Year 1, spring 3, Wednesday,17519,0.4
frame,lgw,Year 1, spring 3, Wednesday,17520,21.9
frame,lgw,Year 1, spring 3, Wednesday,17521,20.9
frame,lgw,Year 1, spring 3, Wednesday,17522,21.8
frame,lgw,Year 1, spring 3, Wednesday,17523,0.1
frame,lgw,Year 1, spring 3, Wednesday,17524,20.8
frame,lgw,Year 1, spring 3, Wednesday,17525,21.6
frame,lgw,Year 1, spring 3, Wednesday,17526,21.2
frame,lgw,Year 1, spring 3, Wednesday,17527,21.0
frame,lgw,Year 1, spring 3, Wednesday,17528,0.1
frame,lgw,Year 1, spring 3, Wednesday,17529,20.8
frame,lgw,Year 1, spring 3, Wednesday,17530,21.3
frame,lgw,Year 1, spring 3, Wednesday,17531,21.5
frame,lgw,Year 1, spring 3, Wednesday,17532,0.1
frame,lgw,Year 1, spring 3, Wednesday,17533,21.0
frame,lgw,Year 1, spring 3, Wednesday,17534,21.3
frame,lgw,Year 1, spring 3, Wednesday,17535,21.3
frame,lgw,Year 1, spring 3, Wednesday,17536,21.1
frame,lgw,Year 1, spring 3, Wednesday,17537,0.2
frame,lgw,Year 1, spring 3, Wednesday,17538,21.7
frame,lgw,Year 1, spring 3, Wednesday,17539,21.1
frame,lgw,Year 1, spring 3, Wednesday,17540,21.1
frame,lgw,Year 1, spring 3, Wednesday,17541,20.8
frame,lgw,Year 1, spring 3, Wednesday,17542,0.1
frame,lgw,Year 1, spring 3, Wednesday,17543,21.0
frame,lgw,Year 1, spring 3, Wednesday,17544,20.6
frame,lgw,Year 1, spring 3, Wednesday,17545,21.3
frame,lgw,Year 1, spring 3, Wednesday,17546,20.7
frame,lgw,Year 1, spring 3, Wednesday,17547,0.1
frame,lgw,Year 1, spring 3, Wednesday,17548,21.3
frame,lgw,Year 1, spring 3, Wednesday,17549,21.7
frame,lgw,Year 1, spring 3, Wednesday,17550,21.6
frame,lgw,Year 1, spring 3, Wednesday,17551,0.2
frame,lgw,Year 1, spring 3, Wednesday,17552,21.5
frame,lgw,Year 1, spring 3, Wednesday,17553,21.4
frame,lgw,Year 1, spring 3, Wednesday,17554,22.0
frame,lgw,Year 1, spring 3, Wednesday,17555,22.9
frame,lgw,Year 1, spring 3, Wednesday,17556,0.2
frame,lgw,Year 1, spring 3, Wednesday,17557,20.9
frame,lgw,Year 1, spring 3, Wednesday,17558,21.0
frame,lgw,Year 1, spring 3, Wednesday,17559,21.2
frame,lgw,Year 1, spring 3, Wednesday,17560,0.1
frame,lgw,Year 1, spring 3, Wednesday,17561,20.9
frame,lgw,Year 1, spring 3, Wednesday,17562,20.7
frame,lgw,Year 1, spring 3, Wednesday,17563,21.3
frame,lgw,Year 1, spring 3, Wednesday,17564,21.0
frame,lgw,Year 1, spring 3, Wednesday,17565,0.1
frame,lgw,Year 1, spring 3, Wednesday,17566,21.4
frame,lgw,Year 1, spring 3, Wednesday,17567,21.5
frame,lgw,Year 1, spring 3, Wednesday,17568,21.3
frame,lgw,Year 1, spring 3, Wednesday,17569,0.2
frame,lgw,Year 1, spring 3, Wednesday,17570,21.1
frame,lgw,Year 1, spring 3, Wednesday,17571,21.0
frame,lgw,Year 1, spring 3, Wednesday,17572,21.0
frame,lgw,Year 1, spring 3, Wednesday,17573,21.2
frame,lgw,Year 1, spring 3, Wednesday,17574,0.1
frame,lgw,Year 1, spring 3, Wednesday,17575,21.0
frame,lgw,Year 1, spring 3, Wednesday,17576,20.9
frame,lgw,Year 1, spring 3, Wednesday,17577,21.4
frame,lgw,Year 1, spring 3, Wednesday,17578,21.6
frame,lgw,Year 1, spring 3, Wednesday,17579,0.3
frame,lgw,Year 1, spring 3, Wednesday,17580,21.3
frame,lgw,Year 1, spring 3, Wednesday,17581,20.9
frame,lgw,Year 1, spring 3, Wednesday,17582,21.7
frame,lgw,Year 1, spring 3, Wednesday,17583,0.1
frame,lgw,Year 1, spring 3, Wednesday,17584,20.8
frame,lgw,Year 1, spring 3, Wednesday,17585,21.4
frame,lgw,Year 1, spring 3, Wednesday,17586,21.4
frame,lgw,Year 1, spring 3, Wednesday,17587,21.2
frame,lgw,Year 1, spring 3, Wednesday,17588,0.1
frame,lgw,Year 1, spring 3, Wednesday,17589,20.9
frame,lgw,Year 1, spring 3, Wednesday,17590,21.8
frame,lgw,Year 1, spring 3, Wednesday,17591,20.9
frame,lgw,Year 1, spring 3, Wednesday,17592,0.1
frame,lgw,Year 1, spring 3, Wednesday,17593,21.0
frame,lgw,Year 1, spring 3, Wednesday,17594,20.9
frame,lgw,Year 1, spring 3, Wednesday,17595,22.1
frame,lgw,Year 1, spring 3, Wednesday,17596,21.8
frame,lgw,Year 1, spring 3, Wednesday,17597,0.2
frame,lgw,Year 1, spring 3, Wednesday,17598,21.6
frame,lgw,Year 1, spring 3, Wednesday,17599,21.1
frame,lgw,Year 1, spring 3, Wednesday,17600,21.8
frame,lgw,Year 1, spring 3, Wednesday,17601,0.3
frame,lgw,Year 1, spring 3, Wednesday,17602,22.2
frame,lgw,Year 1, spring 3, Wednesday,17603,21.1
frame,lgw,Year 1, spring 3, Wednesday,17604,21.5
frame,lgw,Year 1, spring 3, Wednesday,17605,21.1
frame,lgw,Year 1, spring 3, Wednesday,17606,0.1
frame,lgw,Year 1, spring 3, Wednesday,17607,21.1
frame,lgw,Year 1, spring 3, Wednesday,17608,21.9
frame,lgw,Year 1, spring 3, Wednesday,17609,21.1
frame,lgw,Year 1, spring 3, Wednesday,17610,0.1
frame,lgw,Year 1, spring 3, Wednesday,17611,21.7
frame,lgw,Year 1, spring 3, Wednesday,17612,21.2
frame,lgw,Year 1, spring 3, Wednesday,17613,21.0
frame,lgw,Year 1, spring 3, Wednesday,17614,21.0
frame,lgw,Year 1, spring 3, Wednesday,17615,0.3
frame,lgw,Year 1, spring 3, Wednesday,17616,22.5
frame,lgw,Year 1, spring 3, Wednesday,17617,20.9
frame,lgw,Year 1, spring 3, Wednesday,17618,21.2
frame,lgw,Year 1, spring 3, Wednesday,17619,0.1
frame,lgw,Year 1, spring 3, Wednesday,17620,21.7
frame,lgw,Year 1, spring 3, Wednesday,17621,21.1
frame,lgw,Year 1, spring 3, Wednesday,17622,20.8
frame,lgw,Year 1, spring 3, Wednesday,17623,21.1
frame,lgw,Year 1, spring 3, Wednesday,17624,0.1
frame,lgw,Year 1, spring 3, Wednesday,17625,21.1
frame,lgw,Year 1, spring 3, Wednesday,17626,21.5
frame,lgw,Year 1, spring 3, Wednesday,17627,21.8
frame,lgw,Year 1, spring 3, Wednesday,17628,0.2
frame,lgw,Year 1, spring 3, Wednesday,17629,21.1
frame,lgw,Year 1, spring 3, Wednesday,17630,21.2
frame,lgw,Year 1, spring 3, Wednesday,17631,21.0
frame,lgw,Year 1, spring 3, Wednesday,17632,21.6
frame,lgw,Year 1, spring 3, Wednesday,17633,0.3
frame,lgw,Year 1, spring 3, Wednesday,17634,22.1
frame,lgw,Year 1, spring 3, Wednesday,17635,20.9
frame,lgw,Year 1, spring 3, Wednesday,17636,22.3
frame,lgw,Year 1, spring 3, Wednesday,17637,0.1
frame,lgw,Year 1, spring 3, Wednesday,17638,21.0
frame,lgw,Year 1, spring 3, Wednesday,17639,21.2
frame,lgw,Year 1, spring 3, Wednesday,17640,21.4
frame,lgw,Year 1, spring 3, Wednesday,17641,21.9
frame,lgw,Year 1, spring 3, Wednesday,17642,0.1
frame,lgw,Year 1, spring 3, Wednesday,17643,21.6
frame,lgw,Year 1, spring 3, Wednesday,17644,21.5
frame,lgw,Year 1, spring 3, Wednesday,17645,21.4
frame,lgw,Year 1, spring 3, Wednesday,17646,0.1
frame,lgw,Year 1, spring 3, Wednesday,17647,21.1
frame,lgw,Year 1, spring 3, Wednesday,17648,20.7
frame,lgw,Year 1, spring 3, Wednesday,17649,21.3
frame,lgw,Year 1, spring 3, Wednesday,17650,21.3
frame,lgw,Year 1, spring 3, Wednesday,17651,0.1
frame,lgw,Year 1, spring 3, Wednesday,17652,21.4
frame,lgw,Year 1, spring 3, Wednesday,17653,21.0
frame,lgw,Year 1, spring 3, Wednesday,17654,20.7
frame,lgw,Year 1, spring 3, Wednesday,17655,21.2
frame,lgw,Year 1, spring 3, Wednesday,17656,0.2
frame,lgw,Year 1, spring 3, Wednesday,17657,22.6
frame,lgw,Year 1, spring 3, Wednesday,17658,21.0
frame,lgw,Year 1, spring 3, Wednesday,17659,21.1
frame,lgw,Year 1, spring 3, Wednesday,17660,0.1
frame,lgw,Year 1, spring 3, Wednesday,17661,21.3
frame,lgw,Year 1, spring 3, Wednesday,17662,21.8
frame,lgw,Year 1, spring 3, Wednesday,17663,21.1
frame,lgw,Year 1, spring 3, Wednesday,17664,0.1
frame,lgw,Year 1, spring 3, Wednesday,17665,22.0
frame,lgw,Year 1, spring 3, Wednesday,17666,21.2
frame,lgw,Year 1, spring 3, Wednesday,17667,21.6
frame,lgw,Year 1, spring 3, Wednesday,17668,21.3
frame,lgw,Year 1, spring 3, Wednesday,17669,0.1
frame,lgw,Year 1, spring 3, Wednesday,17670,21.1
frame,lgw,Year 1, spring 3, Wednesday,17671,21.1
frame,lgw,Year 1, spring 3, Wednesday,17672,20.7
frame,lgw,Year 1, spring 3, Wednesday,17673,21.8
frame,lgw,Year 1, spring 3, Wednesday,17674,0.2
frame,lgw,Year 1, spring 3, Wednesday,17675,21.3
frame,lgw,Year 1, spring 3, Wednesday,17676,22.1
frame,lgw,Year 1, spring 3, Wednesday,17677,21.9
frame,lgw,Year 1, spring 3, Wednesday,17678,0.6
frame,lgw,Year 1, spring 3, Wednesday,17679,20.9
frame,lgw,Year 1, spring 3, Wednesday,17680,21.5
frame,lgw,Year 1, spring 3, Wednesday,17681,22.3
frame,lgw,Year 1, spring 3, Wednesday,17682,0.1
frame,lgw,Year 1, spring 3, Wednesday,17683,21.3
frame,lgw,Year 1, spring 3, Wednesday,17684,22.4
frame,lgw,Year 1, spring 3, Wednesday,17685,21.5
frame,lgw,Year 1, spring 3, Wednesday,17686,0.4
frame,lgw,Year 1, spring 3, Wednesday,17687,21.8
frame,lgw,Year 1, spring 3, Wednesday,17688,21.4
frame,lgw,Year 1, spring 3, Wednesday,17689,21.1
frame,lgw,Year 1, spring 3, Wednesday,17690,21.1
frame,lgw,Year 1, spring 3, Wednesday,17691,0.1
frame,lgw,Year 1, spring 3, Wednesday,17692,21.7
frame,lgw,Year 1, spring 3, Wednesday,17693,21.3
frame,lgw,Year 1, spring 3, Wednesday,17694,21.2
frame,lgw,Year 1, spring 3, Wednesday,17695,0.1
frame,lgw,Year 1, spring 3, Wednesday,17696,21.3
frame,lgw,Year 1, spring 3, Wednesday,17697,21.1
frame,lgw,Year 1, spring 3, Wednesday,17698,20.8
frame,lgw,Year 1, spring 3, Wednesday,17699,21.6
frame,lgw,Year 1, spring 3, Wednesday,17700,0.1
frame,lgw,Year 1, spring 3, Wednesday,17701,21.3
frame,lgw,Year 1, spring 3, Wednesday,17702,20.9
frame,lgw,Year 1, spring 3, Wednesday,17703,21.9
frame,lgw,Year 1, spring 3, Wednesday,17704,22.1
frame,lgw,Year 1, spring 3, Wednesday,17705,0.1
frame,lgw,Year 1, spring 3, Wednesday,17706,21.0
frame,lgw,Year 1, spring 3, Wednesday,17707,20.9
frame,lgw,Year 1, spring 3, Wednesday,17708,21.7
frame,lgw,Year 1, spring 3, Wednesday,17709,0.1
frame,lgw,Year 1, spring 3, Wednesday,17710,21.6
frame,lgw,Year 1, spring 3, Wednesday,17711,21.7
frame,lgw,Year 1, spring 3, Wednesday,17712,21.2
frame,lgw,Year 1, spring 3, Wednesday,17713,0.1
frame,lgw,Year 1, spring 3, Wednesday,17714,21.6
frame,lgw,Year 1, spring 3, Wednesday,17715,21.4
frame,lgw,Year 1, spring 3, Wednesday,17716,21.2
frame,lgw,Year 1, spring 3, Wednesday,17717,21.3
frame,lgw,Year 1, spring 3, Wednesday,17718,0.1
frame,lgw,Year 1, spring 3, Wednesday,17719,21.3
frame,lgw,Year 1, spring 3, Wednesday,17720,21.5
frame,lgw,Year 1, spring 3, Wednesday,17721,21.2
frame,lgw,Year 1, spring 3, Wednesday,17722,0.1
frame,lgw,Year 1, spring 3, Wednesday,17723,21.7
frame,lgw,Year 1, spring 3, Wednesday,17724,21.6
frame,lgw,Year 1, spring 3, Wednesday,17725,21.5
frame,lgw,Year 1, spring 3, Wednesday,17726,22.1
frame,lgw,Year 1, spring 3, Wednesday,17727,0.2
frame,lgw,Year 1, spring 3, Wednesday,17728,21.4
frame,lgw,Year 1, spring 3, Wednesday,17729,22.2
frame,lgw,Year 1, spring 3, Wednesday,17730,21.9
frame,lgw,Year 1, spring 3, Wednesday,17731,0.1
frame,lgw,Year 1, spring 3, Wednesday,17732,21.1
frame,lgw,Year 1, spring 3, Wednesday,17733,21.5
frame,lgw,Year 1, spring 3, Wednesday,17734,21.0
frame,lgw,Year 1, spring 3, Wednesday,17735,21.5
frame,lgw,Year 1, spring 3, Wednesday,17736,0.1
frame,lgw,Year 1, spring 3, Wednesday,17737,21.1
frame,lgw,Year 1, spring 3, Wednesday,17738,20.9
frame,lgw,Year 1, spring 3, Wednesday,17739,21.3
frame,lgw,Year 1, spring 3, Wednesday,17740,0.4
frame,lgw,Year 1, spring 3, Wednesday,17741,22.2
frame,lgw,Year 1, spring 3, Wednesday,17742,21.2
frame,lgw,Year 1, spring 3, Wednesday,17743,20.9
frame,lgw,Year 1, spring 3, Wednesday,17744,21.4
frame,lgw,Year 1, spring 3, Wednesday,17745,0.1
frame,lgw,Year 1, spring 3, Wednesday,17746,21.5
frame,lgw,Year 1, spring 3, Wednesday,17747,21.3
frame,lgw,Year 1, spring 3, Wednesday,17748,21.0
frame,lgw,Year 1, spring 3, Wednesday,17749,0.3
frame,lgw,Year 1, spring 3, Wednesday,17750,21.0
frame,lgw,Year 1, spring 3, Wednesday,17751,20.9
frame,lgw,Year 1, spring 3, Wednesday,17752,20.7
frame,lgw,Year 1, spring 3, Wednesday,17753,22.8
frame,lgw,Year 1, spring 3, Wednesday,17754,0.6
frame,lgw,Year 1, spring 3, Wednesday,17755,22.4
frame,lgw,Year 1, spring 3, Wednesday,17756,21.3
frame,lgw,Year 1, spring 3, Wednesday,17757,21.7
frame,lgw,Year 1, spring 3, Wednesday,17758,0.2
frame,lgw,Year 1, spring 3, Wednesday,17759,21.2
frame,lgw,Year 1, spring 3, Wednesday,17760,22.5
frame,lgw,Year 1, spring 3, Wednesday,17761,21.7
frame,lgw,Year 1, spring 3, Wednesday,17762,0.1
frame,lgw,Year 1, spring 3, Wednesday,17763,20.8
frame,lgw,Year 1, spring 3, Wednesday,17764,21.2
frame,lgw,Year 1, spring 3, Wednesday,17765,21.3
frame,lgw,Year 1, spring 3, Wednesday,17766,21.0
frame,lgw,Year 1, spring 3, Wednesday,17767,0.1
frame,lgw,Year 1, spring 3, Wednesday,17768,21.7
frame,lgw,Year 1, spring 3, Wednesday,17769,21.2
frame,lgw,Year 1, spring 3, Wednesday,17770,21.3
frame,lgw,Year 1, spring 3, Wednesday,17771,0.2
frame,lgw,Year 1, spring 3, Wednesday,17772,21.5
frame,lgw,Year 1, spring 3, Wednesday,17773,21.8
frame,lgw,Year 1, spring 3, Wednesday,17774,20.9
frame,lgw,Year 1, spring 3, Wednesday,17775,21.2
frame,lgw,Year 1, spring 3, Wednesday,17776,0.1
frame,lgw,Year 1, spring 3, Wednesday,17777,21.1
frame,lgw,Year 1, spring 3, Wednesday,17778,21.7
frame,lgw,Year 1, spring 3, Wednesday,17779,21.2
frame,lgw,Year 1, spring 3, Wednesday,17780,0.2
frame,lgw,Year 1, spring 3, Wednesday,17781,21.5
frame,lgw,Year 1, spring 3, Wednesday,17782,21.4
frame,lgw,Year 1, spring 3, Wednesday,17783,21.0
frame,lgw,Year 1, spring 3, Wednesday,17784,20.8
frame,lgw,Year 1, spring 3, Wednesday,17785,0.1
frame,lgw,Year 1, spring 3, Wednesday,17786,22.0
frame,lgw,Year 1, spring 3, Wednesday,17787,21.1
frame,lgw,Year 1, spring 3, Wednesday,17788,21.8
frame,lgw,Year 1, spring 3, Wednesday,17789,0.2
frame,lgw,Year 1, spring 3, Wednesday,17790,21.2
frame,lgw,Year 1, spring 3, Wednesday,17791,21.8
frame,lgw,Year 1, spring 3, Wednesday,17792,21.4
frame,lgw,Year 1, spring 3, Wednesday,17793,20.9
frame,lgw,Year 1, spring 3, Wednesday,17794,0.1
frame,lgw,Year 1, spring 3, Wednesday,17795,23.1
frame,lgw,Year 1, spring 3, Wednesday,17796,21.0
frame,lgw,Year 1, spring 3, Wednesday,17797,21.3
frame,lgw,Year 1, spring 3, Wednesday,17798,0.2
frame,lgw,Year 1, spring 3, Wednesday,17799,21.3
frame,lgw,Year 1, spring 3, Wednesday,17800,21.6
frame,lgw,Year 1, spring 3, Wednesday,17801,20.9
frame,lgw,Year 1, spring 3, Wednesday,17802,21.2
frame,lgw,Year 1, spring 3, Wednesday,17803,0.1
frame,lgw,Year 1, spring 3, Wednesday,17804,21.0
frame,lgw,Year 1, spring 3, Wednesday,17805,20.8
frame,lgw,Year 1, spring 3, Wednesday,17806,21.7
frame,lgw,Year 1, spring 3, Wednesday,17807,21.3
frame,lgw,Year 1, spring 3, Wednesday,17808,0.2
frame,lgw,Year 1, spring 3, Wednesday,17809,23.2
frame,lgw,Year 1, spring 3, Wednesday,17810,20.9
frame,lgw,Year 1, spring 3, Wednesday,17811,21.1
frame,lgw,Year 1, spring 3, Wednesday,17812,0.1
frame,lgw,Year 1, spring 3, Wednesday,17813,20.9
frame,lgw,Year 1, spring 3, Wednesday,17814,21.5
frame,lgw,Year 1, spring 3, Wednesday,17815,21.0
frame,lgw,Year 1, spring 3, Wednesday,17816,0.1
frame,lgw,Year 1, spring 3, Wednesday,17817,22.4
frame,lgw,Year 1, spring 3, Wednesday,17818,21.2
frame,lgw,Year 1, spring 3, Wednesday,17819,21.2
frame,lgw,Year 1, spring 3, Wednesday,17820,21.1
frame,lgw,Year 1, spring 3, Wednesday,17821,0.1
frame,lgw,Year 1, spring 3, Wednesday,17822,21.7
frame,lgw,Year 1, spring 3, Wednesday,17823,21.1
frame,lgw,Year 1, spring 3, Wednesday,17824,21.0
frame,lgw,Year 1, spring 3, Wednesday,17825,0.1
frame,lgw,Year 1, spring 3, Wednesday,17826,21.8
frame,lgw,Year 1, spring 3, Wednesday,17827,20.7
frame,lgw,Year 1, spring 3, Wednesday,17828,21.1
frame,lgw,Year 1, spring 3, Wednesday,17829,20.7
frame,lgw,Year 1, spring 3, Wednesday,17830,0.1
frame,lgw,Year 1, spring 3, Wednesday,17831,21.3
frame,lgw,Year 1, spring 3, Wednesday,17832,21.1
frame,lgw,Year 1, spring 3, Wednesday,17833,21.2
frame,lgw,Year 1, spring 3, Wednesday,17834,20.7
frame,lgw,Year 1, spring 3, Wednesday,17835,0.1
frame,lgw,Year 1, spring 3, Wednesday,17836,21.0
frame,lgw,Year 1, spring 3, Wednesday,17837,21.0
frame,lgw,Year 1, spring 3, Wednesday,17838,21.3
frame,lgw,Year 1, spring 3, Wednesday,17839,22.2
frame,lgw,Year 1, spring 3, Wednesday,17840,0.1
frame,lgw,Year 1, spring 3, Wednesday,17841,20.9
frame,lgw,Year 1, spring 3, Wednesday,17842,21.2
frame,lgw,Year 1, spring 3, Wednesday,17843,21.7
frame,lgw,Year 1, spring 3, Wednesday,17844,0.1
frame,lgw,Year 1, spring 3, Wednesday,17845,20.7
frame,lgw,Year 1, spring 3, Wednesday,17846,20.9
frame,lgw,Year 1, spring 3, Wednesday,17847,20.7
frame,lgw,Year 1, spring 3, Wednesday,17848,21.2
frame,lgw,Year 1, spring 3, Wednesday,17849,0.1
frame,lgw,Year 1, spring 3, Wednesday,17850,20.9
frame,lgw,Year 1, spring 3, Wednesday,17851,21.7
frame,lgw,Year 1, spring 3, Wednesday,17852,21.3
frame,lgw,Year 1, spring 3, Wednesday,17853,21.5
frame,lgw,Year 1, spring 3, Wednesday,17854,0.1
frame,lgw,Year 1, spring 3, Wednesday,17855,21.5
frame,lgw,Year 1, spring 3, Wednesday,17856,21.4
frame,lgw,Year 1, spring 3, Wednesday,17857,21.8
frame,lgw,Year 1, spring 3, Wednesday,17858,0.1
frame,lgw,Year 1, spring 3, Wednesday,17859,21.3
frame,lgw,Year 1, spring 3, Wednesday,17860,21.1
frame,lgw,Year 1, spring 3, Wednesday,17861,21.0
frame,lgw,Year 1, spring 3, Wednesday,17862,20.9
frame,lgw,Year 1, spring 3, Wednesday,17863,0.1
frame,lgw,Year 1, spring 3, Wednesday,17864,20.9
frame,lgw,Year 1, spring 3, Wednesday,17865,21.7
frame,lgw,Year 1, spring 3, Wednesday,17866,21.8
frame,lgw,Year 1, spring 3, Wednesday,17867,0.2
frame,lgw,Year 1, spring 3, Wednesday,17868,21.4
frame,lgw,Year 1, spring 3, Wednesday,17869,21.3
frame,lgw,Year 1, spring 3, Wednesday,17870,21.8
frame,lgw,Year 1, spring 3, Wednesday,17871,21.0
frame,lgw,Year 1, spring 3, Wednesday,17872,0.1
frame,lgw,Year 1, spring 3, Wednesday,17873,21.9
frame,lgw,Year 1, spring 3, Wednesday,17874,21.1
frame,lgw,Year 1, spring 3, Wednesday,17875,21.4
frame,lgw,Year 1, spring 3, Wednesday,17876,0.2
frame,lgw,Year 1, spring 3, Wednesday,17877,21.2
frame,lgw,Year 1, spring 3, Wednesday,17878,21.4
frame,lgw,Year 1, spring 3, Wednesday,17879,21.5
frame,lgw,Year 1, spring 3, Wednesday,17880,21.0
frame,lgw,Year 1, spring 3, Wednesday,17881,0.1
frame,lgw,Year 1, spring 3, Wednesday,17882,20.9
frame,lgw,Year 1, spring 3, Wednesday,17883,21.4
frame,lgw,Year 1, spring 3, Wednesday,17884,21.7
frame,lgw,Year 1, spring 3, Wednesday,17885,0.1
frame,lgw,Year 1, spring 3, Wednesday,17886,22.0
frame,lgw,Year 1, spring 3, Wednesday,17887,21.9
frame,lgw,Year 1, spring 3, Wednesday,17888,21.0
frame,lgw,Year 1, spring 3, Wednesday,17889,21.5
frame,lgw,Year 1, spring 3, Wednesday,17890,0.2
frame,lgw,Year 1, spring 3, Wednesday,17891,21.4
frame,lgw,Year 1, spring 3, Wednesday,17892,23.2
frame,lgw,Year 1, spring 3, Wednesday,17893,21.9
frame,lgw,Year 1, spring 3, Wednesday,17894,0.1
frame,lgw,Year 1, spring 3, Wednesday,17895,21.6
frame,lgw,Year 1, spring 3, Wednesday,17896,21.1
frame,lgw,Year 1, spring 3, Wednesday,17897,20.8
frame,lgw,Year 1, spring 3, Wednesday,17898,0.1
frame,lgw,Year 1, spring 3, Wednesday,17899,21.5
frame,lgw,Year 1, spring 3, Wednesday,17900,21.0
frame,lgw,Year 1, spring 3, Wednesday,17901,21.3
frame,lgw,Year 1, spring 3, Wednesday,17902,21.9
frame,lgw,Year 1, spring 3, Wednesday,17903,0.3
frame,lgw,Year 1, spring 3, Wednesday,17904,21.3
frame,lgw,Year 1, spring 3, Wednesday,17905,21.3
frame,lgw,Year 1, spring 3, Wednesday,17906,22.3
frame,lgw,Year 1, spring 3, Wednesday,17907,0.2
frame,lgw,Year 1, spring 3, Wednesday,17908,20.7
frame,lgw,Year 1, spring 3, Wednesday,17909,21.8
frame,lgw,Year 1, spring 3, Wednesday,17910,21.1
frame,lgw,Year 1, spring 3, Wednesday,17911,21.0
frame,lgw,Year 1, spring 3, Wednesday,17912,0.1
frame,lgw,Year 1, spring 3, Wednesday,17913,21.9
frame,lgw,Year 1, spring 3, Wednesday,17914,21.4
frame,lgw,Year 1, spring 3, Wednesday,17915,21.7
frame,lgw,Year 1, spring 3, Wednesday,17916,0.3
frame,lgw,Year 1, spring 3, Wednesday,17917,21.7
frame,lgw,Year 1, spring 3, Wednesday,17918,21.5
frame,lgw,Year 1, spring 3, Wednesday,17919,21.4
frame,lgw,Year 1, spring 3, Wednesday,17920,21.3
frame,lgw,Year 1, spring 3, Wednesday,17921,0.1
frame,lgw,Year 1, spring 3, Wednesday,17922,21.0
frame,lgw,Year 1, spring 3, Wednesday,17923,21.7
frame,lgw,Year 1, spring 3, Wednesday,17924,21.3
frame,lgw,Year 1, spring 3, Wednesday,17925,0.1
frame,lgw,Year 1, spring 3, Wednesday,17926,21.3
frame,lgw,Year 1, spring 3, Wednesday,17927,20.7
frame,lgw,Year 1, spring 3, Wednesday,17928,20.9
frame,lgw,Year 1, spring 3, Wednesday,17929,20.8
frame,lgw,Year 1, spring 3, Wednesday,17930,0.1
frame,lgw,Year 1, spring 3, Wednesday,17931,21.1
frame,lgw,Year 1, spring 3, Wednesday,17932,21.8
frame,lgw,Year 1, spring 3, Wednesday,17933,21.8
frame,lgw,Year 1, spring 3, Wednesday,17934,0.2
frame,lgw,Year 1, spring 3, Wednesday,17935,21.4
frame,lgw,Year 1, spring 3, Wednesday,17936,21.3
frame,lgw,Year 1, spring 3, Wednesday,17937,20.9
frame,lgw,Year 1, spring 3, Wednesday,17938,21.7
frame,lgw,Year 1, spring 3, Wednesday,17939,0.2
frame,lgw,Year 1, spring 3, Wednesday,17940,22.1
frame,lgw,Year 1, spring 3, Wednesday,17941,21.8
frame,lgw,Year 1, spring 3, Wednesday,17942,20.9
frame,lgw,Year 1, spring 3, Wednesday,17943,0.1
frame,lgw,Year 1, spring 3, Wednesday,17944,20.9
frame,lgw,Year 1, spring 3, Wednesday,17945,21.3
frame,lgw,Year 1, spring 3, Wednesday,17946,21.7
frame,lgw,Year 1, spring 3, Wednesday,17947,20.8
frame,lgw,Year 1, spring 3, Wednesday,17948,0.1
frame,lgw,Year 1, spring 3, Wednesday,17949,21.2
frame,lgw,Year 1, spring 3, Wednesday,17950,21.0
frame,lgw,Year 1, spring 3, Wednesday,17951,21.7
frame,lgw,Year 1, spring 3, Wednesday,17952,21.2
frame,lgw,Year 1, spring 3, Wednesday,17953,0.1
frame,lgw,Year 1, spring 3, Wednesday,17954,21.0
frame,lgw,Year 1, spring 3, Wednesday,17955,21.6
frame,lgw,Year 1, spring 3, Wednesday,17956,21.2
frame,lgw,Year 1, spring 3, Wednesday,17957,0.2
frame,lgw,Year 1, spring 3, Wednesday,17958,21.0
frame,lgw,Year 1, spring 3, Wednesday,17959,21.0
frame,lgw,Year 1, spring 3, Wednesday,17960,21.0
frame,lgw,Year 1, spring 3, Wednesday,17961,21.1
frame,lgw,Year 1, spring 3, Wednesday,17962,0.2
frame,lgw,Year 1, spring 3, Wednesday,17963,21.1
frame,lgw,Year 1, spring 3, Wednesday,17964,21.5
frame,lgw,Year 1, spring 3, Wednesday,17965,21.3
frame,lgw,Year 1, spring 3, Wednesday,17966,21.0
frame,lgw,Year 1, spring 3, Wednesday,17967,0.3
frame,lgw,Year 1, spring 3, Wednesday,17968,21.1
frame,lgw,Year 1, spring 3, Wednesday,17969,22.4
frame,lgw,Year 1, spring 3, Wednesday,17970,21.4
frame,lgw,Year 1, spring 3, Wednesday,17971,0.1
frame,lgw,Year 1, spring 3, Wednesday,17972,21.2
frame,lgw,Year 1, spring 3, Wednesday,17973,21.6
frame,lgw,Year 1, spring 3, Wednesday,17974,21.0
frame,lgw,Year 1, spring 3, Wednesday,17975,0.1
frame,lgw,Year 1, spring 3, Wednesday,17976,21.5
frame,lgw,Year 1, spring 3, Wednesday,17977,21.3
frame,lgw,Year 1, spring 3, Wednesday,17978,21.3
frame,lgw,Year 1, spring 3, Wednesday,17979,20.9
frame,lgw,Year 1, spring 3, Wednesday,17980,0.7
frame,lgw,Year 1, spring 3, Wednesday,17981,21.0
frame,lgw,Year 1, spring 3, Wednesday,17982,22.0
frame,lgw,Year 1, spring 3, Wednesday,17983,21.2
frame,lgw,Year 1, spring 3, Wednesday,17984,21.7
frame,lgw,Year 1, spring 3, Wednesday,17985,0.2
frame,lgw,Year 1, spring 3, Wednesday,17986,21.3
frame,lgw,Year 1, spring 3, Wednesday,17987,21.1
frame,lgw,Year 1, spring 3, Wednesday,17988,21.8
frame,lgw,Year 1, spring 3, Wednesday,17989,0.4
frame,lgw,Year 1, spring 3, Wednesday,17990,22.5
frame,lgw,Year 1, spring 3, Wednesday,17991,22.2
frame,lgw,Year 1, spring 3, Wednesday,17992,21.4
frame,lgw,Year 1, spring 3, Wednesday,17993,0.1
frame,lgw,Year 1, spring 3, Wednesday,17994,21.7
frame,lgw,Year 1, spring 3, Wednesday,17995,21.2
frame,lgw,Year 1, spring 3, Wednesday,17996,22.0
frame,lgw,Year 1, spring 3, Wednesday,17997,0.3
frame,lgw,Year 1, spring 3, Wednesday,17998,21.4
frame,lgw,Year 1, spring 3, Wednesday,17999,21.5
switch,lgw,Year 1, spring 3, Wednesday,940,17.5
switch,lgw,Year 1, spring 3, Wednesday,950,17.1
switch,lgw,Year 1, spring 3, Wednesday,1000,17.1
switchdetail,lgw,Year 1, spring 3, Wednesday,930,0,0.0
switchdetail,lgw,Year 1, spring 3, Wednesday,940,0,0.0
switchdetail,lgw,Year 1, spring 3, Wednesday,950,0,0.0
lag,lgw,Year 1, spring 3, Wednesday,18116,97.3
lag,lgw,Year 1, spring 3, Wednesday,18560,86.3
lag,lgw,Year 1, spring 3, Wednesday,20324,81.9
frame,lgw,Year 1, spring 3, Wednesday,22096,16.7
frame,lgw,Year 1, spring 3, Wednesday,22097,16.7
frame,lgw,Year 1, spring 3, Wednesday,22098,16.7
frame,lgw,Year 1, spring 3, Wednesday,22099,16.6
frame,lgw,Year 1, spring 3, Wednesday,22100,16.6
frame,lgw,Year 1, spring 3, Wednesday,22101,16.6
frame,lgw,Year 1, spring 3, Wednesday,22102,16.6
frame,lgw,Year 1, spring 3, Wednesday,22103,16.7
frame,lgw,Year 1, spring 3, Wednesday,22104,16.6
frame,lgw,Year 1, spring 3, Wednesday,22105,16.8
frame,lgw,Year 1, spring 3, Wednesday,22106,16.7
frame,lgw,Year 1, spring 3, Wednesday,22107,16.6
frame,lgw,Year 1, spring 3, Wednesday,22108,16.7
frame,lgw,Year 1, spring 3, Wednesday,22109,17.1
frame,lgw,Year 1, spring 3, Wednesday,22110,16.4
frame,lgw,Year 1, spring 3, Wednesday,22111,16.6
frame,lgw,Year 1, spring 3, Wednesday,22112,16.7
frame,lgw,Year 1, spring 3, Wednesday,22113,16.6
frame,lgw,Year 1, spring 3, Wednesday,22114,16.7
frame,lgw,Year 1, spring 3, Wednesday,22115,16.6
frame,lgw,Year 1, spring 3, Wednesday,22116,16.7
frame,lgw,Year 1, spring 3, Wednesday,22117,16.7
frame,lgw,Year 1, spring 3, Wednesday,22118,16.7
frame,lgw,Year 1, spring 3, Wednesday,22119,16.8
frame,lgw,Year 1, spring 3, Wednesday,22120,16.6
frame,lgw,Year 1, spring 3, Wednesday,22121,16.6
frame,lgw,Year 1, spring 3, Wednesday,22122,16.6
frame,lgw,Year 1, spring 3, Wednesday,22123,16.8
frame,lgw,Year 1, spring 3, Wednesday,22124,16.5
frame,lgw,Year 1, spring 3, Wednesday,22125,16.6
frame,lgw,Year 1, spring 3, Wednesday,22126,16.6
frame,lgw,Year 1, spring 3, Wednesday,22127,18.6
frame,lgw,Year 1, spring 3, Wednesday,22128,15.5
frame,lgw,Year 1, spring 3, Wednesday,22129,16.1
frame,lgw,Year 1, spring 3, Wednesday,22130,16.8
frame,lgw,Year 1, spring 3, Wednesday,22131,16.5
frame,lgw,Year 1, spring 3, Wednesday,22132,16.7
frame,lgw,Year 1, spring 3, Wednesday,22133,16.7
frame,lgw,Year 1, spring 3, Wednesday,22134,16.7
frame,lgw,Year 1, spring 3, Wednesday,22135,16.8
frame,lgw,Year 1, spring 3, Wednesday,22136,16.7
frame,lgw,Year 1, spring 3, Wednesday,22137,16.5
frame,lgw,Year 1, spring 3, Wednesday,22138,16.6
frame,lgw,Year 1, spring 3, Wednesday,22139,16.7
frame,lgw,Year 1, spring 3, Wednesday,22140,16.8
frame,lgw,Year 1, spring 3, Wednesday,22141,16.8
frame,lgw,Year 1, spring 3, Wednesday,22142,16.7
frame,lgw,Year 1, spring 3, Wednesday,22143,16.6
frame,lgw,Year 1, spring 3, Wednesday,22144,16.7
frame,lgw,Year 1, spring 3, Wednesday,22145,16.7
frame,lgw,Year 1, spring 3, Wednesday,22146,16.6
frame,lgw,Year 1, spring 3, Wednesday,22147,16.5
frame,lgw,Year 1, spring 3, Wednesday,22148,16.8
frame,lgw,Year 1, spring 3, Wednesday,22149,17.1
frame,lgw,Year 1, spring 3, Wednesday,22150,16.1
frame,lgw,Year 1, spring 3, Wednesday,22151,16.6
frame,lgw,Year 1, spring 3, Wednesday,22152,16.7
frame,lgw,Year 1, spring 3, Wednesday,22153,16.7
frame,lgw,Year 1, spring 3, Wednesday,22154,16.8
frame,lgw,Year 1, spring 3, Wednesday,22155,16.7
frame,lgw,Year 1, spring 3, Wednesday,22156,16.7
frame,lgw,Year 1, spring 3, Wednesday,22157,16.7
frame,lgw,Year 1, spring 3, Wednesday,22158,16.5
frame,lgw,Year 1, spring 3, Wednesday,22159,16.7
frame,lgw,Year 1, spring 3, Wednesday,22160,16.7
frame,lgw,Year 1, spring 3, Wednesday,22161,16.7
frame,lgw,Year 1, spring 3, Wednesday,22162,16.8
frame,lgw,Year 1, spring 3, Wednesday,22163,16.5
frame,lgw,Year 1, spring 3, Wednesday,22164,16.7
frame,lgw,Year 1, spring 3, Wednesday,22165,16.7
frame,lgw,Year 1, spring 3, Wednesday,22166,16.7
frame,lgw,Year 1, spring 3, Wednesday,22167,16.6
frame,lgw,Year 1, spring 3, Wednesday,22168,16.7
frame,lgw,Year 1, spring 3, Wednesday,22169,16.7
frame,lgw,Year 1, spring 3, Wednesday,22170,17.1
frame,lgw,Year 1, spring 3, Wednesday,22171,16.2
frame,lgw,Year 1, spring 3, Wednesday,22172,16.8
frame,lgw,Year 1, spring 3, Wednesday,22173,16.6
frame,lgw,Year 1, spring 3, Wednesday,22174,16.7
frame,lgw,Year 1, spring 3, Wednesday,22175,17.3
frame,lgw,Year 1, spring 3, Wednesday,22176,16.3
frame,lgw,Year 1, spring 3, Wednesday,22177,16.6
frame,lgw,Year 1, spring 3, Wednesday,22178,16.6
frame,lgw,Year 1, spring 3, Wednesday,22179,16.6
frame,lgw,Year 1, spring 3, Wednesday,22180,16.6
frame,lgw,Year 1, spring 3, Wednesday,22181,16.6
frame,lgw,Year 1, spring 3, Wednesday,22182,16.6
frame,lgw,Year 1, spring 3, Wednesday,22183,16.7
frame,lgw,Year 1, spring 3, Wednesday,22184,16.7
frame,lgw,Year 1, spring 3, Wednesday,22185,16.7
frame,lgw,Year 1, spring 3, Wednesday,22186,16.7
frame,lgw,Year 1, spring 3, Wednesday,22187,16.8
frame,lgw,Year 1, spring 3, Wednesday,22188,34.9
frame,lgw,Year 1, spring 3, Wednesday,22189,10.6
frame,lgw,Year 1, spring 3, Wednesday,22190,4.7
frame,lgw,Year 1, spring 3, Wednesday,22191,16.3
frame,lgw,Year 1, spring 3, Wednesday,22192,16.7
frame,lgw,Year 1, spring 3, Wednesday,22193,16.6
frame,lgw,Year 1, spring 3, Wednesday,22194,16.7
frame,lgw,Year 1, spring 3, Wednesday,22195,16.7
frame,lgw,Year 1, spring 3, Wednesday,22196,16.7
frame,lgw,Year 1, spring 3, Wednesday,22197,16.6
frame,lgw,Year 1, spring 3, Wednesday,22198,16.7
frame,lgw,Year 1, spring 3, Wednesday,22199,16.7
frame,lgw,Year 1, spring 3, Wednesday,22200,16.7
frame,lgw,Year 1, spring 3, Wednesday,22201,16.7
frame,lgw,Year 1, spring 3, Wednesday,22202,16.6
frame,lgw,Year 1, spring 3, Wednesday,22203,19.6
frame,lgw,Year 1, spring 3, Wednesday,22204,13.9
frame,lgw,Year 1, spring 3, Wednesday,22205,16.7
frame,lgw,Year 1, spring 3, Wednesday,22206,16.5
frame,lgw,Year 1, spring 3, Wednesday,22207,16.7
frame,lgw,Year 1, spring 3, Wednesday,22208,16.5
frame,lgw,Year 1, spring 3, Wednesday,22209,16.6
frame,lgw,Year 1, spring 3, Wednesday,22210,16.7
frame,lgw,Year 1, spring 3, Wednesday,22211,16.7
frame,lgw,Year 1, spring 3, Wednesday,22212,16.6
frame,lgw,Year 1, spring 3, Wednesday,22213,16.7
frame,lgw,Year 1, spring 3, Wednesday,22214,16.7
frame,lgw,Year 1, spring 3, Wednesday,22215,16.8
frame,lgw,Year 1, spring 3, Wednesday,22216,16.6
frame,lgw,Year 1, spring 3, Wednesday,22217,16.6
frame,lgw,Year 1, spring 3, Wednesday,22218,16.6
frame,lgw,Year 1, spring 3, Wednesday,22219,16.7
frame,lgw,Year 1, spring 3, Wednesday,22220,16.8
frame,lgw,Year 1, spring 3, Wednesday,22221,16.6
frame,lgw,Year 1, spring 3, Wednesday,22222,16.7
frame,lgw,Year 1, spring 3, Wednesday,22223,16.6
frame,lgw,Year 1, spring 3, Wednesday,22224,16.9
frame,lgw,Year 1, spring 3, Wednesday,22225,46.3
frame,lgw,Year 1, spring 3, Wednesday,22226,2.6
frame,lgw,Year 1, spring 3, Wednesday,22227,0.7
frame,lgw,Year 1, spring 3, Wednesday,22228,16.7
frame,lgw,Year 1, spring 3, Wednesday,22229,16.9
frame,lgw,Year 1, spring 3, Wednesday,22230,16.5
frame,lgw,Year 1, spring 3, Wednesday,22231,16.6
frame,lgw,Year 1, spring 3, Wednesday,22232,16.8
frame,lgw,Year 1, spring 3, Wednesday,22233,16.8
frame,lgw,Year 1, spring 3, Wednesday,22234,16.7
frame,lgw,Year 1, spring 3, Wednesday,22235,16.5
frame,lgw,Year 1, spring 3, Wednesday,22236,16.6
frame,lgw,Year 1, spring 3, Wednesday,22237,16.6
frame,lgw,Year 1, spring 3, Wednesday,22238,16.7
frame,lgw,Year 1, spring 3, Wednesday,22239,16.6
frame,lgw,Year 1, spring 3, Wednesday,22240,16.7
frame,lgw,Year 1, spring 3, Wednesday,22241,16.7
frame,lgw,Year 1, spring 3, Wednesday,22242,16.8
frame,lgw,Year 1, spring 3, Wednesday,22243,16.6
frame,lgw,Year 1, spring 3, Wednesday,22244,16.7
frame,lgw,Year 1, spring 3, Wednesday,22245,16.6
frame,lgw,Year 1, spring 3, Wednesday,22246,16.7
frame,lgw,Year 1, spring 3, Wednesday,22247,16.6
frame,lgw,Year 1, spring 3, Wednesday,22248,16.6
frame,lgw,Year 1, spring 3, Wednesday,22249,16.7
frame,lgw,Year 1, spring 3, Wednesday,22250,17.0
frame,lgw,Year 1, spring 3, Wednesday,22251,16.5
frame,lgw,Year 1, spring 3, Wednesday,22252,16.5
frame,lgw,Year 1, spring 3, Wednesday,22253,17.6
frame,lgw,Year 1, spring 3, Wednesday,22254,15.8
frame,lgw,Year 1, spring 3, Wednesday,22255,16.7
frame,lgw,Year 1, spring 3, Wednesday,22256,16.5
frame,lgw,Year 1, spring 3, Wednesday,22257,16.6
frame,lgw,Year 1, spring 3, Wednesday,22258,16.6
frame,lgw,Year 1, spring 3, Wednesday,22259,16.7
frame,lgw,Year 1, spring 3, Wednesday,22260,16.7
frame,lgw,Year 1, spring 3, Wednesday,22261,16.7
frame,lgw,Year 1, spring 3, Wednesday,22262,16.7
frame,lgw,Year 1, spring 3, Wednesday,22263,16.7
frame,lgw,Year 1, spring 3, Wednesday,22264,16.7
frame,lgw,Year 1, spring 3, Wednesday,22265,16.7
frame,lgw,Year 1, spring 3, Wednesday,22266,16.6
frame,lgw,Year 1, spring 3, Wednesday,22267,16.8
frame,lgw,Year 1, spring 3, Wednesday,22268,16.6
frame,lgw,Year 1, spring 3, Wednesday,22269,16.8
frame,lgw,Year 1, spring 3, Wednesday,22270,16.6
frame,lgw,Year 1, spring 3, Wednesday,22271,16.7
frame,lgw,Year 1, spring 3, Wednesday,22272,16.6
frame,lgw,Year 1, spring 3, Wednesday,22273,16.7
frame,lgw,Year 1, spring 3, Wednesday,22274,16.7
frame,lgw,Year 1, spring 3, Wednesday,22275,16.8
frame,lgw,Year 1, spring 3, Wednesday,22276,16.8
frame,lgw,Year 1, spring 3, Wednesday,22277,16.4
frame,lgw,Year 1, spring 3, Wednesday,22278,16.7
frame,lgw,Year 1, spring 3, Wednesday,22279,16.6
frame,lgw,Year 1, spring 3, Wednesday,22280,17.2
frame,lgw,Year 1, spring 3, Wednesday,22281,16.2
frame,lgw,Year 1, spring 3, Wednesday,22282,16.6
frame,lgw,Year 1, spring 3, Wednesday,22283,16.7
frame,lgw,Year 1, spring 3, Wednesday,22284,17.7
frame,lgw,Year 1, spring 3, Wednesday,22285,15.8
frame,lgw,Year 1, spring 3, Wednesday,22286,16.6
frame,lgw,Year 1, spring 3, Wednesday,22287,16.5
frame,lgw,Year 1, spring 3, Wednesday,22288,16.6
frame,lgw,Year 1, spring 3, Wednesday,22289,16.6
frame,lgw,Year 1, spring 3, Wednesday,22290,16.6
frame,lgw,Year 1, spring 3, Wednesday,22291,16.7
frame,lgw,Year 1, spring 3, Wednesday,22292,16.7
frame,lgw,Year 1, spring 3, Wednesday,22293,16.8
frame,lgw,Year 1, spring 3, Wednesday,22294,16.6
frame,lgw,Year 1, spring 3, Wednesday,22295,16.8
frame,lgw,Year 1, spring 3, Wednesday,22296,16.5
frame,lgw,Year 1, spring 3, Wednesday,22297,16.7
frame,lgw,Year 1, spring 3, Wednesday,22298,16.6
frame,lgw,Year 1, spring 3, Wednesday,22299,16.7
switch,lgw,Year 1, spring 4, Thursday,600,347.4
switch,lgw,Year 1, spring 4, Thursday,610,17.3
switch,lgw,Year 1, spring 4, Thursday,620,17.2
switch,lgw,Year 1, spring 4, Thursday,630,17.2
switch,lgw,Year 1, spring 4, Thursday,640,17.2
switchdetail,lgw,Year 1, spring 4, Thursday,1000,0,0.0
switchdetail,lgw,Year 1, spring 4, Thursday,600,0,0.0
switchdetail,lgw,Year 1, spring 4, Thursday,610,0,0.0
switchdetail,lgw,Year 1, spring 4, Thursday,620,0,0.0
switchdetail,lgw,Year 1, spring 4, Thursday,630,0,0.0
lag,lgw,Year 1, spring 4, Thursday,22302,347.4
lag,lgw,Year 1, spring 4, Thursday,22303,2078.7
lag,lgw,Year 1, spring 4, Thursday,23271,235.7
frame,lgw,Year 1, spring 4, Thursday,23324,0.2
frame,lgw,Year 1, spring 4, Thursday,23325,21.4
frame,lgw,Year 1, spring 4, Thursday,23326,22.1
frame,lgw,Year 1, spring 4, Thursday,23327,21.5
frame,lgw,Year 1, spring 4, Thursday,23328,0.1
frame,lgw,Year 1, spring 4, Thursday,23329,21.8
frame,lgw,Year 1, spring 4, Thursday,23330,21.7
frame,lgw,Year 1, spring 4, Thursday,23331,22.8
frame,lgw,Year 1, spring 4, Thursday,23332,21.5
frame,lgw,Year 1, spring 4, Thursday,23333,0.2
frame,lgw,Year 1, spring 4, Thursday,23334,22.0
frame,lgw,Year 1, spring 4, Thursday,23335,21.3
frame,lgw,Year 1, spring 4, Thursday,23336,21.9
frame,lgw,Year 1, spring 4, Thursday,23337,0.2
frame,lgw,Year 1, spring 4, Thursday,23338,21.3
frame,lgw,Year 1, spring 4, Thursday,23339,22.5
frame,lgw,Year 1, spring 4, Thursday,23340,21.6
frame,lgw,Year 1, spring 4, Thursday,23341,0.2
frame,lgw,Year 1, spring 4, Thursday,23342,21.9
frame,lgw,Year 1, spring 4, Thursday,23343,23.4
frame,lgw,Year 1, spring 4, Thursday,23344,22.0
frame,lgw,Year 1, spring 4, Thursday,23345,0.2
frame,lgw,Year 1, spring 4, Thursday,23346,21.8
frame,lgw,Year 1, spring 4, Thursday,23347,21.1
frame,lgw,Year 1, spring 4, Thursday,23348,21.5
frame,lgw,Year 1, spring 4, Thursday,23349,0.1
frame,lgw,Year 1, spring 4, Thursday,23350,21.6
frame,lgw,Year 1, spring 4, Thursday,23351,21.1
frame,lgw,Year 1, spring 4, Thursday,23352,21.0
frame,lgw,Year 1, spring 4, Thursday,23353,22.0
frame,lgw,Year 1, spring 4, Thursday,23354,0.1
frame,lgw,Year 1, spring 4, Thursday,23355,21.6
frame,lgw,Year 1, spring 4, Thursday,23356,22.2
frame,lgw,Year 1, spring 4, Thursday,23357,20.9
frame,lgw,Year 1, spring 4, Thursday,23358,0.2
frame,lgw,Year 1, spring 4, Thursday,23359,21.2
frame,lgw,Year 1, spring 4, Thursday,23360,21.9
frame,lgw,Year 1, spring 4, Thursday,23361,21.5
frame,lgw,Year 1, spring 4, Thursday,23362,0.4
frame,lgw,Year 1, spring 4, Thursday,23363,21.7
frame,lgw,Year 1, spring 4, Thursday,23364,21.1
frame,lgw,Year 1, spring 4, Thursday,23365,21.8
frame,lgw,Year 1, spring 4, Thursday,23366,21.6
frame,lgw,Year 1, spring 4, Thursday,23367,0.1
frame,lgw,Year 1, spring 4, Thursday,23368,21.0
frame,lgw,Year 1, spring 4, Thursday,23369,21.2
frame,lgw,Year 1, spring 4, Thursday,23370,21.6
frame,lgw,Year 1, spring 4, Thursday,23371,0.2
frame,lgw,Year 1, spring 4, Thursday,23372,21.6
frame,lgw,Year 1, spring 4, Thursday,23373,21.3
frame,lgw,Year 1, spring 4, Thursday,23374,21.4
frame,lgw,Year 1, spring 4, Thursday,23375,21.4
frame,lgw,Year 1, spring 4, Thursday,23376,0.2
frame,lgw,Year 1, spring 4, Thursday,23377,22.3
frame,lgw,Year 1, spring 4, Thursday,23378,21.2
frame,lgw,Year 1, spring 4, Thursday,23379,21.4
frame,lgw,Year 1, spring 4, Thursday,23380,0.1
frame,lgw,Year 1, spring 4, Thursday,23381,21.3
frame,lgw,Year 1, spring 4, Thursday,23382,21.8
frame,lgw,Year 1, spring 4, Thursday,23383,21.1
frame,lgw,Year 1, spring 4, Thursday,23384,21.0
frame,lgw,Year 1, spring 4, Thursday,23385,0.1
frame,lgw,Year 1, spring 4, Thursday,23386,21.0
frame,lgw,Year 1, spring 4, Thursday,23387,21.4
frame,lgw,Year 1, spring 4, Thursday,23388,20.8
frame,lgw,Year 1, spring 4, Thursday,23389,0.1
frame,lgw,Year 1, spring 4, Thursday,23390,20.8
frame,lgw,Year 1, spring 4, Thursday,23391,21.1
frame,lgw,Year 1, spring 4, Thursday,23392,21.8
frame,lgw,Year 1, spring 4, Thursday,23393,21.7
frame,lgw,Year 1, spring 4, Thursday,23394,0.2
frame,lgw,Year 1, spring 4, Thursday,23395,20.9
frame,lgw,Year 1, spring 4, Thursday,23396,21.1
frame,lgw,Year 1, spring 4, Thursday,23397,21.2
frame,lgw,Year 1, spring 4, Thursday,23398,21.0
frame,lgw,Year 1, spring 4, Thursday,23399,0.1
frame,lgw,Year 1, spring 4, Thursday,23400,21.7
frame,lgw,Year 1, spring 4, Thursday,23401,20.9
frame,lgw,Year 1, spring 4, Thursday,23402,21.1
frame,lgw,Year 1, spring 4, Thursday,23403,0.1
frame,lgw,Year 1, spring 4, Thursday,23404,22.0
frame,lgw,Year 1, spring 4, Thursday,23405,22.0
frame,lgw,Year 1, spring 4, Thursday,23406,21.0
frame,lgw,Year 1, spring 4, Thursday,23407,21.0
frame,lgw,Year 1, spring 4, Thursday,23408,0.2
frame,lgw,Year 1, spring 4, Thursday,23409,22.1
frame,lgw,Year 1, spring 4, Thursday,23410,21.0
frame,lgw,Year 1, spring 4, Thursday,23411,21.7
frame,lgw,Year 1, spring 4, Thursday,23412,0.1
frame,lgw,Year 1, spring 4, Thursday,23413,21.4
frame,lgw,Year 1, spring 4, Thursday,23414,21.5
frame,lgw,Year 1, spring 4, Thursday,23415,21.4
frame,lgw,Year 1, spring 4, Thursday,23416,21.1
frame,lgw,Year 1, spring 4, Thursday,23417,0.1
frame,lgw,Year 1, spring 4, Thursday,23418,21.0
frame,lgw,Year 1, spring 4, Thursday,23419,21.0
frame,lgw,Year 1, spring 4, Thursday,23420,21.5
frame,lgw,Year 1, spring 4, Thursday,23421,0.1
frame,lgw,Year 1, spring 4, Thursday,23422,21.1
frame,lgw,Year 1, spring 4, Thursday,23423,21.6
frame,lgw,Year 1, spring 4, Thursday,23424,20.9
frame,lgw,Year 1, spring 4, Thursday,23425,21.2
frame,lgw,Year 1, spring 4, Thursday,23426,0.1
frame,lgw,Year 1, spring 4, Thursday,23427,21.2
frame,lgw,Year 1, spring 4, Thursday,23428,21.0
frame,lgw,Year 1, spring 4, Thursday,23429,21.3
frame,lgw,Year 1, spring 4, Thursday,23430,21.5
frame,lgw,Year 1, spring 4, Thursday,23431,0.1
frame,lgw,Year 1, spring 4, Thursday,23432,21.5
frame,lgw,Year 1, spring 4, Thursday,23433,21.2
frame,lgw,Year 1, spring 4, Thursday,23434,21.0
frame,lgw,Year 1, spring 4, Thursday,23435,0.1
frame,lgw,Year 1, spring 4, Thursday,23436,21.6
frame,lgw,Year 1, spring 4, Thursday,23437,21.4
frame,lgw,Year 1, spring 4, Thursday,23438,21.7
frame,lgw,Year 1, spring 4, Thursday,23439,21.4
frame,lgw,Year 1, spring 4, Thursday,23440,0.1
frame,lgw,Year 1, spring 4, Thursday,23441,21.2
frame,lgw,Year 1, spring 4, Thursday,23442,20.9
frame,lgw,Year 1, spring 4, Thursday,23443,21.4
frame,lgw,Year 1, spring 4, Thursday,23444,0.1
frame,lgw,Year 1, spring 4, Thursday,23445,21.0
frame,lgw,Year 1, spring 4, Thursday,23446,21.0
frame,lgw,Year 1, spring 4, Thursday,23447,21.6
frame,lgw,Year 1, spring 4, Thursday,23448,21.1
frame,lgw,Year 1, spring 4, Thursday,23449,0.1
frame,lgw,Year 1, spring 4, Thursday,23450,21.3
frame,lgw,Year 1, spring 4, Thursday,23451,21.8
frame,lgw,Year 1, spring 4, Thursday,23452,21.3
frame,lgw,Year 1, spring 4, Thursday,23453,0.1
frame,lgw,Year 1, spring 4, Thursday,23454,21.4
frame,lgw,Year 1, spring 4, Thursday,23455,21.2
frame,lgw,Year 1, spring 4, Thursday,23456,22.6
frame,lgw,Year 1, spring 4, Thursday,23457,21.8
frame,lgw,Year 1, spring 4, Thursday,23458,0.1
frame,lgw,Year 1, spring 4, Thursday,23459,21.3
frame,lgw,Year 1, spring 4, Thursday,23460,20.8
frame,lgw,Year 1, spring 4, Thursday,23461,21.5
frame,lgw,Year 1, spring 4, Thursday,23462,0.2
frame,lgw,Year 1, spring 4, Thursday,23463,21.2
frame,lgw,Year 1, spring 4, Thursday,23464,22.5
frame,lgw,Year 1, spring 4, Thursday,23465,21.3
frame,lgw,Year 1, spring 4, Thursday,23466,0.1
frame,lgw,Year 1, spring 4, Thursday,23467,20.9
frame,lgw,Year 1, spring 4, Thursday,23468,22.7
frame,lgw,Year 1, spring 4, Thursday,23469,21.6
frame,lgw,Year 1, spring 4, Thursday,23470,22.8
frame,lgw,Year 1, spring 4, Thursday,23471,0.1
frame,lgw,Year 1, spring 4, Thursday,23472,21.0
frame,lgw,Year 1, spring 4, Thursday,23473,21.1
frame,lgw,Year 1, spring 4, Thursday,23474,22.3
frame,lgw,Year 1, spring 4, Thursday,23475,0.1
frame,lgw,Year 1, spring 4, Thursday,23476,21.0
frame,lgw,Year 1, spring 4, Thursday,23477,21.6
frame,lgw,Year 1, spring 4, Thursday,23478,20.9
frame,lgw,Year 1, spring 4, Thursday,23479,21.6
frame,lgw,Year 1, spring 4, Thursday,23480,0.2
frame,lgw,Year 1, spring 4, Thursday,23481,22.0
frame,lgw,Year 1, spring 4, Thursday,23482,22.0
frame,lgw,Year 1, spring 4, Thursday,23483,21.0
frame,lgw,Year 1, spring 4, Thursday,23484,0.1
frame,lgw,Year 1, spring 4, Thursday,23485,21.5
frame,lgw,Year 1, spring 4, Thursday,23486,21.4
frame,lgw,Year 1, spring 4, Thursday,23487,22.9
frame,lgw,Year 1, spring 4, Thursday,23488,0.1
frame,lgw,Year 1, spring 4, Thursday,23489,20.8
frame,lgw,Year 1, spring 4, Thursday,23490,21.0
frame,lgw,Year 1, spring 4, Thursday,23491,21.9
frame,lgw,Year 1, spring 4, Thursday,23492,21.3
frame,lgw,Year 1, spring 4, Thursday,23493,0.2
frame,lgw,Year 1, spring 4, Thursday,23494,22.2
frame,lgw,Year 1, spring 4, Thursday,23495,21.5
frame,lgw,Year 1, spring 4, Thursday,23496,21.5
frame,lgw,Year 1, spring 4, Thursday,23497,0.2
frame,lgw,Year 1, spring 4, Thursday,23498,21.9
frame,lgw,Year 1, spring 4, Thursday,23499,21.4
frame,lgw,Year 1, spring 4, Thursday,23500,21.0
frame,lgw,Year 1, spring 4, Thursday,23501,0.1
frame,lgw,Year 1, spring 4, Thursday,23502,21.2
frame,lgw,Year 1, spring 4, Thursday,23503,21.7
frame,lgw,Year 1, spring 4, Thursday,23504,21.8
frame,lgw,Year 1, spring 4, Thursday,23505,21.5
frame,lgw,Year 1, spring 4, Thursday,23506,0.1
frame,lgw,Year 1, spring 4, Thursday,23507,20.8
frame,lgw,Year 1, spring 4, Thursday,23508,21.5
frame,lgw,Year 1, spring 4, Thursday,23509,21.4
frame,lgw,Year 1, spring 4, Thursday,23510,0.1
frame,lgw,Year 1, spring 4, Thursday,23511,21.6
frame,lgw,Year 1, spring 4, Thursday,23512,21.5
frame,lgw,Year 1, spring 4, Thursday,23513,21.3
frame,lgw,Year 1, spring 4, Thursday,23514,21.4
frame,lgw,Year 1, spring 4, Thursday,23515,0.1
frame,lgw,Year 1, spring 4, Thursday,23516,21.1
frame,lgw,Year 1, spring 4, Thursday,23517,21.4
frame,lgw,Year 1, spring 4, Thursday,23518,21.3
frame,lgw,Year 1, spring 4, Thursday,23519,0.1
frame,lgw,Year 1, spring 4, Thursday,23520,21.1
frame,lgw,Year 1, spring 4, Thursday,23521,21.2
frame,lgw,Year 1, spring 4, Thursday,23522,21.5
frame,lgw,Year 1, spring 4, Thursday,23523,21.8
frame,lgw,Year 1, spring 4, Thursday,23524,0.1
frame,lgw,Year 1, spring 4, Thursday,23525,21.8
frame,lgw,Year 1, spring 4, Thursday,23526,21.4
frame,lgw,Year 1, spring 4, Thursday,23527,21.6
frame,lgw,Year 1, spring 4, Thursday,23528,0.4
frame,lgw,Year 1, spring 4, Thursday,23529,21.6
frame,lgw,Year 1, spring 4, Thursday,23530,21.5
frame,lgw,Year 1, spring 4, Thursday,23531,22.0
frame,lgw,Year 1, spring 4, Thursday,23532,0.1
frame,lgw,Year 1, spring 4, Thursday,23533,21.5
frame,lgw,Year 1, spring 4, Thursday,23534,21.2
frame,lgw,Year 1, spring 4, Thursday,23535,21.4
frame,lgw,Year 1, spring 4, Thursday,23536,21.7
frame,lgw,Year 1, spring 4, Thursday,23537,0.1
frame,lgw,Year 1, spring 4, Thursday,23538,21.8
frame,lgw,Year 1, spring 4, Thursday,23539,21.3
frame,lgw,Year 1, spring 4, Thursday,23540,21.2
frame,lgw,Year 1, spring 4, Thursday,23541,0.1
frame,lgw,Year 1, spring 4, Thursday,23542,21.4
frame,lgw,Year 1, spring 4, Thursday,23543,22.1
frame,lgw,Year 1, spring 4, Thursday,23544,21.9
frame,lgw,Year 1, spring 4, Thursday,23545,21.3
frame,lgw,Year 1, spring 4, Thursday,23546,0.3
frame,lgw,Year 1, spring 4, Thursday,23547,21.4
frame,lgw,Year 1, spring 4, Thursday,23548,21.9
frame,lgw,Year 1, spring 4, Thursday,23549,21.8
frame,lgw,Year 1, spring 4, Thursday,23550,0.2
frame,lgw,Year 1, spring 4, Thursday,23551,22.1
frame,lgw,Year 1, spring 4, Thursday,23552,21.4
frame,lgw,Year 1, spring 4, Thursday,23553,22.7
frame,lgw,Year 1, spring 4, Thursday,23554,0.5
frame,lgw,Year 1, spring 4, Thursday,23555,22.1
frame,lgw,Year 1, spring 4, Thursday,23556,22.5
frame,lgw,Year 1, spring 4, Thursday,23557,21.5
frame,lgw,Year 1, spring 4, Thursday,23558,0.2
frame,lgw,Year 1, spring 4, Thursday,23559,21.6
frame,lgw,Year 1, spring 4, Thursday,23560,20.9
frame,lgw,Year 1, spring 4, Thursday,23561,21.5
frame,lgw,Year 1, spring 4, Thursday,23562,21.5
frame,lgw,Year 1, spring 4, Thursday,23563,0.1
frame,lgw,Year 1, spring 4, Thursday,23564,21.4
frame,lgw,Year 1, spring 4, Thursday,23565,21.4
frame,lgw,Year 1, spring 4, Thursday,23566,21.4
frame,lgw,Year 1, spring 4, Thursday,23567,0.2
frame,lgw,Year 1, spring 4, Thursday,23568,21.3
frame,lgw,Year 1, spring 4, Thursday,23569,21.6
frame,lgw,Year 1, spring 4, Thursday,23570,21.2
frame,lgw,Year 1, spring 4, Thursday,23571,21.8
frame,lgw,Year 1, spring 4, Thursday,23572,0.2
frame,lgw,Year 1, spring 4, Thursday,23573,21.7
frame,lgw,Year 1, spring 4, Thursday,23574,21.2
frame,lgw,Year 1, spring 4, Thursday,23575,21.5
frame,lgw,Year 1, spring 4, Thursday,23576,0.1
frame,lgw,Year 1, spring 4, Thursday,23577,21.4
frame,lgw,Year 1, spring 4, Thursday,23578,21.2
frame,lgw,Year 1, spring 4, Thursday,23579,21.9
frame,lgw,Year 1, spring 4, Thursday,23580,0.1
frame,lgw,Year 1, spring 4, Thursday,23581,21.1
frame,lgw,Year 1, spring 4, Thursday,23582,22.2
frame,lgw,Year 1, spring 4, Thursday,23583,22.6
frame,lgw,Year 1, spring 4, Thursday,23584,0.1
frame,lgw,Year 1, spring 4, Thursday,23585,22.1
frame,lgw,Year 1, spring 4, Thursday,23586,21.9
frame,lgw,Year 1, spring 4, Thursday,23587,21.3
frame,lgw,Year 1, spring 4, Thursday,23588,22.3
frame,lgw,Year 1, spring 4, Thursday,23589,0.1
frame,lgw,Year 1, spring 4, Thursday,23590,21.0
frame,lgw,Year 1, spring 4, Thursday,23591,21.1
frame,lgw,Year 1, spring 4, Thursday,23592,21.4
frame,lgw,Year 1, spring 4, Thursday,23593,0.1
frame,lgw,Year 1, spring 4, Thursday,23594,21.8
frame,lgw,Year 1, spring 4, Thursday,23595,21.6
frame,lgw,Year 1, spring 4, Thursday,23596,21.5
frame,lgw,Year 1, spring 4, Thursday,23597,0.1
frame,lgw,Year 1, spring 4, Thursday,23598,21.0
frame,lgw,Year 1, spring 4, Thursday,23599,21.2
frame,lgw,Year 1, spring 4, Thursday,23600,21.8
frame,lgw,Year 1, spring 4, Thursday,23601,21.3
frame,lgw,Year 1, spring 4, Thursday,23602,0.2
frame,lgw,Year 1, spring 4, Thursday,23603,21.4
frame,lgw,Year 1, spring 4, Thursday,23604,21.5
frame,lgw,Year 1, spring 4, Thursday,23605,21.6
frame,lgw,Year 1, spring 4, Thursday,23606,0.2
frame,lgw,Year 1, spring 4, Thursday,23607,21.1
frame,lgw,Year 1, spring 4, Thursday,23608,21.1
frame,lgw,Year 1, spring 4, Thursday,23609,21.1
frame,lgw,Year 1, spring 4, Thursday,23610,21.6
frame,lgw,Year 1, spring 4, Thursday,23611,0.3
frame,lgw,Year 1, spring 4, Thursday,23612,21.4
frame,lgw,Year 1, spring 4, Thursday,23613,21.2
frame,lgw,Year 1, spring 4, Thursday,23614,21.3
frame,lgw,Year 1, spring 4, Thursday,23615,21.2
frame,lgw,Year 1, spring 4, Thursday,23616,0.1
frame,lgw,Year 1, spring 4, Thursday,23617,21.6
frame,lgw,Year 1, spring 4, Thursday,23618,21.5
frame,lgw,Year 1, spring 4, Thursday,23619,21.3
frame,lgw,Year 1, spring 4, Thursday,23620,0.2
frame,lgw,Year 1, spring 4, Thursday,23621,21.5
frame,lgw,Year 1, spring 4, Thursday,23622,20.9
frame,lgw,Year 1, spring 4, Thursday,23623,22.3
frame,lgw,Year 1, spring 4, Thursday,23624,0.2
frame,lgw,Year 1, spring 4, Thursday,23625,21.3
frame,lgw,Year 1, spring 4, Thursday,23626,21.2
frame,lgw,Year 1, spring 4, Thursday,23627,21.0
frame,lgw,Year 1, spring 4, Thursday,23628,21.3
frame,lgw,Year 1, spring 4, Thursday,23629,0.1
frame,lgw,Year 1, spring 4, Thursday,23630,21.0
frame,lgw,Year 1, spring 4, Thursday,23631,21.3
frame,lgw,Year 1, spring 4, Thursday,23632,21.1
frame,lgw,Year 1, spring 4, Thursday,23633,21.7
frame,lgw,Year 1, spring 4, Thursday,23634,0.1
frame,lgw,Year 1, spring 4, Thursday,23635,21.2
frame,lgw,Year 1, spring 4, Thursday,23636,21.5
frame,lgw,Year 1, spring 4, Thursday,23637,22.7
frame,lgw,Year 1, spring 4, Thursday,23638,0.1
frame,lgw,Year 1, spring 4, Thursday,23639,21.5
frame,lgw,Year 1, spring 4, Thursday,23640,21.2
frame,lgw,Year 1, spring 4, Thursday,23641,21.3
frame,lgw,Year 1, spring 4, Thursday,23642,21.1
frame,lgw,Year 1, spring 4, Thursday,23643,0.1
frame,lgw,Year 1, spring 4, Thursday,23644,21.3
frame,lgw,Year 1, spring 4, Thursday,23645,21.5
frame,lgw,Year 1, spring 4, Thursday,23646,21.4
frame,lgw,Year 1, spring 4, Thursday,23647,0.1
frame,lgw,Year 1, spring 4, Thursday,23648,21.3
frame,lgw,Year 1, spring 4, Thursday,23649,21.2
frame,lgw,Year 1, spring 4, Thursday,23650,21.7
frame,lgw,Year 1, spring 4, Thursday,23651,22.1
frame,lgw,Year 1, spring 4, Thursday,23652,0.1
frame,lgw,Year 1, spring 4, Thursday,23653,21.3
frame,lgw,Year 1, spring 4, Thursday,23654,21.4
frame,lgw,Year 1, spring 4, Thursday,23655,21.0
frame,lgw,Year 1, spring 4, Thursday,23656,0.1
frame,lgw,Year 1, spring 4, Thursday,23657,21.1
frame,lgw,Year 1, spring 4, Thursday,23658,21.7
frame,lgw,Year 1, spring 4, Thursday,23659,20.9
frame,lgw,Year 1, spring 4, Thursday,23660,21.0
frame,lgw,Year 1, spring 4, Thursday,23661,0.2
frame,lgw,Year 1, spring 4, Thursday,23662,22.3
frame,lgw,Year 1, spring 4, Thursday,23663,21.1
frame,lgw,Year 1, spring 4, Thursday,23664,21.2
frame,lgw,Year 1, spring 4, Thursday,23665,0.1
frame,lgw,Year 1, spring 4, Thursday,23666,21.3
frame,lgw,Year 1, spring 4, Thursday,23667,21.7
frame,lgw,Year 1, spring 4, Thursday,23668,21.3
frame,lgw,Year 1, spring 4, Thursday,23669,21.6
frame,lgw,Year 1, spring 4, Thursday,23670,0.1
frame,lgw,Year 1, spring 4, Thursday,23671,21.0
frame,lgw,Year 1, spring 4, Thursday,23672,21.8
frame,lgw,Year 1, spring 4, Thursday,23673,20.9
frame,lgw,Year 1, spring 4, Thursday,23674,0.2
frame,lgw,Year 1, spring 4, Thursday,23675,20.9
frame,lgw,Year 1, spring 4, Thursday,23676,22.3
frame,lgw,Year 1, spring 4, Thursday,23677,21.2
frame,lgw,Year 1, spring 4, Thursday,23678,21.4
frame,lgw,Year 1, spring 4, Thursday,23679,0.3
frame,lgw,Year 1, spring 4, Thursday,23680,21.9
frame,lgw,Year 1, spring 4, Thursday,23681,21.7
frame,lgw,Year 1, spring 4, Thursday,23682,22.6
frame,lgw,Year 1, spring 4, Thursday,23683,0.1
frame,lgw,Year 1, spring 4, Thursday,23684,21.6
frame,lgw,Year 1, spring 4, Thursday,23685,21.0
frame,lgw,Year 1, spring 4, Thursday,23686,21.6
frame,lgw,Year 1, spring 4, Thursday,23687,0.1
frame,lgw,Year 1, spring 4, Thursday,23688,21.2
frame,lgw,Year 1, spring 4, Thursday,23689,21.4
frame,lgw,Year 1, spring 4, Thursday,23690,21.1
frame,lgw,Year 1, spring 4, Thursday,23691,21.3
frame,lgw,Year 1, spring 4, Thursday,23692,0.1
frame,lgw,Year 1, spring 4, Thursday,23693,20.8
frame,lgw,Year 1, spring 4, Thursday,23694,21.4
frame,lgw,Year 1, spring 4, Thursday,23695,21.0
frame,lgw,Year 1, spring 4, Thursday,23696,0.1
frame,lgw,Year 1, spring 4, Thursday,23697,20.8
frame,lgw,Year 1, spring 4, Thursday,23698,21.7
frame,lgw,Year 1, spring 4, Thursday,23699,23.5
frame,lgw,Year 1, spring 4, Thursday,23700,21.1
frame,lgw,Year 1, spring 4, Thursday,23701,0.1
frame,lgw,Year 1, spring 4, Thursday,23702,20.9
frame,lgw,Year 1, spring 4, Thursday,23703,22.1
frame,lgw,Year 1, spring 4, Thursday,23704,21.3
frame,lgw,Year 1, spring 4, Thursday,23705,0.2
frame,lgw,Year 1, spring 4, Thursday,23706,22.2
frame,lgw,Year 1, spring 4, Thursday,23707,21.0
frame,lgw,Year 1, spring 4, Thursday,23708,21.5
frame,lgw,Year 1, spring 4, Thursday,23709,0.2
frame,lgw,Year 1, spring 4, Thursday,23710,21.6
frame,lgw,Year 1, spring 4, Thursday,23711,21.2
frame,lgw,Year 1, spring 4, Thursday,23712,21.3
frame,lgw,Year 1, spring 4, Thursday,23713,21.3
frame,lgw,Year 1, spring 4, Thursday,23714,0.1
frame,lgw,Year 1, spring 4, Thursday,23715,21.3
frame,lgw,Year 1, spring 4, Thursday,23716,21.2
frame,lgw,Year 1, spring 4, Thursday,23717,21.5
frame,lgw,Year 1, spring 4, Thursday,23718,21.4
frame,lgw,Year 1, spring 4, Thursday,23719,0.1
frame,lgw,Year 1, spring 4, Thursday,23720,21.2
frame,lgw,Year 1, spring 4, Thursday,23721,21.1
frame,lgw,Year 1, spring 4, Thursday,23722,22.1
frame,lgw,Year 1, spring 4, Thursday,23723,0.4
frame,lgw,Year 1, spring 4, Thursday,23724,23.0
frame,lgw,Year 1, spring 4, Thursday,23725,22.9
frame,lgw,Year 1, spring 4, Thursday,23726,21.0
frame,lgw,Year 1, spring 4, Thursday,23727,0.1
frame,lgw,Year 1, spring 4, Thursday,23728,21.1
frame,lgw,Year 1, spring 4, Thursday,23729,20.8
frame,lgw,Year 1, spring 4, Thursday,23730,21.4
frame,lgw,Year 1, spring 4, Thursday,23731,22.1
frame,lgw,Year 1, spring 4, Thursday,23732,0.1
frame,lgw,Year 1, spring 4, Thursday,23733,21.4
frame,lgw,Year 1, spring 4, Thursday,23734,21.0
frame,lgw,Year 1, spring 4, Thursday,23735,21.6
frame,lgw,Year 1, spring 4, Thursday,23736,0.1
frame,lgw,Year 1, spring 4, Thursday,23737,21.2
frame,lgw,Year 1, spring 4, Thursday,23738,21.3
frame,lgw,Year 1, spring 4, Thursday,23739,21.9
frame,lgw,Year 1, spring 4, Thursday,23740,0.1
frame,lgw,Year 1, spring 4, Thursday,23741,21.4
frame,lgw,Year 1, spring 4, Thursday,23742,22.0
frame,lgw,Year 1, spring 4, Thursday,23743,20.8
frame,lgw,Year 1, spring 4, Thursday,23744,20.9
frame,lgw,Year 1, spring 4, Thursday,23745,0.1
frame,lgw,Year 1, spring 4, Thursday,23746,20.8
frame,lgw,Year 1, spring 4, Thursday,23747,21.3
frame,lgw,Year 1, spring 4, Thursday,23748,21.3
frame,lgw,Year 1, spring 4, Thursday,23749,21.1
frame,lgw,Year 1, spring 4, Thursday,23750,0.1
frame,lgw,Year 1, spring 4, Thursday,23751,20.8
frame,lgw,Year 1, spring 4, Thursday,23752,21.1
frame,lgw,Year 1, spring 4, Thursday,23753,21.1
frame,lgw,Year 1, spring 4, Thursday,23754,0.1
frame,lgw,Year 1, spring 4, Thursday,23755,21.4
frame,lgw,Year 1, spring 4, Thursday,23756,20.7
frame,lgw,Year 1, spring 4, Thursday,23757,21.5
frame,lgw,Year 1, spring 4, Thursday,23758,21.1
frame,lgw,Year 1, spring 4, Thursday,23759,0.1
frame,lgw,Year 1, spring 4, Thursday,23760,20.8
frame,lgw,Year 1, spring 4, Thursday,23761,21.0
frame,lgw,Year 1, spring 4, Thursday,23762,22.1
frame,lgw,Year 1, spring 4, Thursday,23763,21.8
frame,lgw,Year 1, spring 4, Thursday,23764,0.1
frame,lgw,Year 1, spring 4, Thursday,23765,21.2
frame,lgw,Year 1, spring 4, Thursday,23766,21.3
frame,lgw,Year 1, spring 4, Thursday,23767,21.8
frame,lgw,Year 1, spring 4, Thursday,23768,0.5
frame,lgw,Year 1, spring 4, Thursday,23769,22.5
frame,lgw,Year 1, spring 4, Thursday,23770,21.8
frame,lgw,Year 1, spring 4, Thursday,23771,21.1
frame,lgw,Year 1, spring 4, Thursday,23772,0.3
frame,lgw,Year 1, spring 4, Thursday,23773,21.8
frame,lgw,Year 1, spring 4, Thursday,23774,21.3
frame,lgw,Year 1, spring 4, Thursday,23775,21.4
frame,lgw,Year 1, spring 4, Thursday,23776,21.2
frame,lgw,Year 1, spring 4, Thursday,23777,0.1
frame,lgw,Year 1, spring 4, Thursday,23778,21.1
frame,lgw,Year 1, spring 4, Thursday,23779,20.7
frame,lgw,Year 1, spring 4, Thursday,23780,21.3
frame,lgw,Year 1, spring 4, Thursday,23781,0.1
frame,lgw,Year 1, spring 4, Thursday,23782,21.1
frame,lgw,Year 1, spring 4, Thursday,23783,21.2
frame,lgw,Year 1, spring 4, Thursday,23784,21.3
frame,lgw,Year 1, spring 4, Thursday,23785,21.1
frame,lgw,Year 1, spring 4, Thursday,23786,0.1
frame,lgw,Year 1, spring 4, Thursday,23787,21.5
frame,lgw,Year 1, spring 4, Thursday,23788,21.3
frame,lgw,Year 1, spring 4, Thursday,23789,22.4
frame,lgw,Year 1, spring 4, Thursday,23790,0.1
frame,lgw,Year 1, spring 4, Thursday,23791,22.3
frame,lgw,Year 1, spring 4, Thursday,23792,23.3
frame,lgw,Year 1, spring 4, Thursday,23793,21.7
frame,lgw,Year 1, spring 4, Thursday,23794,0.1
frame,lgw,Year 1, spring 4, Thursday,23795,21.2
frame,lgw,Year 1, spring 4, Thursday,23796,22.0
frame,lgw,Year 1, spring 4, Thursday,23797,21.2
frame,lgw,Year 1, spring 4, Thursday,23798,22.0
frame,lgw,Year 1, spring 4, Thursday,23799,0.1
frame,lgw,Year 1, spring 4, Thursday,23800,21.4
frame,lgw,Year 1, spring 4, Thursday,23801,21.8
frame,lgw,Year 1, spring 4, Thursday,23802,21.6
frame,lgw,Year 1, spring 4, Thursday,23803,0.1
frame,lgw,Year 1, spring 4, Thursday,23804,20.8
frame,lgw,Year 1, spring 4, Thursday,23805,21.1
frame,lgw,Year 1, spring 4, Thursday,23806,21.4
frame,lgw,Year 1, spring 4, Thursday,23807,21.1
frame,lgw,Year 1, spring 4, Thursday,23808,0.2
frame,lgw,Year 1, spring 4, Thursday,23809,21.3
frame,lgw,Year 1, spring 4, Thursday,23810,21.2
frame,lgw,Year 1, spring 4, Thursday,23811,21.0
frame,lgw,Year 1, spring 4, Thursday,23812,0.1
frame,lgw,Year 1, spring 4, Thursday,23813,21.3
frame,lgw,Year 1, spring 4, Thursday,23814,21.2
frame,lgw,Year 1, spring 4, Thursday,23815,21.4
frame,lgw,Year 1, spring 4, Thursday,23816,21.8
frame,lgw,Year 1, spring 4, Thursday,23817,0.1
frame,lgw,Year 1, spring 4, Thursday,23818,21.0
frame,lgw,Year 1, spring 4, Thursday,23819,21.1
frame,lgw,Year 1, spring 4, Thursday,23820,21.5
frame,lgw,Year 1, spring 4, Thursday,23821,0.1
frame,lgw,Year 1, spring 4, Thursday,23822,21.0
frame,lgw,Year 1, spring 4, Thursday,23823,21.0
frame,lgw,Year 1, spring 4, Thursday,23824,21.4
frame,lgw,Year 1, spring 4, Thursday,23825,21.2
frame,lgw,Year 1, spring 4, Thursday,23826,0.1
frame,lgw,Year 1, spring 4, Thursday,23827,21.3
frame,lgw,Year 1, spring 4, Thursday,23828,21.5
frame,lgw,Year 1, spring 4, Thursday,23829,21.1
frame,lgw,Year 1, spring 4, Thursday,23830,22.1
frame,lgw,Year 1, spring 4, Thursday,23831,0.1
frame,lgw,Year 1, spring 4, Thursday,23832,21.2
frame,lgw,Year 1, spring 4, Thursday,23833,21.6
frame,lgw,Year 1, spring 4, Thursday,23834,20.9
frame,lgw,Year 1, spring 4, Thursday,23835,0.1
frame,lgw,Year 1, spring 4, Thursday,23836,21.1
frame,lgw,Year 1, spring 4, Thursday,23837,20.8
frame,lgw,Year 1, spring 4, Thursday,23838,20.8
frame,lgw,Year 1, spring 4, Thursday,23839,21.2
frame,lgw,Year 1, spring 4, Thursday,23840,0.1
frame,lgw,Year 1, spring 4, Thursday,23841,21.1
frame,lgw,Year 1, spring 4, Thursday,23842,21.1
frame,lgw,Year 1, spring 4, Thursday,23843,21.4
frame,lgw,Year 1, spring 4, Thursday,23844,21.7
frame,lgw,Year 1, spring 4, Thursday,23845,0.1
frame,lgw,Year 1, spring 4, Thursday,23846,21.4
frame,lgw,Year 1, spring 4, Thursday,23847,21.2
frame,lgw,Year 1, spring 4, Thursday,23848,22.2
frame,lgw,Year 1, spring 4, Thursday,23849,0.1
frame,lgw,Year 1, spring 4, Thursday,23850,21.4
frame,lgw,Year 1, spring 4, Thursday,23851,21.3
frame,lgw,Year 1, spring 4, Thursday,23852,21.2
frame,lgw,Year 1, spring 4, Thursday,23853,0.1
frame,lgw,Year 1, spring 4, Thursday,23854,20.8
frame,lgw,Year 1, spring 4, Thursday,23855,21.1
frame,lgw,Year 1, spring 4, Thursday,23856,21.5
frame,lgw,Year 1, spring 4, Thursday,23857,22.1
frame,lgw,Year 1, spring 4, Thursday,23858,0.2
frame,lgw,Year 1, spring 4, Thursday,23859,23.0
frame,lgw,Year 1, spring 4, Thursday,23860,21.0
frame,lgw,Year 1, spring 4, Thursday,23861,21.4
frame,lgw,Year 1, spring 4, Thursday,23862,0.1
frame,lgw,Year 1, spring 4, Thursday,23863,21.3
frame,lgw,Year 1, spring 4, Thursday,23864,21.3
frame,lgw,Year 1, spring 4, Thursday,23865,22.6
frame,lgw,Year 1, spring 4, Thursday,23866,21.3
frame,lgw,Year 1, spring 4, Thursday,23867,0.1
frame,lgw,Year 1, spring 4, Thursday,23868,21.2
frame,lgw,Year 1, spring 4, Thursday,23869,21.4
frame,lgw,Year 1, spring 4, Thursday,23870,22.3
frame,lgw,Year 1, spring 4, Thursday,23871,0.2
frame,lgw,Year 1, spring 4, Thursday,23872,22.1
frame,lgw,Year 1, spring 4, Thursday,23873,21.4
frame,lgw,Year 1, spring 4, Thursday,23874,21.5
frame,lgw,Year 1, spring 4, Thursday,23875,0.2
frame,lgw,Year 1, spring 4, Thursday,23876,21.2
frame,lgw,Year 1, spring 4, Thursday,23877,21.2
frame,lgw,Year 1, spring 4, Thursday,23878,21.1
frame,lgw,Year 1, spring 4, Thursday,23879,22.2
frame,lgw,Year 1, spring 4, Thursday,23880,0.1
frame,lgw,Year 1, spring 4, Thursday,23881,21.2
frame,lgw,Year 1, spring 4, Thursday,23882,21.4
frame,lgw,Year 1, spring 4, Thursday,23883,21.2
frame,lgw,Year 1, spring 4, Thursday,23884,0.2
frame,lgw,Year 1, spring 4, Thursday,23885,21.2
frame,lgw,Year 1, spring 4, Thursday,23886,21.9
frame,lgw,Year 1, spring 4, Thursday,23887,21.4
frame,lgw,Year 1, spring 4, Thursday,23888,21.4
frame,lgw,Year 1, spring 4, Thursday,23889,0.1
frame,lgw,Year 1, spring 4, Thursday,23890,21.0
frame,lgw,Year 1, spring 4, Thursday,23891,21.2
frame,lgw,Year 1, spring 4, Thursday,23892,20.9
frame,lgw,Year 1, spring 4, Thursday,23893,0.1
frame,lgw,Year 1, spring 4, Thursday,23894,22.4
frame,lgw,Year 1, spring 4, Thursday,23895,21.6
frame,lgw,Year 1, spring 4, Thursday,23896,21.5
frame,lgw,Year 1, spring 4, Thursday,23897,21.7
frame,lgw,Year 1, spring 4, Thursday,23898,0.2
frame,lgw,Year 1, spring 4, Thursday,23899,21.2
frame,lgw,Year 1, spring 4, Thursday,23900,21.1
frame,lgw,Year 1, spring 4, Thursday,23901,21.6
frame,lgw,Year 1, spring 4, Thursday,23902,0.2
frame,lgw,Year 1, spring 4, Thursday,23903,21.6
frame,lgw,Year 1, spring 4, Thursday,23904,21.1
frame,lgw,Year 1, spring 4, Thursday,23905,21.1
frame,lgw,Year 1, spring 4, Thursday,23906,21.5
frame,lgw,Year 1, spring 4, Thursday,23907,0.1
frame,lgw,Year 1, spring 4, Thursday,23908,22.4
frame,lgw,Year 1, spring 4, Thursday,23909,22.0
frame,lgw,Year 1, spring 4, Thursday,23910,21.3
frame,lgw,Year 1, spring 4, Thursday,23911,0.2
frame,lgw,Year 1, spring 4, Thursday,23912,21.5
frame,lgw,Year 1, spring 4, Thursday,23913,21.5
frame,lgw,Year 1, spring 4, Thursday,23914,21.1
frame,lgw,Year 1, spring 4, Thursday,23915,0.1
frame,lgw,Year 1, spring 4, Thursday,23916,22.6
frame,lgw,Year 1, spring 4, Thursday,23917,21.8
frame,lgw,Year 1, spring 4, Thursday,23918,22.2
frame,lgw,Year 1, spring 4, Thursday,23919,0.1
frame,lgw,Year 1, spring 4, Thursday,23920,21.2
frame,lgw,Year 1, spring 4, Thursday,23921,21.1
frame,lgw,Year 1, spring 4, Thursday,23922,21.3
frame,lgw,Year 1, spring 4, Thursday,23923,21.0
frame,lgw,Year 1, spring 4, Thursday,23924,0.2
frame,lgw,Year 1, spring 4, Thursday,23925,21.1
frame,lgw,Year 1, spring 4, Thursday,23926,21.2
frame,lgw,Year 1, spring 4, Thursday,23927,21.7
frame,lgw,Year 1, spring 4, Thursday,23928,21.5
frame,lgw,Year 1, spring 4, Thursday,23929,0.3
frame,lgw,Year 1, spring 4, Thursday,23930,21.1
frame,lgw,Year 1, spring 4, Thursday,23931,21.1
frame,lgw,Year 1, spring 4, Thursday,23932,21.5
frame,lgw,Year 1, spring 4, Thursday,23933,0.3
frame,lgw,Year 1, spring 4, Thursday,23934,21.3
frame,lgw,Year 1, spring 4, Thursday,23935,21.1
frame,lgw,Year 1, spring 4, Thursday,23936,21.0
frame,lgw,Year 1, spring 4, Thursday,23937,21.1
frame,lgw,Year 1, spring 4, Thursday,23938,0.1
frame,lgw,Year 1, spring 4, Thursday,23939,21.1
frame,lgw,Year 1, spring 4, Thursday,23940,21.1
frame,lgw,Year 1, spring 4, Thursday,23941,22.1
frame,lgw,Year 1, spring 4, Thursday,23942,0.2
frame,lgw,Year 1, spring 4, Thursday,23943,22.4
frame,lgw,Year 1, spring 4, Thursday,23944,21.3
frame,lgw,Year 1, spring 4, Thursday,23945,21.7
frame,lgw,Year 1, spring 4, Thursday,23946,21.1
frame,lgw,Year 1, spring 4, Thursday,23947,0.1
frame,lgw,Year 1, spring 4, Thursday,23948,21.4
frame,lgw,Year 1, spring 4, Thursday,23949,21.5
frame,lgw,Year 1, spring 4, Thursday,23950,21.8
frame,lgw,Year 1, spring 4, Thursday,23951,0.1
frame,lgw,Year 1, spring 4, Thursday,23952,21.1
frame,lgw,Year 1, spring 4, Thursday,23953,21.1
frame,lgw,Year 1, spring 4, Thursday,23954,22.5
frame,lgw,Year 1, spring 4, Thursday,23955,0.1
frame,lgw,Year 1, spring 4, Thursday,23956,21.2
frame,lgw,Year 1, spring 4, Thursday,23957,21.9
frame,lgw,Year 1, spring 4, Thursday,23958,20.9
frame,lgw,Year 1, spring 4, Thursday,23959,21.1
frame,lgw,Year 1, spring 4, Thursday,23960,0.2
frame,lgw,Year 1, spring 4, Thursday,23961,22.0
frame,lgw,Year 1, spring 4, Thursday,23962,21.2
frame,lgw,Year 1, spring 4, Thursday,23963,20.9
frame,lgw,Year 1, spring 4, Thursday,23964,0.1
frame,lgw,Year 1, spring 4, Thursday,23965,21.1
frame,lgw,Year 1, spring 4, Thursday,23966,21.1
frame,lgw,Year 1, spring 4, Thursday,23967,21.5
frame,lgw,Year 1, spring 4, Thursday,23968,21.6
frame,lgw,Year 1, spring 4, Thursday,23969,0.1
frame,lgw,Year 1, spring 4, Thursday,23970,21.2
frame,lgw,Year 1, spring 4, Thursday,23971,21.2
frame,lgw,Year 1, spring 4, Thursday,23972,20.9
frame,lgw,Year 1, spring 4, Thursday,23973,21.5
frame,lgw,Year 1, spring 4, Thursday,23974,0.1
frame,lgw,Year 1, spring 4, Thursday,23975,21.3
frame,lgw,Year 1, spring 4, Thursday,23976,21.6
frame,lgw,Year 1, spring 4, Thursday,23977,21.4
frame,lgw,Year 1, spring 4, Thursday,23978,0.4
frame,lgw,Year 1, spring 4, Thursday,23979,21.6
frame,lgw,Year 1, spring 4, Thursday,23980,21.9
frame,lgw,Year 1, spring 4, Thursday,23981,21.8
frame,lgw,Year 1, spring 4, Thursday,23982,0.1
frame,lgw,Year 1, spring 4, Thursday,23983,21.6
frame,lgw,Year 1, spring 4, Thursday,23984,21.4
frame,lgw,Year 1, spring 4, Thursday,23985,21.4
frame,lgw,Year 1, spring 4, Thursday,23986,21.7
frame,lgw,Year 1, spring 4, Thursday,23987,0.1
frame,lgw,Year 1, spring 4, Thursday,23988,21.7
frame,lgw,Year 1, spring 4, Thursday,23989,21.5
frame,lgw,Year 1, spring 4, Thursday,23990,21.4
frame,lgw,Year 1, spring 4, Thursday,23991,0.1
frame,lgw,Year 1, spring 4, Thursday,23992,21.8
frame,lgw,Year 1, spring 4, Thursday,23993,21.4
frame,lgw,Year 1, spring 4, Thursday,23994,21.4
frame,lgw,Year 1, spring 4, Thursday,23995,22.9
frame,lgw,Year 1, spring 4, Thursday,23996,0.1
frame,lgw,Year 1, spring 4, Thursday,23997,21.4
frame,lgw,Year 1, spring 4, Thursday,23998,21.6
frame,lgw,Year 1, spring 4, Thursday,23999,21.3
switch,lgw,Year 1, spring 4, Thursday,650,17.5
switch,lgw,Year 1, spring 4, Thursday,700,17.5
switch,lgw,Year 1, spring 4, Thursday,710,17.2
switch,lgw,Year 1, spring 4, Thursday,720,17.4
switch,lgw,Year 1, spring 4, Thursday,730,17.2
switch,lgw,Year 1, spring 4, Thursday,740,68.7
switchdetail,lgw,Year 1, spring 4, Thursday,640,0,0.0
switchdetail,lgw,Year 1, spring 4, Thursday,650,0,0.0
switchdetail,lgw,Year 1, spring 4, Thursday,700,0,0.0
switchdetail,lgw,Year 1, spring 4, Thursday,710,0,0.0
switchdetail,lgw,Year 1, spring 4, Thursday,720,0,0.0
switchdetail,lgw,Year 1, spring 4, Thursday,730,0,0.0
lag,lgw,Year 1, spring 4, Thursday,25323,180.3
lag,lgw,Year 1, spring 4, Thursday,26837,51.0
lag,lgw,Year 1, spring 4, Thursday,27033,62.5
lag,lgw,Year 1, spring 4, Thursday,27037,51.7
lag,lgw,Year 1, spring 4, Thursday,27419,85.1
lag,lgw,Year 1, spring 4, Thursday,27521,80.7
lag,lgw,Year 1, spring 4, Thursday,27604,60.0
lag,lgw,Year 1, spring 4, Thursday,27674,68.6
lag,lgw,Year 1, spring 4, Thursday,27762,68.7
lag,lgw,Year 1, spring 4, Thursday,27788,84.0
lag,lgw,Year 1, spring 4, Thursday,29831,84.7
lag,lgw,Year 1, spring 4, Thursday,29861,156.4
frame,lgw,Year 1, spring 4, Thursday,29120,0.2
frame,lgw,Year 1, spring 4, Thursday,29121,22.0
frame,lgw,Year 1, spring 4, Thursday,29122,21.9
frame,lgw,Year 1, spring 4, Thursday,29123,22.0
frame,lgw,Year 1, spring 4, Thursday,29124,0.1
frame,lgw,Year 1, spring 4, Thursday,29125,21.7
frame,lgw,Year 1, spring 4, Thursday,29126,21.6
frame,lgw,Year 1, spring 4, Thursday,29127,21.8
frame,lgw,Year 1, spring 4, Thursday,29128,0.1
frame,lgw,Year 1, spring 4, Thursday,29129,21.7
frame,lgw,Year 1, spring 4, Thursday,29130,22.1
frame,lgw,Year 1, spring 4, Thursday,29131,22.1
frame,lgw,Year 1, spring 4, Thursday,29132,22.3
frame,lgw,Year 1, spring 4, Thursday,29133,0.2
frame,lgw,Year 1, spring 4, Thursday,29134,21.8
frame,lgw,Year 1, spring 4, Thursday,29135,22.4
frame,lgw,Year 1, spring 4, Thursday,29136,25.0
frame,lgw,Year 1, spring 4, Thursday,29137,0.2
frame,lgw,Year 1, spring 4, Thursday,29138,22.6
frame,lgw,Year 1, spring 4, Thursday,29139,23.1
frame,lgw,Year 1, spring 4, Thursday,29140,0.1
frame,lgw,Year 1, spring 4, Thursday,29141,22.1
frame,lgw,Year 1, spring 4, Thursday,29142,21.9
frame,lgw,Year 1, spring 4, Thursday,29143,22.2
frame,lgw,Year 1, spring 4, Thursday,29144,0.1
frame,lgw,Year 1, spring 4, Thursday,29145,23.4
frame,lgw,Year 1, spring 4, Thursday,29146,21.9
frame,lgw,Year 1, spring 4, Thursday,29147,22.0
frame,lgw,Year 1, spring 4, Thursday,29148,0.3
frame,lgw,Year 1, spring 4, Thursday,29149,21.8
frame,lgw,Year 1, spring 4, Thursday,29150,22.3
frame,lgw,Year 1, spring 4, Thursday,29151,23.9
frame,lgw,Year 1, spring 4, Thursday,29152,0.2
frame,lgw,Year 1, spring 4, Thursday,29153,21.9
frame,lgw,Year 1, spring 4, Thursday,29154,22.0
frame,lgw,Year 1, spring 4, Thursday,29155,0.2
frame,lgw,Year 1, spring 4, Thursday,29156,22.1
frame,lgw,Year 1, spring 4, Thursday,29157,22.0
frame,lgw,Year 1, spring 4, Thursday,29158,22.3
frame,lgw,Year 1, spring 4, Thursday,29159,22.3
frame,lgw,Year 1, spring 4, Thursday,29160,0.2
frame,lgw,Year 1, spring 4, Thursday,29161,22.0
frame,lgw,Year 1, spring 4, Thursday,29162,22.1
frame,lgw,Year 1, spring 4, Thursday,29163,22.3
frame,lgw,Year 1, spring 4, Thursday,29164,0.3
frame,lgw,Year 1, spring 4, Thursday,29165,22.5
frame,lgw,Year 1, spring 4, Thursday,29166,21.8
frame,lgw,Year 1, spring 4, Thursday,29167,0.3
frame,lgw,Year 1, spring 4, Thursday,29168,21.6
frame,lgw,Year 1, spring 4, Thursday,29169,22.3
frame,lgw,Year 1, spring 4, Thursday,29170,22.1
frame,lgw,Year 1, spring 4, Thursday,29171,22.0
frame,lgw,Year 1, spring 4, Thursday,29172,1.7
frame,lgw,Year 1, spring 4, Thursday,29173,24.3
frame,lgw,Year 1, spring 4, Thursday,29174,23.0
frame,lgw,Year 1, spring 4, Thursday,29175,0.1
frame,lgw,Year 1, spring 4, Thursday,29176,22.6
frame,lgw,Year 1, spring 4, Thursday,29177,22.0
frame,lgw,Year 1, spring 4, Thursday,29178,22.7
frame,lgw,Year 1, spring 4, Thursday,29179,0.2
frame,lgw,Year 1, spring 4, Thursday,29180,23.0
frame,lgw,Year 1, spring 4, Thursday,29181,22.0
frame,lgw,Year 1, spring 4, Thursday,29182,22.4
frame,lgw,Year 1, spring 4, Thursday,29183,0.1
frame,lgw,Year 1, spring 4, Thursday,29184,22.3
frame,lgw,Year 1, spring 4, Thursday,29185,21.9
frame,lgw,Year 1, spring 4, Thursday,29186,0.1
frame,lgw,Year 1, spring 4, Thursday,29187,22.1
frame,lgw,Year 1, spring 4, Thursday,29188,21.8
frame,lgw,Year 1, spring 4, Thursday,29189,22.0
frame,lgw,Year 1, spring 4, Thursday,29190,21.8
frame,lgw,Year 1, spring 4, Thursday,29191,0.2
frame,lgw,Year 1, spring 4, Thursday,29192,22.7
frame,lgw,Year 1, spring 4, Thursday,29193,21.7
frame,lgw,Year 1, spring 4, Thursday,29194,22.0
frame,lgw,Year 1, spring 4, Thursday,29195,0.1
frame,lgw,Year 1, spring 4, Thursday,29196,21.7
frame,lgw,Year 1, spring 4, Thursday,29197,22.4
frame,lgw,Year 1, spring 4, Thursday,29198,21.9
frame,lgw,Year 1, spring 4, Thursday,29199,0.2
frame,lgw,Year 1, spring 4, Thursday,29200,22.9
frame,lgw,Year 1, spring 4, Thursday,29201,21.9
frame,lgw,Year 1, spring 4, Thursday,29202,21.9
frame,lgw,Year 1, spring 4, Thursday,29203,0.1
frame,lgw,Year 1, spring 4, Thursday,29204,22.0
frame,lgw,Year 1, spring 4, Thursday,29205,22.3
frame,lgw,Year 1, spring 4, Thursday,29206,21.9
frame,lgw,Year 1, spring 4, Thursday,29207,0.1
frame,lgw,Year 1, spring 4, Thursday,29208,22.1
frame,lgw,Year 1, spring 4, Thursday,29209,21.5
frame,lgw,Year 1, spring 4, Thursday,29210,22.3
frame,lgw,Year 1, spring 4, Thursday,29211,0.2
frame,lgw,Year 1, spring 4, Thursday,29212,22.2
frame,lgw,Year 1, spring 4, Thursday,29213,22.6
frame,lgw,Year 1, spring 4, Thursday,29214,22.6
frame,lgw,Year 1, spring 4, Thursday,29215,0.3
frame,lgw,Year 1, spring 4, Thursday,29216,22.2
frame,lgw,Year 1, spring 4, Thursday,29217,22.1
frame,lgw,Year 1, spring 4, Thursday,29218,22.5
frame,lgw,Year 1, spring 4, Thursday,29219,0.2
frame,lgw,Year 1, spring 4, Thursday,29220,22.6
frame,lgw,Year 1, spring 4, Thursday,29221,22.1
frame,lgw,Year 1, spring 4, Thursday,29222,22.8
frame,lgw,Year 1, spring 4, Thursday,29223,0.1
frame,lgw,Year 1, spring 4, Thursday,29224,22.2
frame,lgw,Year 1, spring 4, Thursday,29225,22.3
frame,lgw,Year 1, spring 4, Thursday,29226,0.3
frame,lgw,Year 1, spring 4, Thursday,29227,21.8
frame,lgw,Year 1, spring 4, Thursday,29228,21.8
frame,lgw,Year 1, spring 4, Thursday,29229,21.6
frame,lgw,Year 1, spring 4, Thursday,29230,22.9
frame,lgw,Year 1, spring 4, Thursday,29231,0.2
frame,lgw,Year 1, spring 4, Thursday,29232,21.7
frame,lgw,Year 1, spring 4, Thursday,29233,22.7
frame,lgw,Year 1, spring 4, Thursday,29234,22.4
frame,lgw,Year 1, spring 4, Thursday,29235,0.2
frame,lgw,Year 1, spring 4, Thursday,29236,22.2
frame,lgw,Year 1, spring 4, Thursday,29237,23.1
frame,lgw,Year 1, spring 4, Thursday,29238,0.1
frame,lgw,Year 1, spring 4, Thursday,29239,22.1
frame,lgw,Year 1, spring 4, Thursday,29240,22.0
frame,lgw,Year 1, spring 4, Thursday,29241,22.4
frame,lgw,Year 1, spring 4, Thursday,29242,0.4
frame,lgw,Year 1, spring 4, Thursday,29243,22.1
frame,lgw,Year 1, spring 4, Thursday,29244,22.7
frame,lgw,Year 1, spring 4, Thursday,29245,21.6
frame,lgw,Year 1, spring 4, Thursday,29246,0.2
frame,lgw,Year 1, spring 4, Thursday,29247,21.8
frame,lgw,Year 1, spring 4, Thursday,29248,39.0
frame,lgw,Year 1, spring 4, Thursday,29249,0.4
frame,lgw,Year 1, spring 4, Thursday,29250,24.3
frame,lgw,Year 1, spring 4, Thursday,29251,0.2
frame,lgw,Year 1, spring 4, Thursday,29252,22.9
frame,lgw,Year 1, spring 4, Thursday,29253,22.5
frame,lgw,Year 1, spring 4, Thursday,29254,22.0
frame,lgw,Year 1, spring 4, Thursday,29255,0.2
frame,lgw,Year 1, spring 4, Thursday,29256,22.5
frame,lgw,Year 1, spring 4, Thursday,29257,22.8
frame,lgw,Year 1, spring 4, Thursday,29258,21.9
frame,lgw,Year 1, spring 4, Thursday,29259,0.1
frame,lgw,Year 1, spring 4, Thursday,29260,21.4
frame,lgw,Year 1, spring 4, Thursday,29261,21.7
frame,lgw,Year 1, spring 4, Thursday,29262,21.6
frame,lgw,Year 1, spring 4, Thursday,29263,0.1
frame,lgw,Year 1, spring 4, Thursday,29264,21.8
frame,lgw,Year 1, spring 4, Thursday,29265,21.8
frame,lgw,Year 1, spring 4, Thursday,29266,21.5
frame,lgw,Year 1, spring 4, Thursday,29267,0.1
frame,lgw,Year 1, spring 4, Thursday,29268,21.9
frame,lgw,Year 1, spring 4, Thursday,29269,21.6
frame,lgw,Year 1, spring 4, Thursday,29270,21.6
frame,lgw,Year 1, spring 4, Thursday,29271,0.2
frame,lgw,Year 1, spring 4, Thursday,29272,22.0
frame,lgw,Year 1, spring 4, Thursday,29273,22.0
frame,lgw,Year 1, spring 4, Thursday,29274,21.8
frame,lgw,Year 1, spring 4, Thursday,29275,22.3
frame,lgw,Year 1, spring 4, Thursday,29276,0.1
frame,lgw,Year 1, spring 4, Thursday,29277,22.2
frame,lgw,Year 1, spring 4, Thursday,29278,21.9
frame,lgw,Year 1, spring 4, Thursday,29279,21.8
frame,lgw,Year 1, spring 4, Thursday,29280,0.2
frame,lgw,Year 1, spring 4, Thursday,29281,22.2
frame,lgw,Year 1, spring 4, Thursday,29282,21.8
frame,lgw,Year 1, spring 4, Thursday,29283,22.1
frame,lgw,Year 1, spring 4, Thursday,29284,0.2
frame,lgw,Year 1, spring 4, Thursday,29285,22.6
frame,lgw,Year 1, spring 4, Thursday,29286,22.0
frame,lgw,Year 1, spring 4, Thursday,29287,21.5
frame,lgw,Year 1, spring 4, Thursday,29288,0.1
frame,lgw,Year 1, spring 4, Thursday,29289,21.3
frame,lgw,Year 1, spring 4, Thursday,29290,21.6
frame,lgw,Year 1, spring 4, Thursday,29291,22.3
frame,lgw,Year 1, spring 4, Thursday,29292,0.1
frame,lgw,Year 1, spring 4, Thursday,29293,22.2
frame,lgw,Year 1, spring 4, Thursday,29294,22.3
frame,lgw,Year 1, spring 4, Thursday,29295,22.3
frame,lgw,Year 1, spring 4, Thursday,29296,0.1
frame,lgw,Year 1, spring 4, Thursday,29297,22.5
frame,lgw,Year 1, spring 4, Thursday,29298,22.0
frame,lgw,Year 1, spring 4, Thursday,29299,21.9
frame,lgw,Year 1, spring 4, Thursday,29300,0.1
frame,lgw,Year 1, spring 4, Thursday,29301,21.8
frame,lgw,Year 1, spring 4, Thursday,29302,21.7
frame,lgw,Year 1, spring 4, Thursday,29303,22.1
frame,lgw,Year 1, spring 4, Thursday,29304,0.1
frame,lgw,Year 1, spring 4, Thursday,29305,21.6
frame,lgw,Year 1, spring 4, Thursday,29306,22.5
frame,lgw,Year 1, spring 4, Thursday,29307,22.3
frame,lgw,Year 1, spring 4, Thursday,29308,0.1
frame,lgw,Year 1, spring 4, Thursday,29309,21.7
frame,lgw,Year 1, spring 4, Thursday,29310,21.8
frame,lgw,Year 1, spring 4, Thursday,29311,22.3
frame,lgw,Year 1, spring 4, Thursday,29312,0.1
frame,lgw,Year 1, spring 4, Thursday,29313,21.5
frame,lgw,Year 1, spring 4, Thursday,29314,22.5
frame,lgw,Year 1, spring 4, Thursday,29315,22.5
frame,lgw,Year 1, spring 4, Thursday,29316,0.1
frame,lgw,Year 1, spring 4, Thursday,29317,21.6
frame,lgw,Year 1, spring 4, Thursday,29318,22.2
frame,lgw,Year 1, spring 4, Thursday,29319,22.0
frame,lgw,Year 1, spring 4, Thursday,29320,22.6
frame,lgw,Year 1, spring 4, Thursday,29321,0.1
frame,lgw,Year 1, spring 4, Thursday,29322,21.7
frame,lgw,Year 1, spring 4, Thursday,29323,23.4
frame,lgw,Year 1, spring 4, Thursday,29324,0.4
frame,lgw,Year 1, spring 4, Thursday,29325,23.0
frame,lgw,Year 1, spring 4, Thursday,29326,23.2
frame,lgw,Year 1, spring 4, Thursday,29327,22.4
frame,lgw,Year 1, spring 4, Thursday,29328,0.1
frame,lgw,Year 1, spring 4, Thursday,29329,22.2
frame,lgw,Year 1, spring 4, Thursday,29330,22.3
frame,lgw,Year 1, spring 4, Thursday,29331,22.2
frame,lgw,Year 1, spring 4, Thursday,29332,0.1
frame,lgw,Year 1, spring 4, Thursday,29333,21.5
frame,lgw,Year 1, spring 4, Thursday,29334,21.8
frame,lgw,Year 1, spring 4, Thursday,29335,22.0
frame,lgw,Year 1, spring 4, Thursday,29336,0.1
frame,lgw,Year 1, spring 4, Thursday,29337,21.7
frame,lgw,Year 1, spring 4, Thursday,29338,21.8
frame,lgw,Year 1, spring 4, Thursday,29339,22.2
frame,lgw,Year 1, spring 4, Thursday,29340,0.1
frame,lgw,Year 1, spring 4, Thursday,29341,22.2
frame,lgw,Year 1, spring 4, Thursday,29342,21.9
frame,lgw,Year 1, spring 4, Thursday,29343,21.8
frame,lgw,Year 1, spring 4, Thursday,29344,0.1
frame,lgw,Year 1, spring 4, Thursday,29345,21.7
frame,lgw,Year 1, spring 4, Thursday,29346,21.5
frame,lgw,Year 1, spring 4, Thursday,29347,21.6
frame,lgw,Year 1, spring 4, Thursday,29348,21.8
frame,lgw,Year 1, spring 4, Thursday,29349,0.1
frame,lgw,Year 1, spring 4, Thursday,29350,22.0
frame,lgw,Year 1, spring 4, Thursday,29351,22.3
frame,lgw,Year 1, spring 4, Thursday,29352,22.5
frame,lgw,Year 1, spring 4, Thursday,29353,0.1
frame,lgw,Year 1, spring 4, Thursday,29354,21.6
frame,lgw,Year 1, spring 4, Thursday,29355,21.7
frame,lgw,Year 1, spring 4, Thursday,29356,21.6
frame,lgw,Year 1, spring 4, Thursday,29357,0.1
frame,lgw,Year 1, spring 4, Thursday,29358,22.4
frame,lgw,Year 1, spring 4, Thursday,29359,22.7
frame,lgw,Year 1, spring 4, Thursday,29360,21.6
frame,lgw,Year 1, spring 4, Thursday,29361,0.1
frame,lgw,Year 1, spring 4, Thursday,29362,21.5
frame,lgw,Year 1, spring 4, Thursday,29363,22.1
frame,lgw,Year 1, spring 4, Thursday,29364,21.8
frame,lgw,Year 1, spring 4, Thursday,29365,0.2
frame,lgw,Year 1, spring 4, Thursday,29366,22.5
frame,lgw,Year 1, spring 4, Thursday,29367,22.6
frame,lgw,Year 1, spring 4, Thursday,29368,22.4
frame,lgw,Year 1, spring 4, Thursday,29369,0.2
frame,lgw,Year 1, spring 4, Thursday,29370,23.6
frame,lgw,Year 1, spring 4, Thursday,29371,21.6
frame,lgw,Year 1, spring 4, Thursday,29372,21.7
frame,lgw,Year 1, spring 4, Thursday,29373,0.1
frame,lgw,Year 1, spring 4, Thursday,29374,21.8
frame,lgw,Year 1, spring 4, Thursday,29375,22.2
frame,lgw,Year 1, spring 4, Thursday,29376,22.0
frame,lgw,Year 1, spring 4, Thursday,29377,0.1
frame,lgw,Year 1, spring 4, Thursday,29378,21.7
frame,lgw,Year 1, spring 4, Thursday,29379,21.5
frame,lgw,Year 1, spring 4, Thursday,29380,22.1
frame,lgw,Year 1, spring 4, Thursday,29381,0.2
frame,lgw,Year 1, spring 4, Thursday,29382,22.6
frame,lgw,Year 1, spring 4, Thursday,29383,22.3
frame,lgw,Year 1, spring 4, Thursday,29384,22.0
frame,lgw,Year 1, spring 4, Thursday,29385,0.1
frame,lgw,Year 1, spring 4, Thursday,29386,22.0
frame,lgw,Year 1, spring 4, Thursday,29387,22.0
frame,lgw,Year 1, spring 4, Thursday,29388,22.6
frame,lgw,Year 1, spring 4, Thursday,29389,0.1
frame,lgw,Year 1, spring 4, Thursday,29390,21.9
frame,lgw,Year 1, spring 4, Thursday,29391,21.8
frame,lgw,Year 1, spring 4, Thursday,29392,22.2
frame,lgw,Year 1, spring 4, Thursday,29393,0.2
frame,lgw,Year 1, spring 4, Thursday,29394,22.1
frame,lgw,Year 1, spring 4, Thursday,29395,23.3
frame,lgw,Year 1, spring 4, Thursday,29396,22.0
frame,lgw,Year 1, spring 4, Thursday,29397,0.2
frame,lgw,Year 1, spring 4, Thursday,29398,22.6
frame,lgw,Year 1, spring 4, Thursday,29399,21.7
frame,lgw,Year 1, spring 4, Thursday,29400,21.9
frame,lgw,Year 1, spring 4, Thursday,29401,0.1
frame,lgw,Year 1, spring 4, Thursday,29402,21.5
frame,lgw,Year 1, spring 4, Thursday,29403,22.1
frame,lgw,Year 1, spring 4, Thursday,29404,21.6
frame,lgw,Year 1, spring 4, Thursday,29405,0.1
frame,lgw,Year 1, spring 4, Thursday,29406,21.7
frame,lgw,Year 1, spring 4, Thursday,29407,23.1
frame,lgw,Year 1, spring 4, Thursday,29408,22.3
frame,lgw,Year 1, spring 4, Thursday,29409,0.2
frame,lgw,Year 1, spring 4, Thursday,29410,22.0
frame,lgw,Year 1, spring 4, Thursday,29411,21.4
frame,lgw,Year 1, spring 4, Thursday,29412,21.7
frame,lgw,Year 1, spring 4, Thursday,29413,22.1
frame,lgw,Year 1, spring 4, Thursday,29414,0.1
frame,lgw,Year 1, spring 4, Thursday,29415,21.6
frame,lgw,Year 1, spring 4, Thursday,29416,22.8
frame,lgw,Year 1, spring 4, Thursday,29417,22.1
frame,lgw,Year 1, spring 4, Thursday,29418,0.1
frame,lgw,Year 1, spring 4, Thursday,29419,21.9
frame,lgw,Year 1, spring 4, Thursday,29420,21.7
frame,lgw,Year 1, spring 4, Thursday,29421,22.7
frame,lgw,Year 1, spring 4, Thursday,29422,0.1
frame,lgw,Year 1, spring 4, Thursday,29423,21.9
frame,lgw,Year 1, spring 4, Thursday,29424,21.4
frame,lgw,Year 1, spring 4, Thursday,29425,22.1
frame,lgw,Year 1, spring 4, Thursday,29426,0.1
frame,lgw,Year 1, spring 4, Thursday,29427,21.9
frame,lgw,Year 1, spring 4, Thursday,29428,23.0
frame,lgw,Year 1, spring 4, Thursday,29429,21.8
frame,lgw,Year 1, spring 4, Thursday,29430,0.1
frame,lgw,Year 1, spring 4, Thursday,29431,23.1
frame,lgw,Year 1, spring 4, Thursday,29432,22.1
frame,lgw,Year 1, spring 4, Thursday,29433,24.7
frame,lgw,Year 1, spring 4, Thursday,29434,0.5
frame,lgw,Year 1, spring 4, Thursday,29435,22.6
frame,lgw,Year 1, spring 4, Thursday,29436,21.8
frame,lgw,Year 1, spring 4, Thursday,29437,0.2
frame,lgw,Year 1, spring 4, Thursday,29438,22.3
frame,lgw,Year 1, spring 4, Thursday,29439,22.3
frame,lgw,Year 1, spring 4, Thursday,29440,22.0
frame,lgw,Year 1, spring 4, Thursday,29441,0.1
frame,lgw,Year 1, spring 4, Thursday,29442,21.5
frame,lgw,Year 1, spring 4, Thursday,29443,21.5
frame,lgw,Year 1, spring 4, Thursday,29444,22.3
frame,lgw,Year 1, spring 4, Thursday,29445,0.1
frame,lgw,Year 1, spring 4, Thursday,29446,22.1
frame,lgw,Year 1, spring 4, Thursday,29447,21.5
frame,lgw,Year 1, spring 4, Thursday,29448,24.1
frame,lgw,Year 1, spring 4, Thursday,29449,0.2
frame,lgw,Year 1, spring 4, Thursday,29450,26.3
frame,lgw,Year 1, spring 4, Thursday,29451,24.5
frame,lgw,Year 1, spring 4, Thursday,29452,0.1
frame,lgw,Year 1, spring 4, Thursday,29453,22.0
frame,lgw,Year 1, spring 4, Thursday,29454,21.6
frame,lgw,Year 1, spring 4, Thursday,29455,21.3
frame,lgw,Year 1, spring 4, Thursday,29456,0.1
frame,lgw,Year 1, spring 4, Thursday,29457,22.0
frame,lgw,Year 1, spring 4, Thursday,29458,22.5
frame,lgw,Year 1, spring 4, Thursday,29459,22.6
frame,lgw,Year 1, spring 4, Thursday,29460,0.1
frame,lgw,Year 1, spring 4, Thursday,29461,22.5
frame,lgw,Year 1, spring 4, Thursday,29462,22.2
frame,lgw,Year 1, spring 4, Thursday,29463,22.1
frame,lgw,Year 1, spring 4, Thursday,29464,0.1
frame,lgw,Year 1, spring 4, Thursday,29465,21.9
frame,lgw,Year 1, spring 4, Thursday,29466,21.8
frame,lgw,Year 1, spring 4, Thursday,29467,22.3
frame,lgw,Year 1, spring 4, Thursday,29468,0.3
frame,lgw,Year 1, spring 4, Thursday,29469,21.7
frame,lgw,Year 1, spring 4, Thursday,29470,21.4
frame,lgw,Year 1, spring 4, Thursday,29471,22.4
frame,lgw,Year 1, spring 4, Thursday,29472,0.1
frame,lgw,Year 1, spring 4, Thursday,29473,22.0
frame,lgw,Year 1, spring 4, Thursday,29474,22.0
frame,lgw,Year 1, spring 4, Thursday,29475,22.2
frame,lgw,Year 1, spring 4, Thursday,29476,0.1
frame,lgw,Year 1, spring 4, Thursday,29477,21.6
frame,lgw,Year 1, spring 4, Thursday,29478,22.0
frame,lgw,Year 1, spring 4, Thursday,29479,21.3
frame,lgw,Year 1, spring 4, Thursday,29480,21.8
frame,lgw,Year 1, spring 4, Thursday,29481,0.1
frame,lgw,Year 1, spring 4, Thursday,29482,22.2
frame,lgw,Year 1, spring 4, Thursday,29483,22.0
frame,lgw,Year 1, spring 4, Thursday,29484,23.1
frame,lgw,Year 1, spring 4, Thursday,29485,0.3
frame,lgw,Year 1, spring 4, Thursday,29486,21.8
frame,lgw,Year 1, spring 4, Thursday,29487,22.3
frame,lgw,Year 1, spring 4, Thursday,29488,21.9
frame,lgw,Year 1, spring 4, Thursday,29489,0.1
frame,lgw,Year 1, spring 4, Thursday,29490,21.8
frame,lgw,Year 1, spring 4, Thursday,29491,23.0
frame,lgw,Year 1, spring 4, Thursday,29492,22.3
frame,lgw,Year 1, spring 4, Thursday,29493,0.1
frame,lgw,Year 1, spring 4, Thursday,29494,21.7
frame,lgw,Year 1, spring 4, Thursday,29495,21.4
frame,lgw,Year 1, spring 4, Thursday,29496,21.7
frame,lgw,Year 1, spring 4, Thursday,29497,0.1
frame,lgw,Year 1, spring 4, Thursday,29498,21.4
frame,lgw,Year 1, spring 4, Thursday,29499,21.8
frame,lgw,Year 1, spring 4, Thursday,29500,22.1
frame,lgw,Year 1, spring 4, Thursday,29501,0.2
frame,lgw,Year 1, spring 4, Thursday,29502,21.4
frame,lgw,Year 1, spring 4, Thursday,29503,22.3
frame,lgw,Year 1, spring 4, Thursday,29504,22.8
frame,lgw,Year 1, spring 4, Thursday,29505,0.1
frame,lgw,Year 1, spring 4, Thursday,29506,22.0
frame,lgw,Year 1, spring 4, Thursday,29507,22.0
frame,lgw,Year 1, spring 4, Thursday,29508,21.7
frame,lgw,Year 1, spring 4, Thursday,29509,0.1
frame,lgw,Year 1, spring 4, Thursday,29510,22.2
frame,lgw,Year 1, spring 4, Thursday,29511,23.2
frame,lgw,Year 1, spring 4, Thursday,29512,22.8
frame,lgw,Year 1, spring 4, Thursday,29513,0.3
frame,lgw,Year 1, spring 4, Thursday,29514,22.8
frame,lgw,Year 1, spring 4, Thursday,29515,22.0
frame,lgw,Year 1, spring 4, Thursday,29516,22.3
frame,lgw,Year 1, spring 4, Thursday,29517,0.1
frame,lgw,Year 1, spring 4, Thursday,29518,22.0
frame,lgw,Year 1, spring 4, Thursday,29519,21.9
frame,lgw,Year 1, spring 4, Thursday,29520,21.7
frame,lgw,Year 1, spring 4, Thursday,29521,0.1
frame,lgw,Year 1, spring 4, Thursday,29522,22.2
frame,lgw,Year 1, spring 4, Thursday,29523,21.6
frame,lgw,Year 1, spring 4, Thursday,29524,21.9
frame,lgw,Year 1, spring 4, Thursday,29525,0.1
frame,lgw,Year 1, spring 4, Thursday,29526,21.7
frame,lgw,Year 1, spring 4, Thursday,29527,22.0
frame,lgw,Year 1, spring 4, Thursday,29528,21.7
frame,lgw,Year 1, spring 4, Thursday,29529,0.2
frame,lgw,Year 1, spring 4, Thursday,29530,22.5
frame,lgw,Year 1, spring 4, Thursday,29531,21.9
frame,lgw,Year 1, spring 4, Thursday,29532,22.8
frame,lgw,Year 1, spring 4, Thursday,29533,0.1
frame,lgw,Year 1, spring 4, Thursday,29534,21.6
frame,lgw,Year 1, spring 4, Thursday,29535,22.0
frame,lgw,Year 1, spring 4, Thursday,29536,21.6
frame,lgw,Year 1, spring 4, Thursday,29537,22.0
frame,lgw,Year 1, spring 4, Thursday,29538,0.1
frame,lgw,Year 1, spring 4, Thursday,29539,21.7
frame,lgw,Year 1, spring 4, Thursday,29540,21.8
frame,lgw,Year 1, spring 4, Thursday,29541,22.8
frame,lgw,Year 1, spring 4, Thursday,29542,0.1
frame,lgw,Year 1, spring 4, Thursday,29543,21.8
frame,lgw,Year 1, spring 4, Thursday,29544,21.6
frame,lgw,Year 1, spring 4, Thursday,29545,21.4
frame,lgw,Year 1, spring 4, Thursday,29546,0.1
frame,lgw,Year 1, spring 4, Thursday,29547,21.9
frame,lgw,Year 1, spring 4, Thursday,29548,21.9
frame,lgw,Year 1, spring 4, Thursday,29549,21.7
frame,lgw,Year 1, spring 4, Thursday,29550,0.1
frame,lgw,Year 1, spring 4, Thursday,29551,22.0
frame,lgw,Year 1, spring 4, Thursday,29552,22.4
frame,lgw,Year 1, spring 4, Thursday,29553,22.4
frame,lgw,Year 1, spring 4, Thursday,29554,0.1
frame,lgw,Year 1, spring 4, Thursday,29555,22.0
frame,lgw,Year 1, spring 4, Thursday,29556,21.9
frame,lgw,Year 1, spring 4, Thursday,29557,22.2
frame,lgw,Year 1, spring 4, Thursday,29558,0.2
frame,lgw,Year 1, spring 4, Thursday,29559,22.4
frame,lgw,Year 1, spring 4, Thursday,29560,21.9
frame,lgw,Year 1, spring 4, Thursday,29561,22.2
frame,lgw,Year 1, spring 4, Thursday,29562,0.1
frame,lgw,Year 1, spring 4, Thursday,29563,21.7
frame,lgw,Year 1, spring 4, Thursday,29564,22.0
frame,lgw,Year 1, spring 4, Thursday,29565,22.5
frame,lgw,Year 1, spring 4, Thursday,29566,0.3
frame,lgw,Year 1, spring 4, Thursday,29567,22.6
frame,lgw,Year 1, spring 4, Thursday,29568,22.8
frame,lgw,Year 1, spring 4, Thursday,29569,22.1
frame,lgw,Year 1, spring 4, Thursday,29570,0.1
frame,lgw,Year 1, spring 4, Thursday,29571,21.8
frame,lgw,Year 1, spring 4, Thursday,29572,22.9
frame,lgw,Year 1, spring 4, Thursday,29573,22.0
frame,lgw,Year 1, spring 4, Thursday,29574,0.1
frame,lgw,Year 1, spring 4, Thursday,29575,22.2
frame,lgw,Year 1, spring 4, Thursday,29576,22.0
frame,lgw,Year 1, spring 4, Thursday,29577,22.3
frame,lgw,Year 1, spring 4, Thursday,29578,0.1
frame,lgw,Year 1, spring 4, Thursday,29579,21.7
frame,lgw,Year 1, spring 4, Thursday,29580,22.3
frame,lgw,Year 1, spring 4, Thursday,29581,22.3
frame,lgw,Year 1, spring 4, Thursday,29582,0.1
frame,lgw,Year 1, spring 4, Thursday,29583,23.3
frame,lgw,Year 1, spring 4, Thursday,29584,22.2
frame,lgw,Year 1, spring 4, Thursday,29585,22.0
frame,lgw,Year 1, spring 4, Thursday,29586,0.1
frame,lgw,Year 1, spring 4, Thursday,29587,22.4
frame,lgw,Year 1, spring 4, Thursday,29588,21.5
frame,lgw,Year 1, spring 4, Thursday,29589,22.2
frame,lgw,Year 1, spring 4, Thursday,29590,0.1
frame,lgw,Year 1, spring 4, Thursday,29591,21.9
frame,lgw,Year 1, spring 4, Thursday,29592,21.9
frame,lgw,Year 1, spring 4, Thursday,29593,22.0
frame,lgw,Year 1, spring 4, Thursday,29594,0.2
frame,lgw,Year 1, spring 4, Thursday,29595,22.1
frame,lgw,Year 1, spring 4, Thursday,29596,23.0
frame,lgw,Year 1, spring 4, Thursday,29597,22.3
frame,lgw,Year 1, spring 4, Thursday,29598,0.3
frame,lgw,Year 1, spring 4, Thursday,29599,22.5
frame,lgw,Year 1, spring 4, Thursday,29600,21.9
frame,lgw,Year 1, spring 4, Thursday,29601,22.2
frame,lgw,Year 1, spring 4, Thursday,29602,0.3
frame,lgw,Year 1, spring 4, Thursday,29603,22.6
frame,lgw,Year 1, spring 4, Thursday,29604,21.9
frame,lgw,Year 1, spring 4, Thursday,29605,22.0
frame,lgw,Year 1, spring 4, Thursday,29606,0.1
frame,lgw,Year 1, spring 4, Thursday,29607,22.5
frame,lgw,Year 1, spring 4, Thursday,29608,23.0
frame,lgw,Year 1, spring 4, Thursday,29609,22.3
frame,lgw,Year 1, spring 4, Thursday,29610,0.2
frame,lgw,Year 1, spring 4, Thursday,29611,22.2
frame,lgw,Year 1, spring 4, Thursday,29612,22.3
frame,lgw,Year 1, spring 4, Thursday,29613,22.7
frame,lgw,Year 1, spring 4, Thursday,29614,0.2
frame,lgw,Year 1, spring 4, Thursday,29615,22.2
frame,lgw,Year 1, spring 4, Thursday,29616,22.1
frame,lgw,Year 1, spring 4, Thursday,29617,0.4
frame,lgw,Year 1, spring 4, Thursday,29618,22.7
frame,lgw,Year 1, spring 4, Thursday,29619,21.6
frame,lgw,Year 1, spring 4, Thursday,29620,21.7
frame,lgw,Year 1, spring 4, Thursday,29621,23.2
frame,lgw,Year 1, spring 4, Thursday,29622,0.2
frame,lgw,Year 1, spring 4, Thursday,29623,22.6
frame,lgw,Year 1, spring 4, Thursday,29624,21.9
frame,lgw,Year 1, spring 4, Thursday,29625,0.3
frame,lgw,Year 1, spring 4, Thursday,29626,22.2
frame,lgw,Year 1, spring 4, Thursday,29627,21.9
frame,lgw,Year 1, spring 4, Thursday,29628,21.7
frame,lgw,Year 1, spring 4, Thursday,29629,0.1
frame,lgw,Year 1, spring 4, Thursday,29630,23.0
frame,lgw,Year 1, spring 4, Thursday,29631,22.0
frame,lgw,Year 1, spring 4, Thursday,29632,22.2
frame,lgw,Year 1, spring 4, Thursday,29633,0.3
frame,lgw,Year 1, spring 4, Thursday,29634,22.3
frame,lgw,Year 1, spring 4, Thursday,29635,21.7
frame,lgw,Year 1, spring 4, Thursday,29636,22.7
frame,lgw,Year 1, spring 4, Thursday,29637,0.1
frame,lgw,Year 1, spring 4, Thursday,29638,22.3
frame,lgw,Year 1, spring 4, Thursday,29639,22.7
frame,lgw,Year 1, spring 4, Thursday,29640,22.5
frame,lgw,Year 1, spring 4, Thursday,29641,0.4
frame,lgw,Year 1, spring 4, Thursday,29642,22.8
frame,lgw,Year 1, spring 4, Thursday,29643,22.2
frame,lgw,Year 1, spring 4, Thursday,29644,22.0
frame,lgw,Year 1, spring 4, Thursday,29645,0.2
frame,lgw,Year 1, spring 4, Thursday,29646,21.8
frame,lgw,Year 1, spring 4, Thursday,29647,21.9
frame,lgw,Year 1, spring 4, Thursday,29648,21.6
frame,lgw,Year 1, spring 4, Thursday,29649,0.1
frame,lgw,Year 1, spring 4, Thursday,29650,22.0
frame,lgw,Year 1, spring 4, Thursday,29651,21.6
frame,lgw,Year 1, spring 4, Thursday,29652,22.4
frame,lgw,Year 1, spring 4, Thursday,29653,0.3
frame,lgw,Year 1, spring 4, Thursday,29654,22.2
frame,lgw,Year 1, spring 4, Thursday,29655,21.6
frame,lgw,Year 1, spring 4, Thursday,29656,22.3
frame,lgw,Year 1, spring 4, Thursday,29657,0.3
frame,lgw,Year 1, spring 4, Thursday,29658,21.5
frame,lgw,Year 1, spring 4, Thursday,29659,21.9
frame,lgw,Year 1, spring 4, Thursday,29660,22.1
frame,lgw,Year 1, spring 4, Thursday,29661,0.2
frame,lgw,Year 1, spring 4, Thursday,29662,21.5
frame,lgw,Year 1, spring 4, Thursday,29663,21.7
frame,lgw,Year 1, spring 4, Thursday,29664,22.0
frame,lgw,Year 1, spring 4, Thursday,29665,22.9
frame,lgw,Year 1, spring 4, Thursday,29666,0.2
frame,lgw,Year 1, spring 4, Thursday,29667,21.6
frame,lgw,Year 1, spring 4, Thursday,29668,22.2
frame,lgw,Year 1, spring 4, Thursday,29669,22.2
frame,lgw,Year 1, spring 4, Thursday,29670,0.2
frame,lgw,Year 1, spring 4, Thursday,29671,22.5
frame,lgw,Year 1, spring 4, Thursday,29672,22.3
frame,lgw,Year 1, spring 4, Thursday,29673,22.1
frame,lgw,Year 1, spring 4, Thursday,29674,0.2
frame,lgw,Year 1, spring 4, Thursday,29675,22.1
frame,lgw,Year 1, spring 4, Thursday,29676,22.5
frame,lgw,Year 1, spring 4, Thursday,29677,26.7
frame,lgw,Year 1, spring 4, Thursday,29678,5.2
frame,lgw,Year 1, spring 4, Thursday,29679,31.0
frame,lgw,Year 1, spring 4, Thursday,29680,0.3
frame,lgw,Year 1, spring 4, Thursday,29681,23.3
frame,lgw,Year 1, spring 4, Thursday,29682,0.3
frame,lgw,Year 1, spring 4, Thursday,29683,22.5
frame,lgw,Year 1, spring 4, Thursday,29684,21.9
frame,lgw,Year 1, spring 4, Thursday,29685,22.4
frame,lgw,Year 1, spring 4, Thursday,29686,0.2
frame,lgw,Year 1, spring 4, Thursday,29687,21.8
frame,lgw,Year 1, spring 4, Thursday,29688,21.7
frame,lgw,Year 1, spring 4, Thursday,29689,21.9
frame,lgw,Year 1, spring 4, Thursday,29690,0.1
frame,lgw,Year 1, spring 4, Thursday,29691,22.7
frame,lgw,Year 1, spring 4, Thursday,29692,23.3
frame,lgw,Year 1, spring 4, Thursday,29693,21.8
frame,lgw,Year 1, spring 4, Thursday,29694,0.5
frame,lgw,Year 1, spring 4, Thursday,29695,21.7
frame,lgw,Year 1, spring 4, Thursday,29696,21.5
frame,lgw,Year 1, spring 4, Thursday,29697,21.7
frame,lgw,Year 1, spring 4, Thursday,29698,0.1
frame,lgw,Year 1, spring 4, Thursday,29699,22.3
frame,lgw,Year 1, spring 4, Thursday,29700,21.8
frame,lgw,Year 1, spring 4, Thursday,29701,21.7
frame,lgw,Year 1, spring 4, Thursday,29702,0.1
frame,lgw,Year 1, spring 4, Thursday,29703,22.3
frame,lgw,Year 1, spring 4, Thursday,29704,22.5
frame,lgw,Year 1, spring 4, Thursday,29705,23.1
frame,lgw,Year 1, spring 4, Thursday,29706,0.2
frame,lgw,Year 1, spring 4, Thursday,29707,21.9
frame,lgw,Year 1, spring 4, Thursday,29708,22.5
frame,lgw,Year 1, spring 4, Thursday,29709,22.0
frame,lgw,Year 1, spring 4, Thursday,29710,0.1
frame,lgw,Year 1, spring 4, Thursday,29711,23.2
frame,lgw,Year 1, spring 4, Thursday,29712,22.0
frame,lgw,Year 1, spring 4, Thursday,29713,22.4
frame,lgw,Year 1, spring 4, Thursday,29714,0.1
frame,lgw,Year 1, spring 4, Thursday,29715,22.6
frame,lgw,Year 1, spring 4, Thursday,29716,23.0
frame,lgw,Year 1, spring 4, Thursday,29717,23.6
frame,lgw,Year 1, spring 4, Thursday,29718,0.2
frame,lgw,Year 1, spring 4, Thursday,29719,22.8
frame,lgw,Year 1, spring 4, Thursday,29720,22.1
frame,lgw,Year 1, spring 4, Thursday,29721,0.1
frame,lgw,Year 1, spring 4, Thursday,29722,21.6
frame,lgw,Year 1, spring 4, Thursday,29723,21.7
frame,lgw,Year 1, spring 4, Thursday,29724,21.5
frame,lgw,Year 1, spring 4, Thursday,29725,21.7
frame,lgw,Year 1, spring 4, Thursday,29726,0.2
frame,lgw,Year 1, spring 4, Thursday,29727,22.7
frame,lgw,Year 1, spring 4, Thursday,29728,22.0
frame,lgw,Year 1, spring 4, Thursday,29729,21.6
frame,lgw,Year 1, spring 4, Thursday,29730,0.2
frame,lgw,Year 1, spring 4, Thursday,29731,22.2
frame,lgw,Year 1, spring 4, Thursday,29732,22.6
frame,lgw,Year 1, spring 4, Thursday,29733,22.4
frame,lgw,Year 1, spring 4, Thursday,29734,0.3
frame,lgw,Year 1, spring 4, Thursday,29735,22.1
frame,lgw,Year 1, spring 4, Thursday,29736,22.6
frame,lgw,Year 1, spring 4, Thursday,29737,0.1
frame,lgw,Year 1, spring 4, Thursday,29738,22.3
frame,lgw,Year 1, spring 4, Thursday,29739,22.4
frame,lgw,Year 1, spring 4, Thursday,29740,22.9
frame,lgw,Year 1, spring 4, Thursday,29741,0.2
frame,lgw,Year 1, spring 4, Thursday,29742,22.5
frame,lgw,Year 1, spring 4, Thursday,29743,22.2
frame,lgw,Year 1, spring 4, Thursday,29744,21.7
frame,lgw,Year 1, spring 4, Thursday,29745,0.1
frame,lgw,Year 1, spring 4, Thursday,29746,21.9
frame,lgw,Year 1, spring 4, Thursday,29747,22.2
frame,lgw,Year 1, spring 4, Thursday,29748,22.1
frame,lgw,Year 1, spring 4, Thursday,29749,0.2
frame,lgw,Year 1, spring 4, Thursday,29750,21.6
frame,lgw,Year 1, spring 4, Thursday,29751,21.7
frame,lgw,Year 1, spring 4, Thursday,29752,23.5
frame,lgw,Year 1, spring 4, Thursday,29753,0.4
frame,lgw,Year 1, spring 4, Thursday,29754,22.4
frame,lgw,Year 1, spring 4, Thursday,29755,22.2
frame,lgw,Year 1, spring 4, Thursday,29756,21.6
frame,lgw,Year 1, spring 4, Thursday,29757,0.4
frame,lgw,Year 1, spring 4, Thursday,29758,22.3
frame,lgw,Year 1, spring 4, Thursday,29759,22.3
frame,lgw,Year 1, spring 4, Thursday,29760,23.2
frame,lgw,Year 1, spring 4, Thursday,29761,0.1
frame,lgw,Year 1, spring 4, Thursday,29762,23.8
frame,lgw,Year 1, spring 4, Thursday,29763,22.0
frame,lgw,Year 1, spring 4, Thursday,29764,21.8
frame,lgw,Year 1, spring 4, Thursday,29765,0.1
frame,lgw,Year 1, spring 4, Thursday,29766,21.8
frame,lgw,Year 1, spring 4, Thursday,29767,21.8
frame,lgw,Year 1, spring 4, Thursday,29768,22.2
frame,lgw,Year 1, spring 4, Thursday,29769,0.2
frame,lgw,Year 1, spring 4, Thursday,29770,21.6
frame,lgw,Year 1, spring 4, Thursday,29771,21.7
frame,lgw,Year 1, spring 4, Thursday,29772,22.1
frame,lgw,Year 1, spring 4, Thursday,29773,0.2
frame,lgw,Year 1, spring 4, Thursday,29774,22.0
frame,lgw,Year 1, spring 4, Thursday,29775,22.3
frame,lgw,Year 1, spring 4, Thursday,29776,22.5
frame,lgw,Year 1, spring 4, Thursday,29777,0.2
frame,lgw,Year 1, spring 4, Thursday,29778,21.9
frame,lgw,Year 1, spring 4, Thursday,29779,22.1
frame,lgw,Year 1, spring 4, Thursday,29780,22.6
frame,lgw,Year 1, spring 4, Thursday,29781,0.2
frame,lgw,Year 1, spring 4, Thursday,29782,21.9
frame,lgw,Year 1, spring 4, Thursday,29783,21.5
frame,lgw,Year 1, spring 4, Thursday,29784,22.0
frame,lgw,Year 1, spring 4, Thursday,29785,0.1
frame,lgw,Year 1, spring 4, Thursday,29786,21.7
frame,lgw,Year 1, spring 4, Thursday,29787,22.1
frame,lgw,Year 1, spring 4, Thursday,29788,22.1
frame,lgw,Year 1, spring 4, Thursday,29789,0.1
frame,lgw,Year 1, spring 4, Thursday,29790,22.6
frame,lgw,Year 1, spring 4, Thursday,29791,22.8
frame,lgw,Year 1, spring 4, Thursday,29792,21.9
frame,lgw,Year 1, spring 4, Thursday,29793,0.1
frame,lgw,Year 1, spring 4, Thursday,29794,21.9
frame,lgw,Year 1, spring 4, Thursday,29795,22.6
frame,lgw,Year 1, spring 4, Thursday,29796,22.3
frame,lgw,Year 1, spring 4, Thursday,29797,0.1
frame,lgw,Year 1, spring 4, Thursday,29798,22.2
frame,lgw,Year 1, spring 4, Thursday,29799,22.1
frame,lgw,Year 1, spring 4, Thursday,29800,21.6
frame,lgw,Year 1, spring 4, Thursday,29801,0.1
frame,lgw,Year 1, spring 4, Thursday,29802,21.9
frame,lgw,Year 1, spring 4, Thursday,29803,24.8
frame,lgw,Year 1, spring 4, Thursday,29804,36.6
frame,lgw,Year 1, spring 4, Thursday,29805,0.5
frame,lgw,Year 1, spring 4, Thursday,29806,0.3
frame,lgw,Year 1, spring 4, Thursday,29807,25.0
frame,lgw,Year 1, spring 4, Thursday,29808,23.5
frame,lgw,Year 1, spring 4, Thursday,29809,0.1
frame,lgw,Year 1, spring 4, Thursday,29810,22.4
frame,lgw,Year 1, spring 4, Thursday,29811,22.5
frame,lgw,Year 1, spring 4, Thursday,29812,21.9
frame,lgw,Year 1, spring 4, Thursday,29813,0.3
frame,lgw,Year 1, spring 4, Thursday,29814,22.1
frame,lgw,Year 1, spring 4, Thursday,29815,22.5
frame,lgw,Year 1, spring 4, Thursday,29816,23.1
frame,lgw,Year 1, spring 4, Thursday,29817,0.3
frame,lgw,Year 1, spring 4, Thursday,29818,22.5
frame,lgw,Year 1, spring 4, Thursday,29819,21.8
frame,lgw,Year 1, spring 4, Thursday,29820,21.9
frame,lgw,Year 1, spring 4, Thursday,29821,0.1
frame,lgw,Year 1, spring 4, Thursday,29822,22.5
frame,lgw,Year 1, spring 4, Thursday,29823,22.6
frame,lgw,Year 1, spring 4, Thursday,29824,21.3
frame,lgw,Year 1, spring 4, Thursday,29825,0.1
frame,lgw,Year 1, spring 4, Thursday,29826,22.5
frame,lgw,Year 1, spring 4, Thursday,29827,22.5
frame,lgw,Year 1, spring 4, Thursday,29828,10.8
frame,lgw,Year 1, spring 4, Thursday,29829,9.3
frame,lgw,Year 1, spring 4, Thursday,29830,84.7
frame,lgw,Year 1, spring 4, Thursday,29831,0.4
frame,lgw,Year 1, spring 4, Thursday,29832,0.3
frame,lgw,Year 1, spring 4, Thursday,29833,0.2
frame,lgw,Year 1, spring 4, Thursday,29834,0.2
frame,lgw,Year 1, spring 4, Thursday,29835,14.1
frame,lgw,Year 1, spring 4, Thursday,29836,16.6
frame,lgw,Year 1, spring 4, Thursday,29837,16.7
frame,lgw,Year 1, spring 4, Thursday,29838,16.6
frame,lgw,Year 1, spring 4, Thursday,29839,16.7
frame,lgw,Year 1, spring 4, Thursday,29840,16.8
frame,lgw,Year 1, spring 4, Thursday,29841,16.5
frame,lgw,Year 1, spring 4, Thursday,29842,16.8
frame,lgw,Year 1, spring 4, Thursday,29843,16.6
frame,lgw,Year 1, spring 4, Thursday,29844,16.8
frame,lgw,Year 1, spring 4, Thursday,29845,16.5
frame,lgw,Year 1, spring 4, Thursday,29846,16.6
frame,lgw,Year 1, spring 4, Thursday,29847,16.7
frame,lgw,Year 1, spring 4, Thursday,29848,16.6
frame,lgw,Year 1, spring 4, Thursday,29849,16.7
frame,lgw,Year 1, spring 4, Thursday,29850,16.8
frame,lgw,Year 1, spring 4, Thursday,29851,16.7
frame,lgw,Year 1, spring 4, Thursday,29852,16.5
frame,lgw,Year 1, spring 4, Thursday,29853,16.6
frame,lgw,Year 1, spring 4, Thursday,29854,16.7
frame,lgw,Year 1, spring 4, Thursday,29855,16.7
frame,lgw,Year 1, spring 4, Thursday,29856,16.6
frame,lgw,Year 1, spring 4, Thursday,29857,16.8
frame,lgw,Year 1, spring 4, Thursday,29858,16.6
frame,lgw,Year 1, spring 4, Thursday,29859,16.8
frame,lgw,Year 1, spring 4, Thursday,29860,156.4
frame,lgw,Year 1, spring 4, Thursday,29861,45.5
frame,lgw,Year 1, spring 4, Thursday,29862,0.3
frame,lgw,Year 1, spring 4, Thursday,29863,0.2
frame,lgw,Year 1, spring 4, Thursday,29864,0.2
frame,lgw,Year 1, spring 4, Thursday,29865,0.2
frame,lgw,Year 1, spring 4, Thursday,29866,0.3
frame,lgw,Year 1, spring 4, Thursday,29867,0.2
frame,lgw,Year 1, spring 4, Thursday,29868,0.2
frame,lgw,Year 1, spring 4, Thursday,29869,0.2
frame,lgw,Year 1, spring 4, Thursday,29870,0.2
frame,lgw,Year 1, spring 4, Thursday,29871,15.4
frame,lgw,Year 1, spring 4, Thursday,29872,0.3
frame,lgw,Year 1, spring 4, Thursday,29873,16.3
frame,lgw,Year 1, spring 4, Thursday,29874,14.0
frame,lgw,Year 1, spring 4, Thursday,29875,16.5
frame,lgw,Year 1, spring 4, Thursday,29876,16.6
frame,lgw,Year 1, spring 4, Thursday,29877,16.6
frame,lgw,Year 1, spring 4, Thursday,29878,16.7
frame,lgw,Year 1, spring 4, Thursday,29879,16.7
frame,lgw,Year 1, spring 4, Thursday,29880,16.7
frame,lgw,Year 1, spring 4, Thursday,29881,16.7
frame,lgw,Year 1, spring 4, Thursday,29882,16.7
frame,lgw,Year 1, spring 4, Thursday,29883,16.5
frame,lgw,Year 1, spring 4, Thursday,29884,16.7
frame,lgw,Year 1, spring 4, Thursday,29885,16.6
frame,lgw,Year 1, spring 4, Thursday,29886,16.7
frame,lgw,Year 1, spring 4, Thursday,29887,16.6
frame,lgw,Year 1, spring 4, Thursday,29888,20.6
frame,lgw,Year 1, spring 4, Thursday,29889,18.6
frame,lgw,Year 1, spring 4, Thursday,29890,10.8
frame,lgw,Year 1, spring 4, Thursday,29891,16.6
frame,lgw,Year 1, spring 4, Thursday,29892,16.8
frame,lgw,Year 1, spring 4, Thursday,29893,16.7
frame,lgw,Year 1, spring 4, Thursday,29894,16.6
frame,lgw,Year 1, spring 4, Thursday,29895,16.7
frame,lgw,Year 1, spring 4, Thursday,29896,16.7
frame,lgw,Year 1, spring 4, Thursday,29897,16.5
frame,lgw,Year 1, spring 4, Thursday,29898,17.0
frame,lgw,Year 1, spring 4, Thursday,29899,16.3
frame,lgw,Year 1, spring 4, Thursday,29900,16.6
frame,lgw,Year 1, spring 4, Thursday,29901,16.7
frame,lgw,Year 1, spring 4, Thursday,29902,16.7
frame,lgw,Year 1, spring 4, Thursday,29903,16.6
frame,lgw,Year 1, spring 4, Thursday,29904,16.8
frame,lgw,Year 1, spring 4, Thursday,29905,16.6
frame,lgw,Year 1, spring 4, Thursday,29906,16.6
frame,lgw,Year 1, spring 4, Thursday,29907,16.7
frame,lgw,Year 1, spring 4, Thursday,29908,16.7
frame,lgw,Year 1, spring 4, Thursday,29909,16.7
frame,lgw,Year 1, spring 4, Thursday,29910,16.7
frame,lgw,Year 1, spring 4, Thursday,29911,16.8
frame,lgw,Year 1, spring 4, Thursday,29912,16.7
frame,lgw,Year 1, spring 4, Thursday,29913,16.7
frame,lgw,Year 1, spring 4, Thursday,29914,16.6
frame,lgw,Year 1, spring 4, Thursday,29915,16.5
frame,lgw,Year 1, spring 4, Thursday,29916,16.8
frame,lgw,Year 1, spring 4, Thursday,29917,16.6
frame,lgw,Year 1, spring 4, Thursday,29918,16.8
frame,lgw,Year 1, spring 4, Thursday,29919,16.5
frame,lgw,Year 1, spring 4, Thursday,29920,16.7
frame,lgw,Year 1, spring 4, Thursday,29921,16.7
frame,lgw,Year 1, spring 4, Thursday,29922,16.8
frame,lgw,Year 1, spring 4, Thursday,29923,16.6
frame,lgw,Year 1, spring 4, Thursday,29924,16.8
frame,lgw,Year 1, spring 4, Thursday,29925,16.6
frame,lgw,Year 1, spring 4, Thursday,29926,16.7
frame,lgw,Year 1, spring 4, Thursday,29927,16.7
frame,lgw,Year 1, spring 4, Thursday,29928,16.7
frame,lgw,Year 1, spring 4, Thursday,29929,16.6
frame,lgw,Year 1, spring 4, Thursday,29930,16.6
frame,lgw,Year 1, spring 4, Thursday,29931,16.8
frame,lgw,Year 1, spring 4, Thursday,29932,16.5
frame,lgw,Year 1, spring 4, Thursday,29933,16.7
frame,lgw,Year 1, spring 4, Thursday,29934,16.7
frame,lgw,Year 1, spring 4, Thursday,29935,17.4
frame,lgw,Year 1, spring 4, Thursday,29936,16.4
frame,lgw,Year 1, spring 4, Thursday,29937,16.3
frame,lgw,Year 1, spring 4, Thursday,29938,16.7
frame,lgw,Year 1, spring 4, Thursday,29939,16.7
frame,lgw,Year 1, spring 4, Thursday,29940,16.7
frame,lgw,Year 1, spring 4, Thursday,29941,16.6
frame,lgw,Year 1, spring 4, Thursday,29942,16.7
frame,lgw,Year 1, spring 4, Thursday,29943,16.6
frame,lgw,Year 1, spring 4, Thursday,29944,16.6
frame,lgw,Year 1, spring 4, Thursday,29945,16.7
frame,lgw,Year 1, spring 4, Thursday,29946,16.7
frame,lgw,Year 1, spring 4, Thursday,29947,16.7
frame,lgw,Year 1, spring 4, Thursday,29948,16.7
frame,lgw,Year 1, spring 4, Thursday,29949,16.6
frame,lgw,Year 1, spring 4, Thursday,29950,16.8
frame,lgw,Year 1, spring 4, Thursday,29951,16.7
frame,lgw,Year 1, spring 4, Thursday,29952,16.7
frame,lgw,Year 1, spring 4, Thursday,29953,16.5
frame,lgw,Year 1, spring 4, Thursday,29954,16.6
frame,lgw,Year 1, spring 4, Thursday,29955,16.9
frame,lgw,Year 1, spring 4, Thursday,29956,16.4
frame,lgw,Year 1, spring 4, Thursday,29957,17.5
frame,lgw,Year 1, spring 4, Thursday,29958,15.8
frame,lgw,Year 1, spring 4, Thursday,29959,16.6
frame,lgw,Year 1, spring 4, Thursday,29960,16.7
frame,lgw,Year 1, spring 4, Thursday,29961,16.7
frame,lgw,Year 1, spring 4, Thursday,29962,16.6
frame,lgw,Year 1, spring 4, Thursday,29963,16.8
frame,lgw,Year 1, spring 4, Thursday,29964,16.8
frame,lgw,Year 1, spring 4, Thursday,29965,16.6
frame,lgw,Year 1, spring 4, Thursday,29966,16.6
frame,lgw,Year 1, spring 4, Thursday,29967,16.5
frame,lgw,Year 1, spring 4, Thursday,29968,16.8
frame,lgw,Year 1, spring 4, Thursday,29969,16.7
frame,lgw,Year 1, spring 4, Thursday,29970,16.7
frame,lgw,Year 1, spring 4, Thursday,29971,16.6
frame,lgw,Year 1, spring 4, Thursday,29972,16.8
frame,lgw,Year 1, spring 4, Thursday,29973,16.5
frame,lgw,Year 1, spring 4, Thursday,29974,28.5
frame,lgw,Year 1, spring 4, Thursday,29975,5.0
frame,lgw,Year 1, spring 4, Thursday,29976,16.5
frame,lgw,Year 1, spring 4, Thursday,29977,16.7
frame,lgw,Year 1, spring 4, Thursday,29978,16.5
frame,lgw,Year 1, spring 4, Thursday,29979,16.7
frame,lgw,Year 1, spring 4, Thursday,29980,16.7
frame,lgw,Year 1, spring 4, Thursday,29981,16.7
frame,lgw,Year 1, spring 4, Thursday,29982,16.7
frame,lgw,Year 1, spring 4, Thursday,29983,16.9
frame,lgw,Year 1, spring 4, Thursday,29984,16.4
frame,lgw,Year 1, spring 4, Thursday,29985,16.7
frame,lgw,Year 1, spring 4, Thursday,29986,16.6
frame,lgw,Year 1, spring 4, Thursday,29987,16.7
frame,lgw,Year 1, spring 4, Thursday,29988,16.7
frame,lgw,Year 1, spring 4, Thursday,29989,16.8
frame,lgw,Year 1, spring 4, Thursday,29990,16.6
frame,lgw,Year 1, spring 4, Thursday,29991,16.5
frame,lgw,Year 1, spring 4, Thursday,29992,16.9
frame,lgw,Year 1, spring 4, Thursday,29993,16.5
frame,lgw,Year 1, spring 4, Thursday,29994,16.8
frame,lgw,Year 1, spring 4, Thursday,29995,16.9
frame,lgw,Year 1, spring 4, Thursday,29996,16.4
frame,lgw,Year 1, spring 4, Thursday,29997,16.6
frame,lgw,Year 1, spring 4, Thursday,29998,16.6
frame,lgw,Year 1, spring 4, Thursday,29999,16.6
