kind,player,date,name,calls,total_ms,avg_ms,max_ms
lag,,Year 1, spring 0, Sunday,2,177.2
lag,,Year 1, spring 0, Sunday,20,227.0
lag,,Year 1, spring 0, Sunday,86,70.2
frame,,Year 1, spring 0, Sunday,5120,16.7
frame,,Year 1, spring 0, Sunday,5121,16.7
frame,,Year 1, spring 0, Sunday,5122,16.7
frame,,Year 1, spring 0, Sunday,5123,16.6
frame,,Year 1, spring 0, Sunday,5124,16.7
frame,,Year 1, spring 0, Sunday,5125,16.7
frame,,Year 1, spring 0, Sunday,5126,16.6
frame,,Year 1, spring 0, Sunday,5127,17.0
frame,,Year 1, spring 0, Sunday,5128,16.5
frame,,Year 1, spring 0, Sunday,5129,16.6
frame,,Year 1, spring 0, Sunday,5130,16.7
frame,,Year 1, spring 0, Sunday,5131,16.7
frame,,Year 1, spring 0, Sunday,5132,16.7
frame,,Year 1, spring 0, Sunday,5133,16.7
frame,,Year 1, spring 0, Sunday,5134,16.7
frame,,Year 1, spring 0, Sunday,5135,16.6
frame,,Year 1, spring 0, Sunday,5136,16.7
frame,,Year 1, spring 0, Sunday,5137,16.6
frame,,Year 1, spring 0, Sunday,5138,16.7
frame,,Year 1, spring 0, Sunday,5139,16.7
frame,,Year 1, spring 0, Sunday,5140,16.6
frame,,Year 1, spring 0, Sunday,5141,16.7
frame,,Year 1, spring 0, Sunday,5142,16.6
frame,,Year 1, spring 0, Sunday,5143,16.7
frame,,Year 1, spring 0, Sunday,5144,16.7
frame,,Year 1, spring 0, Sunday,5145,16.7
frame,,Year 1, spring 0, Sunday,5146,16.6
frame,,Year 1, spring 0, Sunday,5147,16.7
frame,,Year 1, spring 0, Sunday,5148,16.7
frame,,Year 1, spring 0, Sunday,5149,16.6
frame,,Year 1, spring 0, Sunday,5150,16.6
frame,,Year 1, spring 0, Sunday,5151,16.7
frame,,Year 1, spring 0, Sunday,5152,16.6
frame,,Year 1, spring 0, Sunday,5153,16.7
frame,,Year 1, spring 0, Sunday,5154,16.7
frame,,Year 1, spring 0, Sunday,5155,16.7
frame,,Year 1, spring 0, Sunday,5156,16.8
frame,,Year 1, spring 0, Sunday,5157,16.6
frame,,Year 1, spring 0, Sunday,5158,16.7
frame,,Year 1, spring 0, Sunday,5159,16.7
frame,,Year 1, spring 0, Sunday,5160,16.7
frame,,Year 1, spring 0, Sunday,5161,16.7
frame,,Year 1, spring 0, Sunday,5162,16.6
frame,,Year 1, spring 0, Sunday,5163,16.7
frame,,Year 1, spring 0, Sunday,5164,16.7
frame,,Year 1, spring 0, Sunday,5165,16.7
frame,,Year 1, spring 0, Sunday,5166,16.7
frame,,Year 1, spring 0, Sunday,5167,16.7
frame,,Year 1, spring 0, Sunday,5168,16.7
frame,,Year 1, spring 0, Sunday,5169,16.7
frame,,Year 1, spring 0, Sunday,5170,16.6
frame,,Year 1, spring 0, Sunday,5171,16.7
frame,,Year 1, spring 0, Sunday,5172,16.6
frame,,Year 1, spring 0, Sunday,5173,16.7
frame,,Year 1, spring 0, Sunday,5174,16.7
frame,,Year 1, spring 0, Sunday,5175,16.7
frame,,Year 1, spring 0, Sunday,5176,16.6
frame,,Year 1, spring 0, Sunday,5177,16.7
frame,,Year 1, spring 0, Sunday,5178,16.6
frame,,Year 1, spring 0, Sunday,5179,16.7
frame,,Year 1, spring 0, Sunday,5180,16.6
frame,,Year 1, spring 0, Sunday,5181,16.7
frame,,Year 1, spring 0, Sunday,5182,16.7
frame,,Year 1, spring 0, Sunday,5183,16.7
frame,,Year 1, spring 0, Sunday,5184,16.6
frame,,Year 1, spring 0, Sunday,5185,16.7
frame,,Year 1, spring 0, Sunday,5186,16.7
frame,,Year 1, spring 0, Sunday,5187,16.7
frame,,Year 1, spring 0, Sunday,5188,16.7
frame,,Year 1, spring 0, Sunday,5189,16.7
frame,,Year 1, spring 0, Sunday,5190,16.7
frame,,Year 1, spring 0, Sunday,5191,16.7
frame,,Year 1, spring 0, Sunday,5192,16.7
frame,,Year 1, spring 0, Sunday,5193,16.7
frame,,Year 1, spring 0, Sunday,5194,16.7
frame,,Year 1, spring 0, Sunday,5195,16.7
frame,,Year 1, spring 0, Sunday,5196,16.6
frame,,Year 1, spring 0, Sunday,5197,16.7
frame,,Year 1, spring 0, Sunday,5198,16.7
frame,,Year 1, spring 0, Sunday,5199,16.7
frame,,Year 1, spring 0, Sunday,5200,16.7
frame,,Year 1, spring 0, Sunday,5201,16.7
frame,,Year 1, spring 0, Sunday,5202,16.6
frame,,Year 1, spring 0, Sunday,5203,16.7
frame,,Year 1, spring 0, Sunday,5204,16.7
frame,,Year 1, spring 0, Sunday,5205,16.7
frame,,Year 1, spring 0, Sunday,5206,16.6
frame,,Year 1, spring 0, Sunday,5207,16.7
frame,,Year 1, spring 0, Sunday,5208,16.6
frame,,Year 1, spring 0, Sunday,5209,16.7
frame,,Year 1, spring 0, Sunday,5210,16.7
frame,,Year 1, spring 0, Sunday,5211,16.7
frame,,Year 1, spring 0, Sunday,5212,16.7
frame,,Year 1, spring 0, Sunday,5213,16.7
frame,,Year 1, spring 0, Sunday,5214,16.6
frame,,Year 1, spring 0, Sunday,5215,16.7
frame,,Year 1, spring 0, Sunday,5216,16.7
frame,,Year 1, spring 0, Sunday,5217,16.7
frame,,Year 1, spring 0, Sunday,5218,16.7
frame,,Year 1, spring 0, Sunday,5219,16.7
frame,,Year 1, spring 0, Sunday,5220,16.7
frame,,Year 1, spring 0, Sunday,5221,16.7
frame,,Year 1, spring 0, Sunday,5222,16.7
frame,,Year 1, spring 0, Sunday,5223,16.6
frame,,Year 1, spring 0, Sunday,5224,16.7
frame,,Year 1, spring 0, Sunday,5225,16.7
frame,,Year 1, spring 0, Sunday,5226,16.7
frame,,Year 1, spring 0, Sunday,5227,16.7
frame,,Year 1, spring 0, Sunday,5228,16.7
frame,,Year 1, spring 0, Sunday,5229,16.7
frame,,Year 1, spring 0, Sunday,5230,16.7
frame,,Year 1, spring 0, Sunday,5231,16.7
frame,,Year 1, spring 0, Sunday,5232,16.7
frame,,Year 1, spring 0, Sunday,5233,16.7
frame,,Year 1, spring 0, Sunday,5234,16.7
frame,,Year 1, spring 0, Sunday,5235,16.6
frame,,Year 1, spring 0, Sunday,5236,16.6
frame,,Year 1, spring 0, Sunday,5237,16.7
frame,,Year 1, spring 0, Sunday,5238,16.7
frame,,Year 1, spring 0, Sunday,5239,16.6
frame,,Year 1, spring 0, Sunday,5240,16.7
frame,,Year 1, spring 0, Sunday,5241,16.7
frame,,Year 1, spring 0, Sunday,5242,16.7
frame,,Year 1, spring 0, Sunday,5243,16.7
frame,,Year 1, spring 0, Sunday,5244,16.7
frame,,Year 1, spring 0, Sunday,5245,16.7
frame,,Year 1, spring 0, Sunday,5246,16.7
frame,,Year 1, spring 0, Sunday,5247,16.6
frame,,Year 1, spring 0, Sunday,5248,16.7
frame,,Year 1, spring 0, Sunday,5249,16.7
frame,,Year 1, spring 0, Sunday,5250,16.7
frame,,Year 1, spring 0, Sunday,5251,16.6
frame,,Year 1, spring 0, Sunday,5252,16.7
frame,,Year 1, spring 0, Sunday,5253,16.7
frame,,Year 1, spring 0, Sunday,5254,16.7
frame,,Year 1, spring 0, Sunday,5255,16.7
frame,,Year 1, spring 0, Sunday,5256,16.7
frame,,Year 1, spring 0, Sunday,5257,16.7
frame,,Year 1, spring 0, Sunday,5258,16.6
frame,,Year 1, spring 0, Sunday,5259,16.7
frame,,Year 1, spring 0, Sunday,5260,16.7
frame,,Year 1, spring 0, Sunday,5261,16.6
frame,,Year 1, spring 0, Sunday,5262,16.7
frame,,Year 1, spring 0, Sunday,5263,16.7
frame,,Year 1, spring 0, Sunday,5264,16.6
frame,,Year 1, spring 0, Sunday,5265,16.7
frame,,Year 1, spring 0, Sunday,5266,16.7
frame,,Year 1, spring 0, Sunday,5267,16.7
frame,,Year 1, spring 0, Sunday,5268,16.7
frame,,Year 1, spring 0, Sunday,5269,16.7
frame,,Year 1, spring 0, Sunday,5270,16.7
frame,,Year 1, spring 0, Sunday,5271,16.7
frame,,Year 1, spring 0, Sunday,5272,16.6
frame,,Year 1, spring 0, Sunday,5273,16.7
frame,,Year 1, spring 0, Sunday,5274,16.7
frame,,Year 1, spring 0, Sunday,5275,16.6
frame,,Year 1, spring 0, Sunday,5276,16.7
frame,,Year 1, spring 0, Sunday,5277,16.7
frame,,Year 1, spring 0, Sunday,5278,16.6
frame,,Year 1, spring 0, Sunday,5279,16.7
frame,,Year 1, spring 0, Sunday,5280,16.7
frame,,Year 1, spring 0, Sunday,5281,16.7
frame,,Year 1, spring 0, Sunday,5282,16.7
frame,,Year 1, spring 0, Sunday,5283,16.7
frame,,Year 1, spring 0, Sunday,5284,16.7
frame,,Year 1, spring 0, Sunday,5285,16.7
frame,,Year 1, spring 0, Sunday,5286,16.7
frame,,Year 1, spring 0, Sunday,5287,16.7
frame,,Year 1, spring 0, Sunday,5288,16.7
frame,,Year 1, spring 0, Sunday,5289,16.7
frame,,Year 1, spring 0, Sunday,5290,16.7
frame,,Year 1, spring 0, Sunday,5291,16.7
frame,,Year 1, spring 0, Sunday,5292,16.7
frame,,Year 1, spring 0, Sunday,5293,16.6
frame,,Year 1, spring 0, Sunday,5294,16.7
frame,,Year 1, spring 0, Sunday,5295,16.7
frame,,Year 1, spring 0, Sunday,5296,16.7
frame,,Year 1, spring 0, Sunday,5297,16.7
frame,,Year 1, spring 0, Sunday,5298,16.7
frame,,Year 1, spring 0, Sunday,5299,16.7
frame,,Year 1, spring 0, Sunday,5300,16.7
frame,,Year 1, spring 0, Sunday,5301,16.7
frame,,Year 1, spring 0, Sunday,5302,16.7
frame,,Year 1, spring 0, Sunday,5303,16.6
frame,,Year 1, spring 0, Sunday,5304,16.7
frame,,Year 1, spring 0, Sunday,5305,16.6
frame,,Year 1, spring 0, Sunday,5306,16.7
frame,,Year 1, spring 0, Sunday,5307,16.7
frame,,Year 1, spring 0, Sunday,5308,16.7
frame,,Year 1, spring 0, Sunday,5309,16.7
frame,,Year 1, spring 0, Sunday,5310,16.7
frame,,Year 1, spring 0, Sunday,5311,16.6
frame,,Year 1, spring 0, Sunday,5312,16.6
frame,,Year 1, spring 0, Sunday,5313,16.7
frame,,Year 1, spring 0, Sunday,5314,16.7
frame,,Year 1, spring 0, Sunday,5315,16.7
frame,,Year 1, spring 0, Sunday,5316,16.7
frame,,Year 1, spring 0, Sunday,5317,16.6
frame,,Year 1, spring 0, Sunday,5318,16.7
frame,,Year 1, spring 0, Sunday,5319,16.7
frame,,Year 1, spring 0, Sunday,5320,16.7
frame,,Year 1, spring 0, Sunday,5321,16.7
frame,,Year 1, spring 0, Sunday,5322,16.6
frame,,Year 1, spring 0, Sunday,5323,16.7
frame,,Year 1, spring 0, Sunday,5324,16.7
frame,,Year 1, spring 0, Sunday,5325,16.7
frame,,Year 1, spring 0, Sunday,5326,16.7
frame,,Year 1, spring 0, Sunday,5327,16.6
frame,,Year 1, spring 0, Sunday,5328,16.7
frame,,Year 1, spring 0, Sunday,5329,16.7
frame,,Year 1, spring 0, Sunday,5330,16.7
frame,,Year 1, spring 0, Sunday,5331,16.7
frame,,Year 1, spring 0, Sunday,5332,16.7
frame,,Year 1, spring 0, Sunday,5333,16.7
frame,,Year 1, spring 0, Sunday,5334,16.7
frame,,Year 1, spring 0, Sunday,5335,16.6
frame,,Year 1, spring 0, Sunday,5336,16.7
frame,,Year 1, spring 0, Sunday,5337,16.7
frame,,Year 1, spring 0, Sunday,5338,16.7
frame,,Year 1, spring 0, Sunday,5339,16.7
frame,,Year 1, spring 0, Sunday,5340,16.7
frame,,Year 1, spring 0, Sunday,5341,16.6
frame,,Year 1, spring 0, Sunday,5342,16.7
frame,,Year 1, spring 0, Sunday,5343,16.6
frame,,Year 1, spring 0, Sunday,5344,16.7
frame,,Year 1, spring 0, Sunday,5345,16.6
frame,,Year 1, spring 0, Sunday,5346,16.7
frame,,Year 1, spring 0, Sunday,5347,16.7
frame,,Year 1, spring 0, Sunday,5348,16.7
frame,,Year 1, spring 0, Sunday,5349,16.7
frame,,Year 1, spring 0, Sunday,5350,16.7
frame,,Year 1, spring 0, Sunday,5351,16.7
frame,,Year 1, spring 0, Sunday,5352,16.7
frame,,Year 1, spring 0, Sunday,5353,16.7
frame,,Year 1, spring 0, Sunday,5354,16.7
frame,,Year 1, spring 0, Sunday,5355,16.7
frame,,Year 1, spring 0, Sunday,5356,16.7
frame,,Year 1, spring 0, Sunday,5357,16.7
frame,,Year 1, spring 0, Sunday,5358,16.7
frame,,Year 1, spring 0, Sunday,5359,16.7
frame,,Year 1, spring 0, Sunday,5360,16.7
frame,,Year 1, spring 0, Sunday,5361,16.7
frame,,Year 1, spring 0, Sunday,5362,16.6
frame,,Year 1, spring 0, Sunday,5363,16.7
frame,,Year 1, spring 0, Sunday,5364,16.7
frame,,Year 1, spring 0, Sunday,5365,16.7
frame,,Year 1, spring 0, Sunday,5366,16.6
frame,,Year 1, spring 0, Sunday,5367,16.7
frame,,Year 1, spring 0, Sunday,5368,16.7
frame,,Year 1, spring 0, Sunday,5369,16.6
frame,,Year 1, spring 0, Sunday,5370,16.7
frame,,Year 1, spring 0, Sunday,5371,16.7
frame,,Year 1, spring 0, Sunday,5372,16.6
frame,,Year 1, spring 0, Sunday,5373,16.7
frame,,Year 1, spring 0, Sunday,5374,16.6
frame,,Year 1, spring 0, Sunday,5375,16.7
frame,,Year 1, spring 0, Sunday,5376,16.7
frame,,Year 1, spring 0, Sunday,5377,16.7
frame,,Year 1, spring 0, Sunday,5378,16.6
frame,,Year 1, spring 0, Sunday,5379,16.7
frame,,Year 1, spring 0, Sunday,5380,16.7
frame,,Year 1, spring 0, Sunday,5381,16.7
frame,,Year 1, spring 0, Sunday,5382,16.6
frame,,Year 1, spring 0, Sunday,5383,16.7
frame,,Year 1, spring 0, Sunday,5384,16.6
frame,,Year 1, spring 0, Sunday,5385,16.7
frame,,Year 1, spring 0, Sunday,5386,16.7
frame,,Year 1, spring 0, Sunday,5387,16.6
frame,,Year 1, spring 0, Sunday,5388,16.7
frame,,Year 1, spring 0, Sunday,5389,16.7
frame,,Year 1, spring 0, Sunday,5390,16.7
frame,,Year 1, spring 0, Sunday,5391,16.7
frame,,Year 1, spring 0, Sunday,5392,16.7
frame,,Year 1, spring 0, Sunday,5393,16.7
frame,,Year 1, spring 0, Sunday,5394,16.6
frame,,Year 1, spring 0, Sunday,5395,16.7
frame,,Year 1, spring 0, Sunday,5396,16.7
frame,,Year 1, spring 0, Sunday,5397,16.7
frame,,Year 1, spring 0, Sunday,5398,16.7
frame,,Year 1, spring 0, Sunday,5399,16.7
frame,,Year 1, spring 0, Sunday,5400,16.7
frame,,Year 1, spring 0, Sunday,5401,16.7
frame,,Year 1, spring 0, Sunday,5402,16.6
frame,,Year 1, spring 0, Sunday,5403,16.7
frame,,Year 1, spring 0, Sunday,5404,16.6
frame,,Year 1, spring 0, Sunday,5405,16.7
frame,,Year 1, spring 0, Sunday,5406,16.7
frame,,Year 1, spring 0, Sunday,5407,16.7
frame,,Year 1, spring 0, Sunday,5408,16.7
frame,,Year 1, spring 0, Sunday,5409,16.7
frame,,Year 1, spring 0, Sunday,5410,16.6
frame,,Year 1, spring 0, Sunday,5411,16.6
frame,,Year 1, spring 0, Sunday,5412,16.7
frame,,Year 1, spring 0, Sunday,5413,16.7
frame,,Year 1, spring 0, Sunday,5414,16.7
frame,,Year 1, spring 0, Sunday,5415,16.6
frame,,Year 1, spring 0, Sunday,5416,16.7
frame,,Year 1, spring 0, Sunday,5417,16.7
frame,,Year 1, spring 0, Sunday,5418,16.7
frame,,Year 1, spring 0, Sunday,5419,16.7
frame,,Year 1, spring 0, Sunday,5420,16.7
frame,,Year 1, spring 0, Sunday,5421,16.6
frame,,Year 1, spring 0, Sunday,5422,16.7
frame,,Year 1, spring 0, Sunday,5423,16.7
frame,,Year 1, spring 0, Sunday,5424,16.7
frame,,Year 1, spring 0, Sunday,5425,16.7
frame,,Year 1, spring 0, Sunday,5426,16.7
frame,,Year 1, spring 0, Sunday,5427,16.7
frame,,Year 1, spring 0, Sunday,5428,16.7
frame,,Year 1, spring 0, Sunday,5429,16.7
frame,,Year 1, spring 0, Sunday,5430,16.6
frame,,Year 1, spring 0, Sunday,5431,16.7
frame,,Year 1, spring 0, Sunday,5432,16.7
frame,,Year 1, spring 0, Sunday,5433,16.7
frame,,Year 1, spring 0, Sunday,5434,16.6
frame,,Year 1, spring 0, Sunday,5435,16.7
frame,,Year 1, spring 0, Sunday,5436,16.7
frame,,Year 1, spring 0, Sunday,5437,16.6
frame,,Year 1, spring 0, Sunday,5438,16.7
frame,,Year 1, spring 0, Sunday,5439,16.6
frame,,Year 1, spring 0, Sunday,5440,16.7
frame,,Year 1, spring 0, Sunday,5441,16.8
frame,,Year 1, spring 0, Sunday,5442,16.6
frame,,Year 1, spring 0, Sunday,5443,16.7
frame,,Year 1, spring 0, Sunday,5444,16.7
frame,,Year 1, spring 0, Sunday,5445,16.7
frame,,Year 1, spring 0, Sunday,5446,16.7
frame,,Year 1, spring 0, Sunday,5447,16.7
frame,,Year 1, spring 0, Sunday,5448,16.7
frame,,Year 1, spring 0, Sunday,5449,16.6
frame,,Year 1, spring 0, Sunday,5450,16.7
frame,,Year 1, spring 0, Sunday,5451,16.6
frame,,Year 1, spring 0, Sunday,5452,16.7
frame,,Year 1, spring 0, Sunday,5453,16.7
frame,,Year 1, spring 0, Sunday,5454,16.7
frame,,Year 1, spring 0, Sunday,5455,16.7
frame,,Year 1, spring 0, Sunday,5456,16.7
frame,,Year 1, spring 0, Sunday,5457,16.6
frame,,Year 1, spring 0, Sunday,5458,16.7
frame,,Year 1, spring 0, Sunday,5459,16.7
frame,,Year 1, spring 0, Sunday,5460,17.0
frame,,Year 1, spring 0, Sunday,5461,16.4
frame,,Year 1, spring 0, Sunday,5462,16.7
frame,,Year 1, spring 0, Sunday,5463,16.7
frame,,Year 1, spring 0, Sunday,5464,16.7
frame,,Year 1, spring 0, Sunday,5465,16.6
frame,,Year 1, spring 0, Sunday,5466,16.7
frame,,Year 1, spring 0, Sunday,5467,16.7
frame,,Year 1, spring 0, Sunday,5468,16.7
frame,,Year 1, spring 0, Sunday,5469,16.6
frame,,Year 1, spring 0, Sunday,5470,16.7
frame,,Year 1, spring 0, Sunday,5471,16.7
frame,,Year 1, spring 0, Sunday,5472,16.7
frame,,Year 1, spring 0, Sunday,5473,16.7
frame,,Year 1, spring 0, Sunday,5474,16.7
frame,,Year 1, spring 0, Sunday,5475,16.7
frame,,Year 1, spring 0, Sunday,5476,16.7
frame,,Year 1, spring 0, Sunday,5477,16.6
frame,,Year 1, spring 0, Sunday,5478,16.6
frame,,Year 1, spring 0, Sunday,5479,16.7
frame,,Year 1, spring 0, Sunday,5480,16.7
frame,,Year 1, spring 0, Sunday,5481,16.7
frame,,Year 1, spring 0, Sunday,5482,16.6
frame,,Year 1, spring 0, Sunday,5483,16.7
frame,,Year 1, spring 0, Sunday,5484,16.7
frame,,Year 1, spring 0, Sunday,5485,16.7
frame,,Year 1, spring 0, Sunday,5486,16.7
frame,,Year 1, spring 0, Sunday,5487,16.7
frame,,Year 1, spring 0, Sunday,5488,16.6
frame,,Year 1, spring 0, Sunday,5489,16.7
frame,,Year 1, spring 0, Sunday,5490,16.7
frame,,Year 1, spring 0, Sunday,5491,16.7
frame,,Year 1, spring 0, Sunday,5492,16.6
frame,,Year 1, spring 0, Sunday,5493,16.7
frame,,Year 1, spring 0, Sunday,5494,16.7
frame,,Year 1, spring 0, Sunday,5495,16.7
frame,,Year 1, spring 0, Sunday,5496,16.7
frame,,Year 1, spring 0, Sunday,5497,16.7
frame,,Year 1, spring 0, Sunday,5498,16.7
frame,,Year 1, spring 0, Sunday,5499,16.7
frame,,Year 1, spring 0, Sunday,5500,16.7
frame,,Year 1, spring 0, Sunday,5501,16.7
frame,,Year 1, spring 0, Sunday,5502,16.7
frame,,Year 1, spring 0, Sunday,5503,16.6
frame,,Year 1, spring 0, Sunday,5504,16.7
frame,,Year 1, spring 0, Sunday,5505,16.7
frame,,Year 1, spring 0, Sunday,5506,16.7
frame,,Year 1, spring 0, Sunday,5507,16.6
frame,,Year 1, spring 0, Sunday,5508,16.7
frame,,Year 1, spring 0, Sunday,5509,16.7
frame,,Year 1, spring 0, Sunday,5510,16.6
frame,,Year 1, spring 0, Sunday,5511,16.7
frame,,Year 1, spring 0, Sunday,5512,16.7
frame,,Year 1, spring 0, Sunday,5513,16.6
frame,,Year 1, spring 0, Sunday,5514,16.7
frame,,Year 1, spring 0, Sunday,5515,16.7
frame,,Year 1, spring 0, Sunday,5516,16.7
frame,,Year 1, spring 0, Sunday,5517,16.7
frame,,Year 1, spring 0, Sunday,5518,16.7
frame,,Year 1, spring 0, Sunday,5519,16.7
frame,,Year 1, spring 0, Sunday,5520,16.8
frame,,Year 1, spring 0, Sunday,5521,16.5
frame,,Year 1, spring 0, Sunday,5522,16.7
frame,,Year 1, spring 0, Sunday,5523,16.7
frame,,Year 1, spring 0, Sunday,5524,16.6
frame,,Year 1, spring 0, Sunday,5525,16.7
frame,,Year 1, spring 0, Sunday,5526,16.7
frame,,Year 1, spring 0, Sunday,5527,16.7
frame,,Year 1, spring 0, Sunday,5528,16.7
frame,,Year 1, spring 0, Sunday,5529,16.7
frame,,Year 1, spring 0, Sunday,5530,16.7
frame,,Year 1, spring 0, Sunday,5531,16.7
frame,,Year 1, spring 0, Sunday,5532,16.6
frame,,Year 1, spring 0, Sunday,5533,16.7
frame,,Year 1, spring 0, Sunday,5534,16.7
frame,,Year 1, spring 0, Sunday,5535,16.7
frame,,Year 1, spring 0, Sunday,5536,16.7
frame,,Year 1, spring 0, Sunday,5537,16.7
frame,,Year 1, spring 0, Sunday,5538,16.6
frame,,Year 1, spring 0, Sunday,5539,16.7
frame,,Year 1, spring 0, Sunday,5540,16.7
frame,,Year 1, spring 0, Sunday,5541,16.7
frame,,Year 1, spring 0, Sunday,5542,16.7
frame,,Year 1, spring 0, Sunday,5543,16.7
frame,,Year 1, spring 0, Sunday,5544,16.6
frame,,Year 1, spring 0, Sunday,5545,16.7
frame,,Year 1, spring 0, Sunday,5546,16.6
frame,,Year 1, spring 0, Sunday,5547,16.7
frame,,Year 1, spring 0, Sunday,5548,16.7
frame,,Year 1, spring 0, Sunday,5549,16.7
frame,,Year 1, spring 0, Sunday,5550,16.7
frame,,Year 1, spring 0, Sunday,5551,16.7
frame,,Year 1, spring 0, Sunday,5552,16.6
frame,,Year 1, spring 0, Sunday,5553,16.7
frame,,Year 1, spring 0, Sunday,5554,16.7
frame,,Year 1, spring 0, Sunday,5555,16.6
frame,,Year 1, spring 0, Sunday,5556,16.7
frame,,Year 1, spring 0, Sunday,5557,16.7
frame,,Year 1, spring 0, Sunday,5558,16.7
frame,,Year 1, spring 0, Sunday,5559,16.7
frame,,Year 1, spring 0, Sunday,5560,16.6
frame,,Year 1, spring 0, Sunday,5561,16.7
frame,,Year 1, spring 0, Sunday,5562,16.6
frame,,Year 1, spring 0, Sunday,5563,16.7
frame,,Year 1, spring 0, Sunday,5564,16.6
frame,,Year 1, spring 0, Sunday,5565,16.7
frame,,Year 1, spring 0, Sunday,5566,16.6
frame,,Year 1, spring 0, Sunday,5567,16.7
frame,,Year 1, spring 0, Sunday,5568,16.6
frame,,Year 1, spring 0, Sunday,5569,16.7
frame,,Year 1, spring 0, Sunday,5570,16.8
frame,,Year 1, spring 0, Sunday,5571,16.6
frame,,Year 1, spring 0, Sunday,5572,16.7
frame,,Year 1, spring 0, Sunday,5573,16.7
frame,,Year 1, spring 0, Sunday,5574,16.7
frame,,Year 1, spring 0, Sunday,5575,16.6
frame,,Year 1, spring 0, Sunday,5576,16.7
frame,,Year 1, spring 0, Sunday,5577,16.7
frame,,Year 1, spring 0, Sunday,5578,16.7
frame,,Year 1, spring 0, Sunday,5579,16.7
frame,,Year 1, spring 0, Sunday,5580,16.6
frame,,Year 1, spring 0, Sunday,5581,16.6
frame,,Year 1, spring 0, Sunday,5582,16.7
frame,,Year 1, spring 0, Sunday,5583,16.7
frame,,Year 1, spring 0, Sunday,5584,16.6
frame,,Year 1, spring 0, Sunday,5585,16.6
frame,,Year 1, spring 0, Sunday,5586,16.7
frame,,Year 1, spring 0, Sunday,5587,16.7
frame,,Year 1, spring 0, Sunday,5588,16.7
frame,,Year 1, spring 0, Sunday,5589,16.7
frame,,Year 1, spring 0, Sunday,5590,16.6
frame,,Year 1, spring 0, Sunday,5591,16.7
frame,,Year 1, spring 0, Sunday,5592,16.7
frame,,Year 1, spring 0, Sunday,5593,16.6
frame,,Year 1, spring 0, Sunday,5594,16.7
frame,,Year 1, spring 0, Sunday,5595,16.7
frame,,Year 1, spring 0, Sunday,5596,16.6
frame,,Year 1, spring 0, Sunday,5597,16.7
frame,,Year 1, spring 0, Sunday,5598,16.7
frame,,Year 1, spring 0, Sunday,5599,16.7
frame,,Year 1, spring 0, Sunday,5600,16.7
frame,,Year 1, spring 0, Sunday,5601,16.7
frame,,Year 1, spring 0, Sunday,5602,16.7
frame,,Year 1, spring 0, Sunday,5603,16.6
frame,,Year 1, spring 0, Sunday,5604,16.7
frame,,Year 1, spring 0, Sunday,5605,16.6
frame,,Year 1, spring 0, Sunday,5606,16.7
frame,,Year 1, spring 0, Sunday,5607,16.7
frame,,Year 1, spring 0, Sunday,5608,16.7
frame,,Year 1, spring 0, Sunday,5609,16.6
frame,,Year 1, spring 0, Sunday,5610,16.7
frame,,Year 1, spring 0, Sunday,5611,16.7
frame,,Year 1, spring 0, Sunday,5612,16.7
frame,,Year 1, spring 0, Sunday,5613,16.7
frame,,Year 1, spring 0, Sunday,5614,16.7
frame,,Year 1, spring 0, Sunday,5615,16.6
frame,,Year 1, spring 0, Sunday,5616,16.7
frame,,Year 1, spring 0, Sunday,5617,16.7
frame,,Year 1, spring 0, Sunday,5618,16.6
frame,,Year 1, spring 0, Sunday,5619,16.7
frame,,Year 1, spring 0, Sunday,5620,16.7
frame,,Year 1, spring 0, Sunday,5621,16.6
frame,,Year 1, spring 0, Sunday,5622,16.6
frame,,Year 1, spring 0, Sunday,5623,16.7
frame,,Year 1, spring 0, Sunday,5624,16.7
frame,,Year 1, spring 0, Sunday,5625,16.7
frame,,Year 1, spring 0, Sunday,5626,16.7
frame,,Year 1, spring 0, Sunday,5627,16.7
frame,,Year 1, spring 0, Sunday,5628,16.7
frame,,Year 1, spring 0, Sunday,5629,16.7
frame,,Year 1, spring 0, Sunday,5630,16.7
frame,,Year 1, spring 0, Sunday,5631,16.7
frame,,Year 1, spring 0, Sunday,5632,16.7
frame,,Year 1, spring 0, Sunday,5633,16.7
frame,,Year 1, spring 0, Sunday,5634,16.7
frame,,Year 1, spring 0, Sunday,5635,16.6
frame,,Year 1, spring 0, Sunday,5636,16.7
frame,,Year 1, spring 0, Sunday,5637,16.7
frame,,Year 1, spring 0, Sunday,5638,16.7
frame,,Year 1, spring 0, Sunday,5639,16.7
frame,,Year 1, spring 0, Sunday,5640,16.7
frame,,Year 1, spring 0, Sunday,5641,16.7
frame,,Year 1, spring 0, Sunday,5642,16.7
frame,,Year 1, spring 0, Sunday,5643,16.7
frame,,Year 1, spring 0, Sunday,5644,16.7
frame,,Year 1, spring 0, Sunday,5645,16.6
frame,,Year 1, spring 0, Sunday,5646,16.7
frame,,Year 1, spring 0, Sunday,5647,16.6
frame,,Year 1, spring 0, Sunday,5648,16.7
frame,,Year 1, spring 0, Sunday,5649,16.7
frame,,Year 1, spring 0, Sunday,5650,16.7
frame,,Year 1, spring 0, Sunday,5651,16.6
frame,,Year 1, spring 0, Sunday,5652,16.7
frame,,Year 1, spring 0, Sunday,5653,16.7
frame,,Year 1, spring 0, Sunday,5654,16.7
frame,,Year 1, spring 0, Sunday,5655,16.7
frame,,Year 1, spring 0, Sunday,5656,16.8
frame,,Year 1, spring 0, Sunday,5657,16.5
frame,,Year 1, spring 0, Sunday,5658,16.7
frame,,Year 1, spring 0, Sunday,5659,16.7
frame,,Year 1, spring 0, Sunday,5660,16.7
frame,,Year 1, spring 0, Sunday,5661,16.7
frame,,Year 1, spring 0, Sunday,5662,16.7
frame,,Year 1, spring 0, Sunday,5663,16.7
frame,,Year 1, spring 0, Sunday,5664,16.7
frame,,Year 1, spring 0, Sunday,5665,16.7
frame,,Year 1, spring 0, Sunday,5666,16.7
frame,,Year 1, spring 0, Sunday,5667,16.7
frame,,Year 1, spring 0, Sunday,5668,16.7
frame,,Year 1, spring 0, Sunday,5669,16.7
frame,,Year 1, spring 0, Sunday,5670,16.7
frame,,Year 1, spring 0, Sunday,5671,16.7
frame,,Year 1, spring 0, Sunday,5672,16.7
frame,,Year 1, spring 0, Sunday,5673,16.6
frame,,Year 1, spring 0, Sunday,5674,16.7
frame,,Year 1, spring 0, Sunday,5675,16.7
frame,,Year 1, spring 0, Sunday,5676,16.7
frame,,Year 1, spring 0, Sunday,5677,16.7
frame,,Year 1, spring 0, Sunday,5678,16.7
frame,,Year 1, spring 0, Sunday,5679,16.6
frame,,Year 1, spring 0, Sunday,5680,16.7
frame,,Year 1, spring 0, Sunday,5681,16.7
frame,,Year 1, spring 0, Sunday,5682,16.7
frame,,Year 1, spring 0, Sunday,5683,16.7
frame,,Year 1, spring 0, Sunday,5684,16.7
frame,,Year 1, spring 0, Sunday,5685,16.8
frame,,Year 1, spring 0, Sunday,5686,16.6
frame,,Year 1, spring 0, Sunday,5687,16.7
frame,,Year 1, spring 0, Sunday,5688,16.6
frame,,Year 1, spring 0, Sunday,5689,16.7
frame,,Year 1, spring 0, Sunday,5690,16.7
frame,,Year 1, spring 0, Sunday,5691,16.7
frame,,Year 1, spring 0, Sunday,5692,16.7
frame,,Year 1, spring 0, Sunday,5693,16.7
frame,,Year 1, spring 0, Sunday,5694,16.7
frame,,Year 1, spring 0, Sunday,5695,16.7
frame,,Year 1, spring 0, Sunday,5696,16.7
frame,,Year 1, spring 0, Sunday,5697,16.7
frame,,Year 1, spring 0, Sunday,5698,16.7
frame,,Year 1, spring 0, Sunday,5699,16.6
frame,,Year 1, spring 0, Sunday,5700,16.7
frame,,Year 1, spring 0, Sunday,5701,16.7
frame,,Year 1, spring 0, Sunday,5702,16.6
frame,,Year 1, spring 0, Sunday,5703,16.7
frame,,Year 1, spring 0, Sunday,5704,16.7
frame,,Year 1, spring 0, Sunday,5705,16.7
frame,,Year 1, spring 0, Sunday,5706,16.7
frame,,Year 1, spring 0, Sunday,5707,16.7
frame,,Year 1, spring 0, Sunday,5708,16.6
frame,,Year 1, spring 0, Sunday,5709,16.7
frame,,Year 1, spring 0, Sunday,5710,16.7
frame,,Year 1, spring 0, Sunday,5711,16.7
frame,,Year 1, spring 0, Sunday,5712,16.6
frame,,Year 1, spring 0, Sunday,5713,16.6
frame,,Year 1, spring 0, Sunday,5714,16.7
frame,,Year 1, spring 0, Sunday,5715,16.7
frame,,Year 1, spring 0, Sunday,5716,16.6
frame,,Year 1, spring 0, Sunday,5717,16.6
frame,,Year 1, spring 0, Sunday,5718,16.7
frame,,Year 1, spring 0, Sunday,5719,16.7
frame,,Year 1, spring 0, Sunday,5720,16.7
frame,,Year 1, spring 0, Sunday,5721,16.7
frame,,Year 1, spring 0, Sunday,5722,16.8
frame,,Year 1, spring 0, Sunday,5723,16.6
frame,,Year 1, spring 0, Sunday,5724,16.7
frame,,Year 1, spring 0, Sunday,5725,16.7
frame,,Year 1, spring 0, Sunday,5726,16.7
frame,,Year 1, spring 0, Sunday,5727,16.7
frame,,Year 1, spring 0, Sunday,5728,16.6
frame,,Year 1, spring 0, Sunday,5729,16.7
frame,,Year 1, spring 0, Sunday,5730,16.7
frame,,Year 1, spring 0, Sunday,5731,16.6
frame,,Year 1, spring 0, Sunday,5732,16.7
frame,,Year 1, spring 0, Sunday,5733,16.7
frame,,Year 1, spring 0, Sunday,5734,16.6
frame,,Year 1, spring 0, Sunday,5735,16.7
frame,,Year 1, spring 0, Sunday,5736,16.6
frame,,Year 1, spring 0, Sunday,5737,16.7
frame,,Year 1, spring 0, Sunday,5738,16.6
frame,,Year 1, spring 0, Sunday,5739,16.7
frame,,Year 1, spring 0, Sunday,5740,16.7
frame,,Year 1, spring 0, Sunday,5741,16.7
frame,,Year 1, spring 0, Sunday,5742,16.6
frame,,Year 1, spring 0, Sunday,5743,16.7
frame,,Year 1, spring 0, Sunday,5744,16.6
frame,,Year 1, spring 0, Sunday,5745,16.7
frame,,Year 1, spring 0, Sunday,5746,16.7
frame,,Year 1, spring 0, Sunday,5747,16.7
frame,,Year 1, spring 0, Sunday,5748,16.7
frame,,Year 1, spring 0, Sunday,5749,16.7
frame,,Year 1, spring 0, Sunday,5750,16.6
frame,,Year 1, spring 0, Sunday,5751,16.7
frame,,Year 1, spring 0, Sunday,5752,16.7
frame,,Year 1, spring 0, Sunday,5753,16.7
frame,,Year 1, spring 0, Sunday,5754,16.7
frame,,Year 1, spring 0, Sunday,5755,16.6
frame,,Year 1, spring 0, Sunday,5756,16.7
frame,,Year 1, spring 0, Sunday,5757,16.7
frame,,Year 1, spring 0, Sunday,5758,16.7
frame,,Year 1, spring 0, Sunday,5759,16.6
frame,,Year 1, spring 0, Sunday,5760,16.7
frame,,Year 1, spring 0, Sunday,5761,16.6
frame,,Year 1, spring 0, Sunday,5762,16.7
frame,,Year 1, spring 0, Sunday,5763,16.7
frame,,Year 1, spring 0, Sunday,5764,16.7
frame,,Year 1, spring 0, Sunday,5765,16.7
frame,,Year 1, spring 0, Sunday,5766,16.7
frame,,Year 1, spring 0, Sunday,5767,16.7
frame,,Year 1, spring 0, Sunday,5768,16.7
frame,,Year 1, spring 0, Sunday,5769,16.6
frame,,Year 1, spring 0, Sunday,5770,16.7
frame,,Year 1, spring 0, Sunday,5771,16.7
frame,,Year 1, spring 0, Sunday,5772,16.6
frame,,Year 1, spring 0, Sunday,5773,16.7
frame,,Year 1, spring 0, Sunday,5774,16.7
frame,,Year 1, spring 0, Sunday,5775,16.7
frame,,Year 1, spring 0, Sunday,5776,16.6
frame,,Year 1, spring 0, Sunday,5777,16.7
frame,,Year 1, spring 0, Sunday,5778,16.7
frame,,Year 1, spring 0, Sunday,5779,16.7
frame,,Year 1, spring 0, Sunday,5780,16.7
frame,,Year 1, spring 0, Sunday,5781,16.7
frame,,Year 1, spring 0, Sunday,5782,16.7
frame,,Year 1, spring 0, Sunday,5783,16.7
frame,,Year 1, spring 0, Sunday,5784,16.7
frame,,Year 1, spring 0, Sunday,5785,16.6
frame,,Year 1, spring 0, Sunday,5786,16.7
frame,,Year 1, spring 0, Sunday,5787,16.7
frame,,Year 1, spring 0, Sunday,5788,16.7
frame,,Year 1, spring 0, Sunday,5789,16.7
frame,,Year 1, spring 0, Sunday,5790,16.7
frame,,Year 1, spring 0, Sunday,5791,16.6
frame,,Year 1, spring 0, Sunday,5792,16.7
frame,,Year 1, spring 0, Sunday,5793,16.6
frame,,Year 1, spring 0, Sunday,5794,16.6
frame,,Year 1, spring 0, Sunday,5795,16.7
frame,,Year 1, spring 0, Sunday,5796,16.6
frame,,Year 1, spring 0, Sunday,5797,16.7
frame,,Year 1, spring 0, Sunday,5798,16.7
frame,,Year 1, spring 0, Sunday,5799,16.7
frame,,Year 1, spring 0, Sunday,5800,16.7
frame,,Year 1, spring 0, Sunday,5801,16.7
frame,,Year 1, spring 0, Sunday,5802,16.6
frame,,Year 1, spring 0, Sunday,5803,16.7
frame,,Year 1, spring 0, Sunday,5804,16.7
frame,,Year 1, spring 0, Sunday,5805,16.7
frame,,Year 1, spring 0, Sunday,5806,16.7
frame,,Year 1, spring 0, Sunday,5807,16.7
frame,,Year 1, spring 0, Sunday,5808,16.7
frame,,Year 1, spring 0, Sunday,5809,16.7
frame,,Year 1, spring 0, Sunday,5810,16.7
frame,,Year 1, spring 0, Sunday,5811,16.6
frame,,Year 1, spring 0, Sunday,5812,16.7
frame,,Year 1, spring 0, Sunday,5813,16.7
frame,,Year 1, spring 0, Sunday,5814,16.7
frame,,Year 1, spring 0, Sunday,5815,16.7
frame,,Year 1, spring 0, Sunday,5816,16.6
frame,,Year 1, spring 0, Sunday,5817,16.7
frame,,Year 1, spring 0, Sunday,5818,16.7
frame,,Year 1, spring 0, Sunday,5819,16.7
frame,,Year 1, spring 0, Sunday,5820,16.7
frame,,Year 1, spring 0, Sunday,5821,16.7
frame,,Year 1, spring 0, Sunday,5822,16.7
frame,,Year 1, spring 0, Sunday,5823,16.7
frame,,Year 1, spring 0, Sunday,5824,16.7
frame,,Year 1, spring 0, Sunday,5825,16.7
frame,,Year 1, spring 0, Sunday,5826,16.7
frame,,Year 1, spring 0, Sunday,5827,16.7
frame,,Year 1, spring 0, Sunday,5828,16.7
frame,,Year 1, spring 0, Sunday,5829,16.7
frame,,Year 1, spring 0, Sunday,5830,16.7
frame,,Year 1, spring 0, Sunday,5831,16.7
frame,,Year 1, spring 0, Sunday,5832,16.7
frame,,Year 1, spring 0, Sunday,5833,16.7
frame,,Year 1, spring 0, Sunday,5834,16.7
frame,,Year 1, spring 0, Sunday,5835,16.7
frame,,Year 1, spring 0, Sunday,5836,16.7
frame,,Year 1, spring 0, Sunday,5837,16.7
frame,,Year 1, spring 0, Sunday,5838,16.7
frame,,Year 1, spring 0, Sunday,5839,16.7
frame,,Year 1, spring 0, Sunday,5840,16.6
frame,,Year 1, spring 0, Sunday,5841,16.7
frame,,Year 1, spring 0, Sunday,5842,16.7
frame,,Year 1, spring 0, Sunday,5843,16.7
frame,,Year 1, spring 0, Sunday,5844,16.7
frame,,Year 1, spring 0, Sunday,5845,16.6
frame,,Year 1, spring 0, Sunday,5846,16.7
frame,,Year 1, spring 0, Sunday,5847,17.3
frame,,Year 1, spring 0, Sunday,5848,16.0
frame,,Year 1, spring 0, Sunday,5849,16.7
frame,,Year 1, spring 0, Sunday,5850,16.7
frame,,Year 1, spring 0, Sunday,5851,16.8
frame,,Year 1, spring 0, Sunday,5852,16.6
frame,,Year 1, spring 0, Sunday,5853,16.6
frame,,Year 1, spring 0, Sunday,5854,16.6
frame,,Year 1, spring 0, Sunday,5855,16.7
frame,,Year 1, spring 0, Sunday,5856,16.7
frame,,Year 1, spring 0, Sunday,5857,16.7
frame,,Year 1, spring 0, Sunday,5858,16.7
frame,,Year 1, spring 0, Sunday,5859,16.6
frame,,Year 1, spring 0, Sunday,5860,16.7
frame,,Year 1, spring 0, Sunday,5861,16.6
frame,,Year 1, spring 0, Sunday,5862,16.7
frame,,Year 1, spring 0, Sunday,5863,16.6
frame,,Year 1, spring 0, Sunday,5864,16.7
frame,,Year 1, spring 0, Sunday,5865,16.8
frame,,Year 1, spring 0, Sunday,5866,16.6
frame,,Year 1, spring 0, Sunday,5867,16.6
frame,,Year 1, spring 0, Sunday,5868,16.7
frame,,Year 1, spring 0, Sunday,5869,16.7
frame,,Year 1, spring 0, Sunday,5870,16.7
frame,,Year 1, spring 0, Sunday,5871,16.6
frame,,Year 1, spring 0, Sunday,5872,16.7
frame,,Year 1, spring 0, Sunday,5873,16.7
frame,,Year 1, spring 0, Sunday,5874,16.6
frame,,Year 1, spring 0, Sunday,5875,16.7
frame,,Year 1, spring 0, Sunday,5876,16.7
frame,,Year 1, spring 0, Sunday,5877,16.7
frame,,Year 1, spring 0, Sunday,5878,16.7
frame,,Year 1, spring 0, Sunday,5879,16.7
frame,,Year 1, spring 0, Sunday,5880,16.7
frame,,Year 1, spring 0, Sunday,5881,16.7
frame,,Year 1, spring 0, Sunday,5882,16.6
frame,,Year 1, spring 0, Sunday,5883,16.7
frame,,Year 1, spring 0, Sunday,5884,16.7
frame,,Year 1, spring 0, Sunday,5885,16.7
frame,,Year 1, spring 0, Sunday,5886,16.7
frame,,Year 1, spring 0, Sunday,5887,16.6
frame,,Year 1, spring 0, Sunday,5888,16.7
frame,,Year 1, spring 0, Sunday,5889,16.7
frame,,Year 1, spring 0, Sunday,5890,16.7
frame,,Year 1, spring 0, Sunday,5891,16.7
frame,,Year 1, spring 0, Sunday,5892,16.7
frame,,Year 1, spring 0, Sunday,5893,16.7
frame,,Year 1, spring 0, Sunday,5894,16.6
frame,,Year 1, spring 0, Sunday,5895,16.7
frame,,Year 1, spring 0, Sunday,5896,16.7
frame,,Year 1, spring 0, Sunday,5897,16.7
frame,,Year 1, spring 0, Sunday,5898,16.7
frame,,Year 1, spring 0, Sunday,5899,16.7
frame,,Year 1, spring 0, Sunday,5900,16.7
frame,,Year 1, spring 0, Sunday,5901,16.7
frame,,Year 1, spring 0, Sunday,5902,16.7
frame,,Year 1, spring 0, Sunday,5903,16.7
frame,,Year 1, spring 0, Sunday,5904,16.7
frame,,Year 1, spring 0, Sunday,5905,16.7
frame,,Year 1, spring 0, Sunday,5906,16.7
frame,,Year 1, spring 0, Sunday,5907,16.7
frame,,Year 1, spring 0, Sunday,5908,16.7
frame,,Year 1, spring 0, Sunday,5909,16.7
frame,,Year 1, spring 0, Sunday,5910,16.7
frame,,Year 1, spring 0, Sunday,5911,16.7
frame,,Year 1, spring 0, Sunday,5912,16.6
frame,,Year 1, spring 0, Sunday,5913,16.7
frame,,Year 1, spring 0, Sunday,5914,16.6
frame,,Year 1, spring 0, Sunday,5915,16.7
frame,,Year 1, spring 0, Sunday,5916,16.7
frame,,Year 1, spring 0, Sunday,5917,16.6
frame,,Year 1, spring 0, Sunday,5918,16.7
frame,,Year 1, spring 0, Sunday,5919,16.6
frame,,Year 1, spring 0, Sunday,5920,16.7
frame,,Year 1, spring 0, Sunday,5921,16.7
frame,,Year 1, spring 0, Sunday,5922,16.6
frame,,Year 1, spring 0, Sunday,5923,16.6
frame,,Year 1, spring 0, Sunday,5924,16.7
frame,,Year 1, spring 0, Sunday,5925,16.7
frame,,Year 1, spring 0, Sunday,5926,16.7
frame,,Year 1, spring 0, Sunday,5927,16.6
frame,,Year 1, spring 0, Sunday,5928,16.7
frame,,Year 1, spring 0, Sunday,5929,16.7
frame,,Year 1, spring 0, Sunday,5930,16.7
frame,,Year 1, spring 0, Sunday,5931,16.7
frame,,Year 1, spring 0, Sunday,5932,16.7
frame,,Year 1, spring 0, Sunday,5933,16.7
frame,,Year 1, spring 0, Sunday,5934,16.7
frame,,Year 1, spring 0, Sunday,5935,16.6
frame,,Year 1, spring 0, Sunday,5936,16.7
frame,,Year 1, spring 0, Sunday,5937,16.6
frame,,Year 1, spring 0, Sunday,5938,16.7
frame,,Year 1, spring 0, Sunday,5939,16.7
frame,,Year 1, spring 0, Sunday,5940,16.7
frame,,Year 1, spring 0, Sunday,5941,16.7
frame,,Year 1, spring 0, Sunday,5942,16.7
frame,,Year 1, spring 0, Sunday,5943,16.7
frame,,Year 1, spring 0, Sunday,5944,16.7
frame,,Year 1, spring 0, Sunday,5945,16.7
frame,,Year 1, spring 0, Sunday,5946,16.6
frame,,Year 1, spring 0, Sunday,5947,16.7
frame,,Year 1, spring 0, Sunday,5948,16.7
frame,,Year 1, spring 0, Sunday,5949,16.7
frame,,Year 1, spring 0, Sunday,5950,16.7
frame,,Year 1, spring 0, Sunday,5951,16.7
frame,,Year 1, spring 0, Sunday,5952,16.7
frame,,Year 1, spring 0, Sunday,5953,16.7
frame,,Year 1, spring 0, Sunday,5954,16.6
frame,,Year 1, spring 0, Sunday,5955,16.7
frame,,Year 1, spring 0, Sunday,5956,16.7
frame,,Year 1, spring 0, Sunday,5957,16.7
frame,,Year 1, spring 0, Sunday,5958,16.7
frame,,Year 1, spring 0, Sunday,5959,16.7
frame,,Year 1, spring 0, Sunday,5960,16.7
frame,,Year 1, spring 0, Sunday,5961,16.7
frame,,Year 1, spring 0, Sunday,5962,16.7
frame,,Year 1, spring 0, Sunday,5963,16.7
frame,,Year 1, spring 0, Sunday,5964,16.7
frame,,Year 1, spring 0, Sunday,5965,16.7
frame,,Year 1, spring 0, Sunday,5966,16.7
frame,,Year 1, spring 0, Sunday,5967,16.7
frame,,Year 1, spring 0, Sunday,5968,16.8
frame,,Year 1, spring 0, Sunday,5969,16.5
frame,,Year 1, spring 0, Sunday,5970,16.7
frame,,Year 1, spring 0, Sunday,5971,16.7
frame,,Year 1, spring 0, Sunday,5972,16.6
frame,,Year 1, spring 0, Sunday,5973,16.7
frame,,Year 1, spring 0, Sunday,5974,16.7
frame,,Year 1, spring 0, Sunday,5975,16.6
frame,,Year 1, spring 0, Sunday,5976,16.7
frame,,Year 1, spring 0, Sunday,5977,16.7
frame,,Year 1, spring 0, Sunday,5978,16.7
frame,,Year 1, spring 0, Sunday,5979,16.7
frame,,Year 1, spring 0, Sunday,5980,16.6
frame,,Year 1, spring 0, Sunday,5981,16.7
frame,,Year 1, spring 0, Sunday,5982,16.6
frame,,Year 1, spring 0, Sunday,5983,16.7
frame,,Year 1, spring 0, Sunday,5984,16.7
frame,,Year 1, spring 0, Sunday,5985,16.7
frame,,Year 1, spring 0, Sunday,5986,16.7
frame,,Year 1, spring 0, Sunday,5987,16.6
frame,,Year 1, spring 0, Sunday,5988,16.7
frame,,Year 1, spring 0, Sunday,5989,16.7
frame,,Year 1, spring 0, Sunday,5990,16.6
frame,,Year 1, spring 0, Sunday,5991,16.7
frame,,Year 1, spring 0, Sunday,5992,16.7
frame,,Year 1, spring 0, Sunday,5993,16.7
frame,,Year 1, spring 0, Sunday,5994,16.6
frame,,Year 1, spring 0, Sunday,5995,16.7
frame,,Year 1, spring 0, Sunday,5996,16.7
frame,,Year 1, spring 0, Sunday,5997,16.7
frame,,Year 1, spring 0, Sunday,5998,16.7
frame,,Year 1, spring 0, Sunday,5999,16.7
frame,,Year 1, spring 0, Sunday,11120,16.7
frame,,Year 1, spring 0, Sunday,11121,16.7
frame,,Year 1, spring 0, Sunday,11122,16.7
frame,,Year 1, spring 0, Sunday,11123,16.7
frame,,Year 1, spring 0, Sunday,11124,16.7
frame,,Year 1, spring 0, Sunday,11125,16.7
frame,,Year 1, spring 0, Sunday,11126,16.7
frame,,Year 1, spring 0, Sunday,11127,16.7
frame,,Year 1, spring 0, Sunday,11128,16.7
frame,,Year 1, spring 0, Sunday,11129,16.7
frame,,Year 1, spring 0, Sunday,11130,16.6
frame,,Year 1, spring 0, Sunday,11131,16.7
frame,,Year 1, spring 0, Sunday,11132,16.7
frame,,Year 1, spring 0, Sunday,11133,16.7
frame,,Year 1, spring 0, Sunday,11134,16.7
frame,,Year 1, spring 0, Sunday,11135,16.6
frame,,Year 1, spring 0, Sunday,11136,16.7
frame,,Year 1, spring 0, Sunday,11137,16.6
frame,,Year 1, spring 0, Sunday,11138,16.7
frame,,Year 1, spring 0, Sunday,11139,16.7
frame,,Year 1, spring 0, Sunday,11140,16.6
frame,,Year 1, spring 0, Sunday,11141,16.7
frame,,Year 1, spring 0, Sunday,11142,16.7
frame,,Year 1, spring 0, Sunday,11143,16.7
frame,,Year 1, spring 0, Sunday,11144,16.7
frame,,Year 1, spring 0, Sunday,11145,16.7
frame,,Year 1, spring 0, Sunday,11146,16.6
frame,,Year 1, spring 0, Sunday,11147,16.7
frame,,Year 1, spring 0, Sunday,11148,16.7
frame,,Year 1, spring 0, Sunday,11149,16.7
frame,,Year 1, spring 0, Sunday,11150,16.7
frame,,Year 1, spring 0, Sunday,11151,16.6
frame,,Year 1, spring 0, Sunday,11152,16.7
frame,,Year 1, spring 0, Sunday,11153,16.7
frame,,Year 1, spring 0, Sunday,11154,16.7
frame,,Year 1, spring 0, Sunday,11155,16.6
frame,,Year 1, spring 0, Sunday,11156,16.8
frame,,Year 1, spring 0, Sunday,11157,16.6
frame,,Year 1, spring 0, Sunday,11158,16.7
frame,,Year 1, spring 0, Sunday,11159,16.6
frame,,Year 1, spring 0, Sunday,11160,16.7
frame,,Year 1, spring 0, Sunday,11161,16.7
frame,,Year 1, spring 0, Sunday,11162,16.7
frame,,Year 1, spring 0, Sunday,11163,16.7
frame,,Year 1, spring 0, Sunday,11164,16.7
frame,,Year 1, spring 0, Sunday,11165,16.7
frame,,Year 1, spring 0, Sunday,11166,16.7
frame,,Year 1, spring 0, Sunday,11167,16.7
frame,,Year 1, spring 0, Sunday,11168,16.7
frame,,Year 1, spring 0, Sunday,11169,16.7
frame,,Year 1, spring 0, Sunday,11170,16.6
frame,,Year 1, spring 0, Sunday,11171,16.7
frame,,Year 1, spring 0, Sunday,11172,16.7
frame,,Year 1, spring 0, Sunday,11173,16.7
frame,,Year 1, spring 0, Sunday,11174,16.7
frame,,Year 1, spring 0, Sunday,11175,16.7
frame,,Year 1, spring 0, Sunday,11176,16.7
frame,,Year 1, spring 0, Sunday,11177,16.6
frame,,Year 1, spring 0, Sunday,11178,16.7
frame,,Year 1, spring 0, Sunday,11179,16.7
frame,,Year 1, spring 0, Sunday,11180,16.7
frame,,Year 1, spring 0, Sunday,11181,16.7
frame,,Year 1, spring 0, Sunday,11182,16.6
frame,,Year 1, spring 0, Sunday,11183,16.7
frame,,Year 1, spring 0, Sunday,11184,16.7
frame,,Year 1, spring 0, Sunday,11185,16.7
frame,,Year 1, spring 0, Sunday,11186,16.7
frame,,Year 1, spring 0, Sunday,11187,16.7
frame,,Year 1, spring 0, Sunday,11188,16.7
frame,,Year 1, spring 0, Sunday,11189,16.7
frame,,Year 1, spring 0, Sunday,11190,16.7
frame,,Year 1, spring 0, Sunday,11191,16.7
frame,,Year 1, spring 0, Sunday,11192,16.7
frame,,Year 1, spring 0, Sunday,11193,16.7
frame,,Year 1, spring 0, Sunday,11194,16.6
frame,,Year 1, spring 0, Sunday,11195,16.7
frame,,Year 1, spring 0, Sunday,11196,16.7
frame,,Year 1, spring 0, Sunday,11197,16.7
frame,,Year 1, spring 0, Sunday,11198,16.7
frame,,Year 1, spring 0, Sunday,11199,16.7
frame,,Year 1, spring 0, Sunday,11200,16.6
frame,,Year 1, spring 0, Sunday,11201,16.7
frame,,Year 1, spring 0, Sunday,11202,16.6
frame,,Year 1, spring 0, Sunday,11203,16.7
frame,,Year 1, spring 0, Sunday,11204,16.7
frame,,Year 1, spring 0, Sunday,11205,16.7
frame,,Year 1, spring 0, Sunday,11206,16.6
frame,,Year 1, spring 0, Sunday,11207,16.7
frame,,Year 1, spring 0, Sunday,11208,16.7
frame,,Year 1, spring 0, Sunday,11209,16.7
frame,,Year 1, spring 0, Sunday,11210,16.7
frame,,Year 1, spring 0, Sunday,11211,16.7
frame,,Year 1, spring 0, Sunday,11212,16.7
frame,,Year 1, spring 0, Sunday,11213,16.7
frame,,Year 1, spring 0, Sunday,11214,16.6
frame,,Year 1, spring 0, Sunday,11215,16.7
frame,,Year 1, spring 0, Sunday,11216,16.7
frame,,Year 1, spring 0, Sunday,11217,16.7
frame,,Year 1, spring 0, Sunday,11218,16.7
frame,,Year 1, spring 0, Sunday,11219,16.7
frame,,Year 1, spring 0, Sunday,11220,16.6
frame,,Year 1, spring 0, Sunday,11221,16.7
frame,,Year 1, spring 0, Sunday,11222,16.7
frame,,Year 1, spring 0, Sunday,11223,16.6
frame,,Year 1, spring 0, Sunday,11224,16.7
frame,,Year 1, spring 0, Sunday,11225,16.7
frame,,Year 1, spring 0, Sunday,11226,16.6
frame,,Year 1, spring 0, Sunday,11227,16.7
frame,,Year 1, spring 0, Sunday,11228,16.7
frame,,Year 1, spring 0, Sunday,11229,16.7
frame,,Year 1, spring 0, Sunday,11230,16.7
frame,,Year 1, spring 0, Sunday,11231,16.6
frame,,Year 1, spring 0, Sunday,11232,16.7
frame,,Year 1, spring 0, Sunday,11233,16.6
frame,,Year 1, spring 0, Sunday,11234,16.7
frame,,Year 1, spring 0, Sunday,11235,16.7
frame,,Year 1, spring 0, Sunday,11236,16.6
frame,,Year 1, spring 0, Sunday,11237,16.7
frame,,Year 1, spring 0, Sunday,11238,16.7
frame,,Year 1, spring 0, Sunday,11239,16.7
frame,,Year 1, spring 0, Sunday,11240,16.7
frame,,Year 1, spring 0, Sunday,11241,16.7
frame,,Year 1, spring 0, Sunday,11242,16.7
frame,,Year 1, spring 0, Sunday,11243,16.6
frame,,Year 1, spring 0, Sunday,11244,16.7
frame,,Year 1, spring 0, Sunday,11245,16.7
frame,,Year 1, spring 0, Sunday,11246,16.6
frame,,Year 1, spring 0, Sunday,11247,16.7
frame,,Year 1, spring 0, Sunday,11248,16.7
frame,,Year 1, spring 0, Sunday,11249,16.7
frame,,Year 1, spring 0, Sunday,11250,16.7
frame,,Year 1, spring 0, Sunday,11251,16.7
frame,,Year 1, spring 0, Sunday,11252,16.7
frame,,Year 1, spring 0, Sunday,11253,16.7
frame,,Year 1, spring 0, Sunday,11254,16.6
frame,,Year 1, spring 0, Sunday,11255,16.7
frame,,Year 1, spring 0, Sunday,11256,16.7
frame,,Year 1, spring 0, Sunday,11257,16.7
frame,,Year 1, spring 0, Sunday,11258,16.7
frame,,Year 1, spring 0, Sunday,11259,16.7
frame,,Year 1, spring 0, Sunday,11260,16.7
frame,,Year 1, spring 0, Sunday,11261,16.7
frame,,Year 1, spring 0, Sunday,11262,16.7
frame,,Year 1, spring 0, Sunday,11263,16.6
frame,,Year 1, spring 0, Sunday,11264,16.7
frame,,Year 1, spring 0, Sunday,11265,16.7
frame,,Year 1, spring 0, Sunday,11266,16.7
frame,,Year 1, spring 0, Sunday,11267,16.7
frame,,Year 1, spring 0, Sunday,11268,16.7
frame,,Year 1, spring 0, Sunday,11269,16.7
frame,,Year 1, spring 0, Sunday,11270,16.7
frame,,Year 1, spring 0, Sunday,11271,16.7
frame,,Year 1, spring 0, Sunday,11272,16.6
frame,,Year 1, spring 0, Sunday,11273,16.7
frame,,Year 1, spring 0, Sunday,11274,16.7
frame,,Year 1, spring 0, Sunday,11275,16.7
frame,,Year 1, spring 0, Sunday,11276,16.7
frame,,Year 1, spring 0, Sunday,11277,16.7
frame,,Year 1, spring 0, Sunday,11278,16.7
frame,,Year 1, spring 0, Sunday,11279,16.7
frame,,Year 1, spring 0, Sunday,11280,16.6
frame,,Year 1, spring 0, Sunday,11281,16.7
frame,,Year 1, spring 0, Sunday,11282,16.6
frame,,Year 1, spring 0, Sunday,11283,16.7
frame,,Year 1, spring 0, Sunday,11284,16.6
frame,,Year 1, spring 0, Sunday,11285,16.7
frame,,Year 1, spring 0, Sunday,11286,16.7
frame,,Year 1, spring 0, Sunday,11287,16.7
frame,,Year 1, spring 0, Sunday,11288,16.7
frame,,Year 1, spring 0, Sunday,11289,16.9
frame,,Year 1, spring 0, Sunday,11290,16.5
frame,,Year 1, spring 0, Sunday,11291,16.6
frame,,Year 1, spring 0, Sunday,11292,16.7
frame,,Year 1, spring 0, Sunday,11293,16.6
frame,,Year 1, spring 0, Sunday,11294,16.7
frame,,Year 1, spring 0, Sunday,11295,16.7
frame,,Year 1, spring 0, Sunday,11296,16.7
frame,,Year 1, spring 0, Sunday,11297,16.7
frame,,Year 1, spring 0, Sunday,11298,16.7
frame,,Year 1, spring 0, Sunday,11299,16.7
frame,,Year 1, spring 0, Sunday,11300,16.7
frame,,Year 1, spring 0, Sunday,11301,16.7
frame,,Year 1, spring 0, Sunday,11302,16.7
frame,,Year 1, spring 0, Sunday,11303,16.7
frame,,Year 1, spring 0, Sunday,11304,16.7
frame,,Year 1, spring 0, Sunday,11305,16.7
frame,,Year 1, spring 0, Sunday,11306,16.7
frame,,Year 1, spring 0, Sunday,11307,16.7
frame,,Year 1, spring 0, Sunday,11308,16.6
frame,,Year 1, spring 0, Sunday,11309,16.6
frame,,Year 1, spring 0, Sunday,11310,16.7
frame,,Year 1, spring 0, Sunday,11311,16.6
frame,,Year 1, spring 0, Sunday,11312,16.7
frame,,Year 1, spring 0, Sunday,11313,16.7
frame,,Year 1, spring 0, Sunday,11314,17.8
frame,,Year 1, spring 0, Sunday,11315,15.6
frame,,Year 1, spring 0, Sunday,11316,16.7
frame,,Year 1, spring 0, Sunday,11317,16.7
frame,,Year 1, spring 0, Sunday,11318,16.6
frame,,Year 1, spring 0, Sunday,11319,16.7
frame,,Year 1, spring 0, Sunday,11320,16.7
frame,,Year 1, spring 0, Sunday,11321,16.7
frame,,Year 1, spring 0, Sunday,11322,16.7
frame,,Year 1, spring 0, Sunday,11323,16.6
frame,,Year 1, spring 0, Sunday,11324,16.7
frame,,Year 1, spring 0, Sunday,11325,16.7
frame,,Year 1, spring 0, Sunday,11326,16.7
frame,,Year 1, spring 0, Sunday,11327,16.6
frame,,Year 1, spring 0, Sunday,11328,16.7
frame,,Year 1, spring 0, Sunday,11329,16.7
frame,,Year 1, spring 0, Sunday,11330,16.7
frame,,Year 1, spring 0, Sunday,11331,16.7
frame,,Year 1, spring 0, Sunday,11332,16.6
frame,,Year 1, spring 0, Sunday,11333,16.7
frame,,Year 1, spring 0, Sunday,11334,16.6
frame,,Year 1, spring 0, Sunday,11335,16.7
frame,,Year 1, spring 0, Sunday,11336,16.7
frame,,Year 1, spring 0, Sunday,11337,16.7
frame,,Year 1, spring 0, Sunday,11338,16.7
frame,,Year 1, spring 0, Sunday,11339,16.7
frame,,Year 1, spring 0, Sunday,11340,16.7
frame,,Year 1, spring 0, Sunday,11341,16.7
frame,,Year 1, spring 0, Sunday,11342,16.7
frame,,Year 1, spring 0, Sunday,11343,16.7
frame,,Year 1, spring 0, Sunday,11344,16.6
frame,,Year 1, spring 0, Sunday,11345,16.7
frame,,Year 1, spring 0, Sunday,11346,16.7
frame,,Year 1, spring 0, Sunday,11347,16.7
frame,,Year 1, spring 0, Sunday,11348,16.7
frame,,Year 1, spring 0, Sunday,11349,16.7
frame,,Year 1, spring 0, Sunday,11350,16.7
frame,,Year 1, spring 0, Sunday,11351,16.6
frame,,Year 1, spring 0, Sunday,11352,16.7
frame,,Year 1, spring 0, Sunday,11353,16.6
frame,,Year 1, spring 0, Sunday,11354,16.7
frame,,Year 1, spring 0, Sunday,11355,16.7
frame,,Year 1, spring 0, Sunday,11356,16.7
frame,,Year 1, spring 0, Sunday,11357,16.7
frame,,Year 1, spring 0, Sunday,11358,16.7
frame,,Year 1, spring 0, Sunday,11359,16.7
frame,,Year 1, spring 0, Sunday,11360,16.6
frame,,Year 1, spring 0, Sunday,11361,16.7
frame,,Year 1, spring 0, Sunday,11362,16.6
frame,,Year 1, spring 0, Sunday,11363,16.7
frame,,Year 1, spring 0, Sunday,11364,16.7
frame,,Year 1, spring 0, Sunday,11365,16.7
frame,,Year 1, spring 0, Sunday,11366,16.7
frame,,Year 1, spring 0, Sunday,11367,16.7
frame,,Year 1, spring 0, Sunday,11368,16.7
frame,,Year 1, spring 0, Sunday,11369,16.7
frame,,Year 1, spring 0, Sunday,11370,16.7
frame,,Year 1, spring 0, Sunday,11371,16.7
frame,,Year 1, spring 0, Sunday,11372,16.7
frame,,Year 1, spring 0, Sunday,11373,16.6
frame,,Year 1, spring 0, Sunday,11374,16.7
frame,,Year 1, spring 0, Sunday,11375,16.7
frame,,Year 1, spring 0, Sunday,11376,17.8
frame,,Year 1, spring 0, Sunday,11377,15.6
frame,,Year 1, spring 0, Sunday,11378,16.6
frame,,Year 1, spring 0, Sunday,11379,16.7
frame,,Year 1, spring 0, Sunday,11380,16.7
frame,,Year 1, spring 0, Sunday,11381,16.7
frame,,Year 1, spring 0, Sunday,11382,16.7
frame,,Year 1, spring 0, Sunday,11383,16.6
frame,,Year 1, spring 0, Sunday,11384,16.7
frame,,Year 1, spring 0, Sunday,11385,16.7
frame,,Year 1, spring 0, Sunday,11386,16.7
frame,,Year 1, spring 0, Sunday,11387,16.7
frame,,Year 1, spring 0, Sunday,11388,16.6
frame,,Year 1, spring 0, Sunday,11389,16.7
frame,,Year 1, spring 0, Sunday,11390,16.6
frame,,Year 1, spring 0, Sunday,11391,16.7
frame,,Year 1, spring 0, Sunday,11392,16.7
frame,,Year 1, spring 0, Sunday,11393,16.6
frame,,Year 1, spring 0, Sunday,11394,16.7
frame,,Year 1, spring 0, Sunday,11395,16.6
frame,,Year 1, spring 0, Sunday,11396,16.7
frame,,Year 1, spring 0, Sunday,11397,16.7
frame,,Year 1, spring 0, Sunday,11398,16.7
frame,,Year 1, spring 0, Sunday,11399,16.7
frame,,Year 1, spring 0, Sunday,11400,16.7
frame,,Year 1, spring 0, Sunday,11401,16.7
frame,,Year 1, spring 0, Sunday,11402,16.7
frame,,Year 1, spring 0, Sunday,11403,16.7
frame,,Year 1, spring 0, Sunday,11404,16.7
frame,,Year 1, spring 0, Sunday,11405,16.6
frame,,Year 1, spring 0, Sunday,11406,16.7
frame,,Year 1, spring 0, Sunday,11407,16.7
frame,,Year 1, spring 0, Sunday,11408,16.6
frame,,Year 1, spring 0, Sunday,11409,16.7
frame,,Year 1, spring 0, Sunday,11410,16.7
frame,,Year 1, spring 0, Sunday,11411,16.7
frame,,Year 1, spring 0, Sunday,11412,16.6
frame,,Year 1, spring 0, Sunday,11413,16.7
frame,,Year 1, spring 0, Sunday,11414,16.7
frame,,Year 1, spring 0, Sunday,11415,16.7
frame,,Year 1, spring 0, Sunday,11416,16.7
frame,,Year 1, spring 0, Sunday,11417,16.6
frame,,Year 1, spring 0, Sunday,11418,16.6
frame,,Year 1, spring 0, Sunday,11419,16.7
frame,,Year 1, spring 0, Sunday,11420,16.7
frame,,Year 1, spring 0, Sunday,11421,16.7
frame,,Year 1, spring 0, Sunday,11422,16.7
frame,,Year 1, spring 0, Sunday,11423,16.7
frame,,Year 1, spring 0, Sunday,11424,16.7
frame,,Year 1, spring 0, Sunday,11425,16.7
frame,,Year 1, spring 0, Sunday,11426,16.7
frame,,Year 1, spring 0, Sunday,11427,16.7
frame,,Year 1, spring 0, Sunday,11428,16.7
frame,,Year 1, spring 0, Sunday,11429,16.7
frame,,Year 1, spring 0, Sunday,11430,16.7
frame,,Year 1, spring 0, Sunday,11431,16.7
frame,,Year 1, spring 0, Sunday,11432,16.7
frame,,Year 1, spring 0, Sunday,11433,16.6
frame,,Year 1, spring 0, Sunday,11434,16.7
frame,,Year 1, spring 0, Sunday,11435,16.7
frame,,Year 1, spring 0, Sunday,11436,16.6
frame,,Year 1, spring 0, Sunday,11437,16.7
frame,,Year 1, spring 0, Sunday,11438,16.7
frame,,Year 1, spring 0, Sunday,11439,16.7
frame,,Year 1, spring 0, Sunday,11440,16.7
frame,,Year 1, spring 0, Sunday,11441,16.7
frame,,Year 1, spring 0, Sunday,11442,16.6
frame,,Year 1, spring 0, Sunday,11443,16.7
frame,,Year 1, spring 0, Sunday,11444,16.7
frame,,Year 1, spring 0, Sunday,11445,16.7
frame,,Year 1, spring 0, Sunday,11446,16.6
frame,,Year 1, spring 0, Sunday,11447,16.7
frame,,Year 1, spring 0, Sunday,11448,16.7
frame,,Year 1, spring 0, Sunday,11449,16.7
frame,,Year 1, spring 0, Sunday,11450,16.7
frame,,Year 1, spring 0, Sunday,11451,16.7
frame,,Year 1, spring 0, Sunday,11452,16.7
frame,,Year 1, spring 0, Sunday,11453,16.6
frame,,Year 1, spring 0, Sunday,11454,16.6
frame,,Year 1, spring 0, Sunday,11455,16.7
frame,,Year 1, spring 0, Sunday,11456,16.7
frame,,Year 1, spring 0, Sunday,11457,16.7
frame,,Year 1, spring 0, Sunday,11458,16.7
frame,,Year 1, spring 0, Sunday,11459,16.7
frame,,Year 1, spring 0, Sunday,11460,16.7
frame,,Year 1, spring 0, Sunday,11461,16.7
frame,,Year 1, spring 0, Sunday,11462,16.6
frame,,Year 1, spring 0, Sunday,11463,16.7
frame,,Year 1, spring 0, Sunday,11464,16.7
frame,,Year 1, spring 0, Sunday,11465,16.7
frame,,Year 1, spring 0, Sunday,11466,16.6
frame,,Year 1, spring 0, Sunday,11467,16.7
frame,,Year 1, spring 0, Sunday,11468,16.6
frame,,Year 1, spring 0, Sunday,11469,16.7
frame,,Year 1, spring 0, Sunday,11470,16.7
frame,,Year 1, spring 0, Sunday,11471,16.7
frame,,Year 1, spring 0, Sunday,11472,16.6
frame,,Year 1, spring 0, Sunday,11473,16.7
frame,,Year 1, spring 0, Sunday,11474,16.7
frame,,Year 1, spring 0, Sunday,11475,16.7
frame,,Year 1, spring 0, Sunday,11476,16.7
frame,,Year 1, spring 0, Sunday,11477,16.7
frame,,Year 1, spring 0, Sunday,11478,16.6
frame,,Year 1, spring 0, Sunday,11479,16.7
frame,,Year 1, spring 0, Sunday,11480,16.6
frame,,Year 1, spring 0, Sunday,11481,16.7
frame,,Year 1, spring 0, Sunday,11482,16.6
frame,,Year 1, spring 0, Sunday,11483,16.7
frame,,Year 1, spring 0, Sunday,11484,16.6
frame,,Year 1, spring 0, Sunday,11485,16.7
frame,,Year 1, spring 0, Sunday,11486,16.7
frame,,Year 1, spring 0, Sunday,11487,16.6
frame,,Year 1, spring 0, Sunday,11488,16.7
frame,,Year 1, spring 0, Sunday,11489,16.7
frame,,Year 1, spring 0, Sunday,11490,16.7
frame,,Year 1, spring 0, Sunday,11491,16.7
frame,,Year 1, spring 0, Sunday,11492,16.7
frame,,Year 1, spring 0, Sunday,11493,16.7
frame,,Year 1, spring 0, Sunday,11494,16.7
frame,,Year 1, spring 0, Sunday,11495,16.7
frame,,Year 1, spring 0, Sunday,11496,16.7
frame,,Year 1, spring 0, Sunday,11497,16.7
frame,,Year 1, spring 0, Sunday,11498,16.7
frame,,Year 1, spring 0, Sunday,11499,16.7
frame,,Year 1, spring 0, Sunday,11500,16.6
frame,,Year 1, spring 0, Sunday,11501,16.7
frame,,Year 1, spring 0, Sunday,11502,16.6
frame,,Year 1, spring 0, Sunday,11503,16.7
frame,,Year 1, spring 0, Sunday,11504,16.7
frame,,Year 1, spring 0, Sunday,11505,16.7
frame,,Year 1, spring 0, Sunday,11506,16.7
frame,,Year 1, spring 0, Sunday,11507,16.7
frame,,Year 1, spring 0, Sunday,11508,16.6
frame,,Year 1, spring 0, Sunday,11509,16.6
frame,,Year 1, spring 0, Sunday,11510,16.7
frame,,Year 1, spring 0, Sunday,11511,16.7
frame,,Year 1, spring 0, Sunday,11512,16.6
frame,,Year 1, spring 0, Sunday,11513,16.7
frame,,Year 1, spring 0, Sunday,11514,16.6
frame,,Year 1, spring 0, Sunday,11515,16.7
frame,,Year 1, spring 0, Sunday,11516,16.7
frame,,Year 1, spring 0, Sunday,11517,16.7
frame,,Year 1, spring 0, Sunday,11518,16.8
frame,,Year 1, spring 0, Sunday,11519,16.6
frame,,Year 1, spring 0, Sunday,11520,16.7
frame,,Year 1, spring 0, Sunday,11521,16.7
frame,,Year 1, spring 0, Sunday,11522,16.7
frame,,Year 1, spring 0, Sunday,11523,16.6
frame,,Year 1, spring 0, Sunday,11524,16.7
frame,,Year 1, spring 0, Sunday,11525,16.7
frame,,Year 1, spring 0, Sunday,11526,16.7
frame,,Year 1, spring 0, Sunday,11527,16.7
frame,,Year 1, spring 0, Sunday,11528,16.7
frame,,Year 1, spring 0, Sunday,11529,16.7
frame,,Year 1, spring 0, Sunday,11530,16.7
frame,,Year 1, spring 0, Sunday,11531,16.8
frame,,Year 1, spring 0, Sunday,11532,16.6
frame,,Year 1, spring 0, Sunday,11533,16.6
frame,,Year 1, spring 0, Sunday,11534,16.7
frame,,Year 1, spring 0, Sunday,11535,16.7
frame,,Year 1, spring 0, Sunday,11536,16.7
frame,,Year 1, spring 0, Sunday,11537,16.7
frame,,Year 1, spring 0, Sunday,11538,16.6
frame,,Year 1, spring 0, Sunday,11539,16.6
frame,,Year 1, spring 0, Sunday,11540,16.7
frame,,Year 1, spring 0, Sunday,11541,16.7
frame,,Year 1, spring 0, Sunday,11542,16.7
frame,,Year 1, spring 0, Sunday,11543,16.7
frame,,Year 1, spring 0, Sunday,11544,16.7
frame,,Year 1, spring 0, Sunday,11545,16.6
frame,,Year 1, spring 0, Sunday,11546,16.7
frame,,Year 1, spring 0, Sunday,11547,16.7
frame,,Year 1, spring 0, Sunday,11548,16.7
frame,,Year 1, spring 0, Sunday,11549,16.6
frame,,Year 1, spring 0, Sunday,11550,16.7
frame,,Year 1, spring 0, Sunday,11551,16.7
frame,,Year 1, spring 0, Sunday,11552,16.6
frame,,Year 1, spring 0, Sunday,11553,16.7
frame,,Year 1, spring 0, Sunday,11554,16.7
frame,,Year 1, spring 0, Sunday,11555,16.7
frame,,Year 1, spring 0, Sunday,11556,16.6
frame,,Year 1, spring 0, Sunday,11557,16.6
frame,,Year 1, spring 0, Sunday,11558,16.7
frame,,Year 1, spring 0, Sunday,11559,16.7
frame,,Year 1, spring 0, Sunday,11560,16.7
frame,,Year 1, spring 0, Sunday,11561,16.7
frame,,Year 1, spring 0, Sunday,11562,16.7
frame,,Year 1, spring 0, Sunday,11563,16.7
frame,,Year 1, spring 0, Sunday,11564,16.6
frame,,Year 1, spring 0, Sunday,11565,16.7
frame,,Year 1, spring 0, Sunday,11566,16.7
frame,,Year 1, spring 0, Sunday,11567,16.7
frame,,Year 1, spring 0, Sunday,11568,16.8
frame,,Year 1, spring 0, Sunday,11569,16.6
frame,,Year 1, spring 0, Sunday,11570,16.6
frame,,Year 1, spring 0, Sunday,11571,16.7
frame,,Year 1, spring 0, Sunday,11572,16.7
frame,,Year 1, spring 0, Sunday,11573,16.7
frame,,Year 1, spring 0, Sunday,11574,16.7
frame,,Year 1, spring 0, Sunday,11575,16.6
frame,,Year 1, spring 0, Sunday,11576,16.7
frame,,Year 1, spring 0, Sunday,11577,16.7
frame,,Year 1, spring 0, Sunday,11578,16.7
frame,,Year 1, spring 0, Sunday,11579,16.7
frame,,Year 1, spring 0, Sunday,11580,16.7
frame,,Year 1, spring 0, Sunday,11581,16.6
frame,,Year 1, spring 0, Sunday,11582,16.7
frame,,Year 1, spring 0, Sunday,11583,16.6
frame,,Year 1, spring 0, Sunday,11584,16.7
frame,,Year 1, spring 0, Sunday,11585,16.7
frame,,Year 1, spring 0, Sunday,11586,16.7
frame,,Year 1, spring 0, Sunday,11587,16.7
frame,,Year 1, spring 0, Sunday,11588,16.7
frame,,Year 1, spring 0, Sunday,11589,16.6
frame,,Year 1, spring 0, Sunday,11590,16.7
frame,,Year 1, spring 0, Sunday,11591,16.7
frame,,Year 1, spring 0, Sunday,11592,16.6
frame,,Year 1, spring 0, Sunday,11593,16.6
frame,,Year 1, spring 0, Sunday,11594,16.7
frame,,Year 1, spring 0, Sunday,11595,16.6
frame,,Year 1, spring 0, Sunday,11596,16.7
frame,,Year 1, spring 0, Sunday,11597,16.7
frame,,Year 1, spring 0, Sunday,11598,16.7
frame,,Year 1, spring 0, Sunday,11599,16.7
frame,,Year 1, spring 0, Sunday,11600,16.7
frame,,Year 1, spring 0, Sunday,11601,16.7
frame,,Year 1, spring 0, Sunday,11602,16.7
frame,,Year 1, spring 0, Sunday,11603,16.7
frame,,Year 1, spring 0, Sunday,11604,16.7
frame,,Year 1, spring 0, Sunday,11605,16.7
frame,,Year 1, spring 0, Sunday,11606,16.7
frame,,Year 1, spring 0, Sunday,11607,16.7
frame,,Year 1, spring 0, Sunday,11608,16.7
frame,,Year 1, spring 0, Sunday,11609,16.7
frame,,Year 1, spring 0, Sunday,11610,16.7
frame,,Year 1, spring 0, Sunday,11611,16.7
frame,,Year 1, spring 0, Sunday,11612,16.7
frame,,Year 1, spring 0, Sunday,11613,16.7
frame,,Year 1, spring 0, Sunday,11614,16.7
frame,,Year 1, spring 0, Sunday,11615,16.6
frame,,Year 1, spring 0, Sunday,11616,16.7
frame,,Year 1, spring 0, Sunday,11617,16.6
frame,,Year 1, spring 0, Sunday,11618,16.6
frame,,Year 1, spring 0, Sunday,11619,16.7
frame,,Year 1, spring 0, Sunday,11620,16.7
frame,,Year 1, spring 0, Sunday,11621,16.7
frame,,Year 1, spring 0, Sunday,11622,16.7
frame,,Year 1, spring 0, Sunday,11623,16.7
frame,,Year 1, spring 0, Sunday,11624,16.6
frame,,Year 1, spring 0, Sunday,11625,16.7
frame,,Year 1, spring 0, Sunday,11626,16.6
frame,,Year 1, spring 0, Sunday,11627,16.7
frame,,Year 1, spring 0, Sunday,11628,16.7
frame,,Year 1, spring 0, Sunday,11629,16.7
frame,,Year 1, spring 0, Sunday,11630,16.7
frame,,Year 1, spring 0, Sunday,11631,16.7
frame,,Year 1, spring 0, Sunday,11632,16.7
frame,,Year 1, spring 0, Sunday,11633,16.7
frame,,Year 1, spring 0, Sunday,11634,16.7
frame,,Year 1, spring 0, Sunday,11635,16.7
frame,,Year 1, spring 0, Sunday,11636,16.6
frame,,Year 1, spring 0, Sunday,11637,16.7
frame,,Year 1, spring 0, Sunday,11638,16.7
frame,,Year 1, spring 0, Sunday,11639,16.7
frame,,Year 1, spring 0, Sunday,11640,16.6
frame,,Year 1, spring 0, Sunday,11641,16.7
frame,,Year 1, spring 0, Sunday,11642,16.6
frame,,Year 1, spring 0, Sunday,11643,16.7
frame,,Year 1, spring 0, Sunday,11644,16.7
frame,,Year 1, spring 0, Sunday,11645,16.7
frame,,Year 1, spring 0, Sunday,11646,16.9
frame,,Year 1, spring 0, Sunday,11647,16.5
frame,,Year 1, spring 0, Sunday,11648,16.6
frame,,Year 1, spring 0, Sunday,11649,16.8
frame,,Year 1, spring 0, Sunday,11650,16.5
frame,,Year 1, spring 0, Sunday,11651,16.7
frame,,Year 1, spring 0, Sunday,11652,16.7
frame,,Year 1, spring 0, Sunday,11653,16.7
frame,,Year 1, spring 0, Sunday,11654,16.7
frame,,Year 1, spring 0, Sunday,11655,16.7
frame,,Year 1, spring 0, Sunday,11656,16.6
frame,,Year 1, spring 0, Sunday,11657,16.7
frame,,Year 1, spring 0, Sunday,11658,16.7
frame,,Year 1, spring 0, Sunday,11659,16.7
frame,,Year 1, spring 0, Sunday,11660,16.7
frame,,Year 1, spring 0, Sunday,11661,16.7
frame,,Year 1, spring 0, Sunday,11662,16.8
frame,,Year 1, spring 0, Sunday,11663,16.6
frame,,Year 1, spring 0, Sunday,11664,16.7
frame,,Year 1, spring 0, Sunday,11665,16.6
frame,,Year 1, spring 0, Sunday,11666,16.6
frame,,Year 1, spring 0, Sunday,11667,16.7
frame,,Year 1, spring 0, Sunday,11668,16.7
frame,,Year 1, spring 0, Sunday,11669,16.7
frame,,Year 1, spring 0, Sunday,11670,16.7
frame,,Year 1, spring 0, Sunday,11671,16.7
frame,,Year 1, spring 0, Sunday,11672,16.7
frame,,Year 1, spring 0, Sunday,11673,16.7
frame,,Year 1, spring 0, Sunday,11674,16.7
frame,,Year 1, spring 0, Sunday,11675,16.6
frame,,Year 1, spring 0, Sunday,11676,16.7
frame,,Year 1, spring 0, Sunday,11677,16.7
frame,,Year 1, spring 0, Sunday,11678,16.7
frame,,Year 1, spring 0, Sunday,11679,16.7
frame,,Year 1, spring 0, Sunday,11680,16.6
frame,,Year 1, spring 0, Sunday,11681,16.7
frame,,Year 1, spring 0, Sunday,11682,16.7
frame,,Year 1, spring 0, Sunday,11683,16.7
frame,,Year 1, spring 0, Sunday,11684,16.7
frame,,Year 1, spring 0, Sunday,11685,16.6
frame,,Year 1, spring 0, Sunday,11686,16.7
frame,,Year 1, spring 0, Sunday,11687,16.7
frame,,Year 1, spring 0, Sunday,11688,16.7
frame,,Year 1, spring 0, Sunday,11689,16.7
frame,,Year 1, spring 0, Sunday,11690,16.6
frame,,Year 1, spring 0, Sunday,11691,16.7
frame,,Year 1, spring 0, Sunday,11692,16.7
frame,,Year 1, spring 0, Sunday,11693,16.7
frame,,Year 1, spring 0, Sunday,11694,16.7
frame,,Year 1, spring 0, Sunday,11695,16.7
frame,,Year 1, spring 0, Sunday,11696,16.7
frame,,Year 1, spring 0, Sunday,11697,16.7
frame,,Year 1, spring 0, Sunday,11698,16.7
frame,,Year 1, spring 0, Sunday,11699,16.7
frame,,Year 1, spring 0, Sunday,11700,16.7
frame,,Year 1, spring 0, Sunday,11701,16.7
frame,,Year 1, spring 0, Sunday,11702,16.6
frame,,Year 1, spring 0, Sunday,11703,16.7
frame,,Year 1, spring 0, Sunday,11704,16.7
frame,,Year 1, spring 0, Sunday,11705,16.7
frame,,Year 1, spring 0, Sunday,11706,16.7
frame,,Year 1, spring 0, Sunday,11707,16.7
frame,,Year 1, spring 0, Sunday,11708,16.6
frame,,Year 1, spring 0, Sunday,11709,16.7
frame,,Year 1, spring 0, Sunday,11710,16.7
frame,,Year 1, spring 0, Sunday,11711,16.7
frame,,Year 1, spring 0, Sunday,11712,16.8
frame,,Year 1, spring 0, Sunday,11713,16.6
frame,,Year 1, spring 0, Sunday,11714,16.7
frame,,Year 1, spring 0, Sunday,11715,16.7
frame,,Year 1, spring 0, Sunday,11716,16.7
frame,,Year 1, spring 0, Sunday,11717,16.6
frame,,Year 1, spring 0, Sunday,11718,16.7
frame,,Year 1, spring 0, Sunday,11719,16.7
frame,,Year 1, spring 0, Sunday,11720,16.7
frame,,Year 1, spring 0, Sunday,11721,16.7
frame,,Year 1, spring 0, Sunday,11722,16.7
frame,,Year 1, spring 0, Sunday,11723,16.7
frame,,Year 1, spring 0, Sunday,11724,16.7
frame,,Year 1, spring 0, Sunday,11725,16.7
frame,,Year 1, spring 0, Sunday,11726,16.7
frame,,Year 1, spring 0, Sunday,11727,16.7
frame,,Year 1, spring 0, Sunday,11728,16.7
frame,,Year 1, spring 0, Sunday,11729,16.7
frame,,Year 1, spring 0, Sunday,11730,16.7
frame,,Year 1, spring 0, Sunday,11731,16.7
frame,,Year 1, spring 0, Sunday,11732,16.7
frame,,Year 1, spring 0, Sunday,11733,16.6
frame,,Year 1, spring 0, Sunday,11734,16.7
frame,,Year 1, spring 0, Sunday,11735,16.7
frame,,Year 1, spring 0, Sunday,11736,16.7
frame,,Year 1, spring 0, Sunday,11737,16.7
frame,,Year 1, spring 0, Sunday,11738,16.7
frame,,Year 1, spring 0, Sunday,11739,16.7
frame,,Year 1, spring 0, Sunday,11740,16.6
frame,,Year 1, spring 0, Sunday,11741,16.7
frame,,Year 1, spring 0, Sunday,11742,16.7
frame,,Year 1, spring 0, Sunday,11743,16.6
frame,,Year 1, spring 0, Sunday,11744,16.7
frame,,Year 1, spring 0, Sunday,11745,16.7
frame,,Year 1, spring 0, Sunday,11746,16.7
frame,,Year 1, spring 0, Sunday,11747,16.7
frame,,Year 1, spring 0, Sunday,11748,16.7
frame,,Year 1, spring 0, Sunday,11749,16.7
frame,,Year 1, spring 0, Sunday,11750,16.6
frame,,Year 1, spring 0, Sunday,11751,16.7
frame,,Year 1, spring 0, Sunday,11752,16.7
frame,,Year 1, spring 0, Sunday,11753,16.6
frame,,Year 1, spring 0, Sunday,11754,16.7
frame,,Year 1, spring 0, Sunday,11755,16.7
frame,,Year 1, spring 0, Sunday,11756,16.7
frame,,Year 1, spring 0, Sunday,11757,16.7
frame,,Year 1, spring 0, Sunday,11758,16.7
frame,,Year 1, spring 0, Sunday,11759,16.7
frame,,Year 1, spring 0, Sunday,11760,16.6
frame,,Year 1, spring 0, Sunday,11761,16.7
frame,,Year 1, spring 0, Sunday,11762,16.7
frame,,Year 1, spring 0, Sunday,11763,16.6
frame,,Year 1, spring 0, Sunday,11764,16.7
frame,,Year 1, spring 0, Sunday,11765,16.6
frame,,Year 1, spring 0, Sunday,11766,16.7
frame,,Year 1, spring 0, Sunday,11767,16.7
frame,,Year 1, spring 0, Sunday,11768,16.7
frame,,Year 1, spring 0, Sunday,11769,16.6
frame,,Year 1, spring 0, Sunday,11770,16.7
frame,,Year 1, spring 0, Sunday,11771,16.6
frame,,Year 1, spring 0, Sunday,11772,16.7
frame,,Year 1, spring 0, Sunday,11773,16.7
frame,,Year 1, spring 0, Sunday,11774,16.7
frame,,Year 1, spring 0, Sunday,11775,16.7
frame,,Year 1, spring 0, Sunday,11776,16.7
frame,,Year 1, spring 0, Sunday,11777,16.8
frame,,Year 1, spring 0, Sunday,11778,16.5
frame,,Year 1, spring 0, Sunday,11779,16.6
frame,,Year 1, spring 0, Sunday,11780,16.7
frame,,Year 1, spring 0, Sunday,11781,16.7
frame,,Year 1, spring 0, Sunday,11782,16.7
frame,,Year 1, spring 0, Sunday,11783,16.7
frame,,Year 1, spring 0, Sunday,11784,16.6
frame,,Year 1, spring 0, Sunday,11785,16.7
frame,,Year 1, spring 0, Sunday,11786,16.7
frame,,Year 1, spring 0, Sunday,11787,16.7
frame,,Year 1, spring 0, Sunday,11788,16.7
frame,,Year 1, spring 0, Sunday,11789,16.7
frame,,Year 1, spring 0, Sunday,11790,16.9
frame,,Year 1, spring 0, Sunday,11791,16.5
frame,,Year 1, spring 0, Sunday,11792,16.7
frame,,Year 1, spring 0, Sunday,11793,16.7
frame,,Year 1, spring 0, Sunday,11794,16.6
frame,,Year 1, spring 0, Sunday,11795,16.7
frame,,Year 1, spring 0, Sunday,11796,16.7
frame,,Year 1, spring 0, Sunday,11797,16.7
frame,,Year 1, spring 0, Sunday,11798,16.7
frame,,Year 1, spring 0, Sunday,11799,16.7
frame,,Year 1, spring 0, Sunday,11800,16.7
frame,,Year 1, spring 0, Sunday,11801,16.7
frame,,Year 1, spring 0, Sunday,11802,16.7
frame,,Year 1, spring 0, Sunday,11803,16.7
frame,,Year 1, spring 0, Sunday,11804,16.7
frame,,Year 1, spring 0, Sunday,11805,16.6
frame,,Year 1, spring 0, Sunday,11806,16.7
frame,,Year 1, spring 0, Sunday,11807,16.7
frame,,Year 1, spring 0, Sunday,11808,16.7
frame,,Year 1, spring 0, Sunday,11809,16.7
frame,,Year 1, spring 0, Sunday,11810,16.7
frame,,Year 1, spring 0, Sunday,11811,16.7
frame,,Year 1, spring 0, Sunday,11812,16.7
frame,,Year 1, spring 0, Sunday,11813,16.7
frame,,Year 1, spring 0, Sunday,11814,16.7
frame,,Year 1, spring 0, Sunday,11815,16.7
frame,,Year 1, spring 0, Sunday,11816,16.7
frame,,Year 1, spring 0, Sunday,11817,16.7
frame,,Year 1, spring 0, Sunday,11818,16.7
frame,,Year 1, spring 0, Sunday,11819,16.6
frame,,Year 1, spring 0, Sunday,11820,16.7
frame,,Year 1, spring 0, Sunday,11821,16.6
frame,,Year 1, spring 0, Sunday,11822,16.7
frame,,Year 1, spring 0, Sunday,11823,16.7
frame,,Year 1, spring 0, Sunday,11824,16.6
frame,,Year 1, spring 0, Sunday,11825,16.7
frame,,Year 1, spring 0, Sunday,11826,16.7
frame,,Year 1, spring 0, Sunday,11827,16.7
frame,,Year 1, spring 0, Sunday,11828,16.6
frame,,Year 1, spring 0, Sunday,11829,16.6
frame,,Year 1, spring 0, Sunday,11830,16.7
frame,,Year 1, spring 0, Sunday,11831,16.7
frame,,Year 1, spring 0, Sunday,11832,16.7
frame,,Year 1, spring 0, Sunday,11833,16.7
frame,,Year 1, spring 0, Sunday,11834,16.6
frame,,Year 1, spring 0, Sunday,11835,16.7
frame,,Year 1, spring 0, Sunday,11836,16.6
frame,,Year 1, spring 0, Sunday,11837,16.7
frame,,Year 1, spring 0, Sunday,11838,16.7
frame,,Year 1, spring 0, Sunday,11839,16.7
frame,,Year 1, spring 0, Sunday,11840,16.7
frame,,Year 1, spring 0, Sunday,11841,16.7
frame,,Year 1, spring 0, Sunday,11842,16.6
frame,,Year 1, spring 0, Sunday,11843,16.7
frame,,Year 1, spring 0, Sunday,11844,16.7
frame,,Year 1, spring 0, Sunday,11845,16.6
frame,,Year 1, spring 0, Sunday,11846,16.7
frame,,Year 1, spring 0, Sunday,11847,16.6
frame,,Year 1, spring 0, Sunday,11848,16.7
frame,,Year 1, spring 0, Sunday,11849,16.7
frame,,Year 1, spring 0, Sunday,11850,16.7
frame,,Year 1, spring 0, Sunday,11851,16.7
frame,,Year 1, spring 0, Sunday,11852,16.7
frame,,Year 1, spring 0, Sunday,11853,16.7
frame,,Year 1, spring 0, Sunday,11854,16.6
frame,,Year 1, spring 0, Sunday,11855,16.7
frame,,Year 1, spring 0, Sunday,11856,16.7
frame,,Year 1, spring 0, Sunday,11857,16.7
frame,,Year 1, spring 0, Sunday,11858,16.7
frame,,Year 1, spring 0, Sunday,11859,16.7
frame,,Year 1, spring 0, Sunday,11860,16.7
frame,,Year 1, spring 0, Sunday,11861,16.7
frame,,Year 1, spring 0, Sunday,11862,16.6
frame,,Year 1, spring 0, Sunday,11863,16.7
frame,,Year 1, spring 0, Sunday,11864,16.7
frame,,Year 1, spring 0, Sunday,11865,16.7
frame,,Year 1, spring 0, Sunday,11866,16.7
frame,,Year 1, spring 0, Sunday,11867,16.7
frame,,Year 1, spring 0, Sunday,11868,16.7
frame,,Year 1, spring 0, Sunday,11869,16.7
frame,,Year 1, spring 0, Sunday,11870,16.6
frame,,Year 1, spring 0, Sunday,11871,16.7
frame,,Year 1, spring 0, Sunday,11872,16.7
frame,,Year 1, spring 0, Sunday,11873,16.7
frame,,Year 1, spring 0, Sunday,11874,16.7
frame,,Year 1, spring 0, Sunday,11875,16.7
frame,,Year 1, spring 0, Sunday,11876,16.7
frame,,Year 1, spring 0, Sunday,11877,16.7
frame,,Year 1, spring 0, Sunday,11878,16.7
frame,,Year 1, spring 0, Sunday,11879,16.7
frame,,Year 1, spring 0, Sunday,11880,16.7
frame,,Year 1, spring 0, Sunday,11881,16.7
frame,,Year 1, spring 0, Sunday,11882,16.6
frame,,Year 1, spring 0, Sunday,11883,16.7
frame,,Year 1, spring 0, Sunday,11884,16.7
frame,,Year 1, spring 0, Sunday,11885,16.6
frame,,Year 1, spring 0, Sunday,11886,16.7
frame,,Year 1, spring 0, Sunday,11887,16.7
frame,,Year 1, spring 0, Sunday,11888,16.7
frame,,Year 1, spring 0, Sunday,11889,16.7
frame,,Year 1, spring 0, Sunday,11890,16.6
frame,,Year 1, spring 0, Sunday,11891,16.7
frame,,Year 1, spring 0, Sunday,11892,16.7
frame,,Year 1, spring 0, Sunday,11893,16.7
frame,,Year 1, spring 0, Sunday,11894,16.7
frame,,Year 1, spring 0, Sunday,11895,16.7
frame,,Year 1, spring 0, Sunday,11896,16.6
frame,,Year 1, spring 0, Sunday,11897,16.6
frame,,Year 1, spring 0, Sunday,11898,16.7
frame,,Year 1, spring 0, Sunday,11899,16.7
frame,,Year 1, spring 0, Sunday,11900,16.7
frame,,Year 1, spring 0, Sunday,11901,16.7
frame,,Year 1, spring 0, Sunday,11902,16.7
frame,,Year 1, spring 0, Sunday,11903,16.7
frame,,Year 1, spring 0, Sunday,11904,16.7
frame,,Year 1, spring 0, Sunday,11905,16.7
frame,,Year 1, spring 0, Sunday,11906,16.7
frame,,Year 1, spring 0, Sunday,11907,16.6
frame,,Year 1, spring 0, Sunday,11908,16.7
frame,,Year 1, spring 0, Sunday,11909,16.7
frame,,Year 1, spring 0, Sunday,11910,16.7
frame,,Year 1, spring 0, Sunday,11911,16.6
frame,,Year 1, spring 0, Sunday,11912,16.7
frame,,Year 1, spring 0, Sunday,11913,16.7
frame,,Year 1, spring 0, Sunday,11914,16.6
frame,,Year 1, spring 0, Sunday,11915,16.7
frame,,Year 1, spring 0, Sunday,11916,16.7
frame,,Year 1, spring 0, Sunday,11917,16.7
frame,,Year 1, spring 0, Sunday,11918,16.7
frame,,Year 1, spring 0, Sunday,11919,16.7
frame,,Year 1, spring 0, Sunday,11920,16.7
frame,,Year 1, spring 0, Sunday,11921,16.6
frame,,Year 1, spring 0, Sunday,11922,16.7
frame,,Year 1, spring 0, Sunday,11923,16.7
frame,,Year 1, spring 0, Sunday,11924,16.7
frame,,Year 1, spring 0, Sunday,11925,16.7
frame,,Year 1, spring 0, Sunday,11926,16.7
frame,,Year 1, spring 0, Sunday,11927,16.7
frame,,Year 1, spring 0, Sunday,11928,16.7
frame,,Year 1, spring 0, Sunday,11929,16.7
frame,,Year 1, spring 0, Sunday,11930,16.7
frame,,Year 1, spring 0, Sunday,11931,16.7
frame,,Year 1, spring 0, Sunday,11932,16.7
frame,,Year 1, spring 0, Sunday,11933,16.6
frame,,Year 1, spring 0, Sunday,11934,16.7
frame,,Year 1, spring 0, Sunday,11935,16.7
frame,,Year 1, spring 0, Sunday,11936,16.7
frame,,Year 1, spring 0, Sunday,11937,16.7
frame,,Year 1, spring 0, Sunday,11938,16.7
frame,,Year 1, spring 0, Sunday,11939,16.6
frame,,Year 1, spring 0, Sunday,11940,16.7
frame,,Year 1, spring 0, Sunday,11941,16.7
frame,,Year 1, spring 0, Sunday,11942,16.7
frame,,Year 1, spring 0, Sunday,11943,16.7
frame,,Year 1, spring 0, Sunday,11944,16.7
frame,,Year 1, spring 0, Sunday,11945,16.7
frame,,Year 1, spring 0, Sunday,11946,16.7
frame,,Year 1, spring 0, Sunday,11947,16.7
frame,,Year 1, spring 0, Sunday,11948,16.6
frame,,Year 1, spring 0, Sunday,11949,16.7
frame,,Year 1, spring 0, Sunday,11950,16.7
frame,,Year 1, spring 0, Sunday,11951,16.7
frame,,Year 1, spring 0, Sunday,11952,16.7
frame,,Year 1, spring 0, Sunday,11953,16.7
frame,,Year 1, spring 0, Sunday,11954,16.7
frame,,Year 1, spring 0, Sunday,11955,16.6
frame,,Year 1, spring 0, Sunday,11956,16.7
frame,,Year 1, spring 0, Sunday,11957,16.7
frame,,Year 1, spring 0, Sunday,11958,16.7
frame,,Year 1, spring 0, Sunday,11959,16.7
frame,,Year 1, spring 0, Sunday,11960,16.7
frame,,Year 1, spring 0, Sunday,11961,16.7
frame,,Year 1, spring 0, Sunday,11962,16.7
frame,,Year 1, spring 0, Sunday,11963,16.7
frame,,Year 1, spring 0, Sunday,11964,16.7
frame,,Year 1, spring 0, Sunday,11965,16.7
frame,,Year 1, spring 0, Sunday,11966,16.7
frame,,Year 1, spring 0, Sunday,11967,16.7
frame,,Year 1, spring 0, Sunday,11968,16.7
frame,,Year 1, spring 0, Sunday,11969,16.6
frame,,Year 1, spring 0, Sunday,11970,16.7
frame,,Year 1, spring 0, Sunday,11971,16.6
frame,,Year 1, spring 0, Sunday,11972,16.7
frame,,Year 1, spring 0, Sunday,11973,16.6
frame,,Year 1, spring 0, Sunday,11974,16.7
frame,,Year 1, spring 0, Sunday,11975,16.7
frame,,Year 1, spring 0, Sunday,11976,16.7
frame,,Year 1, spring 0, Sunday,11977,16.7
frame,,Year 1, spring 0, Sunday,11978,16.7
frame,,Year 1, spring 0, Sunday,11979,16.7
frame,,Year 1, spring 0, Sunday,11980,16.7
frame,,Year 1, spring 0, Sunday,11981,16.7
frame,,Year 1, spring 0, Sunday,11982,16.6
frame,,Year 1, spring 0, Sunday,11983,16.7
frame,,Year 1, spring 0, Sunday,11984,16.7
frame,,Year 1, spring 0, Sunday,11985,16.7
frame,,Year 1, spring 0, Sunday,11986,16.7
frame,,Year 1, spring 0, Sunday,11987,16.7
frame,,Year 1, spring 0, Sunday,11988,16.7
frame,,Year 1, spring 0, Sunday,11989,16.7
frame,,Year 1, spring 0, Sunday,11990,16.7
frame,,Year 1, spring 0, Sunday,11991,16.7
frame,,Year 1, spring 0, Sunday,11992,16.7
frame,,Year 1, spring 0, Sunday,11993,16.7
frame,,Year 1, spring 0, Sunday,11994,16.7
frame,,Year 1, spring 0, Sunday,11995,16.7
frame,,Year 1, spring 0, Sunday,11996,16.7
frame,,Year 1, spring 0, Sunday,11997,16.6
frame,,Year 1, spring 0, Sunday,11998,16.8
frame,,Year 1, spring 0, Sunday,11999,16.5
frame,,Year 1, spring 0, Sunday,17120,16.6
frame,,Year 1, spring 0, Sunday,17121,16.7
frame,,Year 1, spring 0, Sunday,17122,16.7
frame,,Year 1, spring 0, Sunday,17123,16.6
frame,,Year 1, spring 0, Sunday,17124,16.7
frame,,Year 1, spring 0, Sunday,17125,16.6
frame,,Year 1, spring 0, Sunday,17126,16.7
frame,,Year 1, spring 0, Sunday,17127,16.6
frame,,Year 1, spring 0, Sunday,17128,16.6
frame,,Year 1, spring 0, Sunday,17129,16.7
frame,,Year 1, spring 0, Sunday,17130,16.7
frame,,Year 1, spring 0, Sunday,17131,16.7
frame,,Year 1, spring 0, Sunday,17132,16.7
frame,,Year 1, spring 0, Sunday,17133,16.7
frame,,Year 1, spring 0, Sunday,17134,16.7
frame,,Year 1, spring 0, Sunday,17135,16.6
frame,,Year 1, spring 0, Sunday,17136,16.7
frame,,Year 1, spring 0, Sunday,17137,16.7
frame,,Year 1, spring 0, Sunday,17138,16.6
frame,,Year 1, spring 0, Sunday,17139,16.8
frame,,Year 1, spring 0, Sunday,17140,16.6
frame,,Year 1, spring 0, Sunday,17141,16.6
frame,,Year 1, spring 0, Sunday,17142,16.6
frame,,Year 1, spring 0, Sunday,17143,16.7
frame,,Year 1, spring 0, Sunday,17144,16.7
frame,,Year 1, spring 0, Sunday,17145,16.6
frame,,Year 1, spring 0, Sunday,17146,16.6
frame,,Year 1, spring 0, Sunday,17147,16.7
frame,,Year 1, spring 0, Sunday,17148,16.7
frame,,Year 1, spring 0, Sunday,17149,16.6
frame,,Year 1, spring 0, Sunday,17150,16.8
frame,,Year 1, spring 0, Sunday,17151,16.5
frame,,Year 1, spring 0, Sunday,17152,16.7
frame,,Year 1, spring 0, Sunday,17153,16.7
frame,,Year 1, spring 0, Sunday,17154,16.6
frame,,Year 1, spring 0, Sunday,17155,16.7
frame,,Year 1, spring 0, Sunday,17156,16.7
frame,,Year 1, spring 0, Sunday,17157,16.6
frame,,Year 1, spring 0, Sunday,17158,16.7
frame,,Year 1, spring 0, Sunday,17159,16.7
frame,,Year 1, spring 0, Sunday,17160,16.6
frame,,Year 1, spring 0, Sunday,17161,16.7
frame,,Year 1, spring 0, Sunday,17162,16.7
frame,,Year 1, spring 0, Sunday,17163,16.7
frame,,Year 1, spring 0, Sunday,17164,16.7
frame,,Year 1, spring 0, Sunday,17165,16.7
frame,,Year 1, spring 0, Sunday,17166,16.7
frame,,Year 1, spring 0, Sunday,17167,16.7
frame,,Year 1, spring 0, Sunday,17168,16.7
frame,,Year 1, spring 0, Sunday,17169,16.6
frame,,Year 1, spring 0, Sunday,17170,16.7
frame,,Year 1, spring 0, Sunday,17171,16.7
frame,,Year 1, spring 0, Sunday,17172,16.6
frame,,Year 1, spring 0, Sunday,17173,16.8
frame,,Year 1, spring 0, Sunday,17174,16.5
frame,,Year 1, spring 0, Sunday,17175,16.7
frame,,Year 1, spring 0, Sunday,17176,16.6
frame,,Year 1, spring 0, Sunday,17177,16.7
frame,,Year 1, spring 0, Sunday,17178,16.7
frame,,Year 1, spring 0, Sunday,17179,16.7
frame,,Year 1, spring 0, Sunday,17180,16.7
frame,,Year 1, spring 0, Sunday,17181,16.7
frame,,Year 1, spring 0, Sunday,17182,16.6
frame,,Year 1, spring 0, Sunday,17183,16.7
frame,,Year 1, spring 0, Sunday,17184,16.7
frame,,Year 1, spring 0, Sunday,17185,16.6
frame,,Year 1, spring 0, Sunday,17186,16.8
frame,,Year 1, spring 0, Sunday,17187,16.8
frame,,Year 1, spring 0, Sunday,17188,16.5
frame,,Year 1, spring 0, Sunday,17189,16.6
frame,,Year 1, spring 0, Sunday,17190,16.7
frame,,Year 1, spring 0, Sunday,17191,16.7
frame,,Year 1, spring 0, Sunday,17192,16.7
frame,,Year 1, spring 0, Sunday,17193,16.7
frame,,Year 1, spring 0, Sunday,17194,16.6
frame,,Year 1, spring 0, Sunday,17195,16.7
frame,,Year 1, spring 0, Sunday,17196,16.7
frame,,Year 1, spring 0, Sunday,17197,16.6
frame,,Year 1, spring 0, Sunday,17198,16.7
frame,,Year 1, spring 0, Sunday,17199,16.6
frame,,Year 1, spring 0, Sunday,17200,16.7
frame,,Year 1, spring 0, Sunday,17201,16.7
frame,,Year 1, spring 0, Sunday,17202,16.7
frame,,Year 1, spring 0, Sunday,17203,16.6
frame,,Year 1, spring 0, Sunday,17204,16.7
frame,,Year 1, spring 0, Sunday,17205,16.6
frame,,Year 1, spring 0, Sunday,17206,16.7
frame,,Year 1, spring 0, Sunday,17207,16.6
frame,,Year 1, spring 0, Sunday,17208,16.7
frame,,Year 1, spring 0, Sunday,17209,16.6
frame,,Year 1, spring 0, Sunday,17210,16.7
frame,,Year 1, spring 0, Sunday,17211,16.6
frame,,Year 1, spring 0, Sunday,17212,16.7
frame,,Year 1, spring 0, Sunday,17213,16.9
frame,,Year 1, spring 0, Sunday,17214,16.5
frame,,Year 1, spring 0, Sunday,17215,16.6
frame,,Year 1, spring 0, Sunday,17216,16.7
frame,,Year 1, spring 0, Sunday,17217,16.6
frame,,Year 1, spring 0, Sunday,17218,16.7
frame,,Year 1, spring 0, Sunday,17219,16.6
frame,,Year 1, spring 0, Sunday,17220,16.7
frame,,Year 1, spring 0, Sunday,17221,16.6
frame,,Year 1, spring 0, Sunday,17222,16.7
frame,,Year 1, spring 0, Sunday,17223,16.6
frame,,Year 1, spring 0, Sunday,17224,16.7
frame,,Year 1, spring 0, Sunday,17225,16.7
frame,,Year 1, spring 0, Sunday,17226,16.6
frame,,Year 1, spring 0, Sunday,17227,16.7
frame,,Year 1, spring 0, Sunday,17228,16.7
frame,,Year 1, spring 0, Sunday,17229,16.7
frame,,Year 1, spring 0, Sunday,17230,16.6
frame,,Year 1, spring 0, Sunday,17231,16.7
frame,,Year 1, spring 0, Sunday,17232,16.8
frame,,Year 1, spring 0, Sunday,17233,16.6
frame,,Year 1, spring 0, Sunday,17234,16.6
frame,,Year 1, spring 0, Sunday,17235,16.6
frame,,Year 1, spring 0, Sunday,17236,16.6
frame,,Year 1, spring 0, Sunday,17237,16.7
frame,,Year 1, spring 0, Sunday,17238,16.7
frame,,Year 1, spring 0, Sunday,17239,16.6
frame,,Year 1, spring 0, Sunday,17240,16.7
frame,,Year 1, spring 0, Sunday,17241,16.6
frame,,Year 1, spring 0, Sunday,17242,16.7
frame,,Year 1, spring 0, Sunday,17243,16.7
frame,,Year 1, spring 0, Sunday,17244,16.7
frame,,Year 1, spring 0, Sunday,17245,16.7
frame,,Year 1, spring 0, Sunday,17246,16.7
frame,,Year 1, spring 0, Sunday,17247,16.5
frame,,Year 1, spring 0, Sunday,17248,16.7
frame,,Year 1, spring 0, Sunday,17249,16.8
frame,,Year 1, spring 0, Sunday,17250,16.5
frame,,Year 1, spring 0, Sunday,17251,16.7
frame,,Year 1, spring 0, Sunday,17252,16.6
frame,,Year 1, spring 0, Sunday,17253,16.7
frame,,Year 1, spring 0, Sunday,17254,16.7
frame,,Year 1, spring 0, Sunday,17255,16.7
frame,,Year 1, spring 0, Sunday,17256,16.7
frame,,Year 1, spring 0, Sunday,17257,16.7
frame,,Year 1, spring 0, Sunday,17258,16.7
frame,,Year 1, spring 0, Sunday,17259,16.6
frame,,Year 1, spring 0, Sunday,17260,16.7
frame,,Year 1, spring 0, Sunday,17261,16.8
frame,,Year 1, spring 0, Sunday,17262,16.6
frame,,Year 1, spring 0, Sunday,17263,16.8
frame,,Year 1, spring 0, Sunday,17264,16.5
frame,,Year 1, spring 0, Sunday,17265,16.7
frame,,Year 1, spring 0, Sunday,17266,16.7
frame,,Year 1, spring 0, Sunday,17267,16.6
frame,,Year 1, spring 0, Sunday,17268,16.6
frame,,Year 1, spring 0, Sunday,17269,16.7
frame,,Year 1, spring 0, Sunday,17270,16.7
frame,,Year 1, spring 0, Sunday,17271,16.6
frame,,Year 1, spring 0, Sunday,17272,16.7
frame,,Year 1, spring 0, Sunday,17273,16.6
frame,,Year 1, spring 0, Sunday,17274,16.7
frame,,Year 1, spring 0, Sunday,17275,16.7
frame,,Year 1, spring 0, Sunday,17276,16.7
frame,,Year 1, spring 0, Sunday,17277,16.6
frame,,Year 1, spring 0, Sunday,17278,17.0
frame,,Year 1, spring 0, Sunday,17279,16.3
frame,,Year 1, spring 0, Sunday,17280,16.7
frame,,Year 1, spring 0, Sunday,17281,16.6
frame,,Year 1, spring 0, Sunday,17282,16.7
frame,,Year 1, spring 0, Sunday,17283,16.6
frame,,Year 1, spring 0, Sunday,17284,16.7
frame,,Year 1, spring 0, Sunday,17285,16.7
frame,,Year 1, spring 0, Sunday,17286,16.7
frame,,Year 1, spring 0, Sunday,17287,16.7
frame,,Year 1, spring 0, Sunday,17288,16.7
frame,,Year 1, spring 0, Sunday,17289,16.7
frame,,Year 1, spring 0, Sunday,17290,16.8
frame,,Year 1, spring 0, Sunday,17291,16.5
frame,,Year 1, spring 0, Sunday,17292,16.8
frame,,Year 1, spring 0, Sunday,17293,16.5
frame,,Year 1, spring 0, Sunday,17294,16.7
frame,,Year 1, spring 0, Sunday,17295,16.7
frame,,Year 1, spring 0, Sunday,17296,16.7
frame,,Year 1, spring 0, Sunday,17297,16.6
frame,,Year 1, spring 0, Sunday,17298,16.7
frame,,Year 1, spring 0, Sunday,17299,16.7
frame,,Year 1, spring 0, Sunday,17300,16.7
frame,,Year 1, spring 0, Sunday,17301,16.6
frame,,Year 1, spring 0, Sunday,17302,16.7
frame,,Year 1, spring 0, Sunday,17303,16.6
frame,,Year 1, spring 0, Sunday,17304,16.8
frame,,Year 1, spring 0, Sunday,17305,16.6
frame,,Year 1, spring 0, Sunday,17306,16.7
frame,,Year 1, spring 0, Sunday,17307,16.7
frame,,Year 1, spring 0, Sunday,17308,16.8
frame,,Year 1, spring 0, Sunday,17309,16.4
frame,,Year 1, spring 0, Sunday,17310,16.7
frame,,Year 1, spring 0, Sunday,17311,16.7
frame,,Year 1, spring 0, Sunday,17312,16.7
frame,,Year 1, spring 0, Sunday,17313,16.6
frame,,Year 1, spring 0, Sunday,17314,16.6
frame,,Year 1, spring 0, Sunday,17315,16.7
frame,,Year 1, spring 0, Sunday,17316,16.7
frame,,Year 1, spring 0, Sunday,17317,16.7
frame,,Year 1, spring 0, Sunday,17318,16.8
frame,,Year 1, spring 0, Sunday,17319,16.6
frame,,Year 1, spring 0, Sunday,17320,16.6
frame,,Year 1, spring 0, Sunday,17321,16.7
frame,,Year 1, spring 0, Sunday,17322,16.7
frame,,Year 1, spring 0, Sunday,17323,16.8
frame,,Year 1, spring 0, Sunday,17324,16.6
frame,,Year 1, spring 0, Sunday,17325,16.6
frame,,Year 1, spring 0, Sunday,17326,16.7
frame,,Year 1, spring 0, Sunday,17327,16.6
frame,,Year 1, spring 0, Sunday,17328,16.7
frame,,Year 1, spring 0, Sunday,17329,16.7
frame,,Year 1, spring 0, Sunday,17330,16.6
frame,,Year 1, spring 0, Sunday,17331,16.7
frame,,Year 1, spring 0, Sunday,17332,16.7
frame,,Year 1, spring 0, Sunday,17333,16.7
frame,,Year 1, spring 0, Sunday,17334,16.6
frame,,Year 1, spring 0, Sunday,17335,16.7
frame,,Year 1, spring 0, Sunday,17336,16.8
frame,,Year 1, spring 0, Sunday,17337,16.6
frame,,Year 1, spring 0, Sunday,17338,16.6
frame,,Year 1, spring 0, Sunday,17339,16.8
frame,,Year 1, spring 0, Sunday,17340,16.6
frame,,Year 1, spring 0, Sunday,17341,16.6
frame,,Year 1, spring 0, Sunday,17342,16.7
frame,,Year 1, spring 0, Sunday,17343,16.7
frame,,Year 1, spring 0, Sunday,17344,16.7
frame,,Year 1, spring 0, Sunday,17345,16.7
frame,,Year 1, spring 0, Sunday,17346,16.6
frame,,Year 1, spring 0, Sunday,17347,16.7
frame,,Year 1, spring 0, Sunday,17348,16.7
frame,,Year 1, spring 0, Sunday,17349,16.7
frame,,Year 1, spring 0, Sunday,17350,16.6
frame,,Year 1, spring 0, Sunday,17351,16.7
frame,,Year 1, spring 0, Sunday,17352,16.7
frame,,Year 1, spring 0, Sunday,17353,16.6
frame,,Year 1, spring 0, Sunday,17354,16.7
frame,,Year 1, spring 0, Sunday,17355,16.7
frame,,Year 1, spring 0, Sunday,17356,16.7
frame,,Year 1, spring 0, Sunday,17357,16.6
frame,,Year 1, spring 0, Sunday,17358,16.7
frame,,Year 1, spring 0, Sunday,17359,16.7
frame,,Year 1, spring 0, Sunday,17360,16.7
frame,,Year 1, spring 0, Sunday,17361,16.7
frame,,Year 1, spring 0, Sunday,17362,16.6
frame,,Year 1, spring 0, Sunday,17363,16.7
frame,,Year 1, spring 0, Sunday,17364,16.7
frame,,Year 1, spring 0, Sunday,17365,16.6
frame,,Year 1, spring 0, Sunday,17366,16.7
frame,,Year 1, spring 0, Sunday,17367,16.7
frame,,Year 1, spring 0, Sunday,17368,16.6
frame,,Year 1, spring 0, Sunday,17369,16.7
frame,,Year 1, spring 0, Sunday,17370,16.8
frame,,Year 1, spring 0, Sunday,17371,16.5
frame,,Year 1, spring 0, Sunday,17372,16.7
frame,,Year 1, spring 0, Sunday,17373,16.8
frame,,Year 1, spring 0, Sunday,17374,16.4
frame,,Year 1, spring 0, Sunday,17375,16.7
frame,,Year 1, spring 0, Sunday,17376,16.6
frame,,Year 1, spring 0, Sunday,17377,16.6
frame,,Year 1, spring 0, Sunday,17378,16.7
frame,,Year 1, spring 0, Sunday,17379,16.7
frame,,Year 1, spring 0, Sunday,17380,16.6
frame,,Year 1, spring 0, Sunday,17381,16.7
frame,,Year 1, spring 0, Sunday,17382,16.6
frame,,Year 1, spring 0, Sunday,17383,16.8
frame,,Year 1, spring 0, Sunday,17384,16.5
frame,,Year 1, spring 0, Sunday,17385,16.7
frame,,Year 1, spring 0, Sunday,17386,16.7
frame,,Year 1, spring 0, Sunday,17387,16.6
frame,,Year 1, spring 0, Sunday,17388,16.7
frame,,Year 1, spring 0, Sunday,17389,16.7
frame,,Year 1, spring 0, Sunday,17390,16.6
frame,,Year 1, spring 0, Sunday,17391,16.7
frame,,Year 1, spring 0, Sunday,17392,16.6
frame,,Year 1, spring 0, Sunday,17393,16.6
frame,,Year 1, spring 0, Sunday,17394,16.7
frame,,Year 1, spring 0, Sunday,17395,16.7
frame,,Year 1, spring 0, Sunday,17396,16.7
frame,,Year 1, spring 0, Sunday,17397,16.7
frame,,Year 1, spring 0, Sunday,17398,16.7
frame,,Year 1, spring 0, Sunday,17399,16.6
frame,,Year 1, spring 0, Sunday,17400,16.7
frame,,Year 1, spring 0, Sunday,17401,16.6
frame,,Year 1, spring 0, Sunday,17402,16.7
frame,,Year 1, spring 0, Sunday,17403,16.6
frame,,Year 1, spring 0, Sunday,17404,16.7
frame,,Year 1, spring 0, Sunday,17405,16.6
frame,,Year 1, spring 0, Sunday,17406,16.8
frame,,Year 1, spring 0, Sunday,17407,16.5
frame,,Year 1, spring 0, Sunday,17408,16.8
frame,,Year 1, spring 0, Sunday,17409,16.5
frame,,Year 1, spring 0, Sunday,17410,16.6
frame,,Year 1, spring 0, Sunday,17411,16.8
frame,,Year 1, spring 0, Sunday,17412,16.5
frame,,Year 1, spring 0, Sunday,17413,16.7
frame,,Year 1, spring 0, Sunday,17414,16.6
frame,,Year 1, spring 0, Sunday,17415,16.7
frame,,Year 1, spring 0, Sunday,17416,16.7
frame,,Year 1, spring 0, Sunday,17417,16.6
frame,,Year 1, spring 0, Sunday,17418,16.7
frame,,Year 1, spring 0, Sunday,17419,16.7
frame,,Year 1, spring 0, Sunday,17420,16.6
frame,,Year 1, spring 0, Sunday,17421,16.7
frame,,Year 1, spring 0, Sunday,17422,16.8
frame,,Year 1, spring 0, Sunday,17423,16.5
frame,,Year 1, spring 0, Sunday,17424,16.7
frame,,Year 1, spring 0, Sunday,17425,16.6
frame,,Year 1, spring 0, Sunday,17426,16.7
frame,,Year 1, spring 0, Sunday,17427,16.9
frame,,Year 1, spring 0, Sunday,17428,16.4
frame,,Year 1, spring 0, Sunday,17429,16.7
frame,,Year 1, spring 0, Sunday,17430,16.7
frame,,Year 1, spring 0, Sunday,17431,16.6
frame,,Year 1, spring 0, Sunday,17432,16.7
frame,,Year 1, spring 0, Sunday,17433,16.7
frame,,Year 1, spring 0, Sunday,17434,16.7
frame,,Year 1, spring 0, Sunday,17435,16.7
frame,,Year 1, spring 0, Sunday,17436,16.6
frame,,Year 1, spring 0, Sunday,17437,16.7
frame,,Year 1, spring 0, Sunday,17438,16.7
frame,,Year 1, spring 0, Sunday,17439,16.7
frame,,Year 1, spring 0, Sunday,17440,16.7
frame,,Year 1, spring 0, Sunday,17441,16.7
frame,,Year 1, spring 0, Sunday,17442,16.6
frame,,Year 1, spring 0, Sunday,17443,16.8
frame,,Year 1, spring 0, Sunday,17444,16.5
frame,,Year 1, spring 0, Sunday,17445,16.7
frame,,Year 1, spring 0, Sunday,17446,16.7
frame,,Year 1, spring 0, Sunday,17447,16.6
frame,,Year 1, spring 0, Sunday,17448,16.7
frame,,Year 1, spring 0, Sunday,17449,16.6
frame,,Year 1, spring 0, Sunday,17450,16.7
frame,,Year 1, spring 0, Sunday,17451,16.6
frame,,Year 1, spring 0, Sunday,17452,16.7
frame,,Year 1, spring 0, Sunday,17453,16.6
frame,,Year 1, spring 0, Sunday,17454,16.7
frame,,Year 1, spring 0, Sunday,17455,16.6
frame,,Year 1, spring 0, Sunday,17456,16.8
frame,,Year 1, spring 0, Sunday,17457,16.6
frame,,Year 1, spring 0, Sunday,17458,16.6
frame,,Year 1, spring 0, Sunday,17459,16.7
frame,,Year 1, spring 0, Sunday,17460,16.7
frame,,Year 1, spring 0, Sunday,17461,16.7
frame,,Year 1, spring 0, Sunday,17462,16.8
frame,,Year 1, spring 0, Sunday,17463,16.5
frame,,Year 1, spring 0, Sunday,17464,16.7
frame,,Year 1, spring 0, Sunday,17465,16.7
frame,,Year 1, spring 0, Sunday,17466,16.7
frame,,Year 1, spring 0, Sunday,17467,16.7
frame,,Year 1, spring 0, Sunday,17468,16.6
frame,,Year 1, spring 0, Sunday,17469,16.7
frame,,Year 1, spring 0, Sunday,17470,16.7
frame,,Year 1, spring 0, Sunday,17471,16.8
frame,,Year 1, spring 0, Sunday,17472,16.7
frame,,Year 1, spring 0, Sunday,17473,16.5
frame,,Year 1, spring 0, Sunday,17474,16.7
frame,,Year 1, spring 0, Sunday,17475,16.6
frame,,Year 1, spring 0, Sunday,17476,16.7
frame,,Year 1, spring 0, Sunday,17477,16.7
frame,,Year 1, spring 0, Sunday,17478,16.6
frame,,Year 1, spring 0, Sunday,17479,16.7
frame,,Year 1, spring 0, Sunday,17480,16.7
frame,,Year 1, spring 0, Sunday,17481,16.7
frame,,Year 1, spring 0, Sunday,17482,16.7
frame,,Year 1, spring 0, Sunday,17483,16.7
frame,,Year 1, spring 0, Sunday,17484,16.7
frame,,Year 1, spring 0, Sunday,17485,16.7
frame,,Year 1, spring 0, Sunday,17486,16.7
frame,,Year 1, spring 0, Sunday,17487,16.6
frame,,Year 1, spring 0, Sunday,17488,16.8
frame,,Year 1, spring 0, Sunday,17489,16.7
frame,,Year 1, spring 0, Sunday,17490,16.6
frame,,Year 1, spring 0, Sunday,17491,16.7
frame,,Year 1, spring 0, Sunday,17492,16.7
frame,,Year 1, spring 0, Sunday,17493,16.7
frame,,Year 1, spring 0, Sunday,17494,16.7
frame,,Year 1, spring 0, Sunday,17495,16.6
frame,,Year 1, spring 0, Sunday,17496,16.7
frame,,Year 1, spring 0, Sunday,17497,16.6
frame,,Year 1, spring 0, Sunday,17498,16.7
frame,,Year 1, spring 0, Sunday,17499,16.7
frame,,Year 1, spring 0, Sunday,17500,16.7
frame,,Year 1, spring 0, Sunday,17501,16.7
frame,,Year 1, spring 0, Sunday,17502,16.6
frame,,Year 1, spring 0, Sunday,17503,16.9
frame,,Year 1, spring 0, Sunday,17504,16.4
frame,,Year 1, spring 0, Sunday,17505,16.8
frame,,Year 1, spring 0, Sunday,17506,16.6
frame,,Year 1, spring 0, Sunday,17507,16.7
frame,,Year 1, spring 0, Sunday,17508,16.6
frame,,Year 1, spring 0, Sunday,17509,16.7
frame,,Year 1, spring 0, Sunday,17510,16.7
frame,,Year 1, spring 0, Sunday,17511,16.7
frame,,Year 1, spring 0, Sunday,17512,16.7
frame,,Year 1, spring 0, Sunday,17513,16.7
frame,,Year 1, spring 0, Sunday,17514,16.7
frame,,Year 1, spring 0, Sunday,17515,16.7
frame,,Year 1, spring 0, Sunday,17516,16.7
frame,,Year 1, spring 0, Sunday,17517,16.7
frame,,Year 1, spring 0, Sunday,17518,16.7
frame,,Year 1, spring 0, Sunday,17519,16.5
frame,,Year 1, spring 0, Sunday,17520,16.7
frame,,Year 1, spring 0, Sunday,17521,16.7
frame,,Year 1, spring 0, Sunday,17522,16.6
frame,,Year 1, spring 0, Sunday,17523,16.7
frame,,Year 1, spring 0, Sunday,17524,16.7
frame,,Year 1, spring 0, Sunday,17525,16.7
frame,,Year 1, spring 0, Sunday,17526,16.7
frame,,Year 1, spring 0, Sunday,17527,16.6
frame,,Year 1, spring 0, Sunday,17528,16.6
frame,,Year 1, spring 0, Sunday,17529,16.7
frame,,Year 1, spring 0, Sunday,17530,16.6
frame,,Year 1, spring 0, Sunday,17531,16.7
frame,,Year 1, spring 0, Sunday,17532,16.8
frame,,Year 1, spring 0, Sunday,17533,16.5
frame,,Year 1, spring 0, Sunday,17534,16.6
frame,,Year 1, spring 0, Sunday,17535,16.7
frame,,Year 1, spring 0, Sunday,17536,16.7
frame,,Year 1, spring 0, Sunday,17537,16.7
frame,,Year 1, spring 0, Sunday,17538,16.7
frame,,Year 1, spring 0, Sunday,17539,16.7
frame,,Year 1, spring 0, Sunday,17540,16.7
frame,,Year 1, spring 0, Sunday,17541,16.7
frame,,Year 1, spring 0, Sunday,17542,16.5
frame,,Year 1, spring 0, Sunday,17543,16.7
frame,,Year 1, spring 0, Sunday,17544,16.7
frame,,Year 1, spring 0, Sunday,17545,16.7
frame,,Year 1, spring 0, Sunday,17546,16.8
frame,,Year 1, spring 0, Sunday,17547,16.5
frame,,Year 1, spring 0, Sunday,17548,16.7
frame,,Year 1, spring 0, Sunday,17549,16.6
frame,,Year 1, spring 0, Sunday,17550,16.6
frame,,Year 1, spring 0, Sunday,17551,16.7
frame,,Year 1, spring 0, Sunday,17552,16.7
frame,,Year 1, spring 0, Sunday,17553,16.6
frame,,Year 1, spring 0, Sunday,17554,16.7
frame,,Year 1, spring 0, Sunday,17555,16.7
frame,,Year 1, spring 0, Sunday,17556,16.7
frame,,Year 1, spring 0, Sunday,17557,16.6
frame,,Year 1, spring 0, Sunday,17558,16.7
frame,,Year 1, spring 0, Sunday,17559,16.7
frame,,Year 1, spring 0, Sunday,17560,16.7
frame,,Year 1, spring 0, Sunday,17561,16.8
frame,,Year 1, spring 0, Sunday,17562,16.6
frame,,Year 1, spring 0, Sunday,17563,16.7
frame,,Year 1, spring 0, Sunday,17564,16.6
frame,,Year 1, spring 0, Sunday,17565,16.7
frame,,Year 1, spring 0, Sunday,17566,16.7
frame,,Year 1, spring 0, Sunday,17567,17.0
frame,,Year 1, spring 0, Sunday,17568,16.3
frame,,Year 1, spring 0, Sunday,17569,16.7
frame,,Year 1, spring 0, Sunday,17570,16.7
frame,,Year 1, spring 0, Sunday,17571,16.7
frame,,Year 1, spring 0, Sunday,17572,16.6
frame,,Year 1, spring 0, Sunday,17573,16.7
frame,,Year 1, spring 0, Sunday,17574,16.6
frame,,Year 1, spring 0, Sunday,17575,16.7
frame,,Year 1, spring 0, Sunday,17576,16.7
frame,,Year 1, spring 0, Sunday,17577,16.7
frame,,Year 1, spring 0, Sunday,17578,16.7
frame,,Year 1, spring 0, Sunday,17579,16.6
frame,,Year 1, spring 0, Sunday,17580,16.6
frame,,Year 1, spring 0, Sunday,17581,16.7
frame,,Year 1, spring 0, Sunday,17582,16.7
frame,,Year 1, spring 0, Sunday,17583,16.7
frame,,Year 1, spring 0, Sunday,17584,16.7
frame,,Year 1, spring 0, Sunday,17585,16.7
frame,,Year 1, spring 0, Sunday,17586,16.7
frame,,Year 1, spring 0, Sunday,17587,16.7
frame,,Year 1, spring 0, Sunday,17588,16.7
frame,,Year 1, spring 0, Sunday,17589,16.7
frame,,Year 1, spring 0, Sunday,17590,16.7
frame,,Year 1, spring 0, Sunday,17591,16.8
frame,,Year 1, spring 0, Sunday,17592,16.6
frame,,Year 1, spring 0, Sunday,17593,16.7
frame,,Year 1, spring 0, Sunday,17594,16.5
frame,,Year 1, spring 0, Sunday,17595,16.6
frame,,Year 1, spring 0, Sunday,17596,16.7
frame,,Year 1, spring 0, Sunday,17597,16.7
frame,,Year 1, spring 0, Sunday,17598,16.7
frame,,Year 1, spring 0, Sunday,17599,16.7
frame,,Year 1, spring 0, Sunday,17600,16.6
frame,,Year 1, spring 0, Sunday,17601,16.7
frame,,Year 1, spring 0, Sunday,17602,16.7
frame,,Year 1, spring 0, Sunday,17603,16.7
frame,,Year 1, spring 0, Sunday,17604,16.6
frame,,Year 1, spring 0, Sunday,17605,16.7
frame,,Year 1, spring 0, Sunday,17606,16.9
frame,,Year 1, spring 0, Sunday,17607,16.6
frame,,Year 1, spring 0, Sunday,17608,16.6
frame,,Year 1, spring 0, Sunday,17609,16.7
frame,,Year 1, spring 0, Sunday,17610,16.7
frame,,Year 1, spring 0, Sunday,17611,16.6
frame,,Year 1, spring 0, Sunday,17612,16.7
frame,,Year 1, spring 0, Sunday,17613,16.7
frame,,Year 1, spring 0, Sunday,17614,16.6
frame,,Year 1, spring 0, Sunday,17615,16.7
frame,,Year 1, spring 0, Sunday,17616,16.7
frame,,Year 1, spring 0, Sunday,17617,16.7
frame,,Year 1, spring 0, Sunday,17618,16.7
frame,,Year 1, spring 0, Sunday,17619,16.6
frame,,Year 1, spring 0, Sunday,17620,16.7
frame,,Year 1, spring 0, Sunday,17621,16.8
frame,,Year 1, spring 0, Sunday,17622,16.6
frame,,Year 1, spring 0, Sunday,17623,16.6
frame,,Year 1, spring 0, Sunday,17624,16.7
frame,,Year 1, spring 0, Sunday,17625,16.7
frame,,Year 1, spring 0, Sunday,17626,16.7
frame,,Year 1, spring 0, Sunday,17627,16.6
frame,,Year 1, spring 0, Sunday,17628,16.8
frame,,Year 1, spring 0, Sunday,17629,16.6
frame,,Year 1, spring 0, Sunday,17630,16.6
frame,,Year 1, spring 0, Sunday,17631,16.7
frame,,Year 1, spring 0, Sunday,17632,16.7
frame,,Year 1, spring 0, Sunday,17633,16.6
frame,,Year 1, spring 0, Sunday,17634,16.7
frame,,Year 1, spring 0, Sunday,17635,16.6
frame,,Year 1, spring 0, Sunday,17636,16.7
frame,,Year 1, spring 0, Sunday,17637,16.7
frame,,Year 1, spring 0, Sunday,17638,16.6
frame,,Year 1, spring 0, Sunday,17639,16.7
frame,,Year 1, spring 0, Sunday,17640,16.7
frame,,Year 1, spring 0, Sunday,17641,16.7
frame,,Year 1, spring 0, Sunday,17642,16.6
frame,,Year 1, spring 0, Sunday,17643,16.7
frame,,Year 1, spring 0, Sunday,17644,16.7
frame,,Year 1, spring 0, Sunday,17645,16.7
frame,,Year 1, spring 0, Sunday,17646,16.7
frame,,Year 1, spring 0, Sunday,17647,16.6
frame,,Year 1, spring 0, Sunday,17648,16.7
frame,,Year 1, spring 0, Sunday,17649,16.7
frame,,Year 1, spring 0, Sunday,17650,16.7
frame,,Year 1, spring 0, Sunday,17651,16.7
frame,,Year 1, spring 0, Sunday,17652,16.7
frame,,Year 1, spring 0, Sunday,17653,16.9
frame,,Year 1, spring 0, Sunday,17654,16.5
frame,,Year 1, spring 0, Sunday,17655,16.6
frame,,Year 1, spring 0, Sunday,17656,16.6
frame,,Year 1, spring 0, Sunday,17657,16.7
frame,,Year 1, spring 0, Sunday,17658,16.7
frame,,Year 1, spring 0, Sunday,17659,16.7
frame,,Year 1, spring 0, Sunday,17660,16.8
frame,,Year 1, spring 0, Sunday,17661,16.5
frame,,Year 1, spring 0, Sunday,17662,16.7
frame,,Year 1, spring 0, Sunday,17663,16.7
frame,,Year 1, spring 0, Sunday,17664,16.7
frame,,Year 1, spring 0, Sunday,17665,16.6
frame,,Year 1, spring 0, Sunday,17666,16.8
frame,,Year 1, spring 0, Sunday,17667,16.6
frame,,Year 1, spring 0, Sunday,17668,16.7
frame,,Year 1, spring 0, Sunday,17669,16.6
frame,,Year 1, spring 0, Sunday,17670,16.7
frame,,Year 1, spring 0, Sunday,17671,16.6
frame,,Year 1, spring 0, Sunday,17672,16.7
frame,,Year 1, spring 0, Sunday,17673,16.7
frame,,Year 1, spring 0, Sunday,17674,16.7
frame,,Year 1, spring 0, Sunday,17675,16.7
frame,,Year 1, spring 0, Sunday,17676,16.7
frame,,Year 1, spring 0, Sunday,17677,16.6
frame,,Year 1, spring 0, Sunday,17678,16.7
frame,,Year 1, spring 0, Sunday,17679,16.7
frame,,Year 1, spring 0, Sunday,17680,16.7
frame,,Year 1, spring 0, Sunday,17681,16.7
frame,,Year 1, spring 0, Sunday,17682,16.7
frame,,Year 1, spring 0, Sunday,17683,16.7
frame,,Year 1, spring 0, Sunday,17684,16.5
frame,,Year 1, spring 0, Sunday,17685,16.7
frame,,Year 1, spring 0, Sunday,17686,16.6
frame,,Year 1, spring 0, Sunday,17687,16.6
frame,,Year 1, spring 0, Sunday,17688,16.7
frame,,Year 1, spring 0, Sunday,17689,16.6
frame,,Year 1, spring 0, Sunday,17690,16.7
frame,,Year 1, spring 0, Sunday,17691,16.7
frame,,Year 1, spring 0, Sunday,17692,16.6
frame,,Year 1, spring 0, Sunday,17693,16.7
frame,,Year 1, spring 0, Sunday,17694,16.7
frame,,Year 1, spring 0, Sunday,17695,16.7
frame,,Year 1, spring 0, Sunday,17696,16.7
frame,,Year 1, spring 0, Sunday,17697,16.8
frame,,Year 1, spring 0, Sunday,17698,16.8
frame,,Year 1, spring 0, Sunday,17699,16.4
frame,,Year 1, spring 0, Sunday,17700,16.6
frame,,Year 1, spring 0, Sunday,17701,16.7
frame,,Year 1, spring 0, Sunday,17702,16.7
frame,,Year 1, spring 0, Sunday,17703,16.7
frame,,Year 1, spring 0, Sunday,17704,16.7
frame,,Year 1, spring 0, Sunday,17705,16.7
frame,,Year 1, spring 0, Sunday,17706,16.6
frame,,Year 1, spring 0, Sunday,17707,16.7
frame,,Year 1, spring 0, Sunday,17708,16.7
frame,,Year 1, spring 0, Sunday,17709,16.7
frame,,Year 1, spring 0, Sunday,17710,16.7
frame,,Year 1, spring 0, Sunday,17711,16.7
frame,,Year 1, spring 0, Sunday,17712,16.6
frame,,Year 1, spring 0, Sunday,17713,16.7
frame,,Year 1, spring 0, Sunday,17714,16.7
frame,,Year 1, spring 0, Sunday,17715,16.7
frame,,Year 1, spring 0, Sunday,17716,16.6
frame,,Year 1, spring 0, Sunday,17717,16.7
frame,,Year 1, spring 0, Sunday,17718,16.7
frame,,Year 1, spring 0, Sunday,17719,16.7
frame,,Year 1, spring 0, Sunday,17720,16.7
frame,,Year 1, spring 0, Sunday,17721,16.7
frame,,Year 1, spring 0, Sunday,17722,16.7
frame,,Year 1, spring 0, Sunday,17723,16.7
frame,,Year 1, spring 0, Sunday,17724,17.2
frame,,Year 1, spring 0, Sunday,17725,16.1
frame,,Year 1, spring 0, Sunday,17726,16.7
frame,,Year 1, spring 0, Sunday,17727,16.7
frame,,Year 1, spring 0, Sunday,17728,16.7
frame,,Year 1, spring 0, Sunday,17729,16.7
frame,,Year 1, spring 0, Sunday,17730,16.7
frame,,Year 1, spring 0, Sunday,17731,16.7
frame,,Year 1, spring 0, Sunday,17732,16.7
frame,,Year 1, spring 0, Sunday,17733,16.6
frame,,Year 1, spring 0, Sunday,17734,16.7
frame,,Year 1, spring 0, Sunday,17735,16.7
frame,,Year 1, spring 0, Sunday,17736,16.7
frame,,Year 1, spring 0, Sunday,17737,16.7
frame,,Year 1, spring 0, Sunday,17738,16.7
frame,,Year 1, spring 0, Sunday,17739,16.9
frame,,Year 1, spring 0, Sunday,17740,16.4
frame,,Year 1, spring 0, Sunday,17741,16.8
frame,,Year 1, spring 0, Sunday,17742,16.5
frame,,Year 1, spring 0, Sunday,17743,16.7
frame,,Year 1, spring 0, Sunday,17744,16.7
frame,,Year 1, spring 0, Sunday,17745,16.7
frame,,Year 1, spring 0, Sunday,17746,16.7
frame,,Year 1, spring 0, Sunday,17747,16.6
frame,,Year 1, spring 0, Sunday,17748,16.7
frame,,Year 1, spring 0, Sunday,17749,16.7
frame,,Year 1, spring 0, Sunday,17750,16.6
frame,,Year 1, spring 0, Sunday,17751,16.7
frame,,Year 1, spring 0, Sunday,17752,16.7
frame,,Year 1, spring 0, Sunday,17753,16.6
frame,,Year 1, spring 0, Sunday,17754,16.9
frame,,Year 1, spring 0, Sunday,17755,16.4
frame,,Year 1, spring 0, Sunday,17756,16.7
frame,,Year 1, spring 0, Sunday,17757,16.7
frame,,Year 1, spring 0, Sunday,17758,16.7
frame,,Year 1, spring 0, Sunday,17759,16.6
frame,,Year 1, spring 0, Sunday,17760,16.7
frame,,Year 1, spring 0, Sunday,17761,16.7
frame,,Year 1, spring 0, Sunday,17762,16.6
frame,,Year 1, spring 0, Sunday,17763,16.7
frame,,Year 1, spring 0, Sunday,17764,16.6
frame,,Year 1, spring 0, Sunday,17765,16.7
frame,,Year 1, spring 0, Sunday,17766,16.7
frame,,Year 1, spring 0, Sunday,17767,16.7
frame,,Year 1, spring 0, Sunday,17768,16.6
frame,,Year 1, spring 0, Sunday,17769,16.7
frame,,Year 1, spring 0, Sunday,17770,16.6
frame,,Year 1, spring 0, Sunday,17771,16.7
frame,,Year 1, spring 0, Sunday,17772,16.7
frame,,Year 1, spring 0, Sunday,17773,16.7
frame,,Year 1, spring 0, Sunday,17774,16.7
frame,,Year 1, spring 0, Sunday,17775,16.7
frame,,Year 1, spring 0, Sunday,17776,16.7
frame,,Year 1, spring 0, Sunday,17777,16.7
frame,,Year 1, spring 0, Sunday,17778,16.7
frame,,Year 1, spring 0, Sunday,17779,16.7
frame,,Year 1, spring 0, Sunday,17780,16.7
frame,,Year 1, spring 0, Sunday,17781,16.8
frame,,Year 1, spring 0, Sunday,17782,16.6
frame,,Year 1, spring 0, Sunday,17783,16.7
frame,,Year 1, spring 0, Sunday,17784,16.6
frame,,Year 1, spring 0, Sunday,17785,16.7
frame,,Year 1, spring 0, Sunday,17786,16.7
frame,,Year 1, spring 0, Sunday,17787,16.7
frame,,Year 1, spring 0, Sunday,17788,16.6
frame,,Year 1, spring 0, Sunday,17789,16.7
frame,,Year 1, spring 0, Sunday,17790,16.7
frame,,Year 1, spring 0, Sunday,17791,16.7
frame,,Year 1, spring 0, Sunday,17792,16.6
frame,,Year 1, spring 0, Sunday,17793,16.7
frame,,Year 1, spring 0, Sunday,17794,16.6
frame,,Year 1, spring 0, Sunday,17795,16.7
frame,,Year 1, spring 0, Sunday,17796,16.7
frame,,Year 1, spring 0, Sunday,17797,16.7
frame,,Year 1, spring 0, Sunday,17798,16.7
frame,,Year 1, spring 0, Sunday,17799,16.6
frame,,Year 1, spring 0, Sunday,17800,16.7
frame,,Year 1, spring 0, Sunday,17801,16.8
frame,,Year 1, spring 0, Sunday,17802,16.6
frame,,Year 1, spring 0, Sunday,17803,16.7
frame,,Year 1, spring 0, Sunday,17804,16.6
frame,,Year 1, spring 0, Sunday,17805,16.7
frame,,Year 1, spring 0, Sunday,17806,16.7
frame,,Year 1, spring 0, Sunday,17807,16.7
frame,,Year 1, spring 0, Sunday,17808,16.7
frame,,Year 1, spring 0, Sunday,17809,16.7
frame,,Year 1, spring 0, Sunday,17810,16.7
frame,,Year 1, spring 0, Sunday,17811,16.7
frame,,Year 1, spring 0, Sunday,17812,16.7
frame,,Year 1, spring 0, Sunday,17813,16.6
frame,,Year 1, spring 0, Sunday,17814,16.7
frame,,Year 1, spring 0, Sunday,17815,16.7
frame,,Year 1, spring 0, Sunday,17816,16.7
frame,,Year 1, spring 0, Sunday,17817,16.8
frame,,Year 1, spring 0, Sunday,17818,16.7
frame,,Year 1, spring 0, Sunday,17819,16.5
frame,,Year 1, spring 0, Sunday,17820,16.7
frame,,Year 1, spring 0, Sunday,17821,16.7
frame,,Year 1, spring 0, Sunday,17822,16.7
frame,,Year 1, spring 0, Sunday,17823,16.7
frame,,Year 1, spring 0, Sunday,17824,16.6
frame,,Year 1, spring 0, Sunday,17825,16.7
frame,,Year 1, spring 0, Sunday,17826,16.6
frame,,Year 1, spring 0, Sunday,17827,16.7
frame,,Year 1, spring 0, Sunday,17828,16.7
frame,,Year 1, spring 0, Sunday,17829,16.7
frame,,Year 1, spring 0, Sunday,17830,16.8
frame,,Year 1, spring 0, Sunday,17831,16.7
frame,,Year 1, spring 0, Sunday,17832,16.7
frame,,Year 1, spring 0, Sunday,17833,16.7
frame,,Year 1, spring 0, Sunday,17834,16.6
frame,,Year 1, spring 0, Sunday,17835,16.7
frame,,Year 1, spring 0, Sunday,17836,16.7
frame,,Year 1, spring 0, Sunday,17837,16.7
frame,,Year 1, spring 0, Sunday,17838,16.7
frame,,Year 1, spring 0, Sunday,17839,16.6
frame,,Year 1, spring 0, Sunday,17840,16.7
frame,,Year 1, spring 0, Sunday,17841,16.7
frame,,Year 1, spring 0, Sunday,17842,16.7
frame,,Year 1, spring 0, Sunday,17843,16.7
frame,,Year 1, spring 0, Sunday,17844,16.7
frame,,Year 1, spring 0, Sunday,17845,16.7
frame,,Year 1, spring 0, Sunday,17846,16.8
frame,,Year 1, spring 0, Sunday,17847,16.7
frame,,Year 1, spring 0, Sunday,17848,16.5
frame,,Year 1, spring 0, Sunday,17849,16.7
frame,,Year 1, spring 0, Sunday,17850,16.7
frame,,Year 1, spring 0, Sunday,17851,16.7
frame,,Year 1, spring 0, Sunday,17852,16.7
frame,,Year 1, spring 0, Sunday,17853,16.7
frame,,Year 1, spring 0, Sunday,17854,16.6
frame,,Year 1, spring 0, Sunday,17855,16.7
frame,,Year 1, spring 0, Sunday,17856,16.7
frame,,Year 1, spring 0, Sunday,17857,16.7
frame,,Year 1, spring 0, Sunday,17858,16.7
frame,,Year 1, spring 0, Sunday,17859,16.7
frame,,Year 1, spring 0, Sunday,17860,16.7
frame,,Year 1, spring 0, Sunday,17861,16.7
frame,,Year 1, spring 0, Sunday,17862,16.6
frame,,Year 1, spring 0, Sunday,17863,16.7
frame,,Year 1, spring 0, Sunday,17864,16.6
frame,,Year 1, spring 0, Sunday,17865,16.6
frame,,Year 1, spring 0, Sunday,17866,16.6
frame,,Year 1, spring 0, Sunday,17867,16.7
frame,,Year 1, spring 0, Sunday,17868,16.7
frame,,Year 1, spring 0, Sunday,17869,16.7
frame,,Year 1, spring 0, Sunday,17870,16.7
frame,,Year 1, spring 0, Sunday,17871,16.7
frame,,Year 1, spring 0, Sunday,17872,16.7
frame,,Year 1, spring 0, Sunday,17873,16.7
frame,,Year 1, spring 0, Sunday,17874,16.6
frame,,Year 1, spring 0, Sunday,17875,16.7
frame,,Year 1, spring 0, Sunday,17876,16.8
frame,,Year 1, spring 0, Sunday,17877,16.6
frame,,Year 1, spring 0, Sunday,17878,16.6
frame,,Year 1, spring 0, Sunday,17879,16.7
frame,,Year 1, spring 0, Sunday,17880,16.7
frame,,Year 1, spring 0, Sunday,17881,16.7
frame,,Year 1, spring 0, Sunday,17882,16.7
frame,,Year 1, spring 0, Sunday,17883,16.6
frame,,Year 1, spring 0, Sunday,17884,16.7
frame,,Year 1, spring 0, Sunday,17885,16.6
frame,,Year 1, spring 0, Sunday,17886,16.7
frame,,Year 1, spring 0, Sunday,17887,16.7
frame,,Year 1, spring 0, Sunday,17888,16.7
frame,,Year 1, spring 0, Sunday,17889,16.7
frame,,Year 1, spring 0, Sunday,17890,16.7
frame,,Year 1, spring 0, Sunday,17891,16.7
frame,,Year 1, spring 0, Sunday,17892,16.7
frame,,Year 1, spring 0, Sunday,17893,16.6
frame,,Year 1, spring 0, Sunday,17894,16.6
frame,,Year 1, spring 0, Sunday,17895,16.7
frame,,Year 1, spring 0, Sunday,17896,16.7
frame,,Year 1, spring 0, Sunday,17897,16.8
frame,,Year 1, spring 0, Sunday,17898,16.6
frame,,Year 1, spring 0, Sunday,17899,16.7
frame,,Year 1, spring 0, Sunday,17900,16.7
frame,,Year 1, spring 0, Sunday,17901,16.7
frame,,Year 1, spring 0, Sunday,17902,16.7
frame,,Year 1, spring 0, Sunday,17903,16.6
frame,,Year 1, spring 0, Sunday,17904,16.7
frame,,Year 1, spring 0, Sunday,17905,16.7
frame,,Year 1, spring 0, Sunday,17906,16.8
frame,,Year 1, spring 0, Sunday,17907,16.6
frame,,Year 1, spring 0, Sunday,17908,16.7
frame,,Year 1, spring 0, Sunday,17909,16.7
frame,,Year 1, spring 0, Sunday,17910,16.7
frame,,Year 1, spring 0, Sunday,17911,16.5
frame,,Year 1, spring 0, Sunday,17912,16.7
frame,,Year 1, spring 0, Sunday,17913,16.7
frame,,Year 1, spring 0, Sunday,17914,16.7
frame,,Year 1, spring 0, Sunday,17915,16.6
frame,,Year 1, spring 0, Sunday,17916,16.7
frame,,Year 1, spring 0, Sunday,17917,16.6
frame,,Year 1, spring 0, Sunday,17918,16.7
frame,,Year 1, spring 0, Sunday,17919,16.7
frame,,Year 1, spring 0, Sunday,17920,16.7
frame,,Year 1, spring 0, Sunday,17921,16.7
frame,,Year 1, spring 0, Sunday,17922,16.6
frame,,Year 1, spring 0, Sunday,17923,16.9
frame,,Year 1, spring 0, Sunday,17924,16.4
frame,,Year 1, spring 0, Sunday,17925,16.7
frame,,Year 1, spring 0, Sunday,17926,16.7
frame,,Year 1, spring 0, Sunday,17927,16.7
frame,,Year 1, spring 0, Sunday,17928,16.7
frame,,Year 1, spring 0, Sunday,17929,16.7
frame,,Year 1, spring 0, Sunday,17930,16.7
frame,,Year 1, spring 0, Sunday,17931,16.7
frame,,Year 1, spring 0, Sunday,17932,16.7
frame,,Year 1, spring 0, Sunday,17933,16.7
frame,,Year 1, spring 0, Sunday,17934,16.6
frame,,Year 1, spring 0, Sunday,17935,16.7
frame,,Year 1, spring 0, Sunday,17936,16.7
frame,,Year 1, spring 0, Sunday,17937,16.7
frame,,Year 1, spring 0, Sunday,17938,16.6
frame,,Year 1, spring 0, Sunday,17939,16.7
frame,,Year 1, spring 0, Sunday,17940,16.7
frame,,Year 1, spring 0, Sunday,17941,16.7
frame,,Year 1, spring 0, Sunday,17942,16.7
frame,,Year 1, spring 0, Sunday,17943,16.7
frame,,Year 1, spring 0, Sunday,17944,16.7
frame,,Year 1, spring 0, Sunday,17945,16.7
frame,,Year 1, spring 0, Sunday,17946,16.6
frame,,Year 1, spring 0, Sunday,17947,16.7
frame,,Year 1, spring 0, Sunday,17948,16.6
frame,,Year 1, spring 0, Sunday,17949,16.7
frame,,Year 1, spring 0, Sunday,17950,16.7
frame,,Year 1, spring 0, Sunday,17951,16.8
frame,,Year 1, spring 0, Sunday,17952,16.6
frame,,Year 1, spring 0, Sunday,17953,16.6
frame,,Year 1, spring 0, Sunday,17954,16.7
frame,,Year 1, spring 0, Sunday,17955,16.6
frame,,Year 1, spring 0, Sunday,17956,16.7
frame,,Year 1, spring 0, Sunday,17957,16.7
frame,,Year 1, spring 0, Sunday,17958,16.6
frame,,Year 1, spring 0, Sunday,17959,16.7
frame,,Year 1, spring 0, Sunday,17960,16.7
frame,,Year 1, spring 0, Sunday,17961,16.6
frame,,Year 1, spring 0, Sunday,17962,16.7
frame,,Year 1, spring 0, Sunday,17963,16.7
frame,,Year 1, spring 0, Sunday,17964,16.7
frame,,Year 1, spring 0, Sunday,17965,16.7
frame,,Year 1, spring 0, Sunday,17966,16.7
frame,,Year 1, spring 0, Sunday,17967,16.7
frame,,Year 1, spring 0, Sunday,17968,16.7
frame,,Year 1, spring 0, Sunday,17969,16.7
frame,,Year 1, spring 0, Sunday,17970,16.7
frame,,Year 1, spring 0, Sunday,17971,16.7
frame,,Year 1, spring 0, Sunday,17972,16.7
frame,,Year 1, spring 0, Sunday,17973,16.7
frame,,Year 1, spring 0, Sunday,17974,16.7
frame,,Year 1, spring 0, Sunday,17975,16.6
frame,,Year 1, spring 0, Sunday,17976,16.7
frame,,Year 1, spring 0, Sunday,17977,16.7
frame,,Year 1, spring 0, Sunday,17978,16.7
frame,,Year 1, spring 0, Sunday,17979,16.7
frame,,Year 1, spring 0, Sunday,17980,16.7
frame,,Year 1, spring 0, Sunday,17981,16.7
frame,,Year 1, spring 0, Sunday,17982,16.6
frame,,Year 1, spring 0, Sunday,17983,16.7
frame,,Year 1, spring 0, Sunday,17984,16.7
frame,,Year 1, spring 0, Sunday,17985,16.7
frame,,Year 1, spring 0, Sunday,17986,16.7
frame,,Year 1, spring 0, Sunday,17987,16.6
frame,,Year 1, spring 0, Sunday,17988,16.6
frame,,Year 1, spring 0, Sunday,17989,16.7
frame,,Year 1, spring 0, Sunday,17990,16.7
frame,,Year 1, spring 0, Sunday,17991,16.7
frame,,Year 1, spring 0, Sunday,17992,16.7
frame,,Year 1, spring 0, Sunday,17993,16.7
frame,,Year 1, spring 0, Sunday,17994,16.6
frame,,Year 1, spring 0, Sunday,17995,16.7
frame,,Year 1, spring 0, Sunday,17996,16.7
frame,,Year 1, spring 0, Sunday,17997,16.7
frame,,Year 1, spring 0, Sunday,17998,16.7
frame,,Year 1, spring 0, Sunday,17999,16.6
frame,,Year 1, spring 0, Sunday,23120,16.7
frame,,Year 1, spring 0, Sunday,23121,16.7
frame,,Year 1, spring 0, Sunday,23122,16.7
frame,,Year 1, spring 0, Sunday,23123,16.7
frame,,Year 1, spring 0, Sunday,23124,16.7
frame,,Year 1, spring 0, Sunday,23125,16.7
frame,,Year 1, spring 0, Sunday,23126,16.8
frame,,Year 1, spring 0, Sunday,23127,16.5
frame,,Year 1, spring 0, Sunday,23128,16.9
frame,,Year 1, spring 0, Sunday,23129,16.5
frame,,Year 1, spring 0, Sunday,23130,16.7
frame,,Year 1, spring 0, Sunday,23131,16.7
frame,,Year 1, spring 0, Sunday,23132,16.7
frame,,Year 1, spring 0, Sunday,23133,16.7
frame,,Year 1, spring 0, Sunday,23134,16.7
frame,,Year 1, spring 0, Sunday,23135,16.7
frame,,Year 1, spring 0, Sunday,23136,16.7
frame,,Year 1, spring 0, Sunday,23137,16.6
frame,,Year 1, spring 0, Sunday,23138,16.7
frame,,Year 1, spring 0, Sunday,23139,16.7
frame,,Year 1, spring 0, Sunday,23140,16.7
frame,,Year 1, spring 0, Sunday,23141,16.7
frame,,Year 1, spring 0, Sunday,23142,16.7
frame,,Year 1, spring 0, Sunday,23143,16.6
frame,,Year 1, spring 0, Sunday,23144,16.7
frame,,Year 1, spring 0, Sunday,23145,16.7
frame,,Year 1, spring 0, Sunday,23146,16.7
frame,,Year 1, spring 0, Sunday,23147,16.7
frame,,Year 1, spring 0, Sunday,23148,16.7
frame,,Year 1, spring 0, Sunday,23149,16.7
frame,,Year 1, spring 0, Sunday,23150,16.7
frame,,Year 1, spring 0, Sunday,23151,16.7
frame,,Year 1, spring 0, Sunday,23152,16.7
frame,,Year 1, spring 0, Sunday,23153,16.7
frame,,Year 1, spring 0, Sunday,23154,16.7
frame,,Year 1, spring 0, Sunday,23155,16.7
frame,,Year 1, spring 0, Sunday,23156,16.7
frame,,Year 1, spring 0, Sunday,23157,16.7
frame,,Year 1, spring 0, Sunday,23158,16.7
frame,,Year 1, spring 0, Sunday,23159,16.7
frame,,Year 1, spring 0, Sunday,23160,16.7
frame,,Year 1, spring 0, Sunday,23161,16.7
frame,,Year 1, spring 0, Sunday,23162,16.7
frame,,Year 1, spring 0, Sunday,23163,16.6
frame,,Year 1, spring 0, Sunday,23164,16.7
frame,,Year 1, spring 0, Sunday,23165,16.6
frame,,Year 1, spring 0, Sunday,23166,16.7
frame,,Year 1, spring 0, Sunday,23167,16.7
frame,,Year 1, spring 0, Sunday,23168,16.7
frame,,Year 1, spring 0, Sunday,23169,16.7
frame,,Year 1, spring 0, Sunday,23170,16.7
frame,,Year 1, spring 0, Sunday,23171,16.7
frame,,Year 1, spring 0, Sunday,23172,16.7
frame,,Year 1, spring 0, Sunday,23173,16.7
frame,,Year 1, spring 0, Sunday,23174,16.6
frame,,Year 1, spring 0, Sunday,23175,16.7
frame,,Year 1, spring 0, Sunday,23176,16.7
frame,,Year 1, spring 0, Sunday,23177,16.7
frame,,Year 1, spring 0, Sunday,23178,16.7
frame,,Year 1, spring 0, Sunday,23179,16.7
frame,,Year 1, spring 0, Sunday,23180,16.6
frame,,Year 1, spring 0, Sunday,23181,16.7
frame,,Year 1, spring 0, Sunday,23182,16.6
frame,,Year 1, spring 0, Sunday,23183,16.7
frame,,Year 1, spring 0, Sunday,23184,16.6
frame,,Year 1, spring 0, Sunday,23185,16.6
frame,,Year 1, spring 0, Sunday,23186,16.9
frame,,Year 1, spring 0, Sunday,23187,16.5
frame,,Year 1, spring 0, Sunday,23188,16.7
frame,,Year 1, spring 0, Sunday,23189,16.7
frame,,Year 1, spring 0, Sunday,23190,16.7
frame,,Year 1, spring 0, Sunday,23191,16.6
frame,,Year 1, spring 0, Sunday,23192,16.7
frame,,Year 1, spring 0, Sunday,23193,16.7
frame,,Year 1, spring 0, Sunday,23194,16.6
frame,,Year 1, spring 0, Sunday,23195,16.7
frame,,Year 1, spring 0, Sunday,23196,16.6
frame,,Year 1, spring 0, Sunday,23197,16.7
frame,,Year 1, spring 0, Sunday,23198,16.7
frame,,Year 1, spring 0, Sunday,23199,16.7
frame,,Year 1, spring 0, Sunday,23200,16.6
frame,,Year 1, spring 0, Sunday,23201,16.9
frame,,Year 1, spring 0, Sunday,23202,16.5
frame,,Year 1, spring 0, Sunday,23203,16.7
frame,,Year 1, spring 0, Sunday,23204,16.6
frame,,Year 1, spring 0, Sunday,23205,16.6
frame,,Year 1, spring 0, Sunday,23206,16.7
frame,,Year 1, spring 0, Sunday,23207,16.7
frame,,Year 1, spring 0, Sunday,23208,16.7
frame,,Year 1, spring 0, Sunday,23209,16.7
frame,,Year 1, spring 0, Sunday,23210,16.7
frame,,Year 1, spring 0, Sunday,23211,16.7
frame,,Year 1, spring 0, Sunday,23212,16.7
frame,,Year 1, spring 0, Sunday,23213,16.7
frame,,Year 1, spring 0, Sunday,23214,16.7
frame,,Year 1, spring 0, Sunday,23215,16.6
frame,,Year 1, spring 0, Sunday,23216,16.7
frame,,Year 1, spring 0, Sunday,23217,16.7
frame,,Year 1, spring 0, Sunday,23218,16.8
frame,,Year 1, spring 0, Sunday,23219,16.5
frame,,Year 1, spring 0, Sunday,23220,16.7
frame,,Year 1, spring 0, Sunday,23221,16.7
frame,,Year 1, spring 0, Sunday,23222,16.7
frame,,Year 1, spring 0, Sunday,23223,16.7
frame,,Year 1, spring 0, Sunday,23224,16.7
frame,,Year 1, spring 0, Sunday,23225,16.7
frame,,Year 1, spring 0, Sunday,23226,16.7
frame,,Year 1, spring 0, Sunday,23227,16.7
frame,,Year 1, spring 0, Sunday,23228,16.7
frame,,Year 1, spring 0, Sunday,23229,16.7
frame,,Year 1, spring 0, Sunday,23230,16.7
frame,,Year 1, spring 0, Sunday,23231,16.8
frame,,Year 1, spring 0, Sunday,23232,16.5
frame,,Year 1, spring 0, Sunday,23233,16.6
frame,,Year 1, spring 0, Sunday,23234,16.7
frame,,Year 1, spring 0, Sunday,23235,16.7
frame,,Year 1, spring 0, Sunday,23236,16.7
frame,,Year 1, spring 0, Sunday,23237,16.7
frame,,Year 1, spring 0, Sunday,23238,16.6
frame,,Year 1, spring 0, Sunday,23239,16.6
frame,,Year 1, spring 0, Sunday,23240,16.7
frame,,Year 1, spring 0, Sunday,23241,16.7
frame,,Year 1, spring 0, Sunday,23242,16.7
frame,,Year 1, spring 0, Sunday,23243,16.7
frame,,Year 1, spring 0, Sunday,23244,16.7
frame,,Year 1, spring 0, Sunday,23245,16.7
frame,,Year 1, spring 0, Sunday,23246,16.7
frame,,Year 1, spring 0, Sunday,23247,16.7
frame,,Year 1, spring 0, Sunday,23248,16.7
frame,,Year 1, spring 0, Sunday,23249,16.7
frame,,Year 1, spring 0, Sunday,23250,16.7
frame,,Year 1, spring 0, Sunday,23251,16.7
frame,,Year 1, spring 0, Sunday,23252,16.7
frame,,Year 1, spring 0, Sunday,23253,16.7
frame,,Year 1, spring 0, Sunday,23254,16.7
frame,,Year 1, spring 0, Sunday,23255,16.7
frame,,Year 1, spring 0, Sunday,23256,16.7
frame,,Year 1, spring 0, Sunday,23257,16.6
frame,,Year 1, spring 0, Sunday,23258,16.6
frame,,Year 1, spring 0, Sunday,23259,16.6
frame,,Year 1, spring 0, Sunday,23260,16.7
frame,,Year 1, spring 0, Sunday,23261,16.7
frame,,Year 1, spring 0, Sunday,23262,16.7
frame,,Year 1, spring 0, Sunday,23263,16.7
frame,,Year 1, spring 0, Sunday,23264,16.6
frame,,Year 1, spring 0, Sunday,23265,16.7
frame,,Year 1, spring 0, Sunday,23266,16.7
frame,,Year 1, spring 0, Sunday,23267,16.7
frame,,Year 1, spring 0, Sunday,23268,16.7
frame,,Year 1, spring 0, Sunday,23269,16.7
frame,,Year 1, spring 0, Sunday,23270,16.7
frame,,Year 1, spring 0, Sunday,23271,16.6
frame,,Year 1, spring 0, Sunday,23272,16.7
frame,,Year 1, spring 0, Sunday,23273,16.7
frame,,Year 1, spring 0, Sunday,23274,16.7
frame,,Year 1, spring 0, Sunday,23275,16.7
frame,,Year 1, spring 0, Sunday,23276,16.7
frame,,Year 1, spring 0, Sunday,23277,16.9
frame,,Year 1, spring 0, Sunday,23278,16.6
frame,,Year 1, spring 0, Sunday,23279,16.5
frame,,Year 1, spring 0, Sunday,23280,16.7
frame,,Year 1, spring 0, Sunday,23281,16.7
frame,,Year 1, spring 0, Sunday,23282,16.6
frame,,Year 1, spring 0, Sunday,23283,16.7
frame,,Year 1, spring 0, Sunday,23284,16.7
frame,,Year 1, spring 0, Sunday,23285,16.6
frame,,Year 1, spring 0, Sunday,23286,16.7
frame,,Year 1, spring 0, Sunday,23287,16.7
frame,,Year 1, spring 0, Sunday,23288,16.7
frame,,Year 1, spring 0, Sunday,23289,16.7
frame,,Year 1, spring 0, Sunday,23290,16.6
frame,,Year 1, spring 0, Sunday,23291,16.7
frame,,Year 1, spring 0, Sunday,23292,16.7
frame,,Year 1, spring 0, Sunday,23293,16.7
frame,,Year 1, spring 0, Sunday,23294,16.7
frame,,Year 1, spring 0, Sunday,23295,16.6
frame,,Year 1, spring 0, Sunday,23296,16.7
frame,,Year 1, spring 0, Sunday,23297,16.6
frame,,Year 1, spring 0, Sunday,23298,16.7
frame,,Year 1, spring 0, Sunday,23299,16.6
frame,,Year 1, spring 0, Sunday,23300,16.7
frame,,Year 1, spring 0, Sunday,23301,16.7
frame,,Year 1, spring 0, Sunday,23302,16.7
frame,,Year 1, spring 0, Sunday,23303,16.6
frame,,Year 1, spring 0, Sunday,23304,16.7
frame,,Year 1, spring 0, Sunday,23305,16.6
frame,,Year 1, spring 0, Sunday,23306,16.7
frame,,Year 1, spring 0, Sunday,23307,16.7
frame,,Year 1, spring 0, Sunday,23308,16.6
frame,,Year 1, spring 0, Sunday,23309,16.7
frame,,Year 1, spring 0, Sunday,23310,16.7
frame,,Year 1, spring 0, Sunday,23311,16.7
frame,,Year 1, spring 0, Sunday,23312,16.7
frame,,Year 1, spring 0, Sunday,23313,16.6
frame,,Year 1, spring 0, Sunday,23314,16.7
frame,,Year 1, spring 0, Sunday,23315,16.6
frame,,Year 1, spring 0, Sunday,23316,16.7
frame,,Year 1, spring 0, Sunday,23317,16.7
frame,,Year 1, spring 0, Sunday,23318,16.7
frame,,Year 1, spring 0, Sunday,23319,16.7
frame,,Year 1, spring 0, Sunday,23320,16.6
frame,,Year 1, spring 0, Sunday,23321,16.7
frame,,Year 1, spring 0, Sunday,23322,16.7
frame,,Year 1, spring 0, Sunday,23323,16.6
frame,,Year 1, spring 0, Sunday,23324,16.7
frame,,Year 1, spring 0, Sunday,23325,16.7
frame,,Year 1, spring 0, Sunday,23326,16.7
frame,,Year 1, spring 0, Sunday,23327,16.7
frame,,Year 1, spring 0, Sunday,23328,16.7
frame,,Year 1, spring 0, Sunday,23329,16.7
frame,,Year 1, spring 0, Sunday,23330,16.7
frame,,Year 1, spring 0, Sunday,23331,16.7
frame,,Year 1, spring 0, Sunday,23332,16.7
frame,,Year 1, spring 0, Sunday,23333,16.7
frame,,Year 1, spring 0, Sunday,23334,16.6
frame,,Year 1, spring 0, Sunday,23335,16.7
frame,,Year 1, spring 0, Sunday,23336,16.7
frame,,Year 1, spring 0, Sunday,23337,16.7
frame,,Year 1, spring 0, Sunday,23338,16.7
frame,,Year 1, spring 0, Sunday,23339,16.7
frame,,Year 1, spring 0, Sunday,23340,16.7
frame,,Year 1, spring 0, Sunday,23341,16.6
frame,,Year 1, spring 0, Sunday,23342,16.6
frame,,Year 1, spring 0, Sunday,23343,16.7
frame,,Year 1, spring 0, Sunday,23344,16.7
frame,,Year 1, spring 0, Sunday,23345,16.7
frame,,Year 1, spring 0, Sunday,23346,16.7
frame,,Year 1, spring 0, Sunday,23347,16.6
frame,,Year 1, spring 0, Sunday,23348,16.7
frame,,Year 1, spring 0, Sunday,23349,16.7
frame,,Year 1, spring 0, Sunday,23350,16.7
frame,,Year 1, spring 0, Sunday,23351,16.7
frame,,Year 1, spring 0, Sunday,23352,16.6
frame,,Year 1, spring 0, Sunday,23353,16.7
frame,,Year 1, spring 0, Sunday,23354,16.7
frame,,Year 1, spring 0, Sunday,23355,16.7
frame,,Year 1, spring 0, Sunday,23356,16.7
frame,,Year 1, spring 0, Sunday,23357,16.7
frame,,Year 1, spring 0, Sunday,23358,16.7
frame,,Year 1, spring 0, Sunday,23359,16.7
frame,,Year 1, spring 0, Sunday,23360,16.7
frame,,Year 1, spring 0, Sunday,23361,16.7
frame,,Year 1, spring 0, Sunday,23362,16.7
frame,,Year 1, spring 0, Sunday,23363,16.6
frame,,Year 1, spring 0, Sunday,23364,16.7
frame,,Year 1, spring 0, Sunday,23365,16.7
frame,,Year 1, spring 0, Sunday,23366,16.6
frame,,Year 1, spring 0, Sunday,23367,16.9
frame,,Year 1, spring 0, Sunday,23368,16.5
frame,,Year 1, spring 0, Sunday,23369,16.6
frame,,Year 1, spring 0, Sunday,23370,16.7
frame,,Year 1, spring 0, Sunday,23371,16.7
frame,,Year 1, spring 0, Sunday,23372,16.7
frame,,Year 1, spring 0, Sunday,23373,16.7
frame,,Year 1, spring 0, Sunday,23374,17.1
frame,,Year 1, spring 0, Sunday,23375,16.3
frame,,Year 1, spring 0, Sunday,23376,16.7
frame,,Year 1, spring 0, Sunday,23377,16.7
frame,,Year 1, spring 0, Sunday,23378,16.7
frame,,Year 1, spring 0, Sunday,23379,16.7
frame,,Year 1, spring 0, Sunday,23380,16.7
frame,,Year 1, spring 0, Sunday,23381,16.7
frame,,Year 1, spring 0, Sunday,23382,16.7
frame,,Year 1, spring 0, Sunday,23383,16.9
frame,,Year 1, spring 0, Sunday,23384,16.4
frame,,Year 1, spring 0, Sunday,23385,16.7
frame,,Year 1, spring 0, Sunday,23386,16.6
frame,,Year 1, spring 0, Sunday,23387,16.7
frame,,Year 1, spring 0, Sunday,23388,16.7
frame,,Year 1, spring 0, Sunday,23389,16.7
frame,,Year 1, spring 0, Sunday,23390,16.6
frame,,Year 1, spring 0, Sunday,23391,16.7
frame,,Year 1, spring 0, Sunday,23392,16.6
frame,,Year 1, spring 0, Sunday,23393,16.7
frame,,Year 1, spring 0, Sunday,23394,16.7
frame,,Year 1, spring 0, Sunday,23395,16.7
frame,,Year 1, spring 0, Sunday,23396,17.1
frame,,Year 1, spring 0, Sunday,23397,16.2
frame,,Year 1, spring 0, Sunday,23398,16.8
frame,,Year 1, spring 0, Sunday,23399,16.5
frame,,Year 1, spring 0, Sunday,23400,16.7
frame,,Year 1, spring 0, Sunday,23401,16.7
frame,,Year 1, spring 0, Sunday,23402,16.6
frame,,Year 1, spring 0, Sunday,23403,16.7
frame,,Year 1, spring 0, Sunday,23404,16.7
frame,,Year 1, spring 0, Sunday,23405,16.7
frame,,Year 1, spring 0, Sunday,23406,16.7
frame,,Year 1, spring 0, Sunday,23407,16.7
frame,,Year 1, spring 0, Sunday,23408,16.6
frame,,Year 1, spring 0, Sunday,23409,16.9
frame,,Year 1, spring 0, Sunday,23410,16.5
frame,,Year 1, spring 0, Sunday,23411,16.7
frame,,Year 1, spring 0, Sunday,23412,16.6
frame,,Year 1, spring 0, Sunday,23413,16.6
frame,,Year 1, spring 0, Sunday,23414,16.7
frame,,Year 1, spring 0, Sunday,23415,16.7
frame,,Year 1, spring 0, Sunday,23416,16.7
frame,,Year 1, spring 0, Sunday,23417,16.6
frame,,Year 1, spring 0, Sunday,23418,16.6
frame,,Year 1, spring 0, Sunday,23419,16.7
frame,,Year 1, spring 0, Sunday,23420,16.7
frame,,Year 1, spring 0, Sunday,23421,16.7
frame,,Year 1, spring 0, Sunday,23422,16.7
frame,,Year 1, spring 0, Sunday,23423,16.7
frame,,Year 1, spring 0, Sunday,23424,16.6
frame,,Year 1, spring 0, Sunday,23425,16.7
frame,,Year 1, spring 0, Sunday,23426,16.6
frame,,Year 1, spring 0, Sunday,23427,16.7
frame,,Year 1, spring 0, Sunday,23428,16.7
frame,,Year 1, spring 0, Sunday,23429,16.6
frame,,Year 1, spring 0, Sunday,23430,16.7
frame,,Year 1, spring 0, Sunday,23431,16.7
frame,,Year 1, spring 0, Sunday,23432,16.7
frame,,Year 1, spring 0, Sunday,23433,16.7
frame,,Year 1, spring 0, Sunday,23434,16.6
frame,,Year 1, spring 0, Sunday,23435,16.7
frame,,Year 1, spring 0, Sunday,23436,16.7
frame,,Year 1, spring 0, Sunday,23437,16.7
frame,,Year 1, spring 0, Sunday,23438,16.7
frame,,Year 1, spring 0, Sunday,23439,16.7
frame,,Year 1, spring 0, Sunday,23440,16.7
frame,,Year 1, spring 0, Sunday,23441,16.7
frame,,Year 1, spring 0, Sunday,23442,16.6
frame,,Year 1, spring 0, Sunday,23443,16.8
frame,,Year 1, spring 0, Sunday,23444,16.5
frame,,Year 1, spring 0, Sunday,23445,16.7
frame,,Year 1, spring 0, Sunday,23446,16.7
frame,,Year 1, spring 0, Sunday,23447,16.7
frame,,Year 1, spring 0, Sunday,23448,16.7
frame,,Year 1, spring 0, Sunday,23449,16.7
frame,,Year 1, spring 0, Sunday,23450,16.7
frame,,Year 1, spring 0, Sunday,23451,16.7
frame,,Year 1, spring 0, Sunday,23452,16.7
frame,,Year 1, spring 0, Sunday,23453,16.7
frame,,Year 1, spring 0, Sunday,23454,16.7
frame,,Year 1, spring 0, Sunday,23455,16.7
frame,,Year 1, spring 0, Sunday,23456,16.6
frame,,Year 1, spring 0, Sunday,23457,16.7
frame,,Year 1, spring 0, Sunday,23458,16.7
frame,,Year 1, spring 0, Sunday,23459,16.7
frame,,Year 1, spring 0, Sunday,23460,16.7
frame,,Year 1, spring 0, Sunday,23461,16.6
frame,,Year 1, spring 0, Sunday,23462,16.7
frame,,Year 1, spring 0, Sunday,23463,16.7
frame,,Year 1, spring 0, Sunday,23464,16.7
frame,,Year 1, spring 0, Sunday,23465,16.7
frame,,Year 1, spring 0, Sunday,23466,16.7
frame,,Year 1, spring 0, Sunday,23467,16.6
frame,,Year 1, spring 0, Sunday,23468,16.6
frame,,Year 1, spring 0, Sunday,23469,16.7
frame,,Year 1, spring 0, Sunday,23470,16.7
frame,,Year 1, spring 0, Sunday,23471,16.7
frame,,Year 1, spring 0, Sunday,23472,16.6
frame,,Year 1, spring 0, Sunday,23473,16.7
frame,,Year 1, spring 0, Sunday,23474,16.6
frame,,Year 1, spring 0, Sunday,23475,16.6
frame,,Year 1, spring 0, Sunday,23476,16.7
frame,,Year 1, spring 0, Sunday,23477,16.6
frame,,Year 1, spring 0, Sunday,23478,16.7
frame,,Year 1, spring 0, Sunday,23479,16.7
frame,,Year 1, spring 0, Sunday,23480,16.7
frame,,Year 1, spring 0, Sunday,23481,16.7
frame,,Year 1, spring 0, Sunday,23482,16.7
frame,,Year 1, spring 0, Sunday,23483,16.6
frame,,Year 1, spring 0, Sunday,23484,16.7
frame,,Year 1, spring 0, Sunday,23485,16.7
frame,,Year 1, spring 0, Sunday,23486,16.7
frame,,Year 1, spring 0, Sunday,23487,16.6
frame,,Year 1, spring 0, Sunday,23488,16.8
frame,,Year 1, spring 0, Sunday,23489,16.6
frame,,Year 1, spring 0, Sunday,23490,16.7
frame,,Year 1, spring 0, Sunday,23491,16.7
frame,,Year 1, spring 0, Sunday,23492,16.7
frame,,Year 1, spring 0, Sunday,23493,16.7
frame,,Year 1, spring 0, Sunday,23494,16.6
frame,,Year 1, spring 0, Sunday,23495,16.7
frame,,Year 1, spring 0, Sunday,23496,16.7
frame,,Year 1, spring 0, Sunday,23497,16.7
frame,,Year 1, spring 0, Sunday,23498,16.7
frame,,Year 1, spring 0, Sunday,23499,16.6
frame,,Year 1, spring 0, Sunday,23500,16.7
frame,,Year 1, spring 0, Sunday,23501,16.6
frame,,Year 1, spring 0, Sunday,23502,16.7
frame,,Year 1, spring 0, Sunday,23503,16.8
frame,,Year 1, spring 0, Sunday,23504,16.5
frame,,Year 1, spring 0, Sunday,23505,16.7
frame,,Year 1, spring 0, Sunday,23506,16.7
frame,,Year 1, spring 0, Sunday,23507,16.7
frame,,Year 1, spring 0, Sunday,23508,16.6
frame,,Year 1, spring 0, Sunday,23509,16.7
frame,,Year 1, spring 0, Sunday,23510,16.6
frame,,Year 1, spring 0, Sunday,23511,16.7
frame,,Year 1, spring 0, Sunday,23512,16.7
frame,,Year 1, spring 0, Sunday,23513,16.7
frame,,Year 1, spring 0, Sunday,23514,16.7
frame,,Year 1, spring 0, Sunday,23515,16.7
frame,,Year 1, spring 0, Sunday,23516,16.7
frame,,Year 1, spring 0, Sunday,23517,16.7
frame,,Year 1, spring 0, Sunday,23518,16.7
frame,,Year 1, spring 0, Sunday,23519,16.7
frame,,Year 1, spring 0, Sunday,23520,16.7
frame,,Year 1, spring 0, Sunday,23521,16.7
frame,,Year 1, spring 0, Sunday,23522,16.7
frame,,Year 1, spring 0, Sunday,23523,16.6
frame,,Year 1, spring 0, Sunday,23524,16.7
frame,,Year 1, spring 0, Sunday,23525,16.7
frame,,Year 1, spring 0, Sunday,23526,16.7
frame,,Year 1, spring 0, Sunday,23527,16.7
frame,,Year 1, spring 0, Sunday,23528,16.7
frame,,Year 1, spring 0, Sunday,23529,16.7
frame,,Year 1, spring 0, Sunday,23530,16.7
frame,,Year 1, spring 0, Sunday,23531,16.7
frame,,Year 1, spring 0, Sunday,23532,16.7
frame,,Year 1, spring 0, Sunday,23533,16.7
frame,,Year 1, spring 0, Sunday,23534,16.7
frame,,Year 1, spring 0, Sunday,23535,16.7
frame,,Year 1, spring 0, Sunday,23536,16.7
frame,,Year 1, spring 0, Sunday,23537,16.7
frame,,Year 1, spring 0, Sunday,23538,16.7
frame,,Year 1, spring 0, Sunday,23539,16.7
frame,,Year 1, spring 0, Sunday,23540,16.7
frame,,Year 1, spring 0, Sunday,23541,16.7
frame,,Year 1, spring 0, Sunday,23542,16.7
frame,,Year 1, spring 0, Sunday,23543,16.6
frame,,Year 1, spring 0, Sunday,23544,16.7
frame,,Year 1, spring 0, Sunday,23545,16.7
frame,,Year 1, spring 0, Sunday,23546,16.7
frame,,Year 1, spring 0, Sunday,23547,16.7
frame,,Year 1, spring 0, Sunday,23548,16.7
frame,,Year 1, spring 0, Sunday,23549,16.6
frame,,Year 1, spring 0, Sunday,23550,16.7
frame,,Year 1, spring 0, Sunday,23551,16.7
frame,,Year 1, spring 0, Sunday,23552,16.7
frame,,Year 1, spring 0, Sunday,23553,16.7
frame,,Year 1, spring 0, Sunday,23554,16.6
frame,,Year 1, spring 0, Sunday,23555,16.7
frame,,Year 1, spring 0, Sunday,23556,16.7
frame,,Year 1, spring 0, Sunday,23557,16.7
frame,,Year 1, spring 0, Sunday,23558,16.7
frame,,Year 1, spring 0, Sunday,23559,16.7
frame,,Year 1, spring 0, Sunday,23560,16.7
frame,,Year 1, spring 0, Sunday,23561,16.7
frame,,Year 1, spring 0, Sunday,23562,16.7
frame,,Year 1, spring 0, Sunday,23563,16.7
frame,,Year 1, spring 0, Sunday,23564,16.8
frame,,Year 1, spring 0, Sunday,23565,16.6
frame,,Year 1, spring 0, Sunday,23566,16.7
frame,,Year 1, spring 0, Sunday,23567,16.7
frame,,Year 1, spring 0, Sunday,23568,16.7
frame,,Year 1, spring 0, Sunday,23569,16.7
frame,,Year 1, spring 0, Sunday,23570,16.6
frame,,Year 1, spring 0, Sunday,23571,16.7
frame,,Year 1, spring 0, Sunday,23572,16.6
frame,,Year 1, spring 0, Sunday,23573,16.7
frame,,Year 1, spring 0, Sunday,23574,16.7
frame,,Year 1, spring 0, Sunday,23575,16.7
frame,,Year 1, spring 0, Sunday,23576,16.7
frame,,Year 1, spring 0, Sunday,23577,16.7
frame,,Year 1, spring 0, Sunday,23578,16.7
frame,,Year 1, spring 0, Sunday,23579,16.7
frame,,Year 1, spring 0, Sunday,23580,16.7
frame,,Year 1, spring 0, Sunday,23581,16.7
frame,,Year 1, spring 0, Sunday,23582,16.6
frame,,Year 1, spring 0, Sunday,23583,16.7
frame,,Year 1, spring 0, Sunday,23584,16.7
frame,,Year 1, spring 0, Sunday,23585,16.7
frame,,Year 1, spring 0, Sunday,23586,16.6
frame,,Year 1, spring 0, Sunday,23587,16.7
frame,,Year 1, spring 0, Sunday,23588,16.7
frame,,Year 1, spring 0, Sunday,23589,16.7
frame,,Year 1, spring 0, Sunday,23590,16.6
frame,,Year 1, spring 0, Sunday,23591,16.7
frame,,Year 1, spring 0, Sunday,23592,16.7
frame,,Year 1, spring 0, Sunday,23593,16.7
frame,,Year 1, spring 0, Sunday,23594,16.7
frame,,Year 1, spring 0, Sunday,23595,16.7
frame,,Year 1, spring 0, Sunday,23596,16.7
frame,,Year 1, spring 0, Sunday,23597,16.6
frame,,Year 1, spring 0, Sunday,23598,16.7
frame,,Year 1, spring 0, Sunday,23599,16.7
frame,,Year 1, spring 0, Sunday,23600,16.7
frame,,Year 1, spring 0, Sunday,23601,16.7
frame,,Year 1, spring 0, Sunday,23602,16.7
frame,,Year 1, spring 0, Sunday,23603,16.7
frame,,Year 1, spring 0, Sunday,23604,16.7
frame,,Year 1, spring 0, Sunday,23605,16.7
frame,,Year 1, spring 0, Sunday,23606,16.8
frame,,Year 1, spring 0, Sunday,23607,16.5
frame,,Year 1, spring 0, Sunday,23608,16.7
frame,,Year 1, spring 0, Sunday,23609,16.7
frame,,Year 1, spring 0, Sunday,23610,16.7
frame,,Year 1, spring 0, Sunday,23611,16.7
frame,,Year 1, spring 0, Sunday,23612,16.7
frame,,Year 1, spring 0, Sunday,23613,16.7
frame,,Year 1, spring 0, Sunday,23614,16.7
frame,,Year 1, spring 0, Sunday,23615,16.7
frame,,Year 1, spring 0, Sunday,23616,16.7
frame,,Year 1, spring 0, Sunday,23617,16.6
frame,,Year 1, spring 0, Sunday,23618,16.7
frame,,Year 1, spring 0, Sunday,23619,16.7
frame,,Year 1, spring 0, Sunday,23620,16.7
frame,,Year 1, spring 0, Sunday,23621,16.7
frame,,Year 1, spring 0, Sunday,23622,16.7
frame,,Year 1, spring 0, Sunday,23623,16.6
frame,,Year 1, spring 0, Sunday,23624,16.7
frame,,Year 1, spring 0, Sunday,23625,16.7
frame,,Year 1, spring 0, Sunday,23626,16.7
frame,,Year 1, spring 0, Sunday,23627,16.7
frame,,Year 1, spring 0, Sunday,23628,16.7
frame,,Year 1, spring 0, Sunday,23629,16.7
frame,,Year 1, spring 0, Sunday,23630,16.7
frame,,Year 1, spring 0, Sunday,23631,16.7
frame,,Year 1, spring 0, Sunday,23632,16.7
frame,,Year 1, spring 0, Sunday,23633,16.7
frame,,Year 1, spring 0, Sunday,23634,16.7
frame,,Year 1, spring 0, Sunday,23635,16.7
frame,,Year 1, spring 0, Sunday,23636,16.6
frame,,Year 1, spring 0, Sunday,23637,16.7
frame,,Year 1, spring 0, Sunday,23638,16.7
frame,,Year 1, spring 0, Sunday,23639,16.6
frame,,Year 1, spring 0, Sunday,23640,16.7
frame,,Year 1, spring 0, Sunday,23641,16.6
frame,,Year 1, spring 0, Sunday,23642,16.6
frame,,Year 1, spring 0, Sunday,23643,16.7
frame,,Year 1, spring 0, Sunday,23644,16.7
frame,,Year 1, spring 0, Sunday,23645,16.7
frame,,Year 1, spring 0, Sunday,23646,16.7
frame,,Year 1, spring 0, Sunday,23647,16.7
frame,,Year 1, spring 0, Sunday,23648,16.7
frame,,Year 1, spring 0, Sunday,23649,16.7
frame,,Year 1, spring 0, Sunday,23650,16.6
frame,,Year 1, spring 0, Sunday,23651,16.7
frame,,Year 1, spring 0, Sunday,23652,16.7
frame,,Year 1, spring 0, Sunday,23653,16.6
frame,,Year 1, spring 0, Sunday,23654,16.7
frame,,Year 1, spring 0, Sunday,23655,16.7
frame,,Year 1, spring 0, Sunday,23656,16.7
frame,,Year 1, spring 0, Sunday,23657,16.6
frame,,Year 1, spring 0, Sunday,23658,16.7
frame,,Year 1, spring 0, Sunday,23659,16.7
frame,,Year 1, spring 0, Sunday,23660,16.7
frame,,Year 1, spring 0, Sunday,23661,16.7
frame,,Year 1, spring 0, Sunday,23662,16.7
frame,,Year 1, spring 0, Sunday,23663,16.7
frame,,Year 1, spring 0, Sunday,23664,16.7
frame,,Year 1, spring 0, Sunday,23665,16.7
frame,,Year 1, spring 0, Sunday,23666,16.7
frame,,Year 1, spring 0, Sunday,23667,16.7
frame,,Year 1, spring 0, Sunday,23668,16.7
frame,,Year 1, spring 0, Sunday,23669,16.7
frame,,Year 1, spring 0, Sunday,23670,16.7
frame,,Year 1, spring 0, Sunday,23671,16.7
frame,,Year 1, spring 0, Sunday,23672,16.7
frame,,Year 1, spring 0, Sunday,23673,16.7
frame,,Year 1, spring 0, Sunday,23674,16.6
frame,,Year 1, spring 0, Sunday,23675,16.7
frame,,Year 1, spring 0, Sunday,23676,16.7
frame,,Year 1, spring 0, Sunday,23677,16.7
frame,,Year 1, spring 0, Sunday,23678,16.7
frame,,Year 1, spring 0, Sunday,23679,16.7
frame,,Year 1, spring 0, Sunday,23680,16.7
frame,,Year 1, spring 0, Sunday,23681,16.7
frame,,Year 1, spring 0, Sunday,23682,16.7
frame,,Year 1, spring 0, Sunday,23683,16.6
frame,,Year 1, spring 0, Sunday,23684,16.7
frame,,Year 1, spring 0, Sunday,23685,16.7
frame,,Year 1, spring 0, Sunday,23686,16.6
frame,,Year 1, spring 0, Sunday,23687,16.6
frame,,Year 1, spring 0, Sunday,23688,16.7
frame,,Year 1, spring 0, Sunday,23689,16.7
frame,,Year 1, spring 0, Sunday,23690,16.7
frame,,Year 1, spring 0, Sunday,23691,16.7
frame,,Year 1, spring 0, Sunday,23692,16.6
frame,,Year 1, spring 0, Sunday,23693,16.7
frame,,Year 1, spring 0, Sunday,23694,16.7
frame,,Year 1, spring 0, Sunday,23695,16.7
frame,,Year 1, spring 0, Sunday,23696,16.7
frame,,Year 1, spring 0, Sunday,23697,16.7
frame,,Year 1, spring 0, Sunday,23698,16.7
frame,,Year 1, spring 0, Sunday,23699,16.6
frame,,Year 1, spring 0, Sunday,23700,16.7
frame,,Year 1, spring 0, Sunday,23701,16.7
frame,,Year 1, spring 0, Sunday,23702,16.7
frame,,Year 1, spring 0, Sunday,23703,16.7
frame,,Year 1, spring 0, Sunday,23704,16.7
frame,,Year 1, spring 0, Sunday,23705,16.7
frame,,Year 1, spring 0, Sunday,23706,16.7
frame,,Year 1, spring 0, Sunday,23707,16.7
frame,,Year 1, spring 0, Sunday,23708,16.7
frame,,Year 1, spring 0, Sunday,23709,16.7
frame,,Year 1, spring 0, Sunday,23710,16.7
frame,,Year 1, spring 0, Sunday,23711,16.7
frame,,Year 1, spring 0, Sunday,23712,16.6
frame,,Year 1, spring 0, Sunday,23713,16.7
frame,,Year 1, spring 0, Sunday,23714,16.7
frame,,Year 1, spring 0, Sunday,23715,16.7
frame,,Year 1, spring 0, Sunday,23716,16.7
frame,,Year 1, spring 0, Sunday,23717,16.7
frame,,Year 1, spring 0, Sunday,23718,16.6
frame,,Year 1, spring 0, Sunday,23719,16.7
frame,,Year 1, spring 0, Sunday,23720,16.7
frame,,Year 1, spring 0, Sunday,23721,16.7
frame,,Year 1, spring 0, Sunday,23722,16.7
frame,,Year 1, spring 0, Sunday,23723,16.6
frame,,Year 1, spring 0, Sunday,23724,16.7
frame,,Year 1, spring 0, Sunday,23725,16.7
frame,,Year 1, spring 0, Sunday,23726,16.7
frame,,Year 1, spring 0, Sunday,23727,16.7
frame,,Year 1, spring 0, Sunday,23728,16.7
frame,,Year 1, spring 0, Sunday,23729,16.7
frame,,Year 1, spring 0, Sunday,23730,16.7
frame,,Year 1, spring 0, Sunday,23731,16.7
frame,,Year 1, spring 0, Sunday,23732,16.7
frame,,Year 1, spring 0, Sunday,23733,16.7
frame,,Year 1, spring 0, Sunday,23734,16.7
frame,,Year 1, spring 0, Sunday,23735,16.7
frame,,Year 1, spring 0, Sunday,23736,16.6
frame,,Year 1, spring 0, Sunday,23737,16.6
frame,,Year 1, spring 0, Sunday,23738,16.7
frame,,Year 1, spring 0, Sunday,23739,16.7
frame,,Year 1, spring 0, Sunday,23740,16.7
frame,,Year 1, spring 0, Sunday,23741,16.8
frame,,Year 1, spring 0, Sunday,23742,16.5
frame,,Year 1, spring 0, Sunday,23743,16.8
frame,,Year 1, spring 0, Sunday,23744,16.6
frame,,Year 1, spring 0, Sunday,23745,16.6
frame,,Year 1, spring 0, Sunday,23746,16.7
frame,,Year 1, spring 0, Sunday,23747,16.7
frame,,Year 1, spring 0, Sunday,23748,16.7
frame,,Year 1, spring 0, Sunday,23749,16.6
frame,,Year 1, spring 0, Sunday,23750,16.7
frame,,Year 1, spring 0, Sunday,23751,16.7
frame,,Year 1, spring 0, Sunday,23752,16.7
frame,,Year 1, spring 0, Sunday,23753,16.6
frame,,Year 1, spring 0, Sunday,23754,16.7
frame,,Year 1, spring 0, Sunday,23755,16.7
frame,,Year 1, spring 0, Sunday,23756,16.7
frame,,Year 1, spring 0, Sunday,23757,16.7
frame,,Year 1, spring 0, Sunday,23758,16.7
frame,,Year 1, spring 0, Sunday,23759,16.6
frame,,Year 1, spring 0, Sunday,23760,16.7
frame,,Year 1, spring 0, Sunday,23761,16.7
frame,,Year 1, spring 0, Sunday,23762,16.7
frame,,Year 1, spring 0, Sunday,23763,16.7
frame,,Year 1, spring 0, Sunday,23764,16.7
frame,,Year 1, spring 0, Sunday,23765,16.6
frame,,Year 1, spring 0, Sunday,23766,16.7
frame,,Year 1, spring 0, Sunday,23767,16.7
frame,,Year 1, spring 0, Sunday,23768,16.7
frame,,Year 1, spring 0, Sunday,23769,16.7
frame,,Year 1, spring 0, Sunday,23770,17.8
frame,,Year 1, spring 0, Sunday,23771,15.6
frame,,Year 1, spring 0, Sunday,23772,16.6
frame,,Year 1, spring 0, Sunday,23773,16.6
frame,,Year 1, spring 0, Sunday,23774,16.7
frame,,Year 1, spring 0, Sunday,23775,16.7
frame,,Year 1, spring 0, Sunday,23776,16.6
frame,,Year 1, spring 0, Sunday,23777,16.7
frame,,Year 1, spring 0, Sunday,23778,16.6
frame,,Year 1, spring 0, Sunday,23779,16.7
frame,,Year 1, spring 0, Sunday,23780,16.7
frame,,Year 1, spring 0, Sunday,23781,16.7
frame,,Year 1, spring 0, Sunday,23782,16.7
frame,,Year 1, spring 0, Sunday,23783,16.7
frame,,Year 1, spring 0, Sunday,23784,16.7
frame,,Year 1, spring 0, Sunday,23785,16.8
frame,,Year 1, spring 0, Sunday,23786,16.6
frame,,Year 1, spring 0, Sunday,23787,16.7
frame,,Year 1, spring 0, Sunday,23788,16.6
frame,,Year 1, spring 0, Sunday,23789,16.7
frame,,Year 1, spring 0, Sunday,23790,16.7
frame,,Year 1, spring 0, Sunday,23791,16.6
frame,,Year 1, spring 0, Sunday,23792,16.7
frame,,Year 1, spring 0, Sunday,23793,16.7
frame,,Year 1, spring 0, Sunday,23794,16.6
frame,,Year 1, spring 0, Sunday,23795,16.6
frame,,Year 1, spring 0, Sunday,23796,16.7
frame,,Year 1, spring 0, Sunday,23797,16.7
frame,,Year 1, spring 0, Sunday,23798,16.7
frame,,Year 1, spring 0, Sunday,23799,16.7
frame,,Year 1, spring 0, Sunday,23800,16.7
frame,,Year 1, spring 0, Sunday,23801,16.7
frame,,Year 1, spring 0, Sunday,23802,16.7
frame,,Year 1, spring 0, Sunday,23803,16.9
frame,,Year 1, spring 0, Sunday,23804,16.3
frame,,Year 1, spring 0, Sunday,23805,16.7
frame,,Year 1, spring 0, Sunday,23806,16.7
frame,,Year 1, spring 0, Sunday,23807,16.6
frame,,Year 1, spring 0, Sunday,23808,16.7
frame,,Year 1, spring 0, Sunday,23809,16.7
frame,,Year 1, spring 0, Sunday,23810,16.7
frame,,Year 1, spring 0, Sunday,23811,16.7
frame,,Year 1, spring 0, Sunday,23812,16.7
frame,,Year 1, spring 0, Sunday,23813,16.7
frame,,Year 1, spring 0, Sunday,23814,16.7
frame,,Year 1, spring 0, Sunday,23815,16.7
frame,,Year 1, spring 0, Sunday,23816,16.7
frame,,Year 1, spring 0, Sunday,23817,16.7
frame,,Year 1, spring 0, Sunday,23818,16.7
frame,,Year 1, spring 0, Sunday,23819,16.6
frame,,Year 1, spring 0, Sunday,23820,16.7
frame,,Year 1, spring 0, Sunday,23821,16.7
frame,,Year 1, spring 0, Sunday,23822,16.6
frame,,Year 1, spring 0, Sunday,23823,16.7
frame,,Year 1, spring 0, Sunday,23824,16.7
frame,,Year 1, spring 0, Sunday,23825,16.7
frame,,Year 1, spring 0, Sunday,23826,16.7
frame,,Year 1, spring 0, Sunday,23827,16.6
frame,,Year 1, spring 0, Sunday,23828,16.7
frame,,Year 1, spring 0, Sunday,23829,16.7
frame,,Year 1, spring 0, Sunday,23830,16.7
frame,,Year 1, spring 0, Sunday,23831,16.7
frame,,Year 1, spring 0, Sunday,23832,16.7
frame,,Year 1, spring 0, Sunday,23833,16.6
frame,,Year 1, spring 0, Sunday,23834,16.7
frame,,Year 1, spring 0, Sunday,23835,16.7
frame,,Year 1, spring 0, Sunday,23836,16.7
frame,,Year 1, spring 0, Sunday,23837,16.7
frame,,Year 1, spring 0, Sunday,23838,16.7
frame,,Year 1, spring 0, Sunday,23839,16.7
frame,,Year 1, spring 0, Sunday,23840,16.6
frame,,Year 1, spring 0, Sunday,23841,16.7
frame,,Year 1, spring 0, Sunday,23842,16.7
frame,,Year 1, spring 0, Sunday,23843,16.7
frame,,Year 1, spring 0, Sunday,23844,16.6
frame,,Year 1, spring 0, Sunday,23845,16.7
frame,,Year 1, spring 0, Sunday,23846,16.7
frame,,Year 1, spring 0, Sunday,23847,16.7
frame,,Year 1, spring 0, Sunday,23848,16.7
frame,,Year 1, spring 0, Sunday,23849,16.7
frame,,Year 1, spring 0, Sunday,23850,16.6
frame,,Year 1, spring 0, Sunday,23851,16.7
frame,,Year 1, spring 0, Sunday,23852,16.6
frame,,Year 1, spring 0, Sunday,23853,16.7
frame,,Year 1, spring 0, Sunday,23854,16.7
frame,,Year 1, spring 0, Sunday,23855,16.7
frame,,Year 1, spring 0, Sunday,23856,16.7
frame,,Year 1, spring 0, Sunday,23857,16.6
frame,,Year 1, spring 0, Sunday,23858,16.7
frame,,Year 1, spring 0, Sunday,23859,16.7
frame,,Year 1, spring 0, Sunday,23860,16.7
frame,,Year 1, spring 0, Sunday,23861,16.7
frame,,Year 1, spring 0, Sunday,23862,16.6
frame,,Year 1, spring 0, Sunday,23863,16.7
frame,,Year 1, spring 0, Sunday,23864,16.7
frame,,Year 1, spring 0, Sunday,23865,16.7
frame,,Year 1, spring 0, Sunday,23866,16.7
frame,,Year 1, spring 0, Sunday,23867,16.7
frame,,Year 1, spring 0, Sunday,23868,16.7
frame,,Year 1, spring 0, Sunday,23869,16.7
frame,,Year 1, spring 0, Sunday,23870,16.6
frame,,Year 1, spring 0, Sunday,23871,16.7
frame,,Year 1, spring 0, Sunday,23872,16.7
frame,,Year 1, spring 0, Sunday,23873,16.7
frame,,Year 1, spring 0, Sunday,23874,16.7
frame,,Year 1, spring 0, Sunday,23875,16.6
frame,,Year 1, spring 0, Sunday,23876,16.7
frame,,Year 1, spring 0, Sunday,23877,16.7
frame,,Year 1, spring 0, Sunday,23878,16.7
frame,,Year 1, spring 0, Sunday,23879,16.7
frame,,Year 1, spring 0, Sunday,23880,16.7
frame,,Year 1, spring 0, Sunday,23881,16.7
frame,,Year 1, spring 0, Sunday,23882,16.7
frame,,Year 1, spring 0, Sunday,23883,16.7
frame,,Year 1, spring 0, Sunday,23884,16.7
frame,,Year 1, spring 0, Sunday,23885,16.6
frame,,Year 1, spring 0, Sunday,23886,16.7
frame,,Year 1, spring 0, Sunday,23887,16.6
frame,,Year 1, spring 0, Sunday,23888,16.7
frame,,Year 1, spring 0, Sunday,23889,16.7
frame,,Year 1, spring 0, Sunday,23890,16.6
frame,,Year 1, spring 0, Sunday,23891,16.8
frame,,Year 1, spring 0, Sunday,23892,16.5
frame,,Year 1, spring 0, Sunday,23893,16.7
frame,,Year 1, spring 0, Sunday,23894,16.6
frame,,Year 1, spring 0, Sunday,23895,16.6
frame,,Year 1, spring 0, Sunday,23896,16.7
frame,,Year 1, spring 0, Sunday,23897,16.6
frame,,Year 1, spring 0, Sunday,23898,16.7
frame,,Year 1, spring 0, Sunday,23899,16.6
frame,,Year 1, spring 0, Sunday,23900,16.7
frame,,Year 1, spring 0, Sunday,23901,16.7
frame,,Year 1, spring 0, Sunday,23902,16.7
frame,,Year 1, spring 0, Sunday,23903,16.6
frame,,Year 1, spring 0, Sunday,23904,16.7
frame,,Year 1, spring 0, Sunday,23905,16.7
frame,,Year 1, spring 0, Sunday,23906,16.6
frame,,Year 1, spring 0, Sunday,23907,16.7
frame,,Year 1, spring 0, Sunday,23908,16.7
frame,,Year 1, spring 0, Sunday,23909,16.7
frame,,Year 1, spring 0, Sunday,23910,16.7
frame,,Year 1, spring 0, Sunday,23911,16.7
frame,,Year 1, spring 0, Sunday,23912,16.7
frame,,Year 1, spring 0, Sunday,23913,16.7
frame,,Year 1, spring 0, Sunday,23914,16.7
frame,,Year 1, spring 0, Sunday,23915,16.6
frame,,Year 1, spring 0, Sunday,23916,16.7
frame,,Year 1, spring 0, Sunday,23917,16.7
frame,,Year 1, spring 0, Sunday,23918,16.7
frame,,Year 1, spring 0, Sunday,23919,16.7
frame,,Year 1, spring 0, Sunday,23920,16.7
frame,,Year 1, spring 0, Sunday,23921,16.7
frame,,Year 1, spring 0, Sunday,23922,16.6
frame,,Year 1, spring 0, Sunday,23923,16.7
frame,,Year 1, spring 0, Sunday,23924,16.6
frame,,Year 1, spring 0, Sunday,23925,16.6
frame,,Year 1, spring 0, Sunday,23926,16.7
frame,,Year 1, spring 0, Sunday,23927,16.7
frame,,Year 1, spring 0, Sunday,23928,16.7
frame,,Year 1, spring 0, Sunday,23929,16.6
frame,,Year 1, spring 0, Sunday,23930,16.7
frame,,Year 1, spring 0, Sunday,23931,16.7
frame,,Year 1, spring 0, Sunday,23932,16.7
frame,,Year 1, spring 0, Sunday,23933,16.7
frame,,Year 1, spring 0, Sunday,23934,16.7
frame,,Year 1, spring 0, Sunday,23935,16.7
frame,,Year 1, spring 0, Sunday,23936,16.7
frame,,Year 1, spring 0, Sunday,23937,16.7
frame,,Year 1, spring 0, Sunday,23938,16.7
frame,,Year 1, spring 0, Sunday,23939,16.7
frame,,Year 1, spring 0, Sunday,23940,16.7
frame,,Year 1, spring 0, Sunday,23941,16.7
frame,,Year 1, spring 0, Sunday,23942,16.7
frame,,Year 1, spring 0, Sunday,23943,16.7
frame,,Year 1, spring 0, Sunday,23944,16.6
frame,,Year 1, spring 0, Sunday,23945,16.7
frame,,Year 1, spring 0, Sunday,23946,16.7
frame,,Year 1, spring 0, Sunday,23947,16.6
frame,,Year 1, spring 0, Sunday,23948,16.7
frame,,Year 1, spring 0, Sunday,23949,16.7
frame,,Year 1, spring 0, Sunday,23950,16.7
frame,,Year 1, spring 0, Sunday,23951,16.7
frame,,Year 1, spring 0, Sunday,23952,16.6
frame,,Year 1, spring 0, Sunday,23953,16.7
frame,,Year 1, spring 0, Sunday,23954,16.7
frame,,Year 1, spring 0, Sunday,23955,16.6
frame,,Year 1, spring 0, Sunday,23956,16.7
frame,,Year 1, spring 0, Sunday,23957,16.6
frame,,Year 1, spring 0, Sunday,23958,16.7
frame,,Year 1, spring 0, Sunday,23959,16.6
frame,,Year 1, spring 0, Sunday,23960,16.7
frame,,Year 1, spring 0, Sunday,23961,16.7
frame,,Year 1, spring 0, Sunday,23962,16.7
frame,,Year 1, spring 0, Sunday,23963,16.7
frame,,Year 1, spring 0, Sunday,23964,16.7
frame,,Year 1, spring 0, Sunday,23965,16.7
frame,,Year 1, spring 0, Sunday,23966,16.7
frame,,Year 1, spring 0, Sunday,23967,16.7
frame,,Year 1, spring 0, Sunday,23968,16.7
frame,,Year 1, spring 0, Sunday,23969,16.7
frame,,Year 1, spring 0, Sunday,23970,16.7
frame,,Year 1, spring 0, Sunday,23971,16.7
frame,,Year 1, spring 0, Sunday,23972,16.7
frame,,Year 1, spring 0, Sunday,23973,16.7
frame,,Year 1, spring 0, Sunday,23974,16.7
frame,,Year 1, spring 0, Sunday,23975,16.7
frame,,Year 1, spring 0, Sunday,23976,16.6
frame,,Year 1, spring 0, Sunday,23977,16.7
frame,,Year 1, spring 0, Sunday,23978,16.6
frame,,Year 1, spring 0, Sunday,23979,16.7
frame,,Year 1, spring 0, Sunday,23980,16.7
frame,,Year 1, spring 0, Sunday,23981,16.8
frame,,Year 1, spring 0, Sunday,23982,16.5
frame,,Year 1, spring 0, Sunday,23983,16.7
frame,,Year 1, spring 0, Sunday,23984,16.7
frame,,Year 1, spring 0, Sunday,23985,16.7
frame,,Year 1, spring 0, Sunday,23986,16.7
frame,,Year 1, spring 0, Sunday,23987,16.7
frame,,Year 1, spring 0, Sunday,23988,16.7
frame,,Year 1, spring 0, Sunday,23989,16.7
frame,,Year 1, spring 0, Sunday,23990,16.7
frame,,Year 1, spring 0, Sunday,23991,16.6
frame,,Year 1, spring 0, Sunday,23992,16.7
frame,,Year 1, spring 0, Sunday,23993,16.7
frame,,Year 1, spring 0, Sunday,23994,16.7
frame,,Year 1, spring 0, Sunday,23995,16.7
frame,,Year 1, spring 0, Sunday,23996,16.6
frame,,Year 1, spring 0, Sunday,23997,16.7
frame,,Year 1, spring 0, Sunday,23998,16.7
frame,,Year 1, spring 0, Sunday,23999,16.6
