kind,player,date,name,calls,total_ms,avg_ms,max_ms
switch,lgw,Year 2, summer 28, Sunday,610,192.0
switch,lgw,Year 2, summer 28, Sunday,620,46.3
switch,lgw,Year 2, summer 28, Sunday,630,51.1
switch,lgw,Year 2, summer 28, Sunday,640,50.6
switch,lgw,Year 2, summer 28, Sunday,650,51.7
switch,lgw,Year 2, summer 28, Sunday,700,59.2
switch,lgw,Year 2, summer 28, Sunday,710,64.3
switch,lgw,Year 2, summer 28, Sunday,720,78.6
switch,lgw,Year 2, summer 28, Sunday,730,89.0
switch,lgw,Year 2, summer 28, Sunday,740,101.8
switch,lgw,Year 2, summer 28, Sunday,750,95.3
switch,lgw,Year 2, summer 28, Sunday,800,103.6
switch,lgw,Year 2, summer 28, Sunday,810,108.7
switch,lgw,Year 2, summer 28, Sunday,820,110.7
switch,lgw,Year 2, summer 28, Sunday,830,101.4
switch,lgw,Year 2, summer 28, Sunday,840,122.9
switch,lgw,Year 2, summer 28, Sunday,850,100.2
switch,lgw,Year 2, summer 28, Sunday,900,108.9
switch,lgw,Year 2, summer 28, Sunday,910,113.7
switch,lgw,Year 2, summer 28, Sunday,920,115.7
switch,lgw,Year 2, summer 28, Sunday,930,125.6
switch,lgw,Year 2, summer 28, Sunday,940,119.8
switch,lgw,Year 2, summer 28, Sunday,950,113.8
switchdetail,lgw,Year 2, summer 28, Sunday,600,442,0.0
switchdetail,lgw,Year 2, summer 28, Sunday,610,442,0.0
switchdetail,lgw,Year 2, summer 28, Sunday,620,442,0.0
switchdetail,lgw,Year 2, summer 28, Sunday,630,443,0.0
switchdetail,lgw,Year 2, summer 28, Sunday,640,442,0.0
switchdetail,lgw,Year 2, summer 28, Sunday,650,442,0.0
switchdetail,lgw,Year 2, summer 28, Sunday,700,443,0.0
switchdetail,lgw,Year 2, summer 28, Sunday,710,442,0.0
switchdetail,lgw,Year 2, summer 28, Sunday,720,442,0.0
switchdetail,lgw,Year 2, summer 28, Sunday,730,443,0.0
switchdetail,lgw,Year 2, summer 28, Sunday,740,442,0.0
switchdetail,lgw,Year 2, summer 28, Sunday,750,442,0.0
switchdetail,lgw,Year 2, summer 28, Sunday,800,444,0.0
switchdetail,lgw,Year 2, summer 28, Sunday,810,442,0.0
switchdetail,lgw,Year 2, summer 28, Sunday,820,442,0.0
switchdetail,lgw,Year 2, summer 28, Sunday,830,443,0.0
switchdetail,lgw,Year 2, summer 28, Sunday,840,442,0.0
switchdetail,lgw,Year 2, summer 28, Sunday,850,442,0.0
switchdetail,lgw,Year 2, summer 28, Sunday,900,444,0.0
switchdetail,lgw,Year 2, summer 28, Sunday,910,442,0.0
switchdetail,lgw,Year 2, summer 28, Sunday,920,443,0.0
switchdetail,lgw,Year 2, summer 28, Sunday,930,443,0.0
switchdetail,lgw,Year 2, summer 28, Sunday,940,442,0.0
lag,lgw,Year 2, summer 28, Sunday,2,192.6
lag,lgw,Year 2, summer 28, Sunday,23,341.6
lag,lgw,Year 2, summer 28, Sunday,413,205.6
lag,lgw,Year 2, summer 28, Sunday,506,113.5
lag,lgw,Year 2, summer 28, Sunday,2900,73.7
lag,lgw,Year 2, summer 28, Sunday,3213,941.0
lag,lgw,Year 2, summer 28, Sunday,3372,95.4
lag,lgw,Year 2, summer 28, Sunday,3546,5548.3
lag,lgw,Year 2, summer 28, Sunday,3547,147.5
lag,lgw,Year 2, summer 28, Sunday,3550,70.2
lag,lgw,Year 2, summer 28, Sunday,3750,71.0
lag,lgw,Year 2, summer 28, Sunday,3751,154.6
lag,lgw,Year 2, summer 28, Sunday,3844,192.0
lag,lgw,Year 2, summer 28, Sunday,3993,51.1
lag,lgw,Year 2, summer 28, Sunday,4057,50.6
lag,lgw,Year 2, summer 28, Sunday,4121,51.7
lag,lgw,Year 2, summer 28, Sunday,4185,59.2
lag,lgw,Year 2, summer 28, Sunday,4249,64.3
lag,lgw,Year 2, summer 28, Sunday,4313,78.6
lag,lgw,Year 2, summer 28, Sunday,4377,89.0
lag,lgw,Year 2, summer 28, Sunday,4441,101.8
lag,lgw,Year 2, summer 28, Sunday,4505,95.3
lag,lgw,Year 2, summer 28, Sunday,4569,103.6
lag,lgw,Year 2, summer 28, Sunday,4633,108.7
lag,lgw,Year 2, summer 28, Sunday,4720,110.7
lag,lgw,Year 2, summer 28, Sunday,4784,101.4
lag,lgw,Year 2, summer 28, Sunday,5102,122.9
lag,lgw,Year 2, summer 28, Sunday,5525,100.2
lag,lgw,Year 2, summer 28, Sunday,5660,108.9
lag,lgw,Year 2, summer 28, Sunday,5724,113.7
lag,lgw,Year 2, summer 28, Sunday,5788,115.7
lag,lgw,Year 2, summer 28, Sunday,5852,125.6
lag,lgw,Year 2, summer 28, Sunday,5916,119.8
lag,lgw,Year 2, summer 28, Sunday,5980,113.8
frame,lgw,Year 2, summer 28, Sunday,5120,16.9
frame,lgw,Year 2, summer 28, Sunday,5121,17.7
frame,lgw,Year 2, summer 28, Sunday,5122,15.5
frame,lgw,Year 2, summer 28, Sunday,5123,16.9
frame,lgw,Year 2, summer 28, Sunday,5124,16.5
frame,lgw,Year 2, summer 28, Sunday,5125,20.5
frame,lgw,Year 2, summer 28, Sunday,5126,15.9
frame,lgw,Year 2, summer 28, Sunday,5127,13.5
frame,lgw,Year 2, summer 28, Sunday,5128,16.7
frame,lgw,Year 2, summer 28, Sunday,5129,16.7
frame,lgw,Year 2, summer 28, Sunday,5130,16.7
frame,lgw,Year 2, summer 28, Sunday,5131,16.7
frame,lgw,Year 2, summer 28, Sunday,5132,17.7
frame,lgw,Year 2, summer 28, Sunday,5133,15.6
frame,lgw,Year 2, summer 28, Sunday,5134,16.7
frame,lgw,Year 2, summer 28, Sunday,5135,16.6
frame,lgw,Year 2, summer 28, Sunday,5136,16.8
frame,lgw,Year 2, summer 28, Sunday,5137,16.7
frame,lgw,Year 2, summer 28, Sunday,5138,16.5
frame,lgw,Year 2, summer 28, Sunday,5139,16.6
frame,lgw,Year 2, summer 28, Sunday,5140,16.8
frame,lgw,Year 2, summer 28, Sunday,5141,16.6
frame,lgw,Year 2, summer 28, Sunday,5142,16.9
frame,lgw,Year 2, summer 28, Sunday,5143,16.4
frame,lgw,Year 2, summer 28, Sunday,5144,16.9
frame,lgw,Year 2, summer 28, Sunday,5145,16.6
frame,lgw,Year 2, summer 28, Sunday,5146,16.7
frame,lgw,Year 2, summer 28, Sunday,5147,16.6
frame,lgw,Year 2, summer 28, Sunday,5148,16.7
frame,lgw,Year 2, summer 28, Sunday,5149,16.6
frame,lgw,Year 2, summer 28, Sunday,5150,17.1
frame,lgw,Year 2, summer 28, Sunday,5151,17.1
frame,lgw,Year 2, summer 28, Sunday,5152,15.8
frame,lgw,Year 2, summer 28, Sunday,5153,16.8
frame,lgw,Year 2, summer 28, Sunday,5154,16.8
frame,lgw,Year 2, summer 28, Sunday,5155,16.6
frame,lgw,Year 2, summer 28, Sunday,5156,16.9
frame,lgw,Year 2, summer 28, Sunday,5157,16.4
frame,lgw,Year 2, summer 28, Sunday,5158,16.6
frame,lgw,Year 2, summer 28, Sunday,5159,16.7
frame,lgw,Year 2, summer 28, Sunday,5160,16.7
frame,lgw,Year 2, summer 28, Sunday,5161,16.8
frame,lgw,Year 2, summer 28, Sunday,5162,16.6
frame,lgw,Year 2, summer 28, Sunday,5163,16.7
frame,lgw,Year 2, summer 28, Sunday,5164,16.6
frame,lgw,Year 2, summer 28, Sunday,5165,16.9
frame,lgw,Year 2, summer 28, Sunday,5166,16.5
frame,lgw,Year 2, summer 28, Sunday,5167,17.5
frame,lgw,Year 2, summer 28, Sunday,5168,15.9
frame,lgw,Year 2, summer 28, Sunday,5169,16.6
frame,lgw,Year 2, summer 28, Sunday,5170,17.0
frame,lgw,Year 2, summer 28, Sunday,5171,16.4
frame,lgw,Year 2, summer 28, Sunday,5172,16.9
frame,lgw,Year 2, summer 28, Sunday,5173,16.5
frame,lgw,Year 2, summer 28, Sunday,5174,16.8
frame,lgw,Year 2, summer 28, Sunday,5175,16.5
frame,lgw,Year 2, summer 28, Sunday,5176,16.6
frame,lgw,Year 2, summer 28, Sunday,5177,17.5
frame,lgw,Year 2, summer 28, Sunday,5178,15.9
frame,lgw,Year 2, summer 28, Sunday,5179,16.6
frame,lgw,Year 2, summer 28, Sunday,5180,18.0
frame,lgw,Year 2, summer 28, Sunday,5181,15.3
frame,lgw,Year 2, summer 28, Sunday,5182,16.8
frame,lgw,Year 2, summer 28, Sunday,5183,16.6
frame,lgw,Year 2, summer 28, Sunday,5184,18.1
frame,lgw,Year 2, summer 28, Sunday,5185,16.1
frame,lgw,Year 2, summer 28, Sunday,5186,15.9
frame,lgw,Year 2, summer 28, Sunday,5187,16.6
frame,lgw,Year 2, summer 28, Sunday,5188,17.1
frame,lgw,Year 2, summer 28, Sunday,5189,16.4
frame,lgw,Year 2, summer 28, Sunday,5190,16.5
frame,lgw,Year 2, summer 28, Sunday,5191,16.7
frame,lgw,Year 2, summer 28, Sunday,5192,16.7
frame,lgw,Year 2, summer 28, Sunday,5193,16.7
frame,lgw,Year 2, summer 28, Sunday,5194,16.6
frame,lgw,Year 2, summer 28, Sunday,5195,16.6
frame,lgw,Year 2, summer 28, Sunday,5196,16.7
frame,lgw,Year 2, summer 28, Sunday,5197,20.3
frame,lgw,Year 2, summer 28, Sunday,5198,18.1
frame,lgw,Year 2, summer 28, Sunday,5199,11.6
frame,lgw,Year 2, summer 28, Sunday,5200,16.8
frame,lgw,Year 2, summer 28, Sunday,5201,16.6
frame,lgw,Year 2, summer 28, Sunday,5202,16.7
frame,lgw,Year 2, summer 28, Sunday,5203,16.6
frame,lgw,Year 2, summer 28, Sunday,5204,18.2
frame,lgw,Year 2, summer 28, Sunday,5205,15.7
frame,lgw,Year 2, summer 28, Sunday,5206,16.0
frame,lgw,Year 2, summer 28, Sunday,5207,18.5
frame,lgw,Year 2, summer 28, Sunday,5208,15.2
frame,lgw,Year 2, summer 28, Sunday,5209,18.5
frame,lgw,Year 2, summer 28, Sunday,5210,14.5
frame,lgw,Year 2, summer 28, Sunday,5211,16.6
frame,lgw,Year 2, summer 28, Sunday,5212,16.7
frame,lgw,Year 2, summer 28, Sunday,5213,16.7
frame,lgw,Year 2, summer 28, Sunday,5214,16.8
frame,lgw,Year 2, summer 28, Sunday,5215,16.5
frame,lgw,Year 2, summer 28, Sunday,5216,16.7
frame,lgw,Year 2, summer 28, Sunday,5217,16.7
frame,lgw,Year 2, summer 28, Sunday,5218,16.6
frame,lgw,Year 2, summer 28, Sunday,5219,16.8
frame,lgw,Year 2, summer 28, Sunday,5220,16.6
frame,lgw,Year 2, summer 28, Sunday,5221,18.2
frame,lgw,Year 2, summer 28, Sunday,5222,15.5
frame,lgw,Year 2, summer 28, Sunday,5223,16.3
frame,lgw,Year 2, summer 28, Sunday,5224,18.2
frame,lgw,Year 2, summer 28, Sunday,5225,15.3
frame,lgw,Year 2, summer 28, Sunday,5226,16.6
frame,lgw,Year 2, summer 28, Sunday,5227,16.7
frame,lgw,Year 2, summer 28, Sunday,5228,17.0
frame,lgw,Year 2, summer 28, Sunday,5229,16.4
frame,lgw,Year 2, summer 28, Sunday,5230,16.5
frame,lgw,Year 2, summer 28, Sunday,5231,16.8
frame,lgw,Year 2, summer 28, Sunday,5232,18.6
frame,lgw,Year 2, summer 28, Sunday,5233,14.6
frame,lgw,Year 2, summer 28, Sunday,5234,16.8
frame,lgw,Year 2, summer 28, Sunday,5235,16.4
frame,lgw,Year 2, summer 28, Sunday,5236,17.2
frame,lgw,Year 2, summer 28, Sunday,5237,16.2
frame,lgw,Year 2, summer 28, Sunday,5238,16.6
frame,lgw,Year 2, summer 28, Sunday,5239,20.2
frame,lgw,Year 2, summer 28, Sunday,5240,13.1
frame,lgw,Year 2, summer 28, Sunday,5241,16.7
frame,lgw,Year 2, summer 28, Sunday,5242,16.7
frame,lgw,Year 2, summer 28, Sunday,5243,16.6
frame,lgw,Year 2, summer 28, Sunday,5244,16.7
frame,lgw,Year 2, summer 28, Sunday,5245,19.3
frame,lgw,Year 2, summer 28, Sunday,5246,14.1
frame,lgw,Year 2, summer 28, Sunday,5247,16.5
frame,lgw,Year 2, summer 28, Sunday,5248,16.9
frame,lgw,Year 2, summer 28, Sunday,5249,16.6
frame,lgw,Year 2, summer 28, Sunday,5250,16.6
frame,lgw,Year 2, summer 28, Sunday,5251,19.9
frame,lgw,Year 2, summer 28, Sunday,5252,18.8
frame,lgw,Year 2, summer 28, Sunday,5253,11.4
frame,lgw,Year 2, summer 28, Sunday,5254,16.7
frame,lgw,Year 2, summer 28, Sunday,5255,16.6
frame,lgw,Year 2, summer 28, Sunday,5256,18.5
frame,lgw,Year 2, summer 28, Sunday,5257,18.4
frame,lgw,Year 2, summer 28, Sunday,5258,13.2
frame,lgw,Year 2, summer 28, Sunday,5259,16.5
frame,lgw,Year 2, summer 28, Sunday,5260,18.6
frame,lgw,Year 2, summer 28, Sunday,5261,14.9
frame,lgw,Year 2, summer 28, Sunday,5262,16.7
frame,lgw,Year 2, summer 28, Sunday,5263,16.5
frame,lgw,Year 2, summer 28, Sunday,5264,16.9
frame,lgw,Year 2, summer 28, Sunday,5265,16.4
frame,lgw,Year 2, summer 28, Sunday,5266,16.6
frame,lgw,Year 2, summer 28, Sunday,5267,16.7
frame,lgw,Year 2, summer 28, Sunday,5268,17.0
frame,lgw,Year 2, summer 28, Sunday,5269,18.7
frame,lgw,Year 2, summer 28, Sunday,5270,14.4
frame,lgw,Year 2, summer 28, Sunday,5271,16.6
frame,lgw,Year 2, summer 28, Sunday,5272,16.9
frame,lgw,Year 2, summer 28, Sunday,5273,16.4
frame,lgw,Year 2, summer 28, Sunday,5274,16.7
frame,lgw,Year 2, summer 28, Sunday,5275,16.7
frame,lgw,Year 2, summer 28, Sunday,5276,16.8
frame,lgw,Year 2, summer 28, Sunday,5277,16.4
frame,lgw,Year 2, summer 28, Sunday,5278,16.7
frame,lgw,Year 2, summer 28, Sunday,5279,16.8
frame,lgw,Year 2, summer 28, Sunday,5280,16.8
frame,lgw,Year 2, summer 28, Sunday,5281,16.3
frame,lgw,Year 2, summer 28, Sunday,5282,16.6
frame,lgw,Year 2, summer 28, Sunday,5283,18.4
frame,lgw,Year 2, summer 28, Sunday,5284,15.2
frame,lgw,Year 2, summer 28, Sunday,5285,16.6
frame,lgw,Year 2, summer 28, Sunday,5286,16.5
frame,lgw,Year 2, summer 28, Sunday,5287,19.8
frame,lgw,Year 2, summer 28, Sunday,5288,14.0
frame,lgw,Year 2, summer 28, Sunday,5289,16.4
frame,lgw,Year 2, summer 28, Sunday,5290,16.6
frame,lgw,Year 2, summer 28, Sunday,5291,16.8
frame,lgw,Year 2, summer 28, Sunday,5292,16.5
frame,lgw,Year 2, summer 28, Sunday,5293,16.7
frame,lgw,Year 2, summer 28, Sunday,5294,16.7
frame,lgw,Year 2, summer 28, Sunday,5295,16.7
frame,lgw,Year 2, summer 28, Sunday,5296,16.7
frame,lgw,Year 2, summer 28, Sunday,5297,16.7
frame,lgw,Year 2, summer 28, Sunday,5298,16.9
frame,lgw,Year 2, summer 28, Sunday,5299,19.9
frame,lgw,Year 2, summer 28, Sunday,5300,13.0
frame,lgw,Year 2, summer 28, Sunday,5301,16.8
frame,lgw,Year 2, summer 28, Sunday,5302,16.7
frame,lgw,Year 2, summer 28, Sunday,5303,16.6
frame,lgw,Year 2, summer 28, Sunday,5304,18.3
frame,lgw,Year 2, summer 28, Sunday,5305,15.1
frame,lgw,Year 2, summer 28, Sunday,5306,17.3
frame,lgw,Year 2, summer 28, Sunday,5307,15.9
frame,lgw,Year 2, summer 28, Sunday,5308,16.9
frame,lgw,Year 2, summer 28, Sunday,5309,19.0
frame,lgw,Year 2, summer 28, Sunday,5310,14.2
frame,lgw,Year 2, summer 28, Sunday,5311,16.8
frame,lgw,Year 2, summer 28, Sunday,5312,16.6
frame,lgw,Year 2, summer 28, Sunday,5313,16.7
frame,lgw,Year 2, summer 28, Sunday,5314,17.0
frame,lgw,Year 2, summer 28, Sunday,5315,17.1
frame,lgw,Year 2, summer 28, Sunday,5316,16.1
frame,lgw,Year 2, summer 28, Sunday,5317,17.2
frame,lgw,Year 2, summer 28, Sunday,5318,16.0
frame,lgw,Year 2, summer 28, Sunday,5319,16.6
frame,lgw,Year 2, summer 28, Sunday,5320,17.6
frame,lgw,Year 2, summer 28, Sunday,5321,15.8
frame,lgw,Year 2, summer 28, Sunday,5322,17.5
frame,lgw,Year 2, summer 28, Sunday,5323,15.8
frame,lgw,Year 2, summer 28, Sunday,5324,16.8
frame,lgw,Year 2, summer 28, Sunday,5325,16.5
frame,lgw,Year 2, summer 28, Sunday,5326,16.7
frame,lgw,Year 2, summer 28, Sunday,5327,16.6
frame,lgw,Year 2, summer 28, Sunday,5328,16.6
frame,lgw,Year 2, summer 28, Sunday,5329,19.6
frame,lgw,Year 2, summer 28, Sunday,5330,17.8
frame,lgw,Year 2, summer 28, Sunday,5331,12.5
frame,lgw,Year 2, summer 28, Sunday,5332,16.9
frame,lgw,Year 2, summer 28, Sunday,5333,16.5
frame,lgw,Year 2, summer 28, Sunday,5334,16.8
frame,lgw,Year 2, summer 28, Sunday,5335,19.8
frame,lgw,Year 2, summer 28, Sunday,5336,13.5
frame,lgw,Year 2, summer 28, Sunday,5337,16.7
frame,lgw,Year 2, summer 28, Sunday,5338,17.0
frame,lgw,Year 2, summer 28, Sunday,5339,16.4
frame,lgw,Year 2, summer 28, Sunday,5340,16.6
frame,lgw,Year 2, summer 28, Sunday,5341,16.6
frame,lgw,Year 2, summer 28, Sunday,5342,16.7
frame,lgw,Year 2, summer 28, Sunday,5343,16.6
frame,lgw,Year 2, summer 28, Sunday,5344,16.7
frame,lgw,Year 2, summer 28, Sunday,5345,16.8
frame,lgw,Year 2, summer 28, Sunday,5346,16.6
frame,lgw,Year 2, summer 28, Sunday,5347,16.7
frame,lgw,Year 2, summer 28, Sunday,5348,16.8
frame,lgw,Year 2, summer 28, Sunday,5349,16.6
frame,lgw,Year 2, summer 28, Sunday,5350,16.7
frame,lgw,Year 2, summer 28, Sunday,5351,17.7
frame,lgw,Year 2, summer 28, Sunday,5352,15.6
frame,lgw,Year 2, summer 28, Sunday,5353,16.7
frame,lgw,Year 2, summer 28, Sunday,5354,16.7
frame,lgw,Year 2, summer 28, Sunday,5355,18.4
frame,lgw,Year 2, summer 28, Sunday,5356,14.8
frame,lgw,Year 2, summer 28, Sunday,5357,16.8
frame,lgw,Year 2, summer 28, Sunday,5358,16.6
frame,lgw,Year 2, summer 28, Sunday,5359,16.6
frame,lgw,Year 2, summer 28, Sunday,5360,16.8
frame,lgw,Year 2, summer 28, Sunday,5361,16.7
frame,lgw,Year 2, summer 28, Sunday,5362,16.6
frame,lgw,Year 2, summer 28, Sunday,5363,16.7
frame,lgw,Year 2, summer 28, Sunday,5364,17.8
frame,lgw,Year 2, summer 28, Sunday,5365,15.7
frame,lgw,Year 2, summer 28, Sunday,5366,16.6
frame,lgw,Year 2, summer 28, Sunday,5367,16.7
frame,lgw,Year 2, summer 28, Sunday,5368,16.6
frame,lgw,Year 2, summer 28, Sunday,5369,16.7
frame,lgw,Year 2, summer 28, Sunday,5370,16.5
frame,lgw,Year 2, summer 28, Sunday,5371,16.7
frame,lgw,Year 2, summer 28, Sunday,5372,16.8
frame,lgw,Year 2, summer 28, Sunday,5373,19.3
frame,lgw,Year 2, summer 28, Sunday,5374,13.8
frame,lgw,Year 2, summer 28, Sunday,5375,16.7
frame,lgw,Year 2, summer 28, Sunday,5376,16.6
frame,lgw,Year 2, summer 28, Sunday,5377,16.6
frame,lgw,Year 2, summer 28, Sunday,5378,16.6
frame,lgw,Year 2, summer 28, Sunday,5379,16.7
frame,lgw,Year 2, summer 28, Sunday,5380,18.3
frame,lgw,Year 2, summer 28, Sunday,5381,15.0
frame,lgw,Year 2, summer 28, Sunday,5382,16.6
frame,lgw,Year 2, summer 28, Sunday,5383,17.1
frame,lgw,Year 2, summer 28, Sunday,5384,16.3
frame,lgw,Year 2, summer 28, Sunday,5385,16.7
frame,lgw,Year 2, summer 28, Sunday,5386,16.7
frame,lgw,Year 2, summer 28, Sunday,5387,18.1
frame,lgw,Year 2, summer 28, Sunday,5388,15.1
frame,lgw,Year 2, summer 28, Sunday,5389,16.8
frame,lgw,Year 2, summer 28, Sunday,5390,16.6
frame,lgw,Year 2, summer 28, Sunday,5391,16.6
frame,lgw,Year 2, summer 28, Sunday,5392,17.5
frame,lgw,Year 2, summer 28, Sunday,5393,15.7
frame,lgw,Year 2, summer 28, Sunday,5394,16.8
frame,lgw,Year 2, summer 28, Sunday,5395,16.6
frame,lgw,Year 2, summer 28, Sunday,5396,17.0
frame,lgw,Year 2, summer 28, Sunday,5397,16.8
frame,lgw,Year 2, summer 28, Sunday,5398,16.1
frame,lgw,Year 2, summer 28, Sunday,5399,16.9
frame,lgw,Year 2, summer 28, Sunday,5400,16.5
frame,lgw,Year 2, summer 28, Sunday,5401,16.7
frame,lgw,Year 2, summer 28, Sunday,5402,17.1
frame,lgw,Year 2, summer 28, Sunday,5403,16.8
frame,lgw,Year 2, summer 28, Sunday,5404,16.3
frame,lgw,Year 2, summer 28, Sunday,5405,16.3
frame,lgw,Year 2, summer 28, Sunday,5406,16.7
frame,lgw,Year 2, summer 28, Sunday,5407,16.5
frame,lgw,Year 2, summer 28, Sunday,5408,16.7
frame,lgw,Year 2, summer 28, Sunday,5409,16.6
frame,lgw,Year 2, summer 28, Sunday,5410,16.8
frame,lgw,Year 2, summer 28, Sunday,5411,16.7
frame,lgw,Year 2, summer 28, Sunday,5412,16.6
frame,lgw,Year 2, summer 28, Sunday,5413,16.7
frame,lgw,Year 2, summer 28, Sunday,5414,19.1
frame,lgw,Year 2, summer 28, Sunday,5415,14.4
frame,lgw,Year 2, summer 28, Sunday,5416,16.5
frame,lgw,Year 2, summer 28, Sunday,5417,16.6
frame,lgw,Year 2, summer 28, Sunday,5418,17.4
frame,lgw,Year 2, summer 28, Sunday,5419,16.0
frame,lgw,Year 2, summer 28, Sunday,5420,20.1
frame,lgw,Year 2, summer 28, Sunday,5421,15.1
frame,lgw,Year 2, summer 28, Sunday,5422,14.7
frame,lgw,Year 2, summer 28, Sunday,5423,16.8
frame,lgw,Year 2, summer 28, Sunday,5424,16.6
frame,lgw,Year 2, summer 28, Sunday,5425,16.7
frame,lgw,Year 2, summer 28, Sunday,5426,20.6
frame,lgw,Year 2, summer 28, Sunday,5427,12.7
frame,lgw,Year 2, summer 28, Sunday,5428,16.9
frame,lgw,Year 2, summer 28, Sunday,5429,17.9
frame,lgw,Year 2, summer 28, Sunday,5430,15.4
frame,lgw,Year 2, summer 28, Sunday,5431,16.5
frame,lgw,Year 2, summer 28, Sunday,5432,16.9
frame,lgw,Year 2, summer 28, Sunday,5433,16.5
frame,lgw,Year 2, summer 28, Sunday,5434,16.5
frame,lgw,Year 2, summer 28, Sunday,5435,16.8
frame,lgw,Year 2, summer 28, Sunday,5436,16.5
frame,lgw,Year 2, summer 28, Sunday,5437,16.8
frame,lgw,Year 2, summer 28, Sunday,5438,16.5
frame,lgw,Year 2, summer 28, Sunday,5439,16.7
frame,lgw,Year 2, summer 28, Sunday,5440,18.3
frame,lgw,Year 2, summer 28, Sunday,5441,16.3
frame,lgw,Year 2, summer 28, Sunday,5442,15.6
frame,lgw,Year 2, summer 28, Sunday,5443,16.9
frame,lgw,Year 2, summer 28, Sunday,5444,16.4
frame,lgw,Year 2, summer 28, Sunday,5445,16.6
frame,lgw,Year 2, summer 28, Sunday,5446,17.9
frame,lgw,Year 2, summer 28, Sunday,5447,15.5
frame,lgw,Year 2, summer 28, Sunday,5448,16.6
frame,lgw,Year 2, summer 28, Sunday,5449,16.8
frame,lgw,Year 2, summer 28, Sunday,5450,16.8
frame,lgw,Year 2, summer 28, Sunday,5451,17.2
frame,lgw,Year 2, summer 28, Sunday,5452,16.7
frame,lgw,Year 2, summer 28, Sunday,5453,16.0
frame,lgw,Year 2, summer 28, Sunday,5454,16.5
frame,lgw,Year 2, summer 28, Sunday,5455,16.8
frame,lgw,Year 2, summer 28, Sunday,5456,19.1
frame,lgw,Year 2, summer 28, Sunday,5457,14.4
frame,lgw,Year 2, summer 28, Sunday,5458,16.6
frame,lgw,Year 2, summer 28, Sunday,5459,16.6
frame,lgw,Year 2, summer 28, Sunday,5460,16.7
frame,lgw,Year 2, summer 28, Sunday,5461,16.6
frame,lgw,Year 2, summer 28, Sunday,5462,17.5
frame,lgw,Year 2, summer 28, Sunday,5463,16.2
frame,lgw,Year 2, summer 28, Sunday,5464,16.6
frame,lgw,Year 2, summer 28, Sunday,5465,16.4
frame,lgw,Year 2, summer 28, Sunday,5466,16.7
frame,lgw,Year 2, summer 28, Sunday,5467,16.6
frame,lgw,Year 2, summer 28, Sunday,5468,16.6
frame,lgw,Year 2, summer 28, Sunday,5469,16.7
frame,lgw,Year 2, summer 28, Sunday,5470,16.7
frame,lgw,Year 2, summer 28, Sunday,5471,16.6
frame,lgw,Year 2, summer 28, Sunday,5472,16.6
frame,lgw,Year 2, summer 28, Sunday,5473,16.7
frame,lgw,Year 2, summer 28, Sunday,5474,16.7
frame,lgw,Year 2, summer 28, Sunday,5475,16.6
frame,lgw,Year 2, summer 28, Sunday,5476,16.6
frame,lgw,Year 2, summer 28, Sunday,5477,16.8
frame,lgw,Year 2, summer 28, Sunday,5478,16.7
frame,lgw,Year 2, summer 28, Sunday,5479,16.6
frame,lgw,Year 2, summer 28, Sunday,5480,16.7
frame,lgw,Year 2, summer 28, Sunday,5481,16.8
frame,lgw,Year 2, summer 28, Sunday,5482,16.5
frame,lgw,Year 2, summer 28, Sunday,5483,16.9
frame,lgw,Year 2, summer 28, Sunday,5484,16.7
frame,lgw,Year 2, summer 28, Sunday,5485,17.2
frame,lgw,Year 2, summer 28, Sunday,5486,16.1
frame,lgw,Year 2, summer 28, Sunday,5487,16.8
frame,lgw,Year 2, summer 28, Sunday,5488,16.6
frame,lgw,Year 2, summer 28, Sunday,5489,16.6
frame,lgw,Year 2, summer 28, Sunday,5490,16.6
frame,lgw,Year 2, summer 28, Sunday,5491,16.7
frame,lgw,Year 2, summer 28, Sunday,5492,17.7
frame,lgw,Year 2, summer 28, Sunday,5493,15.6
frame,lgw,Year 2, summer 28, Sunday,5494,17.6
frame,lgw,Year 2, summer 28, Sunday,5495,15.7
frame,lgw,Year 2, summer 28, Sunday,5496,16.8
frame,lgw,Year 2, summer 28, Sunday,5497,17.0
frame,lgw,Year 2, summer 28, Sunday,5498,16.3
frame,lgw,Year 2, summer 28, Sunday,5499,19.1
frame,lgw,Year 2, summer 28, Sunday,5500,14.4
frame,lgw,Year 2, summer 28, Sunday,5501,16.5
frame,lgw,Year 2, summer 28, Sunday,5502,16.8
frame,lgw,Year 2, summer 28, Sunday,5503,16.5
frame,lgw,Year 2, summer 28, Sunday,5504,16.7
frame,lgw,Year 2, summer 28, Sunday,5505,16.6
frame,lgw,Year 2, summer 28, Sunday,5506,16.6
frame,lgw,Year 2, summer 28, Sunday,5507,16.8
frame,lgw,Year 2, summer 28, Sunday,5508,16.7
frame,lgw,Year 2, summer 28, Sunday,5509,16.8
frame,lgw,Year 2, summer 28, Sunday,5510,16.5
frame,lgw,Year 2, summer 28, Sunday,5511,16.7
frame,lgw,Year 2, summer 28, Sunday,5512,16.5
frame,lgw,Year 2, summer 28, Sunday,5513,18.3
frame,lgw,Year 2, summer 28, Sunday,5514,15.0
frame,lgw,Year 2, summer 28, Sunday,5515,16.7
frame,lgw,Year 2, summer 28, Sunday,5516,18.0
frame,lgw,Year 2, summer 28, Sunday,5517,15.3
frame,lgw,Year 2, summer 28, Sunday,5518,16.7
frame,lgw,Year 2, summer 28, Sunday,5519,16.6
frame,lgw,Year 2, summer 28, Sunday,5520,16.9
frame,lgw,Year 2, summer 28, Sunday,5521,16.5
frame,lgw,Year 2, summer 28, Sunday,5522,17.2
frame,lgw,Year 2, summer 28, Sunday,5523,16.2
frame,lgw,Year 2, summer 28, Sunday,5524,100.2
frame,lgw,Year 2, summer 28, Sunday,5525,7.7
frame,lgw,Year 2, summer 28, Sunday,5526,2.6
frame,lgw,Year 2, summer 28, Sunday,5527,1.3
frame,lgw,Year 2, summer 28, Sunday,5528,1.1
frame,lgw,Year 2, summer 28, Sunday,5529,0.9
frame,lgw,Year 2, summer 28, Sunday,5530,3.3
frame,lgw,Year 2, summer 28, Sunday,5531,16.2
frame,lgw,Year 2, summer 28, Sunday,5532,16.7
frame,lgw,Year 2, summer 28, Sunday,5533,16.6
frame,lgw,Year 2, summer 28, Sunday,5534,16.8
frame,lgw,Year 2, summer 28, Sunday,5535,17.3
frame,lgw,Year 2, summer 28, Sunday,5536,16.0
frame,lgw,Year 2, summer 28, Sunday,5537,17.9
frame,lgw,Year 2, summer 28, Sunday,5538,15.4
frame,lgw,Year 2, summer 28, Sunday,5539,16.9
frame,lgw,Year 2, summer 28, Sunday,5540,16.4
frame,lgw,Year 2, summer 28, Sunday,5541,16.6
frame,lgw,Year 2, summer 28, Sunday,5542,16.8
frame,lgw,Year 2, summer 28, Sunday,5543,16.6
frame,lgw,Year 2, summer 28, Sunday,5544,29.1
frame,lgw,Year 2, summer 28, Sunday,5545,37.7
frame,lgw,Year 2, summer 28, Sunday,5546,4.2
frame,lgw,Year 2, summer 28, Sunday,5547,2.7
frame,lgw,Year 2, summer 28, Sunday,5548,9.0
frame,lgw,Year 2, summer 28, Sunday,5549,16.8
frame,lgw,Year 2, summer 28, Sunday,5550,17.6
frame,lgw,Year 2, summer 28, Sunday,5551,15.7
frame,lgw,Year 2, summer 28, Sunday,5552,16.7
frame,lgw,Year 2, summer 28, Sunday,5553,16.6
frame,lgw,Year 2, summer 28, Sunday,5554,16.7
frame,lgw,Year 2, summer 28, Sunday,5555,16.6
frame,lgw,Year 2, summer 28, Sunday,5556,16.7
frame,lgw,Year 2, summer 28, Sunday,5557,16.7
frame,lgw,Year 2, summer 28, Sunday,5558,16.7
frame,lgw,Year 2, summer 28, Sunday,5559,16.6
frame,lgw,Year 2, summer 28, Sunday,5560,16.6
frame,lgw,Year 2, summer 28, Sunday,5561,16.7
frame,lgw,Year 2, summer 28, Sunday,5562,17.0
frame,lgw,Year 2, summer 28, Sunday,5563,16.3
frame,lgw,Year 2, summer 28, Sunday,5564,16.8
frame,lgw,Year 2, summer 28, Sunday,5565,16.6
frame,lgw,Year 2, summer 28, Sunday,5566,19.0
frame,lgw,Year 2, summer 28, Sunday,5567,14.4
frame,lgw,Year 2, summer 28, Sunday,5568,16.6
frame,lgw,Year 2, summer 28, Sunday,5569,16.7
frame,lgw,Year 2, summer 28, Sunday,5570,16.9
frame,lgw,Year 2, summer 28, Sunday,5571,17.0
frame,lgw,Year 2, summer 28, Sunday,5572,16.0
frame,lgw,Year 2, summer 28, Sunday,5573,16.7
frame,lgw,Year 2, summer 28, Sunday,5574,16.6
frame,lgw,Year 2, summer 28, Sunday,5575,16.7
frame,lgw,Year 2, summer 28, Sunday,5576,16.7
frame,lgw,Year 2, summer 28, Sunday,5577,16.6
frame,lgw,Year 2, summer 28, Sunday,5578,17.3
frame,lgw,Year 2, summer 28, Sunday,5579,16.2
frame,lgw,Year 2, summer 28, Sunday,5580,16.6
frame,lgw,Year 2, summer 28, Sunday,5581,18.8
frame,lgw,Year 2, summer 28, Sunday,5582,14.5
frame,lgw,Year 2, summer 28, Sunday,5583,16.6
frame,lgw,Year 2, summer 28, Sunday,5584,16.7
frame,lgw,Year 2, summer 28, Sunday,5585,16.7
frame,lgw,Year 2, summer 28, Sunday,5586,16.7
frame,lgw,Year 2, summer 28, Sunday,5587,19.1
frame,lgw,Year 2, summer 28, Sunday,5588,14.3
frame,lgw,Year 2, summer 28, Sunday,5589,16.5
frame,lgw,Year 2, summer 28, Sunday,5590,16.7
frame,lgw,Year 2, summer 28, Sunday,5591,16.6
frame,lgw,Year 2, summer 28, Sunday,5592,16.6
frame,lgw,Year 2, summer 28, Sunday,5593,16.8
frame,lgw,Year 2, summer 28, Sunday,5594,16.7
frame,lgw,Year 2, summer 28, Sunday,5595,16.6
frame,lgw,Year 2, summer 28, Sunday,5596,16.7
frame,lgw,Year 2, summer 28, Sunday,5597,16.9
frame,lgw,Year 2, summer 28, Sunday,5598,16.4
frame,lgw,Year 2, summer 28, Sunday,5599,16.8
frame,lgw,Year 2, summer 28, Sunday,5600,16.6
frame,lgw,Year 2, summer 28, Sunday,5601,17.4
frame,lgw,Year 2, summer 28, Sunday,5602,16.4
frame,lgw,Year 2, summer 28, Sunday,5603,16.2
frame,lgw,Year 2, summer 28, Sunday,5604,16.6
frame,lgw,Year 2, summer 28, Sunday,5605,16.7
frame,lgw,Year 2, summer 28, Sunday,5606,16.6
frame,lgw,Year 2, summer 28, Sunday,5607,16.6
frame,lgw,Year 2, summer 28, Sunday,5608,21.0
frame,lgw,Year 2, summer 28, Sunday,5609,12.3
frame,lgw,Year 2, summer 28, Sunday,5610,16.7
frame,lgw,Year 2, summer 28, Sunday,5611,16.7
frame,lgw,Year 2, summer 28, Sunday,5612,17.2
frame,lgw,Year 2, summer 28, Sunday,5613,16.1
frame,lgw,Year 2, summer 28, Sunday,5614,16.7
frame,lgw,Year 2, summer 28, Sunday,5615,16.7
frame,lgw,Year 2, summer 28, Sunday,5616,18.3
frame,lgw,Year 2, summer 28, Sunday,5617,16.2
frame,lgw,Year 2, summer 28, Sunday,5618,16.0
frame,lgw,Year 2, summer 28, Sunday,5619,16.5
frame,lgw,Year 2, summer 28, Sunday,5620,16.6
frame,lgw,Year 2, summer 28, Sunday,5621,16.7
frame,lgw,Year 2, summer 28, Sunday,5622,16.6
frame,lgw,Year 2, summer 28, Sunday,5623,16.8
frame,lgw,Year 2, summer 28, Sunday,5624,17.1
frame,lgw,Year 2, summer 28, Sunday,5625,16.0
frame,lgw,Year 2, summer 28, Sunday,5626,16.8
frame,lgw,Year 2, summer 28, Sunday,5627,16.6
frame,lgw,Year 2, summer 28, Sunday,5628,16.7
frame,lgw,Year 2, summer 28, Sunday,5629,19.2
frame,lgw,Year 2, summer 28, Sunday,5630,14.1
frame,lgw,Year 2, summer 28, Sunday,5631,18.0
frame,lgw,Year 2, summer 28, Sunday,5632,15.2
frame,lgw,Year 2, summer 28, Sunday,5633,16.5
frame,lgw,Year 2, summer 28, Sunday,5634,16.7
frame,lgw,Year 2, summer 28, Sunday,5635,16.7
frame,lgw,Year 2, summer 28, Sunday,5636,16.6
frame,lgw,Year 2, summer 28, Sunday,5637,16.7
frame,lgw,Year 2, summer 28, Sunday,5638,16.6
frame,lgw,Year 2, summer 28, Sunday,5639,17.1
frame,lgw,Year 2, summer 28, Sunday,5640,16.2
frame,lgw,Year 2, summer 28, Sunday,5641,16.6
frame,lgw,Year 2, summer 28, Sunday,5642,16.7
frame,lgw,Year 2, summer 28, Sunday,5643,16.6
frame,lgw,Year 2, summer 28, Sunday,5644,17.1
frame,lgw,Year 2, summer 28, Sunday,5645,16.4
frame,lgw,Year 2, summer 28, Sunday,5646,16.9
frame,lgw,Year 2, summer 28, Sunday,5647,16.4
frame,lgw,Year 2, summer 28, Sunday,5648,16.8
frame,lgw,Year 2, summer 28, Sunday,5649,16.5
frame,lgw,Year 2, summer 28, Sunday,5650,19.2
frame,lgw,Year 2, summer 28, Sunday,5651,14.1
frame,lgw,Year 2, summer 28, Sunday,5652,16.8
frame,lgw,Year 2, summer 28, Sunday,5653,16.9
frame,lgw,Year 2, summer 28, Sunday,5654,16.3
frame,lgw,Year 2, summer 28, Sunday,5655,16.7
frame,lgw,Year 2, summer 28, Sunday,5656,17.7
frame,lgw,Year 2, summer 28, Sunday,5657,15.8
frame,lgw,Year 2, summer 28, Sunday,5658,16.7
frame,lgw,Year 2, summer 28, Sunday,5659,108.9
frame,lgw,Year 2, summer 28, Sunday,5660,10.3
frame,lgw,Year 2, summer 28, Sunday,5661,1.2
frame,lgw,Year 2, summer 28, Sunday,5662,2.7
frame,lgw,Year 2, summer 28, Sunday,5663,2.8
frame,lgw,Year 2, summer 28, Sunday,5664,1.0
frame,lgw,Year 2, summer 28, Sunday,5665,0.9
frame,lgw,Year 2, summer 28, Sunday,5666,6.0
frame,lgw,Year 2, summer 28, Sunday,5667,16.9
frame,lgw,Year 2, summer 28, Sunday,5668,15.5
frame,lgw,Year 2, summer 28, Sunday,5669,16.7
frame,lgw,Year 2, summer 28, Sunday,5670,16.7
frame,lgw,Year 2, summer 28, Sunday,5671,16.7
frame,lgw,Year 2, summer 28, Sunday,5672,16.9
frame,lgw,Year 2, summer 28, Sunday,5673,16.3
frame,lgw,Year 2, summer 28, Sunday,5674,16.7
frame,lgw,Year 2, summer 28, Sunday,5675,16.6
frame,lgw,Year 2, summer 28, Sunday,5676,16.6
frame,lgw,Year 2, summer 28, Sunday,5677,16.8
frame,lgw,Year 2, summer 28, Sunday,5678,16.7
frame,lgw,Year 2, summer 28, Sunday,5679,16.6
frame,lgw,Year 2, summer 28, Sunday,5680,17.9
frame,lgw,Year 2, summer 28, Sunday,5681,15.5
frame,lgw,Year 2, summer 28, Sunday,5682,16.6
frame,lgw,Year 2, summer 28, Sunday,5683,16.9
frame,lgw,Year 2, summer 28, Sunday,5684,16.9
frame,lgw,Year 2, summer 28, Sunday,5685,16.3
frame,lgw,Year 2, summer 28, Sunday,5686,16.6
frame,lgw,Year 2, summer 28, Sunday,5687,16.6
frame,lgw,Year 2, summer 28, Sunday,5688,16.7
frame,lgw,Year 2, summer 28, Sunday,5689,17.5
frame,lgw,Year 2, summer 28, Sunday,5690,16.2
frame,lgw,Year 2, summer 28, Sunday,5691,16.4
frame,lgw,Year 2, summer 28, Sunday,5692,16.9
frame,lgw,Year 2, summer 28, Sunday,5693,16.6
frame,lgw,Year 2, summer 28, Sunday,5694,16.5
frame,lgw,Year 2, summer 28, Sunday,5695,16.7
frame,lgw,Year 2, summer 28, Sunday,5696,16.7
frame,lgw,Year 2, summer 28, Sunday,5697,17.6
frame,lgw,Year 2, summer 28, Sunday,5698,15.8
frame,lgw,Year 2, summer 28, Sunday,5699,16.6
frame,lgw,Year 2, summer 28, Sunday,5700,16.5
frame,lgw,Year 2, summer 28, Sunday,5701,17.8
frame,lgw,Year 2, summer 28, Sunday,5702,15.5
frame,lgw,Year 2, summer 28, Sunday,5703,16.6
frame,lgw,Year 2, summer 28, Sunday,5704,16.7
frame,lgw,Year 2, summer 28, Sunday,5705,16.8
frame,lgw,Year 2, summer 28, Sunday,5706,16.6
frame,lgw,Year 2, summer 28, Sunday,5707,18.1
frame,lgw,Year 2, summer 28, Sunday,5708,16.5
frame,lgw,Year 2, summer 28, Sunday,5709,18.1
frame,lgw,Year 2, summer 28, Sunday,5710,14.0
frame,lgw,Year 2, summer 28, Sunday,5711,16.7
frame,lgw,Year 2, summer 28, Sunday,5712,16.7
frame,lgw,Year 2, summer 28, Sunday,5713,17.3
frame,lgw,Year 2, summer 28, Sunday,5714,15.9
frame,lgw,Year 2, summer 28, Sunday,5715,16.6
frame,lgw,Year 2, summer 28, Sunday,5716,16.8
frame,lgw,Year 2, summer 28, Sunday,5717,16.6
frame,lgw,Year 2, summer 28, Sunday,5718,16.6
frame,lgw,Year 2, summer 28, Sunday,5719,16.7
frame,lgw,Year 2, summer 28, Sunday,5720,16.8
frame,lgw,Year 2, summer 28, Sunday,5721,16.6
frame,lgw,Year 2, summer 28, Sunday,5722,17.5
frame,lgw,Year 2, summer 28, Sunday,5723,113.7
frame,lgw,Year 2, summer 28, Sunday,5724,3.9
frame,lgw,Year 2, summer 28, Sunday,5725,2.8
frame,lgw,Year 2, summer 28, Sunday,5726,1.1
frame,lgw,Year 2, summer 28, Sunday,5727,4.9
frame,lgw,Year 2, summer 28, Sunday,5728,1.1
frame,lgw,Year 2, summer 28, Sunday,5729,3.4
frame,lgw,Year 2, summer 28, Sunday,5730,5.0
frame,lgw,Year 2, summer 28, Sunday,5731,13.2
frame,lgw,Year 2, summer 28, Sunday,5732,17.4
frame,lgw,Year 2, summer 28, Sunday,5733,15.9
frame,lgw,Year 2, summer 28, Sunday,5734,16.7
frame,lgw,Year 2, summer 28, Sunday,5735,16.6
frame,lgw,Year 2, summer 28, Sunday,5736,16.7
frame,lgw,Year 2, summer 28, Sunday,5737,16.7
frame,lgw,Year 2, summer 28, Sunday,5738,16.9
frame,lgw,Year 2, summer 28, Sunday,5739,16.5
frame,lgw,Year 2, summer 28, Sunday,5740,16.6
frame,lgw,Year 2, summer 28, Sunday,5741,16.7
frame,lgw,Year 2, summer 28, Sunday,5742,16.7
frame,lgw,Year 2, summer 28, Sunday,5743,16.5
frame,lgw,Year 2, summer 28, Sunday,5744,18.4
frame,lgw,Year 2, summer 28, Sunday,5745,15.0
frame,lgw,Year 2, summer 28, Sunday,5746,16.7
frame,lgw,Year 2, summer 28, Sunday,5747,16.7
frame,lgw,Year 2, summer 28, Sunday,5748,16.6
frame,lgw,Year 2, summer 28, Sunday,5749,16.6
frame,lgw,Year 2, summer 28, Sunday,5750,17.0
frame,lgw,Year 2, summer 28, Sunday,5751,21.4
frame,lgw,Year 2, summer 28, Sunday,5752,11.9
frame,lgw,Year 2, summer 28, Sunday,5753,16.4
frame,lgw,Year 2, summer 28, Sunday,5754,16.8
frame,lgw,Year 2, summer 28, Sunday,5755,16.5
frame,lgw,Year 2, summer 28, Sunday,5756,16.9
frame,lgw,Year 2, summer 28, Sunday,5757,18.0
frame,lgw,Year 2, summer 28, Sunday,5758,15.1
frame,lgw,Year 2, summer 28, Sunday,5759,16.7
frame,lgw,Year 2, summer 28, Sunday,5760,16.7
frame,lgw,Year 2, summer 28, Sunday,5761,16.5
frame,lgw,Year 2, summer 28, Sunday,5762,16.7
frame,lgw,Year 2, summer 28, Sunday,5763,16.7
frame,lgw,Year 2, summer 28, Sunday,5764,16.5
frame,lgw,Year 2, summer 28, Sunday,5765,19.0
frame,lgw,Year 2, summer 28, Sunday,5766,14.4
frame,lgw,Year 2, summer 28, Sunday,5767,17.5
frame,lgw,Year 2, summer 28, Sunday,5768,15.9
frame,lgw,Year 2, summer 28, Sunday,5769,16.7
frame,lgw,Year 2, summer 28, Sunday,5770,16.6
frame,lgw,Year 2, summer 28, Sunday,5771,20.7
frame,lgw,Year 2, summer 28, Sunday,5772,14.8
frame,lgw,Year 2, summer 28, Sunday,5773,14.5
frame,lgw,Year 2, summer 28, Sunday,5774,16.7
frame,lgw,Year 2, summer 28, Sunday,5775,16.6
frame,lgw,Year 2, summer 28, Sunday,5776,16.6
frame,lgw,Year 2, summer 28, Sunday,5777,17.2
frame,lgw,Year 2, summer 28, Sunday,5778,16.4
frame,lgw,Year 2, summer 28, Sunday,5779,16.6
frame,lgw,Year 2, summer 28, Sunday,5780,16.7
frame,lgw,Year 2, summer 28, Sunday,5781,16.5
frame,lgw,Year 2, summer 28, Sunday,5782,16.7
frame,lgw,Year 2, summer 28, Sunday,5783,16.6
frame,lgw,Year 2, summer 28, Sunday,5784,16.7
frame,lgw,Year 2, summer 28, Sunday,5785,16.8
frame,lgw,Year 2, summer 28, Sunday,5786,17.6
frame,lgw,Year 2, summer 28, Sunday,5787,115.7
frame,lgw,Year 2, summer 28, Sunday,5788,10.1
frame,lgw,Year 2, summer 28, Sunday,5789,1.3
frame,lgw,Year 2, summer 28, Sunday,5790,2.8
frame,lgw,Year 2, summer 28, Sunday,5791,1.1
frame,lgw,Year 2, summer 28, Sunday,5792,1.1
frame,lgw,Year 2, summer 28, Sunday,5793,0.9
frame,lgw,Year 2, summer 28, Sunday,5794,5.4
frame,lgw,Year 2, summer 28, Sunday,5795,10.5
frame,lgw,Year 2, summer 28, Sunday,5796,16.6
frame,lgw,Year 2, summer 28, Sunday,5797,16.7
frame,lgw,Year 2, summer 28, Sunday,5798,16.6
frame,lgw,Year 2, summer 28, Sunday,5799,16.7
frame,lgw,Year 2, summer 28, Sunday,5800,16.7
frame,lgw,Year 2, summer 28, Sunday,5801,16.7
frame,lgw,Year 2, summer 28, Sunday,5802,16.6
frame,lgw,Year 2, summer 28, Sunday,5803,16.7
frame,lgw,Year 2, summer 28, Sunday,5804,31.9
frame,lgw,Year 2, summer 28, Sunday,5805,7.8
frame,lgw,Year 2, summer 28, Sunday,5806,10.5
frame,lgw,Year 2, summer 28, Sunday,5807,16.5
frame,lgw,Year 2, summer 28, Sunday,5808,17.9
frame,lgw,Year 2, summer 28, Sunday,5809,15.4
frame,lgw,Year 2, summer 28, Sunday,5810,16.6
frame,lgw,Year 2, summer 28, Sunday,5811,16.6
frame,lgw,Year 2, summer 28, Sunday,5812,16.9
frame,lgw,Year 2, summer 28, Sunday,5813,16.8
frame,lgw,Year 2, summer 28, Sunday,5814,16.5
frame,lgw,Year 2, summer 28, Sunday,5815,16.6
frame,lgw,Year 2, summer 28, Sunday,5816,16.9
frame,lgw,Year 2, summer 28, Sunday,5817,16.5
frame,lgw,Year 2, summer 28, Sunday,5818,17.0
frame,lgw,Year 2, summer 28, Sunday,5819,16.2
frame,lgw,Year 2, summer 28, Sunday,5820,16.7
frame,lgw,Year 2, summer 28, Sunday,5821,16.7
frame,lgw,Year 2, summer 28, Sunday,5822,17.6
frame,lgw,Year 2, summer 28, Sunday,5823,15.6
frame,lgw,Year 2, summer 28, Sunday,5824,16.8
frame,lgw,Year 2, summer 28, Sunday,5825,17.8
frame,lgw,Year 2, summer 28, Sunday,5826,15.3
frame,lgw,Year 2, summer 28, Sunday,5827,17.8
frame,lgw,Year 2, summer 28, Sunday,5828,15.7
frame,lgw,Year 2, summer 28, Sunday,5829,17.7
frame,lgw,Year 2, summer 28, Sunday,5830,15.6
frame,lgw,Year 2, summer 28, Sunday,5831,17.3
frame,lgw,Year 2, summer 28, Sunday,5832,16.0
frame,lgw,Year 2, summer 28, Sunday,5833,16.5
frame,lgw,Year 2, summer 28, Sunday,5834,16.7
frame,lgw,Year 2, summer 28, Sunday,5835,16.6
frame,lgw,Year 2, summer 28, Sunday,5836,16.7
frame,lgw,Year 2, summer 28, Sunday,5837,16.7
frame,lgw,Year 2, summer 28, Sunday,5838,16.6
frame,lgw,Year 2, summer 28, Sunday,5839,16.8
frame,lgw,Year 2, summer 28, Sunday,5840,16.6
frame,lgw,Year 2, summer 28, Sunday,5841,16.7
frame,lgw,Year 2, summer 28, Sunday,5842,17.2
frame,lgw,Year 2, summer 28, Sunday,5843,17.7
frame,lgw,Year 2, summer 28, Sunday,5844,15.1
frame,lgw,Year 2, summer 28, Sunday,5845,16.6
frame,lgw,Year 2, summer 28, Sunday,5846,16.7
frame,lgw,Year 2, summer 28, Sunday,5847,16.6
frame,lgw,Year 2, summer 28, Sunday,5848,16.7
frame,lgw,Year 2, summer 28, Sunday,5849,16.9
frame,lgw,Year 2, summer 28, Sunday,5850,17.5
frame,lgw,Year 2, summer 28, Sunday,5851,125.6
frame,lgw,Year 2, summer 28, Sunday,5852,7.1
frame,lgw,Year 2, summer 28, Sunday,5853,1.1
frame,lgw,Year 2, summer 28, Sunday,5854,0.9
frame,lgw,Year 2, summer 28, Sunday,5855,0.8
frame,lgw,Year 2, summer 28, Sunday,5856,0.9
frame,lgw,Year 2, summer 28, Sunday,5857,0.8
frame,lgw,Year 2, summer 28, Sunday,5858,2.5
frame,lgw,Year 2, summer 28, Sunday,5859,9.3
frame,lgw,Year 2, summer 28, Sunday,5860,16.7
frame,lgw,Year 2, summer 28, Sunday,5861,16.7
frame,lgw,Year 2, summer 28, Sunday,5862,17.3
frame,lgw,Year 2, summer 28, Sunday,5863,16.0
frame,lgw,Year 2, summer 28, Sunday,5864,17.5
frame,lgw,Year 2, summer 28, Sunday,5865,15.9
frame,lgw,Year 2, summer 28, Sunday,5866,16.6
frame,lgw,Year 2, summer 28, Sunday,5867,16.7
frame,lgw,Year 2, summer 28, Sunday,5868,16.7
frame,lgw,Year 2, summer 28, Sunday,5869,16.8
frame,lgw,Year 2, summer 28, Sunday,5870,16.7
frame,lgw,Year 2, summer 28, Sunday,5871,16.6
frame,lgw,Year 2, summer 28, Sunday,5872,22.3
frame,lgw,Year 2, summer 28, Sunday,5873,11.1
frame,lgw,Year 2, summer 28, Sunday,5874,16.6
frame,lgw,Year 2, summer 28, Sunday,5875,16.6
frame,lgw,Year 2, summer 28, Sunday,5876,16.7
frame,lgw,Year 2, summer 28, Sunday,5877,16.6
frame,lgw,Year 2, summer 28, Sunday,5878,16.8
frame,lgw,Year 2, summer 28, Sunday,5879,16.6
frame,lgw,Year 2, summer 28, Sunday,5880,16.7
frame,lgw,Year 2, summer 28, Sunday,5881,21.7
frame,lgw,Year 2, summer 28, Sunday,5882,15.0
frame,lgw,Year 2, summer 28, Sunday,5883,13.2
frame,lgw,Year 2, summer 28, Sunday,5884,16.9
frame,lgw,Year 2, summer 28, Sunday,5885,16.6
frame,lgw,Year 2, summer 28, Sunday,5886,16.6
frame,lgw,Year 2, summer 28, Sunday,5887,16.6
frame,lgw,Year 2, summer 28, Sunday,5888,16.7
frame,lgw,Year 2, summer 28, Sunday,5889,16.7
frame,lgw,Year 2, summer 28, Sunday,5890,16.6
frame,lgw,Year 2, summer 28, Sunday,5891,16.7
frame,lgw,Year 2, summer 28, Sunday,5892,16.8
frame,lgw,Year 2, summer 28, Sunday,5893,17.2
frame,lgw,Year 2, summer 28, Sunday,5894,16.5
frame,lgw,Year 2, summer 28, Sunday,5895,16.1
frame,lgw,Year 2, summer 28, Sunday,5896,16.8
frame,lgw,Year 2, summer 28, Sunday,5897,18.7
frame,lgw,Year 2, summer 28, Sunday,5898,14.6
frame,lgw,Year 2, summer 28, Sunday,5899,16.7
frame,lgw,Year 2, summer 28, Sunday,5900,16.7
frame,lgw,Year 2, summer 28, Sunday,5901,16.7
frame,lgw,Year 2, summer 28, Sunday,5902,16.7
frame,lgw,Year 2, summer 28, Sunday,5903,16.6
frame,lgw,Year 2, summer 28, Sunday,5904,16.7
frame,lgw,Year 2, summer 28, Sunday,5905,16.6
frame,lgw,Year 2, summer 28, Sunday,5906,16.7
frame,lgw,Year 2, summer 28, Sunday,5907,16.6
frame,lgw,Year 2, summer 28, Sunday,5908,16.6
frame,lgw,Year 2, summer 28, Sunday,5909,16.8
frame,lgw,Year 2, summer 28, Sunday,5910,16.5
frame,lgw,Year 2, summer 28, Sunday,5911,16.6
frame,lgw,Year 2, summer 28, Sunday,5912,17.0
frame,lgw,Year 2, summer 28, Sunday,5913,16.6
frame,lgw,Year 2, summer 28, Sunday,5914,18.2
frame,lgw,Year 2, summer 28, Sunday,5915,119.8
frame,lgw,Year 2, summer 28, Sunday,5916,5.3
frame,lgw,Year 2, summer 28, Sunday,5917,1.3
frame,lgw,Year 2, summer 28, Sunday,5918,1.4
frame,lgw,Year 2, summer 28, Sunday,5919,1.1
frame,lgw,Year 2, summer 28, Sunday,5920,1.0
frame,lgw,Year 2, summer 28, Sunday,5921,8.7
frame,lgw,Year 2, summer 28, Sunday,5922,3.9
frame,lgw,Year 2, summer 28, Sunday,5923,5.8
frame,lgw,Year 2, summer 28, Sunday,5924,16.9
frame,lgw,Year 2, summer 28, Sunday,5925,16.6
frame,lgw,Year 2, summer 28, Sunday,5926,18.7
frame,lgw,Year 2, summer 28, Sunday,5927,14.7
frame,lgw,Year 2, summer 28, Sunday,5928,16.6
frame,lgw,Year 2, summer 28, Sunday,5929,16.7
frame,lgw,Year 2, summer 28, Sunday,5930,16.6
frame,lgw,Year 2, summer 28, Sunday,5931,16.7
frame,lgw,Year 2, summer 28, Sunday,5932,17.2
frame,lgw,Year 2, summer 28, Sunday,5933,16.8
frame,lgw,Year 2, summer 28, Sunday,5934,16.3
frame,lgw,Year 2, summer 28, Sunday,5935,18.4
frame,lgw,Year 2, summer 28, Sunday,5936,15.7
frame,lgw,Year 2, summer 28, Sunday,5937,15.5
frame,lgw,Year 2, summer 28, Sunday,5938,16.6
frame,lgw,Year 2, summer 28, Sunday,5939,16.7
frame,lgw,Year 2, summer 28, Sunday,5940,16.7
frame,lgw,Year 2, summer 28, Sunday,5941,16.7
frame,lgw,Year 2, summer 28, Sunday,5942,16.8
frame,lgw,Year 2, summer 28, Sunday,5943,19.1
frame,lgw,Year 2, summer 28, Sunday,5944,14.2
frame,lgw,Year 2, summer 28, Sunday,5945,16.8
frame,lgw,Year 2, summer 28, Sunday,5946,17.1
frame,lgw,Year 2, summer 28, Sunday,5947,16.0
frame,lgw,Year 2, summer 28, Sunday,5948,16.9
frame,lgw,Year 2, summer 28, Sunday,5949,19.9
frame,lgw,Year 2, summer 28, Sunday,5950,13.1
frame,lgw,Year 2, summer 28, Sunday,5951,17.1
frame,lgw,Year 2, summer 28, Sunday,5952,16.5
frame,lgw,Year 2, summer 28, Sunday,5953,16.7
frame,lgw,Year 2, summer 28, Sunday,5954,16.5
frame,lgw,Year 2, summer 28, Sunday,5955,16.5
frame,lgw,Year 2, summer 28, Sunday,5956,16.6
frame,lgw,Year 2, summer 28, Sunday,5957,17.6
frame,lgw,Year 2, summer 28, Sunday,5958,15.7
frame,lgw,Year 2, summer 28, Sunday,5959,17.5
frame,lgw,Year 2, summer 28, Sunday,5960,15.9
frame,lgw,Year 2, summer 28, Sunday,5961,16.8
frame,lgw,Year 2, summer 28, Sunday,5962,16.6
frame,lgw,Year 2, summer 28, Sunday,5963,18.7
frame,lgw,Year 2, summer 28, Sunday,5964,14.6
frame,lgw,Year 2, summer 28, Sunday,5965,16.7
frame,lgw,Year 2, summer 28, Sunday,5966,18.3
frame,lgw,Year 2, summer 28, Sunday,5967,14.9
frame,lgw,Year 2, summer 28, Sunday,5968,16.8
frame,lgw,Year 2, summer 28, Sunday,5969,16.7
frame,lgw,Year 2, summer 28, Sunday,5970,16.6
frame,lgw,Year 2, summer 28, Sunday,5971,16.8
frame,lgw,Year 2, summer 28, Sunday,5972,17.2
frame,lgw,Year 2, summer 28, Sunday,5973,17.7
frame,lgw,Year 2, summer 28, Sunday,5974,14.9
frame,lgw,Year 2, summer 28, Sunday,5975,16.7
frame,lgw,Year 2, summer 28, Sunday,5976,20.2
frame,lgw,Year 2, summer 28, Sunday,5977,19.7
frame,lgw,Year 2, summer 28, Sunday,5978,14.3
frame,lgw,Year 2, summer 28, Sunday,5979,113.8
frame,lgw,Year 2, summer 28, Sunday,5980,5.1
frame,lgw,Year 2, summer 28, Sunday,5981,1.3
frame,lgw,Year 2, summer 28, Sunday,5982,1.0
frame,lgw,Year 2, summer 28, Sunday,5983,1.8
frame,lgw,Year 2, summer 28, Sunday,5984,1.0
frame,lgw,Year 2, summer 28, Sunday,5985,0.9
frame,lgw,Year 2, summer 28, Sunday,5986,4.0
frame,lgw,Year 2, summer 28, Sunday,5987,17.1
frame,lgw,Year 2, summer 28, Sunday,5988,16.5
frame,lgw,Year 2, summer 28, Sunday,5989,16.6
frame,lgw,Year 2, summer 28, Sunday,5990,16.7
frame,lgw,Year 2, summer 28, Sunday,5991,17.2
frame,lgw,Year 2, summer 28, Sunday,5992,16.2
frame,lgw,Year 2, summer 28, Sunday,5993,16.9
frame,lgw,Year 2, summer 28, Sunday,5994,16.4
frame,lgw,Year 2, summer 28, Sunday,5995,16.6
frame,lgw,Year 2, summer 28, Sunday,5996,17.0
frame,lgw,Year 2, summer 28, Sunday,5997,16.3
frame,lgw,Year 2, summer 28, Sunday,5998,16.7
frame,lgw,Year 2, summer 28, Sunday,5999,16.9
timing,lgw,Year 2, summer 28, Sunday,CollectThenRefill,10,57.00,5.700,31.00
timing,lgw,Year 2, summer 28, Sunday,TryFeedMachine,122,37.00,0.303,16.00
timing,lgw,Year 2, summer 28, Sunday,ProcessAllHoppers,28,8.00,0.286,8.00
switch,lgw,Year 2, summer 28, Sunday,1000,135.5
switch,lgw,Year 2, summer 28, Sunday,1010,127.0
switch,lgw,Year 2, summer 28, Sunday,1020,129.3
switch,lgw,Year 2, summer 28, Sunday,1030,136.7
switch,lgw,Year 2, summer 28, Sunday,1040,159.9
switch,lgw,Year 2, summer 28, Sunday,1050,200.3
switch,lgw,Year 2, summer 28, Sunday,1100,183.1
switchdetail,lgw,Year 2, summer 28, Sunday,950,442,0.0
switchdetail,lgw,Year 2, summer 28, Sunday,1000,446,0.0
switchdetail,lgw,Year 2, summer 28, Sunday,1010,442,0.0
switchdetail,lgw,Year 2, summer 28, Sunday,1020,442,0.0
switchdetail,lgw,Year 2, summer 28, Sunday,1030,443,0.0
switchdetail,lgw,Year 2, summer 28, Sunday,1040,442,0.0
switchdetail,lgw,Year 2, summer 28, Sunday,1050,442,0.0
lag,lgw,Year 2, summer 28, Sunday,6044,135.5
lag,lgw,Year 2, summer 28, Sunday,6108,127.0
lag,lgw,Year 2, summer 28, Sunday,6172,129.3
lag,lgw,Year 2, summer 28, Sunday,6202,149.7
lag,lgw,Year 2, summer 28, Sunday,7759,136.7
lag,lgw,Year 2, summer 28, Sunday,8655,159.9
lag,lgw,Year 2, summer 28, Sunday,10120,200.3
lag,lgw,Year 2, summer 28, Sunday,10995,183.1
lag,lgw,Year 2, summer 28, Sunday,11436,50.1
frame,lgw,Year 2, summer 28, Sunday,11120,16.8
frame,lgw,Year 2, summer 28, Sunday,11121,16.4
frame,lgw,Year 2, summer 28, Sunday,11122,16.7
frame,lgw,Year 2, summer 28, Sunday,11123,16.8
frame,lgw,Year 2, summer 28, Sunday,11124,16.5
frame,lgw,Year 2, summer 28, Sunday,11125,16.8
frame,lgw,Year 2, summer 28, Sunday,11126,16.8
frame,lgw,Year 2, summer 28, Sunday,11127,16.8
frame,lgw,Year 2, summer 28, Sunday,11128,16.2
frame,lgw,Year 2, summer 28, Sunday,11129,16.7
frame,lgw,Year 2, summer 28, Sunday,11130,16.6
frame,lgw,Year 2, summer 28, Sunday,11131,16.9
frame,lgw,Year 2, summer 28, Sunday,11132,17.5
frame,lgw,Year 2, summer 28, Sunday,11133,15.5
frame,lgw,Year 2, summer 28, Sunday,11134,16.7
frame,lgw,Year 2, summer 28, Sunday,11135,16.8
frame,lgw,Year 2, summer 28, Sunday,11136,16.6
frame,lgw,Year 2, summer 28, Sunday,11137,16.7
frame,lgw,Year 2, summer 28, Sunday,11138,16.7
frame,lgw,Year 2, summer 28, Sunday,11139,16.7
frame,lgw,Year 2, summer 28, Sunday,11140,18.5
frame,lgw,Year 2, summer 28, Sunday,11141,14.7
frame,lgw,Year 2, summer 28, Sunday,11142,18.0
frame,lgw,Year 2, summer 28, Sunday,11143,15.2
frame,lgw,Year 2, summer 28, Sunday,11144,16.9
frame,lgw,Year 2, summer 28, Sunday,11145,16.6
frame,lgw,Year 2, summer 28, Sunday,11146,16.6
frame,lgw,Year 2, summer 28, Sunday,11147,16.7
frame,lgw,Year 2, summer 28, Sunday,11148,16.6
frame,lgw,Year 2, summer 28, Sunday,11149,16.7
frame,lgw,Year 2, summer 28, Sunday,11150,16.7
frame,lgw,Year 2, summer 28, Sunday,11151,16.6
frame,lgw,Year 2, summer 28, Sunday,11152,16.8
frame,lgw,Year 2, summer 28, Sunday,11153,17.3
frame,lgw,Year 2, summer 28, Sunday,11154,16.0
frame,lgw,Year 2, summer 28, Sunday,11155,16.8
frame,lgw,Year 2, summer 28, Sunday,11156,16.8
frame,lgw,Year 2, summer 28, Sunday,11157,16.5
frame,lgw,Year 2, summer 28, Sunday,11158,16.7
frame,lgw,Year 2, summer 28, Sunday,11159,16.9
frame,lgw,Year 2, summer 28, Sunday,11160,16.4
frame,lgw,Year 2, summer 28, Sunday,11161,16.7
frame,lgw,Year 2, summer 28, Sunday,11162,16.6
frame,lgw,Year 2, summer 28, Sunday,11163,16.7
frame,lgw,Year 2, summer 28, Sunday,11164,16.6
frame,lgw,Year 2, summer 28, Sunday,11165,16.7
frame,lgw,Year 2, summer 28, Sunday,11166,16.6
frame,lgw,Year 2, summer 28, Sunday,11167,16.7
frame,lgw,Year 2, summer 28, Sunday,11168,16.7
frame,lgw,Year 2, summer 28, Sunday,11169,16.6
frame,lgw,Year 2, summer 28, Sunday,11170,16.8
frame,lgw,Year 2, summer 28, Sunday,11171,16.6
frame,lgw,Year 2, summer 28, Sunday,11172,16.7
frame,lgw,Year 2, summer 28, Sunday,11173,16.6
frame,lgw,Year 2, summer 28, Sunday,11174,16.7
frame,lgw,Year 2, summer 28, Sunday,11175,17.4
frame,lgw,Year 2, summer 28, Sunday,11176,16.6
frame,lgw,Year 2, summer 28, Sunday,11177,16.1
frame,lgw,Year 2, summer 28, Sunday,11178,16.6
frame,lgw,Year 2, summer 28, Sunday,11179,16.6
frame,lgw,Year 2, summer 28, Sunday,11180,17.5
frame,lgw,Year 2, summer 28, Sunday,11181,16.5
frame,lgw,Year 2, summer 28, Sunday,11182,16.2
frame,lgw,Year 2, summer 28, Sunday,11183,16.9
frame,lgw,Year 2, summer 28, Sunday,11184,16.6
frame,lgw,Year 2, summer 28, Sunday,11185,16.5
frame,lgw,Year 2, summer 28, Sunday,11186,16.7
frame,lgw,Year 2, summer 28, Sunday,11187,17.4
frame,lgw,Year 2, summer 28, Sunday,11188,15.8
frame,lgw,Year 2, summer 28, Sunday,11189,16.8
frame,lgw,Year 2, summer 28, Sunday,11190,16.6
frame,lgw,Year 2, summer 28, Sunday,11191,16.7
frame,lgw,Year 2, summer 28, Sunday,11192,16.7
frame,lgw,Year 2, summer 28, Sunday,11193,17.3
frame,lgw,Year 2, summer 28, Sunday,11194,15.9
frame,lgw,Year 2, summer 28, Sunday,11195,18.9
frame,lgw,Year 2, summer 28, Sunday,11196,14.5
frame,lgw,Year 2, summer 28, Sunday,11197,16.7
frame,lgw,Year 2, summer 28, Sunday,11198,16.7
frame,lgw,Year 2, summer 28, Sunday,11199,16.7
frame,lgw,Year 2, summer 28, Sunday,11200,18.0
frame,lgw,Year 2, summer 28, Sunday,11201,15.3
frame,lgw,Year 2, summer 28, Sunday,11202,17.0
frame,lgw,Year 2, summer 28, Sunday,11203,17.0
frame,lgw,Year 2, summer 28, Sunday,11204,16.0
frame,lgw,Year 2, summer 28, Sunday,11205,16.7
frame,lgw,Year 2, summer 28, Sunday,11206,16.9
frame,lgw,Year 2, summer 28, Sunday,11207,16.4
frame,lgw,Year 2, summer 28, Sunday,11208,16.6
frame,lgw,Year 2, summer 28, Sunday,11209,16.7
frame,lgw,Year 2, summer 28, Sunday,11210,16.7
frame,lgw,Year 2, summer 28, Sunday,11211,16.7
frame,lgw,Year 2, summer 28, Sunday,11212,16.6
frame,lgw,Year 2, summer 28, Sunday,11213,16.7
frame,lgw,Year 2, summer 28, Sunday,11214,16.6
frame,lgw,Year 2, summer 28, Sunday,11215,16.8
frame,lgw,Year 2, summer 28, Sunday,11216,23.2
frame,lgw,Year 2, summer 28, Sunday,11217,9.9
frame,lgw,Year 2, summer 28, Sunday,11218,16.6
frame,lgw,Year 2, summer 28, Sunday,11219,16.7
frame,lgw,Year 2, summer 28, Sunday,11220,16.6
frame,lgw,Year 2, summer 28, Sunday,11221,16.7
frame,lgw,Year 2, summer 28, Sunday,11222,16.7
frame,lgw,Year 2, summer 28, Sunday,11223,16.6
frame,lgw,Year 2, summer 28, Sunday,11224,18.2
frame,lgw,Year 2, summer 28, Sunday,11225,15.2
frame,lgw,Year 2, summer 28, Sunday,11226,16.5
frame,lgw,Year 2, summer 28, Sunday,11227,16.7
frame,lgw,Year 2, summer 28, Sunday,11228,16.7
frame,lgw,Year 2, summer 28, Sunday,11229,16.7
frame,lgw,Year 2, summer 28, Sunday,11230,16.7
frame,lgw,Year 2, summer 28, Sunday,11231,16.6
frame,lgw,Year 2, summer 28, Sunday,11232,16.6
frame,lgw,Year 2, summer 28, Sunday,11233,16.7
frame,lgw,Year 2, summer 28, Sunday,11234,16.8
frame,lgw,Year 2, summer 28, Sunday,11235,16.5
frame,lgw,Year 2, summer 28, Sunday,11236,16.8
frame,lgw,Year 2, summer 28, Sunday,11237,16.7
frame,lgw,Year 2, summer 28, Sunday,11238,16.6
frame,lgw,Year 2, summer 28, Sunday,11239,16.7
frame,lgw,Year 2, summer 28, Sunday,11240,16.7
frame,lgw,Year 2, summer 28, Sunday,11241,16.6
frame,lgw,Year 2, summer 28, Sunday,11242,16.6
frame,lgw,Year 2, summer 28, Sunday,11243,16.8
frame,lgw,Year 2, summer 28, Sunday,11244,16.6
frame,lgw,Year 2, summer 28, Sunday,11245,16.7
frame,lgw,Year 2, summer 28, Sunday,11246,16.8
frame,lgw,Year 2, summer 28, Sunday,11247,16.5
frame,lgw,Year 2, summer 28, Sunday,11248,19.1
frame,lgw,Year 2, summer 28, Sunday,11249,14.3
frame,lgw,Year 2, summer 28, Sunday,11250,16.8
frame,lgw,Year 2, summer 28, Sunday,11251,16.7
frame,lgw,Year 2, summer 28, Sunday,11252,16.8
frame,lgw,Year 2, summer 28, Sunday,11253,30.0
frame,lgw,Year 2, summer 28, Sunday,11254,5.9
frame,lgw,Year 2, summer 28, Sunday,11255,14.4
frame,lgw,Year 2, summer 28, Sunday,11256,17.7
frame,lgw,Year 2, summer 28, Sunday,11257,15.0
frame,lgw,Year 2, summer 28, Sunday,11258,16.8
frame,lgw,Year 2, summer 28, Sunday,11259,16.6
frame,lgw,Year 2, summer 28, Sunday,11260,16.6
frame,lgw,Year 2, summer 28, Sunday,11261,16.8
frame,lgw,Year 2, summer 28, Sunday,11262,16.6
frame,lgw,Year 2, summer 28, Sunday,11263,16.7
frame,lgw,Year 2, summer 28, Sunday,11264,16.7
frame,lgw,Year 2, summer 28, Sunday,11265,16.6
frame,lgw,Year 2, summer 28, Sunday,11266,16.8
frame,lgw,Year 2, summer 28, Sunday,11267,16.8
frame,lgw,Year 2, summer 28, Sunday,11268,16.5
frame,lgw,Year 2, summer 28, Sunday,11269,16.6
frame,lgw,Year 2, summer 28, Sunday,11270,16.9
frame,lgw,Year 2, summer 28, Sunday,11271,16.4
frame,lgw,Year 2, summer 28, Sunday,11272,16.7
frame,lgw,Year 2, summer 28, Sunday,11273,16.8
frame,lgw,Year 2, summer 28, Sunday,11274,16.6
frame,lgw,Year 2, summer 28, Sunday,11275,16.8
frame,lgw,Year 2, summer 28, Sunday,11276,16.5
frame,lgw,Year 2, summer 28, Sunday,11277,16.6
frame,lgw,Year 2, summer 28, Sunday,11278,16.9
frame,lgw,Year 2, summer 28, Sunday,11279,16.5
frame,lgw,Year 2, summer 28, Sunday,11280,16.6
frame,lgw,Year 2, summer 28, Sunday,11281,16.9
frame,lgw,Year 2, summer 28, Sunday,11282,16.4
frame,lgw,Year 2, summer 28, Sunday,11283,16.6
frame,lgw,Year 2, summer 28, Sunday,11284,16.7
frame,lgw,Year 2, summer 28, Sunday,11285,16.7
frame,lgw,Year 2, summer 28, Sunday,11286,16.6
frame,lgw,Year 2, summer 28, Sunday,11287,16.6
frame,lgw,Year 2, summer 28, Sunday,11288,16.7
frame,lgw,Year 2, summer 28, Sunday,11289,16.6
frame,lgw,Year 2, summer 28, Sunday,11290,17.1
frame,lgw,Year 2, summer 28, Sunday,11291,18.0
frame,lgw,Year 2, summer 28, Sunday,11292,15.3
frame,lgw,Year 2, summer 28, Sunday,11293,16.2
frame,lgw,Year 2, summer 28, Sunday,11294,16.7
frame,lgw,Year 2, summer 28, Sunday,11295,16.6
frame,lgw,Year 2, summer 28, Sunday,11296,16.8
frame,lgw,Year 2, summer 28, Sunday,11297,16.7
frame,lgw,Year 2, summer 28, Sunday,11298,16.7
frame,lgw,Year 2, summer 28, Sunday,11299,16.7
frame,lgw,Year 2, summer 28, Sunday,11300,17.8
frame,lgw,Year 2, summer 28, Sunday,11301,15.5
frame,lgw,Year 2, summer 28, Sunday,11302,16.8
frame,lgw,Year 2, summer 28, Sunday,11303,16.6
frame,lgw,Year 2, summer 28, Sunday,11304,19.1
frame,lgw,Year 2, summer 28, Sunday,11305,15.1
frame,lgw,Year 2, summer 28, Sunday,11306,15.8
frame,lgw,Year 2, summer 28, Sunday,11307,16.5
frame,lgw,Year 2, summer 28, Sunday,11308,17.0
frame,lgw,Year 2, summer 28, Sunday,11309,16.8
frame,lgw,Year 2, summer 28, Sunday,11310,16.3
frame,lgw,Year 2, summer 28, Sunday,11311,16.7
frame,lgw,Year 2, summer 28, Sunday,11312,16.6
frame,lgw,Year 2, summer 28, Sunday,11313,16.6
frame,lgw,Year 2, summer 28, Sunday,11314,16.7
frame,lgw,Year 2, summer 28, Sunday,11315,16.8
frame,lgw,Year 2, summer 28, Sunday,11316,16.4
frame,lgw,Year 2, summer 28, Sunday,11317,16.7
frame,lgw,Year 2, summer 28, Sunday,11318,16.8
frame,lgw,Year 2, summer 28, Sunday,11319,16.6
frame,lgw,Year 2, summer 28, Sunday,11320,16.7
frame,lgw,Year 2, summer 28, Sunday,11321,16.8
frame,lgw,Year 2, summer 28, Sunday,11322,16.6
frame,lgw,Year 2, summer 28, Sunday,11323,16.7
frame,lgw,Year 2, summer 28, Sunday,11324,17.7
frame,lgw,Year 2, summer 28, Sunday,11325,15.6
frame,lgw,Year 2, summer 28, Sunday,11326,16.7
frame,lgw,Year 2, summer 28, Sunday,11327,16.8
frame,lgw,Year 2, summer 28, Sunday,11328,16.6
frame,lgw,Year 2, summer 28, Sunday,11329,16.7
frame,lgw,Year 2, summer 28, Sunday,11330,16.8
frame,lgw,Year 2, summer 28, Sunday,11331,16.6
frame,lgw,Year 2, summer 28, Sunday,11332,16.7
frame,lgw,Year 2, summer 28, Sunday,11333,16.7
frame,lgw,Year 2, summer 28, Sunday,11334,16.8
frame,lgw,Year 2, summer 28, Sunday,11335,16.5
frame,lgw,Year 2, summer 28, Sunday,11336,16.9
frame,lgw,Year 2, summer 28, Sunday,11337,17.7
frame,lgw,Year 2, summer 28, Sunday,11338,15.4
frame,lgw,Year 2, summer 28, Sunday,11339,16.6
frame,lgw,Year 2, summer 28, Sunday,11340,16.7
frame,lgw,Year 2, summer 28, Sunday,11341,16.6
frame,lgw,Year 2, summer 28, Sunday,11342,16.8
frame,lgw,Year 2, summer 28, Sunday,11343,16.6
frame,lgw,Year 2, summer 28, Sunday,11344,16.6
frame,lgw,Year 2, summer 28, Sunday,11345,16.8
frame,lgw,Year 2, summer 28, Sunday,11346,16.5
frame,lgw,Year 2, summer 28, Sunday,11347,17.1
frame,lgw,Year 2, summer 28, Sunday,11348,16.3
frame,lgw,Year 2, summer 28, Sunday,11349,16.7
frame,lgw,Year 2, summer 28, Sunday,11350,16.5
frame,lgw,Year 2, summer 28, Sunday,11351,16.7
frame,lgw,Year 2, summer 28, Sunday,11352,16.7
frame,lgw,Year 2, summer 28, Sunday,11353,16.6
frame,lgw,Year 2, summer 28, Sunday,11354,16.7
frame,lgw,Year 2, summer 28, Sunday,11355,16.6
frame,lgw,Year 2, summer 28, Sunday,11356,17.1
frame,lgw,Year 2, summer 28, Sunday,11357,16.3
frame,lgw,Year 2, summer 28, Sunday,11358,16.9
frame,lgw,Year 2, summer 28, Sunday,11359,16.4
frame,lgw,Year 2, summer 28, Sunday,11360,16.7
frame,lgw,Year 2, summer 28, Sunday,11361,16.6
frame,lgw,Year 2, summer 28, Sunday,11362,16.8
frame,lgw,Year 2, summer 28, Sunday,11363,16.6
frame,lgw,Year 2, summer 28, Sunday,11364,16.6
frame,lgw,Year 2, summer 28, Sunday,11365,16.6
frame,lgw,Year 2, summer 28, Sunday,11366,16.7
frame,lgw,Year 2, summer 28, Sunday,11367,16.7
frame,lgw,Year 2, summer 28, Sunday,11368,16.6
frame,lgw,Year 2, summer 28, Sunday,11369,18.3
frame,lgw,Year 2, summer 28, Sunday,11370,16.6
frame,lgw,Year 2, summer 28, Sunday,11371,15.0
frame,lgw,Year 2, summer 28, Sunday,11372,16.8
frame,lgw,Year 2, summer 28, Sunday,11373,16.5
frame,lgw,Year 2, summer 28, Sunday,11374,16.8
frame,lgw,Year 2, summer 28, Sunday,11375,16.8
frame,lgw,Year 2, summer 28, Sunday,11376,16.6
frame,lgw,Year 2, summer 28, Sunday,11377,16.8
frame,lgw,Year 2, summer 28, Sunday,11378,16.4
frame,lgw,Year 2, summer 28, Sunday,11379,16.7
frame,lgw,Year 2, summer 28, Sunday,11380,19.6
frame,lgw,Year 2, summer 28, Sunday,11381,18.4
frame,lgw,Year 2, summer 28, Sunday,11382,11.8
frame,lgw,Year 2, summer 28, Sunday,11383,16.7
frame,lgw,Year 2, summer 28, Sunday,11384,16.7
frame,lgw,Year 2, summer 28, Sunday,11385,16.6
frame,lgw,Year 2, summer 28, Sunday,11386,16.7
frame,lgw,Year 2, summer 28, Sunday,11387,16.8
frame,lgw,Year 2, summer 28, Sunday,11388,17.1
frame,lgw,Year 2, summer 28, Sunday,11389,16.1
frame,lgw,Year 2, summer 28, Sunday,11390,16.7
frame,lgw,Year 2, summer 28, Sunday,11391,16.6
frame,lgw,Year 2, summer 28, Sunday,11392,16.8
frame,lgw,Year 2, summer 28, Sunday,11393,16.5
frame,lgw,Year 2, summer 28, Sunday,11394,16.9
frame,lgw,Year 2, summer 28, Sunday,11395,16.6
frame,lgw,Year 2, summer 28, Sunday,11396,16.8
frame,lgw,Year 2, summer 28, Sunday,11397,17.6
frame,lgw,Year 2, summer 28, Sunday,11398,15.5
frame,lgw,Year 2, summer 28, Sunday,11399,16.7
frame,lgw,Year 2, summer 28, Sunday,11400,16.6
frame,lgw,Year 2, summer 28, Sunday,11401,16.8
frame,lgw,Year 2, summer 28, Sunday,11402,16.6
frame,lgw,Year 2, summer 28, Sunday,11403,16.7
frame,lgw,Year 2, summer 28, Sunday,11404,16.6
frame,lgw,Year 2, summer 28, Sunday,11405,16.7
frame,lgw,Year 2, summer 28, Sunday,11406,16.6
frame,lgw,Year 2, summer 28, Sunday,11407,16.6
frame,lgw,Year 2, summer 28, Sunday,11408,16.7
frame,lgw,Year 2, summer 28, Sunday,11409,16.6
frame,lgw,Year 2, summer 28, Sunday,11410,17.0
frame,lgw,Year 2, summer 28, Sunday,11411,16.3
frame,lgw,Year 2, summer 28, Sunday,11412,16.7
frame,lgw,Year 2, summer 28, Sunday,11413,16.7
frame,lgw,Year 2, summer 28, Sunday,11414,16.7
frame,lgw,Year 2, summer 28, Sunday,11415,16.9
frame,lgw,Year 2, summer 28, Sunday,11416,16.4
frame,lgw,Year 2, summer 28, Sunday,11417,16.7
frame,lgw,Year 2, summer 28, Sunday,11418,16.6
frame,lgw,Year 2, summer 28, Sunday,11419,16.8
frame,lgw,Year 2, summer 28, Sunday,11420,16.6
frame,lgw,Year 2, summer 28, Sunday,11421,16.7
frame,lgw,Year 2, summer 28, Sunday,11422,16.9
frame,lgw,Year 2, summer 28, Sunday,11423,16.5
frame,lgw,Year 2, summer 28, Sunday,11424,16.7
frame,lgw,Year 2, summer 28, Sunday,11425,16.8
frame,lgw,Year 2, summer 28, Sunday,11426,16.7
frame,lgw,Year 2, summer 28, Sunday,11427,16.4
frame,lgw,Year 2, summer 28, Sunday,11428,16.7
frame,lgw,Year 2, summer 28, Sunday,11429,16.7
frame,lgw,Year 2, summer 28, Sunday,11430,16.6
frame,lgw,Year 2, summer 28, Sunday,11431,16.7
frame,lgw,Year 2, summer 28, Sunday,11432,16.7
frame,lgw,Year 2, summer 28, Sunday,11433,16.5
frame,lgw,Year 2, summer 28, Sunday,11434,16.7
frame,lgw,Year 2, summer 28, Sunday,11435,50.1
frame,lgw,Year 2, summer 28, Sunday,11436,33.0
frame,lgw,Year 2, summer 28, Sunday,11437,0.9
frame,lgw,Year 2, summer 28, Sunday,11438,0.8
frame,lgw,Year 2, summer 28, Sunday,11439,1.5
frame,lgw,Year 2, summer 28, Sunday,11440,15.3
frame,lgw,Year 2, summer 28, Sunday,11441,15.1
frame,lgw,Year 2, summer 28, Sunday,11442,16.8
frame,lgw,Year 2, summer 28, Sunday,11443,16.4
frame,lgw,Year 2, summer 28, Sunday,11444,16.7
frame,lgw,Year 2, summer 28, Sunday,11445,19.3
frame,lgw,Year 2, summer 28, Sunday,11446,14.1
frame,lgw,Year 2, summer 28, Sunday,11447,16.8
frame,lgw,Year 2, summer 28, Sunday,11448,16.5
frame,lgw,Year 2, summer 28, Sunday,11449,16.8
frame,lgw,Year 2, summer 28, Sunday,11450,16.6
frame,lgw,Year 2, summer 28, Sunday,11451,16.6
frame,lgw,Year 2, summer 28, Sunday,11452,18.0
frame,lgw,Year 2, summer 28, Sunday,11453,15.4
frame,lgw,Year 2, summer 28, Sunday,11454,16.7
frame,lgw,Year 2, summer 28, Sunday,11455,16.6
frame,lgw,Year 2, summer 28, Sunday,11456,16.8
frame,lgw,Year 2, summer 28, Sunday,11457,16.6
frame,lgw,Year 2, summer 28, Sunday,11458,17.9
frame,lgw,Year 2, summer 28, Sunday,11459,15.5
frame,lgw,Year 2, summer 28, Sunday,11460,16.6
frame,lgw,Year 2, summer 28, Sunday,11461,16.6
frame,lgw,Year 2, summer 28, Sunday,11462,16.8
frame,lgw,Year 2, summer 28, Sunday,11463,16.6
frame,lgw,Year 2, summer 28, Sunday,11464,16.6
frame,lgw,Year 2, summer 28, Sunday,11465,16.8
frame,lgw,Year 2, summer 28, Sunday,11466,16.6
frame,lgw,Year 2, summer 28, Sunday,11467,17.1
frame,lgw,Year 2, summer 28, Sunday,11468,16.2
frame,lgw,Year 2, summer 28, Sunday,11469,16.6
frame,lgw,Year 2, summer 28, Sunday,11470,16.8
frame,lgw,Year 2, summer 28, Sunday,11471,16.8
frame,lgw,Year 2, summer 28, Sunday,11472,16.5
frame,lgw,Year 2, summer 28, Sunday,11473,16.8
frame,lgw,Year 2, summer 28, Sunday,11474,16.6
frame,lgw,Year 2, summer 28, Sunday,11475,16.6
frame,lgw,Year 2, summer 28, Sunday,11476,16.7
frame,lgw,Year 2, summer 28, Sunday,11477,16.7
frame,lgw,Year 2, summer 28, Sunday,11478,16.6
frame,lgw,Year 2, summer 28, Sunday,11479,16.7
frame,lgw,Year 2, summer 28, Sunday,11480,18.0
frame,lgw,Year 2, summer 28, Sunday,11481,15.3
frame,lgw,Year 2, summer 28, Sunday,11482,18.2
frame,lgw,Year 2, summer 28, Sunday,11483,15.1
frame,lgw,Year 2, summer 28, Sunday,11484,16.6
frame,lgw,Year 2, summer 28, Sunday,11485,16.7
frame,lgw,Year 2, summer 28, Sunday,11486,16.8
frame,lgw,Year 2, summer 28, Sunday,11487,16.5
frame,lgw,Year 2, summer 28, Sunday,11488,16.7
frame,lgw,Year 2, summer 28, Sunday,11489,16.7
frame,lgw,Year 2, summer 28, Sunday,11490,16.7
frame,lgw,Year 2, summer 28, Sunday,11491,16.6
frame,lgw,Year 2, summer 28, Sunday,11492,16.7
frame,lgw,Year 2, summer 28, Sunday,11493,16.7
frame,lgw,Year 2, summer 28, Sunday,11494,16.7
frame,lgw,Year 2, summer 28, Sunday,11495,16.7
frame,lgw,Year 2, summer 28, Sunday,11496,16.7
frame,lgw,Year 2, summer 28, Sunday,11497,16.6
frame,lgw,Year 2, summer 28, Sunday,11498,16.7
frame,lgw,Year 2, summer 28, Sunday,11499,16.6
frame,lgw,Year 2, summer 28, Sunday,11500,16.7
frame,lgw,Year 2, summer 28, Sunday,11501,16.7
frame,lgw,Year 2, summer 28, Sunday,11502,16.7
frame,lgw,Year 2, summer 28, Sunday,11503,17.1
frame,lgw,Year 2, summer 28, Sunday,11504,16.4
frame,lgw,Year 2, summer 28, Sunday,11505,16.7
frame,lgw,Year 2, summer 28, Sunday,11506,16.5
frame,lgw,Year 2, summer 28, Sunday,11507,16.8
frame,lgw,Year 2, summer 28, Sunday,11508,16.5
frame,lgw,Year 2, summer 28, Sunday,11509,16.7
frame,lgw,Year 2, summer 28, Sunday,11510,16.8
frame,lgw,Year 2, summer 28, Sunday,11511,16.6
frame,lgw,Year 2, summer 28, Sunday,11512,17.1
frame,lgw,Year 2, summer 28, Sunday,11513,16.1
frame,lgw,Year 2, summer 28, Sunday,11514,16.7
frame,lgw,Year 2, summer 28, Sunday,11515,16.7
frame,lgw,Year 2, summer 28, Sunday,11516,16.9
frame,lgw,Year 2, summer 28, Sunday,11517,16.5
frame,lgw,Year 2, summer 28, Sunday,11518,16.6
frame,lgw,Year 2, summer 28, Sunday,11519,16.8
frame,lgw,Year 2, summer 28, Sunday,11520,16.5
frame,lgw,Year 2, summer 28, Sunday,11521,16.7
frame,lgw,Year 2, summer 28, Sunday,11522,16.7
frame,lgw,Year 2, summer 28, Sunday,11523,16.6
frame,lgw,Year 2, summer 28, Sunday,11524,16.7
frame,lgw,Year 2, summer 28, Sunday,11525,29.9
frame,lgw,Year 2, summer 28, Sunday,11526,3.4
frame,lgw,Year 2, summer 28, Sunday,11527,16.7
frame,lgw,Year 2, summer 28, Sunday,11528,16.7
frame,lgw,Year 2, summer 28, Sunday,11529,16.6
frame,lgw,Year 2, summer 28, Sunday,11530,18.0
frame,lgw,Year 2, summer 28, Sunday,11531,16.5
frame,lgw,Year 2, summer 28, Sunday,11532,15.5
frame,lgw,Year 2, summer 28, Sunday,11533,16.6
frame,lgw,Year 2, summer 28, Sunday,11534,16.7
frame,lgw,Year 2, summer 28, Sunday,11535,16.6
frame,lgw,Year 2, summer 28, Sunday,11536,16.6
frame,lgw,Year 2, summer 28, Sunday,11537,16.7
frame,lgw,Year 2, summer 28, Sunday,11538,16.6
frame,lgw,Year 2, summer 28, Sunday,11539,16.7
frame,lgw,Year 2, summer 28, Sunday,11540,16.8
frame,lgw,Year 2, summer 28, Sunday,11541,16.6
frame,lgw,Year 2, summer 28, Sunday,11542,16.6
frame,lgw,Year 2, summer 28, Sunday,11543,16.7
frame,lgw,Year 2, summer 28, Sunday,11544,17.2
frame,lgw,Year 2, summer 28, Sunday,11545,16.2
frame,lgw,Year 2, summer 28, Sunday,11546,16.7
frame,lgw,Year 2, summer 28, Sunday,11547,16.5
frame,lgw,Year 2, summer 28, Sunday,11548,16.6
frame,lgw,Year 2, summer 28, Sunday,11549,16.7
frame,lgw,Year 2, summer 28, Sunday,11550,16.7
frame,lgw,Year 2, summer 28, Sunday,11551,16.7
frame,lgw,Year 2, summer 28, Sunday,11552,17.7
frame,lgw,Year 2, summer 28, Sunday,11553,15.6
frame,lgw,Year 2, summer 28, Sunday,11554,16.7
frame,lgw,Year 2, summer 28, Sunday,11555,16.7
frame,lgw,Year 2, summer 28, Sunday,11556,16.6
frame,lgw,Year 2, summer 28, Sunday,11557,16.7
frame,lgw,Year 2, summer 28, Sunday,11558,16.6
frame,lgw,Year 2, summer 28, Sunday,11559,16.7
frame,lgw,Year 2, summer 28, Sunday,11560,16.7
frame,lgw,Year 2, summer 28, Sunday,11561,16.6
frame,lgw,Year 2, summer 28, Sunday,11562,16.6
frame,lgw,Year 2, summer 28, Sunday,11563,16.6
frame,lgw,Year 2, summer 28, Sunday,11564,16.8
frame,lgw,Year 2, summer 28, Sunday,11565,16.7
frame,lgw,Year 2, summer 28, Sunday,11566,17.7
frame,lgw,Year 2, summer 28, Sunday,11567,15.6
frame,lgw,Year 2, summer 28, Sunday,11568,16.7
frame,lgw,Year 2, summer 28, Sunday,11569,16.6
frame,lgw,Year 2, summer 28, Sunday,11570,16.7
frame,lgw,Year 2, summer 28, Sunday,11571,16.8
frame,lgw,Year 2, summer 28, Sunday,11572,16.6
frame,lgw,Year 2, summer 28, Sunday,11573,16.7
frame,lgw,Year 2, summer 28, Sunday,11574,16.6
frame,lgw,Year 2, summer 28, Sunday,11575,16.7
frame,lgw,Year 2, summer 28, Sunday,11576,16.7
frame,lgw,Year 2, summer 28, Sunday,11577,17.9
frame,lgw,Year 2, summer 28, Sunday,11578,15.5
frame,lgw,Year 2, summer 28, Sunday,11579,16.8
frame,lgw,Year 2, summer 28, Sunday,11580,16.4
frame,lgw,Year 2, summer 28, Sunday,11581,16.6
frame,lgw,Year 2, summer 28, Sunday,11582,16.8
frame,lgw,Year 2, summer 28, Sunday,11583,16.6
frame,lgw,Year 2, summer 28, Sunday,11584,16.6
frame,lgw,Year 2, summer 28, Sunday,11585,17.8
frame,lgw,Year 2, summer 28, Sunday,11586,15.6
frame,lgw,Year 2, summer 28, Sunday,11587,16.6
frame,lgw,Year 2, summer 28, Sunday,11588,18.1
frame,lgw,Year 2, summer 28, Sunday,11589,15.4
frame,lgw,Year 2, summer 28, Sunday,11590,16.6
frame,lgw,Year 2, summer 28, Sunday,11591,16.8
frame,lgw,Year 2, summer 28, Sunday,11592,16.5
frame,lgw,Year 2, summer 28, Sunday,11593,16.7
frame,lgw,Year 2, summer 28, Sunday,11594,16.6
frame,lgw,Year 2, summer 28, Sunday,11595,16.6
frame,lgw,Year 2, summer 28, Sunday,11596,16.9
frame,lgw,Year 2, summer 28, Sunday,11597,16.5
frame,lgw,Year 2, summer 28, Sunday,11598,16.6
frame,lgw,Year 2, summer 28, Sunday,11599,16.7
frame,lgw,Year 2, summer 28, Sunday,11600,16.7
frame,lgw,Year 2, summer 28, Sunday,11601,16.7
frame,lgw,Year 2, summer 28, Sunday,11602,16.6
frame,lgw,Year 2, summer 28, Sunday,11603,16.8
frame,lgw,Year 2, summer 28, Sunday,11604,16.6
frame,lgw,Year 2, summer 28, Sunday,11605,16.7
frame,lgw,Year 2, summer 28, Sunday,11606,16.8
frame,lgw,Year 2, summer 28, Sunday,11607,16.5
frame,lgw,Year 2, summer 28, Sunday,11608,16.7
frame,lgw,Year 2, summer 28, Sunday,11609,16.8
frame,lgw,Year 2, summer 28, Sunday,11610,16.5
frame,lgw,Year 2, summer 28, Sunday,11611,16.7
frame,lgw,Year 2, summer 28, Sunday,11612,19.6
frame,lgw,Year 2, summer 28, Sunday,11613,13.7
frame,lgw,Year 2, summer 28, Sunday,11614,16.7
frame,lgw,Year 2, summer 28, Sunday,11615,16.7
frame,lgw,Year 2, summer 28, Sunday,11616,16.6
frame,lgw,Year 2, summer 28, Sunday,11617,16.7
frame,lgw,Year 2, summer 28, Sunday,11618,16.7
frame,lgw,Year 2, summer 28, Sunday,11619,16.6
frame,lgw,Year 2, summer 28, Sunday,11620,16.7
frame,lgw,Year 2, summer 28, Sunday,11621,16.9
frame,lgw,Year 2, summer 28, Sunday,11622,16.5
frame,lgw,Year 2, summer 28, Sunday,11623,16.7
frame,lgw,Year 2, summer 28, Sunday,11624,16.7
frame,lgw,Year 2, summer 28, Sunday,11625,16.6
frame,lgw,Year 2, summer 28, Sunday,11626,16.7
frame,lgw,Year 2, summer 28, Sunday,11627,16.8
frame,lgw,Year 2, summer 28, Sunday,11628,16.5
frame,lgw,Year 2, summer 28, Sunday,11629,16.6
frame,lgw,Year 2, summer 28, Sunday,11630,16.7
frame,lgw,Year 2, summer 28, Sunday,11631,16.7
frame,lgw,Year 2, summer 28, Sunday,11632,16.6
frame,lgw,Year 2, summer 28, Sunday,11633,16.7
frame,lgw,Year 2, summer 28, Sunday,11634,16.7
frame,lgw,Year 2, summer 28, Sunday,11635,16.5
frame,lgw,Year 2, summer 28, Sunday,11636,16.7
frame,lgw,Year 2, summer 28, Sunday,11637,16.6
frame,lgw,Year 2, summer 28, Sunday,11638,18.2
frame,lgw,Year 2, summer 28, Sunday,11639,17.5
frame,lgw,Year 2, summer 28, Sunday,11640,14.5
frame,lgw,Year 2, summer 28, Sunday,11641,16.5
frame,lgw,Year 2, summer 28, Sunday,11642,17.5
frame,lgw,Year 2, summer 28, Sunday,11643,16.3
frame,lgw,Year 2, summer 28, Sunday,11644,16.2
frame,lgw,Year 2, summer 28, Sunday,11645,17.7
frame,lgw,Year 2, summer 28, Sunday,11646,15.7
frame,lgw,Year 2, summer 28, Sunday,11647,16.8
frame,lgw,Year 2, summer 28, Sunday,11648,16.6
frame,lgw,Year 2, summer 28, Sunday,11649,16.7
frame,lgw,Year 2, summer 28, Sunday,11650,16.5
frame,lgw,Year 2, summer 28, Sunday,11651,16.7
frame,lgw,Year 2, summer 28, Sunday,11652,16.6
frame,lgw,Year 2, summer 28, Sunday,11653,16.7
frame,lgw,Year 2, summer 28, Sunday,11654,17.8
frame,lgw,Year 2, summer 28, Sunday,11655,15.5
frame,lgw,Year 2, summer 28, Sunday,11656,16.7
frame,lgw,Year 2, summer 28, Sunday,11657,16.8
frame,lgw,Year 2, summer 28, Sunday,11658,16.6
frame,lgw,Year 2, summer 28, Sunday,11659,16.6
frame,lgw,Year 2, summer 28, Sunday,11660,16.7
frame,lgw,Year 2, summer 28, Sunday,11661,16.8
frame,lgw,Year 2, summer 28, Sunday,11662,16.5
frame,lgw,Year 2, summer 28, Sunday,11663,16.7
frame,lgw,Year 2, summer 28, Sunday,11664,16.5
frame,lgw,Year 2, summer 28, Sunday,11665,19.2
frame,lgw,Year 2, summer 28, Sunday,11666,14.2
frame,lgw,Year 2, summer 28, Sunday,11667,16.6
frame,lgw,Year 2, summer 28, Sunday,11668,16.7
frame,lgw,Year 2, summer 28, Sunday,11669,16.7
frame,lgw,Year 2, summer 28, Sunday,11670,16.6
frame,lgw,Year 2, summer 28, Sunday,11671,16.7
frame,lgw,Year 2, summer 28, Sunday,11672,16.7
frame,lgw,Year 2, summer 28, Sunday,11673,16.7
frame,lgw,Year 2, summer 28, Sunday,11674,16.6
frame,lgw,Year 2, summer 28, Sunday,11675,16.7
frame,lgw,Year 2, summer 28, Sunday,11676,16.6
frame,lgw,Year 2, summer 28, Sunday,11677,16.6
frame,lgw,Year 2, summer 28, Sunday,11678,16.7
frame,lgw,Year 2, summer 28, Sunday,11679,16.6
frame,lgw,Year 2, summer 28, Sunday,11680,16.6
frame,lgw,Year 2, summer 28, Sunday,11681,16.8
frame,lgw,Year 2, summer 28, Sunday,11682,16.6
frame,lgw,Year 2, summer 28, Sunday,11683,16.6
frame,lgw,Year 2, summer 28, Sunday,11684,16.8
frame,lgw,Year 2, summer 28, Sunday,11685,16.5
frame,lgw,Year 2, summer 28, Sunday,11686,16.8
frame,lgw,Year 2, summer 28, Sunday,11687,16.5
frame,lgw,Year 2, summer 28, Sunday,11688,16.7
frame,lgw,Year 2, summer 28, Sunday,11689,16.7
frame,lgw,Year 2, summer 28, Sunday,11690,16.7
frame,lgw,Year 2, summer 28, Sunday,11691,16.6
frame,lgw,Year 2, summer 28, Sunday,11692,16.7
frame,lgw,Year 2, summer 28, Sunday,11693,16.6
frame,lgw,Year 2, summer 28, Sunday,11694,16.7
frame,lgw,Year 2, summer 28, Sunday,11695,16.7
frame,lgw,Year 2, summer 28, Sunday,11696,16.8
frame,lgw,Year 2, summer 28, Sunday,11697,16.6
frame,lgw,Year 2, summer 28, Sunday,11698,16.9
frame,lgw,Year 2, summer 28, Sunday,11699,16.5
frame,lgw,Year 2, summer 28, Sunday,11700,16.6
frame,lgw,Year 2, summer 28, Sunday,11701,16.7
frame,lgw,Year 2, summer 28, Sunday,11702,16.7
frame,lgw,Year 2, summer 28, Sunday,11703,16.6
frame,lgw,Year 2, summer 28, Sunday,11704,16.6
frame,lgw,Year 2, summer 28, Sunday,11705,16.7
frame,lgw,Year 2, summer 28, Sunday,11706,16.8
frame,lgw,Year 2, summer 28, Sunday,11707,16.6
frame,lgw,Year 2, summer 28, Sunday,11708,16.8
frame,lgw,Year 2, summer 28, Sunday,11709,16.6
frame,lgw,Year 2, summer 28, Sunday,11710,16.7
frame,lgw,Year 2, summer 28, Sunday,11711,16.7
frame,lgw,Year 2, summer 28, Sunday,11712,16.7
frame,lgw,Year 2, summer 28, Sunday,11713,16.7
frame,lgw,Year 2, summer 28, Sunday,11714,16.7
frame,lgw,Year 2, summer 28, Sunday,11715,16.6
frame,lgw,Year 2, summer 28, Sunday,11716,17.1
frame,lgw,Year 2, summer 28, Sunday,11717,16.3
frame,lgw,Year 2, summer 28, Sunday,11718,16.6
frame,lgw,Year 2, summer 28, Sunday,11719,16.7
frame,lgw,Year 2, summer 28, Sunday,11720,16.7
frame,lgw,Year 2, summer 28, Sunday,11721,16.7
frame,lgw,Year 2, summer 28, Sunday,11722,16.7
frame,lgw,Year 2, summer 28, Sunday,11723,16.8
frame,lgw,Year 2, summer 28, Sunday,11724,16.7
frame,lgw,Year 2, summer 28, Sunday,11725,16.6
frame,lgw,Year 2, summer 28, Sunday,11726,16.7
frame,lgw,Year 2, summer 28, Sunday,11727,16.6
frame,lgw,Year 2, summer 28, Sunday,11728,16.6
frame,lgw,Year 2, summer 28, Sunday,11729,16.8
frame,lgw,Year 2, summer 28, Sunday,11730,16.5
frame,lgw,Year 2, summer 28, Sunday,11731,16.7
frame,lgw,Year 2, summer 28, Sunday,11732,16.8
frame,lgw,Year 2, summer 28, Sunday,11733,16.6
frame,lgw,Year 2, summer 28, Sunday,11734,16.7
frame,lgw,Year 2, summer 28, Sunday,11735,16.6
frame,lgw,Year 2, summer 28, Sunday,11736,16.7
frame,lgw,Year 2, summer 28, Sunday,11737,16.6
frame,lgw,Year 2, summer 28, Sunday,11738,16.7
frame,lgw,Year 2, summer 28, Sunday,11739,16.6
frame,lgw,Year 2, summer 28, Sunday,11740,16.7
frame,lgw,Year 2, summer 28, Sunday,11741,16.7
frame,lgw,Year 2, summer 28, Sunday,11742,16.6
frame,lgw,Year 2, summer 28, Sunday,11743,17.1
frame,lgw,Year 2, summer 28, Sunday,11744,16.3
frame,lgw,Year 2, summer 28, Sunday,11745,16.7
frame,lgw,Year 2, summer 28, Sunday,11746,16.6
frame,lgw,Year 2, summer 28, Sunday,11747,16.7
frame,lgw,Year 2, summer 28, Sunday,11748,16.6
frame,lgw,Year 2, summer 28, Sunday,11749,16.8
frame,lgw,Year 2, summer 28, Sunday,11750,16.8
frame,lgw,Year 2, summer 28, Sunday,11751,16.4
frame,lgw,Year 2, summer 28, Sunday,11752,16.7
frame,lgw,Year 2, summer 28, Sunday,11753,16.7
frame,lgw,Year 2, summer 28, Sunday,11754,16.6
frame,lgw,Year 2, summer 28, Sunday,11755,16.6
frame,lgw,Year 2, summer 28, Sunday,11756,16.7
frame,lgw,Year 2, summer 28, Sunday,11757,16.6
frame,lgw,Year 2, summer 28, Sunday,11758,16.7
frame,lgw,Year 2, summer 28, Sunday,11759,16.9
frame,lgw,Year 2, summer 28, Sunday,11760,16.4
frame,lgw,Year 2, summer 28, Sunday,11761,16.7
frame,lgw,Year 2, summer 28, Sunday,11762,16.9
frame,lgw,Year 2, summer 28, Sunday,11763,16.5
frame,lgw,Year 2, summer 28, Sunday,11764,16.6
frame,lgw,Year 2, summer 28, Sunday,11765,16.7
frame,lgw,Year 2, summer 28, Sunday,11766,16.6
frame,lgw,Year 2, summer 28, Sunday,11767,16.7
frame,lgw,Year 2, summer 28, Sunday,11768,16.6
frame,lgw,Year 2, summer 28, Sunday,11769,16.7
frame,lgw,Year 2, summer 28, Sunday,11770,16.6
frame,lgw,Year 2, summer 28, Sunday,11771,16.8
frame,lgw,Year 2, summer 28, Sunday,11772,16.6
frame,lgw,Year 2, summer 28, Sunday,11773,18.9
frame,lgw,Year 2, summer 28, Sunday,11774,14.5
frame,lgw,Year 2, summer 28, Sunday,11775,16.9
frame,lgw,Year 2, summer 28, Sunday,11776,16.7
frame,lgw,Year 2, summer 28, Sunday,11777,16.7
frame,lgw,Year 2, summer 28, Sunday,11778,16.4
frame,lgw,Year 2, summer 28, Sunday,11779,16.7
frame,lgw,Year 2, summer 28, Sunday,11780,16.8
frame,lgw,Year 2, summer 28, Sunday,11781,16.6
frame,lgw,Year 2, summer 28, Sunday,11782,16.7
frame,lgw,Year 2, summer 28, Sunday,11783,16.6
frame,lgw,Year 2, summer 28, Sunday,11784,16.6
frame,lgw,Year 2, summer 28, Sunday,11785,17.3
frame,lgw,Year 2, summer 28, Sunday,11786,16.2
frame,lgw,Year 2, summer 28, Sunday,11787,16.6
frame,lgw,Year 2, summer 28, Sunday,11788,16.8
frame,lgw,Year 2, summer 28, Sunday,11789,16.7
frame,lgw,Year 2, summer 28, Sunday,11790,16.6
frame,lgw,Year 2, summer 28, Sunday,11791,16.7
frame,lgw,Year 2, summer 28, Sunday,11792,16.7
frame,lgw,Year 2, summer 28, Sunday,11793,16.7
frame,lgw,Year 2, summer 28, Sunday,11794,16.6
frame,lgw,Year 2, summer 28, Sunday,11795,16.7
frame,lgw,Year 2, summer 28, Sunday,11796,16.6
frame,lgw,Year 2, summer 28, Sunday,11797,16.8
frame,lgw,Year 2, summer 28, Sunday,11798,16.7
frame,lgw,Year 2, summer 28, Sunday,11799,16.6
frame,lgw,Year 2, summer 28, Sunday,11800,16.7
frame,lgw,Year 2, summer 28, Sunday,11801,17.0
frame,lgw,Year 2, summer 28, Sunday,11802,16.8
frame,lgw,Year 2, summer 28, Sunday,11803,16.2
frame,lgw,Year 2, summer 28, Sunday,11804,16.9
frame,lgw,Year 2, summer 28, Sunday,11805,16.5
frame,lgw,Year 2, summer 28, Sunday,11806,16.6
frame,lgw,Year 2, summer 28, Sunday,11807,16.7
frame,lgw,Year 2, summer 28, Sunday,11808,16.6
frame,lgw,Year 2, summer 28, Sunday,11809,16.7
frame,lgw,Year 2, summer 28, Sunday,11810,16.8
frame,lgw,Year 2, summer 28, Sunday,11811,16.5
frame,lgw,Year 2, summer 28, Sunday,11812,16.7
frame,lgw,Year 2, summer 28, Sunday,11813,16.8
frame,lgw,Year 2, summer 28, Sunday,11814,16.6
frame,lgw,Year 2, summer 28, Sunday,11815,16.7
frame,lgw,Year 2, summer 28, Sunday,11816,16.6
frame,lgw,Year 2, summer 28, Sunday,11817,18.3
frame,lgw,Year 2, summer 28, Sunday,11818,15.0
frame,lgw,Year 2, summer 28, Sunday,11819,16.7
frame,lgw,Year 2, summer 28, Sunday,11820,16.6
frame,lgw,Year 2, summer 28, Sunday,11821,16.7
frame,lgw,Year 2, summer 28, Sunday,11822,16.7
frame,lgw,Year 2, summer 28, Sunday,11823,16.6
frame,lgw,Year 2, summer 28, Sunday,11824,16.6
frame,lgw,Year 2, summer 28, Sunday,11825,17.2
frame,lgw,Year 2, summer 28, Sunday,11826,16.1
frame,lgw,Year 2, summer 28, Sunday,11827,18.3
frame,lgw,Year 2, summer 28, Sunday,11828,15.1
frame,lgw,Year 2, summer 28, Sunday,11829,16.5
frame,lgw,Year 2, summer 28, Sunday,11830,16.7
frame,lgw,Year 2, summer 28, Sunday,11831,16.7
frame,lgw,Year 2, summer 28, Sunday,11832,16.6
frame,lgw,Year 2, summer 28, Sunday,11833,16.6
frame,lgw,Year 2, summer 28, Sunday,11834,16.8
frame,lgw,Year 2, summer 28, Sunday,11835,16.6
frame,lgw,Year 2, summer 28, Sunday,11836,16.6
frame,lgw,Year 2, summer 28, Sunday,11837,16.7
frame,lgw,Year 2, summer 28, Sunday,11838,16.6
frame,lgw,Year 2, summer 28, Sunday,11839,17.8
frame,lgw,Year 2, summer 28, Sunday,11840,15.5
frame,lgw,Year 2, summer 28, Sunday,11841,18.1
frame,lgw,Year 2, summer 28, Sunday,11842,15.3
frame,lgw,Year 2, summer 28, Sunday,11843,16.7
frame,lgw,Year 2, summer 28, Sunday,11844,16.5
frame,lgw,Year 2, summer 28, Sunday,11845,16.7
frame,lgw,Year 2, summer 28, Sunday,11846,16.8
frame,lgw,Year 2, summer 28, Sunday,11847,16.6
frame,lgw,Year 2, summer 28, Sunday,11848,16.7
frame,lgw,Year 2, summer 28, Sunday,11849,16.8
frame,lgw,Year 2, summer 28, Sunday,11850,16.6
frame,lgw,Year 2, summer 28, Sunday,11851,16.6
frame,lgw,Year 2, summer 28, Sunday,11852,16.7
frame,lgw,Year 2, summer 28, Sunday,11853,16.6
frame,lgw,Year 2, summer 28, Sunday,11854,16.6
frame,lgw,Year 2, summer 28, Sunday,11855,16.7
frame,lgw,Year 2, summer 28, Sunday,11856,16.6
frame,lgw,Year 2, summer 28, Sunday,11857,16.7
frame,lgw,Year 2, summer 28, Sunday,11858,17.1
frame,lgw,Year 2, summer 28, Sunday,11859,17.0
frame,lgw,Year 2, summer 28, Sunday,11860,15.8
frame,lgw,Year 2, summer 28, Sunday,11861,16.7
frame,lgw,Year 2, summer 28, Sunday,11862,16.6
frame,lgw,Year 2, summer 28, Sunday,11863,16.7
frame,lgw,Year 2, summer 28, Sunday,11864,16.8
frame,lgw,Year 2, summer 28, Sunday,11865,16.7
frame,lgw,Year 2, summer 28, Sunday,11866,16.6
frame,lgw,Year 2, summer 28, Sunday,11867,16.7
frame,lgw,Year 2, summer 28, Sunday,11868,16.6
frame,lgw,Year 2, summer 28, Sunday,11869,16.7
frame,lgw,Year 2, summer 28, Sunday,11870,16.7
frame,lgw,Year 2, summer 28, Sunday,11871,16.9
frame,lgw,Year 2, summer 28, Sunday,11872,16.5
frame,lgw,Year 2, summer 28, Sunday,11873,16.7
frame,lgw,Year 2, summer 28, Sunday,11874,16.6
frame,lgw,Year 2, summer 28, Sunday,11875,16.7
frame,lgw,Year 2, summer 28, Sunday,11876,18.7
frame,lgw,Year 2, summer 28, Sunday,11877,14.6
frame,lgw,Year 2, summer 28, Sunday,11878,16.8
frame,lgw,Year 2, summer 28, Sunday,11879,16.5
frame,lgw,Year 2, summer 28, Sunday,11880,16.7
frame,lgw,Year 2, summer 28, Sunday,11881,16.7
frame,lgw,Year 2, summer 28, Sunday,11882,16.8
frame,lgw,Year 2, summer 28, Sunday,11883,16.5
frame,lgw,Year 2, summer 28, Sunday,11884,16.7
frame,lgw,Year 2, summer 28, Sunday,11885,16.7
frame,lgw,Year 2, summer 28, Sunday,11886,16.6
frame,lgw,Year 2, summer 28, Sunday,11887,16.7
frame,lgw,Year 2, summer 28, Sunday,11888,16.6
frame,lgw,Year 2, summer 28, Sunday,11889,16.6
frame,lgw,Year 2, summer 28, Sunday,11890,16.7
frame,lgw,Year 2, summer 28, Sunday,11891,16.6
frame,lgw,Year 2, summer 28, Sunday,11892,16.8
frame,lgw,Year 2, summer 28, Sunday,11893,16.6
frame,lgw,Year 2, summer 28, Sunday,11894,16.8
frame,lgw,Year 2, summer 28, Sunday,11895,16.5
frame,lgw,Year 2, summer 28, Sunday,11896,16.7
frame,lgw,Year 2, summer 28, Sunday,11897,16.8
frame,lgw,Year 2, summer 28, Sunday,11898,16.6
frame,lgw,Year 2, summer 28, Sunday,11899,16.6
frame,lgw,Year 2, summer 28, Sunday,11900,16.7
frame,lgw,Year 2, summer 28, Sunday,11901,16.6
frame,lgw,Year 2, summer 28, Sunday,11902,16.8
frame,lgw,Year 2, summer 28, Sunday,11903,16.7
frame,lgw,Year 2, summer 28, Sunday,11904,16.7
frame,lgw,Year 2, summer 28, Sunday,11905,16.6
frame,lgw,Year 2, summer 28, Sunday,11906,16.7
frame,lgw,Year 2, summer 28, Sunday,11907,16.6
frame,lgw,Year 2, summer 28, Sunday,11908,16.6
frame,lgw,Year 2, summer 28, Sunday,11909,16.7
frame,lgw,Year 2, summer 28, Sunday,11910,16.6
frame,lgw,Year 2, summer 28, Sunday,11911,16.7
frame,lgw,Year 2, summer 28, Sunday,11912,16.7
frame,lgw,Year 2, summer 28, Sunday,11913,16.5
frame,lgw,Year 2, summer 28, Sunday,11914,16.7
frame,lgw,Year 2, summer 28, Sunday,11915,16.7
frame,lgw,Year 2, summer 28, Sunday,11916,16.6
frame,lgw,Year 2, summer 28, Sunday,11917,16.7
frame,lgw,Year 2, summer 28, Sunday,11918,16.7
frame,lgw,Year 2, summer 28, Sunday,11919,16.5
frame,lgw,Year 2, summer 28, Sunday,11920,16.7
frame,lgw,Year 2, summer 28, Sunday,11921,16.7
frame,lgw,Year 2, summer 28, Sunday,11922,16.6
frame,lgw,Year 2, summer 28, Sunday,11923,16.7
frame,lgw,Year 2, summer 28, Sunday,11924,16.8
frame,lgw,Year 2, summer 28, Sunday,11925,16.5
frame,lgw,Year 2, summer 28, Sunday,11926,16.8
frame,lgw,Year 2, summer 28, Sunday,11927,16.6
frame,lgw,Year 2, summer 28, Sunday,11928,16.6
frame,lgw,Year 2, summer 28, Sunday,11929,17.8
frame,lgw,Year 2, summer 28, Sunday,11930,16.1
frame,lgw,Year 2, summer 28, Sunday,11931,16.1
frame,lgw,Year 2, summer 28, Sunday,11932,16.8
frame,lgw,Year 2, summer 28, Sunday,11933,16.7
frame,lgw,Year 2, summer 28, Sunday,11934,16.6
frame,lgw,Year 2, summer 28, Sunday,11935,16.6
frame,lgw,Year 2, summer 28, Sunday,11936,16.8
frame,lgw,Year 2, summer 28, Sunday,11937,16.6
frame,lgw,Year 2, summer 28, Sunday,11938,16.6
frame,lgw,Year 2, summer 28, Sunday,11939,16.8
frame,lgw,Year 2, summer 28, Sunday,11940,16.5
frame,lgw,Year 2, summer 28, Sunday,11941,16.8
frame,lgw,Year 2, summer 28, Sunday,11942,16.6
frame,lgw,Year 2, summer 28, Sunday,11943,16.6
frame,lgw,Year 2, summer 28, Sunday,11944,16.7
frame,lgw,Year 2, summer 28, Sunday,11945,16.7
frame,lgw,Year 2, summer 28, Sunday,11946,16.7
frame,lgw,Year 2, summer 28, Sunday,11947,16.6
frame,lgw,Year 2, summer 28, Sunday,11948,16.7
frame,lgw,Year 2, summer 28, Sunday,11949,16.6
frame,lgw,Year 2, summer 28, Sunday,11950,16.8
frame,lgw,Year 2, summer 28, Sunday,11951,16.6
frame,lgw,Year 2, summer 28, Sunday,11952,16.7
frame,lgw,Year 2, summer 28, Sunday,11953,16.7
frame,lgw,Year 2, summer 28, Sunday,11954,16.7
frame,lgw,Year 2, summer 28, Sunday,11955,16.6
frame,lgw,Year 2, summer 28, Sunday,11956,16.6
frame,lgw,Year 2, summer 28, Sunday,11957,16.7
frame,lgw,Year 2, summer 28, Sunday,11958,16.7
frame,lgw,Year 2, summer 28, Sunday,11959,16.6
frame,lgw,Year 2, summer 28, Sunday,11960,16.8
frame,lgw,Year 2, summer 28, Sunday,11961,16.6
frame,lgw,Year 2, summer 28, Sunday,11962,16.7
frame,lgw,Year 2, summer 28, Sunday,11963,16.7
frame,lgw,Year 2, summer 28, Sunday,11964,16.6
frame,lgw,Year 2, summer 28, Sunday,11965,16.7
frame,lgw,Year 2, summer 28, Sunday,11966,17.9
frame,lgw,Year 2, summer 28, Sunday,11967,15.5
frame,lgw,Year 2, summer 28, Sunday,11968,16.6
frame,lgw,Year 2, summer 28, Sunday,11969,16.7
frame,lgw,Year 2, summer 28, Sunday,11970,16.6
frame,lgw,Year 2, summer 28, Sunday,11971,16.7
frame,lgw,Year 2, summer 28, Sunday,11972,16.8
frame,lgw,Year 2, summer 28, Sunday,11973,16.5
frame,lgw,Year 2, summer 28, Sunday,11974,16.6
frame,lgw,Year 2, summer 28, Sunday,11975,16.7
frame,lgw,Year 2, summer 28, Sunday,11976,16.6
frame,lgw,Year 2, summer 28, Sunday,11977,16.7
frame,lgw,Year 2, summer 28, Sunday,11978,16.7
frame,lgw,Year 2, summer 28, Sunday,11979,16.8
frame,lgw,Year 2, summer 28, Sunday,11980,16.4
frame,lgw,Year 2, summer 28, Sunday,11981,16.9
frame,lgw,Year 2, summer 28, Sunday,11982,16.5
frame,lgw,Year 2, summer 28, Sunday,11983,16.7
frame,lgw,Year 2, summer 28, Sunday,11984,16.6
frame,lgw,Year 2, summer 28, Sunday,11985,16.6
frame,lgw,Year 2, summer 28, Sunday,11986,16.7
frame,lgw,Year 2, summer 28, Sunday,11987,16.7
frame,lgw,Year 2, summer 28, Sunday,11988,17.7
frame,lgw,Year 2, summer 28, Sunday,11989,15.6
frame,lgw,Year 2, summer 28, Sunday,11990,16.8
frame,lgw,Year 2, summer 28, Sunday,11991,16.5
frame,lgw,Year 2, summer 28, Sunday,11992,16.7
frame,lgw,Year 2, summer 28, Sunday,11993,16.7
frame,lgw,Year 2, summer 28, Sunday,11994,16.7
frame,lgw,Year 2, summer 28, Sunday,11995,16.8
frame,lgw,Year 2, summer 28, Sunday,11996,16.6
frame,lgw,Year 2, summer 28, Sunday,11997,16.6
frame,lgw,Year 2, summer 28, Sunday,11998,16.7
frame,lgw,Year 2, summer 28, Sunday,11999,16.7
timing,lgw,Year 2, summer 28, Sunday,CollectThenRefill,7,18.00,2.571,6.00
timing,lgw,Year 2, summer 28, Sunday,TryFeedMachine,211,11.00,0.052,4.00
timing,lgw,Year 2, summer 28, Sunday,ProcessAllHoppers,51,0.00,0.000,0.00
lag,lgw,Year 2, summer 28, Sunday,13001,51.5
lag,lgw,Year 2, summer 28, Sunday,13004,259.2
lag,lgw,Year 2, summer 28, Sunday,13036,52.6
lag,lgw,Year 2, summer 28, Sunday,14558,67.7
frame,lgw,Year 2, summer 28, Sunday,14048,16.8
frame,lgw,Year 2, summer 28, Sunday,14049,16.8
frame,lgw,Year 2, summer 28, Sunday,14050,16.8
frame,lgw,Year 2, summer 28, Sunday,14051,16.4
frame,lgw,Year 2, summer 28, Sunday,14052,16.5
frame,lgw,Year 2, summer 28, Sunday,14053,16.7
frame,lgw,Year 2, summer 28, Sunday,14054,16.7
frame,lgw,Year 2, summer 28, Sunday,14055,16.8
frame,lgw,Year 2, summer 28, Sunday,14056,16.5
frame,lgw,Year 2, summer 28, Sunday,14057,16.8
frame,lgw,Year 2, summer 28, Sunday,14058,16.6
frame,lgw,Year 2, summer 28, Sunday,14059,16.7
frame,lgw,Year 2, summer 28, Sunday,14060,16.6
frame,lgw,Year 2, summer 28, Sunday,14061,16.7
frame,lgw,Year 2, summer 28, Sunday,14062,16.7
frame,lgw,Year 2, summer 28, Sunday,14063,16.7
frame,lgw,Year 2, summer 28, Sunday,14064,16.6
frame,lgw,Year 2, summer 28, Sunday,14065,16.6
frame,lgw,Year 2, summer 28, Sunday,14066,16.7
frame,lgw,Year 2, summer 28, Sunday,14067,16.6
frame,lgw,Year 2, summer 28, Sunday,14068,16.7
frame,lgw,Year 2, summer 28, Sunday,14069,16.7
frame,lgw,Year 2, summer 28, Sunday,14070,17.7
frame,lgw,Year 2, summer 28, Sunday,14071,15.5
frame,lgw,Year 2, summer 28, Sunday,14072,17.8
frame,lgw,Year 2, summer 28, Sunday,14073,15.6
frame,lgw,Year 2, summer 28, Sunday,14074,16.8
frame,lgw,Year 2, summer 28, Sunday,14075,16.6
frame,lgw,Year 2, summer 28, Sunday,14076,16.6
frame,lgw,Year 2, summer 28, Sunday,14077,16.8
frame,lgw,Year 2, summer 28, Sunday,14078,16.6
frame,lgw,Year 2, summer 28, Sunday,14079,16.6
frame,lgw,Year 2, summer 28, Sunday,14080,16.7
frame,lgw,Year 2, summer 28, Sunday,14081,16.7
frame,lgw,Year 2, summer 28, Sunday,14082,16.6
frame,lgw,Year 2, summer 28, Sunday,14083,16.7
frame,lgw,Year 2, summer 28, Sunday,14084,17.0
frame,lgw,Year 2, summer 28, Sunday,14085,16.2
frame,lgw,Year 2, summer 28, Sunday,14086,16.7
frame,lgw,Year 2, summer 28, Sunday,14087,16.7
frame,lgw,Year 2, summer 28, Sunday,14088,16.7
frame,lgw,Year 2, summer 28, Sunday,14089,16.7
frame,lgw,Year 2, summer 28, Sunday,14090,16.6
frame,lgw,Year 2, summer 28, Sunday,14091,16.5
frame,lgw,Year 2, summer 28, Sunday,14092,17.5
frame,lgw,Year 2, summer 28, Sunday,14093,15.9
frame,lgw,Year 2, summer 28, Sunday,14094,16.6
frame,lgw,Year 2, summer 28, Sunday,14095,16.7
frame,lgw,Year 2, summer 28, Sunday,14096,16.7
frame,lgw,Year 2, summer 28, Sunday,14097,16.7
frame,lgw,Year 2, summer 28, Sunday,14098,16.7
frame,lgw,Year 2, summer 28, Sunday,14099,16.9
frame,lgw,Year 2, summer 28, Sunday,14100,16.3
frame,lgw,Year 2, summer 28, Sunday,14101,16.8
frame,lgw,Year 2, summer 28, Sunday,14102,16.7
frame,lgw,Year 2, summer 28, Sunday,14103,16.5
frame,lgw,Year 2, summer 28, Sunday,14104,16.6
frame,lgw,Year 2, summer 28, Sunday,14105,16.8
frame,lgw,Year 2, summer 28, Sunday,14106,16.6
frame,lgw,Year 2, summer 28, Sunday,14107,16.6
frame,lgw,Year 2, summer 28, Sunday,14108,19.1
frame,lgw,Year 2, summer 28, Sunday,14109,14.2
frame,lgw,Year 2, summer 28, Sunday,14110,16.7
frame,lgw,Year 2, summer 28, Sunday,14111,16.7
frame,lgw,Year 2, summer 28, Sunday,14112,16.8
frame,lgw,Year 2, summer 28, Sunday,14113,16.4
frame,lgw,Year 2, summer 28, Sunday,14114,16.8
frame,lgw,Year 2, summer 28, Sunday,14115,16.6
frame,lgw,Year 2, summer 28, Sunday,14116,19.9
frame,lgw,Year 2, summer 28, Sunday,14117,13.3
frame,lgw,Year 2, summer 28, Sunday,14118,16.7
frame,lgw,Year 2, summer 28, Sunday,14119,16.7
frame,lgw,Year 2, summer 28, Sunday,14120,16.8
frame,lgw,Year 2, summer 28, Sunday,14121,16.5
frame,lgw,Year 2, summer 28, Sunday,14122,16.7
frame,lgw,Year 2, summer 28, Sunday,14123,16.7
frame,lgw,Year 2, summer 28, Sunday,14124,16.6
frame,lgw,Year 2, summer 28, Sunday,14125,16.8
frame,lgw,Year 2, summer 28, Sunday,14126,16.6
frame,lgw,Year 2, summer 28, Sunday,14127,16.7
frame,lgw,Year 2, summer 28, Sunday,14128,16.8
frame,lgw,Year 2, summer 28, Sunday,14129,16.6
frame,lgw,Year 2, summer 28, Sunday,14130,16.6
frame,lgw,Year 2, summer 28, Sunday,14131,16.7
frame,lgw,Year 2, summer 28, Sunday,14132,17.0
frame,lgw,Year 2, summer 28, Sunday,14133,16.5
frame,lgw,Year 2, summer 28, Sunday,14134,16.5
frame,lgw,Year 2, summer 28, Sunday,14135,16.7
frame,lgw,Year 2, summer 28, Sunday,14136,16.7
frame,lgw,Year 2, summer 28, Sunday,14137,16.6
frame,lgw,Year 2, summer 28, Sunday,14138,16.7
frame,lgw,Year 2, summer 28, Sunday,14139,16.6
frame,lgw,Year 2, summer 28, Sunday,14140,16.6
frame,lgw,Year 2, summer 28, Sunday,14141,16.7
frame,lgw,Year 2, summer 28, Sunday,14142,16.7
frame,lgw,Year 2, summer 28, Sunday,14143,16.6
frame,lgw,Year 2, summer 28, Sunday,14144,16.7
frame,lgw,Year 2, summer 28, Sunday,14145,16.9
frame,lgw,Year 2, summer 28, Sunday,14146,16.4
frame,lgw,Year 2, summer 28, Sunday,14147,17.2
frame,lgw,Year 2, summer 28, Sunday,14148,16.1
frame,lgw,Year 2, summer 28, Sunday,14149,16.6
frame,lgw,Year 2, summer 28, Sunday,14150,16.9
frame,lgw,Year 2, summer 28, Sunday,14151,16.4
frame,lgw,Year 2, summer 28, Sunday,14152,16.8
frame,lgw,Year 2, summer 28, Sunday,14153,16.6
frame,lgw,Year 2, summer 28, Sunday,14154,16.6
frame,lgw,Year 2, summer 28, Sunday,14155,16.6
frame,lgw,Year 2, summer 28, Sunday,14156,16.8
frame,lgw,Year 2, summer 28, Sunday,14157,16.5
frame,lgw,Year 2, summer 28, Sunday,14158,16.7
frame,lgw,Year 2, summer 28, Sunday,14159,16.9
frame,lgw,Year 2, summer 28, Sunday,14160,16.5
frame,lgw,Year 2, summer 28, Sunday,14161,17.0
frame,lgw,Year 2, summer 28, Sunday,14162,16.3
frame,lgw,Year 2, summer 28, Sunday,14163,18.4
frame,lgw,Year 2, summer 28, Sunday,14164,14.9
frame,lgw,Year 2, summer 28, Sunday,14165,16.9
frame,lgw,Year 2, summer 28, Sunday,14166,16.5
frame,lgw,Year 2, summer 28, Sunday,14167,16.7
frame,lgw,Year 2, summer 28, Sunday,14168,16.7
frame,lgw,Year 2, summer 28, Sunday,14169,16.7
frame,lgw,Year 2, summer 28, Sunday,14170,16.5
frame,lgw,Year 2, summer 28, Sunday,14171,17.3
frame,lgw,Year 2, summer 28, Sunday,14172,16.5
frame,lgw,Year 2, summer 28, Sunday,14173,16.2
frame,lgw,Year 2, summer 28, Sunday,14174,16.7
frame,lgw,Year 2, summer 28, Sunday,14175,16.6
frame,lgw,Year 2, summer 28, Sunday,14176,16.6
frame,lgw,Year 2, summer 28, Sunday,14177,16.8
frame,lgw,Year 2, summer 28, Sunday,14178,18.9
frame,lgw,Year 2, summer 28, Sunday,14179,14.3
frame,lgw,Year 2, summer 28, Sunday,14180,16.6
frame,lgw,Year 2, summer 28, Sunday,14181,17.1
frame,lgw,Year 2, summer 28, Sunday,14182,16.3
frame,lgw,Year 2, summer 28, Sunday,14183,16.6
frame,lgw,Year 2, summer 28, Sunday,14184,16.7
frame,lgw,Year 2, summer 28, Sunday,14185,16.7
frame,lgw,Year 2, summer 28, Sunday,14186,16.8
frame,lgw,Year 2, summer 28, Sunday,14187,16.5
frame,lgw,Year 2, summer 28, Sunday,14188,16.6
frame,lgw,Year 2, summer 28, Sunday,14189,16.8
frame,lgw,Year 2, summer 28, Sunday,14190,16.6
frame,lgw,Year 2, summer 28, Sunday,14191,16.6
frame,lgw,Year 2, summer 28, Sunday,14192,16.8
frame,lgw,Year 2, summer 28, Sunday,14193,16.6
frame,lgw,Year 2, summer 28, Sunday,14194,16.6
frame,lgw,Year 2, summer 28, Sunday,14195,16.7
frame,lgw,Year 2, summer 28, Sunday,14196,16.6
frame,lgw,Year 2, summer 28, Sunday,14197,16.7
frame,lgw,Year 2, summer 28, Sunday,14198,16.8
frame,lgw,Year 2, summer 28, Sunday,14199,16.5
frame,lgw,Year 2, summer 28, Sunday,14200,17.0
frame,lgw,Year 2, summer 28, Sunday,14201,16.5
frame,lgw,Year 2, summer 28, Sunday,14202,16.6
frame,lgw,Year 2, summer 28, Sunday,14203,16.8
frame,lgw,Year 2, summer 28, Sunday,14204,16.7
frame,lgw,Year 2, summer 28, Sunday,14205,16.6
frame,lgw,Year 2, summer 28, Sunday,14206,16.9
frame,lgw,Year 2, summer 28, Sunday,14207,16.4
frame,lgw,Year 2, summer 28, Sunday,14208,16.7
frame,lgw,Year 2, summer 28, Sunday,14209,16.6
frame,lgw,Year 2, summer 28, Sunday,14210,17.0
frame,lgw,Year 2, summer 28, Sunday,14211,16.4
frame,lgw,Year 2, summer 28, Sunday,14212,16.9
frame,lgw,Year 2, summer 28, Sunday,14213,16.9
frame,lgw,Year 2, summer 28, Sunday,14214,16.3
frame,lgw,Year 2, summer 28, Sunday,14215,16.7
frame,lgw,Year 2, summer 28, Sunday,14216,23.7
frame,lgw,Year 2, summer 28, Sunday,14217,9.7
frame,lgw,Year 2, summer 28, Sunday,14218,16.9
frame,lgw,Year 2, summer 28, Sunday,14219,17.8
frame,lgw,Year 2, summer 28, Sunday,14220,15.5
frame,lgw,Year 2, summer 28, Sunday,14221,16.6
frame,lgw,Year 2, summer 28, Sunday,14222,16.8
frame,lgw,Year 2, summer 28, Sunday,14223,16.7
frame,lgw,Year 2, summer 28, Sunday,14224,16.5
frame,lgw,Year 2, summer 28, Sunday,14225,16.7
frame,lgw,Year 2, summer 28, Sunday,14226,16.7
frame,lgw,Year 2, summer 28, Sunday,14227,16.7
frame,lgw,Year 2, summer 28, Sunday,14228,16.7
frame,lgw,Year 2, summer 28, Sunday,14229,16.6
frame,lgw,Year 2, summer 28, Sunday,14230,16.7
frame,lgw,Year 2, summer 28, Sunday,14231,16.7
frame,lgw,Year 2, summer 28, Sunday,14232,16.8
frame,lgw,Year 2, summer 28, Sunday,14233,16.5
frame,lgw,Year 2, summer 28, Sunday,14234,16.8
frame,lgw,Year 2, summer 28, Sunday,14235,16.6
frame,lgw,Year 2, summer 28, Sunday,14236,16.7
frame,lgw,Year 2, summer 28, Sunday,14237,16.9
frame,lgw,Year 2, summer 28, Sunday,14238,16.4
frame,lgw,Year 2, summer 28, Sunday,14239,16.6
frame,lgw,Year 2, summer 28, Sunday,14240,16.7
frame,lgw,Year 2, summer 28, Sunday,14241,16.7
frame,lgw,Year 2, summer 28, Sunday,14242,16.6
frame,lgw,Year 2, summer 28, Sunday,14243,16.7
frame,lgw,Year 2, summer 28, Sunday,14244,16.6
frame,lgw,Year 2, summer 28, Sunday,14245,17.0
frame,lgw,Year 2, summer 28, Sunday,14246,16.4
frame,lgw,Year 2, summer 28, Sunday,14247,16.6
frame,lgw,Year 2, summer 28, Sunday,14248,16.7
frame,lgw,Year 2, summer 28, Sunday,14249,16.8
frame,lgw,Year 2, summer 28, Sunday,14250,16.6
frame,lgw,Year 2, summer 28, Sunday,14251,16.6
frame,lgw,Year 2, summer 28, Sunday,14252,17.0
frame,lgw,Year 2, summer 28, Sunday,14253,16.4
frame,lgw,Year 2, summer 28, Sunday,14254,16.7
frame,lgw,Year 2, summer 28, Sunday,14255,16.7
frame,lgw,Year 2, summer 28, Sunday,14256,19.2
frame,lgw,Year 2, summer 28, Sunday,14257,14.1
frame,lgw,Year 2, summer 28, Sunday,14258,16.9
frame,lgw,Year 2, summer 28, Sunday,14259,16.5
frame,lgw,Year 2, summer 28, Sunday,14260,16.6
frame,lgw,Year 2, summer 28, Sunday,14261,16.7
frame,lgw,Year 2, summer 28, Sunday,14262,16.7
frame,lgw,Year 2, summer 28, Sunday,14263,16.6
frame,lgw,Year 2, summer 28, Sunday,14264,16.9
frame,lgw,Year 2, summer 28, Sunday,14265,16.5
frame,lgw,Year 2, summer 28, Sunday,14266,16.6
frame,lgw,Year 2, summer 28, Sunday,14267,16.8
frame,lgw,Year 2, summer 28, Sunday,14268,16.6
frame,lgw,Year 2, summer 28, Sunday,14269,16.7
frame,lgw,Year 2, summer 28, Sunday,14270,16.9
frame,lgw,Year 2, summer 28, Sunday,14271,16.6
frame,lgw,Year 2, summer 28, Sunday,14272,17.7
frame,lgw,Year 2, summer 28, Sunday,14273,15.7
frame,lgw,Year 2, summer 28, Sunday,14274,16.6
frame,lgw,Year 2, summer 28, Sunday,14275,17.9
frame,lgw,Year 2, summer 28, Sunday,14276,15.5
frame,lgw,Year 2, summer 28, Sunday,14277,16.7
frame,lgw,Year 2, summer 28, Sunday,14278,16.7
frame,lgw,Year 2, summer 28, Sunday,14279,16.7
frame,lgw,Year 2, summer 28, Sunday,14280,16.6
frame,lgw,Year 2, summer 28, Sunday,14281,16.7
frame,lgw,Year 2, summer 28, Sunday,14282,16.7
frame,lgw,Year 2, summer 28, Sunday,14283,16.6
frame,lgw,Year 2, summer 28, Sunday,14284,16.7
frame,lgw,Year 2, summer 28, Sunday,14285,16.6
frame,lgw,Year 2, summer 28, Sunday,14286,16.6
frame,lgw,Year 2, summer 28, Sunday,14287,16.7
frame,lgw,Year 2, summer 28, Sunday,14288,16.7
frame,lgw,Year 2, summer 28, Sunday,14289,16.6
frame,lgw,Year 2, summer 28, Sunday,14290,16.7
frame,lgw,Year 2, summer 28, Sunday,14291,16.7
frame,lgw,Year 2, summer 28, Sunday,14292,16.6
frame,lgw,Year 2, summer 28, Sunday,14293,17.7
frame,lgw,Year 2, summer 28, Sunday,14294,15.7
frame,lgw,Year 2, summer 28, Sunday,14295,16.6
frame,lgw,Year 2, summer 28, Sunday,14296,16.7
frame,lgw,Year 2, summer 28, Sunday,14297,16.8
frame,lgw,Year 2, summer 28, Sunday,14298,16.7
frame,lgw,Year 2, summer 28, Sunday,14299,16.9
frame,lgw,Year 2, summer 28, Sunday,14300,16.5
frame,lgw,Year 2, summer 28, Sunday,14301,16.6
frame,lgw,Year 2, summer 28, Sunday,14302,16.6
frame,lgw,Year 2, summer 28, Sunday,14303,16.7
frame,lgw,Year 2, summer 28, Sunday,14304,16.7
frame,lgw,Year 2, summer 28, Sunday,14305,16.7
frame,lgw,Year 2, summer 28, Sunday,14306,16.7
frame,lgw,Year 2, summer 28, Sunday,14307,16.6
frame,lgw,Year 2, summer 28, Sunday,14308,16.7
frame,lgw,Year 2, summer 28, Sunday,14309,16.8
frame,lgw,Year 2, summer 28, Sunday,14310,16.5
frame,lgw,Year 2, summer 28, Sunday,14311,16.7
frame,lgw,Year 2, summer 28, Sunday,14312,16.9
frame,lgw,Year 2, summer 28, Sunday,14313,16.5
frame,lgw,Year 2, summer 28, Sunday,14314,16.5
frame,lgw,Year 2, summer 28, Sunday,14315,16.9
frame,lgw,Year 2, summer 28, Sunday,14316,16.5
frame,lgw,Year 2, summer 28, Sunday,14317,17.1
frame,lgw,Year 2, summer 28, Sunday,14318,16.3
frame,lgw,Year 2, summer 28, Sunday,14319,16.7
frame,lgw,Year 2, summer 28, Sunday,14320,16.7
frame,lgw,Year 2, summer 28, Sunday,14321,18.1
frame,lgw,Year 2, summer 28, Sunday,14322,15.2
frame,lgw,Year 2, summer 28, Sunday,14323,16.6
frame,lgw,Year 2, summer 28, Sunday,14324,16.9
frame,lgw,Year 2, summer 28, Sunday,14325,16.5
frame,lgw,Year 2, summer 28, Sunday,14326,16.6
frame,lgw,Year 2, summer 28, Sunday,14327,16.7
frame,lgw,Year 2, summer 28, Sunday,14328,19.0
frame,lgw,Year 2, summer 28, Sunday,14329,14.4
frame,lgw,Year 2, summer 28, Sunday,14330,16.7
frame,lgw,Year 2, summer 28, Sunday,14331,16.6
frame,lgw,Year 2, summer 28, Sunday,14332,16.9
frame,lgw,Year 2, summer 28, Sunday,14333,16.5
frame,lgw,Year 2, summer 28, Sunday,14334,16.5
frame,lgw,Year 2, summer 28, Sunday,14335,16.7
frame,lgw,Year 2, summer 28, Sunday,14336,16.7
frame,lgw,Year 2, summer 28, Sunday,14337,16.6
frame,lgw,Year 2, summer 28, Sunday,14338,16.6
frame,lgw,Year 2, summer 28, Sunday,14339,16.9
frame,lgw,Year 2, summer 28, Sunday,14340,16.3
frame,lgw,Year 2, summer 28, Sunday,14341,16.6
frame,lgw,Year 2, summer 28, Sunday,14342,16.8
frame,lgw,Year 2, summer 28, Sunday,14343,16.6
frame,lgw,Year 2, summer 28, Sunday,14344,16.7
frame,lgw,Year 2, summer 28, Sunday,14345,16.8
frame,lgw,Year 2, summer 28, Sunday,14346,16.6
frame,lgw,Year 2, summer 28, Sunday,14347,16.7
frame,lgw,Year 2, summer 28, Sunday,14348,16.7
frame,lgw,Year 2, summer 28, Sunday,14349,16.6
frame,lgw,Year 2, summer 28, Sunday,14350,16.7
frame,lgw,Year 2, summer 28, Sunday,14351,16.7
frame,lgw,Year 2, summer 28, Sunday,14352,16.7
frame,lgw,Year 2, summer 28, Sunday,14353,16.7
frame,lgw,Year 2, summer 28, Sunday,14354,17.0
frame,lgw,Year 2, summer 28, Sunday,14355,16.3
frame,lgw,Year 2, summer 28, Sunday,14356,16.6
frame,lgw,Year 2, summer 28, Sunday,14357,16.8
frame,lgw,Year 2, summer 28, Sunday,14358,16.5
frame,lgw,Year 2, summer 28, Sunday,14359,16.6
frame,lgw,Year 2, summer 28, Sunday,14360,16.7
frame,lgw,Year 2, summer 28, Sunday,14361,16.6
frame,lgw,Year 2, summer 28, Sunday,14362,16.6
frame,lgw,Year 2, summer 28, Sunday,14363,16.7
frame,lgw,Year 2, summer 28, Sunday,14364,16.6
frame,lgw,Year 2, summer 28, Sunday,14365,16.8
frame,lgw,Year 2, summer 28, Sunday,14366,16.6
frame,lgw,Year 2, summer 28, Sunday,14367,16.6
frame,lgw,Year 2, summer 28, Sunday,14368,16.7
frame,lgw,Year 2, summer 28, Sunday,14369,16.7
frame,lgw,Year 2, summer 28, Sunday,14370,16.6
frame,lgw,Year 2, summer 28, Sunday,14371,16.7
frame,lgw,Year 2, summer 28, Sunday,14372,16.7
frame,lgw,Year 2, summer 28, Sunday,14373,16.7
frame,lgw,Year 2, summer 28, Sunday,14374,16.6
frame,lgw,Year 2, summer 28, Sunday,14375,16.8
frame,lgw,Year 2, summer 28, Sunday,14376,16.6
frame,lgw,Year 2, summer 28, Sunday,14377,21.6
frame,lgw,Year 2, summer 28, Sunday,14378,12.6
frame,lgw,Year 2, summer 28, Sunday,14379,15.8
frame,lgw,Year 2, summer 28, Sunday,14380,16.6
frame,lgw,Year 2, summer 28, Sunday,14381,16.8
frame,lgw,Year 2, summer 28, Sunday,14382,16.6
frame,lgw,Year 2, summer 28, Sunday,14383,16.7
frame,lgw,Year 2, summer 28, Sunday,14384,16.8
frame,lgw,Year 2, summer 28, Sunday,14385,16.6
frame,lgw,Year 2, summer 28, Sunday,14386,16.7
frame,lgw,Year 2, summer 28, Sunday,14387,16.6
frame,lgw,Year 2, summer 28, Sunday,14388,16.6
frame,lgw,Year 2, summer 28, Sunday,14389,16.7
frame,lgw,Year 2, summer 28, Sunday,14390,17.0
frame,lgw,Year 2, summer 28, Sunday,14391,16.3
frame,lgw,Year 2, summer 28, Sunday,14392,16.6
frame,lgw,Year 2, summer 28, Sunday,14393,16.7
frame,lgw,Year 2, summer 28, Sunday,14394,16.6
frame,lgw,Year 2, summer 28, Sunday,14395,16.8
frame,lgw,Year 2, summer 28, Sunday,14396,16.6
frame,lgw,Year 2, summer 28, Sunday,14397,16.6
frame,lgw,Year 2, summer 28, Sunday,14398,17.0
frame,lgw,Year 2, summer 28, Sunday,14399,16.4
frame,lgw,Year 2, summer 28, Sunday,14400,16.7
frame,lgw,Year 2, summer 28, Sunday,14401,17.4
frame,lgw,Year 2, summer 28, Sunday,14402,15.9
frame,lgw,Year 2, summer 28, Sunday,14403,16.6
frame,lgw,Year 2, summer 28, Sunday,14404,16.7
frame,lgw,Year 2, summer 28, Sunday,14405,16.7
frame,lgw,Year 2, summer 28, Sunday,14406,16.7
frame,lgw,Year 2, summer 28, Sunday,14407,16.7
frame,lgw,Year 2, summer 28, Sunday,14408,16.6
frame,lgw,Year 2, summer 28, Sunday,14409,16.6
frame,lgw,Year 2, summer 28, Sunday,14410,16.7
frame,lgw,Year 2, summer 28, Sunday,14411,16.7
frame,lgw,Year 2, summer 28, Sunday,14412,16.6
frame,lgw,Year 2, summer 28, Sunday,14413,16.7
frame,lgw,Year 2, summer 28, Sunday,14414,16.8
frame,lgw,Year 2, summer 28, Sunday,14415,16.5
frame,lgw,Year 2, summer 28, Sunday,14416,16.7
frame,lgw,Year 2, summer 28, Sunday,14417,16.6
frame,lgw,Year 2, summer 28, Sunday,14418,16.6
frame,lgw,Year 2, summer 28, Sunday,14419,16.7
frame,lgw,Year 2, summer 28, Sunday,14420,16.8
frame,lgw,Year 2, summer 28, Sunday,14421,16.5
frame,lgw,Year 2, summer 28, Sunday,14422,17.2
frame,lgw,Year 2, summer 28, Sunday,14423,16.1
frame,lgw,Year 2, summer 28, Sunday,14424,16.6
frame,lgw,Year 2, summer 28, Sunday,14425,16.7
frame,lgw,Year 2, summer 28, Sunday,14426,16.8
frame,lgw,Year 2, summer 28, Sunday,14427,16.5
frame,lgw,Year 2, summer 28, Sunday,14428,19.8
frame,lgw,Year 2, summer 28, Sunday,14429,13.5
frame,lgw,Year 2, summer 28, Sunday,14430,16.7
frame,lgw,Year 2, summer 28, Sunday,14431,16.7
frame,lgw,Year 2, summer 28, Sunday,14432,16.8
frame,lgw,Year 2, summer 28, Sunday,14433,16.6
frame,lgw,Year 2, summer 28, Sunday,14434,16.6
frame,lgw,Year 2, summer 28, Sunday,14435,16.9
frame,lgw,Year 2, summer 28, Sunday,14436,16.5
frame,lgw,Year 2, summer 28, Sunday,14437,16.7
frame,lgw,Year 2, summer 28, Sunday,14438,16.7
frame,lgw,Year 2, summer 28, Sunday,14439,16.5
frame,lgw,Year 2, summer 28, Sunday,14440,16.7
frame,lgw,Year 2, summer 28, Sunday,14441,16.9
frame,lgw,Year 2, summer 28, Sunday,14442,16.5
frame,lgw,Year 2, summer 28, Sunday,14443,16.6
frame,lgw,Year 2, summer 28, Sunday,14444,16.8
frame,lgw,Year 2, summer 28, Sunday,14445,18.4
frame,lgw,Year 2, summer 28, Sunday,14446,14.8
frame,lgw,Year 2, summer 28, Sunday,14447,16.7
frame,lgw,Year 2, summer 28, Sunday,14448,16.6
frame,lgw,Year 2, summer 28, Sunday,14449,16.8
frame,lgw,Year 2, summer 28, Sunday,14450,16.6
frame,lgw,Year 2, summer 28, Sunday,14451,16.7
frame,lgw,Year 2, summer 28, Sunday,14452,19.4
frame,lgw,Year 2, summer 28, Sunday,14453,14.1
frame,lgw,Year 2, summer 28, Sunday,14454,16.6
frame,lgw,Year 2, summer 28, Sunday,14455,16.6
frame,lgw,Year 2, summer 28, Sunday,14456,16.8
frame,lgw,Year 2, summer 28, Sunday,14457,16.5
frame,lgw,Year 2, summer 28, Sunday,14458,16.7
frame,lgw,Year 2, summer 28, Sunday,14459,16.7
frame,lgw,Year 2, summer 28, Sunday,14460,16.7
frame,lgw,Year 2, summer 28, Sunday,14461,16.6
frame,lgw,Year 2, summer 28, Sunday,14462,16.7
frame,lgw,Year 2, summer 28, Sunday,14463,16.6
frame,lgw,Year 2, summer 28, Sunday,14464,16.7
frame,lgw,Year 2, summer 28, Sunday,14465,16.8
frame,lgw,Year 2, summer 28, Sunday,14466,16.6
frame,lgw,Year 2, summer 28, Sunday,14467,16.7
frame,lgw,Year 2, summer 28, Sunday,14468,17.3
frame,lgw,Year 2, summer 28, Sunday,14469,16.0
frame,lgw,Year 2, summer 28, Sunday,14470,16.7
frame,lgw,Year 2, summer 28, Sunday,14471,16.7
frame,lgw,Year 2, summer 28, Sunday,14472,16.6
frame,lgw,Year 2, summer 28, Sunday,14473,16.8
frame,lgw,Year 2, summer 28, Sunday,14474,16.8
frame,lgw,Year 2, summer 28, Sunday,14475,17.3
frame,lgw,Year 2, summer 28, Sunday,14476,16.0
frame,lgw,Year 2, summer 28, Sunday,14477,16.5
frame,lgw,Year 2, summer 28, Sunday,14478,16.6
frame,lgw,Year 2, summer 28, Sunday,14479,16.7
frame,lgw,Year 2, summer 28, Sunday,14480,16.9
frame,lgw,Year 2, summer 28, Sunday,14481,16.4
frame,lgw,Year 2, summer 28, Sunday,14482,16.7
frame,lgw,Year 2, summer 28, Sunday,14483,16.7
frame,lgw,Year 2, summer 28, Sunday,14484,16.5
frame,lgw,Year 2, summer 28, Sunday,14485,16.7
frame,lgw,Year 2, summer 28, Sunday,14486,16.8
frame,lgw,Year 2, summer 28, Sunday,14487,16.5
frame,lgw,Year 2, summer 28, Sunday,14488,16.7
frame,lgw,Year 2, summer 28, Sunday,14489,16.8
frame,lgw,Year 2, summer 28, Sunday,14490,16.5
frame,lgw,Year 2, summer 28, Sunday,14491,18.2
frame,lgw,Year 2, summer 28, Sunday,14492,15.5
frame,lgw,Year 2, summer 28, Sunday,14493,17.0
frame,lgw,Year 2, summer 28, Sunday,14494,16.1
frame,lgw,Year 2, summer 28, Sunday,14495,16.9
frame,lgw,Year 2, summer 28, Sunday,14496,17.3
frame,lgw,Year 2, summer 28, Sunday,14497,15.9
frame,lgw,Year 2, summer 28, Sunday,14498,16.7
frame,lgw,Year 2, summer 28, Sunday,14499,16.6
frame,lgw,Year 2, summer 28, Sunday,14500,16.7
frame,lgw,Year 2, summer 28, Sunday,14501,16.6
frame,lgw,Year 2, summer 28, Sunday,14502,16.8
frame,lgw,Year 2, summer 28, Sunday,14503,16.6
frame,lgw,Year 2, summer 28, Sunday,14504,16.7
frame,lgw,Year 2, summer 28, Sunday,14505,16.6
frame,lgw,Year 2, summer 28, Sunday,14506,17.1
frame,lgw,Year 2, summer 28, Sunday,14507,16.7
frame,lgw,Year 2, summer 28, Sunday,14508,16.2
frame,lgw,Year 2, summer 28, Sunday,14509,16.6
frame,lgw,Year 2, summer 28, Sunday,14510,16.8
frame,lgw,Year 2, summer 28, Sunday,14511,16.6
frame,lgw,Year 2, summer 28, Sunday,14512,16.6
frame,lgw,Year 2, summer 28, Sunday,14513,16.8
frame,lgw,Year 2, summer 28, Sunday,14514,16.6
frame,lgw,Year 2, summer 28, Sunday,14515,17.0
frame,lgw,Year 2, summer 28, Sunday,14516,16.4
frame,lgw,Year 2, summer 28, Sunday,14517,16.6
frame,lgw,Year 2, summer 28, Sunday,14518,16.8
frame,lgw,Year 2, summer 28, Sunday,14519,16.7
frame,lgw,Year 2, summer 28, Sunday,14520,16.5
frame,lgw,Year 2, summer 28, Sunday,14521,24.6
frame,lgw,Year 2, summer 28, Sunday,14522,8.7
frame,lgw,Year 2, summer 28, Sunday,14523,16.9
frame,lgw,Year 2, summer 28, Sunday,14524,16.6
frame,lgw,Year 2, summer 28, Sunday,14525,16.7
frame,lgw,Year 2, summer 28, Sunday,14526,16.6
frame,lgw,Year 2, summer 28, Sunday,14527,16.7
frame,lgw,Year 2, summer 28, Sunday,14528,17.4
frame,lgw,Year 2, summer 28, Sunday,14529,16.0
frame,lgw,Year 2, summer 28, Sunday,14530,17.8
frame,lgw,Year 2, summer 28, Sunday,14531,15.7
frame,lgw,Year 2, summer 28, Sunday,14532,16.5
frame,lgw,Year 2, summer 28, Sunday,14533,16.7
frame,lgw,Year 2, summer 28, Sunday,14534,16.8
frame,lgw,Year 2, summer 28, Sunday,14535,16.5
frame,lgw,Year 2, summer 28, Sunday,14536,16.7
frame,lgw,Year 2, summer 28, Sunday,14537,16.7
frame,lgw,Year 2, summer 28, Sunday,14538,16.6
frame,lgw,Year 2, summer 28, Sunday,14539,16.6
frame,lgw,Year 2, summer 28, Sunday,14540,16.8
frame,lgw,Year 2, summer 28, Sunday,14541,16.7
frame,lgw,Year 2, summer 28, Sunday,14542,16.8
frame,lgw,Year 2, summer 28, Sunday,14543,16.9
frame,lgw,Year 2, summer 28, Sunday,14544,16.5
frame,lgw,Year 2, summer 28, Sunday,14545,16.7
frame,lgw,Year 2, summer 28, Sunday,14546,16.5
frame,lgw,Year 2, summer 28, Sunday,14547,16.7
frame,lgw,Year 2, summer 28, Sunday,14548,16.6
frame,lgw,Year 2, summer 28, Sunday,14549,16.7
frame,lgw,Year 2, summer 28, Sunday,14550,16.6
frame,lgw,Year 2, summer 28, Sunday,14551,16.6
frame,lgw,Year 2, summer 28, Sunday,14552,16.7
frame,lgw,Year 2, summer 28, Sunday,14553,16.6
frame,lgw,Year 2, summer 28, Sunday,14554,16.7
frame,lgw,Year 2, summer 28, Sunday,14555,16.7
frame,lgw,Year 2, summer 28, Sunday,14556,16.7
frame,lgw,Year 2, summer 28, Sunday,14557,67.7
frame,lgw,Year 2, summer 28, Sunday,14558,28.5
frame,lgw,Year 2, summer 28, Sunday,14559,0.8
frame,lgw,Year 2, summer 28, Sunday,14560,0.7
frame,lgw,Year 2, summer 28, Sunday,14561,0.6
frame,lgw,Year 2, summer 28, Sunday,14562,1.9
frame,lgw,Year 2, summer 28, Sunday,14563,17.9
frame,lgw,Year 2, summer 28, Sunday,14564,15.1
frame,lgw,Year 2, summer 28, Sunday,14565,16.5
frame,lgw,Year 2, summer 28, Sunday,14566,16.7
frame,lgw,Year 2, summer 28, Sunday,14567,16.7
frame,lgw,Year 2, summer 28, Sunday,14568,16.6
frame,lgw,Year 2, summer 28, Sunday,14569,16.6
frame,lgw,Year 2, summer 28, Sunday,14570,16.7
frame,lgw,Year 2, summer 28, Sunday,14571,16.7
frame,lgw,Year 2, summer 28, Sunday,14572,16.6
frame,lgw,Year 2, summer 28, Sunday,14573,16.8
frame,lgw,Year 2, summer 28, Sunday,14574,16.5
frame,lgw,Year 2, summer 28, Sunday,14575,16.7
frame,lgw,Year 2, summer 28, Sunday,14576,16.7
frame,lgw,Year 2, summer 28, Sunday,14577,16.7
frame,lgw,Year 2, summer 28, Sunday,14578,16.7
frame,lgw,Year 2, summer 28, Sunday,14579,16.7
frame,lgw,Year 2, summer 28, Sunday,14580,16.6
frame,lgw,Year 2, summer 28, Sunday,14581,16.7
frame,lgw,Year 2, summer 28, Sunday,14582,16.7
frame,lgw,Year 2, summer 28, Sunday,14583,16.7
frame,lgw,Year 2, summer 28, Sunday,14584,16.6
frame,lgw,Year 2, summer 28, Sunday,14585,19.5
frame,lgw,Year 2, summer 28, Sunday,14586,13.8
frame,lgw,Year 2, summer 28, Sunday,14587,16.7
frame,lgw,Year 2, summer 28, Sunday,14588,16.7
frame,lgw,Year 2, summer 28, Sunday,14589,16.6
frame,lgw,Year 2, summer 28, Sunday,14590,16.7
frame,lgw,Year 2, summer 28, Sunday,14591,16.6
frame,lgw,Year 2, summer 28, Sunday,14592,16.7
frame,lgw,Year 2, summer 28, Sunday,14593,16.7
frame,lgw,Year 2, summer 28, Sunday,14594,16.7
frame,lgw,Year 2, summer 28, Sunday,14595,16.6
frame,lgw,Year 2, summer 28, Sunday,14596,16.7
frame,lgw,Year 2, summer 28, Sunday,14597,16.7
frame,lgw,Year 2, summer 28, Sunday,14598,16.6
frame,lgw,Year 2, summer 28, Sunday,14599,16.7
frame,lgw,Year 2, summer 28, Sunday,14600,16.8
frame,lgw,Year 2, summer 28, Sunday,14601,16.6
frame,lgw,Year 2, summer 28, Sunday,14602,16.7
frame,lgw,Year 2, summer 28, Sunday,14603,16.7
frame,lgw,Year 2, summer 28, Sunday,14604,16.6
frame,lgw,Year 2, summer 28, Sunday,14605,16.7
frame,lgw,Year 2, summer 28, Sunday,14606,16.8
frame,lgw,Year 2, summer 28, Sunday,14607,16.6
frame,lgw,Year 2, summer 28, Sunday,14608,16.7
frame,lgw,Year 2, summer 28, Sunday,14609,16.8
frame,lgw,Year 2, summer 28, Sunday,14610,16.6
frame,lgw,Year 2, summer 28, Sunday,14611,16.6
frame,lgw,Year 2, summer 28, Sunday,14612,16.7
frame,lgw,Year 2, summer 28, Sunday,14613,16.6
frame,lgw,Year 2, summer 28, Sunday,14614,16.6
frame,lgw,Year 2, summer 28, Sunday,14615,16.6
frame,lgw,Year 2, summer 28, Sunday,14616,16.7
frame,lgw,Year 2, summer 28, Sunday,14617,16.7
frame,lgw,Year 2, summer 28, Sunday,14618,16.7
frame,lgw,Year 2, summer 28, Sunday,14619,16.6
frame,lgw,Year 2, summer 28, Sunday,14620,16.7
frame,lgw,Year 2, summer 28, Sunday,14621,16.7
frame,lgw,Year 2, summer 28, Sunday,14622,16.6
frame,lgw,Year 2, summer 28, Sunday,14623,16.6
frame,lgw,Year 2, summer 28, Sunday,14624,16.8
frame,lgw,Year 2, summer 28, Sunday,14625,16.6
frame,lgw,Year 2, summer 28, Sunday,14626,16.7
frame,lgw,Year 2, summer 28, Sunday,14627,16.7
frame,lgw,Year 2, summer 28, Sunday,14628,16.6
frame,lgw,Year 2, summer 28, Sunday,14629,16.6
frame,lgw,Year 2, summer 28, Sunday,14630,16.7
frame,lgw,Year 2, summer 28, Sunday,14631,16.6
frame,lgw,Year 2, summer 28, Sunday,14632,16.7
frame,lgw,Year 2, summer 28, Sunday,14633,16.7
frame,lgw,Year 2, summer 28, Sunday,14634,16.6
frame,lgw,Year 2, summer 28, Sunday,14635,16.7
frame,lgw,Year 2, summer 28, Sunday,14636,16.7
frame,lgw,Year 2, summer 28, Sunday,14637,16.6
frame,lgw,Year 2, summer 28, Sunday,14638,16.8
frame,lgw,Year 2, summer 28, Sunday,14639,16.7
frame,lgw,Year 2, summer 28, Sunday,14640,16.6
frame,lgw,Year 2, summer 28, Sunday,14641,16.7
frame,lgw,Year 2, summer 28, Sunday,14642,16.7
frame,lgw,Year 2, summer 28, Sunday,14643,16.7
frame,lgw,Year 2, summer 28, Sunday,14644,16.4
frame,lgw,Year 2, summer 28, Sunday,14645,16.7
frame,lgw,Year 2, summer 28, Sunday,14646,17.2
frame,lgw,Year 2, summer 28, Sunday,14647,16.1
frame,lgw,Year 2, summer 28, Sunday,14648,16.8
frame,lgw,Year 2, summer 28, Sunday,14649,16.6
frame,lgw,Year 2, summer 28, Sunday,14650,16.7
frame,lgw,Year 2, summer 28, Sunday,14651,16.8
frame,lgw,Year 2, summer 28, Sunday,14652,17.2
frame,lgw,Year 2, summer 28, Sunday,14653,16.7
frame,lgw,Year 2, summer 28, Sunday,14654,16.1
frame,lgw,Year 2, summer 28, Sunday,14655,16.6
frame,lgw,Year 2, summer 28, Sunday,14656,16.6
frame,lgw,Year 2, summer 28, Sunday,14657,16.7
frame,lgw,Year 2, summer 28, Sunday,14658,16.7
frame,lgw,Year 2, summer 28, Sunday,14659,16.6
frame,lgw,Year 2, summer 28, Sunday,14660,16.7
frame,lgw,Year 2, summer 28, Sunday,14661,16.7
frame,lgw,Year 2, summer 28, Sunday,14662,17.2
frame,lgw,Year 2, summer 28, Sunday,14663,16.2
frame,lgw,Year 2, summer 28, Sunday,14664,16.7
frame,lgw,Year 2, summer 28, Sunday,14665,16.7
frame,lgw,Year 2, summer 28, Sunday,14666,16.7
frame,lgw,Year 2, summer 28, Sunday,14667,16.5
frame,lgw,Year 2, summer 28, Sunday,14668,16.7
frame,lgw,Year 2, summer 28, Sunday,14669,16.8
frame,lgw,Year 2, summer 28, Sunday,14670,16.6
frame,lgw,Year 2, summer 28, Sunday,14671,18.1
frame,lgw,Year 2, summer 28, Sunday,14672,15.3
frame,lgw,Year 2, summer 28, Sunday,14673,16.6
frame,lgw,Year 2, summer 28, Sunday,14674,16.7
frame,lgw,Year 2, summer 28, Sunday,14675,16.7
frame,lgw,Year 2, summer 28, Sunday,14676,16.6
frame,lgw,Year 2, summer 28, Sunday,14677,16.6
frame,lgw,Year 2, summer 28, Sunday,14678,16.8
frame,lgw,Year 2, summer 28, Sunday,14679,16.6
frame,lgw,Year 2, summer 28, Sunday,14680,16.7
frame,lgw,Year 2, summer 28, Sunday,14681,16.7
frame,lgw,Year 2, summer 28, Sunday,14682,16.6
frame,lgw,Year 2, summer 28, Sunday,14683,16.7
frame,lgw,Year 2, summer 28, Sunday,14684,16.7
frame,lgw,Year 2, summer 28, Sunday,14685,16.7
frame,lgw,Year 2, summer 28, Sunday,14686,16.7
frame,lgw,Year 2, summer 28, Sunday,14687,16.7
frame,lgw,Year 2, summer 28, Sunday,14688,16.7
frame,lgw,Year 2, summer 28, Sunday,14689,16.5
frame,lgw,Year 2, summer 28, Sunday,14690,16.7
frame,lgw,Year 2, summer 28, Sunday,14691,16.7
frame,lgw,Year 2, summer 28, Sunday,14692,16.6
frame,lgw,Year 2, summer 28, Sunday,14693,16.8
frame,lgw,Year 2, summer 28, Sunday,14694,16.5
frame,lgw,Year 2, summer 28, Sunday,14695,16.7
frame,lgw,Year 2, summer 28, Sunday,14696,17.6
frame,lgw,Year 2, summer 28, Sunday,14697,16.3
frame,lgw,Year 2, summer 28, Sunday,14698,16.2
frame,lgw,Year 2, summer 28, Sunday,14699,16.7
frame,lgw,Year 2, summer 28, Sunday,14700,16.6
frame,lgw,Year 2, summer 28, Sunday,14701,16.7
frame,lgw,Year 2, summer 28, Sunday,14702,16.8
frame,lgw,Year 2, summer 28, Sunday,14703,16.6
frame,lgw,Year 2, summer 28, Sunday,14704,16.9
frame,lgw,Year 2, summer 28, Sunday,14705,16.5
frame,lgw,Year 2, summer 28, Sunday,14706,16.7
frame,lgw,Year 2, summer 28, Sunday,14707,16.6
frame,lgw,Year 2, summer 28, Sunday,14708,16.6
frame,lgw,Year 2, summer 28, Sunday,14709,16.6
frame,lgw,Year 2, summer 28, Sunday,14710,16.7
frame,lgw,Year 2, summer 28, Sunday,14711,16.9
frame,lgw,Year 2, summer 28, Sunday,14712,16.5
frame,lgw,Year 2, summer 28, Sunday,14713,16.7
frame,lgw,Year 2, summer 28, Sunday,14714,28.3
frame,lgw,Year 2, summer 28, Sunday,14715,5.2
frame,lgw,Year 2, summer 28, Sunday,14716,16.4
frame,lgw,Year 2, summer 28, Sunday,14717,16.7
frame,lgw,Year 2, summer 28, Sunday,14718,16.7
frame,lgw,Year 2, summer 28, Sunday,14719,16.8
frame,lgw,Year 2, summer 28, Sunday,14720,17.1
frame,lgw,Year 2, summer 28, Sunday,14721,16.1
frame,lgw,Year 2, summer 28, Sunday,14722,16.6
frame,lgw,Year 2, summer 28, Sunday,14723,16.7
frame,lgw,Year 2, summer 28, Sunday,14724,17.6
frame,lgw,Year 2, summer 28, Sunday,14725,15.8
frame,lgw,Year 2, summer 28, Sunday,14726,16.7
frame,lgw,Year 2, summer 28, Sunday,14727,16.6
frame,lgw,Year 2, summer 28, Sunday,14728,16.7
frame,lgw,Year 2, summer 28, Sunday,14729,16.7
frame,lgw,Year 2, summer 28, Sunday,14730,16.6
frame,lgw,Year 2, summer 28, Sunday,14731,16.7
frame,lgw,Year 2, summer 28, Sunday,14732,16.8
frame,lgw,Year 2, summer 28, Sunday,14733,16.6
frame,lgw,Year 2, summer 28, Sunday,14734,16.7
frame,lgw,Year 2, summer 28, Sunday,14735,16.6
frame,lgw,Year 2, summer 28, Sunday,14736,16.9
frame,lgw,Year 2, summer 28, Sunday,14737,16.4
frame,lgw,Year 2, summer 28, Sunday,14738,16.8
frame,lgw,Year 2, summer 28, Sunday,14739,16.5
frame,lgw,Year 2, summer 28, Sunday,14740,16.6
frame,lgw,Year 2, summer 28, Sunday,14741,16.8
frame,lgw,Year 2, summer 28, Sunday,14742,16.6
frame,lgw,Year 2, summer 28, Sunday,14743,18.2
frame,lgw,Year 2, summer 28, Sunday,14744,15.2
frame,lgw,Year 2, summer 28, Sunday,14745,16.6
frame,lgw,Year 2, summer 28, Sunday,14746,16.8
frame,lgw,Year 2, summer 28, Sunday,14747,16.5
frame,lgw,Year 2, summer 28, Sunday,14748,16.5
frame,lgw,Year 2, summer 28, Sunday,14749,16.7
frame,lgw,Year 2, summer 28, Sunday,14750,16.7
frame,lgw,Year 2, summer 28, Sunday,14751,16.6
frame,lgw,Year 2, summer 28, Sunday,14752,16.7
frame,lgw,Year 2, summer 28, Sunday,14753,16.7
frame,lgw,Year 2, summer 28, Sunday,14754,16.9
frame,lgw,Year 2, summer 28, Sunday,14755,16.3
frame,lgw,Year 2, summer 28, Sunday,14756,16.7
frame,lgw,Year 2, summer 28, Sunday,14757,16.6
frame,lgw,Year 2, summer 28, Sunday,14758,16.8
frame,lgw,Year 2, summer 28, Sunday,14759,16.7
frame,lgw,Year 2, summer 28, Sunday,14760,16.6
frame,lgw,Year 2, summer 28, Sunday,14761,16.7
frame,lgw,Year 2, summer 28, Sunday,14762,16.8
frame,lgw,Year 2, summer 28, Sunday,14763,16.7
frame,lgw,Year 2, summer 28, Sunday,14764,16.5
frame,lgw,Year 2, summer 28, Sunday,14765,16.7
frame,lgw,Year 2, summer 28, Sunday,14766,17.0
frame,lgw,Year 2, summer 28, Sunday,14767,16.3
frame,lgw,Year 2, summer 28, Sunday,14768,16.7
frame,lgw,Year 2, summer 28, Sunday,14769,16.6
frame,lgw,Year 2, summer 28, Sunday,14770,16.9
frame,lgw,Year 2, summer 28, Sunday,14771,16.7
frame,lgw,Year 2, summer 28, Sunday,14772,16.6
frame,lgw,Year 2, summer 28, Sunday,14773,16.5
frame,lgw,Year 2, summer 28, Sunday,14774,16.7
frame,lgw,Year 2, summer 28, Sunday,14775,16.6
frame,lgw,Year 2, summer 28, Sunday,14776,16.7
frame,lgw,Year 2, summer 28, Sunday,14777,16.7
frame,lgw,Year 2, summer 28, Sunday,14778,16.7
frame,lgw,Year 2, summer 28, Sunday,14779,16.6
frame,lgw,Year 2, summer 28, Sunday,14780,16.7
frame,lgw,Year 2, summer 28, Sunday,14781,16.7
frame,lgw,Year 2, summer 28, Sunday,14782,16.6
frame,lgw,Year 2, summer 28, Sunday,14783,17.9
frame,lgw,Year 2, summer 28, Sunday,14784,15.5
frame,lgw,Year 2, summer 28, Sunday,14785,19.3
frame,lgw,Year 2, summer 28, Sunday,14786,14.0
frame,lgw,Year 2, summer 28, Sunday,14787,16.7
frame,lgw,Year 2, summer 28, Sunday,14788,16.7
frame,lgw,Year 2, summer 28, Sunday,14789,16.6
frame,lgw,Year 2, summer 28, Sunday,14790,16.6
frame,lgw,Year 2, summer 28, Sunday,14791,16.6
frame,lgw,Year 2, summer 28, Sunday,14792,16.7
frame,lgw,Year 2, summer 28, Sunday,14793,16.6
frame,lgw,Year 2, summer 28, Sunday,14794,16.7
frame,lgw,Year 2, summer 28, Sunday,14795,16.7
frame,lgw,Year 2, summer 28, Sunday,14796,16.6
frame,lgw,Year 2, summer 28, Sunday,14797,16.7
frame,lgw,Year 2, summer 28, Sunday,14798,16.9
frame,lgw,Year 2, summer 28, Sunday,14799,16.5
frame,lgw,Year 2, summer 28, Sunday,14800,16.5
frame,lgw,Year 2, summer 28, Sunday,14801,16.8
frame,lgw,Year 2, summer 28, Sunday,14802,16.7
frame,lgw,Year 2, summer 28, Sunday,14803,16.6
frame,lgw,Year 2, summer 28, Sunday,14804,16.7
frame,lgw,Year 2, summer 28, Sunday,14805,16.7
frame,lgw,Year 2, summer 28, Sunday,14806,16.7
frame,lgw,Year 2, summer 28, Sunday,14807,16.7
frame,lgw,Year 2, summer 28, Sunday,14808,16.6
frame,lgw,Year 2, summer 28, Sunday,14809,16.6
frame,lgw,Year 2, summer 28, Sunday,14810,16.7
frame,lgw,Year 2, summer 28, Sunday,14811,16.8
frame,lgw,Year 2, summer 28, Sunday,14812,16.4
frame,lgw,Year 2, summer 28, Sunday,14813,16.7
frame,lgw,Year 2, summer 28, Sunday,14814,16.6
frame,lgw,Year 2, summer 28, Sunday,14815,16.7
frame,lgw,Year 2, summer 28, Sunday,14816,16.7
frame,lgw,Year 2, summer 28, Sunday,14817,16.6
frame,lgw,Year 2, summer 28, Sunday,14818,16.7
frame,lgw,Year 2, summer 28, Sunday,14819,16.8
frame,lgw,Year 2, summer 28, Sunday,14820,16.5
frame,lgw,Year 2, summer 28, Sunday,14821,16.7
frame,lgw,Year 2, summer 28, Sunday,14822,18.8
frame,lgw,Year 2, summer 28, Sunday,14823,14.5
frame,lgw,Year 2, summer 28, Sunday,14824,16.7
frame,lgw,Year 2, summer 28, Sunday,14825,16.6
frame,lgw,Year 2, summer 28, Sunday,14826,17.4
frame,lgw,Year 2, summer 28, Sunday,14827,15.9
frame,lgw,Year 2, summer 28, Sunday,14828,16.7
frame,lgw,Year 2, summer 28, Sunday,14829,16.7
frame,lgw,Year 2, summer 28, Sunday,14830,16.9
frame,lgw,Year 2, summer 28, Sunday,14831,16.7
frame,lgw,Year 2, summer 28, Sunday,14832,16.5
frame,lgw,Year 2, summer 28, Sunday,14833,16.5
frame,lgw,Year 2, summer 28, Sunday,14834,16.7
frame,lgw,Year 2, summer 28, Sunday,14835,16.9
frame,lgw,Year 2, summer 28, Sunday,14836,16.5
frame,lgw,Year 2, summer 28, Sunday,14837,16.7
frame,lgw,Year 2, summer 28, Sunday,14838,16.7
frame,lgw,Year 2, summer 28, Sunday,14839,16.6
frame,lgw,Year 2, summer 28, Sunday,14840,16.6
frame,lgw,Year 2, summer 28, Sunday,14841,16.7
frame,lgw,Year 2, summer 28, Sunday,14842,16.7
frame,lgw,Year 2, summer 28, Sunday,14843,16.8
frame,lgw,Year 2, summer 28, Sunday,14844,16.6
frame,lgw,Year 2, summer 28, Sunday,14845,16.6
frame,lgw,Year 2, summer 28, Sunday,14846,16.7
frame,lgw,Year 2, summer 28, Sunday,14847,16.7
frame,lgw,Year 2, summer 28, Sunday,14848,16.7
frame,lgw,Year 2, summer 28, Sunday,14849,16.8
frame,lgw,Year 2, summer 28, Sunday,14850,18.5
frame,lgw,Year 2, summer 28, Sunday,14851,14.7
frame,lgw,Year 2, summer 28, Sunday,14852,16.7
frame,lgw,Year 2, summer 28, Sunday,14853,16.6
frame,lgw,Year 2, summer 28, Sunday,14854,16.7
frame,lgw,Year 2, summer 28, Sunday,14855,16.7
frame,lgw,Year 2, summer 28, Sunday,14856,16.7
frame,lgw,Year 2, summer 28, Sunday,14857,16.6
frame,lgw,Year 2, summer 28, Sunday,14858,16.7
frame,lgw,Year 2, summer 28, Sunday,14859,16.6
frame,lgw,Year 2, summer 28, Sunday,14860,16.7
frame,lgw,Year 2, summer 28, Sunday,14861,16.7
frame,lgw,Year 2, summer 28, Sunday,14862,17.3
frame,lgw,Year 2, summer 28, Sunday,14863,16.0
frame,lgw,Year 2, summer 28, Sunday,14864,17.5
frame,lgw,Year 2, summer 28, Sunday,14865,15.9
frame,lgw,Year 2, summer 28, Sunday,14866,16.7
frame,lgw,Year 2, summer 28, Sunday,14867,16.8
frame,lgw,Year 2, summer 28, Sunday,14868,16.5
frame,lgw,Year 2, summer 28, Sunday,14869,16.7
frame,lgw,Year 2, summer 28, Sunday,14870,16.7
frame,lgw,Year 2, summer 28, Sunday,14871,16.5
frame,lgw,Year 2, summer 28, Sunday,14872,46.3
