kind,player,date,name,calls,total_ms,avg_ms,max_ms
switch,lgw,Year 1, spring 1, Monday,610,66.8
switch,lgw,Year 1, spring 1, Monday,620,44.0
switch,lgw,Year 1, spring 1, Monday,630,67.2
switch,lgw,Year 1, spring 1, Monday,640,20.1
switch,lgw,Year 1, spring 1, Monday,650,18.3
switch,lgw,Year 1, spring 1, Monday,700,21.8
switch,lgw,Year 1, spring 1, Monday,710,17.2
switch,lgw,Year 1, spring 1, Monday,720,18.3
switch,lgw,Year 1, spring 1, Monday,730,18.3
switch,lgw,Year 1, spring 1, Monday,740,18.5
switch,lgw,Year 1, spring 1, Monday,750,21.5
switch,lgw,Year 1, spring 1, Monday,800,22.7
switch,lgw,Year 1, spring 1, Monday,810,18.0
switch,lgw,Year 1, spring 1, Monday,820,18.7
switch,lgw,Year 1, spring 1, Monday,830,17.3
switch,lgw,Year 1, spring 1, Monday,840,17.4
switch,lgw,Year 1, spring 1, Monday,850,17.8
switch,lgw,Year 1, spring 1, Monday,900,18.0
switch,lgw,Year 1, spring 1, Monday,910,17.2
switch,lgw,Year 1, spring 1, Monday,920,18.6
switch,lgw,Year 1, spring 1, Monday,930,17.4
switch,lgw,Year 1, spring 1, Monday,940,19.1
switch,lgw,Year 1, spring 1, Monday,950,17.6
switch,lgw,Year 1, spring 1, Monday,1000,17.3
switch,lgw,Year 1, spring 1, Monday,1010,15.8
switch,lgw,Year 1, spring 1, Monday,1020,17.3
switch,lgw,Year 1, spring 1, Monday,1030,17.2
switch,lgw,Year 1, spring 1, Monday,1040,18.4
switch,lgw,Year 1, spring 1, Monday,1050,17.2
switch,lgw,Year 1, spring 1, Monday,1100,15.5
switch,lgw,Year 1, spring 1, Monday,1110,17.2
switch,lgw,Year 1, spring 1, Monday,1120,17.5
switch,lgw,Year 1, spring 1, Monday,1130,25.1
switch,lgw,Year 1, spring 1, Monday,1140,17.6
switch,lgw,Year 1, spring 1, Monday,1150,17.5
switch,lgw,Year 1, spring 1, Monday,1200,17.4
switch,lgw,Year 1, spring 1, Monday,1210,16.0
switch,lgw,Year 1, spring 1, Monday,1220,17.2
switch,lgw,Year 1, spring 1, Monday,1230,24.4
switch,lgw,Year 1, spring 1, Monday,1240,17.7
switch,lgw,Year 1, spring 1, Monday,1250,17.2
switch,lgw,Year 1, spring 1, Monday,1300,18.0
switch,lgw,Year 1, spring 1, Monday,1310,19.6
switch,lgw,Year 1, spring 1, Monday,1320,17.7
switch,lgw,Year 1, spring 1, Monday,1330,17.5
switchdetail,lgw,Year 1, spring 1, Monday,600,0,0.0
switchdetail,lgw,Year 1, spring 1, Monday,610,0,0.0
switchdetail,lgw,Year 1, spring 1, Monday,620,0,0.0
switchdetail,lgw,Year 1, spring 1, Monday,630,0,0.0
switchdetail,lgw,Year 1, spring 1, Monday,640,0,0.0
switchdetail,lgw,Year 1, spring 1, Monday,650,0,0.0
switchdetail,lgw,Year 1, spring 1, Monday,700,0,0.0
switchdetail,lgw,Year 1, spring 1, Monday,710,0,0.0
switchdetail,lgw,Year 1, spring 1, Monday,720,0,0.0
switchdetail,lgw,Year 1, spring 1, Monday,730,0,0.0
switchdetail,lgw,Year 1, spring 1, Monday,740,0,0.0
switchdetail,lgw,Year 1, spring 1, Monday,750,0,0.0
switchdetail,lgw,Year 1, spring 1, Monday,800,0,0.0
switchdetail,lgw,Year 1, spring 1, Monday,810,0,0.0
switchdetail,lgw,Year 1, spring 1, Monday,820,0,0.0
switchdetail,lgw,Year 1, spring 1, Monday,830,0,0.0
switchdetail,lgw,Year 1, spring 1, Monday,840,0,0.0
switchdetail,lgw,Year 1, spring 1, Monday,850,0,0.0
switchdetail,lgw,Year 1, spring 1, Monday,900,0,0.0
switchdetail,lgw,Year 1, spring 1, Monday,910,0,0.0
switchdetail,lgw,Year 1, spring 1, Monday,920,0,0.0
switchdetail,lgw,Year 1, spring 1, Monday,930,0,0.0
switchdetail,lgw,Year 1, spring 1, Monday,940,0,0.0
switchdetail,lgw,Year 1, spring 1, Monday,950,0,0.0
switchdetail,lgw,Year 1, spring 1, Monday,1000,0,0.0
switchdetail,lgw,Year 1, spring 1, Monday,1010,0,0.0
switchdetail,lgw,Year 1, spring 1, Monday,1020,0,0.0
switchdetail,lgw,Year 1, spring 1, Monday,1030,0,0.0
switchdetail,lgw,Year 1, spring 1, Monday,1040,0,0.0
switchdetail,lgw,Year 1, spring 1, Monday,1050,0,0.0
switchdetail,lgw,Year 1, spring 1, Monday,1100,0,0.0
switchdetail,lgw,Year 1, spring 1, Monday,1110,0,0.0
switchdetail,lgw,Year 1, spring 1, Monday,1120,0,0.0
switchdetail,lgw,Year 1, spring 1, Monday,1130,0,0.0
switchdetail,lgw,Year 1, spring 1, Monday,1140,0,0.0
switchdetail,lgw,Year 1, spring 1, Monday,1150,0,0.0
switchdetail,lgw,Year 1, spring 1, Monday,1200,0,0.0
switchdetail,lgw,Year 1, spring 1, Monday,1210,0,0.0
switchdetail,lgw,Year 1, spring 1, Monday,1220,0,0.0
switchdetail,lgw,Year 1, spring 1, Monday,1230,0,0.0
switchdetail,lgw,Year 1, spring 1, Monday,1240,0,0.0
switchdetail,lgw,Year 1, spring 1, Monday,1250,0,0.0
switchdetail,lgw,Year 1, spring 1, Monday,1300,0,0.0
switchdetail,lgw,Year 1, spring 1, Monday,1310,0,0.0
switchdetail,lgw,Year 1, spring 1, Monday,1320,0,0.0
lag,lgw,Year 1, spring 1, Monday,2,293.6
lag,lgw,Year 1, spring 1, Monday,7,87.8
lag,lgw,Year 1, spring 1, Monday,31,543.1
lag,lgw,Year 1, spring 1, Monday,107,184.2
lag,lgw,Year 1, spring 1, Monday,191,74.4
lag,lgw,Year 1, spring 1, Monday,196,102.8
lag,lgw,Year 1, spring 1, Monday,669,168.3
lag,lgw,Year 1, spring 1, Monday,828,1029.2
lag,lgw,Year 1, spring 1, Monday,858,96.4
lag,lgw,Year 1, spring 1, Monday,1092,5376.1
lag,lgw,Year 1, spring 1, Monday,1093,178.7
lag,lgw,Year 1, spring 1, Monday,1096,74.4
lag,lgw,Year 1, spring 1, Monday,1207,231.0
lag,lgw,Year 1, spring 1, Monday,1346,115.4
lag,lgw,Year 1, spring 1, Monday,1681,65.9
lag,lgw,Year 1, spring 1, Monday,1682,111.0
lag,lgw,Year 1, spring 1, Monday,1723,66.8
lag,lgw,Year 1, spring 1, Monday,1851,67.2
lag,lgw,Year 1, spring 1, Monday,2012,72.5
lag,lgw,Year 1, spring 1, Monday,5329,77.2
frame,lgw,Year 1, spring 1, Monday,5120,12.5
frame,lgw,Year 1, spring 1, Monday,5121,16.7
frame,lgw,Year 1, spring 1, Monday,5122,16.7
frame,lgw,Year 1, spring 1, Monday,5123,16.9
frame,lgw,Year 1, spring 1, Monday,5124,16.4
frame,lgw,Year 1, spring 1, Monday,5125,16.8
frame,lgw,Year 1, spring 1, Monday,5126,16.6
frame,lgw,Year 1, spring 1, Monday,5127,16.7
frame,lgw,Year 1, spring 1, Monday,5128,16.7
frame,lgw,Year 1, spring 1, Monday,5129,16.7
frame,lgw,Year 1, spring 1, Monday,5130,16.8
frame,lgw,Year 1, spring 1, Monday,5131,16.6
frame,lgw,Year 1, spring 1, Monday,5132,16.9
frame,lgw,Year 1, spring 1, Monday,5133,16.7
frame,lgw,Year 1, spring 1, Monday,5134,16.6
frame,lgw,Year 1, spring 1, Monday,5135,16.6
frame,lgw,Year 1, spring 1, Monday,5136,16.9
frame,lgw,Year 1, spring 1, Monday,5137,16.6
frame,lgw,Year 1, spring 1, Monday,5138,16.6
frame,lgw,Year 1, spring 1, Monday,5139,16.6
frame,lgw,Year 1, spring 1, Monday,5140,16.7
frame,lgw,Year 1, spring 1, Monday,5141,16.6
frame,lgw,Year 1, spring 1, Monday,5142,16.8
frame,lgw,Year 1, spring 1, Monday,5143,16.6
frame,lgw,Year 1, spring 1, Monday,5144,16.7
frame,lgw,Year 1, spring 1, Monday,5145,16.7
frame,lgw,Year 1, spring 1, Monday,5146,16.7
frame,lgw,Year 1, spring 1, Monday,5147,16.7
frame,lgw,Year 1, spring 1, Monday,5148,16.7
frame,lgw,Year 1, spring 1, Monday,5149,16.7
frame,lgw,Year 1, spring 1, Monday,5150,16.6
frame,lgw,Year 1, spring 1, Monday,5151,17.0
frame,lgw,Year 1, spring 1, Monday,5152,16.3
frame,lgw,Year 1, spring 1, Monday,5153,16.7
frame,lgw,Year 1, spring 1, Monday,5154,16.7
frame,lgw,Year 1, spring 1, Monday,5155,16.7
frame,lgw,Year 1, spring 1, Monday,5156,16.6
frame,lgw,Year 1, spring 1, Monday,5157,16.7
frame,lgw,Year 1, spring 1, Monday,5158,16.5
frame,lgw,Year 1, spring 1, Monday,5159,16.8
frame,lgw,Year 1, spring 1, Monday,5160,16.5
frame,lgw,Year 1, spring 1, Monday,5161,16.7
frame,lgw,Year 1, spring 1, Monday,5162,16.8
frame,lgw,Year 1, spring 1, Monday,5163,16.7
frame,lgw,Year 1, spring 1, Monday,5164,17.0
frame,lgw,Year 1, spring 1, Monday,5165,16.4
frame,lgw,Year 1, spring 1, Monday,5166,16.7
frame,lgw,Year 1, spring 1, Monday,5167,16.5
frame,lgw,Year 1, spring 1, Monday,5168,16.9
frame,lgw,Year 1, spring 1, Monday,5169,16.6
frame,lgw,Year 1, spring 1, Monday,5170,16.6
frame,lgw,Year 1, spring 1, Monday,5171,16.7
frame,lgw,Year 1, spring 1, Monday,5172,16.8
frame,lgw,Year 1, spring 1, Monday,5173,16.7
frame,lgw,Year 1, spring 1, Monday,5174,16.6
frame,lgw,Year 1, spring 1, Monday,5175,16.9
frame,lgw,Year 1, spring 1, Monday,5176,16.7
frame,lgw,Year 1, spring 1, Monday,5177,16.5
frame,lgw,Year 1, spring 1, Monday,5178,19.0
frame,lgw,Year 1, spring 1, Monday,5179,14.3
frame,lgw,Year 1, spring 1, Monday,5180,16.7
frame,lgw,Year 1, spring 1, Monday,5181,16.7
frame,lgw,Year 1, spring 1, Monday,5182,16.7
frame,lgw,Year 1, spring 1, Monday,5183,16.6
frame,lgw,Year 1, spring 1, Monday,5184,16.6
frame,lgw,Year 1, spring 1, Monday,5185,16.7
frame,lgw,Year 1, spring 1, Monday,5186,16.6
frame,lgw,Year 1, spring 1, Monday,5187,16.6
frame,lgw,Year 1, spring 1, Monday,5188,16.7
frame,lgw,Year 1, spring 1, Monday,5189,16.7
frame,lgw,Year 1, spring 1, Monday,5190,16.6
frame,lgw,Year 1, spring 1, Monday,5191,16.7
frame,lgw,Year 1, spring 1, Monday,5192,17.8
frame,lgw,Year 1, spring 1, Monday,5193,15.5
frame,lgw,Year 1, spring 1, Monday,5194,16.7
frame,lgw,Year 1, spring 1, Monday,5195,16.7
frame,lgw,Year 1, spring 1, Monday,5196,16.6
frame,lgw,Year 1, spring 1, Monday,5197,16.7
frame,lgw,Year 1, spring 1, Monday,5198,35.2
frame,lgw,Year 1, spring 1, Monday,5199,37.8
frame,lgw,Year 1, spring 1, Monday,5200,1.3
frame,lgw,Year 1, spring 1, Monday,5201,0.2
frame,lgw,Year 1, spring 1, Monday,5202,8.7
frame,lgw,Year 1, spring 1, Monday,5203,17.4
frame,lgw,Year 1, spring 1, Monday,5204,16.1
frame,lgw,Year 1, spring 1, Monday,5205,16.6
frame,lgw,Year 1, spring 1, Monday,5206,16.6
frame,lgw,Year 1, spring 1, Monday,5207,16.7
frame,lgw,Year 1, spring 1, Monday,5208,16.6
frame,lgw,Year 1, spring 1, Monday,5209,16.7
frame,lgw,Year 1, spring 1, Monday,5210,17.9
frame,lgw,Year 1, spring 1, Monday,5211,15.4
frame,lgw,Year 1, spring 1, Monday,5212,16.8
frame,lgw,Year 1, spring 1, Monday,5213,16.5
frame,lgw,Year 1, spring 1, Monday,5214,16.7
frame,lgw,Year 1, spring 1, Monday,5215,16.7
frame,lgw,Year 1, spring 1, Monday,5216,16.7
frame,lgw,Year 1, spring 1, Monday,5217,17.0
frame,lgw,Year 1, spring 1, Monday,5218,16.8
frame,lgw,Year 1, spring 1, Monday,5219,16.3
frame,lgw,Year 1, spring 1, Monday,5220,16.7
frame,lgw,Year 1, spring 1, Monday,5221,16.6
frame,lgw,Year 1, spring 1, Monday,5222,17.6
frame,lgw,Year 1, spring 1, Monday,5223,15.7
frame,lgw,Year 1, spring 1, Monday,5224,16.7
frame,lgw,Year 1, spring 1, Monday,5225,16.7
frame,lgw,Year 1, spring 1, Monday,5226,16.7
frame,lgw,Year 1, spring 1, Monday,5227,16.7
frame,lgw,Year 1, spring 1, Monday,5228,16.7
frame,lgw,Year 1, spring 1, Monday,5229,16.7
frame,lgw,Year 1, spring 1, Monday,5230,16.6
frame,lgw,Year 1, spring 1, Monday,5231,17.3
frame,lgw,Year 1, spring 1, Monday,5232,16.0
frame,lgw,Year 1, spring 1, Monday,5233,16.6
frame,lgw,Year 1, spring 1, Monday,5234,16.7
frame,lgw,Year 1, spring 1, Monday,5235,17.3
frame,lgw,Year 1, spring 1, Monday,5236,16.1
frame,lgw,Year 1, spring 1, Monday,5237,16.8
frame,lgw,Year 1, spring 1, Monday,5238,16.5
frame,lgw,Year 1, spring 1, Monday,5239,16.8
frame,lgw,Year 1, spring 1, Monday,5240,16.6
frame,lgw,Year 1, spring 1, Monday,5241,16.7
frame,lgw,Year 1, spring 1, Monday,5242,16.7
frame,lgw,Year 1, spring 1, Monday,5243,23.0
frame,lgw,Year 1, spring 1, Monday,5244,10.5
frame,lgw,Year 1, spring 1, Monday,5245,16.5
frame,lgw,Year 1, spring 1, Monday,5246,16.7
frame,lgw,Year 1, spring 1, Monday,5247,16.6
frame,lgw,Year 1, spring 1, Monday,5248,16.7
frame,lgw,Year 1, spring 1, Monday,5249,16.6
frame,lgw,Year 1, spring 1, Monday,5250,16.8
frame,lgw,Year 1, spring 1, Monday,5251,16.6
frame,lgw,Year 1, spring 1, Monday,5252,16.8
frame,lgw,Year 1, spring 1, Monday,5253,16.5
frame,lgw,Year 1, spring 1, Monday,5254,16.6
frame,lgw,Year 1, spring 1, Monday,5255,16.7
frame,lgw,Year 1, spring 1, Monday,5256,16.6
frame,lgw,Year 1, spring 1, Monday,5257,16.7
frame,lgw,Year 1, spring 1, Monday,5258,17.0
frame,lgw,Year 1, spring 1, Monday,5259,16.3
frame,lgw,Year 1, spring 1, Monday,5260,16.7
frame,lgw,Year 1, spring 1, Monday,5261,16.7
frame,lgw,Year 1, spring 1, Monday,5262,16.8
frame,lgw,Year 1, spring 1, Monday,5263,16.5
frame,lgw,Year 1, spring 1, Monday,5264,16.7
frame,lgw,Year 1, spring 1, Monday,5265,16.7
frame,lgw,Year 1, spring 1, Monday,5266,16.6
frame,lgw,Year 1, spring 1, Monday,5267,17.4
frame,lgw,Year 1, spring 1, Monday,5268,15.9
frame,lgw,Year 1, spring 1, Monday,5269,18.1
frame,lgw,Year 1, spring 1, Monday,5270,17.0
frame,lgw,Year 1, spring 1, Monday,5271,15.1
frame,lgw,Year 1, spring 1, Monday,5272,16.6
frame,lgw,Year 1, spring 1, Monday,5273,16.8
frame,lgw,Year 1, spring 1, Monday,5274,16.5
frame,lgw,Year 1, spring 1, Monday,5275,16.7
frame,lgw,Year 1, spring 1, Monday,5276,16.6
frame,lgw,Year 1, spring 1, Monday,5277,16.7
frame,lgw,Year 1, spring 1, Monday,5278,16.7
frame,lgw,Year 1, spring 1, Monday,5279,16.6
frame,lgw,Year 1, spring 1, Monday,5280,16.7
frame,lgw,Year 1, spring 1, Monday,5281,16.7
frame,lgw,Year 1, spring 1, Monday,5282,16.9
frame,lgw,Year 1, spring 1, Monday,5283,16.4
frame,lgw,Year 1, spring 1, Monday,5284,16.6
frame,lgw,Year 1, spring 1, Monday,5285,18.4
frame,lgw,Year 1, spring 1, Monday,5286,15.5
frame,lgw,Year 1, spring 1, Monday,5287,16.3
frame,lgw,Year 1, spring 1, Monday,5288,16.6
frame,lgw,Year 1, spring 1, Monday,5289,16.7
frame,lgw,Year 1, spring 1, Monday,5290,16.6
frame,lgw,Year 1, spring 1, Monday,5291,16.5
frame,lgw,Year 1, spring 1, Monday,5292,16.8
frame,lgw,Year 1, spring 1, Monday,5293,16.4
frame,lgw,Year 1, spring 1, Monday,5294,16.7
frame,lgw,Year 1, spring 1, Monday,5295,16.7
frame,lgw,Year 1, spring 1, Monday,5296,16.6
frame,lgw,Year 1, spring 1, Monday,5297,16.6
frame,lgw,Year 1, spring 1, Monday,5298,16.8
frame,lgw,Year 1, spring 1, Monday,5299,16.6
frame,lgw,Year 1, spring 1, Monday,5300,16.6
frame,lgw,Year 1, spring 1, Monday,5301,16.8
frame,lgw,Year 1, spring 1, Monday,5302,16.6
frame,lgw,Year 1, spring 1, Monday,5303,16.7
frame,lgw,Year 1, spring 1, Monday,5304,16.7
frame,lgw,Year 1, spring 1, Monday,5305,16.7
frame,lgw,Year 1, spring 1, Monday,5306,16.6
frame,lgw,Year 1, spring 1, Monday,5307,16.7
frame,lgw,Year 1, spring 1, Monday,5308,16.7
frame,lgw,Year 1, spring 1, Monday,5309,16.6
frame,lgw,Year 1, spring 1, Monday,5310,16.6
frame,lgw,Year 1, spring 1, Monday,5311,16.8
frame,lgw,Year 1, spring 1, Monday,5312,16.6
frame,lgw,Year 1, spring 1, Monday,5313,16.6
frame,lgw,Year 1, spring 1, Monday,5314,16.7
frame,lgw,Year 1, spring 1, Monday,5315,16.8
frame,lgw,Year 1, spring 1, Monday,5316,16.7
frame,lgw,Year 1, spring 1, Monday,5317,16.4
frame,lgw,Year 1, spring 1, Monday,5318,18.4
frame,lgw,Year 1, spring 1, Monday,5319,15.0
frame,lgw,Year 1, spring 1, Monday,5320,16.7
frame,lgw,Year 1, spring 1, Monday,5321,16.6
frame,lgw,Year 1, spring 1, Monday,5322,16.7
frame,lgw,Year 1, spring 1, Monday,5323,16.7
frame,lgw,Year 1, spring 1, Monday,5324,16.8
frame,lgw,Year 1, spring 1, Monday,5325,16.6
frame,lgw,Year 1, spring 1, Monday,5326,16.6
frame,lgw,Year 1, spring 1, Monday,5327,16.6
frame,lgw,Year 1, spring 1, Monday,5328,77.2
frame,lgw,Year 1, spring 1, Monday,5329,20.1
frame,lgw,Year 1, spring 1, Monday,5330,0.4
frame,lgw,Year 1, spring 1, Monday,5331,0.2
frame,lgw,Year 1, spring 1, Monday,5332,0.2
frame,lgw,Year 1, spring 1, Monday,5333,1.7
frame,lgw,Year 1, spring 1, Monday,5334,16.9
frame,lgw,Year 1, spring 1, Monday,5335,16.7
frame,lgw,Year 1, spring 1, Monday,5336,16.9
frame,lgw,Year 1, spring 1, Monday,5337,16.4
frame,lgw,Year 1, spring 1, Monday,5338,16.7
frame,lgw,Year 1, spring 1, Monday,5339,16.8
frame,lgw,Year 1, spring 1, Monday,5340,16.5
frame,lgw,Year 1, spring 1, Monday,5341,16.6
frame,lgw,Year 1, spring 1, Monday,5342,16.7
frame,lgw,Year 1, spring 1, Monday,5343,16.7
frame,lgw,Year 1, spring 1, Monday,5344,18.9
frame,lgw,Year 1, spring 1, Monday,5345,14.4
frame,lgw,Year 1, spring 1, Monday,5346,18.5
frame,lgw,Year 1, spring 1, Monday,5347,15.2
frame,lgw,Year 1, spring 1, Monday,5348,16.2
frame,lgw,Year 1, spring 1, Monday,5349,16.7
frame,lgw,Year 1, spring 1, Monday,5350,16.6
frame,lgw,Year 1, spring 1, Monday,5351,16.7
frame,lgw,Year 1, spring 1, Monday,5352,16.7
frame,lgw,Year 1, spring 1, Monday,5353,22.1
frame,lgw,Year 1, spring 1, Monday,5354,11.3
frame,lgw,Year 1, spring 1, Monday,5355,16.6
frame,lgw,Year 1, spring 1, Monday,5356,16.7
frame,lgw,Year 1, spring 1, Monday,5357,18.6
frame,lgw,Year 1, spring 1, Monday,5358,14.7
frame,lgw,Year 1, spring 1, Monday,5359,17.1
frame,lgw,Year 1, spring 1, Monday,5360,16.3
frame,lgw,Year 1, spring 1, Monday,5361,16.6
frame,lgw,Year 1, spring 1, Monday,5362,16.7
frame,lgw,Year 1, spring 1, Monday,5363,16.6
frame,lgw,Year 1, spring 1, Monday,5364,16.6
frame,lgw,Year 1, spring 1, Monday,5365,16.6
frame,lgw,Year 1, spring 1, Monday,5366,16.9
frame,lgw,Year 1, spring 1, Monday,5367,25.4
frame,lgw,Year 1, spring 1, Monday,5368,7.9
frame,lgw,Year 1, spring 1, Monday,5369,16.6
frame,lgw,Year 1, spring 1, Monday,5370,17.5
frame,lgw,Year 1, spring 1, Monday,5371,15.9
frame,lgw,Year 1, spring 1, Monday,5372,16.7
frame,lgw,Year 1, spring 1, Monday,5373,16.6
frame,lgw,Year 1, spring 1, Monday,5374,18.9
frame,lgw,Year 1, spring 1, Monday,5375,33.2
frame,lgw,Year 1, spring 1, Monday,5376,1.7
frame,lgw,Year 1, spring 1, Monday,5377,12.9
frame,lgw,Year 1, spring 1, Monday,5378,16.7
frame,lgw,Year 1, spring 1, Monday,5379,16.7
frame,lgw,Year 1, spring 1, Monday,5380,16.9
frame,lgw,Year 1, spring 1, Monday,5381,17.0
frame,lgw,Year 1, spring 1, Monday,5382,16.1
frame,lgw,Year 1, spring 1, Monday,5383,16.7
frame,lgw,Year 1, spring 1, Monday,5384,16.6
frame,lgw,Year 1, spring 1, Monday,5385,16.7
frame,lgw,Year 1, spring 1, Monday,5386,16.7
frame,lgw,Year 1, spring 1, Monday,5387,17.4
frame,lgw,Year 1, spring 1, Monday,5388,15.9
frame,lgw,Year 1, spring 1, Monday,5389,16.6
frame,lgw,Year 1, spring 1, Monday,5390,16.6
frame,lgw,Year 1, spring 1, Monday,5391,16.7
frame,lgw,Year 1, spring 1, Monday,5392,16.7
frame,lgw,Year 1, spring 1, Monday,5393,16.7
frame,lgw,Year 1, spring 1, Monday,5394,16.6
frame,lgw,Year 1, spring 1, Monday,5395,18.7
frame,lgw,Year 1, spring 1, Monday,5396,14.7
frame,lgw,Year 1, spring 1, Monday,5397,16.6
frame,lgw,Year 1, spring 1, Monday,5398,16.7
frame,lgw,Year 1, spring 1, Monday,5399,16.7
frame,lgw,Year 1, spring 1, Monday,5400,16.7
frame,lgw,Year 1, spring 1, Monday,5401,16.6
frame,lgw,Year 1, spring 1, Monday,5402,16.7
frame,lgw,Year 1, spring 1, Monday,5403,16.6
frame,lgw,Year 1, spring 1, Monday,5404,16.7
frame,lgw,Year 1, spring 1, Monday,5405,16.8
frame,lgw,Year 1, spring 1, Monday,5406,16.6
frame,lgw,Year 1, spring 1, Monday,5407,16.7
frame,lgw,Year 1, spring 1, Monday,5408,16.6
frame,lgw,Year 1, spring 1, Monday,5409,16.7
frame,lgw,Year 1, spring 1, Monday,5410,17.0
frame,lgw,Year 1, spring 1, Monday,5411,16.3
frame,lgw,Year 1, spring 1, Monday,5412,16.7
frame,lgw,Year 1, spring 1, Monday,5413,16.7
frame,lgw,Year 1, spring 1, Monday,5414,16.7
frame,lgw,Year 1, spring 1, Monday,5415,16.6
frame,lgw,Year 1, spring 1, Monday,5416,16.7
frame,lgw,Year 1, spring 1, Monday,5417,16.6
frame,lgw,Year 1, spring 1, Monday,5418,16.7
frame,lgw,Year 1, spring 1, Monday,5419,17.1
frame,lgw,Year 1, spring 1, Monday,5420,16.3
frame,lgw,Year 1, spring 1, Monday,5421,16.7
frame,lgw,Year 1, spring 1, Monday,5422,16.6
frame,lgw,Year 1, spring 1, Monday,5423,16.9
frame,lgw,Year 1, spring 1, Monday,5424,16.5
frame,lgw,Year 1, spring 1, Monday,5425,16.7
frame,lgw,Year 1, spring 1, Monday,5426,16.6
frame,lgw,Year 1, spring 1, Monday,5427,16.7
frame,lgw,Year 1, spring 1, Monday,5428,16.7
frame,lgw,Year 1, spring 1, Monday,5429,16.7
frame,lgw,Year 1, spring 1, Monday,5430,16.7
frame,lgw,Year 1, spring 1, Monday,5431,16.7
frame,lgw,Year 1, spring 1, Monday,5432,16.6
frame,lgw,Year 1, spring 1, Monday,5433,16.7
frame,lgw,Year 1, spring 1, Monday,5434,17.4
frame,lgw,Year 1, spring 1, Monday,5435,16.4
frame,lgw,Year 1, spring 1, Monday,5436,16.3
frame,lgw,Year 1, spring 1, Monday,5437,16.7
frame,lgw,Year 1, spring 1, Monday,5438,16.6
frame,lgw,Year 1, spring 1, Monday,5439,16.7
frame,lgw,Year 1, spring 1, Monday,5440,16.6
frame,lgw,Year 1, spring 1, Monday,5441,16.8
frame,lgw,Year 1, spring 1, Monday,5442,16.6
frame,lgw,Year 1, spring 1, Monday,5443,16.6
frame,lgw,Year 1, spring 1, Monday,5444,16.6
frame,lgw,Year 1, spring 1, Monday,5445,16.7
frame,lgw,Year 1, spring 1, Monday,5446,16.7
frame,lgw,Year 1, spring 1, Monday,5447,17.0
frame,lgw,Year 1, spring 1, Monday,5448,16.4
frame,lgw,Year 1, spring 1, Monday,5449,16.6
frame,lgw,Year 1, spring 1, Monday,5450,16.7
frame,lgw,Year 1, spring 1, Monday,5451,16.7
frame,lgw,Year 1, spring 1, Monday,5452,16.6
frame,lgw,Year 1, spring 1, Monday,5453,16.7
frame,lgw,Year 1, spring 1, Monday,5454,16.6
frame,lgw,Year 1, spring 1, Monday,5455,16.7
frame,lgw,Year 1, spring 1, Monday,5456,16.9
frame,lgw,Year 1, spring 1, Monday,5457,16.4
frame,lgw,Year 1, spring 1, Monday,5458,17.5
frame,lgw,Year 1, spring 1, Monday,5459,16.6
frame,lgw,Year 1, spring 1, Monday,5460,15.9
frame,lgw,Year 1, spring 1, Monday,5461,16.7
frame,lgw,Year 1, spring 1, Monday,5462,16.6
frame,lgw,Year 1, spring 1, Monday,5463,16.7
frame,lgw,Year 1, spring 1, Monday,5464,16.7
frame,lgw,Year 1, spring 1, Monday,5465,17.2
frame,lgw,Year 1, spring 1, Monday,5466,16.3
frame,lgw,Year 1, spring 1, Monday,5467,16.8
frame,lgw,Year 1, spring 1, Monday,5468,16.5
frame,lgw,Year 1, spring 1, Monday,5469,16.9
frame,lgw,Year 1, spring 1, Monday,5470,16.3
frame,lgw,Year 1, spring 1, Monday,5471,16.7
frame,lgw,Year 1, spring 1, Monday,5472,16.6
frame,lgw,Year 1, spring 1, Monday,5473,16.7
frame,lgw,Year 1, spring 1, Monday,5474,16.7
frame,lgw,Year 1, spring 1, Monday,5475,16.6
frame,lgw,Year 1, spring 1, Monday,5476,17.3
frame,lgw,Year 1, spring 1, Monday,5477,16.3
frame,lgw,Year 1, spring 1, Monday,5478,16.5
frame,lgw,Year 1, spring 1, Monday,5479,16.6
frame,lgw,Year 1, spring 1, Monday,5480,17.0
frame,lgw,Year 1, spring 1, Monday,5481,16.4
frame,lgw,Year 1, spring 1, Monday,5482,16.6
frame,lgw,Year 1, spring 1, Monday,5483,16.6
frame,lgw,Year 1, spring 1, Monday,5484,16.7
frame,lgw,Year 1, spring 1, Monday,5485,16.7
frame,lgw,Year 1, spring 1, Monday,5486,16.7
frame,lgw,Year 1, spring 1, Monday,5487,16.7
frame,lgw,Year 1, spring 1, Monday,5488,16.7
frame,lgw,Year 1, spring 1, Monday,5489,16.9
frame,lgw,Year 1, spring 1, Monday,5490,16.7
frame,lgw,Year 1, spring 1, Monday,5491,16.8
frame,lgw,Year 1, spring 1, Monday,5492,16.2
frame,lgw,Year 1, spring 1, Monday,5493,16.7
frame,lgw,Year 1, spring 1, Monday,5494,16.6
frame,lgw,Year 1, spring 1, Monday,5495,16.7
frame,lgw,Year 1, spring 1, Monday,5496,16.6
frame,lgw,Year 1, spring 1, Monday,5497,16.7
frame,lgw,Year 1, spring 1, Monday,5498,16.7
frame,lgw,Year 1, spring 1, Monday,5499,16.9
frame,lgw,Year 1, spring 1, Monday,5500,16.4
frame,lgw,Year 1, spring 1, Monday,5501,18.1
frame,lgw,Year 1, spring 1, Monday,5502,15.5
frame,lgw,Year 1, spring 1, Monday,5503,16.6
frame,lgw,Year 1, spring 1, Monday,5504,16.5
frame,lgw,Year 1, spring 1, Monday,5505,16.7
frame,lgw,Year 1, spring 1, Monday,5506,16.6
frame,lgw,Year 1, spring 1, Monday,5507,16.6
frame,lgw,Year 1, spring 1, Monday,5508,16.7
frame,lgw,Year 1, spring 1, Monday,5509,16.7
frame,lgw,Year 1, spring 1, Monday,5510,16.7
frame,lgw,Year 1, spring 1, Monday,5511,16.6
frame,lgw,Year 1, spring 1, Monday,5512,16.7
frame,lgw,Year 1, spring 1, Monday,5513,16.6
frame,lgw,Year 1, spring 1, Monday,5514,16.9
frame,lgw,Year 1, spring 1, Monday,5515,16.5
frame,lgw,Year 1, spring 1, Monday,5516,16.9
frame,lgw,Year 1, spring 1, Monday,5517,16.3
frame,lgw,Year 1, spring 1, Monday,5518,16.8
frame,lgw,Year 1, spring 1, Monday,5519,16.6
frame,lgw,Year 1, spring 1, Monday,5520,16.9
frame,lgw,Year 1, spring 1, Monday,5521,16.5
frame,lgw,Year 1, spring 1, Monday,5522,16.6
frame,lgw,Year 1, spring 1, Monday,5523,16.8
frame,lgw,Year 1, spring 1, Monday,5524,16.6
frame,lgw,Year 1, spring 1, Monday,5525,16.6
frame,lgw,Year 1, spring 1, Monday,5526,16.6
frame,lgw,Year 1, spring 1, Monday,5527,16.8
frame,lgw,Year 1, spring 1, Monday,5528,16.5
frame,lgw,Year 1, spring 1, Monday,5529,16.7
frame,lgw,Year 1, spring 1, Monday,5530,18.7
frame,lgw,Year 1, spring 1, Monday,5531,14.8
frame,lgw,Year 1, spring 1, Monday,5532,17.2
frame,lgw,Year 1, spring 1, Monday,5533,16.0
frame,lgw,Year 1, spring 1, Monday,5534,16.7
frame,lgw,Year 1, spring 1, Monday,5535,16.6
frame,lgw,Year 1, spring 1, Monday,5536,16.7
frame,lgw,Year 1, spring 1, Monday,5537,16.7
frame,lgw,Year 1, spring 1, Monday,5538,16.7
frame,lgw,Year 1, spring 1, Monday,5539,16.6
frame,lgw,Year 1, spring 1, Monday,5540,17.2
frame,lgw,Year 1, spring 1, Monday,5541,16.1
frame,lgw,Year 1, spring 1, Monday,5542,19.0
frame,lgw,Year 1, spring 1, Monday,5543,14.4
frame,lgw,Year 1, spring 1, Monday,5544,16.7
frame,lgw,Year 1, spring 1, Monday,5545,16.9
frame,lgw,Year 1, spring 1, Monday,5546,17.7
frame,lgw,Year 1, spring 1, Monday,5547,15.3
frame,lgw,Year 1, spring 1, Monday,5548,16.7
frame,lgw,Year 1, spring 1, Monday,5549,17.0
frame,lgw,Year 1, spring 1, Monday,5550,17.3
frame,lgw,Year 1, spring 1, Monday,5551,15.7
frame,lgw,Year 1, spring 1, Monday,5552,16.6
frame,lgw,Year 1, spring 1, Monday,5553,16.7
frame,lgw,Year 1, spring 1, Monday,5554,16.7
frame,lgw,Year 1, spring 1, Monday,5555,16.7
frame,lgw,Year 1, spring 1, Monday,5556,16.7
frame,lgw,Year 1, spring 1, Monday,5557,16.8
frame,lgw,Year 1, spring 1, Monday,5558,16.5
frame,lgw,Year 1, spring 1, Monday,5559,16.7
frame,lgw,Year 1, spring 1, Monday,5560,17.7
frame,lgw,Year 1, spring 1, Monday,5561,15.6
frame,lgw,Year 1, spring 1, Monday,5562,16.6
frame,lgw,Year 1, spring 1, Monday,5563,16.7
frame,lgw,Year 1, spring 1, Monday,5564,16.6
frame,lgw,Year 1, spring 1, Monday,5565,16.7
frame,lgw,Year 1, spring 1, Monday,5566,16.6
frame,lgw,Year 1, spring 1, Monday,5567,16.6
frame,lgw,Year 1, spring 1, Monday,5568,17.3
frame,lgw,Year 1, spring 1, Monday,5569,16.1
frame,lgw,Year 1, spring 1, Monday,5570,16.6
frame,lgw,Year 1, spring 1, Monday,5571,16.7
frame,lgw,Year 1, spring 1, Monday,5572,16.6
frame,lgw,Year 1, spring 1, Monday,5573,16.7
frame,lgw,Year 1, spring 1, Monday,5574,16.7
frame,lgw,Year 1, spring 1, Monday,5575,16.7
frame,lgw,Year 1, spring 1, Monday,5576,16.7
frame,lgw,Year 1, spring 1, Monday,5577,16.6
frame,lgw,Year 1, spring 1, Monday,5578,17.8
frame,lgw,Year 1, spring 1, Monday,5579,15.7
frame,lgw,Year 1, spring 1, Monday,5580,16.5
frame,lgw,Year 1, spring 1, Monday,5581,16.7
frame,lgw,Year 1, spring 1, Monday,5582,16.6
frame,lgw,Year 1, spring 1, Monday,5583,16.9
frame,lgw,Year 1, spring 1, Monday,5584,17.8
frame,lgw,Year 1, spring 1, Monday,5585,15.3
frame,lgw,Year 1, spring 1, Monday,5586,16.7
frame,lgw,Year 1, spring 1, Monday,5587,16.7
frame,lgw,Year 1, spring 1, Monday,5588,16.6
frame,lgw,Year 1, spring 1, Monday,5589,16.7
frame,lgw,Year 1, spring 1, Monday,5590,16.7
frame,lgw,Year 1, spring 1, Monday,5591,16.6
frame,lgw,Year 1, spring 1, Monday,5592,16.8
frame,lgw,Year 1, spring 1, Monday,5593,16.6
frame,lgw,Year 1, spring 1, Monday,5594,16.7
frame,lgw,Year 1, spring 1, Monday,5595,16.7
frame,lgw,Year 1, spring 1, Monday,5596,16.7
frame,lgw,Year 1, spring 1, Monday,5597,16.6
frame,lgw,Year 1, spring 1, Monday,5598,17.3
frame,lgw,Year 1, spring 1, Monday,5599,16.1
frame,lgw,Year 1, spring 1, Monday,5600,17.2
frame,lgw,Year 1, spring 1, Monday,5601,16.1
frame,lgw,Year 1, spring 1, Monday,5602,16.6
frame,lgw,Year 1, spring 1, Monday,5603,16.7
frame,lgw,Year 1, spring 1, Monday,5604,16.6
frame,lgw,Year 1, spring 1, Monday,5605,16.8
frame,lgw,Year 1, spring 1, Monday,5606,16.8
frame,lgw,Year 1, spring 1, Monday,5607,16.6
frame,lgw,Year 1, spring 1, Monday,5608,16.5
frame,lgw,Year 1, spring 1, Monday,5609,16.7
frame,lgw,Year 1, spring 1, Monday,5610,16.7
frame,lgw,Year 1, spring 1, Monday,5611,16.7
frame,lgw,Year 1, spring 1, Monday,5612,16.7
frame,lgw,Year 1, spring 1, Monday,5613,16.7
frame,lgw,Year 1, spring 1, Monday,5614,16.7
frame,lgw,Year 1, spring 1, Monday,5615,16.7
frame,lgw,Year 1, spring 1, Monday,5616,16.7
frame,lgw,Year 1, spring 1, Monday,5617,16.5
frame,lgw,Year 1, spring 1, Monday,5618,16.7
frame,lgw,Year 1, spring 1, Monday,5619,16.6
frame,lgw,Year 1, spring 1, Monday,5620,16.8
frame,lgw,Year 1, spring 1, Monday,5621,16.6
frame,lgw,Year 1, spring 1, Monday,5622,16.7
frame,lgw,Year 1, spring 1, Monday,5623,16.7
frame,lgw,Year 1, spring 1, Monday,5624,16.7
frame,lgw,Year 1, spring 1, Monday,5625,16.7
frame,lgw,Year 1, spring 1, Monday,5626,17.3
frame,lgw,Year 1, spring 1, Monday,5627,16.0
frame,lgw,Year 1, spring 1, Monday,5628,16.7
frame,lgw,Year 1, spring 1, Monday,5629,16.7
frame,lgw,Year 1, spring 1, Monday,5630,16.6
frame,lgw,Year 1, spring 1, Monday,5631,16.7
frame,lgw,Year 1, spring 1, Monday,5632,16.7
frame,lgw,Year 1, spring 1, Monday,5633,16.6
frame,lgw,Year 1, spring 1, Monday,5634,16.7
frame,lgw,Year 1, spring 1, Monday,5635,17.2
frame,lgw,Year 1, spring 1, Monday,5636,16.8
frame,lgw,Year 1, spring 1, Monday,5637,16.0
frame,lgw,Year 1, spring 1, Monday,5638,17.6
frame,lgw,Year 1, spring 1, Monday,5639,15.7
frame,lgw,Year 1, spring 1, Monday,5640,16.8
frame,lgw,Year 1, spring 1, Monday,5641,16.6
frame,lgw,Year 1, spring 1, Monday,5642,16.8
frame,lgw,Year 1, spring 1, Monday,5643,16.5
frame,lgw,Year 1, spring 1, Monday,5644,16.7
frame,lgw,Year 1, spring 1, Monday,5645,16.7
frame,lgw,Year 1, spring 1, Monday,5646,16.7
frame,lgw,Year 1, spring 1, Monday,5647,16.7
frame,lgw,Year 1, spring 1, Monday,5648,16.7
frame,lgw,Year 1, spring 1, Monday,5649,16.7
frame,lgw,Year 1, spring 1, Monday,5650,16.7
frame,lgw,Year 1, spring 1, Monday,5651,16.7
frame,lgw,Year 1, spring 1, Monday,5652,16.6
frame,lgw,Year 1, spring 1, Monday,5653,16.7
frame,lgw,Year 1, spring 1, Monday,5654,16.7
frame,lgw,Year 1, spring 1, Monday,5655,16.6
frame,lgw,Year 1, spring 1, Monday,5656,16.7
frame,lgw,Year 1, spring 1, Monday,5657,16.7
frame,lgw,Year 1, spring 1, Monday,5658,16.7
frame,lgw,Year 1, spring 1, Monday,5659,16.6
frame,lgw,Year 1, spring 1, Monday,5660,16.7
frame,lgw,Year 1, spring 1, Monday,5661,16.8
frame,lgw,Year 1, spring 1, Monday,5662,16.6
frame,lgw,Year 1, spring 1, Monday,5663,16.6
frame,lgw,Year 1, spring 1, Monday,5664,16.7
frame,lgw,Year 1, spring 1, Monday,5665,16.7
frame,lgw,Year 1, spring 1, Monday,5666,19.0
frame,lgw,Year 1, spring 1, Monday,5667,21.9
frame,lgw,Year 1, spring 1, Monday,5668,9.1
frame,lgw,Year 1, spring 1, Monday,5669,16.7
frame,lgw,Year 1, spring 1, Monday,5670,16.7
frame,lgw,Year 1, spring 1, Monday,5671,16.6
frame,lgw,Year 1, spring 1, Monday,5672,16.7
frame,lgw,Year 1, spring 1, Monday,5673,16.6
frame,lgw,Year 1, spring 1, Monday,5674,18.6
frame,lgw,Year 1, spring 1, Monday,5675,15.4
frame,lgw,Year 1, spring 1, Monday,5676,18.0
frame,lgw,Year 1, spring 1, Monday,5677,14.6
frame,lgw,Year 1, spring 1, Monday,5678,16.7
frame,lgw,Year 1, spring 1, Monday,5679,16.7
frame,lgw,Year 1, spring 1, Monday,5680,18.5
frame,lgw,Year 1, spring 1, Monday,5681,15.0
frame,lgw,Year 1, spring 1, Monday,5682,16.6
frame,lgw,Year 1, spring 1, Monday,5683,16.7
frame,lgw,Year 1, spring 1, Monday,5684,16.5
frame,lgw,Year 1, spring 1, Monday,5685,16.7
frame,lgw,Year 1, spring 1, Monday,5686,19.3
frame,lgw,Year 1, spring 1, Monday,5687,14.0
frame,lgw,Year 1, spring 1, Monday,5688,16.7
frame,lgw,Year 1, spring 1, Monday,5689,16.7
frame,lgw,Year 1, spring 1, Monday,5690,16.6
frame,lgw,Year 1, spring 1, Monday,5691,16.7
frame,lgw,Year 1, spring 1, Monday,5692,16.7
frame,lgw,Year 1, spring 1, Monday,5693,16.9
frame,lgw,Year 1, spring 1, Monday,5694,16.4
frame,lgw,Year 1, spring 1, Monday,5695,17.5
frame,lgw,Year 1, spring 1, Monday,5696,16.0
frame,lgw,Year 1, spring 1, Monday,5697,16.7
frame,lgw,Year 1, spring 1, Monday,5698,17.8
frame,lgw,Year 1, spring 1, Monday,5699,15.4
frame,lgw,Year 1, spring 1, Monday,5700,16.6
frame,lgw,Year 1, spring 1, Monday,5701,16.7
frame,lgw,Year 1, spring 1, Monday,5702,16.7
frame,lgw,Year 1, spring 1, Monday,5703,16.7
frame,lgw,Year 1, spring 1, Monday,5704,16.7
frame,lgw,Year 1, spring 1, Monday,5705,16.7
frame,lgw,Year 1, spring 1, Monday,5706,16.7
frame,lgw,Year 1, spring 1, Monday,5707,16.9
frame,lgw,Year 1, spring 1, Monday,5708,16.5
frame,lgw,Year 1, spring 1, Monday,5709,16.7
frame,lgw,Year 1, spring 1, Monday,5710,17.4
frame,lgw,Year 1, spring 1, Monday,5711,16.0
frame,lgw,Year 1, spring 1, Monday,5712,16.6
frame,lgw,Year 1, spring 1, Monday,5713,17.4
frame,lgw,Year 1, spring 1, Monday,5714,17.2
frame,lgw,Year 1, spring 1, Monday,5715,15.5
frame,lgw,Year 1, spring 1, Monday,5716,16.7
frame,lgw,Year 1, spring 1, Monday,5717,16.7
frame,lgw,Year 1, spring 1, Monday,5718,16.8
frame,lgw,Year 1, spring 1, Monday,5719,16.7
frame,lgw,Year 1, spring 1, Monday,5720,18.2
frame,lgw,Year 1, spring 1, Monday,5721,14.9
frame,lgw,Year 1, spring 1, Monday,5722,17.1
frame,lgw,Year 1, spring 1, Monday,5723,16.5
frame,lgw,Year 1, spring 1, Monday,5724,16.6
frame,lgw,Year 1, spring 1, Monday,5725,16.6
frame,lgw,Year 1, spring 1, Monday,5726,16.7
frame,lgw,Year 1, spring 1, Monday,5727,16.8
frame,lgw,Year 1, spring 1, Monday,5728,16.5
frame,lgw,Year 1, spring 1, Monday,5729,16.7
frame,lgw,Year 1, spring 1, Monday,5730,16.6
frame,lgw,Year 1, spring 1, Monday,5731,16.7
frame,lgw,Year 1, spring 1, Monday,5732,16.7
frame,lgw,Year 1, spring 1, Monday,5733,16.7
frame,lgw,Year 1, spring 1, Monday,5734,16.6
frame,lgw,Year 1, spring 1, Monday,5735,16.8
frame,lgw,Year 1, spring 1, Monday,5736,16.5
frame,lgw,Year 1, spring 1, Monday,5737,16.7
frame,lgw,Year 1, spring 1, Monday,5738,16.7
frame,lgw,Year 1, spring 1, Monday,5739,16.8
frame,lgw,Year 1, spring 1, Monday,5740,16.5
frame,lgw,Year 1, spring 1, Monday,5741,17.9
frame,lgw,Year 1, spring 1, Monday,5742,15.6
frame,lgw,Year 1, spring 1, Monday,5743,16.6
frame,lgw,Year 1, spring 1, Monday,5744,16.7
frame,lgw,Year 1, spring 1, Monday,5745,16.8
frame,lgw,Year 1, spring 1, Monday,5746,16.6
frame,lgw,Year 1, spring 1, Monday,5747,16.6
frame,lgw,Year 1, spring 1, Monday,5748,16.8
frame,lgw,Year 1, spring 1, Monday,5749,16.6
frame,lgw,Year 1, spring 1, Monday,5750,16.7
frame,lgw,Year 1, spring 1, Monday,5751,16.6
frame,lgw,Year 1, spring 1, Monday,5752,16.8
frame,lgw,Year 1, spring 1, Monday,5753,16.6
frame,lgw,Year 1, spring 1, Monday,5754,16.7
frame,lgw,Year 1, spring 1, Monday,5755,16.7
frame,lgw,Year 1, spring 1, Monday,5756,16.6
frame,lgw,Year 1, spring 1, Monday,5757,16.7
frame,lgw,Year 1, spring 1, Monday,5758,16.7
frame,lgw,Year 1, spring 1, Monday,5759,16.7
frame,lgw,Year 1, spring 1, Monday,5760,16.5
frame,lgw,Year 1, spring 1, Monday,5761,16.6
frame,lgw,Year 1, spring 1, Monday,5762,16.8
frame,lgw,Year 1, spring 1, Monday,5763,16.5
frame,lgw,Year 1, spring 1, Monday,5764,16.7
frame,lgw,Year 1, spring 1, Monday,5765,16.7
frame,lgw,Year 1, spring 1, Monday,5766,16.7
frame,lgw,Year 1, spring 1, Monday,5767,16.7
frame,lgw,Year 1, spring 1, Monday,5768,16.7
frame,lgw,Year 1, spring 1, Monday,5769,16.7
frame,lgw,Year 1, spring 1, Monday,5770,19.0
frame,lgw,Year 1, spring 1, Monday,5771,14.5
frame,lgw,Year 1, spring 1, Monday,5772,18.1
frame,lgw,Year 1, spring 1, Monday,5773,15.2
frame,lgw,Year 1, spring 1, Monday,5774,16.7
frame,lgw,Year 1, spring 1, Monday,5775,16.7
frame,lgw,Year 1, spring 1, Monday,5776,17.4
frame,lgw,Year 1, spring 1, Monday,5777,16.4
frame,lgw,Year 1, spring 1, Monday,5778,16.2
frame,lgw,Year 1, spring 1, Monday,5779,16.6
frame,lgw,Year 1, spring 1, Monday,5780,16.7
frame,lgw,Year 1, spring 1, Monday,5781,16.7
frame,lgw,Year 1, spring 1, Monday,5782,16.9
frame,lgw,Year 1, spring 1, Monday,5783,16.4
frame,lgw,Year 1, spring 1, Monday,5784,16.7
frame,lgw,Year 1, spring 1, Monday,5785,16.7
frame,lgw,Year 1, spring 1, Monday,5786,16.8
frame,lgw,Year 1, spring 1, Monday,5787,16.5
frame,lgw,Year 1, spring 1, Monday,5788,16.7
frame,lgw,Year 1, spring 1, Monday,5789,16.7
frame,lgw,Year 1, spring 1, Monday,5790,16.8
frame,lgw,Year 1, spring 1, Monday,5791,16.6
frame,lgw,Year 1, spring 1, Monday,5792,16.8
frame,lgw,Year 1, spring 1, Monday,5793,16.5
frame,lgw,Year 1, spring 1, Monday,5794,16.7
frame,lgw,Year 1, spring 1, Monday,5795,16.7
frame,lgw,Year 1, spring 1, Monday,5796,16.6
frame,lgw,Year 1, spring 1, Monday,5797,18.1
frame,lgw,Year 1, spring 1, Monday,5798,15.2
frame,lgw,Year 1, spring 1, Monday,5799,16.9
frame,lgw,Year 1, spring 1, Monday,5800,16.5
frame,lgw,Year 1, spring 1, Monday,5801,16.7
frame,lgw,Year 1, spring 1, Monday,5802,16.7
frame,lgw,Year 1, spring 1, Monday,5803,17.9
frame,lgw,Year 1, spring 1, Monday,5804,15.4
frame,lgw,Year 1, spring 1, Monday,5805,16.8
frame,lgw,Year 1, spring 1, Monday,5806,17.0
frame,lgw,Year 1, spring 1, Monday,5807,16.2
frame,lgw,Year 1, spring 1, Monday,5808,16.6
frame,lgw,Year 1, spring 1, Monday,5809,16.7
frame,lgw,Year 1, spring 1, Monday,5810,16.6
frame,lgw,Year 1, spring 1, Monday,5811,16.6
frame,lgw,Year 1, spring 1, Monday,5812,16.7
frame,lgw,Year 1, spring 1, Monday,5813,16.7
frame,lgw,Year 1, spring 1, Monday,5814,16.7
frame,lgw,Year 1, spring 1, Monday,5815,16.7
frame,lgw,Year 1, spring 1, Monday,5816,16.6
frame,lgw,Year 1, spring 1, Monday,5817,16.7
frame,lgw,Year 1, spring 1, Monday,5818,16.7
frame,lgw,Year 1, spring 1, Monday,5819,16.7
frame,lgw,Year 1, spring 1, Monday,5820,16.7
frame,lgw,Year 1, spring 1, Monday,5821,17.0
frame,lgw,Year 1, spring 1, Monday,5822,16.3
frame,lgw,Year 1, spring 1, Monday,5823,16.7
frame,lgw,Year 1, spring 1, Monday,5824,16.7
frame,lgw,Year 1, spring 1, Monday,5825,16.7
frame,lgw,Year 1, spring 1, Monday,5826,16.9
frame,lgw,Year 1, spring 1, Monday,5827,16.5
frame,lgw,Year 1, spring 1, Monday,5828,16.9
frame,lgw,Year 1, spring 1, Monday,5829,16.9
frame,lgw,Year 1, spring 1, Monday,5830,16.2
frame,lgw,Year 1, spring 1, Monday,5831,16.6
frame,lgw,Year 1, spring 1, Monday,5832,16.7
frame,lgw,Year 1, spring 1, Monday,5833,16.7
frame,lgw,Year 1, spring 1, Monday,5834,16.7
frame,lgw,Year 1, spring 1, Monday,5835,16.7
frame,lgw,Year 1, spring 1, Monday,5836,16.7
frame,lgw,Year 1, spring 1, Monday,5837,16.7
frame,lgw,Year 1, spring 1, Monday,5838,16.6
frame,lgw,Year 1, spring 1, Monday,5839,16.7
frame,lgw,Year 1, spring 1, Monday,5840,16.7
frame,lgw,Year 1, spring 1, Monday,5841,16.6
frame,lgw,Year 1, spring 1, Monday,5842,18.9
frame,lgw,Year 1, spring 1, Monday,5843,14.4
frame,lgw,Year 1, spring 1, Monday,5844,16.7
frame,lgw,Year 1, spring 1, Monday,5845,16.7
frame,lgw,Year 1, spring 1, Monday,5846,16.7
frame,lgw,Year 1, spring 1, Monday,5847,18.8
frame,lgw,Year 1, spring 1, Monday,5848,16.8
frame,lgw,Year 1, spring 1, Monday,5849,14.4
frame,lgw,Year 1, spring 1, Monday,5850,16.7
frame,lgw,Year 1, spring 1, Monday,5851,16.7
frame,lgw,Year 1, spring 1, Monday,5852,16.8
frame,lgw,Year 1, spring 1, Monday,5853,16.5
frame,lgw,Year 1, spring 1, Monday,5854,16.7
frame,lgw,Year 1, spring 1, Monday,5855,16.7
frame,lgw,Year 1, spring 1, Monday,5856,16.6
frame,lgw,Year 1, spring 1, Monday,5857,16.7
frame,lgw,Year 1, spring 1, Monday,5858,16.7
frame,lgw,Year 1, spring 1, Monday,5859,16.6
frame,lgw,Year 1, spring 1, Monday,5860,16.7
frame,lgw,Year 1, spring 1, Monday,5861,16.7
frame,lgw,Year 1, spring 1, Monday,5862,16.7
frame,lgw,Year 1, spring 1, Monday,5863,17.5
frame,lgw,Year 1, spring 1, Monday,5864,16.0
frame,lgw,Year 1, spring 1, Monday,5865,16.6
frame,lgw,Year 1, spring 1, Monday,5866,17.2
frame,lgw,Year 1, spring 1, Monday,5867,16.7
frame,lgw,Year 1, spring 1, Monday,5868,16.0
frame,lgw,Year 1, spring 1, Monday,5869,16.8
frame,lgw,Year 1, spring 1, Monday,5870,16.7
frame,lgw,Year 1, spring 1, Monday,5871,16.5
frame,lgw,Year 1, spring 1, Monday,5872,16.7
frame,lgw,Year 1, spring 1, Monday,5873,16.6
frame,lgw,Year 1, spring 1, Monday,5874,16.8
frame,lgw,Year 1, spring 1, Monday,5875,17.2
frame,lgw,Year 1, spring 1, Monday,5876,16.0
frame,lgw,Year 1, spring 1, Monday,5877,16.7
frame,lgw,Year 1, spring 1, Monday,5878,16.7
frame,lgw,Year 1, spring 1, Monday,5879,16.9
frame,lgw,Year 1, spring 1, Monday,5880,16.5
frame,lgw,Year 1, spring 1, Monday,5881,16.7
frame,lgw,Year 1, spring 1, Monday,5882,16.6
frame,lgw,Year 1, spring 1, Monday,5883,16.8
frame,lgw,Year 1, spring 1, Monday,5884,17.5
frame,lgw,Year 1, spring 1, Monday,5885,15.6
frame,lgw,Year 1, spring 1, Monday,5886,16.7
frame,lgw,Year 1, spring 1, Monday,5887,16.7
frame,lgw,Year 1, spring 1, Monday,5888,16.7
frame,lgw,Year 1, spring 1, Monday,5889,16.6
frame,lgw,Year 1, spring 1, Monday,5890,16.7
frame,lgw,Year 1, spring 1, Monday,5891,16.7
frame,lgw,Year 1, spring 1, Monday,5892,17.5
frame,lgw,Year 1, spring 1, Monday,5893,21.9
frame,lgw,Year 1, spring 1, Monday,5894,10.7
frame,lgw,Year 1, spring 1, Monday,5895,16.6
frame,lgw,Year 1, spring 1, Monday,5896,16.7
frame,lgw,Year 1, spring 1, Monday,5897,16.7
frame,lgw,Year 1, spring 1, Monday,5898,16.6
frame,lgw,Year 1, spring 1, Monday,5899,16.6
frame,lgw,Year 1, spring 1, Monday,5900,16.6
frame,lgw,Year 1, spring 1, Monday,5901,16.6
frame,lgw,Year 1, spring 1, Monday,5902,16.7
frame,lgw,Year 1, spring 1, Monday,5903,16.7
frame,lgw,Year 1, spring 1, Monday,5904,16.7
frame,lgw,Year 1, spring 1, Monday,5905,16.8
frame,lgw,Year 1, spring 1, Monday,5906,16.6
frame,lgw,Year 1, spring 1, Monday,5907,16.7
frame,lgw,Year 1, spring 1, Monday,5908,16.9
frame,lgw,Year 1, spring 1, Monday,5909,16.4
frame,lgw,Year 1, spring 1, Monday,5910,16.7
frame,lgw,Year 1, spring 1, Monday,5911,16.7
frame,lgw,Year 1, spring 1, Monday,5912,16.6
frame,lgw,Year 1, spring 1, Monday,5913,16.6
frame,lgw,Year 1, spring 1, Monday,5914,16.7
frame,lgw,Year 1, spring 1, Monday,5915,16.7
frame,lgw,Year 1, spring 1, Monday,5916,16.8
frame,lgw,Year 1, spring 1, Monday,5917,16.5
frame,lgw,Year 1, spring 1, Monday,5918,17.0
frame,lgw,Year 1, spring 1, Monday,5919,16.4
frame,lgw,Year 1, spring 1, Monday,5920,16.7
frame,lgw,Year 1, spring 1, Monday,5921,16.6
frame,lgw,Year 1, spring 1, Monday,5922,16.9
frame,lgw,Year 1, spring 1, Monday,5923,16.5
frame,lgw,Year 1, spring 1, Monday,5924,16.7
frame,lgw,Year 1, spring 1, Monday,5925,16.7
frame,lgw,Year 1, spring 1, Monday,5926,16.7
frame,lgw,Year 1, spring 1, Monday,5927,16.7
frame,lgw,Year 1, spring 1, Monday,5928,16.7
frame,lgw,Year 1, spring 1, Monday,5929,16.7
frame,lgw,Year 1, spring 1, Monday,5930,16.7
frame,lgw,Year 1, spring 1, Monday,5931,16.7
frame,lgw,Year 1, spring 1, Monday,5932,16.6
frame,lgw,Year 1, spring 1, Monday,5933,16.6
frame,lgw,Year 1, spring 1, Monday,5934,16.7
frame,lgw,Year 1, spring 1, Monday,5935,16.7
frame,lgw,Year 1, spring 1, Monday,5936,16.6
frame,lgw,Year 1, spring 1, Monday,5937,16.6
frame,lgw,Year 1, spring 1, Monday,5938,16.9
frame,lgw,Year 1, spring 1, Monday,5939,16.5
frame,lgw,Year 1, spring 1, Monday,5940,16.7
frame,lgw,Year 1, spring 1, Monday,5941,16.7
frame,lgw,Year 1, spring 1, Monday,5942,17.2
frame,lgw,Year 1, spring 1, Monday,5943,16.2
frame,lgw,Year 1, spring 1, Monday,5944,16.9
frame,lgw,Year 1, spring 1, Monday,5945,16.5
frame,lgw,Year 1, spring 1, Monday,5946,16.6
frame,lgw,Year 1, spring 1, Monday,5947,16.7
frame,lgw,Year 1, spring 1, Monday,5948,16.7
frame,lgw,Year 1, spring 1, Monday,5949,17.1
frame,lgw,Year 1, spring 1, Monday,5950,16.2
frame,lgw,Year 1, spring 1, Monday,5951,16.6
frame,lgw,Year 1, spring 1, Monday,5952,16.9
frame,lgw,Year 1, spring 1, Monday,5953,16.4
frame,lgw,Year 1, spring 1, Monday,5954,16.7
frame,lgw,Year 1, spring 1, Monday,5955,16.7
frame,lgw,Year 1, spring 1, Monday,5956,16.9
frame,lgw,Year 1, spring 1, Monday,5957,16.4
frame,lgw,Year 1, spring 1, Monday,5958,16.8
frame,lgw,Year 1, spring 1, Monday,5959,16.6
frame,lgw,Year 1, spring 1, Monday,5960,17.1
frame,lgw,Year 1, spring 1, Monday,5961,16.2
frame,lgw,Year 1, spring 1, Monday,5962,16.6
frame,lgw,Year 1, spring 1, Monday,5963,16.9
frame,lgw,Year 1, spring 1, Monday,5964,16.4
frame,lgw,Year 1, spring 1, Monday,5965,16.7
frame,lgw,Year 1, spring 1, Monday,5966,16.7
frame,lgw,Year 1, spring 1, Monday,5967,16.7
frame,lgw,Year 1, spring 1, Monday,5968,16.7
frame,lgw,Year 1, spring 1, Monday,5969,16.7
frame,lgw,Year 1, spring 1, Monday,5970,16.6
frame,lgw,Year 1, spring 1, Monday,5971,18.7
frame,lgw,Year 1, spring 1, Monday,5972,14.8
frame,lgw,Year 1, spring 1, Monday,5973,16.6
frame,lgw,Year 1, spring 1, Monday,5974,17.9
frame,lgw,Year 1, spring 1, Monday,5975,16.1
frame,lgw,Year 1, spring 1, Monday,5976,21.4
frame,lgw,Year 1, spring 1, Monday,5977,11.2
frame,lgw,Year 1, spring 1, Monday,5978,16.7
frame,lgw,Year 1, spring 1, Monday,5979,16.6
frame,lgw,Year 1, spring 1, Monday,5980,16.7
frame,lgw,Year 1, spring 1, Monday,5981,16.7
frame,lgw,Year 1, spring 1, Monday,5982,17.7
frame,lgw,Year 1, spring 1, Monday,5983,15.6
frame,lgw,Year 1, spring 1, Monday,5984,16.7
frame,lgw,Year 1, spring 1, Monday,5985,16.8
frame,lgw,Year 1, spring 1, Monday,5986,16.6
frame,lgw,Year 1, spring 1, Monday,5987,16.6
frame,lgw,Year 1, spring 1, Monday,5988,16.7
frame,lgw,Year 1, spring 1, Monday,5989,16.6
frame,lgw,Year 1, spring 1, Monday,5990,16.8
frame,lgw,Year 1, spring 1, Monday,5991,16.5
frame,lgw,Year 1, spring 1, Monday,5992,16.7
frame,lgw,Year 1, spring 1, Monday,5993,16.7
frame,lgw,Year 1, spring 1, Monday,5994,16.7
frame,lgw,Year 1, spring 1, Monday,5995,16.7
frame,lgw,Year 1, spring 1, Monday,5996,16.7
frame,lgw,Year 1, spring 1, Monday,5997,16.7
frame,lgw,Year 1, spring 1, Monday,5998,16.9
frame,lgw,Year 1, spring 1, Monday,5999,17.2
lag,lgw,Year 1, spring 1, Monday,6679,63.4
frame,lgw,Year 1, spring 1, Monday,9072,16.6
frame,lgw,Year 1, spring 1, Monday,9073,16.8
frame,lgw,Year 1, spring 1, Monday,9074,16.9
frame,lgw,Year 1, spring 1, Monday,9075,16.4
frame,lgw,Year 1, spring 1, Monday,9076,16.7
frame,lgw,Year 1, spring 1, Monday,9077,16.7
frame,lgw,Year 1, spring 1, Monday,9078,16.7
frame,lgw,Year 1, spring 1, Monday,9079,17.8
frame,lgw,Year 1, spring 1, Monday,9080,15.5
frame,lgw,Year 1, spring 1, Monday,9081,16.7
frame,lgw,Year 1, spring 1, Monday,9082,16.7
frame,lgw,Year 1, spring 1, Monday,9083,16.7
switch,lgw,Year 1, spring 2, Tuesday,600,563.4
switchdetail,lgw,Year 1, spring 2, Tuesday,1330,0,0.0
lag,lgw,Year 1, spring 2, Tuesday,9086,563.4
lag,lgw,Year 1, spring 2, Tuesday,9087,2022.0
frame,lgw,Year 1, spring 2, Tuesday,9084,18.3
frame,lgw,Year 1, spring 2, Tuesday,9085,500.0
frame,lgw,Year 1, spring 2, Tuesday,9086,500.0
frame,lgw,Year 1, spring 2, Tuesday,9087,10.1
frame,lgw,Year 1, spring 2, Tuesday,9088,16.7
frame,lgw,Year 1, spring 2, Tuesday,9089,16.7
frame,lgw,Year 1, spring 2, Tuesday,9090,16.7
frame,lgw,Year 1, spring 2, Tuesday,9091,16.6
frame,lgw,Year 1, spring 2, Tuesday,9092,16.7
frame,lgw,Year 1, spring 2, Tuesday,9093,16.7
frame,lgw,Year 1, spring 2, Tuesday,9094,16.7
frame,lgw,Year 1, spring 2, Tuesday,9095,16.7
frame,lgw,Year 1, spring 2, Tuesday,9096,19.3
frame,lgw,Year 1, spring 2, Tuesday,9097,14.2
frame,lgw,Year 1, spring 2, Tuesday,9098,16.6
frame,lgw,Year 1, spring 2, Tuesday,9099,16.7
frame,lgw,Year 1, spring 2, Tuesday,9100,16.9
frame,lgw,Year 1, spring 2, Tuesday,9101,16.3
frame,lgw,Year 1, spring 2, Tuesday,9102,16.7
frame,lgw,Year 1, spring 2, Tuesday,9103,16.7
frame,lgw,Year 1, spring 2, Tuesday,9104,16.7
frame,lgw,Year 1, spring 2, Tuesday,9105,16.6
frame,lgw,Year 1, spring 2, Tuesday,9106,16.6
frame,lgw,Year 1, spring 2, Tuesday,9107,22.4
frame,lgw,Year 1, spring 2, Tuesday,9108,12.8
frame,lgw,Year 1, spring 2, Tuesday,9109,14.9
frame,lgw,Year 1, spring 2, Tuesday,9110,16.5
frame,lgw,Year 1, spring 2, Tuesday,9111,16.7
frame,lgw,Year 1, spring 2, Tuesday,9112,16.6
frame,lgw,Year 1, spring 2, Tuesday,9113,16.7
frame,lgw,Year 1, spring 2, Tuesday,9114,16.7
frame,lgw,Year 1, spring 2, Tuesday,9115,16.6
frame,lgw,Year 1, spring 2, Tuesday,9116,16.7
frame,lgw,Year 1, spring 2, Tuesday,9117,16.7
frame,lgw,Year 1, spring 2, Tuesday,9118,16.7
frame,lgw,Year 1, spring 2, Tuesday,9119,16.8
frame,lgw,Year 1, spring 2, Tuesday,9120,16.7
frame,lgw,Year 1, spring 2, Tuesday,9121,16.6
frame,lgw,Year 1, spring 2, Tuesday,9122,16.9
frame,lgw,Year 1, spring 2, Tuesday,9123,16.4
frame,lgw,Year 1, spring 2, Tuesday,9124,16.8
frame,lgw,Year 1, spring 2, Tuesday,9125,16.5
frame,lgw,Year 1, spring 2, Tuesday,9126,16.6
frame,lgw,Year 1, spring 2, Tuesday,9127,16.7
frame,lgw,Year 1, spring 2, Tuesday,9128,16.6
frame,lgw,Year 1, spring 2, Tuesday,9129,16.7
frame,lgw,Year 1, spring 2, Tuesday,9130,16.7
frame,lgw,Year 1, spring 2, Tuesday,9131,16.7
frame,lgw,Year 1, spring 2, Tuesday,9132,16.7
frame,lgw,Year 1, spring 2, Tuesday,9133,18.1
frame,lgw,Year 1, spring 2, Tuesday,9134,15.3
frame,lgw,Year 1, spring 2, Tuesday,9135,16.6
frame,lgw,Year 1, spring 2, Tuesday,9136,18.2
frame,lgw,Year 1, spring 2, Tuesday,9137,18.4
frame,lgw,Year 1, spring 2, Tuesday,9138,13.8
frame,lgw,Year 1, spring 2, Tuesday,9139,22.4
frame,lgw,Year 1, spring 2, Tuesday,9140,10.6
frame,lgw,Year 1, spring 2, Tuesday,9141,16.6
frame,lgw,Year 1, spring 2, Tuesday,9142,17.3
frame,lgw,Year 1, spring 2, Tuesday,9143,16.0
frame,lgw,Year 1, spring 2, Tuesday,9144,16.7
frame,lgw,Year 1, spring 2, Tuesday,9145,16.7
frame,lgw,Year 1, spring 2, Tuesday,9146,16.7
frame,lgw,Year 1, spring 2, Tuesday,9147,16.8
frame,lgw,Year 1, spring 2, Tuesday,9148,16.7
frame,lgw,Year 1, spring 2, Tuesday,9149,16.5
frame,lgw,Year 1, spring 2, Tuesday,9150,16.7
frame,lgw,Year 1, spring 2, Tuesday,9151,16.7
frame,lgw,Year 1, spring 2, Tuesday,9152,16.6
frame,lgw,Year 1, spring 2, Tuesday,9153,16.7
frame,lgw,Year 1, spring 2, Tuesday,9154,16.7
frame,lgw,Year 1, spring 2, Tuesday,9155,16.8
frame,lgw,Year 1, spring 2, Tuesday,9156,16.5
frame,lgw,Year 1, spring 2, Tuesday,9157,16.7
frame,lgw,Year 1, spring 2, Tuesday,9158,16.7
frame,lgw,Year 1, spring 2, Tuesday,9159,16.7
frame,lgw,Year 1, spring 2, Tuesday,9160,16.6
frame,lgw,Year 1, spring 2, Tuesday,9161,17.9
frame,lgw,Year 1, spring 2, Tuesday,9162,15.5
frame,lgw,Year 1, spring 2, Tuesday,9163,16.7
frame,lgw,Year 1, spring 2, Tuesday,9164,16.6
frame,lgw,Year 1, spring 2, Tuesday,9165,16.6
frame,lgw,Year 1, spring 2, Tuesday,9166,16.7
frame,lgw,Year 1, spring 2, Tuesday,9167,16.7
frame,lgw,Year 1, spring 2, Tuesday,9168,16.7
frame,lgw,Year 1, spring 2, Tuesday,9169,16.6
frame,lgw,Year 1, spring 2, Tuesday,9170,16.7
frame,lgw,Year 1, spring 2, Tuesday,9171,16.6
frame,lgw,Year 1, spring 2, Tuesday,9172,18.7
frame,lgw,Year 1, spring 2, Tuesday,9173,14.7
frame,lgw,Year 1, spring 2, Tuesday,9174,16.6
frame,lgw,Year 1, spring 2, Tuesday,9175,17.6
frame,lgw,Year 1, spring 2, Tuesday,9176,15.7
frame,lgw,Year 1, spring 2, Tuesday,9177,16.7
frame,lgw,Year 1, spring 2, Tuesday,9178,16.7
frame,lgw,Year 1, spring 2, Tuesday,9179,16.6
frame,lgw,Year 1, spring 2, Tuesday,9180,16.7
frame,lgw,Year 1, spring 2, Tuesday,9181,16.7
frame,lgw,Year 1, spring 2, Tuesday,9182,16.7
frame,lgw,Year 1, spring 2, Tuesday,9183,16.7
frame,lgw,Year 1, spring 2, Tuesday,9184,16.6
frame,lgw,Year 1, spring 2, Tuesday,9185,16.7
frame,lgw,Year 1, spring 2, Tuesday,9186,16.7
frame,lgw,Year 1, spring 2, Tuesday,9187,16.8
frame,lgw,Year 1, spring 2, Tuesday,9188,16.7
frame,lgw,Year 1, spring 2, Tuesday,9189,16.6
frame,lgw,Year 1, spring 2, Tuesday,9190,16.6
frame,lgw,Year 1, spring 2, Tuesday,9191,16.7
frame,lgw,Year 1, spring 2, Tuesday,9192,16.6
frame,lgw,Year 1, spring 2, Tuesday,9193,16.7
frame,lgw,Year 1, spring 2, Tuesday,9194,16.7
frame,lgw,Year 1, spring 2, Tuesday,9195,16.6
frame,lgw,Year 1, spring 2, Tuesday,9196,18.3
frame,lgw,Year 1, spring 2, Tuesday,9197,15.1
frame,lgw,Year 1, spring 2, Tuesday,9198,16.7
frame,lgw,Year 1, spring 2, Tuesday,9199,16.7
frame,lgw,Year 1, spring 2, Tuesday,9200,16.7
frame,lgw,Year 1, spring 2, Tuesday,9201,16.7
frame,lgw,Year 1, spring 2, Tuesday,9202,16.6
frame,lgw,Year 1, spring 2, Tuesday,9203,16.7
frame,lgw,Year 1, spring 2, Tuesday,9204,16.5
frame,lgw,Year 1, spring 2, Tuesday,9205,16.7
frame,lgw,Year 1, spring 2, Tuesday,9206,16.7
frame,lgw,Year 1, spring 2, Tuesday,9207,16.7
frame,lgw,Year 1, spring 2, Tuesday,9208,18.3
frame,lgw,Year 1, spring 2, Tuesday,9209,15.0
frame,lgw,Year 1, spring 2, Tuesday,9210,16.7
frame,lgw,Year 1, spring 2, Tuesday,9211,16.6
frame,lgw,Year 1, spring 2, Tuesday,9212,16.7
frame,lgw,Year 1, spring 2, Tuesday,9213,16.7
frame,lgw,Year 1, spring 2, Tuesday,9214,16.7
frame,lgw,Year 1, spring 2, Tuesday,9215,16.6
frame,lgw,Year 1, spring 2, Tuesday,9216,16.6
frame,lgw,Year 1, spring 2, Tuesday,9217,16.7
frame,lgw,Year 1, spring 2, Tuesday,9218,16.7
frame,lgw,Year 1, spring 2, Tuesday,9219,17.0
frame,lgw,Year 1, spring 2, Tuesday,9220,16.4
frame,lgw,Year 1, spring 2, Tuesday,9221,16.6
frame,lgw,Year 1, spring 2, Tuesday,9222,16.8
frame,lgw,Year 1, spring 2, Tuesday,9223,16.6
frame,lgw,Year 1, spring 2, Tuesday,9224,16.7
frame,lgw,Year 1, spring 2, Tuesday,9225,16.7
frame,lgw,Year 1, spring 2, Tuesday,9226,16.7
frame,lgw,Year 1, spring 2, Tuesday,9227,16.7
frame,lgw,Year 1, spring 2, Tuesday,9228,16.7
frame,lgw,Year 1, spring 2, Tuesday,9229,16.6
frame,lgw,Year 1, spring 2, Tuesday,9230,16.9
frame,lgw,Year 1, spring 2, Tuesday,9231,16.5
frame,lgw,Year 1, spring 2, Tuesday,9232,16.6
frame,lgw,Year 1, spring 2, Tuesday,9233,16.6
frame,lgw,Year 1, spring 2, Tuesday,9234,16.7
frame,lgw,Year 1, spring 2, Tuesday,9235,16.7
frame,lgw,Year 1, spring 2, Tuesday,9236,16.6
frame,lgw,Year 1, spring 2, Tuesday,9237,16.7
frame,lgw,Year 1, spring 2, Tuesday,9238,16.7
frame,lgw,Year 1, spring 2, Tuesday,9239,16.9
frame,lgw,Year 1, spring 2, Tuesday,9240,16.9
frame,lgw,Year 1, spring 2, Tuesday,9241,16.3
frame,lgw,Year 1, spring 2, Tuesday,9242,16.7
frame,lgw,Year 1, spring 2, Tuesday,9243,16.9
frame,lgw,Year 1, spring 2, Tuesday,9244,16.3
frame,lgw,Year 1, spring 2, Tuesday,9245,16.6
frame,lgw,Year 1, spring 2, Tuesday,9246,16.6
frame,lgw,Year 1, spring 2, Tuesday,9247,16.9
frame,lgw,Year 1, spring 2, Tuesday,9248,18.5
frame,lgw,Year 1, spring 2, Tuesday,9249,14.6
frame,lgw,Year 1, spring 2, Tuesday,9250,16.7
frame,lgw,Year 1, spring 2, Tuesday,9251,16.6
frame,lgw,Year 1, spring 2, Tuesday,9252,16.7
frame,lgw,Year 1, spring 2, Tuesday,9253,16.7
frame,lgw,Year 1, spring 2, Tuesday,9254,16.7
frame,lgw,Year 1, spring 2, Tuesday,9255,16.8
frame,lgw,Year 1, spring 2, Tuesday,9256,16.9
frame,lgw,Year 1, spring 2, Tuesday,9257,26.3
frame,lgw,Year 1, spring 2, Tuesday,9258,6.7
frame,lgw,Year 1, spring 2, Tuesday,9259,16.7
frame,lgw,Year 1, spring 2, Tuesday,9260,16.6
frame,lgw,Year 1, spring 2, Tuesday,9261,16.7
frame,lgw,Year 1, spring 2, Tuesday,9262,16.7
frame,lgw,Year 1, spring 2, Tuesday,9263,16.6
frame,lgw,Year 1, spring 2, Tuesday,9264,16.7
frame,lgw,Year 1, spring 2, Tuesday,9265,16.7
frame,lgw,Year 1, spring 2, Tuesday,9266,16.6
frame,lgw,Year 1, spring 2, Tuesday,9267,17.0
frame,lgw,Year 1, spring 2, Tuesday,9268,16.4
frame,lgw,Year 1, spring 2, Tuesday,9269,16.6
frame,lgw,Year 1, spring 2, Tuesday,9270,16.7
frame,lgw,Year 1, spring 2, Tuesday,9271,16.7
frame,lgw,Year 1, spring 2, Tuesday,9272,16.6
frame,lgw,Year 1, spring 2, Tuesday,9273,16.8
frame,lgw,Year 1, spring 2, Tuesday,9274,16.5
frame,lgw,Year 1, spring 2, Tuesday,9275,16.6
frame,lgw,Year 1, spring 2, Tuesday,9276,16.7
frame,lgw,Year 1, spring 2, Tuesday,9277,16.7
frame,lgw,Year 1, spring 2, Tuesday,9278,16.7
frame,lgw,Year 1, spring 2, Tuesday,9279,16.9
frame,lgw,Year 1, spring 2, Tuesday,9280,16.4
frame,lgw,Year 1, spring 2, Tuesday,9281,16.8
frame,lgw,Year 1, spring 2, Tuesday,9282,16.6
frame,lgw,Year 1, spring 2, Tuesday,9283,16.6
frame,lgw,Year 1, spring 2, Tuesday,9284,16.7
frame,lgw,Year 1, spring 2, Tuesday,9285,16.8
frame,lgw,Year 1, spring 2, Tuesday,9286,16.5
frame,lgw,Year 1, spring 2, Tuesday,9287,16.7
frame,lgw,Year 1, spring 2, Tuesday,9288,17.0
frame,lgw,Year 1, spring 2, Tuesday,9289,16.3
frame,lgw,Year 1, spring 2, Tuesday,9290,16.7
frame,lgw,Year 1, spring 2, Tuesday,9291,16.6
frame,lgw,Year 1, spring 2, Tuesday,9292,17.0
frame,lgw,Year 1, spring 2, Tuesday,9293,16.4
frame,lgw,Year 1, spring 2, Tuesday,9294,16.6
frame,lgw,Year 1, spring 2, Tuesday,9295,16.7
frame,lgw,Year 1, spring 2, Tuesday,9296,16.8
frame,lgw,Year 1, spring 2, Tuesday,9297,16.5
frame,lgw,Year 1, spring 2, Tuesday,9298,16.7
frame,lgw,Year 1, spring 2, Tuesday,9299,16.7
frame,lgw,Year 1, spring 2, Tuesday,9300,16.7
frame,lgw,Year 1, spring 2, Tuesday,9301,16.7
frame,lgw,Year 1, spring 2, Tuesday,9302,16.8
frame,lgw,Year 1, spring 2, Tuesday,9303,16.7
frame,lgw,Year 1, spring 2, Tuesday,9304,16.6
frame,lgw,Year 1, spring 2, Tuesday,9305,16.6
frame,lgw,Year 1, spring 2, Tuesday,9306,16.7
frame,lgw,Year 1, spring 2, Tuesday,9307,16.7
frame,lgw,Year 1, spring 2, Tuesday,9308,16.5
frame,lgw,Year 1, spring 2, Tuesday,9309,16.7
frame,lgw,Year 1, spring 2, Tuesday,9310,17.2
frame,lgw,Year 1, spring 2, Tuesday,9311,16.1
frame,lgw,Year 1, spring 2, Tuesday,9312,16.7
frame,lgw,Year 1, spring 2, Tuesday,9313,16.6
frame,lgw,Year 1, spring 2, Tuesday,9314,16.7
frame,lgw,Year 1, spring 2, Tuesday,9315,16.6
frame,lgw,Year 1, spring 2, Tuesday,9316,16.8
frame,lgw,Year 1, spring 2, Tuesday,9317,16.6
frame,lgw,Year 1, spring 2, Tuesday,9318,16.7
frame,lgw,Year 1, spring 2, Tuesday,9319,16.6
frame,lgw,Year 1, spring 2, Tuesday,9320,16.7
frame,lgw,Year 1, spring 2, Tuesday,9321,16.8
frame,lgw,Year 1, spring 2, Tuesday,9322,16.5
frame,lgw,Year 1, spring 2, Tuesday,9323,16.7
frame,lgw,Year 1, spring 2, Tuesday,9324,20.1
frame,lgw,Year 1, spring 2, Tuesday,9325,14.2
frame,lgw,Year 1, spring 2, Tuesday,9326,15.7
frame,lgw,Year 1, spring 2, Tuesday,9327,16.6
frame,lgw,Year 1, spring 2, Tuesday,9328,16.7
frame,lgw,Year 1, spring 2, Tuesday,9329,16.7
frame,lgw,Year 1, spring 2, Tuesday,9330,18.5
frame,lgw,Year 1, spring 2, Tuesday,9331,15.1
frame,lgw,Year 1, spring 2, Tuesday,9332,16.6
frame,lgw,Year 1, spring 2, Tuesday,9333,17.9
frame,lgw,Year 1, spring 2, Tuesday,9334,15.3
frame,lgw,Year 1, spring 2, Tuesday,9335,16.7
frame,lgw,Year 1, spring 2, Tuesday,9336,16.6
frame,lgw,Year 1, spring 2, Tuesday,9337,16.7
frame,lgw,Year 1, spring 2, Tuesday,9338,16.6
frame,lgw,Year 1, spring 2, Tuesday,9339,16.7
frame,lgw,Year 1, spring 2, Tuesday,9340,16.7
frame,lgw,Year 1, spring 2, Tuesday,9341,16.7
frame,lgw,Year 1, spring 2, Tuesday,9342,16.7
frame,lgw,Year 1, spring 2, Tuesday,9343,16.8
frame,lgw,Year 1, spring 2, Tuesday,9344,16.6
frame,lgw,Year 1, spring 2, Tuesday,9345,16.7
frame,lgw,Year 1, spring 2, Tuesday,9346,17.0
frame,lgw,Year 1, spring 2, Tuesday,9347,16.3
frame,lgw,Year 1, spring 2, Tuesday,9348,16.7
frame,lgw,Year 1, spring 2, Tuesday,9349,16.8
frame,lgw,Year 1, spring 2, Tuesday,9350,16.5
frame,lgw,Year 1, spring 2, Tuesday,9351,19.4
frame,lgw,Year 1, spring 2, Tuesday,9352,13.9
frame,lgw,Year 1, spring 2, Tuesday,9353,16.7
frame,lgw,Year 1, spring 2, Tuesday,9354,16.6
frame,lgw,Year 1, spring 2, Tuesday,9355,16.7
frame,lgw,Year 1, spring 2, Tuesday,9356,16.8
frame,lgw,Year 1, spring 2, Tuesday,9357,19.6
frame,lgw,Year 1, spring 2, Tuesday,9358,13.7
frame,lgw,Year 1, spring 2, Tuesday,9359,16.6
frame,lgw,Year 1, spring 2, Tuesday,9360,16.8
frame,lgw,Year 1, spring 2, Tuesday,9361,16.5
frame,lgw,Year 1, spring 2, Tuesday,9362,16.7
frame,lgw,Year 1, spring 2, Tuesday,9363,16.8
frame,lgw,Year 1, spring 2, Tuesday,9364,16.5
frame,lgw,Year 1, spring 2, Tuesday,9365,16.7
frame,lgw,Year 1, spring 2, Tuesday,9366,16.6
frame,lgw,Year 1, spring 2, Tuesday,9367,16.7
frame,lgw,Year 1, spring 2, Tuesday,9368,16.7
frame,lgw,Year 1, spring 2, Tuesday,9369,16.8
frame,lgw,Year 1, spring 2, Tuesday,9370,16.5
frame,lgw,Year 1, spring 2, Tuesday,9371,16.7
frame,lgw,Year 1, spring 2, Tuesday,9372,16.8
frame,lgw,Year 1, spring 2, Tuesday,9373,17.0
frame,lgw,Year 1, spring 2, Tuesday,9374,16.2
frame,lgw,Year 1, spring 2, Tuesday,9375,16.7
frame,lgw,Year 1, spring 2, Tuesday,9376,16.8
frame,lgw,Year 1, spring 2, Tuesday,9377,16.7
frame,lgw,Year 1, spring 2, Tuesday,9378,16.5
frame,lgw,Year 1, spring 2, Tuesday,9379,16.6
frame,lgw,Year 1, spring 2, Tuesday,9380,16.7
frame,lgw,Year 1, spring 2, Tuesday,9381,16.6
frame,lgw,Year 1, spring 2, Tuesday,9382,16.7
frame,lgw,Year 1, spring 2, Tuesday,9383,16.7
frame,lgw,Year 1, spring 2, Tuesday,9384,16.6
frame,lgw,Year 1, spring 2, Tuesday,9385,16.7
frame,lgw,Year 1, spring 2, Tuesday,9386,16.7
frame,lgw,Year 1, spring 2, Tuesday,9387,16.7
frame,lgw,Year 1, spring 2, Tuesday,9388,16.7
frame,lgw,Year 1, spring 2, Tuesday,9389,16.9
frame,lgw,Year 1, spring 2, Tuesday,9390,16.8
frame,lgw,Year 1, spring 2, Tuesday,9391,16.4
frame,lgw,Year 1, spring 2, Tuesday,9392,16.5
frame,lgw,Year 1, spring 2, Tuesday,9393,16.7
frame,lgw,Year 1, spring 2, Tuesday,9394,16.6
frame,lgw,Year 1, spring 2, Tuesday,9395,16.9
frame,lgw,Year 1, spring 2, Tuesday,9396,16.5
frame,lgw,Year 1, spring 2, Tuesday,9397,16.7
frame,lgw,Year 1, spring 2, Tuesday,9398,16.6
lag,lgw,Year 1, spring 3, Wednesday,9401,437.5
lag,lgw,Year 1, spring 3, Wednesday,9402,1734.1
lag,lgw,Year 1, spring 3, Wednesday,10062,55.3
lag,lgw,Year 1, spring 3, Wednesday,11011,91.4
lag,lgw,Year 1, spring 3, Wednesday,11131,91.0
lag,lgw,Year 1, spring 3, Wednesday,11249,138.9
lag,lgw,Year 1, spring 3, Wednesday,11279,82.8
lag,lgw,Year 1, spring 3, Wednesday,11289,50.7
frame,lgw,Year 1, spring 3, Wednesday,11447,22.3
frame,lgw,Year 1, spring 3, Wednesday,11448,23.0
frame,lgw,Year 1, spring 3, Wednesday,11449,0.1
frame,lgw,Year 1, spring 3, Wednesday,11450,22.7
frame,lgw,Year 1, spring 3, Wednesday,11451,21.9
frame,lgw,Year 1, spring 3, Wednesday,11452,0.1
frame,lgw,Year 1, spring 3, Wednesday,11453,22.7
frame,lgw,Year 1, spring 3, Wednesday,11454,22.2
frame,lgw,Year 1, spring 3, Wednesday,11455,22.0
frame,lgw,Year 1, spring 3, Wednesday,11456,0.3
frame,lgw,Year 1, spring 3, Wednesday,11457,22.5
frame,lgw,Year 1, spring 3, Wednesday,11458,22.3
frame,lgw,Year 1, spring 3, Wednesday,11459,22.1
frame,lgw,Year 1, spring 3, Wednesday,11460,0.1
frame,lgw,Year 1, spring 3, Wednesday,11461,22.2
frame,lgw,Year 1, spring 3, Wednesday,11462,22.0
frame,lgw,Year 1, spring 3, Wednesday,11463,21.9
frame,lgw,Year 1, spring 3, Wednesday,11464,0.2
frame,lgw,Year 1, spring 3, Wednesday,11465,22.2
frame,lgw,Year 1, spring 3, Wednesday,11466,22.3
frame,lgw,Year 1, spring 3, Wednesday,11467,22.1
frame,lgw,Year 1, spring 3, Wednesday,11468,0.1
frame,lgw,Year 1, spring 3, Wednesday,11469,28.0
frame,lgw,Year 1, spring 3, Wednesday,11470,22.8
frame,lgw,Year 1, spring 3, Wednesday,11471,0.2
frame,lgw,Year 1, spring 3, Wednesday,11472,23.0
frame,lgw,Year 1, spring 3, Wednesday,11473,22.4
frame,lgw,Year 1, spring 3, Wednesday,11474,22.7
frame,lgw,Year 1, spring 3, Wednesday,11475,0.2
frame,lgw,Year 1, spring 3, Wednesday,11476,22.4
frame,lgw,Year 1, spring 3, Wednesday,11477,22.4
frame,lgw,Year 1, spring 3, Wednesday,11478,23.1
frame,lgw,Year 1, spring 3, Wednesday,11479,0.2
frame,lgw,Year 1, spring 3, Wednesday,11480,22.9
frame,lgw,Year 1, spring 3, Wednesday,11481,22.2
frame,lgw,Year 1, spring 3, Wednesday,11482,0.1
frame,lgw,Year 1, spring 3, Wednesday,11483,23.3
frame,lgw,Year 1, spring 3, Wednesday,11484,22.5
frame,lgw,Year 1, spring 3, Wednesday,11485,22.4
frame,lgw,Year 1, spring 3, Wednesday,11486,0.1
frame,lgw,Year 1, spring 3, Wednesday,11487,22.8
frame,lgw,Year 1, spring 3, Wednesday,11488,22.1
frame,lgw,Year 1, spring 3, Wednesday,11489,22.3
frame,lgw,Year 1, spring 3, Wednesday,11490,0.2
frame,lgw,Year 1, spring 3, Wednesday,11491,21.9
frame,lgw,Year 1, spring 3, Wednesday,11492,22.1
frame,lgw,Year 1, spring 3, Wednesday,11493,22.0
frame,lgw,Year 1, spring 3, Wednesday,11494,0.1
frame,lgw,Year 1, spring 3, Wednesday,11495,22.2
frame,lgw,Year 1, spring 3, Wednesday,11496,22.1
frame,lgw,Year 1, spring 3, Wednesday,11497,22.2
frame,lgw,Year 1, spring 3, Wednesday,11498,0.1
frame,lgw,Year 1, spring 3, Wednesday,11499,22.3
frame,lgw,Year 1, spring 3, Wednesday,11500,23.2
frame,lgw,Year 1, spring 3, Wednesday,11501,23.8
frame,lgw,Year 1, spring 3, Wednesday,11502,0.1
frame,lgw,Year 1, spring 3, Wednesday,11503,21.8
frame,lgw,Year 1, spring 3, Wednesday,11504,22.6
frame,lgw,Year 1, spring 3, Wednesday,11505,23.4
frame,lgw,Year 1, spring 3, Wednesday,11506,0.2
frame,lgw,Year 1, spring 3, Wednesday,11507,22.2
frame,lgw,Year 1, spring 3, Wednesday,11508,22.9
frame,lgw,Year 1, spring 3, Wednesday,11509,0.2
frame,lgw,Year 1, spring 3, Wednesday,11510,22.4
frame,lgw,Year 1, spring 3, Wednesday,11511,22.1
frame,lgw,Year 1, spring 3, Wednesday,11512,21.7
frame,lgw,Year 1, spring 3, Wednesday,11513,0.1
frame,lgw,Year 1, spring 3, Wednesday,11514,22.1
frame,lgw,Year 1, spring 3, Wednesday,11515,22.2
frame,lgw,Year 1, spring 3, Wednesday,11516,22.1
frame,lgw,Year 1, spring 3, Wednesday,11517,0.1
frame,lgw,Year 1, spring 3, Wednesday,11518,22.3
frame,lgw,Year 1, spring 3, Wednesday,11519,22.2
frame,lgw,Year 1, spring 3, Wednesday,11520,22.4
frame,lgw,Year 1, spring 3, Wednesday,11521,0.1
frame,lgw,Year 1, spring 3, Wednesday,11522,22.2
frame,lgw,Year 1, spring 3, Wednesday,11523,22.1
frame,lgw,Year 1, spring 3, Wednesday,11524,22.1
frame,lgw,Year 1, spring 3, Wednesday,11525,0.1
frame,lgw,Year 1, spring 3, Wednesday,11526,22.3
frame,lgw,Year 1, spring 3, Wednesday,11527,23.1
frame,lgw,Year 1, spring 3, Wednesday,11528,22.8
frame,lgw,Year 1, spring 3, Wednesday,11529,0.2
frame,lgw,Year 1, spring 3, Wednesday,11530,22.1
frame,lgw,Year 1, spring 3, Wednesday,11531,22.4
frame,lgw,Year 1, spring 3, Wednesday,11532,22.0
frame,lgw,Year 1, spring 3, Wednesday,11533,0.3
frame,lgw,Year 1, spring 3, Wednesday,11534,22.6
frame,lgw,Year 1, spring 3, Wednesday,11535,22.1
frame,lgw,Year 1, spring 3, Wednesday,11536,22.4
frame,lgw,Year 1, spring 3, Wednesday,11537,0.2
frame,lgw,Year 1, spring 3, Wednesday,11538,22.7
frame,lgw,Year 1, spring 3, Wednesday,11539,22.2
frame,lgw,Year 1, spring 3, Wednesday,11540,22.4
frame,lgw,Year 1, spring 3, Wednesday,11541,0.1
frame,lgw,Year 1, spring 3, Wednesday,11542,22.5
frame,lgw,Year 1, spring 3, Wednesday,11543,22.5
frame,lgw,Year 1, spring 3, Wednesday,11544,0.1
frame,lgw,Year 1, spring 3, Wednesday,11545,22.1
frame,lgw,Year 1, spring 3, Wednesday,11546,22.7
frame,lgw,Year 1, spring 3, Wednesday,11547,21.9
frame,lgw,Year 1, spring 3, Wednesday,11548,0.1
frame,lgw,Year 1, spring 3, Wednesday,11549,23.4
frame,lgw,Year 1, spring 3, Wednesday,11550,22.9
frame,lgw,Year 1, spring 3, Wednesday,11551,22.2
frame,lgw,Year 1, spring 3, Wednesday,11552,0.1
frame,lgw,Year 1, spring 3, Wednesday,11553,22.8
frame,lgw,Year 1, spring 3, Wednesday,11554,22.2
frame,lgw,Year 1, spring 3, Wednesday,11555,22.5
frame,lgw,Year 1, spring 3, Wednesday,11556,0.2
frame,lgw,Year 1, spring 3, Wednesday,11557,22.2
frame,lgw,Year 1, spring 3, Wednesday,11558,22.1
frame,lgw,Year 1, spring 3, Wednesday,11559,22.4
frame,lgw,Year 1, spring 3, Wednesday,11560,0.2
frame,lgw,Year 1, spring 3, Wednesday,11561,22.3
frame,lgw,Year 1, spring 3, Wednesday,11562,21.8
frame,lgw,Year 1, spring 3, Wednesday,11563,22.6
frame,lgw,Year 1, spring 3, Wednesday,11564,0.3
frame,lgw,Year 1, spring 3, Wednesday,11565,22.8
frame,lgw,Year 1, spring 3, Wednesday,11566,22.7
frame,lgw,Year 1, spring 3, Wednesday,11567,22.1
frame,lgw,Year 1, spring 3, Wednesday,11568,0.1
frame,lgw,Year 1, spring 3, Wednesday,11569,22.2
frame,lgw,Year 1, spring 3, Wednesday,11570,23.1
frame,lgw,Year 1, spring 3, Wednesday,11571,0.1
frame,lgw,Year 1, spring 3, Wednesday,11572,22.7
frame,lgw,Year 1, spring 3, Wednesday,11573,22.3
frame,lgw,Year 1, spring 3, Wednesday,11574,22.9
frame,lgw,Year 1, spring 3, Wednesday,11575,0.2
frame,lgw,Year 1, spring 3, Wednesday,11576,22.9
frame,lgw,Year 1, spring 3, Wednesday,11577,22.8
frame,lgw,Year 1, spring 3, Wednesday,11578,23.4
frame,lgw,Year 1, spring 3, Wednesday,11579,0.3
frame,lgw,Year 1, spring 3, Wednesday,11580,22.4
frame,lgw,Year 1, spring 3, Wednesday,11581,22.6
frame,lgw,Year 1, spring 3, Wednesday,11582,22.1
frame,lgw,Year 1, spring 3, Wednesday,11583,0.1
frame,lgw,Year 1, spring 3, Wednesday,11584,22.1
frame,lgw,Year 1, spring 3, Wednesday,11585,22.4
frame,lgw,Year 1, spring 3, Wednesday,11586,22.4
frame,lgw,Year 1, spring 3, Wednesday,11587,0.2
frame,lgw,Year 1, spring 3, Wednesday,11588,22.4
frame,lgw,Year 1, spring 3, Wednesday,11589,22.5
frame,lgw,Year 1, spring 3, Wednesday,11590,0.1
frame,lgw,Year 1, spring 3, Wednesday,11591,22.0
frame,lgw,Year 1, spring 3, Wednesday,11592,22.2
frame,lgw,Year 1, spring 3, Wednesday,11593,22.3
frame,lgw,Year 1, spring 3, Wednesday,11594,0.1
frame,lgw,Year 1, spring 3, Wednesday,11595,22.5
frame,lgw,Year 1, spring 3, Wednesday,11596,22.2
frame,lgw,Year 1, spring 3, Wednesday,11597,23.0
frame,lgw,Year 1, spring 3, Wednesday,11598,0.2
frame,lgw,Year 1, spring 3, Wednesday,11599,22.0
frame,lgw,Year 1, spring 3, Wednesday,11600,22.5
frame,lgw,Year 1, spring 3, Wednesday,11601,22.2
frame,lgw,Year 1, spring 3, Wednesday,11602,0.2
frame,lgw,Year 1, spring 3, Wednesday,11603,22.4
frame,lgw,Year 1, spring 3, Wednesday,11604,21.9
frame,lgw,Year 1, spring 3, Wednesday,11605,22.5
frame,lgw,Year 1, spring 3, Wednesday,11606,0.1
frame,lgw,Year 1, spring 3, Wednesday,11607,22.6
frame,lgw,Year 1, spring 3, Wednesday,11608,22.0
frame,lgw,Year 1, spring 3, Wednesday,11609,22.1
frame,lgw,Year 1, spring 3, Wednesday,11610,0.1
frame,lgw,Year 1, spring 3, Wednesday,11611,22.7
frame,lgw,Year 1, spring 3, Wednesday,11612,22.2
frame,lgw,Year 1, spring 3, Wednesday,11613,22.4
frame,lgw,Year 1, spring 3, Wednesday,11614,0.1
frame,lgw,Year 1, spring 3, Wednesday,11615,22.6
frame,lgw,Year 1, spring 3, Wednesday,11616,21.8
frame,lgw,Year 1, spring 3, Wednesday,11617,22.7
frame,lgw,Year 1, spring 3, Wednesday,11618,0.1
frame,lgw,Year 1, spring 3, Wednesday,11619,22.0
frame,lgw,Year 1, spring 3, Wednesday,11620,22.2
frame,lgw,Year 1, spring 3, Wednesday,11621,22.0
frame,lgw,Year 1, spring 3, Wednesday,11622,0.1
frame,lgw,Year 1, spring 3, Wednesday,11623,21.9
frame,lgw,Year 1, spring 3, Wednesday,11624,22.1
frame,lgw,Year 1, spring 3, Wednesday,11625,23.1
frame,lgw,Year 1, spring 3, Wednesday,11626,0.2
frame,lgw,Year 1, spring 3, Wednesday,11627,22.1
frame,lgw,Year 1, spring 3, Wednesday,11628,22.3
frame,lgw,Year 1, spring 3, Wednesday,11629,22.9
frame,lgw,Year 1, spring 3, Wednesday,11630,0.1
frame,lgw,Year 1, spring 3, Wednesday,11631,22.2
frame,lgw,Year 1, spring 3, Wednesday,11632,22.0
frame,lgw,Year 1, spring 3, Wednesday,11633,22.3
frame,lgw,Year 1, spring 3, Wednesday,11634,0.2
frame,lgw,Year 1, spring 3, Wednesday,11635,21.9
frame,lgw,Year 1, spring 3, Wednesday,11636,22.9
frame,lgw,Year 1, spring 3, Wednesday,11637,22.9
frame,lgw,Year 1, spring 3, Wednesday,11638,0.2
frame,lgw,Year 1, spring 3, Wednesday,11639,22.1
frame,lgw,Year 1, spring 3, Wednesday,11640,22.6
frame,lgw,Year 1, spring 3, Wednesday,11641,0.3
frame,lgw,Year 1, spring 3, Wednesday,11642,22.3
frame,lgw,Year 1, spring 3, Wednesday,11643,22.4
frame,lgw,Year 1, spring 3, Wednesday,11644,22.2
frame,lgw,Year 1, spring 3, Wednesday,11645,0.3
frame,lgw,Year 1, spring 3, Wednesday,11646,21.9
frame,lgw,Year 1, spring 3, Wednesday,11647,22.6
frame,lgw,Year 1, spring 3, Wednesday,11648,22.7
frame,lgw,Year 1, spring 3, Wednesday,11649,0.1
frame,lgw,Year 1, spring 3, Wednesday,11650,22.6
frame,lgw,Year 1, spring 3, Wednesday,11651,22.9
frame,lgw,Year 1, spring 3, Wednesday,11652,22.4
frame,lgw,Year 1, spring 3, Wednesday,11653,0.3
frame,lgw,Year 1, spring 3, Wednesday,11654,22.6
frame,lgw,Year 1, spring 3, Wednesday,11655,22.8
frame,lgw,Year 1, spring 3, Wednesday,11656,22.3
frame,lgw,Year 1, spring 3, Wednesday,11657,0.2
frame,lgw,Year 1, spring 3, Wednesday,11658,22.2
frame,lgw,Year 1, spring 3, Wednesday,11659,22.8
frame,lgw,Year 1, spring 3, Wednesday,11660,22.7
frame,lgw,Year 1, spring 3, Wednesday,11661,0.3
frame,lgw,Year 1, spring 3, Wednesday,11662,22.6
frame,lgw,Year 1, spring 3, Wednesday,11663,22.3
frame,lgw,Year 1, spring 3, Wednesday,11664,0.1
frame,lgw,Year 1, spring 3, Wednesday,11665,22.2
frame,lgw,Year 1, spring 3, Wednesday,11666,22.1
frame,lgw,Year 1, spring 3, Wednesday,11667,22.4
frame,lgw,Year 1, spring 3, Wednesday,11668,0.1
frame,lgw,Year 1, spring 3, Wednesday,11669,22.7
frame,lgw,Year 1, spring 3, Wednesday,11670,22.4
frame,lgw,Year 1, spring 3, Wednesday,11671,22.3
frame,lgw,Year 1, spring 3, Wednesday,11672,0.1
frame,lgw,Year 1, spring 3, Wednesday,11673,22.4
frame,lgw,Year 1, spring 3, Wednesday,11674,22.6
frame,lgw,Year 1, spring 3, Wednesday,11675,22.3
frame,lgw,Year 1, spring 3, Wednesday,11676,0.2
frame,lgw,Year 1, spring 3, Wednesday,11677,22.2
frame,lgw,Year 1, spring 3, Wednesday,11678,22.3
frame,lgw,Year 1, spring 3, Wednesday,11679,22.1
frame,lgw,Year 1, spring 3, Wednesday,11680,0.1
frame,lgw,Year 1, spring 3, Wednesday,11681,22.9
frame,lgw,Year 1, spring 3, Wednesday,11682,22.2
frame,lgw,Year 1, spring 3, Wednesday,11683,22.5
frame,lgw,Year 1, spring 3, Wednesday,11684,0.3
frame,lgw,Year 1, spring 3, Wednesday,11685,22.3
frame,lgw,Year 1, spring 3, Wednesday,11686,21.7
frame,lgw,Year 1, spring 3, Wednesday,11687,22.4
frame,lgw,Year 1, spring 3, Wednesday,11688,0.2
frame,lgw,Year 1, spring 3, Wednesday,11689,22.1
frame,lgw,Year 1, spring 3, Wednesday,11690,22.1
frame,lgw,Year 1, spring 3, Wednesday,11691,22.6
frame,lgw,Year 1, spring 3, Wednesday,11692,0.1
frame,lgw,Year 1, spring 3, Wednesday,11693,22.7
frame,lgw,Year 1, spring 3, Wednesday,11694,22.0
frame,lgw,Year 1, spring 3, Wednesday,11695,22.3
frame,lgw,Year 1, spring 3, Wednesday,11696,0.1
frame,lgw,Year 1, spring 3, Wednesday,11697,23.2
frame,lgw,Year 1, spring 3, Wednesday,11698,22.5
frame,lgw,Year 1, spring 3, Wednesday,11699,0.1
frame,lgw,Year 1, spring 3, Wednesday,11700,22.4
frame,lgw,Year 1, spring 3, Wednesday,11701,22.3
frame,lgw,Year 1, spring 3, Wednesday,11702,22.1
frame,lgw,Year 1, spring 3, Wednesday,11703,0.1
frame,lgw,Year 1, spring 3, Wednesday,11704,22.1
frame,lgw,Year 1, spring 3, Wednesday,11705,21.8
frame,lgw,Year 1, spring 3, Wednesday,11706,22.5
frame,lgw,Year 1, spring 3, Wednesday,11707,0.1
frame,lgw,Year 1, spring 3, Wednesday,11708,22.1
frame,lgw,Year 1, spring 3, Wednesday,11709,22.0
frame,lgw,Year 1, spring 3, Wednesday,11710,22.2
frame,lgw,Year 1, spring 3, Wednesday,11711,0.2
frame,lgw,Year 1, spring 3, Wednesday,11712,22.3
frame,lgw,Year 1, spring 3, Wednesday,11713,22.1
frame,lgw,Year 1, spring 3, Wednesday,11714,22.1
frame,lgw,Year 1, spring 3, Wednesday,11715,22.8
frame,lgw,Year 1, spring 3, Wednesday,11716,0.1
frame,lgw,Year 1, spring 3, Wednesday,11717,22.0
frame,lgw,Year 1, spring 3, Wednesday,11718,22.3
frame,lgw,Year 1, spring 3, Wednesday,11719,0.2
frame,lgw,Year 1, spring 3, Wednesday,11720,22.7
frame,lgw,Year 1, spring 3, Wednesday,11721,22.4
frame,lgw,Year 1, spring 3, Wednesday,11722,22.5
frame,lgw,Year 1, spring 3, Wednesday,11723,0.1
frame,lgw,Year 1, spring 3, Wednesday,11724,22.3
frame,lgw,Year 1, spring 3, Wednesday,11725,22.4
frame,lgw,Year 1, spring 3, Wednesday,11726,22.5
frame,lgw,Year 1, spring 3, Wednesday,11727,0.2
frame,lgw,Year 1, spring 3, Wednesday,11728,23.1
frame,lgw,Year 1, spring 3, Wednesday,11729,22.4
frame,lgw,Year 1, spring 3, Wednesday,11730,22.3
frame,lgw,Year 1, spring 3, Wednesday,11731,0.2
frame,lgw,Year 1, spring 3, Wednesday,11732,22.4
frame,lgw,Year 1, spring 3, Wednesday,11733,22.7
frame,lgw,Year 1, spring 3, Wednesday,11734,22.1
frame,lgw,Year 1, spring 3, Wednesday,11735,0.1
frame,lgw,Year 1, spring 3, Wednesday,11736,22.2
frame,lgw,Year 1, spring 3, Wednesday,11737,23.2
frame,lgw,Year 1, spring 3, Wednesday,11738,22.1
frame,lgw,Year 1, spring 3, Wednesday,11739,0.1
frame,lgw,Year 1, spring 3, Wednesday,11740,22.8
frame,lgw,Year 1, spring 3, Wednesday,11741,23.1
frame,lgw,Year 1, spring 3, Wednesday,11742,0.2
frame,lgw,Year 1, spring 3, Wednesday,11743,22.6
frame,lgw,Year 1, spring 3, Wednesday,11744,23.0
frame,lgw,Year 1, spring 3, Wednesday,11745,22.1
frame,lgw,Year 1, spring 3, Wednesday,11746,0.2
frame,lgw,Year 1, spring 3, Wednesday,11747,22.6
frame,lgw,Year 1, spring 3, Wednesday,11748,22.4
frame,lgw,Year 1, spring 3, Wednesday,11749,22.8
frame,lgw,Year 1, spring 3, Wednesday,11750,0.2
frame,lgw,Year 1, spring 3, Wednesday,11751,22.6
frame,lgw,Year 1, spring 3, Wednesday,11752,22.4
frame,lgw,Year 1, spring 3, Wednesday,11753,22.6
frame,lgw,Year 1, spring 3, Wednesday,11754,0.2
frame,lgw,Year 1, spring 3, Wednesday,11755,22.4
frame,lgw,Year 1, spring 3, Wednesday,11756,22.4
frame,lgw,Year 1, spring 3, Wednesday,11757,22.5
frame,lgw,Year 1, spring 3, Wednesday,11758,0.1
frame,lgw,Year 1, spring 3, Wednesday,11759,22.9
frame,lgw,Year 1, spring 3, Wednesday,11760,22.7
frame,lgw,Year 1, spring 3, Wednesday,11761,0.1
frame,lgw,Year 1, spring 3, Wednesday,11762,22.9
frame,lgw,Year 1, spring 3, Wednesday,11763,22.9
frame,lgw,Year 1, spring 3, Wednesday,11764,22.7
frame,lgw,Year 1, spring 3, Wednesday,11765,0.2
frame,lgw,Year 1, spring 3, Wednesday,11766,23.0
frame,lgw,Year 1, spring 3, Wednesday,11767,23.3
frame,lgw,Year 1, spring 3, Wednesday,11768,0.3
frame,lgw,Year 1, spring 3, Wednesday,11769,22.8
frame,lgw,Year 1, spring 3, Wednesday,11770,23.4
frame,lgw,Year 1, spring 3, Wednesday,11771,22.4
frame,lgw,Year 1, spring 3, Wednesday,11772,0.2
frame,lgw,Year 1, spring 3, Wednesday,11773,22.6
frame,lgw,Year 1, spring 3, Wednesday,11774,22.2
frame,lgw,Year 1, spring 3, Wednesday,11775,22.8
frame,lgw,Year 1, spring 3, Wednesday,11776,0.2
frame,lgw,Year 1, spring 3, Wednesday,11777,22.4
frame,lgw,Year 1, spring 3, Wednesday,11778,22.1
frame,lgw,Year 1, spring 3, Wednesday,11779,22.7
frame,lgw,Year 1, spring 3, Wednesday,11780,0.4
frame,lgw,Year 1, spring 3, Wednesday,11781,22.9
frame,lgw,Year 1, spring 3, Wednesday,11782,23.1
frame,lgw,Year 1, spring 3, Wednesday,11783,0.2
frame,lgw,Year 1, spring 3, Wednesday,11784,22.3
frame,lgw,Year 1, spring 3, Wednesday,11785,22.4
frame,lgw,Year 1, spring 3, Wednesday,11786,23.5
frame,lgw,Year 1, spring 3, Wednesday,11787,0.5
frame,lgw,Year 1, spring 3, Wednesday,11788,23.1
frame,lgw,Year 1, spring 3, Wednesday,11789,22.2
frame,lgw,Year 1, spring 3, Wednesday,11790,22.5
frame,lgw,Year 1, spring 3, Wednesday,11791,0.1
frame,lgw,Year 1, spring 3, Wednesday,11792,22.6
frame,lgw,Year 1, spring 3, Wednesday,11793,22.7
frame,lgw,Year 1, spring 3, Wednesday,11794,22.6
frame,lgw,Year 1, spring 3, Wednesday,11795,0.1
frame,lgw,Year 1, spring 3, Wednesday,11796,22.0
frame,lgw,Year 1, spring 3, Wednesday,11797,22.5
frame,lgw,Year 1, spring 3, Wednesday,11798,0.1
frame,lgw,Year 1, spring 3, Wednesday,11799,22.0
frame,lgw,Year 1, spring 3, Wednesday,11800,22.0
frame,lgw,Year 1, spring 3, Wednesday,11801,22.5
frame,lgw,Year 1, spring 3, Wednesday,11802,0.3
frame,lgw,Year 1, spring 3, Wednesday,11803,22.3
frame,lgw,Year 1, spring 3, Wednesday,11804,22.4
frame,lgw,Year 1, spring 3, Wednesday,11805,22.2
frame,lgw,Year 1, spring 3, Wednesday,11806,0.1
frame,lgw,Year 1, spring 3, Wednesday,11807,22.5
frame,lgw,Year 1, spring 3, Wednesday,11808,22.4
frame,lgw,Year 1, spring 3, Wednesday,11809,22.8
frame,lgw,Year 1, spring 3, Wednesday,11810,0.4
frame,lgw,Year 1, spring 3, Wednesday,11811,22.2
frame,lgw,Year 1, spring 3, Wednesday,11812,22.7
frame,lgw,Year 1, spring 3, Wednesday,11813,22.7
frame,lgw,Year 1, spring 3, Wednesday,11814,0.3
frame,lgw,Year 1, spring 3, Wednesday,11815,22.2
frame,lgw,Year 1, spring 3, Wednesday,11816,22.6
frame,lgw,Year 1, spring 3, Wednesday,11817,22.2
frame,lgw,Year 1, spring 3, Wednesday,11818,0.4
frame,lgw,Year 1, spring 3, Wednesday,11819,22.7
frame,lgw,Year 1, spring 3, Wednesday,11820,21.9
frame,lgw,Year 1, spring 3, Wednesday,11821,22.5
frame,lgw,Year 1, spring 3, Wednesday,11822,0.2
frame,lgw,Year 1, spring 3, Wednesday,11823,22.7
frame,lgw,Year 1, spring 3, Wednesday,11824,22.2
frame,lgw,Year 1, spring 3, Wednesday,11825,22.5
frame,lgw,Year 1, spring 3, Wednesday,11826,0.2
frame,lgw,Year 1, spring 3, Wednesday,11827,22.7
frame,lgw,Year 1, spring 3, Wednesday,11828,22.4
frame,lgw,Year 1, spring 3, Wednesday,11829,0.1
frame,lgw,Year 1, spring 3, Wednesday,11830,22.4
frame,lgw,Year 1, spring 3, Wednesday,11831,23.3
frame,lgw,Year 1, spring 3, Wednesday,11832,21.9
frame,lgw,Year 1, spring 3, Wednesday,11833,0.1
frame,lgw,Year 1, spring 3, Wednesday,11834,22.2
frame,lgw,Year 1, spring 3, Wednesday,11835,22.7
frame,lgw,Year 1, spring 3, Wednesday,11836,22.3
frame,lgw,Year 1, spring 3, Wednesday,11837,0.2
frame,lgw,Year 1, spring 3, Wednesday,11838,23.7
frame,lgw,Year 1, spring 3, Wednesday,11839,22.4
frame,lgw,Year 1, spring 3, Wednesday,11840,22.8
frame,lgw,Year 1, spring 3, Wednesday,11841,0.3
frame,lgw,Year 1, spring 3, Wednesday,11842,23.3
frame,lgw,Year 1, spring 3, Wednesday,11843,23.2
frame,lgw,Year 1, spring 3, Wednesday,11844,0.2
frame,lgw,Year 1, spring 3, Wednesday,11845,22.8
frame,lgw,Year 1, spring 3, Wednesday,11846,22.7
frame,lgw,Year 1, spring 3, Wednesday,11847,21.9
frame,lgw,Year 1, spring 3, Wednesday,11848,0.1
frame,lgw,Year 1, spring 3, Wednesday,11849,23.0
frame,lgw,Year 1, spring 3, Wednesday,11850,22.3
frame,lgw,Year 1, spring 3, Wednesday,11851,23.8
frame,lgw,Year 1, spring 3, Wednesday,11852,0.3
frame,lgw,Year 1, spring 3, Wednesday,11853,22.8
frame,lgw,Year 1, spring 3, Wednesday,11854,22.5
frame,lgw,Year 1, spring 3, Wednesday,11855,0.2
frame,lgw,Year 1, spring 3, Wednesday,11856,22.0
frame,lgw,Year 1, spring 3, Wednesday,11857,22.7
frame,lgw,Year 1, spring 3, Wednesday,11858,22.7
frame,lgw,Year 1, spring 3, Wednesday,11859,0.2
frame,lgw,Year 1, spring 3, Wednesday,11860,22.1
frame,lgw,Year 1, spring 3, Wednesday,11861,22.5
frame,lgw,Year 1, spring 3, Wednesday,11862,22.2
frame,lgw,Year 1, spring 3, Wednesday,11863,0.3
frame,lgw,Year 1, spring 3, Wednesday,11864,23.1
frame,lgw,Year 1, spring 3, Wednesday,11865,23.0
frame,lgw,Year 1, spring 3, Wednesday,11866,22.1
frame,lgw,Year 1, spring 3, Wednesday,11867,0.7
frame,lgw,Year 1, spring 3, Wednesday,11868,22.2
frame,lgw,Year 1, spring 3, Wednesday,11869,22.5
frame,lgw,Year 1, spring 3, Wednesday,11870,22.6
frame,lgw,Year 1, spring 3, Wednesday,11871,0.2
frame,lgw,Year 1, spring 3, Wednesday,11872,21.7
frame,lgw,Year 1, spring 3, Wednesday,11873,21.8
frame,lgw,Year 1, spring 3, Wednesday,11874,22.1
frame,lgw,Year 1, spring 3, Wednesday,11875,0.2
frame,lgw,Year 1, spring 3, Wednesday,11876,23.4
frame,lgw,Year 1, spring 3, Wednesday,11877,22.4
frame,lgw,Year 1, spring 3, Wednesday,11878,0.1
frame,lgw,Year 1, spring 3, Wednesday,11879,22.4
frame,lgw,Year 1, spring 3, Wednesday,11880,22.6
frame,lgw,Year 1, spring 3, Wednesday,11881,22.9
frame,lgw,Year 1, spring 3, Wednesday,11882,0.2
frame,lgw,Year 1, spring 3, Wednesday,11883,22.8
frame,lgw,Year 1, spring 3, Wednesday,11884,24.1
frame,lgw,Year 1, spring 3, Wednesday,11885,22.1
frame,lgw,Year 1, spring 3, Wednesday,11886,0.1
frame,lgw,Year 1, spring 3, Wednesday,11887,22.6
frame,lgw,Year 1, spring 3, Wednesday,11888,22.5
frame,lgw,Year 1, spring 3, Wednesday,11889,22.0
frame,lgw,Year 1, spring 3, Wednesday,11890,0.1
frame,lgw,Year 1, spring 3, Wednesday,11891,22.0
frame,lgw,Year 1, spring 3, Wednesday,11892,22.5
frame,lgw,Year 1, spring 3, Wednesday,11893,22.8
frame,lgw,Year 1, spring 3, Wednesday,11894,0.2
frame,lgw,Year 1, spring 3, Wednesday,11895,22.4
frame,lgw,Year 1, spring 3, Wednesday,11896,22.7
frame,lgw,Year 1, spring 3, Wednesday,11897,0.2
frame,lgw,Year 1, spring 3, Wednesday,11898,22.5
frame,lgw,Year 1, spring 3, Wednesday,11899,22.4
frame,lgw,Year 1, spring 3, Wednesday,11900,22.3
frame,lgw,Year 1, spring 3, Wednesday,11901,0.3
frame,lgw,Year 1, spring 3, Wednesday,11902,22.2
frame,lgw,Year 1, spring 3, Wednesday,11903,22.1
frame,lgw,Year 1, spring 3, Wednesday,11904,22.6
frame,lgw,Year 1, spring 3, Wednesday,11905,0.3
frame,lgw,Year 1, spring 3, Wednesday,11906,22.7
frame,lgw,Year 1, spring 3, Wednesday,11907,22.2
frame,lgw,Year 1, spring 3, Wednesday,11908,22.6
frame,lgw,Year 1, spring 3, Wednesday,11909,0.2
frame,lgw,Year 1, spring 3, Wednesday,11910,22.9
frame,lgw,Year 1, spring 3, Wednesday,11911,22.8
frame,lgw,Year 1, spring 3, Wednesday,11912,22.3
frame,lgw,Year 1, spring 3, Wednesday,11913,0.1
frame,lgw,Year 1, spring 3, Wednesday,11914,22.4
frame,lgw,Year 1, spring 3, Wednesday,11915,22.6
frame,lgw,Year 1, spring 3, Wednesday,11916,22.1
frame,lgw,Year 1, spring 3, Wednesday,11917,0.1
frame,lgw,Year 1, spring 3, Wednesday,11918,22.5
frame,lgw,Year 1, spring 3, Wednesday,11919,22.4
frame,lgw,Year 1, spring 3, Wednesday,11920,22.2
frame,lgw,Year 1, spring 3, Wednesday,11921,0.1
frame,lgw,Year 1, spring 3, Wednesday,11922,22.0
frame,lgw,Year 1, spring 3, Wednesday,11923,22.3
frame,lgw,Year 1, spring 3, Wednesday,11924,22.8
frame,lgw,Year 1, spring 3, Wednesday,11925,0.2
frame,lgw,Year 1, spring 3, Wednesday,11926,21.7
frame,lgw,Year 1, spring 3, Wednesday,11927,22.4
frame,lgw,Year 1, spring 3, Wednesday,11928,0.3
frame,lgw,Year 1, spring 3, Wednesday,11929,22.6
frame,lgw,Year 1, spring 3, Wednesday,11930,21.9
frame,lgw,Year 1, spring 3, Wednesday,11931,21.9
frame,lgw,Year 1, spring 3, Wednesday,11932,0.1
frame,lgw,Year 1, spring 3, Wednesday,11933,22.2
frame,lgw,Year 1, spring 3, Wednesday,11934,22.4
frame,lgw,Year 1, spring 3, Wednesday,11935,23.5
frame,lgw,Year 1, spring 3, Wednesday,11936,0.1
frame,lgw,Year 1, spring 3, Wednesday,11937,23.1
frame,lgw,Year 1, spring 3, Wednesday,11938,23.9
frame,lgw,Year 1, spring 3, Wednesday,11939,22.1
frame,lgw,Year 1, spring 3, Wednesday,11940,0.3
frame,lgw,Year 1, spring 3, Wednesday,11941,22.2
frame,lgw,Year 1, spring 3, Wednesday,11942,22.2
frame,lgw,Year 1, spring 3, Wednesday,11943,23.4
frame,lgw,Year 1, spring 3, Wednesday,11944,0.2
frame,lgw,Year 1, spring 3, Wednesday,11945,22.4
frame,lgw,Year 1, spring 3, Wednesday,11946,22.5
frame,lgw,Year 1, spring 3, Wednesday,11947,0.1
frame,lgw,Year 1, spring 3, Wednesday,11948,22.6
frame,lgw,Year 1, spring 3, Wednesday,11949,30.4
frame,lgw,Year 1, spring 3, Wednesday,11950,0.2
frame,lgw,Year 1, spring 3, Wednesday,11951,28.5
frame,lgw,Year 1, spring 3, Wednesday,11952,22.6
frame,lgw,Year 1, spring 3, Wednesday,11953,0.2
frame,lgw,Year 1, spring 3, Wednesday,11954,22.9
frame,lgw,Year 1, spring 3, Wednesday,11955,23.1
frame,lgw,Year 1, spring 3, Wednesday,11956,0.2
frame,lgw,Year 1, spring 3, Wednesday,11957,22.9
frame,lgw,Year 1, spring 3, Wednesday,11958,22.7
frame,lgw,Year 1, spring 3, Wednesday,11959,23.5
frame,lgw,Year 1, spring 3, Wednesday,11960,0.2
frame,lgw,Year 1, spring 3, Wednesday,11961,22.1
frame,lgw,Year 1, spring 3, Wednesday,11962,23.4
frame,lgw,Year 1, spring 3, Wednesday,11963,22.8
frame,lgw,Year 1, spring 3, Wednesday,11964,0.1
frame,lgw,Year 1, spring 3, Wednesday,11965,24.0
frame,lgw,Year 1, spring 3, Wednesday,11966,22.3
frame,lgw,Year 1, spring 3, Wednesday,11967,0.1
frame,lgw,Year 1, spring 3, Wednesday,11968,23.4
frame,lgw,Year 1, spring 3, Wednesday,11969,22.3
frame,lgw,Year 1, spring 3, Wednesday,11970,22.7
frame,lgw,Year 1, spring 3, Wednesday,11971,0.1
frame,lgw,Year 1, spring 3, Wednesday,11972,22.2
frame,lgw,Year 1, spring 3, Wednesday,11973,22.3
frame,lgw,Year 1, spring 3, Wednesday,11974,22.7
frame,lgw,Year 1, spring 3, Wednesday,11975,0.2
frame,lgw,Year 1, spring 3, Wednesday,11976,21.9
frame,lgw,Year 1, spring 3, Wednesday,11977,22.7
frame,lgw,Year 1, spring 3, Wednesday,11978,21.9
frame,lgw,Year 1, spring 3, Wednesday,11979,0.1
frame,lgw,Year 1, spring 3, Wednesday,11980,22.2
frame,lgw,Year 1, spring 3, Wednesday,11981,22.4
frame,lgw,Year 1, spring 3, Wednesday,11982,22.5
frame,lgw,Year 1, spring 3, Wednesday,11983,0.1
frame,lgw,Year 1, spring 3, Wednesday,11984,22.1
frame,lgw,Year 1, spring 3, Wednesday,11985,22.4
frame,lgw,Year 1, spring 3, Wednesday,11986,0.3
frame,lgw,Year 1, spring 3, Wednesday,11987,22.1
frame,lgw,Year 1, spring 3, Wednesday,11988,22.0
frame,lgw,Year 1, spring 3, Wednesday,11989,22.1
frame,lgw,Year 1, spring 3, Wednesday,11990,0.1
frame,lgw,Year 1, spring 3, Wednesday,11991,22.1
frame,lgw,Year 1, spring 3, Wednesday,11992,22.6
frame,lgw,Year 1, spring 3, Wednesday,11993,22.0
frame,lgw,Year 1, spring 3, Wednesday,11994,0.2
frame,lgw,Year 1, spring 3, Wednesday,11995,22.3
frame,lgw,Year 1, spring 3, Wednesday,11996,22.7
frame,lgw,Year 1, spring 3, Wednesday,11997,22.3
frame,lgw,Year 1, spring 3, Wednesday,11998,0.1
frame,lgw,Year 1, spring 3, Wednesday,11999,22.3
frame,lgw,Year 1, spring 3, Wednesday,17120,22.4
frame,lgw,Year 1, spring 3, Wednesday,17121,22.3
frame,lgw,Year 1, spring 3, Wednesday,17122,0.2
frame,lgw,Year 1, spring 3, Wednesday,17123,22.7
frame,lgw,Year 1, spring 3, Wednesday,17124,24.8
frame,lgw,Year 1, spring 3, Wednesday,17125,0.1
frame,lgw,Year 1, spring 3, Wednesday,17126,23.7
frame,lgw,Year 1, spring 3, Wednesday,17127,22.7
frame,lgw,Year 1, spring 3, Wednesday,17128,22.7
frame,lgw,Year 1, spring 3, Wednesday,17129,0.2
frame,lgw,Year 1, spring 3, Wednesday,17130,22.7
frame,lgw,Year 1, spring 3, Wednesday,17131,22.7
frame,lgw,Year 1, spring 3, Wednesday,17132,22.3
frame,lgw,Year 1, spring 3, Wednesday,17133,0.1
frame,lgw,Year 1, spring 3, Wednesday,17134,24.2
frame,lgw,Year 1, spring 3, Wednesday,17135,23.2
frame,lgw,Year 1, spring 3, Wednesday,17136,0.1
frame,lgw,Year 1, spring 3, Wednesday,17137,22.4
frame,lgw,Year 1, spring 3, Wednesday,17138,22.1
frame,lgw,Year 1, spring 3, Wednesday,17139,22.0
frame,lgw,Year 1, spring 3, Wednesday,17140,0.1
frame,lgw,Year 1, spring 3, Wednesday,17141,22.8
frame,lgw,Year 1, spring 3, Wednesday,17142,22.0
frame,lgw,Year 1, spring 3, Wednesday,17143,22.7
frame,lgw,Year 1, spring 3, Wednesday,17144,0.2
frame,lgw,Year 1, spring 3, Wednesday,17145,22.6
frame,lgw,Year 1, spring 3, Wednesday,17146,22.4
frame,lgw,Year 1, spring 3, Wednesday,17147,22.9
frame,lgw,Year 1, spring 3, Wednesday,17148,0.2
frame,lgw,Year 1, spring 3, Wednesday,17149,22.4
frame,lgw,Year 1, spring 3, Wednesday,17150,22.5
frame,lgw,Year 1, spring 3, Wednesday,17151,22.3
frame,lgw,Year 1, spring 3, Wednesday,17152,0.2
frame,lgw,Year 1, spring 3, Wednesday,17153,24.3
frame,lgw,Year 1, spring 3, Wednesday,17154,22.5
frame,lgw,Year 1, spring 3, Wednesday,17155,0.1
frame,lgw,Year 1, spring 3, Wednesday,17156,22.9
frame,lgw,Year 1, spring 3, Wednesday,17157,21.9
frame,lgw,Year 1, spring 3, Wednesday,17158,22.3
frame,lgw,Year 1, spring 3, Wednesday,17159,0.1
frame,lgw,Year 1, spring 3, Wednesday,17160,22.4
frame,lgw,Year 1, spring 3, Wednesday,17161,22.3
frame,lgw,Year 1, spring 3, Wednesday,17162,23.8
frame,lgw,Year 1, spring 3, Wednesday,17163,0.3
frame,lgw,Year 1, spring 3, Wednesday,17164,22.2
frame,lgw,Year 1, spring 3, Wednesday,17165,22.0
frame,lgw,Year 1, spring 3, Wednesday,17166,22.1
frame,lgw,Year 1, spring 3, Wednesday,17167,0.2
frame,lgw,Year 1, spring 3, Wednesday,17168,24.3
frame,lgw,Year 1, spring 3, Wednesday,17169,22.1
frame,lgw,Year 1, spring 3, Wednesday,17170,0.1
frame,lgw,Year 1, spring 3, Wednesday,17171,22.3
frame,lgw,Year 1, spring 3, Wednesday,17172,22.8
frame,lgw,Year 1, spring 3, Wednesday,17173,22.2
frame,lgw,Year 1, spring 3, Wednesday,17174,0.3
frame,lgw,Year 1, spring 3, Wednesday,17175,22.6
frame,lgw,Year 1, spring 3, Wednesday,17176,22.5
frame,lgw,Year 1, spring 3, Wednesday,17177,22.5
frame,lgw,Year 1, spring 3, Wednesday,17178,0.1
frame,lgw,Year 1, spring 3, Wednesday,17179,21.9
frame,lgw,Year 1, spring 3, Wednesday,17180,22.1
frame,lgw,Year 1, spring 3, Wednesday,17181,23.0
frame,lgw,Year 1, spring 3, Wednesday,17182,0.9
frame,lgw,Year 1, spring 3, Wednesday,17183,28.3
frame,lgw,Year 1, spring 3, Wednesday,17184,22.2
frame,lgw,Year 1, spring 3, Wednesday,17185,0.1
frame,lgw,Year 1, spring 3, Wednesday,17186,21.9
frame,lgw,Year 1, spring 3, Wednesday,17187,24.2
frame,lgw,Year 1, spring 3, Wednesday,17188,0.8
frame,lgw,Year 1, spring 3, Wednesday,17189,22.6
frame,lgw,Year 1, spring 3, Wednesday,17190,24.5
frame,lgw,Year 1, spring 3, Wednesday,17191,23.0
frame,lgw,Year 1, spring 3, Wednesday,17192,0.2
frame,lgw,Year 1, spring 3, Wednesday,17193,25.1
frame,lgw,Year 1, spring 3, Wednesday,17194,24.7
frame,lgw,Year 1, spring 3, Wednesday,17195,0.1
frame,lgw,Year 1, spring 3, Wednesday,17196,22.4
frame,lgw,Year 1, spring 3, Wednesday,17197,24.3
frame,lgw,Year 1, spring 3, Wednesday,17198,0.2
frame,lgw,Year 1, spring 3, Wednesday,17199,22.5
frame,lgw,Year 1, spring 3, Wednesday,17200,22.7
frame,lgw,Year 1, spring 3, Wednesday,17201,22.7
frame,lgw,Year 1, spring 3, Wednesday,17202,0.2
frame,lgw,Year 1, spring 3, Wednesday,17203,22.8
frame,lgw,Year 1, spring 3, Wednesday,17204,23.2
frame,lgw,Year 1, spring 3, Wednesday,17205,22.9
frame,lgw,Year 1, spring 3, Wednesday,17206,2.5
frame,lgw,Year 1, spring 3, Wednesday,17207,22.6
frame,lgw,Year 1, spring 3, Wednesday,17208,24.4
frame,lgw,Year 1, spring 3, Wednesday,17209,0.4
frame,lgw,Year 1, spring 3, Wednesday,17210,23.4
frame,lgw,Year 1, spring 3, Wednesday,17211,24.2
frame,lgw,Year 1, spring 3, Wednesday,17212,0.1
frame,lgw,Year 1, spring 3, Wednesday,17213,21.9
frame,lgw,Year 1, spring 3, Wednesday,17214,22.8
frame,lgw,Year 1, spring 3, Wednesday,17215,22.7
frame,lgw,Year 1, spring 3, Wednesday,17216,0.2
frame,lgw,Year 1, spring 3, Wednesday,17217,22.7
frame,lgw,Year 1, spring 3, Wednesday,17218,22.5
frame,lgw,Year 1, spring 3, Wednesday,17219,22.1
frame,lgw,Year 1, spring 3, Wednesday,17220,0.1
frame,lgw,Year 1, spring 3, Wednesday,17221,23.3
frame,lgw,Year 1, spring 3, Wednesday,17222,22.3
frame,lgw,Year 1, spring 3, Wednesday,17223,0.2
frame,lgw,Year 1, spring 3, Wednesday,17224,24.0
frame,lgw,Year 1, spring 3, Wednesday,17225,22.0
frame,lgw,Year 1, spring 3, Wednesday,17226,23.8
frame,lgw,Year 1, spring 3, Wednesday,17227,0.2
frame,lgw,Year 1, spring 3, Wednesday,17228,22.2
frame,lgw,Year 1, spring 3, Wednesday,17229,21.9
frame,lgw,Year 1, spring 3, Wednesday,17230,22.7
frame,lgw,Year 1, spring 3, Wednesday,17231,0.1
frame,lgw,Year 1, spring 3, Wednesday,17232,22.5
frame,lgw,Year 1, spring 3, Wednesday,17233,22.5
frame,lgw,Year 1, spring 3, Wednesday,17234,22.1
frame,lgw,Year 1, spring 3, Wednesday,17235,0.3
frame,lgw,Year 1, spring 3, Wednesday,17236,22.9
frame,lgw,Year 1, spring 3, Wednesday,17237,22.3
frame,lgw,Year 1, spring 3, Wednesday,17238,0.4
frame,lgw,Year 1, spring 3, Wednesday,17239,24.0
frame,lgw,Year 1, spring 3, Wednesday,17240,24.6
frame,lgw,Year 1, spring 3, Wednesday,17241,22.5
frame,lgw,Year 1, spring 3, Wednesday,17242,0.2
frame,lgw,Year 1, spring 3, Wednesday,17243,25.0
frame,lgw,Year 1, spring 3, Wednesday,17244,22.6
frame,lgw,Year 1, spring 3, Wednesday,17245,0.3
frame,lgw,Year 1, spring 3, Wednesday,17246,22.5
frame,lgw,Year 1, spring 3, Wednesday,17247,22.5
frame,lgw,Year 1, spring 3, Wednesday,17248,22.4
frame,lgw,Year 1, spring 3, Wednesday,17249,0.2
frame,lgw,Year 1, spring 3, Wednesday,17250,24.0
frame,lgw,Year 1, spring 3, Wednesday,17251,22.9
frame,lgw,Year 1, spring 3, Wednesday,17252,0.2
frame,lgw,Year 1, spring 3, Wednesday,17253,22.4
frame,lgw,Year 1, spring 3, Wednesday,17254,21.8
frame,lgw,Year 1, spring 3, Wednesday,17255,22.1
frame,lgw,Year 1, spring 3, Wednesday,17256,0.1
frame,lgw,Year 1, spring 3, Wednesday,17257,22.4
frame,lgw,Year 1, spring 3, Wednesday,17258,22.8
frame,lgw,Year 1, spring 3, Wednesday,17259,22.4
frame,lgw,Year 1, spring 3, Wednesday,17260,0.1
frame,lgw,Year 1, spring 3, Wednesday,17261,22.6
frame,lgw,Year 1, spring 3, Wednesday,17262,23.1
frame,lgw,Year 1, spring 3, Wednesday,17263,22.3
frame,lgw,Year 1, spring 3, Wednesday,17264,1.1
frame,lgw,Year 1, spring 3, Wednesday,17265,23.0
frame,lgw,Year 1, spring 3, Wednesday,17266,22.8
frame,lgw,Year 1, spring 3, Wednesday,17267,0.2
frame,lgw,Year 1, spring 3, Wednesday,17268,22.7
frame,lgw,Year 1, spring 3, Wednesday,17269,22.6
frame,lgw,Year 1, spring 3, Wednesday,17270,22.6
frame,lgw,Year 1, spring 3, Wednesday,17271,0.1
frame,lgw,Year 1, spring 3, Wednesday,17272,22.8
frame,lgw,Year 1, spring 3, Wednesday,17273,25.5
frame,lgw,Year 1, spring 3, Wednesday,17274,22.4
frame,lgw,Year 1, spring 3, Wednesday,17275,0.2
frame,lgw,Year 1, spring 3, Wednesday,17276,23.1
frame,lgw,Year 1, spring 3, Wednesday,17277,25.2
frame,lgw,Year 1, spring 3, Wednesday,17278,0.3
frame,lgw,Year 1, spring 3, Wednesday,17279,22.1
frame,lgw,Year 1, spring 3, Wednesday,17280,23.2
frame,lgw,Year 1, spring 3, Wednesday,17281,22.1
frame,lgw,Year 1, spring 3, Wednesday,17282,0.1
frame,lgw,Year 1, spring 3, Wednesday,17283,22.9
frame,lgw,Year 1, spring 3, Wednesday,17284,22.1
frame,lgw,Year 1, spring 3, Wednesday,17285,0.1
frame,lgw,Year 1, spring 3, Wednesday,17286,22.9
frame,lgw,Year 1, spring 3, Wednesday,17287,23.2
frame,lgw,Year 1, spring 3, Wednesday,17288,22.5
frame,lgw,Year 1, spring 3, Wednesday,17289,0.1
frame,lgw,Year 1, spring 3, Wednesday,17290,23.0
frame,lgw,Year 1, spring 3, Wednesday,17291,23.3
frame,lgw,Year 1, spring 3, Wednesday,17292,22.4
frame,lgw,Year 1, spring 3, Wednesday,17293,0.2
frame,lgw,Year 1, spring 3, Wednesday,17294,23.9
frame,lgw,Year 1, spring 3, Wednesday,17295,22.6
frame,lgw,Year 1, spring 3, Wednesday,17296,0.1
frame,lgw,Year 1, spring 3, Wednesday,17297,22.7
frame,lgw,Year 1, spring 3, Wednesday,17298,22.5
frame,lgw,Year 1, spring 3, Wednesday,17299,22.1
frame,lgw,Year 1, spring 3, Wednesday,17300,0.3
frame,lgw,Year 1, spring 3, Wednesday,17301,23.8
frame,lgw,Year 1, spring 3, Wednesday,17302,22.3
frame,lgw,Year 1, spring 3, Wednesday,17303,22.2
frame,lgw,Year 1, spring 3, Wednesday,17304,0.1
frame,lgw,Year 1, spring 3, Wednesday,17305,21.9
frame,lgw,Year 1, spring 3, Wednesday,17306,22.4
frame,lgw,Year 1, spring 3, Wednesday,17307,22.3
frame,lgw,Year 1, spring 3, Wednesday,17308,0.1
frame,lgw,Year 1, spring 3, Wednesday,17309,22.4
frame,lgw,Year 1, spring 3, Wednesday,17310,24.7
frame,lgw,Year 1, spring 3, Wednesday,17311,2.2
frame,lgw,Year 1, spring 3, Wednesday,17312,22.4
frame,lgw,Year 1, spring 3, Wednesday,17313,24.1
frame,lgw,Year 1, spring 3, Wednesday,17314,0.2
frame,lgw,Year 1, spring 3, Wednesday,17315,23.4
frame,lgw,Year 1, spring 3, Wednesday,17316,22.1
frame,lgw,Year 1, spring 3, Wednesday,17317,21.9
frame,lgw,Year 1, spring 3, Wednesday,17318,0.2
frame,lgw,Year 1, spring 3, Wednesday,17319,22.4
frame,lgw,Year 1, spring 3, Wednesday,17320,22.1
frame,lgw,Year 1, spring 3, Wednesday,17321,22.3
frame,lgw,Year 1, spring 3, Wednesday,17322,0.2
frame,lgw,Year 1, spring 3, Wednesday,17323,25.6
frame,lgw,Year 1, spring 3, Wednesday,17324,24.0
frame,lgw,Year 1, spring 3, Wednesday,17325,25.6
frame,lgw,Year 1, spring 3, Wednesday,17326,0.2
frame,lgw,Year 1, spring 3, Wednesday,17327,22.1
frame,lgw,Year 1, spring 3, Wednesday,17328,22.5
frame,lgw,Year 1, spring 3, Wednesday,17329,0.1
frame,lgw,Year 1, spring 3, Wednesday,17330,24.4
frame,lgw,Year 1, spring 3, Wednesday,17331,23.1
frame,lgw,Year 1, spring 3, Wednesday,17332,0.1
frame,lgw,Year 1, spring 3, Wednesday,17333,22.4
frame,lgw,Year 1, spring 3, Wednesday,17334,22.7
frame,lgw,Year 1, spring 3, Wednesday,17335,22.4
frame,lgw,Year 1, spring 3, Wednesday,17336,0.2
frame,lgw,Year 1, spring 3, Wednesday,17337,26.7
frame,lgw,Year 1, spring 3, Wednesday,17338,24.0
frame,lgw,Year 1, spring 3, Wednesday,17339,0.3
frame,lgw,Year 1, spring 3, Wednesday,17340,24.0
frame,lgw,Year 1, spring 3, Wednesday,17341,23.4
frame,lgw,Year 1, spring 3, Wednesday,17342,0.1
frame,lgw,Year 1, spring 3, Wednesday,17343,22.3
frame,lgw,Year 1, spring 3, Wednesday,17344,22.2
frame,lgw,Year 1, spring 3, Wednesday,17345,22.1
frame,lgw,Year 1, spring 3, Wednesday,17346,0.1
frame,lgw,Year 1, spring 3, Wednesday,17347,22.8
frame,lgw,Year 1, spring 3, Wednesday,17348,23.5
frame,lgw,Year 1, spring 3, Wednesday,17349,22.4
frame,lgw,Year 1, spring 3, Wednesday,17350,0.2
frame,lgw,Year 1, spring 3, Wednesday,17351,24.6
frame,lgw,Year 1, spring 3, Wednesday,17352,22.2
frame,lgw,Year 1, spring 3, Wednesday,17353,0.3
frame,lgw,Year 1, spring 3, Wednesday,17354,23.6
frame,lgw,Year 1, spring 3, Wednesday,17355,23.9
frame,lgw,Year 1, spring 3, Wednesday,17356,25.9
frame,lgw,Year 1, spring 3, Wednesday,17357,0.9
frame,lgw,Year 1, spring 3, Wednesday,17358,24.1
frame,lgw,Year 1, spring 3, Wednesday,17359,22.0
frame,lgw,Year 1, spring 3, Wednesday,17360,0.1
frame,lgw,Year 1, spring 3, Wednesday,17361,21.9
frame,lgw,Year 1, spring 3, Wednesday,17362,22.5
frame,lgw,Year 1, spring 3, Wednesday,17363,22.3
frame,lgw,Year 1, spring 3, Wednesday,17364,0.1
frame,lgw,Year 1, spring 3, Wednesday,17365,22.1
frame,lgw,Year 1, spring 3, Wednesday,17366,22.5
frame,lgw,Year 1, spring 3, Wednesday,17367,0.3
frame,lgw,Year 1, spring 3, Wednesday,17368,23.8
frame,lgw,Year 1, spring 3, Wednesday,17369,22.2
frame,lgw,Year 1, spring 3, Wednesday,17370,22.2
frame,lgw,Year 1, spring 3, Wednesday,17371,0.1
frame,lgw,Year 1, spring 3, Wednesday,17372,22.2
frame,lgw,Year 1, spring 3, Wednesday,17373,22.0
frame,lgw,Year 1, spring 3, Wednesday,17374,21.9
frame,lgw,Year 1, spring 3, Wednesday,17375,0.2
frame,lgw,Year 1, spring 3, Wednesday,17376,22.4
frame,lgw,Year 1, spring 3, Wednesday,17377,22.4
frame,lgw,Year 1, spring 3, Wednesday,17378,23.5
frame,lgw,Year 1, spring 3, Wednesday,17379,0.1
frame,lgw,Year 1, spring 3, Wednesday,17380,22.3
frame,lgw,Year 1, spring 3, Wednesday,17381,24.1
frame,lgw,Year 1, spring 3, Wednesday,17382,22.2
frame,lgw,Year 1, spring 3, Wednesday,17383,0.1
frame,lgw,Year 1, spring 3, Wednesday,17384,23.4
frame,lgw,Year 1, spring 3, Wednesday,17385,22.3
frame,lgw,Year 1, spring 3, Wednesday,17386,0.1
frame,lgw,Year 1, spring 3, Wednesday,17387,23.7
frame,lgw,Year 1, spring 3, Wednesday,17388,25.6
frame,lgw,Year 1, spring 3, Wednesday,17389,0.3
frame,lgw,Year 1, spring 3, Wednesday,17390,24.3
frame,lgw,Year 1, spring 3, Wednesday,17391,23.8
frame,lgw,Year 1, spring 3, Wednesday,17392,22.3
frame,lgw,Year 1, spring 3, Wednesday,17393,0.1
frame,lgw,Year 1, spring 3, Wednesday,17394,23.7
frame,lgw,Year 1, spring 3, Wednesday,17395,22.0
frame,lgw,Year 1, spring 3, Wednesday,17396,0.1
frame,lgw,Year 1, spring 3, Wednesday,17397,22.5
frame,lgw,Year 1, spring 3, Wednesday,17398,23.3
frame,lgw,Year 1, spring 3, Wednesday,17399,23.7
frame,lgw,Year 1, spring 3, Wednesday,17400,0.3
frame,lgw,Year 1, spring 3, Wednesday,17401,24.6
frame,lgw,Year 1, spring 3, Wednesday,17402,22.6
frame,lgw,Year 1, spring 3, Wednesday,17403,0.2
frame,lgw,Year 1, spring 3, Wednesday,17404,22.8
frame,lgw,Year 1, spring 3, Wednesday,17405,23.1
frame,lgw,Year 1, spring 3, Wednesday,17406,23.0
frame,lgw,Year 1, spring 3, Wednesday,17407,0.1
frame,lgw,Year 1, spring 3, Wednesday,17408,22.0
frame,lgw,Year 1, spring 3, Wednesday,17409,23.6
frame,lgw,Year 1, spring 3, Wednesday,17410,22.4
frame,lgw,Year 1, spring 3, Wednesday,17411,0.1
frame,lgw,Year 1, spring 3, Wednesday,17412,21.8
frame,lgw,Year 1, spring 3, Wednesday,17413,22.3
frame,lgw,Year 1, spring 3, Wednesday,17414,22.2
frame,lgw,Year 1, spring 3, Wednesday,17415,0.2
frame,lgw,Year 1, spring 3, Wednesday,17416,22.3
frame,lgw,Year 1, spring 3, Wednesday,17417,22.2
frame,lgw,Year 1, spring 3, Wednesday,17418,22.7
frame,lgw,Year 1, spring 3, Wednesday,17419,0.1
frame,lgw,Year 1, spring 3, Wednesday,17420,23.4
frame,lgw,Year 1, spring 3, Wednesday,17421,21.9
frame,lgw,Year 1, spring 3, Wednesday,17422,0.1
frame,lgw,Year 1, spring 3, Wednesday,17423,22.3
frame,lgw,Year 1, spring 3, Wednesday,17424,22.7
frame,lgw,Year 1, spring 3, Wednesday,17425,22.2
frame,lgw,Year 1, spring 3, Wednesday,17426,0.2
frame,lgw,Year 1, spring 3, Wednesday,17427,22.2
frame,lgw,Year 1, spring 3, Wednesday,17428,22.9
frame,lgw,Year 1, spring 3, Wednesday,17429,21.8
frame,lgw,Year 1, spring 3, Wednesday,17430,0.1
frame,lgw,Year 1, spring 3, Wednesday,17431,22.8
frame,lgw,Year 1, spring 3, Wednesday,17432,22.4
frame,lgw,Year 1, spring 3, Wednesday,17433,21.7
frame,lgw,Year 1, spring 3, Wednesday,17434,0.1
frame,lgw,Year 1, spring 3, Wednesday,17435,21.7
frame,lgw,Year 1, spring 3, Wednesday,17436,21.8
frame,lgw,Year 1, spring 3, Wednesday,17437,24.2
frame,lgw,Year 1, spring 3, Wednesday,17438,0.1
frame,lgw,Year 1, spring 3, Wednesday,17439,22.5
frame,lgw,Year 1, spring 3, Wednesday,17440,22.1
frame,lgw,Year 1, spring 3, Wednesday,17441,22.2
frame,lgw,Year 1, spring 3, Wednesday,17442,0.2
frame,lgw,Year 1, spring 3, Wednesday,17443,23.1
frame,lgw,Year 1, spring 3, Wednesday,17444,22.2
frame,lgw,Year 1, spring 3, Wednesday,17445,22.5
frame,lgw,Year 1, spring 3, Wednesday,17446,0.1
frame,lgw,Year 1, spring 3, Wednesday,17447,22.1
frame,lgw,Year 1, spring 3, Wednesday,17448,22.8
frame,lgw,Year 1, spring 3, Wednesday,17449,22.4
frame,lgw,Year 1, spring 3, Wednesday,17450,0.1
frame,lgw,Year 1, spring 3, Wednesday,17451,23.3
frame,lgw,Year 1, spring 3, Wednesday,17452,23.9
frame,lgw,Year 1, spring 3, Wednesday,17453,0.2
frame,lgw,Year 1, spring 3, Wednesday,17454,22.4
frame,lgw,Year 1, spring 3, Wednesday,17455,23.0
frame,lgw,Year 1, spring 3, Wednesday,17456,22.1
frame,lgw,Year 1, spring 3, Wednesday,17457,0.4
frame,lgw,Year 1, spring 3, Wednesday,17458,22.4
frame,lgw,Year 1, spring 3, Wednesday,17459,23.1
frame,lgw,Year 1, spring 3, Wednesday,17460,21.9
frame,lgw,Year 1, spring 3, Wednesday,17461,0.2
frame,lgw,Year 1, spring 3, Wednesday,17462,23.6
frame,lgw,Year 1, spring 3, Wednesday,17463,22.1
frame,lgw,Year 1, spring 3, Wednesday,17464,0.1
frame,lgw,Year 1, spring 3, Wednesday,17465,22.5
frame,lgw,Year 1, spring 3, Wednesday,17466,22.8
frame,lgw,Year 1, spring 3, Wednesday,17467,24.1
frame,lgw,Year 1, spring 3, Wednesday,17468,0.2
frame,lgw,Year 1, spring 3, Wednesday,17469,24.0
frame,lgw,Year 1, spring 3, Wednesday,17470,23.0
frame,lgw,Year 1, spring 3, Wednesday,17471,0.1
frame,lgw,Year 1, spring 3, Wednesday,17472,22.8
frame,lgw,Year 1, spring 3, Wednesday,17473,21.8
frame,lgw,Year 1, spring 3, Wednesday,17474,22.7
frame,lgw,Year 1, spring 3, Wednesday,17475,1.4
frame,lgw,Year 1, spring 3, Wednesday,17476,25.1
frame,lgw,Year 1, spring 3, Wednesday,17477,22.4
frame,lgw,Year 1, spring 3, Wednesday,17478,0.1
frame,lgw,Year 1, spring 3, Wednesday,17479,23.8
frame,lgw,Year 1, spring 3, Wednesday,17480,22.5
frame,lgw,Year 1, spring 3, Wednesday,17481,22.7
frame,lgw,Year 1, spring 3, Wednesday,17482,0.2
frame,lgw,Year 1, spring 3, Wednesday,17483,23.5
frame,lgw,Year 1, spring 3, Wednesday,17484,22.6
frame,lgw,Year 1, spring 3, Wednesday,17485,22.3
frame,lgw,Year 1, spring 3, Wednesday,17486,0.2
frame,lgw,Year 1, spring 3, Wednesday,17487,22.2
frame,lgw,Year 1, spring 3, Wednesday,17488,22.5
frame,lgw,Year 1, spring 3, Wednesday,17489,24.8
frame,lgw,Year 1, spring 3, Wednesday,17490,0.1
frame,lgw,Year 1, spring 3, Wednesday,17491,22.6
frame,lgw,Year 1, spring 3, Wednesday,17492,21.9
frame,lgw,Year 1, spring 3, Wednesday,17493,0.1
frame,lgw,Year 1, spring 3, Wednesday,17494,22.2
frame,lgw,Year 1, spring 3, Wednesday,17495,22.4
frame,lgw,Year 1, spring 3, Wednesday,17496,22.7
frame,lgw,Year 1, spring 3, Wednesday,17497,0.3
frame,lgw,Year 1, spring 3, Wednesday,17498,23.8
frame,lgw,Year 1, spring 3, Wednesday,17499,22.8
frame,lgw,Year 1, spring 3, Wednesday,17500,0.2
frame,lgw,Year 1, spring 3, Wednesday,17501,24.4
frame,lgw,Year 1, spring 3, Wednesday,17502,22.4
frame,lgw,Year 1, spring 3, Wednesday,17503,23.3
frame,lgw,Year 1, spring 3, Wednesday,17504,0.2
frame,lgw,Year 1, spring 3, Wednesday,17505,24.3
frame,lgw,Year 1, spring 3, Wednesday,17506,22.2
frame,lgw,Year 1, spring 3, Wednesday,17507,1.0
frame,lgw,Year 1, spring 3, Wednesday,17508,26.4
frame,lgw,Year 1, spring 3, Wednesday,17509,22.9
frame,lgw,Year 1, spring 3, Wednesday,17510,0.1
frame,lgw,Year 1, spring 3, Wednesday,17511,24.0
frame,lgw,Year 1, spring 3, Wednesday,17512,22.5
frame,lgw,Year 1, spring 3, Wednesday,17513,21.8
frame,lgw,Year 1, spring 3, Wednesday,17514,0.1
frame,lgw,Year 1, spring 3, Wednesday,17515,23.1
frame,lgw,Year 1, spring 3, Wednesday,17516,23.5
frame,lgw,Year 1, spring 3, Wednesday,17517,23.1
frame,lgw,Year 1, spring 3, Wednesday,17518,0.4
frame,lgw,Year 1, spring 3, Wednesday,17519,22.9
frame,lgw,Year 1, spring 3, Wednesday,17520,22.6
frame,lgw,Year 1, spring 3, Wednesday,17521,0.6
frame,lgw,Year 1, spring 3, Wednesday,17522,23.1
frame,lgw,Year 1, spring 3, Wednesday,17523,22.3
frame,lgw,Year 1, spring 3, Wednesday,17524,22.1
frame,lgw,Year 1, spring 3, Wednesday,17525,0.2
frame,lgw,Year 1, spring 3, Wednesday,17526,22.3
frame,lgw,Year 1, spring 3, Wednesday,17527,22.1
frame,lgw,Year 1, spring 3, Wednesday,17528,24.3
frame,lgw,Year 1, spring 3, Wednesday,17529,0.1
frame,lgw,Year 1, spring 3, Wednesday,17530,24.2
frame,lgw,Year 1, spring 3, Wednesday,17531,22.2
frame,lgw,Year 1, spring 3, Wednesday,17532,0.2
frame,lgw,Year 1, spring 3, Wednesday,17533,22.7
frame,lgw,Year 1, spring 3, Wednesday,17534,22.0
frame,lgw,Year 1, spring 3, Wednesday,17535,22.2
frame,lgw,Year 1, spring 3, Wednesday,17536,0.1
frame,lgw,Year 1, spring 3, Wednesday,17537,21.9
frame,lgw,Year 1, spring 3, Wednesday,17538,22.3
frame,lgw,Year 1, spring 3, Wednesday,17539,22.0
frame,lgw,Year 1, spring 3, Wednesday,17540,0.3
frame,lgw,Year 1, spring 3, Wednesday,17541,22.6
frame,lgw,Year 1, spring 3, Wednesday,17542,22.3
frame,lgw,Year 1, spring 3, Wednesday,17543,22.5
frame,lgw,Year 1, spring 3, Wednesday,17544,0.2
frame,lgw,Year 1, spring 3, Wednesday,17545,22.8
frame,lgw,Year 1, spring 3, Wednesday,17546,24.8
frame,lgw,Year 1, spring 3, Wednesday,17547,0.1
frame,lgw,Year 1, spring 3, Wednesday,17548,24.7
frame,lgw,Year 1, spring 3, Wednesday,17549,22.1
frame,lgw,Year 1, spring 3, Wednesday,17550,22.7
frame,lgw,Year 1, spring 3, Wednesday,17551,0.3
frame,lgw,Year 1, spring 3, Wednesday,17552,22.4
frame,lgw,Year 1, spring 3, Wednesday,17553,22.3
frame,lgw,Year 1, spring 3, Wednesday,17554,22.7
frame,lgw,Year 1, spring 3, Wednesday,17555,0.1
frame,lgw,Year 1, spring 3, Wednesday,17556,21.9
frame,lgw,Year 1, spring 3, Wednesday,17557,24.7
frame,lgw,Year 1, spring 3, Wednesday,17558,0.2
frame,lgw,Year 1, spring 3, Wednesday,17559,22.3
frame,lgw,Year 1, spring 3, Wednesday,17560,22.3
frame,lgw,Year 1, spring 3, Wednesday,17561,22.5
frame,lgw,Year 1, spring 3, Wednesday,17562,0.1
frame,lgw,Year 1, spring 3, Wednesday,17563,23.3
frame,lgw,Year 1, spring 3, Wednesday,17564,22.3
frame,lgw,Year 1, spring 3, Wednesday,17565,26.8
frame,lgw,Year 1, spring 3, Wednesday,17566,0.2
frame,lgw,Year 1, spring 3, Wednesday,17567,22.6
frame,lgw,Year 1, spring 3, Wednesday,17568,24.7
frame,lgw,Year 1, spring 3, Wednesday,17569,0.2
frame,lgw,Year 1, spring 3, Wednesday,17570,23.9
frame,lgw,Year 1, spring 3, Wednesday,17571,26.4
frame,lgw,Year 1, spring 3, Wednesday,17572,0.2
frame,lgw,Year 1, spring 3, Wednesday,17573,22.5
frame,lgw,Year 1, spring 3, Wednesday,17574,22.0
frame,lgw,Year 1, spring 3, Wednesday,17575,0.2
frame,lgw,Year 1, spring 3, Wednesday,17576,22.9
frame,lgw,Year 1, spring 3, Wednesday,17577,23.7
frame,lgw,Year 1, spring 3, Wednesday,17578,23.7
frame,lgw,Year 1, spring 3, Wednesday,17579,0.1
frame,lgw,Year 1, spring 3, Wednesday,17580,22.3
frame,lgw,Year 1, spring 3, Wednesday,17581,23.0
frame,lgw,Year 1, spring 3, Wednesday,17582,23.4
frame,lgw,Year 1, spring 3, Wednesday,17583,0.1
frame,lgw,Year 1, spring 3, Wednesday,17584,22.8
frame,lgw,Year 1, spring 3, Wednesday,17585,25.9
frame,lgw,Year 1, spring 3, Wednesday,17586,0.1
frame,lgw,Year 1, spring 3, Wednesday,17587,22.3
frame,lgw,Year 1, spring 3, Wednesday,17588,22.3
frame,lgw,Year 1, spring 3, Wednesday,17589,22.1
frame,lgw,Year 1, spring 3, Wednesday,17590,0.1
frame,lgw,Year 1, spring 3, Wednesday,17591,26.9
frame,lgw,Year 1, spring 3, Wednesday,17592,22.1
frame,lgw,Year 1, spring 3, Wednesday,17593,0.1
frame,lgw,Year 1, spring 3, Wednesday,17594,22.1
frame,lgw,Year 1, spring 3, Wednesday,17595,23.7
frame,lgw,Year 1, spring 3, Wednesday,17596,0.3
frame,lgw,Year 1, spring 3, Wednesday,17597,23.2
frame,lgw,Year 1, spring 3, Wednesday,17598,22.4
frame,lgw,Year 1, spring 3, Wednesday,17599,22.0
frame,lgw,Year 1, spring 3, Wednesday,17600,0.2
frame,lgw,Year 1, spring 3, Wednesday,17601,22.1
frame,lgw,Year 1, spring 3, Wednesday,17602,22.2
frame,lgw,Year 1, spring 3, Wednesday,17603,22.0
frame,lgw,Year 1, spring 3, Wednesday,17604,0.1
frame,lgw,Year 1, spring 3, Wednesday,17605,22.6
frame,lgw,Year 1, spring 3, Wednesday,17606,22.4
frame,lgw,Year 1, spring 3, Wednesday,17607,24.4
frame,lgw,Year 1, spring 3, Wednesday,17608,0.1
frame,lgw,Year 1, spring 3, Wednesday,17609,22.3
frame,lgw,Year 1, spring 3, Wednesday,17610,22.1
frame,lgw,Year 1, spring 3, Wednesday,17611,22.2
frame,lgw,Year 1, spring 3, Wednesday,17612,0.1
frame,lgw,Year 1, spring 3, Wednesday,17613,22.4
frame,lgw,Year 1, spring 3, Wednesday,17614,22.2
frame,lgw,Year 1, spring 3, Wednesday,17615,22.5
frame,lgw,Year 1, spring 3, Wednesday,17616,0.1
frame,lgw,Year 1, spring 3, Wednesday,17617,22.1
frame,lgw,Year 1, spring 3, Wednesday,17618,24.0
frame,lgw,Year 1, spring 3, Wednesday,17619,0.2
frame,lgw,Year 1, spring 3, Wednesday,17620,24.4
frame,lgw,Year 1, spring 3, Wednesday,17621,22.1
frame,lgw,Year 1, spring 3, Wednesday,17622,22.2
frame,lgw,Year 1, spring 3, Wednesday,17623,0.3
frame,lgw,Year 1, spring 3, Wednesday,17624,22.3
frame,lgw,Year 1, spring 3, Wednesday,17625,23.9
frame,lgw,Year 1, spring 3, Wednesday,17626,22.5
frame,lgw,Year 1, spring 3, Wednesday,17627,0.1
frame,lgw,Year 1, spring 3, Wednesday,17628,23.7
frame,lgw,Year 1, spring 3, Wednesday,17629,22.1
frame,lgw,Year 1, spring 3, Wednesday,17630,0.1
frame,lgw,Year 1, spring 3, Wednesday,17631,23.9
frame,lgw,Year 1, spring 3, Wednesday,17632,23.0
frame,lgw,Year 1, spring 3, Wednesday,17633,22.2
frame,lgw,Year 1, spring 3, Wednesday,17634,0.1
frame,lgw,Year 1, spring 3, Wednesday,17635,22.1
frame,lgw,Year 1, spring 3, Wednesday,17636,22.8
frame,lgw,Year 1, spring 3, Wednesday,17637,22.5
frame,lgw,Year 1, spring 3, Wednesday,17638,0.2
frame,lgw,Year 1, spring 3, Wednesday,17639,22.2
frame,lgw,Year 1, spring 3, Wednesday,17640,22.0
frame,lgw,Year 1, spring 3, Wednesday,17641,22.2
frame,lgw,Year 1, spring 3, Wednesday,17642,0.1
frame,lgw,Year 1, spring 3, Wednesday,17643,22.5
frame,lgw,Year 1, spring 3, Wednesday,17644,22.0
frame,lgw,Year 1, spring 3, Wednesday,17645,22.6
frame,lgw,Year 1, spring 3, Wednesday,17646,0.1
frame,lgw,Year 1, spring 3, Wednesday,17647,23.3
frame,lgw,Year 1, spring 3, Wednesday,17648,22.1
frame,lgw,Year 1, spring 3, Wednesday,17649,0.1
frame,lgw,Year 1, spring 3, Wednesday,17650,22.0
frame,lgw,Year 1, spring 3, Wednesday,17651,23.0
frame,lgw,Year 1, spring 3, Wednesday,17652,23.6
frame,lgw,Year 1, spring 3, Wednesday,17653,0.1
frame,lgw,Year 1, spring 3, Wednesday,17654,22.3
frame,lgw,Year 1, spring 3, Wednesday,17655,23.5
frame,lgw,Year 1, spring 3, Wednesday,17656,22.1
frame,lgw,Year 1, spring 3, Wednesday,17657,0.1
frame,lgw,Year 1, spring 3, Wednesday,17658,22.9
frame,lgw,Year 1, spring 3, Wednesday,17659,22.5
frame,lgw,Year 1, spring 3, Wednesday,17660,0.2
frame,lgw,Year 1, spring 3, Wednesday,17661,23.5
frame,lgw,Year 1, spring 3, Wednesday,17662,21.8
frame,lgw,Year 1, spring 3, Wednesday,17663,22.4
frame,lgw,Year 1, spring 3, Wednesday,17664,0.2
frame,lgw,Year 1, spring 3, Wednesday,17665,24.0
frame,lgw,Year 1, spring 3, Wednesday,17666,24.0
frame,lgw,Year 1, spring 3, Wednesday,17667,22.0
frame,lgw,Year 1, spring 3, Wednesday,17668,0.1
frame,lgw,Year 1, spring 3, Wednesday,17669,23.8
frame,lgw,Year 1, spring 3, Wednesday,17670,22.4
frame,lgw,Year 1, spring 3, Wednesday,17671,0.2
frame,lgw,Year 1, spring 3, Wednesday,17672,24.5
frame,lgw,Year 1, spring 3, Wednesday,17673,22.5
frame,lgw,Year 1, spring 3, Wednesday,17674,22.4
frame,lgw,Year 1, spring 3, Wednesday,17675,0.1
frame,lgw,Year 1, spring 3, Wednesday,17676,21.9
frame,lgw,Year 1, spring 3, Wednesday,17677,22.4
frame,lgw,Year 1, spring 3, Wednesday,17678,21.9
frame,lgw,Year 1, spring 3, Wednesday,17679,0.1
frame,lgw,Year 1, spring 3, Wednesday,17680,22.0
frame,lgw,Year 1, spring 3, Wednesday,17681,22.7
frame,lgw,Year 1, spring 3, Wednesday,17682,22.1
frame,lgw,Year 1, spring 3, Wednesday,17683,0.3
frame,lgw,Year 1, spring 3, Wednesday,17684,22.5
frame,lgw,Year 1, spring 3, Wednesday,17685,23.2
frame,lgw,Year 1, spring 3, Wednesday,17686,0.2
frame,lgw,Year 1, spring 3, Wednesday,17687,23.3
frame,lgw,Year 1, spring 3, Wednesday,17688,22.8
frame,lgw,Year 1, spring 3, Wednesday,17689,23.2
frame,lgw,Year 1, spring 3, Wednesday,17690,0.4
frame,lgw,Year 1, spring 3, Wednesday,17691,22.8
frame,lgw,Year 1, spring 3, Wednesday,17692,22.9
frame,lgw,Year 1, spring 3, Wednesday,17693,22.9
frame,lgw,Year 1, spring 3, Wednesday,17694,0.2
frame,lgw,Year 1, spring 3, Wednesday,17695,23.9
frame,lgw,Year 1, spring 3, Wednesday,17696,23.8
frame,lgw,Year 1, spring 3, Wednesday,17697,0.2
frame,lgw,Year 1, spring 3, Wednesday,17698,22.6
frame,lgw,Year 1, spring 3, Wednesday,17699,22.4
frame,lgw,Year 1, spring 3, Wednesday,17700,22.9
frame,lgw,Year 1, spring 3, Wednesday,17701,0.2
frame,lgw,Year 1, spring 3, Wednesday,17702,23.1
frame,lgw,Year 1, spring 3, Wednesday,17703,22.3
frame,lgw,Year 1, spring 3, Wednesday,17704,0.2
frame,lgw,Year 1, spring 3, Wednesday,17705,24.1
frame,lgw,Year 1, spring 3, Wednesday,17706,24.7
frame,lgw,Year 1, spring 3, Wednesday,17707,22.3
frame,lgw,Year 1, spring 3, Wednesday,17708,0.2
frame,lgw,Year 1, spring 3, Wednesday,17709,24.6
frame,lgw,Year 1, spring 3, Wednesday,17710,24.3
frame,lgw,Year 1, spring 3, Wednesday,17711,0.2
frame,lgw,Year 1, spring 3, Wednesday,17712,22.5
frame,lgw,Year 1, spring 3, Wednesday,17713,24.8
frame,lgw,Year 1, spring 3, Wednesday,17714,0.1
frame,lgw,Year 1, spring 3, Wednesday,17715,24.5
frame,lgw,Year 1, spring 3, Wednesday,17716,24.1
frame,lgw,Year 1, spring 3, Wednesday,17717,0.2
frame,lgw,Year 1, spring 3, Wednesday,17718,23.1
frame,lgw,Year 1, spring 3, Wednesday,17719,22.7
frame,lgw,Year 1, spring 3, Wednesday,17720,22.7
frame,lgw,Year 1, spring 3, Wednesday,17721,0.1
frame,lgw,Year 1, spring 3, Wednesday,17722,22.8
frame,lgw,Year 1, spring 3, Wednesday,17723,22.2
frame,lgw,Year 1, spring 3, Wednesday,17724,22.4
frame,lgw,Year 1, spring 3, Wednesday,17725,0.1
frame,lgw,Year 1, spring 3, Wednesday,17726,21.9
frame,lgw,Year 1, spring 3, Wednesday,17727,23.8
frame,lgw,Year 1, spring 3, Wednesday,17728,22.0
frame,lgw,Year 1, spring 3, Wednesday,17729,0.1
frame,lgw,Year 1, spring 3, Wednesday,17730,22.9
frame,lgw,Year 1, spring 3, Wednesday,17731,22.6
frame,lgw,Year 1, spring 3, Wednesday,17732,0.2
frame,lgw,Year 1, spring 3, Wednesday,17733,23.6
frame,lgw,Year 1, spring 3, Wednesday,17734,22.6
frame,lgw,Year 1, spring 3, Wednesday,17735,23.9
frame,lgw,Year 1, spring 3, Wednesday,17736,0.2
frame,lgw,Year 1, spring 3, Wednesday,17737,21.9
frame,lgw,Year 1, spring 3, Wednesday,17738,23.7
frame,lgw,Year 1, spring 3, Wednesday,17739,22.6
frame,lgw,Year 1, spring 3, Wednesday,17740,0.2
frame,lgw,Year 1, spring 3, Wednesday,17741,22.5
frame,lgw,Year 1, spring 3, Wednesday,17742,22.0
frame,lgw,Year 1, spring 3, Wednesday,17743,0.1
frame,lgw,Year 1, spring 3, Wednesday,17744,22.2
frame,lgw,Year 1, spring 3, Wednesday,17745,23.3
frame,lgw,Year 1, spring 3, Wednesday,17746,22.1
frame,lgw,Year 1, spring 3, Wednesday,17747,0.1
frame,lgw,Year 1, spring 3, Wednesday,17748,22.8
frame,lgw,Year 1, spring 3, Wednesday,17749,22.6
frame,lgw,Year 1, spring 3, Wednesday,17750,22.2
frame,lgw,Year 1, spring 3, Wednesday,17751,0.2
frame,lgw,Year 1, spring 3, Wednesday,17752,23.2
frame,lgw,Year 1, spring 3, Wednesday,17753,22.1
frame,lgw,Year 1, spring 3, Wednesday,17754,24.2
frame,lgw,Year 1, spring 3, Wednesday,17755,0.1
frame,lgw,Year 1, spring 3, Wednesday,17756,22.4
frame,lgw,Year 1, spring 3, Wednesday,17757,22.4
frame,lgw,Year 1, spring 3, Wednesday,17758,0.1
frame,lgw,Year 1, spring 3, Wednesday,17759,23.8
frame,lgw,Year 1, spring 3, Wednesday,17760,23.1
frame,lgw,Year 1, spring 3, Wednesday,17761,22.8
frame,lgw,Year 1, spring 3, Wednesday,17762,0.1
frame,lgw,Year 1, spring 3, Wednesday,17763,23.3
frame,lgw,Year 1, spring 3, Wednesday,17764,22.9
frame,lgw,Year 1, spring 3, Wednesday,17765,22.0
frame,lgw,Year 1, spring 3, Wednesday,17766,0.2
frame,lgw,Year 1, spring 3, Wednesday,17767,22.8
frame,lgw,Year 1, spring 3, Wednesday,17768,22.5
frame,lgw,Year 1, spring 3, Wednesday,17769,0.4
frame,lgw,Year 1, spring 3, Wednesday,17770,25.2
frame,lgw,Year 1, spring 3, Wednesday,17771,25.2
frame,lgw,Year 1, spring 3, Wednesday,17772,0.3
frame,lgw,Year 1, spring 3, Wednesday,17773,22.1
frame,lgw,Year 1, spring 3, Wednesday,17774,22.4
frame,lgw,Year 1, spring 3, Wednesday,17775,22.6
frame,lgw,Year 1, spring 3, Wednesday,17776,1.9
frame,lgw,Year 1, spring 3, Wednesday,17777,23.6
frame,lgw,Year 1, spring 3, Wednesday,17778,23.6
frame,lgw,Year 1, spring 3, Wednesday,17779,2.6
frame,lgw,Year 1, spring 3, Wednesday,17780,28.5
frame,lgw,Year 1, spring 3, Wednesday,17781,22.3
frame,lgw,Year 1, spring 3, Wednesday,17782,0.3
frame,lgw,Year 1, spring 3, Wednesday,17783,24.0
frame,lgw,Year 1, spring 3, Wednesday,17784,25.1
frame,lgw,Year 1, spring 3, Wednesday,17785,0.2
frame,lgw,Year 1, spring 3, Wednesday,17786,24.2
frame,lgw,Year 1, spring 3, Wednesday,17787,22.4
frame,lgw,Year 1, spring 3, Wednesday,17788,0.3
frame,lgw,Year 1, spring 3, Wednesday,17789,24.3
frame,lgw,Year 1, spring 3, Wednesday,17790,22.4
frame,lgw,Year 1, spring 3, Wednesday,17791,22.2
frame,lgw,Year 1, spring 3, Wednesday,17792,0.1
frame,lgw,Year 1, spring 3, Wednesday,17793,22.3
frame,lgw,Year 1, spring 3, Wednesday,17794,22.2
frame,lgw,Year 1, spring 3, Wednesday,17795,23.9
frame,lgw,Year 1, spring 3, Wednesday,17796,0.1
frame,lgw,Year 1, spring 3, Wednesday,17797,23.9
frame,lgw,Year 1, spring 3, Wednesday,17798,22.5
frame,lgw,Year 1, spring 3, Wednesday,17799,0.1
frame,lgw,Year 1, spring 3, Wednesday,17800,22.8
frame,lgw,Year 1, spring 3, Wednesday,17801,22.9
frame,lgw,Year 1, spring 3, Wednesday,17802,22.6
frame,lgw,Year 1, spring 3, Wednesday,17803,0.2
frame,lgw,Year 1, spring 3, Wednesday,17804,22.2
frame,lgw,Year 1, spring 3, Wednesday,17805,23.3
frame,lgw,Year 1, spring 3, Wednesday,17806,23.1
frame,lgw,Year 1, spring 3, Wednesday,17807,0.3
frame,lgw,Year 1, spring 3, Wednesday,17808,22.4
frame,lgw,Year 1, spring 3, Wednesday,17809,22.2
frame,lgw,Year 1, spring 3, Wednesday,17810,22.2
frame,lgw,Year 1, spring 3, Wednesday,17811,0.2
frame,lgw,Year 1, spring 3, Wednesday,17812,22.4
frame,lgw,Year 1, spring 3, Wednesday,17813,22.9
frame,lgw,Year 1, spring 3, Wednesday,17814,0.1
frame,lgw,Year 1, spring 3, Wednesday,17815,23.7
frame,lgw,Year 1, spring 3, Wednesday,17816,22.1
frame,lgw,Year 1, spring 3, Wednesday,17817,23.2
frame,lgw,Year 1, spring 3, Wednesday,17818,0.2
frame,lgw,Year 1, spring 3, Wednesday,17819,22.6
frame,lgw,Year 1, spring 3, Wednesday,17820,22.4
frame,lgw,Year 1, spring 3, Wednesday,17821,22.6
frame,lgw,Year 1, spring 3, Wednesday,17822,0.2
frame,lgw,Year 1, spring 3, Wednesday,17823,24.2
frame,lgw,Year 1, spring 3, Wednesday,17824,22.9
frame,lgw,Year 1, spring 3, Wednesday,17825,0.2
frame,lgw,Year 1, spring 3, Wednesday,17826,22.9
frame,lgw,Year 1, spring 3, Wednesday,17827,23.4
frame,lgw,Year 1, spring 3, Wednesday,17828,22.2
frame,lgw,Year 1, spring 3, Wednesday,17829,0.1
frame,lgw,Year 1, spring 3, Wednesday,17830,22.4
frame,lgw,Year 1, spring 3, Wednesday,17831,22.5
frame,lgw,Year 1, spring 3, Wednesday,17832,23.0
frame,lgw,Year 1, spring 3, Wednesday,17833,0.1
frame,lgw,Year 1, spring 3, Wednesday,17834,23.3
frame,lgw,Year 1, spring 3, Wednesday,17835,22.7
frame,lgw,Year 1, spring 3, Wednesday,17836,0.2
frame,lgw,Year 1, spring 3, Wednesday,17837,23.9
frame,lgw,Year 1, spring 3, Wednesday,17838,22.0
frame,lgw,Year 1, spring 3, Wednesday,17839,22.3
frame,lgw,Year 1, spring 3, Wednesday,17840,0.1
frame,lgw,Year 1, spring 3, Wednesday,17841,23.1
frame,lgw,Year 1, spring 3, Wednesday,17842,22.7
frame,lgw,Year 1, spring 3, Wednesday,17843,22.4
frame,lgw,Year 1, spring 3, Wednesday,17844,0.4
frame,lgw,Year 1, spring 3, Wednesday,17845,22.1
frame,lgw,Year 1, spring 3, Wednesday,17846,22.5
frame,lgw,Year 1, spring 3, Wednesday,17847,22.0
frame,lgw,Year 1, spring 3, Wednesday,17848,0.2
frame,lgw,Year 1, spring 3, Wednesday,17849,22.7
frame,lgw,Year 1, spring 3, Wednesday,17850,22.9
frame,lgw,Year 1, spring 3, Wednesday,17851,0.4
frame,lgw,Year 1, spring 3, Wednesday,17852,23.1
frame,lgw,Year 1, spring 3, Wednesday,17853,22.7
frame,lgw,Year 1, spring 3, Wednesday,17854,22.7
frame,lgw,Year 1, spring 3, Wednesday,17855,0.3
frame,lgw,Year 1, spring 3, Wednesday,17856,22.2
frame,lgw,Year 1, spring 3, Wednesday,17857,21.8
frame,lgw,Year 1, spring 3, Wednesday,17858,26.5
frame,lgw,Year 1, spring 3, Wednesday,17859,0.3
frame,lgw,Year 1, spring 3, Wednesday,17860,22.0
frame,lgw,Year 1, spring 3, Wednesday,17861,24.5
frame,lgw,Year 1, spring 3, Wednesday,17862,0.3
frame,lgw,Year 1, spring 3, Wednesday,17863,22.2
frame,lgw,Year 1, spring 3, Wednesday,17864,22.7
frame,lgw,Year 1, spring 3, Wednesday,17865,22.3
frame,lgw,Year 1, spring 3, Wednesday,17866,0.6
frame,lgw,Year 1, spring 3, Wednesday,17867,22.7
frame,lgw,Year 1, spring 3, Wednesday,17868,22.2
frame,lgw,Year 1, spring 3, Wednesday,17869,0.3
frame,lgw,Year 1, spring 3, Wednesday,17870,23.4
frame,lgw,Year 1, spring 3, Wednesday,17871,22.5
frame,lgw,Year 1, spring 3, Wednesday,17872,23.3
frame,lgw,Year 1, spring 3, Wednesday,17873,0.2
frame,lgw,Year 1, spring 3, Wednesday,17874,22.9
frame,lgw,Year 1, spring 3, Wednesday,17875,22.2
frame,lgw,Year 1, spring 3, Wednesday,17876,22.8
frame,lgw,Year 1, spring 3, Wednesday,17877,0.3
frame,lgw,Year 1, spring 3, Wednesday,17878,22.9
frame,lgw,Year 1, spring 3, Wednesday,17879,22.1
frame,lgw,Year 1, spring 3, Wednesday,17880,23.1
frame,lgw,Year 1, spring 3, Wednesday,17881,0.2
frame,lgw,Year 1, spring 3, Wednesday,17882,22.7
frame,lgw,Year 1, spring 3, Wednesday,17883,22.8
frame,lgw,Year 1, spring 3, Wednesday,17884,0.3
frame,lgw,Year 1, spring 3, Wednesday,17885,23.1
frame,lgw,Year 1, spring 3, Wednesday,17886,24.4
frame,lgw,Year 1, spring 3, Wednesday,17887,23.8
frame,lgw,Year 1, spring 3, Wednesday,17888,0.4
frame,lgw,Year 1, spring 3, Wednesday,17889,22.9
frame,lgw,Year 1, spring 3, Wednesday,17890,23.4
frame,lgw,Year 1, spring 3, Wednesday,17891,0.4
frame,lgw,Year 1, spring 3, Wednesday,17892,22.5
frame,lgw,Year 1, spring 3, Wednesday,17893,24.2
frame,lgw,Year 1, spring 3, Wednesday,17894,0.2
frame,lgw,Year 1, spring 3, Wednesday,17895,22.6
frame,lgw,Year 1, spring 3, Wednesday,17896,23.3
frame,lgw,Year 1, spring 3, Wednesday,17897,22.4
frame,lgw,Year 1, spring 3, Wednesday,17898,0.1
frame,lgw,Year 1, spring 3, Wednesday,17899,21.9
frame,lgw,Year 1, spring 3, Wednesday,17900,24.9
frame,lgw,Year 1, spring 3, Wednesday,17901,22.7
frame,lgw,Year 1, spring 3, Wednesday,17902,0.2
frame,lgw,Year 1, spring 3, Wednesday,17903,22.7
frame,lgw,Year 1, spring 3, Wednesday,17904,22.8
frame,lgw,Year 1, spring 3, Wednesday,17905,0.1
frame,lgw,Year 1, spring 3, Wednesday,17906,23.9
frame,lgw,Year 1, spring 3, Wednesday,17907,22.0
frame,lgw,Year 1, spring 3, Wednesday,17908,23.9
frame,lgw,Year 1, spring 3, Wednesday,17909,0.3
frame,lgw,Year 1, spring 3, Wednesday,17910,23.1
frame,lgw,Year 1, spring 3, Wednesday,17911,22.2
frame,lgw,Year 1, spring 3, Wednesday,17912,24.1
frame,lgw,Year 1, spring 3, Wednesday,17913,0.1
frame,lgw,Year 1, spring 3, Wednesday,17914,22.7
frame,lgw,Year 1, spring 3, Wednesday,17915,22.4
frame,lgw,Year 1, spring 3, Wednesday,17916,0.1
frame,lgw,Year 1, spring 3, Wednesday,17917,22.2
frame,lgw,Year 1, spring 3, Wednesday,17918,22.5
frame,lgw,Year 1, spring 3, Wednesday,17919,22.9
frame,lgw,Year 1, spring 3, Wednesday,17920,0.2
frame,lgw,Year 1, spring 3, Wednesday,17921,22.3
frame,lgw,Year 1, spring 3, Wednesday,17922,23.2
frame,lgw,Year 1, spring 3, Wednesday,17923,22.6
frame,lgw,Year 1, spring 3, Wednesday,17924,0.2
frame,lgw,Year 1, spring 3, Wednesday,17925,23.1
frame,lgw,Year 1, spring 3, Wednesday,17926,22.6
frame,lgw,Year 1, spring 3, Wednesday,17927,0.1
frame,lgw,Year 1, spring 3, Wednesday,17928,22.5
frame,lgw,Year 1, spring 3, Wednesday,17929,22.1
frame,lgw,Year 1, spring 3, Wednesday,17930,21.8
frame,lgw,Year 1, spring 3, Wednesday,17931,0.2
frame,lgw,Year 1, spring 3, Wednesday,17932,23.4
frame,lgw,Year 1, spring 3, Wednesday,17933,22.5
frame,lgw,Year 1, spring 3, Wednesday,17934,22.7
frame,lgw,Year 1, spring 3, Wednesday,17935,0.7
frame,lgw,Year 1, spring 3, Wednesday,17936,22.6
frame,lgw,Year 1, spring 3, Wednesday,17937,23.7
frame,lgw,Year 1, spring 3, Wednesday,17938,0.1
frame,lgw,Year 1, spring 3, Wednesday,17939,21.9
frame,lgw,Year 1, spring 3, Wednesday,17940,21.9
frame,lgw,Year 1, spring 3, Wednesday,17941,22.1
frame,lgw,Year 1, spring 3, Wednesday,17942,23.0
frame,lgw,Year 1, spring 3, Wednesday,17943,0.5
frame,lgw,Year 1, spring 3, Wednesday,17944,22.6
frame,lgw,Year 1, spring 3, Wednesday,17945,22.3
frame,lgw,Year 1, spring 3, Wednesday,17946,0.2
frame,lgw,Year 1, spring 3, Wednesday,17947,25.1
frame,lgw,Year 1, spring 3, Wednesday,17948,24.5
frame,lgw,Year 1, spring 3, Wednesday,17949,0.4
frame,lgw,Year 1, spring 3, Wednesday,17950,22.5
frame,lgw,Year 1, spring 3, Wednesday,17951,22.5
frame,lgw,Year 1, spring 3, Wednesday,17952,25.7
frame,lgw,Year 1, spring 3, Wednesday,17953,0.5
frame,lgw,Year 1, spring 3, Wednesday,17954,22.4
frame,lgw,Year 1, spring 3, Wednesday,17955,23.6
frame,lgw,Year 1, spring 3, Wednesday,17956,0.3
frame,lgw,Year 1, spring 3, Wednesday,17957,22.9
frame,lgw,Year 1, spring 3, Wednesday,17958,23.2
frame,lgw,Year 1, spring 3, Wednesday,17959,23.8
frame,lgw,Year 1, spring 3, Wednesday,17960,0.2
frame,lgw,Year 1, spring 3, Wednesday,17961,24.5
frame,lgw,Year 1, spring 3, Wednesday,17962,22.1
frame,lgw,Year 1, spring 3, Wednesday,17963,0.1
frame,lgw,Year 1, spring 3, Wednesday,17964,23.0
frame,lgw,Year 1, spring 3, Wednesday,17965,22.1
frame,lgw,Year 1, spring 3, Wednesday,17966,22.2
frame,lgw,Year 1, spring 3, Wednesday,17967,0.1
frame,lgw,Year 1, spring 3, Wednesday,17968,22.5
frame,lgw,Year 1, spring 3, Wednesday,17969,22.2
frame,lgw,Year 1, spring 3, Wednesday,17970,23.4
frame,lgw,Year 1, spring 3, Wednesday,17971,0.2
frame,lgw,Year 1, spring 3, Wednesday,17972,24.3
frame,lgw,Year 1, spring 3, Wednesday,17973,23.1
frame,lgw,Year 1, spring 3, Wednesday,17974,0.3
frame,lgw,Year 1, spring 3, Wednesday,17975,23.4
frame,lgw,Year 1, spring 3, Wednesday,17976,22.8
frame,lgw,Year 1, spring 3, Wednesday,17977,22.8
frame,lgw,Year 1, spring 3, Wednesday,17978,0.3
frame,lgw,Year 1, spring 3, Wednesday,17979,23.1
frame,lgw,Year 1, spring 3, Wednesday,17980,22.5
frame,lgw,Year 1, spring 3, Wednesday,17981,0.4
frame,lgw,Year 1, spring 3, Wednesday,17982,22.5
frame,lgw,Year 1, spring 3, Wednesday,17983,22.7
frame,lgw,Year 1, spring 3, Wednesday,17984,23.3
frame,lgw,Year 1, spring 3, Wednesday,17985,0.4
frame,lgw,Year 1, spring 3, Wednesday,17986,22.5
frame,lgw,Year 1, spring 3, Wednesday,17987,23.8
frame,lgw,Year 1, spring 3, Wednesday,17988,22.7
frame,lgw,Year 1, spring 3, Wednesday,17989,0.3
frame,lgw,Year 1, spring 3, Wednesday,17990,23.7
frame,lgw,Year 1, spring 3, Wednesday,17991,23.7
frame,lgw,Year 1, spring 3, Wednesday,17992,0.2
frame,lgw,Year 1, spring 3, Wednesday,17993,22.7
frame,lgw,Year 1, spring 3, Wednesday,17994,23.2
frame,lgw,Year 1, spring 3, Wednesday,17995,22.4
frame,lgw,Year 1, spring 3, Wednesday,17996,0.3
frame,lgw,Year 1, spring 3, Wednesday,17997,23.4
frame,lgw,Year 1, spring 3, Wednesday,17998,23.0
frame,lgw,Year 1, spring 3, Wednesday,17999,0.2
lag,lgw,Year 1, spring 3, Wednesday,18905,94.7
lag,lgw,Year 1, spring 3, Wednesday,18911,50.9
lag,lgw,Year 1, spring 3, Wednesday,19085,102.4
lag,lgw,Year 1, spring 3, Wednesday,19091,112.8
lag,lgw,Year 1, spring 3, Wednesday,19712,69.0
lag,lgw,Year 1, spring 3, Wednesday,20196,72.2
lag,lgw,Year 1, spring 3, Wednesday,20292,82.0
lag,lgw,Year 1, spring 3, Wednesday,20370,88.1
lag,lgw,Year 1, spring 3, Wednesday,20695,85.9
lag,lgw,Year 1, spring 3, Wednesday,20764,105.3
lag,lgw,Year 1, spring 3, Wednesday,20782,73.3
frame,lgw,Year 1, spring 3, Wednesday,23120,0.4
frame,lgw,Year 1, spring 3, Wednesday,23121,21.6
frame,lgw,Year 1, spring 3, Wednesday,23122,21.5
frame,lgw,Year 1, spring 3, Wednesday,23123,21.7
frame,lgw,Year 1, spring 3, Wednesday,23124,21.6
frame,lgw,Year 1, spring 3, Wednesday,23125,0.3
frame,lgw,Year 1, spring 3, Wednesday,23126,21.2
frame,lgw,Year 1, spring 3, Wednesday,23127,21.1
frame,lgw,Year 1, spring 3, Wednesday,23128,21.7
frame,lgw,Year 1, spring 3, Wednesday,23129,0.2
frame,lgw,Year 1, spring 3, Wednesday,23130,21.5
frame,lgw,Year 1, spring 3, Wednesday,23131,21.4
frame,lgw,Year 1, spring 3, Wednesday,23132,21.1
frame,lgw,Year 1, spring 3, Wednesday,23133,21.2
frame,lgw,Year 1, spring 3, Wednesday,23134,0.1
frame,lgw,Year 1, spring 3, Wednesday,23135,21.9
frame,lgw,Year 1, spring 3, Wednesday,23136,21.8
frame,lgw,Year 1, spring 3, Wednesday,23137,21.9
frame,lgw,Year 1, spring 3, Wednesday,23138,0.1
frame,lgw,Year 1, spring 3, Wednesday,23139,22.0
frame,lgw,Year 1, spring 3, Wednesday,23140,21.6
frame,lgw,Year 1, spring 3, Wednesday,23141,21.6
frame,lgw,Year 1, spring 3, Wednesday,23142,0.1
frame,lgw,Year 1, spring 3, Wednesday,23143,20.8
frame,lgw,Year 1, spring 3, Wednesday,23144,20.8
frame,lgw,Year 1, spring 3, Wednesday,23145,22.1
frame,lgw,Year 1, spring 3, Wednesday,23146,21.8
frame,lgw,Year 1, spring 3, Wednesday,23147,0.2
frame,lgw,Year 1, spring 3, Wednesday,23148,21.1
frame,lgw,Year 1, spring 3, Wednesday,23149,21.6
frame,lgw,Year 1, spring 3, Wednesday,23150,21.8
frame,lgw,Year 1, spring 3, Wednesday,23151,0.3
frame,lgw,Year 1, spring 3, Wednesday,23152,20.9
frame,lgw,Year 1, spring 3, Wednesday,23153,21.1
frame,lgw,Year 1, spring 3, Wednesday,23154,21.3
frame,lgw,Year 1, spring 3, Wednesday,23155,21.1
frame,lgw,Year 1, spring 3, Wednesday,23156,0.1
frame,lgw,Year 1, spring 3, Wednesday,23157,21.8
frame,lgw,Year 1, spring 3, Wednesday,23158,22.3
frame,lgw,Year 1, spring 3, Wednesday,23159,21.2
frame,lgw,Year 1, spring 3, Wednesday,23160,0.1
frame,lgw,Year 1, spring 3, Wednesday,23161,21.3
frame,lgw,Year 1, spring 3, Wednesday,23162,21.1
frame,lgw,Year 1, spring 3, Wednesday,23163,21.1
frame,lgw,Year 1, spring 3, Wednesday,23164,23.0
frame,lgw,Year 1, spring 3, Wednesday,23165,0.1
frame,lgw,Year 1, spring 3, Wednesday,23166,21.4
frame,lgw,Year 1, spring 3, Wednesday,23167,21.4
frame,lgw,Year 1, spring 3, Wednesday,23168,21.3
frame,lgw,Year 1, spring 3, Wednesday,23169,0.1
frame,lgw,Year 1, spring 3, Wednesday,23170,21.1
frame,lgw,Year 1, spring 3, Wednesday,23171,22.1
frame,lgw,Year 1, spring 3, Wednesday,23172,21.4
frame,lgw,Year 1, spring 3, Wednesday,23173,0.3
frame,lgw,Year 1, spring 3, Wednesday,23174,21.7
frame,lgw,Year 1, spring 3, Wednesday,23175,21.1
frame,lgw,Year 1, spring 3, Wednesday,23176,21.2
frame,lgw,Year 1, spring 3, Wednesday,23177,21.4
frame,lgw,Year 1, spring 3, Wednesday,23178,0.1
frame,lgw,Year 1, spring 3, Wednesday,23179,21.5
frame,lgw,Year 1, spring 3, Wednesday,23180,21.3
frame,lgw,Year 1, spring 3, Wednesday,23181,21.1
frame,lgw,Year 1, spring 3, Wednesday,23182,0.1
frame,lgw,Year 1, spring 3, Wednesday,23183,21.0
frame,lgw,Year 1, spring 3, Wednesday,23184,21.5
frame,lgw,Year 1, spring 3, Wednesday,23185,22.2
frame,lgw,Year 1, spring 3, Wednesday,23186,21.3
frame,lgw,Year 1, spring 3, Wednesday,23187,0.3
frame,lgw,Year 1, spring 3, Wednesday,23188,21.6
frame,lgw,Year 1, spring 3, Wednesday,23189,21.1
frame,lgw,Year 1, spring 3, Wednesday,23190,21.9
frame,lgw,Year 1, spring 3, Wednesday,23191,0.1
frame,lgw,Year 1, spring 3, Wednesday,23192,21.1
frame,lgw,Year 1, spring 3, Wednesday,23193,21.6
frame,lgw,Year 1, spring 3, Wednesday,23194,21.9
frame,lgw,Year 1, spring 3, Wednesday,23195,21.6
frame,lgw,Year 1, spring 3, Wednesday,23196,0.3
frame,lgw,Year 1, spring 3, Wednesday,23197,21.7
frame,lgw,Year 1, spring 3, Wednesday,23198,22.0
frame,lgw,Year 1, spring 3, Wednesday,23199,21.1
frame,lgw,Year 1, spring 3, Wednesday,23200,0.2
frame,lgw,Year 1, spring 3, Wednesday,23201,21.3
frame,lgw,Year 1, spring 3, Wednesday,23202,21.3
frame,lgw,Year 1, spring 3, Wednesday,23203,21.4
frame,lgw,Year 1, spring 3, Wednesday,23204,0.1
frame,lgw,Year 1, spring 3, Wednesday,23205,21.5
frame,lgw,Year 1, spring 3, Wednesday,23206,21.1
frame,lgw,Year 1, spring 3, Wednesday,23207,21.7
frame,lgw,Year 1, spring 3, Wednesday,23208,21.3
frame,lgw,Year 1, spring 3, Wednesday,23209,0.2
frame,lgw,Year 1, spring 3, Wednesday,23210,21.0
frame,lgw,Year 1, spring 3, Wednesday,23211,21.5
frame,lgw,Year 1, spring 3, Wednesday,23212,22.0
frame,lgw,Year 1, spring 3, Wednesday,23213,0.1
frame,lgw,Year 1, spring 3, Wednesday,23214,21.9
frame,lgw,Year 1, spring 3, Wednesday,23215,21.5
frame,lgw,Year 1, spring 3, Wednesday,23216,22.1
frame,lgw,Year 1, spring 3, Wednesday,23217,21.4
frame,lgw,Year 1, spring 3, Wednesday,23218,0.3
frame,lgw,Year 1, spring 3, Wednesday,23219,21.9
frame,lgw,Year 1, spring 3, Wednesday,23220,21.5
frame,lgw,Year 1, spring 3, Wednesday,23221,21.0
frame,lgw,Year 1, spring 3, Wednesday,23222,0.1
frame,lgw,Year 1, spring 3, Wednesday,23223,21.2
frame,lgw,Year 1, spring 3, Wednesday,23224,21.2
frame,lgw,Year 1, spring 3, Wednesday,23225,21.7
frame,lgw,Year 1, spring 3, Wednesday,23226,0.1
frame,lgw,Year 1, spring 3, Wednesday,23227,21.4
frame,lgw,Year 1, spring 3, Wednesday,23228,21.3
frame,lgw,Year 1, spring 3, Wednesday,23229,21.0
frame,lgw,Year 1, spring 3, Wednesday,23230,21.2
frame,lgw,Year 1, spring 3, Wednesday,23231,0.1
frame,lgw,Year 1, spring 3, Wednesday,23232,21.0
frame,lgw,Year 1, spring 3, Wednesday,23233,21.4
frame,lgw,Year 1, spring 3, Wednesday,23234,21.3
frame,lgw,Year 1, spring 3, Wednesday,23235,21.5
frame,lgw,Year 1, spring 3, Wednesday,23236,0.3
frame,lgw,Year 1, spring 3, Wednesday,23237,21.4
frame,lgw,Year 1, spring 3, Wednesday,23238,21.6
frame,lgw,Year 1, spring 3, Wednesday,23239,22.0
frame,lgw,Year 1, spring 3, Wednesday,23240,0.3
frame,lgw,Year 1, spring 3, Wednesday,23241,21.4
frame,lgw,Year 1, spring 3, Wednesday,23242,21.6
frame,lgw,Year 1, spring 3, Wednesday,23243,21.4
frame,lgw,Year 1, spring 3, Wednesday,23244,0.1
frame,lgw,Year 1, spring 3, Wednesday,23245,21.0
frame,lgw,Year 1, spring 3, Wednesday,23246,21.5
frame,lgw,Year 1, spring 3, Wednesday,23247,21.2
frame,lgw,Year 1, spring 3, Wednesday,23248,21.4
frame,lgw,Year 1, spring 3, Wednesday,23249,0.1
frame,lgw,Year 1, spring 3, Wednesday,23250,21.5
frame,lgw,Year 1, spring 3, Wednesday,23251,22.0
frame,lgw,Year 1, spring 3, Wednesday,23252,21.3
frame,lgw,Year 1, spring 3, Wednesday,23253,0.3
frame,lgw,Year 1, spring 3, Wednesday,23254,22.4
frame,lgw,Year 1, spring 3, Wednesday,23255,21.3
frame,lgw,Year 1, spring 3, Wednesday,23256,21.9
frame,lgw,Year 1, spring 3, Wednesday,23257,0.1
frame,lgw,Year 1, spring 3, Wednesday,23258,21.0
frame,lgw,Year 1, spring 3, Wednesday,23259,21.2
frame,lgw,Year 1, spring 3, Wednesday,23260,21.7
frame,lgw,Year 1, spring 3, Wednesday,23261,21.3
frame,lgw,Year 1, spring 3, Wednesday,23262,0.1
frame,lgw,Year 1, spring 3, Wednesday,23263,21.1
frame,lgw,Year 1, spring 3, Wednesday,23264,21.1
frame,lgw,Year 1, spring 3, Wednesday,23265,21.2
frame,lgw,Year 1, spring 3, Wednesday,23266,22.2
frame,lgw,Year 1, spring 3, Wednesday,23267,0.2
frame,lgw,Year 1, spring 3, Wednesday,23268,21.0
frame,lgw,Year 1, spring 3, Wednesday,23269,21.2
frame,lgw,Year 1, spring 3, Wednesday,23270,21.2
frame,lgw,Year 1, spring 3, Wednesday,23271,0.2
frame,lgw,Year 1, spring 3, Wednesday,23272,21.4
frame,lgw,Year 1, spring 3, Wednesday,23273,21.3
frame,lgw,Year 1, spring 3, Wednesday,23274,21.1
frame,lgw,Year 1, spring 3, Wednesday,23275,22.1
frame,lgw,Year 1, spring 3, Wednesday,23276,0.2
frame,lgw,Year 1, spring 3, Wednesday,23277,21.2
frame,lgw,Year 1, spring 3, Wednesday,23278,21.5
frame,lgw,Year 1, spring 3, Wednesday,23279,21.3
frame,lgw,Year 1, spring 3, Wednesday,23280,0.2
frame,lgw,Year 1, spring 3, Wednesday,23281,21.3
frame,lgw,Year 1, spring 3, Wednesday,23282,21.1
frame,lgw,Year 1, spring 3, Wednesday,23283,21.2
frame,lgw,Year 1, spring 3, Wednesday,23284,21.2
frame,lgw,Year 1, spring 3, Wednesday,23285,0.1
frame,lgw,Year 1, spring 3, Wednesday,23286,20.9
frame,lgw,Year 1, spring 3, Wednesday,23287,21.7
frame,lgw,Year 1, spring 3, Wednesday,23288,21.2
frame,lgw,Year 1, spring 3, Wednesday,23289,0.2
frame,lgw,Year 1, spring 3, Wednesday,23290,21.7
frame,lgw,Year 1, spring 3, Wednesday,23291,21.5
frame,lgw,Year 1, spring 3, Wednesday,23292,21.0
frame,lgw,Year 1, spring 3, Wednesday,23293,21.2
frame,lgw,Year 1, spring 3, Wednesday,23294,0.2
frame,lgw,Year 1, spring 3, Wednesday,23295,21.9
frame,lgw,Year 1, spring 3, Wednesday,23296,21.3
frame,lgw,Year 1, spring 3, Wednesday,23297,21.3
frame,lgw,Year 1, spring 3, Wednesday,23298,0.2
frame,lgw,Year 1, spring 3, Wednesday,23299,21.4
frame,lgw,Year 1, spring 3, Wednesday,23300,22.2
frame,lgw,Year 1, spring 3, Wednesday,23301,21.3
frame,lgw,Year 1, spring 3, Wednesday,23302,21.6
frame,lgw,Year 1, spring 3, Wednesday,23303,0.3
frame,lgw,Year 1, spring 3, Wednesday,23304,21.5
frame,lgw,Year 1, spring 3, Wednesday,23305,22.0
frame,lgw,Year 1, spring 3, Wednesday,23306,21.7
frame,lgw,Year 1, spring 3, Wednesday,23307,0.2
frame,lgw,Year 1, spring 3, Wednesday,23308,21.8
frame,lgw,Year 1, spring 3, Wednesday,23309,21.4
frame,lgw,Year 1, spring 3, Wednesday,23310,21.9
frame,lgw,Year 1, spring 3, Wednesday,23311,0.2
frame,lgw,Year 1, spring 3, Wednesday,23312,22.0
frame,lgw,Year 1, spring 3, Wednesday,23313,21.7
frame,lgw,Year 1, spring 3, Wednesday,23314,22.2
frame,lgw,Year 1, spring 3, Wednesday,23315,0.3
frame,lgw,Year 1, spring 3, Wednesday,23316,20.9
frame,lgw,Year 1, spring 3, Wednesday,23317,21.2
frame,lgw,Year 1, spring 3, Wednesday,23318,21.0
frame,lgw,Year 1, spring 3, Wednesday,23319,21.4
frame,lgw,Year 1, spring 3, Wednesday,23320,0.2
frame,lgw,Year 1, spring 3, Wednesday,23321,21.1
frame,lgw,Year 1, spring 3, Wednesday,23322,21.1
frame,lgw,Year 1, spring 3, Wednesday,23323,21.3
frame,lgw,Year 1, spring 3, Wednesday,23324,21.9
frame,lgw,Year 1, spring 3, Wednesday,23325,0.3
frame,lgw,Year 1, spring 3, Wednesday,23326,21.1
frame,lgw,Year 1, spring 3, Wednesday,23327,21.4
frame,lgw,Year 1, spring 3, Wednesday,23328,21.7
frame,lgw,Year 1, spring 3, Wednesday,23329,0.4
frame,lgw,Year 1, spring 3, Wednesday,23330,22.2
frame,lgw,Year 1, spring 3, Wednesday,23331,21.0
frame,lgw,Year 1, spring 3, Wednesday,23332,21.5
frame,lgw,Year 1, spring 3, Wednesday,23333,0.1
frame,lgw,Year 1, spring 3, Wednesday,23334,21.8
frame,lgw,Year 1, spring 3, Wednesday,23335,21.9
frame,lgw,Year 1, spring 3, Wednesday,23336,21.1
frame,lgw,Year 1, spring 3, Wednesday,23337,21.0
frame,lgw,Year 1, spring 3, Wednesday,23338,0.1
frame,lgw,Year 1, spring 3, Wednesday,23339,21.4
frame,lgw,Year 1, spring 3, Wednesday,23340,21.2
frame,lgw,Year 1, spring 3, Wednesday,23341,21.3
frame,lgw,Year 1, spring 3, Wednesday,23342,0.3
frame,lgw,Year 1, spring 3, Wednesday,23343,22.0
frame,lgw,Year 1, spring 3, Wednesday,23344,21.2
frame,lgw,Year 1, spring 3, Wednesday,23345,21.3
frame,lgw,Year 1, spring 3, Wednesday,23346,21.5
frame,lgw,Year 1, spring 3, Wednesday,23347,0.2
frame,lgw,Year 1, spring 3, Wednesday,23348,21.6
frame,lgw,Year 1, spring 3, Wednesday,23349,22.0
frame,lgw,Year 1, spring 3, Wednesday,23350,21.4
frame,lgw,Year 1, spring 3, Wednesday,23351,0.1
frame,lgw,Year 1, spring 3, Wednesday,23352,21.1
frame,lgw,Year 1, spring 3, Wednesday,23353,21.3
frame,lgw,Year 1, spring 3, Wednesday,23354,23.4
frame,lgw,Year 1, spring 3, Wednesday,23355,0.3
frame,lgw,Year 1, spring 3, Wednesday,23356,22.5
frame,lgw,Year 1, spring 3, Wednesday,23357,22.7
frame,lgw,Year 1, spring 3, Wednesday,23358,22.7
frame,lgw,Year 1, spring 3, Wednesday,23359,0.2
frame,lgw,Year 1, spring 3, Wednesday,23360,21.4
frame,lgw,Year 1, spring 3, Wednesday,23361,21.6
frame,lgw,Year 1, spring 3, Wednesday,23362,21.3
frame,lgw,Year 1, spring 3, Wednesday,23363,0.3
frame,lgw,Year 1, spring 3, Wednesday,23364,21.9
frame,lgw,Year 1, spring 3, Wednesday,23365,22.2
frame,lgw,Year 1, spring 3, Wednesday,23366,22.5
frame,lgw,Year 1, spring 3, Wednesday,23367,0.2
frame,lgw,Year 1, spring 3, Wednesday,23368,21.4
frame,lgw,Year 1, spring 3, Wednesday,23369,22.6
frame,lgw,Year 1, spring 3, Wednesday,23370,21.4
frame,lgw,Year 1, spring 3, Wednesday,23371,0.2
frame,lgw,Year 1, spring 3, Wednesday,23372,21.5
frame,lgw,Year 1, spring 3, Wednesday,23373,22.0
frame,lgw,Year 1, spring 3, Wednesday,23374,21.6
frame,lgw,Year 1, spring 3, Wednesday,23375,21.6
frame,lgw,Year 1, spring 3, Wednesday,23376,0.2
frame,lgw,Year 1, spring 3, Wednesday,23377,21.3
frame,lgw,Year 1, spring 3, Wednesday,23378,21.7
frame,lgw,Year 1, spring 3, Wednesday,23379,22.3
frame,lgw,Year 1, spring 3, Wednesday,23380,0.1
frame,lgw,Year 1, spring 3, Wednesday,23381,21.7
frame,lgw,Year 1, spring 3, Wednesday,23382,21.7
frame,lgw,Year 1, spring 3, Wednesday,23383,22.1
frame,lgw,Year 1, spring 3, Wednesday,23384,0.2
frame,lgw,Year 1, spring 3, Wednesday,23385,21.5
frame,lgw,Year 1, spring 3, Wednesday,23386,21.0
frame,lgw,Year 1, spring 3, Wednesday,23387,21.9
frame,lgw,Year 1, spring 3, Wednesday,23388,22.7
frame,lgw,Year 1, spring 3, Wednesday,23389,0.2
frame,lgw,Year 1, spring 3, Wednesday,23390,21.4
frame,lgw,Year 1, spring 3, Wednesday,23391,21.8
frame,lgw,Year 1, spring 3, Wednesday,23392,21.2
frame,lgw,Year 1, spring 3, Wednesday,23393,0.3
frame,lgw,Year 1, spring 3, Wednesday,23394,21.4
frame,lgw,Year 1, spring 3, Wednesday,23395,22.1
frame,lgw,Year 1, spring 3, Wednesday,23396,22.1
frame,lgw,Year 1, spring 3, Wednesday,23397,0.2
frame,lgw,Year 1, spring 3, Wednesday,23398,21.6
frame,lgw,Year 1, spring 3, Wednesday,23399,21.4
frame,lgw,Year 1, spring 3, Wednesday,23400,21.4
frame,lgw,Year 1, spring 3, Wednesday,23401,0.3
frame,lgw,Year 1, spring 3, Wednesday,23402,22.7
frame,lgw,Year 1, spring 3, Wednesday,23403,21.5
frame,lgw,Year 1, spring 3, Wednesday,23404,21.2
frame,lgw,Year 1, spring 3, Wednesday,23405,0.2
frame,lgw,Year 1, spring 3, Wednesday,23406,21.6
frame,lgw,Year 1, spring 3, Wednesday,23407,21.2
frame,lgw,Year 1, spring 3, Wednesday,23408,22.3
frame,lgw,Year 1, spring 3, Wednesday,23409,21.4
frame,lgw,Year 1, spring 3, Wednesday,23410,0.3
frame,lgw,Year 1, spring 3, Wednesday,23411,22.6
frame,lgw,Year 1, spring 3, Wednesday,23412,21.5
frame,lgw,Year 1, spring 3, Wednesday,23413,21.0
frame,lgw,Year 1, spring 3, Wednesday,23414,0.2
frame,lgw,Year 1, spring 3, Wednesday,23415,21.5
frame,lgw,Year 1, spring 3, Wednesday,23416,22.4
frame,lgw,Year 1, spring 3, Wednesday,23417,21.3
frame,lgw,Year 1, spring 3, Wednesday,23418,0.1
frame,lgw,Year 1, spring 3, Wednesday,23419,21.6
frame,lgw,Year 1, spring 3, Wednesday,23420,21.7
frame,lgw,Year 1, spring 3, Wednesday,23421,21.3
frame,lgw,Year 1, spring 3, Wednesday,23422,21.0
frame,lgw,Year 1, spring 3, Wednesday,23423,0.1
frame,lgw,Year 1, spring 3, Wednesday,23424,21.5
frame,lgw,Year 1, spring 3, Wednesday,23425,22.1
frame,lgw,Year 1, spring 3, Wednesday,23426,22.0
frame,lgw,Year 1, spring 3, Wednesday,23427,0.1
frame,lgw,Year 1, spring 3, Wednesday,23428,21.5
frame,lgw,Year 1, spring 3, Wednesday,23429,21.4
frame,lgw,Year 1, spring 3, Wednesday,23430,21.4
frame,lgw,Year 1, spring 3, Wednesday,23431,0.3
frame,lgw,Year 1, spring 3, Wednesday,23432,21.4
frame,lgw,Year 1, spring 3, Wednesday,23433,22.7
frame,lgw,Year 1, spring 3, Wednesday,23434,22.7
frame,lgw,Year 1, spring 3, Wednesday,23435,0.3
frame,lgw,Year 1, spring 3, Wednesday,23436,22.0
frame,lgw,Year 1, spring 3, Wednesday,23437,21.7
frame,lgw,Year 1, spring 3, Wednesday,23438,21.0
frame,lgw,Year 1, spring 3, Wednesday,23439,21.5
frame,lgw,Year 1, spring 3, Wednesday,23440,0.2
frame,lgw,Year 1, spring 3, Wednesday,23441,21.5
frame,lgw,Year 1, spring 3, Wednesday,23442,21.6
frame,lgw,Year 1, spring 3, Wednesday,23443,21.2
frame,lgw,Year 1, spring 3, Wednesday,23444,0.3
frame,lgw,Year 1, spring 3, Wednesday,23445,21.8
frame,lgw,Year 1, spring 3, Wednesday,23446,21.3
frame,lgw,Year 1, spring 3, Wednesday,23447,21.0
frame,lgw,Year 1, spring 3, Wednesday,23448,21.2
frame,lgw,Year 1, spring 3, Wednesday,23449,0.2
frame,lgw,Year 1, spring 3, Wednesday,23450,21.5
frame,lgw,Year 1, spring 3, Wednesday,23451,22.1
frame,lgw,Year 1, spring 3, Wednesday,23452,21.3
frame,lgw,Year 1, spring 3, Wednesday,23453,0.1
frame,lgw,Year 1, spring 3, Wednesday,23454,21.1
frame,lgw,Year 1, spring 3, Wednesday,23455,22.0
frame,lgw,Year 1, spring 3, Wednesday,23456,21.0
frame,lgw,Year 1, spring 3, Wednesday,23457,21.3
frame,lgw,Year 1, spring 3, Wednesday,23458,0.3
frame,lgw,Year 1, spring 3, Wednesday,23459,21.5
frame,lgw,Year 1, spring 3, Wednesday,23460,21.8
frame,lgw,Year 1, spring 3, Wednesday,23461,21.0
frame,lgw,Year 1, spring 3, Wednesday,23462,0.2
frame,lgw,Year 1, spring 3, Wednesday,23463,21.2
frame,lgw,Year 1, spring 3, Wednesday,23464,22.0
frame,lgw,Year 1, spring 3, Wednesday,23465,21.2
frame,lgw,Year 1, spring 3, Wednesday,23466,0.2
frame,lgw,Year 1, spring 3, Wednesday,23467,21.4
frame,lgw,Year 1, spring 3, Wednesday,23468,21.0
frame,lgw,Year 1, spring 3, Wednesday,23469,21.3
frame,lgw,Year 1, spring 3, Wednesday,23470,21.0
frame,lgw,Year 1, spring 3, Wednesday,23471,0.1
frame,lgw,Year 1, spring 3, Wednesday,23472,21.3
frame,lgw,Year 1, spring 3, Wednesday,23473,21.3
frame,lgw,Year 1, spring 3, Wednesday,23474,21.6
frame,lgw,Year 1, spring 3, Wednesday,23475,21.4
frame,lgw,Year 1, spring 3, Wednesday,23476,0.1
frame,lgw,Year 1, spring 3, Wednesday,23477,21.0
frame,lgw,Year 1, spring 3, Wednesday,23478,21.2
frame,lgw,Year 1, spring 3, Wednesday,23479,21.8
frame,lgw,Year 1, spring 3, Wednesday,23480,0.2
frame,lgw,Year 1, spring 3, Wednesday,23481,21.6
frame,lgw,Year 1, spring 3, Wednesday,23482,21.6
frame,lgw,Year 1, spring 3, Wednesday,23483,22.3
frame,lgw,Year 1, spring 3, Wednesday,23484,0.1
frame,lgw,Year 1, spring 3, Wednesday,23485,21.2
frame,lgw,Year 1, spring 3, Wednesday,23486,21.3
frame,lgw,Year 1, spring 3, Wednesday,23487,21.3
frame,lgw,Year 1, spring 3, Wednesday,23488,21.1
frame,lgw,Year 1, spring 3, Wednesday,23489,0.1
frame,lgw,Year 1, spring 3, Wednesday,23490,21.2
frame,lgw,Year 1, spring 3, Wednesday,23491,22.1
frame,lgw,Year 1, spring 3, Wednesday,23492,21.2
frame,lgw,Year 1, spring 3, Wednesday,23493,0.3
frame,lgw,Year 1, spring 3, Wednesday,23494,21.5
frame,lgw,Year 1, spring 3, Wednesday,23495,21.8
frame,lgw,Year 1, spring 3, Wednesday,23496,21.8
frame,lgw,Year 1, spring 3, Wednesday,23497,21.7
frame,lgw,Year 1, spring 3, Wednesday,23498,0.2
frame,lgw,Year 1, spring 3, Wednesday,23499,21.3
frame,lgw,Year 1, spring 3, Wednesday,23500,21.4
frame,lgw,Year 1, spring 3, Wednesday,23501,21.4
frame,lgw,Year 1, spring 3, Wednesday,23502,0.1
frame,lgw,Year 1, spring 3, Wednesday,23503,21.1
frame,lgw,Year 1, spring 3, Wednesday,23504,23.1
frame,lgw,Year 1, spring 3, Wednesday,23505,21.0
frame,lgw,Year 1, spring 3, Wednesday,23506,0.2
frame,lgw,Year 1, spring 3, Wednesday,23507,21.2
frame,lgw,Year 1, spring 3, Wednesday,23508,21.0
frame,lgw,Year 1, spring 3, Wednesday,23509,21.4
frame,lgw,Year 1, spring 3, Wednesday,23510,21.4
frame,lgw,Year 1, spring 3, Wednesday,23511,0.1
frame,lgw,Year 1, spring 3, Wednesday,23512,22.2
frame,lgw,Year 1, spring 3, Wednesday,23513,21.7
frame,lgw,Year 1, spring 3, Wednesday,23514,21.0
frame,lgw,Year 1, spring 3, Wednesday,23515,0.1
frame,lgw,Year 1, spring 3, Wednesday,23516,21.3
frame,lgw,Year 1, spring 3, Wednesday,23517,22.4
frame,lgw,Year 1, spring 3, Wednesday,23518,21.1
frame,lgw,Year 1, spring 3, Wednesday,23519,21.7
frame,lgw,Year 1, spring 3, Wednesday,23520,0.1
frame,lgw,Year 1, spring 3, Wednesday,23521,22.0
frame,lgw,Year 1, spring 3, Wednesday,23522,21.0
frame,lgw,Year 1, spring 3, Wednesday,23523,21.0
frame,lgw,Year 1, spring 3, Wednesday,23524,0.1
frame,lgw,Year 1, spring 3, Wednesday,23525,21.2
frame,lgw,Year 1, spring 3, Wednesday,23526,20.9
frame,lgw,Year 1, spring 3, Wednesday,23527,20.9
frame,lgw,Year 1, spring 3, Wednesday,23528,21.0
frame,lgw,Year 1, spring 3, Wednesday,23529,0.1
frame,lgw,Year 1, spring 3, Wednesday,23530,21.2
frame,lgw,Year 1, spring 3, Wednesday,23531,21.2
frame,lgw,Year 1, spring 3, Wednesday,23532,21.5
frame,lgw,Year 1, spring 3, Wednesday,23533,21.1
frame,lgw,Year 1, spring 3, Wednesday,23534,0.1
frame,lgw,Year 1, spring 3, Wednesday,23535,21.8
frame,lgw,Year 1, spring 3, Wednesday,23536,21.2
frame,lgw,Year 1, spring 3, Wednesday,23537,21.2
frame,lgw,Year 1, spring 3, Wednesday,23538,0.1
frame,lgw,Year 1, spring 3, Wednesday,23539,22.0
frame,lgw,Year 1, spring 3, Wednesday,23540,21.3
frame,lgw,Year 1, spring 3, Wednesday,23541,21.7
frame,lgw,Year 1, spring 3, Wednesday,23542,0.4
frame,lgw,Year 1, spring 3, Wednesday,23543,21.2
frame,lgw,Year 1, spring 3, Wednesday,23544,21.6
frame,lgw,Year 1, spring 3, Wednesday,23545,21.3
frame,lgw,Year 1, spring 3, Wednesday,23546,21.1
frame,lgw,Year 1, spring 3, Wednesday,23547,0.2
frame,lgw,Year 1, spring 3, Wednesday,23548,21.1
frame,lgw,Year 1, spring 3, Wednesday,23549,21.1
frame,lgw,Year 1, spring 3, Wednesday,23550,21.7
frame,lgw,Year 1, spring 3, Wednesday,23551,0.1
frame,lgw,Year 1, spring 3, Wednesday,23552,21.8
frame,lgw,Year 1, spring 3, Wednesday,23553,20.9
frame,lgw,Year 1, spring 3, Wednesday,23554,21.9
frame,lgw,Year 1, spring 3, Wednesday,23555,22.0
frame,lgw,Year 1, spring 3, Wednesday,23556,0.3
frame,lgw,Year 1, spring 3, Wednesday,23557,21.7
frame,lgw,Year 1, spring 3, Wednesday,23558,22.5
frame,lgw,Year 1, spring 3, Wednesday,23559,21.3
frame,lgw,Year 1, spring 3, Wednesday,23560,0.1
frame,lgw,Year 1, spring 3, Wednesday,23561,22.0
frame,lgw,Year 1, spring 3, Wednesday,23562,21.8
frame,lgw,Year 1, spring 3, Wednesday,23563,21.1
frame,lgw,Year 1, spring 3, Wednesday,23564,0.3
frame,lgw,Year 1, spring 3, Wednesday,23565,21.3
frame,lgw,Year 1, spring 3, Wednesday,23566,21.3
frame,lgw,Year 1, spring 3, Wednesday,23567,21.4
frame,lgw,Year 1, spring 3, Wednesday,23568,21.2
frame,lgw,Year 1, spring 3, Wednesday,23569,0.1
frame,lgw,Year 1, spring 3, Wednesday,23570,21.2
frame,lgw,Year 1, spring 3, Wednesday,23571,21.4
frame,lgw,Year 1, spring 3, Wednesday,23572,21.4
frame,lgw,Year 1, spring 3, Wednesday,23573,0.1
frame,lgw,Year 1, spring 3, Wednesday,23574,21.7
frame,lgw,Year 1, spring 3, Wednesday,23575,21.7
frame,lgw,Year 1, spring 3, Wednesday,23576,22.4
frame,lgw,Year 1, spring 3, Wednesday,23577,21.6
frame,lgw,Year 1, spring 3, Wednesday,23578,0.4
frame,lgw,Year 1, spring 3, Wednesday,23579,21.8
frame,lgw,Year 1, spring 3, Wednesday,23580,21.0
frame,lgw,Year 1, spring 3, Wednesday,23581,21.5
frame,lgw,Year 1, spring 3, Wednesday,23582,0.1
frame,lgw,Year 1, spring 3, Wednesday,23583,21.8
frame,lgw,Year 1, spring 3, Wednesday,23584,21.6
frame,lgw,Year 1, spring 3, Wednesday,23585,22.0
frame,lgw,Year 1, spring 3, Wednesday,23586,0.1
frame,lgw,Year 1, spring 3, Wednesday,23587,21.2
frame,lgw,Year 1, spring 3, Wednesday,23588,21.1
frame,lgw,Year 1, spring 3, Wednesday,23589,21.4
frame,lgw,Year 1, spring 3, Wednesday,23590,21.4
frame,lgw,Year 1, spring 3, Wednesday,23591,0.5
frame,lgw,Year 1, spring 3, Wednesday,23592,22.1
frame,lgw,Year 1, spring 3, Wednesday,23593,21.6
frame,lgw,Year 1, spring 3, Wednesday,23594,21.5
frame,lgw,Year 1, spring 3, Wednesday,23595,0.3
frame,lgw,Year 1, spring 3, Wednesday,23596,21.7
frame,lgw,Year 1, spring 3, Wednesday,23597,21.9
frame,lgw,Year 1, spring 3, Wednesday,23598,21.4
frame,lgw,Year 1, spring 3, Wednesday,23599,0.2
frame,lgw,Year 1, spring 3, Wednesday,23600,21.5
frame,lgw,Year 1, spring 3, Wednesday,23601,25.4
frame,lgw,Year 1, spring 3, Wednesday,23602,28.4
frame,lgw,Year 1, spring 3, Wednesday,23603,0.2
frame,lgw,Year 1, spring 3, Wednesday,23604,21.5
frame,lgw,Year 1, spring 3, Wednesday,23605,21.1
frame,lgw,Year 1, spring 3, Wednesday,23606,0.3
frame,lgw,Year 1, spring 3, Wednesday,23607,21.7
frame,lgw,Year 1, spring 3, Wednesday,23608,22.1
frame,lgw,Year 1, spring 3, Wednesday,23609,21.5
frame,lgw,Year 1, spring 3, Wednesday,23610,0.3
frame,lgw,Year 1, spring 3, Wednesday,23611,21.5
frame,lgw,Year 1, spring 3, Wednesday,23612,21.4
frame,lgw,Year 1, spring 3, Wednesday,23613,21.1
frame,lgw,Year 1, spring 3, Wednesday,23614,23.0
frame,lgw,Year 1, spring 3, Wednesday,23615,0.1
frame,lgw,Year 1, spring 3, Wednesday,23616,21.2
frame,lgw,Year 1, spring 3, Wednesday,23617,21.0
frame,lgw,Year 1, spring 3, Wednesday,23618,21.1
frame,lgw,Year 1, spring 3, Wednesday,23619,0.1
frame,lgw,Year 1, spring 3, Wednesday,23620,21.4
frame,lgw,Year 1, spring 3, Wednesday,23621,21.8
frame,lgw,Year 1, spring 3, Wednesday,23622,22.1
frame,lgw,Year 1, spring 3, Wednesday,23623,0.3
frame,lgw,Year 1, spring 3, Wednesday,23624,20.9
frame,lgw,Year 1, spring 3, Wednesday,23625,21.4
frame,lgw,Year 1, spring 3, Wednesday,23626,21.3
frame,lgw,Year 1, spring 3, Wednesday,23627,21.9
frame,lgw,Year 1, spring 3, Wednesday,23628,0.1
frame,lgw,Year 1, spring 3, Wednesday,23629,21.3
frame,lgw,Year 1, spring 3, Wednesday,23630,21.2
frame,lgw,Year 1, spring 3, Wednesday,23631,21.3
frame,lgw,Year 1, spring 3, Wednesday,23632,0.2
frame,lgw,Year 1, spring 3, Wednesday,23633,21.1
frame,lgw,Year 1, spring 3, Wednesday,23634,21.5
frame,lgw,Year 1, spring 3, Wednesday,23635,21.3
frame,lgw,Year 1, spring 3, Wednesday,23636,21.0
frame,lgw,Year 1, spring 3, Wednesday,23637,0.2
frame,lgw,Year 1, spring 3, Wednesday,23638,21.2
frame,lgw,Year 1, spring 3, Wednesday,23639,21.5
frame,lgw,Year 1, spring 3, Wednesday,23640,22.0
frame,lgw,Year 1, spring 3, Wednesday,23641,0.3
frame,lgw,Year 1, spring 3, Wednesday,23642,21.7
frame,lgw,Year 1, spring 3, Wednesday,23643,21.3
frame,lgw,Year 1, spring 3, Wednesday,23644,21.4
frame,lgw,Year 1, spring 3, Wednesday,23645,21.3
frame,lgw,Year 1, spring 3, Wednesday,23646,0.1
frame,lgw,Year 1, spring 3, Wednesday,23647,21.4
frame,lgw,Year 1, spring 3, Wednesday,23648,21.4
frame,lgw,Year 1, spring 3, Wednesday,23649,21.4
frame,lgw,Year 1, spring 3, Wednesday,23650,0.4
frame,lgw,Year 1, spring 3, Wednesday,23651,21.7
frame,lgw,Year 1, spring 3, Wednesday,23652,21.9
frame,lgw,Year 1, spring 3, Wednesday,23653,21.4
frame,lgw,Year 1, spring 3, Wednesday,23654,21.2
frame,lgw,Year 1, spring 3, Wednesday,23655,0.3
frame,lgw,Year 1, spring 3, Wednesday,23656,21.1
frame,lgw,Year 1, spring 3, Wednesday,23657,21.3
frame,lgw,Year 1, spring 3, Wednesday,23658,22.1
frame,lgw,Year 1, spring 3, Wednesday,23659,0.1
frame,lgw,Year 1, spring 3, Wednesday,23660,21.9
frame,lgw,Year 1, spring 3, Wednesday,23661,21.8
frame,lgw,Year 1, spring 3, Wednesday,23662,21.5
frame,lgw,Year 1, spring 3, Wednesday,23663,0.1
frame,lgw,Year 1, spring 3, Wednesday,23664,21.3
frame,lgw,Year 1, spring 3, Wednesday,23665,21.9
frame,lgw,Year 1, spring 3, Wednesday,23666,21.1
frame,lgw,Year 1, spring 3, Wednesday,23667,21.3
frame,lgw,Year 1, spring 3, Wednesday,23668,0.1
frame,lgw,Year 1, spring 3, Wednesday,23669,21.5
frame,lgw,Year 1, spring 3, Wednesday,23670,21.6
frame,lgw,Year 1, spring 3, Wednesday,23671,21.5
frame,lgw,Year 1, spring 3, Wednesday,23672,0.3
frame,lgw,Year 1, spring 3, Wednesday,23673,21.4
frame,lgw,Year 1, spring 3, Wednesday,23674,21.0
frame,lgw,Year 1, spring 3, Wednesday,23675,21.2
frame,lgw,Year 1, spring 3, Wednesday,23676,21.7
frame,lgw,Year 1, spring 3, Wednesday,23677,0.2
frame,lgw,Year 1, spring 3, Wednesday,23678,21.1
frame,lgw,Year 1, spring 3, Wednesday,23679,21.4
frame,lgw,Year 1, spring 3, Wednesday,23680,22.0
frame,lgw,Year 1, spring 3, Wednesday,23681,0.3
frame,lgw,Year 1, spring 3, Wednesday,23682,21.2
frame,lgw,Year 1, spring 3, Wednesday,23683,22.4
frame,lgw,Year 1, spring 3, Wednesday,23684,22.1
frame,lgw,Year 1, spring 3, Wednesday,23685,0.2
frame,lgw,Year 1, spring 3, Wednesday,23686,21.6
frame,lgw,Year 1, spring 3, Wednesday,23687,21.3
frame,lgw,Year 1, spring 3, Wednesday,23688,21.5
frame,lgw,Year 1, spring 3, Wednesday,23689,21.0
frame,lgw,Year 1, spring 3, Wednesday,23690,0.3
frame,lgw,Year 1, spring 3, Wednesday,23691,21.5
frame,lgw,Year 1, spring 3, Wednesday,23692,21.9
frame,lgw,Year 1, spring 3, Wednesday,23693,20.9
frame,lgw,Year 1, spring 3, Wednesday,23694,0.1
frame,lgw,Year 1, spring 3, Wednesday,23695,21.1
frame,lgw,Year 1, spring 3, Wednesday,23696,21.4
frame,lgw,Year 1, spring 3, Wednesday,23697,21.5
frame,lgw,Year 1, spring 3, Wednesday,23698,21.8
frame,lgw,Year 1, spring 3, Wednesday,23699,0.1
frame,lgw,Year 1, spring 3, Wednesday,23700,21.9
frame,lgw,Year 1, spring 3, Wednesday,23701,21.0
frame,lgw,Year 1, spring 3, Wednesday,23702,21.0
frame,lgw,Year 1, spring 3, Wednesday,23703,0.1
frame,lgw,Year 1, spring 3, Wednesday,23704,21.0
frame,lgw,Year 1, spring 3, Wednesday,23705,21.4
frame,lgw,Year 1, spring 3, Wednesday,23706,21.4
frame,lgw,Year 1, spring 3, Wednesday,23707,21.3
frame,lgw,Year 1, spring 3, Wednesday,23708,0.1
frame,lgw,Year 1, spring 3, Wednesday,23709,21.3
frame,lgw,Year 1, spring 3, Wednesday,23710,22.4
frame,lgw,Year 1, spring 3, Wednesday,23711,21.2
frame,lgw,Year 1, spring 3, Wednesday,23712,0.2
frame,lgw,Year 1, spring 3, Wednesday,23713,21.4
frame,lgw,Year 1, spring 3, Wednesday,23714,21.0
frame,lgw,Year 1, spring 3, Wednesday,23715,21.0
frame,lgw,Year 1, spring 3, Wednesday,23716,21.1
frame,lgw,Year 1, spring 3, Wednesday,23717,0.3
frame,lgw,Year 1, spring 3, Wednesday,23718,21.1
frame,lgw,Year 1, spring 3, Wednesday,23719,21.8
frame,lgw,Year 1, spring 3, Wednesday,23720,22.1
frame,lgw,Year 1, spring 3, Wednesday,23721,0.1
frame,lgw,Year 1, spring 3, Wednesday,23722,21.1
frame,lgw,Year 1, spring 3, Wednesday,23723,20.8
frame,lgw,Year 1, spring 3, Wednesday,23724,21.7
frame,lgw,Year 1, spring 3, Wednesday,23725,21.0
frame,lgw,Year 1, spring 3, Wednesday,23726,0.1
frame,lgw,Year 1, spring 3, Wednesday,23727,21.1
frame,lgw,Year 1, spring 3, Wednesday,23728,21.6
frame,lgw,Year 1, spring 3, Wednesday,23729,21.5
frame,lgw,Year 1, spring 3, Wednesday,23730,0.4
frame,lgw,Year 1, spring 3, Wednesday,23731,21.4
frame,lgw,Year 1, spring 3, Wednesday,23732,21.1
frame,lgw,Year 1, spring 3, Wednesday,23733,21.4
frame,lgw,Year 1, spring 3, Wednesday,23734,20.9
frame,lgw,Year 1, spring 3, Wednesday,23735,0.1
frame,lgw,Year 1, spring 3, Wednesday,23736,21.0
frame,lgw,Year 1, spring 3, Wednesday,23737,21.9
frame,lgw,Year 1, spring 3, Wednesday,23738,21.2
frame,lgw,Year 1, spring 3, Wednesday,23739,0.1
frame,lgw,Year 1, spring 3, Wednesday,23740,21.7
frame,lgw,Year 1, spring 3, Wednesday,23741,21.7
frame,lgw,Year 1, spring 3, Wednesday,23742,20.9
frame,lgw,Year 1, spring 3, Wednesday,23743,21.1
frame,lgw,Year 1, spring 3, Wednesday,23744,0.2
frame,lgw,Year 1, spring 3, Wednesday,23745,21.6
frame,lgw,Year 1, spring 3, Wednesday,23746,21.1
frame,lgw,Year 1, spring 3, Wednesday,23747,21.1
frame,lgw,Year 1, spring 3, Wednesday,23748,21.4
frame,lgw,Year 1, spring 3, Wednesday,23749,0.2
frame,lgw,Year 1, spring 3, Wednesday,23750,21.5
frame,lgw,Year 1, spring 3, Wednesday,23751,21.6
frame,lgw,Year 1, spring 3, Wednesday,23752,21.9
frame,lgw,Year 1, spring 3, Wednesday,23753,0.9
frame,lgw,Year 1, spring 3, Wednesday,23754,21.6
frame,lgw,Year 1, spring 3, Wednesday,23755,21.9
frame,lgw,Year 1, spring 3, Wednesday,23756,21.5
frame,lgw,Year 1, spring 3, Wednesday,23757,0.3
frame,lgw,Year 1, spring 3, Wednesday,23758,21.4
frame,lgw,Year 1, spring 3, Wednesday,23759,22.1
frame,lgw,Year 1, spring 3, Wednesday,23760,21.5
frame,lgw,Year 1, spring 3, Wednesday,23761,0.3
frame,lgw,Year 1, spring 3, Wednesday,23762,21.5
frame,lgw,Year 1, spring 3, Wednesday,23763,21.3
frame,lgw,Year 1, spring 3, Wednesday,23764,21.6
frame,lgw,Year 1, spring 3, Wednesday,23765,21.9
frame,lgw,Year 1, spring 3, Wednesday,23766,0.2
frame,lgw,Year 1, spring 3, Wednesday,23767,21.3
frame,lgw,Year 1, spring 3, Wednesday,23768,22.5
frame,lgw,Year 1, spring 3, Wednesday,23769,22.1
frame,lgw,Year 1, spring 3, Wednesday,23770,0.2
frame,lgw,Year 1, spring 3, Wednesday,23771,22.0
frame,lgw,Year 1, spring 3, Wednesday,23772,21.6
frame,lgw,Year 1, spring 3, Wednesday,23773,21.2
frame,lgw,Year 1, spring 3, Wednesday,23774,0.2
frame,lgw,Year 1, spring 3, Wednesday,23775,22.7
frame,lgw,Year 1, spring 3, Wednesday,23776,21.3
frame,lgw,Year 1, spring 3, Wednesday,23777,21.9
frame,lgw,Year 1, spring 3, Wednesday,23778,0.3
frame,lgw,Year 1, spring 3, Wednesday,23779,21.7
frame,lgw,Year 1, spring 3, Wednesday,23780,21.3
frame,lgw,Year 1, spring 3, Wednesday,23781,21.3
frame,lgw,Year 1, spring 3, Wednesday,23782,21.3
frame,lgw,Year 1, spring 3, Wednesday,23783,0.9
frame,lgw,Year 1, spring 3, Wednesday,23784,21.9
frame,lgw,Year 1, spring 3, Wednesday,23785,22.0
frame,lgw,Year 1, spring 3, Wednesday,23786,21.1
frame,lgw,Year 1, spring 3, Wednesday,23787,0.2
frame,lgw,Year 1, spring 3, Wednesday,23788,21.6
frame,lgw,Year 1, spring 3, Wednesday,23789,21.5
frame,lgw,Year 1, spring 3, Wednesday,23790,21.4
frame,lgw,Year 1, spring 3, Wednesday,23791,0.3
frame,lgw,Year 1, spring 3, Wednesday,23792,21.5
frame,lgw,Year 1, spring 3, Wednesday,23793,21.3
frame,lgw,Year 1, spring 3, Wednesday,23794,21.4
frame,lgw,Year 1, spring 3, Wednesday,23795,21.1
frame,lgw,Year 1, spring 3, Wednesday,23796,0.6
frame,lgw,Year 1, spring 3, Wednesday,23797,21.9
frame,lgw,Year 1, spring 3, Wednesday,23798,21.7
frame,lgw,Year 1, spring 3, Wednesday,23799,21.0
frame,lgw,Year 1, spring 3, Wednesday,23800,0.1
frame,lgw,Year 1, spring 3, Wednesday,23801,20.8
frame,lgw,Year 1, spring 3, Wednesday,23802,21.9
frame,lgw,Year 1, spring 3, Wednesday,23803,21.1
frame,lgw,Year 1, spring 3, Wednesday,23804,21.3
frame,lgw,Year 1, spring 3, Wednesday,23805,0.2
frame,lgw,Year 1, spring 3, Wednesday,23806,21.7
frame,lgw,Year 1, spring 3, Wednesday,23807,21.0
frame,lgw,Year 1, spring 3, Wednesday,23808,21.2
frame,lgw,Year 1, spring 3, Wednesday,23809,0.1
frame,lgw,Year 1, spring 3, Wednesday,23810,21.0
frame,lgw,Year 1, spring 3, Wednesday,23811,22.2
frame,lgw,Year 1, spring 3, Wednesday,23812,21.3
frame,lgw,Year 1, spring 3, Wednesday,23813,21.1
frame,lgw,Year 1, spring 3, Wednesday,23814,0.1
frame,lgw,Year 1, spring 3, Wednesday,23815,21.2
frame,lgw,Year 1, spring 3, Wednesday,23816,21.7
frame,lgw,Year 1, spring 3, Wednesday,23817,21.3
frame,lgw,Year 1, spring 3, Wednesday,23818,0.1
frame,lgw,Year 1, spring 3, Wednesday,23819,21.0
frame,lgw,Year 1, spring 3, Wednesday,23820,21.6
frame,lgw,Year 1, spring 3, Wednesday,23821,21.1
frame,lgw,Year 1, spring 3, Wednesday,23822,21.6
frame,lgw,Year 1, spring 3, Wednesday,23823,0.1
frame,lgw,Year 1, spring 3, Wednesday,23824,21.3
frame,lgw,Year 1, spring 3, Wednesday,23825,21.2
frame,lgw,Year 1, spring 3, Wednesday,23826,21.4
frame,lgw,Year 1, spring 3, Wednesday,23827,0.5
frame,lgw,Year 1, spring 3, Wednesday,23828,21.3
frame,lgw,Year 1, spring 3, Wednesday,23829,21.0
frame,lgw,Year 1, spring 3, Wednesday,23830,22.0
frame,lgw,Year 1, spring 3, Wednesday,23831,21.6
frame,lgw,Year 1, spring 3, Wednesday,23832,0.1
frame,lgw,Year 1, spring 3, Wednesday,23833,21.6
frame,lgw,Year 1, spring 3, Wednesday,23834,21.4
frame,lgw,Year 1, spring 3, Wednesday,23835,21.6
frame,lgw,Year 1, spring 3, Wednesday,23836,1.8
frame,lgw,Year 1, spring 3, Wednesday,23837,22.9
frame,lgw,Year 1, spring 3, Wednesday,23838,21.1
frame,lgw,Year 1, spring 3, Wednesday,23839,22.0
frame,lgw,Year 1, spring 3, Wednesday,23840,0.1
frame,lgw,Year 1, spring 3, Wednesday,23841,21.2
frame,lgw,Year 1, spring 3, Wednesday,23842,21.1
frame,lgw,Year 1, spring 3, Wednesday,23843,21.3
frame,lgw,Year 1, spring 3, Wednesday,23844,0.1
frame,lgw,Year 1, spring 3, Wednesday,23845,21.2
frame,lgw,Year 1, spring 3, Wednesday,23846,21.0
frame,lgw,Year 1, spring 3, Wednesday,23847,21.5
frame,lgw,Year 1, spring 3, Wednesday,23848,21.1
frame,lgw,Year 1, spring 3, Wednesday,23849,0.2
frame,lgw,Year 1, spring 3, Wednesday,23850,21.3
frame,lgw,Year 1, spring 3, Wednesday,23851,21.4
frame,lgw,Year 1, spring 3, Wednesday,23852,20.9
frame,lgw,Year 1, spring 3, Wednesday,23853,21.1
frame,lgw,Year 1, spring 3, Wednesday,23854,0.2
frame,lgw,Year 1, spring 3, Wednesday,23855,21.4
frame,lgw,Year 1, spring 3, Wednesday,23856,21.4
frame,lgw,Year 1, spring 3, Wednesday,23857,21.6
frame,lgw,Year 1, spring 3, Wednesday,23858,0.2
frame,lgw,Year 1, spring 3, Wednesday,23859,21.1
frame,lgw,Year 1, spring 3, Wednesday,23860,21.2
frame,lgw,Year 1, spring 3, Wednesday,23861,21.0
frame,lgw,Year 1, spring 3, Wednesday,23862,21.4
frame,lgw,Year 1, spring 3, Wednesday,23863,0.1
frame,lgw,Year 1, spring 3, Wednesday,23864,21.2
frame,lgw,Year 1, spring 3, Wednesday,23865,21.5
frame,lgw,Year 1, spring 3, Wednesday,23866,21.2
frame,lgw,Year 1, spring 3, Wednesday,23867,0.2
frame,lgw,Year 1, spring 3, Wednesday,23868,21.1
frame,lgw,Year 1, spring 3, Wednesday,23869,21.4
frame,lgw,Year 1, spring 3, Wednesday,23870,21.0
frame,lgw,Year 1, spring 3, Wednesday,23871,21.5
frame,lgw,Year 1, spring 3, Wednesday,23872,0.1
frame,lgw,Year 1, spring 3, Wednesday,23873,21.9
frame,lgw,Year 1, spring 3, Wednesday,23874,21.4
frame,lgw,Year 1, spring 3, Wednesday,23875,21.5
frame,lgw,Year 1, spring 3, Wednesday,23876,0.2
frame,lgw,Year 1, spring 3, Wednesday,23877,21.0
frame,lgw,Year 1, spring 3, Wednesday,23878,21.1
frame,lgw,Year 1, spring 3, Wednesday,23879,21.3
frame,lgw,Year 1, spring 3, Wednesday,23880,21.4
frame,lgw,Year 1, spring 3, Wednesday,23881,0.1
frame,lgw,Year 1, spring 3, Wednesday,23882,22.3
frame,lgw,Year 1, spring 3, Wednesday,23883,21.3
frame,lgw,Year 1, spring 3, Wednesday,23884,21.7
frame,lgw,Year 1, spring 3, Wednesday,23885,0.1
frame,lgw,Year 1, spring 3, Wednesday,23886,21.2
frame,lgw,Year 1, spring 3, Wednesday,23887,21.2
frame,lgw,Year 1, spring 3, Wednesday,23888,21.3
frame,lgw,Year 1, spring 3, Wednesday,23889,21.0
frame,lgw,Year 1, spring 3, Wednesday,23890,0.2
frame,lgw,Year 1, spring 3, Wednesday,23891,21.2
frame,lgw,Year 1, spring 3, Wednesday,23892,21.3
frame,lgw,Year 1, spring 3, Wednesday,23893,21.8
frame,lgw,Year 1, spring 3, Wednesday,23894,0.1
frame,lgw,Year 1, spring 3, Wednesday,23895,21.1
frame,lgw,Year 1, spring 3, Wednesday,23896,21.3
frame,lgw,Year 1, spring 3, Wednesday,23897,20.8
frame,lgw,Year 1, spring 3, Wednesday,23898,21.2
frame,lgw,Year 1, spring 3, Wednesday,23899,0.3
frame,lgw,Year 1, spring 3, Wednesday,23900,21.6
frame,lgw,Year 1, spring 3, Wednesday,23901,21.2
frame,lgw,Year 1, spring 3, Wednesday,23902,21.0
frame,lgw,Year 1, spring 3, Wednesday,23903,21.1
frame,lgw,Year 1, spring 3, Wednesday,23904,0.1
frame,lgw,Year 1, spring 3, Wednesday,23905,21.0
frame,lgw,Year 1, spring 3, Wednesday,23906,21.1
frame,lgw,Year 1, spring 3, Wednesday,23907,21.0
frame,lgw,Year 1, spring 3, Wednesday,23908,21.4
frame,lgw,Year 1, spring 3, Wednesday,23909,0.2
frame,lgw,Year 1, spring 3, Wednesday,23910,22.5
frame,lgw,Year 1, spring 3, Wednesday,23911,21.9
frame,lgw,Year 1, spring 3, Wednesday,23912,23.5
frame,lgw,Year 1, spring 3, Wednesday,23913,0.2
frame,lgw,Year 1, spring 3, Wednesday,23914,21.3
frame,lgw,Year 1, spring 3, Wednesday,23915,21.9
frame,lgw,Year 1, spring 3, Wednesday,23916,20.8
frame,lgw,Year 1, spring 3, Wednesday,23917,0.1
frame,lgw,Year 1, spring 3, Wednesday,23918,21.5
frame,lgw,Year 1, spring 3, Wednesday,23919,22.8
frame,lgw,Year 1, spring 3, Wednesday,23920,20.9
frame,lgw,Year 1, spring 3, Wednesday,23921,0.2
frame,lgw,Year 1, spring 3, Wednesday,23922,21.3
frame,lgw,Year 1, spring 3, Wednesday,23923,20.9
frame,lgw,Year 1, spring 3, Wednesday,23924,20.7
frame,lgw,Year 1, spring 3, Wednesday,23925,21.7
frame,lgw,Year 1, spring 3, Wednesday,23926,0.3
frame,lgw,Year 1, spring 3, Wednesday,23927,21.5
frame,lgw,Year 1, spring 3, Wednesday,23928,21.2
frame,lgw,Year 1, spring 3, Wednesday,23929,21.5
frame,lgw,Year 1, spring 3, Wednesday,23930,0.2
frame,lgw,Year 1, spring 3, Wednesday,23931,21.2
frame,lgw,Year 1, spring 3, Wednesday,23932,21.4
frame,lgw,Year 1, spring 3, Wednesday,23933,22.0
frame,lgw,Year 1, spring 3, Wednesday,23934,21.0
frame,lgw,Year 1, spring 3, Wednesday,23935,0.2
frame,lgw,Year 1, spring 3, Wednesday,23936,21.0
frame,lgw,Year 1, spring 3, Wednesday,23937,21.6
frame,lgw,Year 1, spring 3, Wednesday,23938,21.1
frame,lgw,Year 1, spring 3, Wednesday,23939,0.4
frame,lgw,Year 1, spring 3, Wednesday,23940,21.5
frame,lgw,Year 1, spring 3, Wednesday,23941,20.8
frame,lgw,Year 1, spring 3, Wednesday,23942,21.3
frame,lgw,Year 1, spring 3, Wednesday,23943,21.9
frame,lgw,Year 1, spring 3, Wednesday,23944,0.2
frame,lgw,Year 1, spring 3, Wednesday,23945,21.5
frame,lgw,Year 1, spring 3, Wednesday,23946,21.5
frame,lgw,Year 1, spring 3, Wednesday,23947,21.1
frame,lgw,Year 1, spring 3, Wednesday,23948,0.2
frame,lgw,Year 1, spring 3, Wednesday,23949,21.5
frame,lgw,Year 1, spring 3, Wednesday,23950,21.1
frame,lgw,Year 1, spring 3, Wednesday,23951,20.9
frame,lgw,Year 1, spring 3, Wednesday,23952,22.2
frame,lgw,Year 1, spring 3, Wednesday,23953,0.3
frame,lgw,Year 1, spring 3, Wednesday,23954,22.1
frame,lgw,Year 1, spring 3, Wednesday,23955,21.2
frame,lgw,Year 1, spring 3, Wednesday,23956,21.1
frame,lgw,Year 1, spring 3, Wednesday,23957,0.1
frame,lgw,Year 1, spring 3, Wednesday,23958,21.6
frame,lgw,Year 1, spring 3, Wednesday,23959,21.3
frame,lgw,Year 1, spring 3, Wednesday,23960,21.3
frame,lgw,Year 1, spring 3, Wednesday,23961,21.0
frame,lgw,Year 1, spring 3, Wednesday,23962,0.3
frame,lgw,Year 1, spring 3, Wednesday,23963,21.1
frame,lgw,Year 1, spring 3, Wednesday,23964,21.3
frame,lgw,Year 1, spring 3, Wednesday,23965,22.1
frame,lgw,Year 1, spring 3, Wednesday,23966,0.3
frame,lgw,Year 1, spring 3, Wednesday,23967,21.4
frame,lgw,Year 1, spring 3, Wednesday,23968,21.7
frame,lgw,Year 1, spring 3, Wednesday,23969,21.3
frame,lgw,Year 1, spring 3, Wednesday,23970,22.3
frame,lgw,Year 1, spring 3, Wednesday,23971,0.3
frame,lgw,Year 1, spring 3, Wednesday,23972,21.2
frame,lgw,Year 1, spring 3, Wednesday,23973,21.3
frame,lgw,Year 1, spring 3, Wednesday,23974,21.6
frame,lgw,Year 1, spring 3, Wednesday,23975,0.5
frame,lgw,Year 1, spring 3, Wednesday,23976,21.3
frame,lgw,Year 1, spring 3, Wednesday,23977,22.2
frame,lgw,Year 1, spring 3, Wednesday,23978,21.9
frame,lgw,Year 1, spring 3, Wednesday,23979,0.1
frame,lgw,Year 1, spring 3, Wednesday,23980,21.1
frame,lgw,Year 1, spring 3, Wednesday,23981,21.4
frame,lgw,Year 1, spring 3, Wednesday,23982,21.6
frame,lgw,Year 1, spring 3, Wednesday,23983,21.6
frame,lgw,Year 1, spring 3, Wednesday,23984,0.1
frame,lgw,Year 1, spring 3, Wednesday,23985,20.9
frame,lgw,Year 1, spring 3, Wednesday,23986,22.0
frame,lgw,Year 1, spring 3, Wednesday,23987,21.0
frame,lgw,Year 1, spring 3, Wednesday,23988,0.1
frame,lgw,Year 1, spring 3, Wednesday,23989,20.9
frame,lgw,Year 1, spring 3, Wednesday,23990,21.3
frame,lgw,Year 1, spring 3, Wednesday,23991,22.0
frame,lgw,Year 1, spring 3, Wednesday,23992,0.1
frame,lgw,Year 1, spring 3, Wednesday,23993,21.6
frame,lgw,Year 1, spring 3, Wednesday,23994,21.1
frame,lgw,Year 1, spring 3, Wednesday,23995,21.8
frame,lgw,Year 1, spring 3, Wednesday,23996,21.4
frame,lgw,Year 1, spring 3, Wednesday,23997,0.5
frame,lgw,Year 1, spring 3, Wednesday,23998,22.5
frame,lgw,Year 1, spring 3, Wednesday,23999,22.4
