kind,player,date,name,calls,total_ms,avg_ms,max_ms
lag,,Year 1, spring 0, Sunday,2,217.7
lag,,Year 1, spring 0, Sunday,23,298.8
lag,,Year 1, spring 0, Sunday,53,66.8
lag,,Year 1, spring 0, Sunday,65,111.7
lag,,Year 1, spring 0, Sunday,2408,949.1
lag,,Year 1, spring 0, Sunday,2662,97.0
lag,,Year 1, spring 0, Sunday,4662,77.4
lag,,Year 1, spring 0, Sunday,4669,71.4
frame,,Year 1, spring 0, Sunday,5120,20.5
frame,,Year 1, spring 0, Sunday,5121,21.0
frame,,Year 1, spring 0, Sunday,5122,20.9
frame,,Year 1, spring 0, Sunday,5123,0.0
frame,,Year 1, spring 0, Sunday,5124,22.0
frame,,Year 1, spring 0, Sunday,5125,21.1
frame,,Year 1, spring 0, Sunday,5126,21.3
frame,,Year 1, spring 0, Sunday,5127,20.8
frame,,Year 1, spring 0, Sunday,5128,0.1
frame,,Year 1, spring 0, Sunday,5129,20.5
frame,,Year 1, spring 0, Sunday,5130,21.0
frame,,Year 1, spring 0, Sunday,5131,20.9
frame,,Year 1, spring 0, Sunday,5132,21.0
frame,,Year 1, spring 0, Sunday,5133,0.0
frame,,Year 1, spring 0, Sunday,5134,20.8
frame,,Year 1, spring 0, Sunday,5135,21.2
frame,,Year 1, spring 0, Sunday,5136,21.1
frame,,Year 1, spring 0, Sunday,5137,21.5
frame,,Year 1, spring 0, Sunday,5138,0.2
frame,,Year 1, spring 0, Sunday,5139,20.7
frame,,Year 1, spring 0, Sunday,5140,21.1
frame,,Year 1, spring 0, Sunday,5141,20.7
frame,,Year 1, spring 0, Sunday,5142,20.7
frame,,Year 1, spring 0, Sunday,5143,0.0
frame,,Year 1, spring 0, Sunday,5144,20.8
frame,,Year 1, spring 0, Sunday,5145,20.6
frame,,Year 1, spring 0, Sunday,5146,20.5
frame,,Year 1, spring 0, Sunday,5147,21.2
frame,,Year 1, spring 0, Sunday,5148,0.0
frame,,Year 1, spring 0, Sunday,5149,20.7
frame,,Year 1, spring 0, Sunday,5150,20.8
frame,,Year 1, spring 0, Sunday,5151,21.2
frame,,Year 1, spring 0, Sunday,5152,20.7
frame,,Year 1, spring 0, Sunday,5153,0.0
frame,,Year 1, spring 0, Sunday,5154,20.7
frame,,Year 1, spring 0, Sunday,5155,20.6
frame,,Year 1, spring 0, Sunday,5156,21.0
frame,,Year 1, spring 0, Sunday,5157,21.2
frame,,Year 1, spring 0, Sunday,5158,0.1
frame,,Year 1, spring 0, Sunday,5159,21.2
frame,,Year 1, spring 0, Sunday,5160,21.4
frame,,Year 1, spring 0, Sunday,5161,20.8
frame,,Year 1, spring 0, Sunday,5162,0.0
frame,,Year 1, spring 0, Sunday,5163,20.7
frame,,Year 1, spring 0, Sunday,5164,20.7
frame,,Year 1, spring 0, Sunday,5165,20.8
frame,,Year 1, spring 0, Sunday,5166,21.1
frame,,Year 1, spring 0, Sunday,5167,0.1
frame,,Year 1, spring 0, Sunday,5168,20.9
frame,,Year 1, spring 0, Sunday,5169,20.7
frame,,Year 1, spring 0, Sunday,5170,20.9
frame,,Year 1, spring 0, Sunday,5171,21.0
frame,,Year 1, spring 0, Sunday,5172,0.0
frame,,Year 1, spring 0, Sunday,5173,21.0
frame,,Year 1, spring 0, Sunday,5174,21.1
frame,,Year 1, spring 0, Sunday,5175,22.0
frame,,Year 1, spring 0, Sunday,5176,20.8
frame,,Year 1, spring 0, Sunday,5177,0.0
frame,,Year 1, spring 0, Sunday,5178,20.5
frame,,Year 1, spring 0, Sunday,5179,20.9
frame,,Year 1, spring 0, Sunday,5180,20.8
frame,,Year 1, spring 0, Sunday,5181,20.8
frame,,Year 1, spring 0, Sunday,5182,0.0
frame,,Year 1, spring 0, Sunday,5183,20.9
frame,,Year 1, spring 0, Sunday,5184,20.8
frame,,Year 1, spring 0, Sunday,5185,21.1
frame,,Year 1, spring 0, Sunday,5186,21.2
frame,,Year 1, spring 0, Sunday,5187,0.0
frame,,Year 1, spring 0, Sunday,5188,20.7
frame,,Year 1, spring 0, Sunday,5189,22.2
frame,,Year 1, spring 0, Sunday,5190,21.1
frame,,Year 1, spring 0, Sunday,5191,0.0
frame,,Year 1, spring 0, Sunday,5192,21.0
frame,,Year 1, spring 0, Sunday,5193,20.9
frame,,Year 1, spring 0, Sunday,5194,20.5
frame,,Year 1, spring 0, Sunday,5195,21.0
frame,,Year 1, spring 0, Sunday,5196,0.0
frame,,Year 1, spring 0, Sunday,5197,20.9
frame,,Year 1, spring 0, Sunday,5198,20.8
frame,,Year 1, spring 0, Sunday,5199,21.0
frame,,Year 1, spring 0, Sunday,5200,20.6
frame,,Year 1, spring 0, Sunday,5201,0.0
frame,,Year 1, spring 0, Sunday,5202,20.5
frame,,Year 1, spring 0, Sunday,5203,20.7
frame,,Year 1, spring 0, Sunday,5204,21.1
frame,,Year 1, spring 0, Sunday,5205,20.8
frame,,Year 1, spring 0, Sunday,5206,20.8
frame,,Year 1, spring 0, Sunday,5207,0.1
frame,,Year 1, spring 0, Sunday,5208,21.1
frame,,Year 1, spring 0, Sunday,5209,21.0
frame,,Year 1, spring 0, Sunday,5210,20.8
frame,,Year 1, spring 0, Sunday,5211,0.0
frame,,Year 1, spring 0, Sunday,5212,20.8
frame,,Year 1, spring 0, Sunday,5213,20.8
frame,,Year 1, spring 0, Sunday,5214,20.7
frame,,Year 1, spring 0, Sunday,5215,20.6
frame,,Year 1, spring 0, Sunday,5216,20.5
frame,,Year 1, spring 0, Sunday,5217,0.0
frame,,Year 1, spring 0, Sunday,5218,21.3
frame,,Year 1, spring 0, Sunday,5219,20.8
frame,,Year 1, spring 0, Sunday,5220,20.8
frame,,Year 1, spring 0, Sunday,5221,0.0
frame,,Year 1, spring 0, Sunday,5222,20.8
frame,,Year 1, spring 0, Sunday,5223,20.7
frame,,Year 1, spring 0, Sunday,5224,20.7
frame,,Year 1, spring 0, Sunday,5225,20.7
frame,,Year 1, spring 0, Sunday,5226,20.9
frame,,Year 1, spring 0, Sunday,5227,0.0
frame,,Year 1, spring 0, Sunday,5228,21.1
frame,,Year 1, spring 0, Sunday,5229,21.0
frame,,Year 1, spring 0, Sunday,5230,20.7
frame,,Year 1, spring 0, Sunday,5231,0.0
frame,,Year 1, spring 0, Sunday,5232,21.5
frame,,Year 1, spring 0, Sunday,5233,21.5
frame,,Year 1, spring 0, Sunday,5234,21.2
frame,,Year 1, spring 0, Sunday,5235,20.7
frame,,Year 1, spring 0, Sunday,5236,0.0
frame,,Year 1, spring 0, Sunday,5237,20.6
frame,,Year 1, spring 0, Sunday,5238,20.9
frame,,Year 1, spring 0, Sunday,5239,21.3
frame,,Year 1, spring 0, Sunday,5240,21.7
frame,,Year 1, spring 0, Sunday,5241,0.0
frame,,Year 1, spring 0, Sunday,5242,20.5
frame,,Year 1, spring 0, Sunday,5243,20.8
frame,,Year 1, spring 0, Sunday,5244,21.5
frame,,Year 1, spring 0, Sunday,5245,20.7
frame,,Year 1, spring 0, Sunday,5246,0.1
frame,,Year 1, spring 0, Sunday,5247,21.2
frame,,Year 1, spring 0, Sunday,5248,21.9
frame,,Year 1, spring 0, Sunday,5249,20.9
frame,,Year 1, spring 0, Sunday,5250,0.0
frame,,Year 1, spring 0, Sunday,5251,21.1
frame,,Year 1, spring 0, Sunday,5252,20.9
frame,,Year 1, spring 0, Sunday,5253,20.7
frame,,Year 1, spring 0, Sunday,5254,20.7
frame,,Year 1, spring 0, Sunday,5255,0.0
frame,,Year 1, spring 0, Sunday,5256,20.7
frame,,Year 1, spring 0, Sunday,5257,20.4
frame,,Year 1, spring 0, Sunday,5258,20.7
frame,,Year 1, spring 0, Sunday,5259,21.2
frame,,Year 1, spring 0, Sunday,5260,0.0
frame,,Year 1, spring 0, Sunday,5261,20.5
frame,,Year 1, spring 0, Sunday,5262,20.5
frame,,Year 1, spring 0, Sunday,5263,21.0
frame,,Year 1, spring 0, Sunday,5264,20.9
frame,,Year 1, spring 0, Sunday,5265,21.1
frame,,Year 1, spring 0, Sunday,5266,0.0
frame,,Year 1, spring 0, Sunday,5267,20.8
frame,,Year 1, spring 0, Sunday,5268,21.2
frame,,Year 1, spring 0, Sunday,5269,20.8
frame,,Year 1, spring 0, Sunday,5270,0.1
frame,,Year 1, spring 0, Sunday,5271,21.4
frame,,Year 1, spring 0, Sunday,5272,21.0
frame,,Year 1, spring 0, Sunday,5273,20.8
frame,,Year 1, spring 0, Sunday,5274,20.9
frame,,Year 1, spring 0, Sunday,5275,0.0
frame,,Year 1, spring 0, Sunday,5276,21.6
frame,,Year 1, spring 0, Sunday,5277,20.8
frame,,Year 1, spring 0, Sunday,5278,21.0
frame,,Year 1, spring 0, Sunday,5279,21.0
frame,,Year 1, spring 0, Sunday,5280,0.0
frame,,Year 1, spring 0, Sunday,5281,20.9
frame,,Year 1, spring 0, Sunday,5282,20.6
frame,,Year 1, spring 0, Sunday,5283,20.8
frame,,Year 1, spring 0, Sunday,5284,21.0
frame,,Year 1, spring 0, Sunday,5285,0.0
frame,,Year 1, spring 0, Sunday,5286,20.8
frame,,Year 1, spring 0, Sunday,5287,20.5
frame,,Year 1, spring 0, Sunday,5288,20.5
frame,,Year 1, spring 0, Sunday,5289,21.0
frame,,Year 1, spring 0, Sunday,5290,0.1
frame,,Year 1, spring 0, Sunday,5291,20.7
frame,,Year 1, spring 0, Sunday,5292,20.6
frame,,Year 1, spring 0, Sunday,5293,20.9
frame,,Year 1, spring 0, Sunday,5294,20.7
frame,,Year 1, spring 0, Sunday,5295,0.0
frame,,Year 1, spring 0, Sunday,5296,20.7
frame,,Year 1, spring 0, Sunday,5297,20.7
frame,,Year 1, spring 0, Sunday,5298,20.5
frame,,Year 1, spring 0, Sunday,5299,20.5
frame,,Year 1, spring 0, Sunday,5300,0.1
frame,,Year 1, spring 0, Sunday,5301,21.8
frame,,Year 1, spring 0, Sunday,5302,20.6
frame,,Year 1, spring 0, Sunday,5303,20.8
frame,,Year 1, spring 0, Sunday,5304,20.5
frame,,Year 1, spring 0, Sunday,5305,0.0
frame,,Year 1, spring 0, Sunday,5306,21.4
frame,,Year 1, spring 0, Sunday,5307,20.5
frame,,Year 1, spring 0, Sunday,5308,20.9
frame,,Year 1, spring 0, Sunday,5309,21.1
frame,,Year 1, spring 0, Sunday,5310,0.0
frame,,Year 1, spring 0, Sunday,5311,20.7
frame,,Year 1, spring 0, Sunday,5312,20.8
frame,,Year 1, spring 0, Sunday,5313,20.8
frame,,Year 1, spring 0, Sunday,5314,20.7
frame,,Year 1, spring 0, Sunday,5315,0.0
frame,,Year 1, spring 0, Sunday,5316,20.9
frame,,Year 1, spring 0, Sunday,5317,20.7
frame,,Year 1, spring 0, Sunday,5318,20.7
frame,,Year 1, spring 0, Sunday,5319,21.0
frame,,Year 1, spring 0, Sunday,5320,0.0
frame,,Year 1, spring 0, Sunday,5321,20.8
frame,,Year 1, spring 0, Sunday,5322,20.9
frame,,Year 1, spring 0, Sunday,5323,20.9
frame,,Year 1, spring 0, Sunday,5324,20.7
frame,,Year 1, spring 0, Sunday,5325,0.0
frame,,Year 1, spring 0, Sunday,5326,20.7
frame,,Year 1, spring 0, Sunday,5327,20.8
frame,,Year 1, spring 0, Sunday,5328,21.0
frame,,Year 1, spring 0, Sunday,5329,20.9
frame,,Year 1, spring 0, Sunday,5330,0.0
frame,,Year 1, spring 0, Sunday,5331,20.8
frame,,Year 1, spring 0, Sunday,5332,20.6
frame,,Year 1, spring 0, Sunday,5333,20.8
frame,,Year 1, spring 0, Sunday,5334,20.8
frame,,Year 1, spring 0, Sunday,5335,0.0
frame,,Year 1, spring 0, Sunday,5336,20.9
frame,,Year 1, spring 0, Sunday,5337,20.7
frame,,Year 1, spring 0, Sunday,5338,20.7
frame,,Year 1, spring 0, Sunday,5339,20.7
frame,,Year 1, spring 0, Sunday,5340,0.0
frame,,Year 1, spring 0, Sunday,5341,20.8
frame,,Year 1, spring 0, Sunday,5342,20.5
frame,,Year 1, spring 0, Sunday,5343,20.5
frame,,Year 1, spring 0, Sunday,5344,20.9
frame,,Year 1, spring 0, Sunday,5345,20.9
frame,,Year 1, spring 0, Sunday,5346,0.0
frame,,Year 1, spring 0, Sunday,5347,20.6
frame,,Year 1, spring 0, Sunday,5348,20.6
frame,,Year 1, spring 0, Sunday,5349,20.9
frame,,Year 1, spring 0, Sunday,5350,20.8
frame,,Year 1, spring 0, Sunday,5351,0.0
frame,,Year 1, spring 0, Sunday,5352,20.9
frame,,Year 1, spring 0, Sunday,5353,21.2
frame,,Year 1, spring 0, Sunday,5354,20.5
frame,,Year 1, spring 0, Sunday,5355,21.4
frame,,Year 1, spring 0, Sunday,5356,0.0
frame,,Year 1, spring 0, Sunday,5357,20.6
frame,,Year 1, spring 0, Sunday,5358,20.4
frame,,Year 1, spring 0, Sunday,5359,20.6
frame,,Year 1, spring 0, Sunday,5360,20.9
frame,,Year 1, spring 0, Sunday,5361,0.0
frame,,Year 1, spring 0, Sunday,5362,20.5
frame,,Year 1, spring 0, Sunday,5363,21.7
frame,,Year 1, spring 0, Sunday,5364,20.9
frame,,Year 1, spring 0, Sunday,5365,0.0
frame,,Year 1, spring 0, Sunday,5366,20.7
frame,,Year 1, spring 0, Sunday,5367,21.2
frame,,Year 1, spring 0, Sunday,5368,21.0
frame,,Year 1, spring 0, Sunday,5369,21.2
frame,,Year 1, spring 0, Sunday,5370,0.2
frame,,Year 1, spring 0, Sunday,5371,20.7
frame,,Year 1, spring 0, Sunday,5372,20.8
frame,,Year 1, spring 0, Sunday,5373,21.0
frame,,Year 1, spring 0, Sunday,5374,20.8
frame,,Year 1, spring 0, Sunday,5375,0.0
frame,,Year 1, spring 0, Sunday,5376,20.9
frame,,Year 1, spring 0, Sunday,5377,20.6
frame,,Year 1, spring 0, Sunday,5378,20.8
frame,,Year 1, spring 0, Sunday,5379,20.9
frame,,Year 1, spring 0, Sunday,5380,0.0
frame,,Year 1, spring 0, Sunday,5381,21.0
frame,,Year 1, spring 0, Sunday,5382,20.5
frame,,Year 1, spring 0, Sunday,5383,20.6
frame,,Year 1, spring 0, Sunday,5384,21.0
frame,,Year 1, spring 0, Sunday,5385,0.1
frame,,Year 1, spring 0, Sunday,5386,21.1
frame,,Year 1, spring 0, Sunday,5387,21.5
frame,,Year 1, spring 0, Sunday,5388,20.8
frame,,Year 1, spring 0, Sunday,5389,20.6
frame,,Year 1, spring 0, Sunday,5390,0.0
frame,,Year 1, spring 0, Sunday,5391,20.7
frame,,Year 1, spring 0, Sunday,5392,20.6
frame,,Year 1, spring 0, Sunday,5393,21.4
frame,,Year 1, spring 0, Sunday,5394,21.1
frame,,Year 1, spring 0, Sunday,5395,0.0
frame,,Year 1, spring 0, Sunday,5396,20.6
frame,,Year 1, spring 0, Sunday,5397,20.6
frame,,Year 1, spring 0, Sunday,5398,20.4
frame,,Year 1, spring 0, Sunday,5399,20.7
frame,,Year 1, spring 0, Sunday,5400,0.0
frame,,Year 1, spring 0, Sunday,5401,20.8
frame,,Year 1, spring 0, Sunday,5402,21.5
frame,,Year 1, spring 0, Sunday,5403,21.1
frame,,Year 1, spring 0, Sunday,5404,20.8
frame,,Year 1, spring 0, Sunday,5405,0.0
frame,,Year 1, spring 0, Sunday,5406,21.4
frame,,Year 1, spring 0, Sunday,5407,20.9
frame,,Year 1, spring 0, Sunday,5408,20.9
frame,,Year 1, spring 0, Sunday,5409,21.2
frame,,Year 1, spring 0, Sunday,5410,0.0
frame,,Year 1, spring 0, Sunday,5411,20.7
frame,,Year 1, spring 0, Sunday,5412,20.9
frame,,Year 1, spring 0, Sunday,5413,20.9
frame,,Year 1, spring 0, Sunday,5414,20.7
frame,,Year 1, spring 0, Sunday,5415,0.0
frame,,Year 1, spring 0, Sunday,5416,20.5
frame,,Year 1, spring 0, Sunday,5417,21.4
frame,,Year 1, spring 0, Sunday,5418,20.8
frame,,Year 1, spring 0, Sunday,5419,20.6
frame,,Year 1, spring 0, Sunday,5420,0.0
frame,,Year 1, spring 0, Sunday,5421,21.9
frame,,Year 1, spring 0, Sunday,5422,20.9
frame,,Year 1, spring 0, Sunday,5423,20.8
frame,,Year 1, spring 0, Sunday,5424,0.0
frame,,Year 1, spring 0, Sunday,5425,20.8
frame,,Year 1, spring 0, Sunday,5426,20.9
frame,,Year 1, spring 0, Sunday,5427,21.0
frame,,Year 1, spring 0, Sunday,5428,20.8
frame,,Year 1, spring 0, Sunday,5429,0.0
frame,,Year 1, spring 0, Sunday,5430,21.0
frame,,Year 1, spring 0, Sunday,5431,21.6
frame,,Year 1, spring 0, Sunday,5432,21.0
frame,,Year 1, spring 0, Sunday,5433,20.9
frame,,Year 1, spring 0, Sunday,5434,0.0
frame,,Year 1, spring 0, Sunday,5435,20.8
frame,,Year 1, spring 0, Sunday,5436,21.0
frame,,Year 1, spring 0, Sunday,5437,20.5
frame,,Year 1, spring 0, Sunday,5438,20.8
frame,,Year 1, spring 0, Sunday,5439,0.0
frame,,Year 1, spring 0, Sunday,5440,21.0
frame,,Year 1, spring 0, Sunday,5441,20.8
frame,,Year 1, spring 0, Sunday,5442,20.9
frame,,Year 1, spring 0, Sunday,5443,21.1
frame,,Year 1, spring 0, Sunday,5444,0.0
frame,,Year 1, spring 0, Sunday,5445,20.6
frame,,Year 1, spring 0, Sunday,5446,20.9
frame,,Year 1, spring 0, Sunday,5447,20.9
frame,,Year 1, spring 0, Sunday,5448,20.7
frame,,Year 1, spring 0, Sunday,5449,0.0
frame,,Year 1, spring 0, Sunday,5450,20.8
frame,,Year 1, spring 0, Sunday,5451,20.6
frame,,Year 1, spring 0, Sunday,5452,20.6
frame,,Year 1, spring 0, Sunday,5453,20.7
frame,,Year 1, spring 0, Sunday,5454,0.0
frame,,Year 1, spring 0, Sunday,5455,21.0
frame,,Year 1, spring 0, Sunday,5456,21.0
frame,,Year 1, spring 0, Sunday,5457,20.8
frame,,Year 1, spring 0, Sunday,5458,20.8
frame,,Year 1, spring 0, Sunday,5459,0.0
frame,,Year 1, spring 0, Sunday,5460,21.0
frame,,Year 1, spring 0, Sunday,5461,20.6
frame,,Year 1, spring 0, Sunday,5462,20.6
frame,,Year 1, spring 0, Sunday,5463,20.5
frame,,Year 1, spring 0, Sunday,5464,0.1
frame,,Year 1, spring 0, Sunday,5465,21.3
frame,,Year 1, spring 0, Sunday,5466,20.5
frame,,Year 1, spring 0, Sunday,5467,20.6
frame,,Year 1, spring 0, Sunday,5468,20.7
frame,,Year 1, spring 0, Sunday,5469,0.0
frame,,Year 1, spring 0, Sunday,5470,20.6
frame,,Year 1, spring 0, Sunday,5471,21.2
frame,,Year 1, spring 0, Sunday,5472,21.0
frame,,Year 1, spring 0, Sunday,5473,20.7
frame,,Year 1, spring 0, Sunday,5474,0.0
frame,,Year 1, spring 0, Sunday,5475,20.6
frame,,Year 1, spring 0, Sunday,5476,20.9
frame,,Year 1, spring 0, Sunday,5477,21.3
frame,,Year 1, spring 0, Sunday,5478,20.6
frame,,Year 1, spring 0, Sunday,5479,0.0
frame,,Year 1, spring 0, Sunday,5480,20.8
frame,,Year 1, spring 0, Sunday,5481,20.5
frame,,Year 1, spring 0, Sunday,5482,20.5
frame,,Year 1, spring 0, Sunday,5483,21.5
frame,,Year 1, spring 0, Sunday,5484,0.0
frame,,Year 1, spring 0, Sunday,5485,21.0
frame,,Year 1, spring 0, Sunday,5486,21.0
frame,,Year 1, spring 0, Sunday,5487,21.7
frame,,Year 1, spring 0, Sunday,5488,21.5
frame,,Year 1, spring 0, Sunday,5489,0.0
frame,,Year 1, spring 0, Sunday,5490,20.7
frame,,Year 1, spring 0, Sunday,5491,20.9
frame,,Year 1, spring 0, Sunday,5492,21.1
frame,,Year 1, spring 0, Sunday,5493,21.1
frame,,Year 1, spring 0, Sunday,5494,0.0
frame,,Year 1, spring 0, Sunday,5495,21.1
frame,,Year 1, spring 0, Sunday,5496,20.8
frame,,Year 1, spring 0, Sunday,5497,20.8
frame,,Year 1, spring 0, Sunday,5498,21.2
frame,,Year 1, spring 0, Sunday,5499,0.0
frame,,Year 1, spring 0, Sunday,5500,21.8
frame,,Year 1, spring 0, Sunday,5501,20.6
frame,,Year 1, spring 0, Sunday,5502,21.2
frame,,Year 1, spring 0, Sunday,5503,0.0
frame,,Year 1, spring 0, Sunday,5504,20.8
frame,,Year 1, spring 0, Sunday,5505,21.5
frame,,Year 1, spring 0, Sunday,5506,20.4
frame,,Year 1, spring 0, Sunday,5507,21.0
frame,,Year 1, spring 0, Sunday,5508,0.0
frame,,Year 1, spring 0, Sunday,5509,21.1
frame,,Year 1, spring 0, Sunday,5510,21.0
frame,,Year 1, spring 0, Sunday,5511,21.7
frame,,Year 1, spring 0, Sunday,5512,21.0
frame,,Year 1, spring 0, Sunday,5513,0.0
frame,,Year 1, spring 0, Sunday,5514,20.8
frame,,Year 1, spring 0, Sunday,5515,20.5
frame,,Year 1, spring 0, Sunday,5516,20.9
frame,,Year 1, spring 0, Sunday,5517,20.8
frame,,Year 1, spring 0, Sunday,5518,0.1
frame,,Year 1, spring 0, Sunday,5519,20.5
frame,,Year 1, spring 0, Sunday,5520,20.7
frame,,Year 1, spring 0, Sunday,5521,21.3
frame,,Year 1, spring 0, Sunday,5522,20.6
frame,,Year 1, spring 0, Sunday,5523,0.0
frame,,Year 1, spring 0, Sunday,5524,21.3
frame,,Year 1, spring 0, Sunday,5525,20.7
frame,,Year 1, spring 0, Sunday,5526,20.9
frame,,Year 1, spring 0, Sunday,5527,21.0
frame,,Year 1, spring 0, Sunday,5528,0.0
frame,,Year 1, spring 0, Sunday,5529,21.4
frame,,Year 1, spring 0, Sunday,5530,21.3
frame,,Year 1, spring 0, Sunday,5531,20.4
frame,,Year 1, spring 0, Sunday,5532,20.6
frame,,Year 1, spring 0, Sunday,5533,0.0
frame,,Year 1, spring 0, Sunday,5534,20.7
frame,,Year 1, spring 0, Sunday,5535,20.8
frame,,Year 1, spring 0, Sunday,5536,20.7
frame,,Year 1, spring 0, Sunday,5537,20.9
frame,,Year 1, spring 0, Sunday,5538,0.0
frame,,Year 1, spring 0, Sunday,5539,21.5
frame,,Year 1, spring 0, Sunday,5540,21.5
frame,,Year 1, spring 0, Sunday,5541,20.9
frame,,Year 1, spring 0, Sunday,5542,20.8
frame,,Year 1, spring 0, Sunday,5543,0.0
frame,,Year 1, spring 0, Sunday,5544,20.8
frame,,Year 1, spring 0, Sunday,5545,20.7
frame,,Year 1, spring 0, Sunday,5546,21.6
frame,,Year 1, spring 0, Sunday,5547,0.0
frame,,Year 1, spring 0, Sunday,5548,20.9
frame,,Year 1, spring 0, Sunday,5549,21.5
frame,,Year 1, spring 0, Sunday,5550,20.9
frame,,Year 1, spring 0, Sunday,5551,21.2
frame,,Year 1, spring 0, Sunday,5552,0.0
frame,,Year 1, spring 0, Sunday,5553,21.3
frame,,Year 1, spring 0, Sunday,5554,21.0
frame,,Year 1, spring 0, Sunday,5555,20.4
frame,,Year 1, spring 0, Sunday,5556,20.8
frame,,Year 1, spring 0, Sunday,5557,0.0
frame,,Year 1, spring 0, Sunday,5558,20.5
frame,,Year 1, spring 0, Sunday,5559,20.8
frame,,Year 1, spring 0, Sunday,5560,21.5
frame,,Year 1, spring 0, Sunday,5561,20.8
frame,,Year 1, spring 0, Sunday,5562,0.0
frame,,Year 1, spring 0, Sunday,5563,21.0
frame,,Year 1, spring 0, Sunday,5564,20.6
frame,,Year 1, spring 0, Sunday,5565,20.9
frame,,Year 1, spring 0, Sunday,5566,21.0
frame,,Year 1, spring 0, Sunday,5567,0.0
frame,,Year 1, spring 0, Sunday,5568,21.2
frame,,Year 1, spring 0, Sunday,5569,20.4
frame,,Year 1, spring 0, Sunday,5570,21.3
frame,,Year 1, spring 0, Sunday,5571,20.5
frame,,Year 1, spring 0, Sunday,5572,0.0
frame,,Year 1, spring 0, Sunday,5573,20.7
frame,,Year 1, spring 0, Sunday,5574,21.0
frame,,Year 1, spring 0, Sunday,5575,20.7
frame,,Year 1, spring 0, Sunday,5576,21.3
frame,,Year 1, spring 0, Sunday,5577,0.0
frame,,Year 1, spring 0, Sunday,5578,21.7
frame,,Year 1, spring 0, Sunday,5579,21.1
frame,,Year 1, spring 0, Sunday,5580,21.0
frame,,Year 1, spring 0, Sunday,5581,20.9
frame,,Year 1, spring 0, Sunday,5582,0.0
frame,,Year 1, spring 0, Sunday,5583,21.4
frame,,Year 1, spring 0, Sunday,5584,20.4
frame,,Year 1, spring 0, Sunday,5585,20.8
frame,,Year 1, spring 0, Sunday,5586,21.4
frame,,Year 1, spring 0, Sunday,5587,0.0
frame,,Year 1, spring 0, Sunday,5588,20.9
frame,,Year 1, spring 0, Sunday,5589,21.4
frame,,Year 1, spring 0, Sunday,5590,20.9
frame,,Year 1, spring 0, Sunday,5591,0.2
frame,,Year 1, spring 0, Sunday,5592,21.2
frame,,Year 1, spring 0, Sunday,5593,20.9
frame,,Year 1, spring 0, Sunday,5594,21.2
frame,,Year 1, spring 0, Sunday,5595,20.9
frame,,Year 1, spring 0, Sunday,5596,0.1
frame,,Year 1, spring 0, Sunday,5597,20.4
frame,,Year 1, spring 0, Sunday,5598,20.9
frame,,Year 1, spring 0, Sunday,5599,20.8
frame,,Year 1, spring 0, Sunday,5600,21.0
frame,,Year 1, spring 0, Sunday,5601,0.0
frame,,Year 1, spring 0, Sunday,5602,20.4
frame,,Year 1, spring 0, Sunday,5603,20.7
frame,,Year 1, spring 0, Sunday,5604,20.8
frame,,Year 1, spring 0, Sunday,5605,20.5
frame,,Year 1, spring 0, Sunday,5606,0.0
frame,,Year 1, spring 0, Sunday,5607,21.1
frame,,Year 1, spring 0, Sunday,5608,20.3
frame,,Year 1, spring 0, Sunday,5609,20.6
frame,,Year 1, spring 0, Sunday,5610,21.3
frame,,Year 1, spring 0, Sunday,5611,0.0
frame,,Year 1, spring 0, Sunday,5612,20.7
frame,,Year 1, spring 0, Sunday,5613,20.8
frame,,Year 1, spring 0, Sunday,5614,20.7
frame,,Year 1, spring 0, Sunday,5615,20.4
frame,,Year 1, spring 0, Sunday,5616,0.0
frame,,Year 1, spring 0, Sunday,5617,20.8
frame,,Year 1, spring 0, Sunday,5618,20.7
frame,,Year 1, spring 0, Sunday,5619,21.4
frame,,Year 1, spring 0, Sunday,5620,20.8
frame,,Year 1, spring 0, Sunday,5621,0.0
frame,,Year 1, spring 0, Sunday,5622,21.3
frame,,Year 1, spring 0, Sunday,5623,20.8
frame,,Year 1, spring 0, Sunday,5624,20.6
frame,,Year 1, spring 0, Sunday,5625,20.8
frame,,Year 1, spring 0, Sunday,5626,0.0
frame,,Year 1, spring 0, Sunday,5627,21.1
frame,,Year 1, spring 0, Sunday,5628,20.8
frame,,Year 1, spring 0, Sunday,5629,20.7
frame,,Year 1, spring 0, Sunday,5630,20.4
frame,,Year 1, spring 0, Sunday,5631,0.0
frame,,Year 1, spring 0, Sunday,5632,21.1
frame,,Year 1, spring 0, Sunday,5633,20.9
frame,,Year 1, spring 0, Sunday,5634,21.2
frame,,Year 1, spring 0, Sunday,5635,20.6
frame,,Year 1, spring 0, Sunday,5636,0.0
frame,,Year 1, spring 0, Sunday,5637,21.3
frame,,Year 1, spring 0, Sunday,5638,20.7
frame,,Year 1, spring 0, Sunday,5639,20.4
frame,,Year 1, spring 0, Sunday,5640,20.5
frame,,Year 1, spring 0, Sunday,5641,0.0
frame,,Year 1, spring 0, Sunday,5642,21.0
frame,,Year 1, spring 0, Sunday,5643,20.7
frame,,Year 1, spring 0, Sunday,5644,20.6
frame,,Year 1, spring 0, Sunday,5645,20.4
frame,,Year 1, spring 0, Sunday,5646,0.0
frame,,Year 1, spring 0, Sunday,5647,20.4
frame,,Year 1, spring 0, Sunday,5648,21.0
frame,,Year 1, spring 0, Sunday,5649,21.3
frame,,Year 1, spring 0, Sunday,5650,20.9
frame,,Year 1, spring 0, Sunday,5651,0.0
frame,,Year 1, spring 0, Sunday,5652,20.7
frame,,Year 1, spring 0, Sunday,5653,20.6
frame,,Year 1, spring 0, Sunday,5654,21.1
frame,,Year 1, spring 0, Sunday,5655,21.9
frame,,Year 1, spring 0, Sunday,5656,0.0
frame,,Year 1, spring 0, Sunday,5657,20.9
frame,,Year 1, spring 0, Sunday,5658,20.9
frame,,Year 1, spring 0, Sunday,5659,20.7
frame,,Year 1, spring 0, Sunday,5660,21.2
frame,,Year 1, spring 0, Sunday,5661,0.0
frame,,Year 1, spring 0, Sunday,5662,20.4
frame,,Year 1, spring 0, Sunday,5663,21.1
frame,,Year 1, spring 0, Sunday,5664,20.5
frame,,Year 1, spring 0, Sunday,5665,20.7
frame,,Year 1, spring 0, Sunday,5666,0.0
frame,,Year 1, spring 0, Sunday,5667,21.4
frame,,Year 1, spring 0, Sunday,5668,20.3
frame,,Year 1, spring 0, Sunday,5669,20.4
frame,,Year 1, spring 0, Sunday,5670,20.6
frame,,Year 1, spring 0, Sunday,5671,0.0
frame,,Year 1, spring 0, Sunday,5672,21.5
frame,,Year 1, spring 0, Sunday,5673,21.1
frame,,Year 1, spring 0, Sunday,5674,21.0
frame,,Year 1, spring 0, Sunday,5675,20.9
frame,,Year 1, spring 0, Sunday,5676,0.0
frame,,Year 1, spring 0, Sunday,5677,20.7
frame,,Year 1, spring 0, Sunday,5678,20.9
frame,,Year 1, spring 0, Sunday,5679,21.1
frame,,Year 1, spring 0, Sunday,5680,21.2
frame,,Year 1, spring 0, Sunday,5681,0.9
frame,,Year 1, spring 0, Sunday,5682,20.8
frame,,Year 1, spring 0, Sunday,5683,20.8
frame,,Year 1, spring 0, Sunday,5684,20.9
frame,,Year 1, spring 0, Sunday,5685,20.6
frame,,Year 1, spring 0, Sunday,5686,0.0
frame,,Year 1, spring 0, Sunday,5687,20.4
frame,,Year 1, spring 0, Sunday,5688,20.5
frame,,Year 1, spring 0, Sunday,5689,20.8
frame,,Year 1, spring 0, Sunday,5690,21.2
frame,,Year 1, spring 0, Sunday,5691,0.0
frame,,Year 1, spring 0, Sunday,5692,21.7
frame,,Year 1, spring 0, Sunday,5693,21.0
frame,,Year 1, spring 0, Sunday,5694,20.6
frame,,Year 1, spring 0, Sunday,5695,20.6
frame,,Year 1, spring 0, Sunday,5696,0.0
frame,,Year 1, spring 0, Sunday,5697,21.2
frame,,Year 1, spring 0, Sunday,5698,21.1
frame,,Year 1, spring 0, Sunday,5699,20.9
frame,,Year 1, spring 0, Sunday,5700,0.0
frame,,Year 1, spring 0, Sunday,5701,20.5
frame,,Year 1, spring 0, Sunday,5702,20.8
frame,,Year 1, spring 0, Sunday,5703,20.7
frame,,Year 1, spring 0, Sunday,5704,20.4
frame,,Year 1, spring 0, Sunday,5705,21.8
frame,,Year 1, spring 0, Sunday,5706,0.0
frame,,Year 1, spring 0, Sunday,5707,21.0
frame,,Year 1, spring 0, Sunday,5708,20.7
frame,,Year 1, spring 0, Sunday,5709,21.2
frame,,Year 1, spring 0, Sunday,5710,0.0
frame,,Year 1, spring 0, Sunday,5711,21.3
frame,,Year 1, spring 0, Sunday,5712,20.7
frame,,Year 1, spring 0, Sunday,5713,20.8
frame,,Year 1, spring 0, Sunday,5714,20.6
frame,,Year 1, spring 0, Sunday,5715,0.0
frame,,Year 1, spring 0, Sunday,5716,20.9
frame,,Year 1, spring 0, Sunday,5717,20.6
frame,,Year 1, spring 0, Sunday,5718,20.9
frame,,Year 1, spring 0, Sunday,5719,20.5
frame,,Year 1, spring 0, Sunday,5720,0.0
frame,,Year 1, spring 0, Sunday,5721,21.3
frame,,Year 1, spring 0, Sunday,5722,20.6
frame,,Year 1, spring 0, Sunday,5723,21.2
frame,,Year 1, spring 0, Sunday,5724,20.6
frame,,Year 1, spring 0, Sunday,5725,0.0
frame,,Year 1, spring 0, Sunday,5726,20.7
frame,,Year 1, spring 0, Sunday,5727,20.5
frame,,Year 1, spring 0, Sunday,5728,21.0
frame,,Year 1, spring 0, Sunday,5729,20.9
frame,,Year 1, spring 0, Sunday,5730,0.0
frame,,Year 1, spring 0, Sunday,5731,20.8
frame,,Year 1, spring 0, Sunday,5732,20.8
frame,,Year 1, spring 0, Sunday,5733,21.1
frame,,Year 1, spring 0, Sunday,5734,21.5
frame,,Year 1, spring 0, Sunday,5735,0.0
frame,,Year 1, spring 0, Sunday,5736,20.8
frame,,Year 1, spring 0, Sunday,5737,20.9
frame,,Year 1, spring 0, Sunday,5738,21.0
frame,,Year 1, spring 0, Sunday,5739,21.2
frame,,Year 1, spring 0, Sunday,5740,0.0
frame,,Year 1, spring 0, Sunday,5741,21.0
frame,,Year 1, spring 0, Sunday,5742,20.5
frame,,Year 1, spring 0, Sunday,5743,20.6
frame,,Year 1, spring 0, Sunday,5744,21.3
frame,,Year 1, spring 0, Sunday,5745,0.0
frame,,Year 1, spring 0, Sunday,5746,21.1
frame,,Year 1, spring 0, Sunday,5747,21.2
frame,,Year 1, spring 0, Sunday,5748,21.4
frame,,Year 1, spring 0, Sunday,5749,20.8
frame,,Year 1, spring 0, Sunday,5750,0.0
frame,,Year 1, spring 0, Sunday,5751,20.6
frame,,Year 1, spring 0, Sunday,5752,20.5
frame,,Year 1, spring 0, Sunday,5753,21.1
frame,,Year 1, spring 0, Sunday,5754,20.9
frame,,Year 1, spring 0, Sunday,5755,0.1
frame,,Year 1, spring 0, Sunday,5756,21.4
frame,,Year 1, spring 0, Sunday,5757,21.1
frame,,Year 1, spring 0, Sunday,5758,21.0
frame,,Year 1, spring 0, Sunday,5759,0.0
frame,,Year 1, spring 0, Sunday,5760,20.8
frame,,Year 1, spring 0, Sunday,5761,20.5
frame,,Year 1, spring 0, Sunday,5762,20.8
frame,,Year 1, spring 0, Sunday,5763,20.7
frame,,Year 1, spring 0, Sunday,5764,20.8
frame,,Year 1, spring 0, Sunday,5765,0.0
frame,,Year 1, spring 0, Sunday,5766,20.5
frame,,Year 1, spring 0, Sunday,5767,21.0
frame,,Year 1, spring 0, Sunday,5768,20.9
frame,,Year 1, spring 0, Sunday,5769,0.0
frame,,Year 1, spring 0, Sunday,5770,20.9
frame,,Year 1, spring 0, Sunday,5771,20.6
frame,,Year 1, spring 0, Sunday,5772,20.6
frame,,Year 1, spring 0, Sunday,5773,20.7
frame,,Year 1, spring 0, Sunday,5774,20.7
frame,,Year 1, spring 0, Sunday,5775,0.0
frame,,Year 1, spring 0, Sunday,5776,20.8
frame,,Year 1, spring 0, Sunday,5777,21.2
frame,,Year 1, spring 0, Sunday,5778,20.4
frame,,Year 1, spring 0, Sunday,5779,22.0
frame,,Year 1, spring 0, Sunday,5780,0.0
frame,,Year 1, spring 0, Sunday,5781,20.6
frame,,Year 1, spring 0, Sunday,5782,21.0
frame,,Year 1, spring 0, Sunday,5783,20.6
frame,,Year 1, spring 0, Sunday,5784,0.0
frame,,Year 1, spring 0, Sunday,5785,20.4
frame,,Year 1, spring 0, Sunday,5786,20.5
frame,,Year 1, spring 0, Sunday,5787,20.8
frame,,Year 1, spring 0, Sunday,5788,20.7
frame,,Year 1, spring 0, Sunday,5789,21.4
frame,,Year 1, spring 0, Sunday,5790,0.2
frame,,Year 1, spring 0, Sunday,5791,20.7
frame,,Year 1, spring 0, Sunday,5792,20.9
frame,,Year 1, spring 0, Sunday,5793,20.7
frame,,Year 1, spring 0, Sunday,5794,20.5
frame,,Year 1, spring 0, Sunday,5795,0.0
frame,,Year 1, spring 0, Sunday,5796,20.9
frame,,Year 1, spring 0, Sunday,5797,20.8
frame,,Year 1, spring 0, Sunday,5798,20.8
frame,,Year 1, spring 0, Sunday,5799,21.5
frame,,Year 1, spring 0, Sunday,5800,0.1
frame,,Year 1, spring 0, Sunday,5801,21.9
frame,,Year 1, spring 0, Sunday,5802,21.7
frame,,Year 1, spring 0, Sunday,5803,21.2
frame,,Year 1, spring 0, Sunday,5804,0.0
frame,,Year 1, spring 0, Sunday,5805,20.7
frame,,Year 1, spring 0, Sunday,5806,21.0
frame,,Year 1, spring 0, Sunday,5807,20.7
frame,,Year 1, spring 0, Sunday,5808,21.0
frame,,Year 1, spring 0, Sunday,5809,0.0
frame,,Year 1, spring 0, Sunday,5810,20.5
frame,,Year 1, spring 0, Sunday,5811,21.1
frame,,Year 1, spring 0, Sunday,5812,21.0
frame,,Year 1, spring 0, Sunday,5813,21.4
frame,,Year 1, spring 0, Sunday,5814,0.0
frame,,Year 1, spring 0, Sunday,5815,20.8
frame,,Year 1, spring 0, Sunday,5816,22.0
frame,,Year 1, spring 0, Sunday,5817,20.5
frame,,Year 1, spring 0, Sunday,5818,20.8
frame,,Year 1, spring 0, Sunday,5819,0.1
frame,,Year 1, spring 0, Sunday,5820,21.5
frame,,Year 1, spring 0, Sunday,5821,20.8
frame,,Year 1, spring 0, Sunday,5822,20.7
frame,,Year 1, spring 0, Sunday,5823,0.0
frame,,Year 1, spring 0, Sunday,5824,20.9
frame,,Year 1, spring 0, Sunday,5825,20.9
frame,,Year 1, spring 0, Sunday,5826,21.3
frame,,Year 1, spring 0, Sunday,5827,21.1
frame,,Year 1, spring 0, Sunday,5828,0.0
frame,,Year 1, spring 0, Sunday,5829,20.4
frame,,Year 1, spring 0, Sunday,5830,20.9
frame,,Year 1, spring 0, Sunday,5831,20.6
frame,,Year 1, spring 0, Sunday,5832,21.1
frame,,Year 1, spring 0, Sunday,5833,0.0
frame,,Year 1, spring 0, Sunday,5834,20.8
frame,,Year 1, spring 0, Sunday,5835,21.0
frame,,Year 1, spring 0, Sunday,5836,20.9
frame,,Year 1, spring 0, Sunday,5837,20.7
frame,,Year 1, spring 0, Sunday,5838,0.0
frame,,Year 1, spring 0, Sunday,5839,21.0
frame,,Year 1, spring 0, Sunday,5840,20.7
frame,,Year 1, spring 0, Sunday,5841,20.8
frame,,Year 1, spring 0, Sunday,5842,21.1
frame,,Year 1, spring 0, Sunday,5843,0.0
frame,,Year 1, spring 0, Sunday,5844,21.0
frame,,Year 1, spring 0, Sunday,5845,20.8
frame,,Year 1, spring 0, Sunday,5846,20.9
frame,,Year 1, spring 0, Sunday,5847,20.9
frame,,Year 1, spring 0, Sunday,5848,0.1
frame,,Year 1, spring 0, Sunday,5849,20.4
frame,,Year 1, spring 0, Sunday,5850,20.8
frame,,Year 1, spring 0, Sunday,5851,20.7
frame,,Year 1, spring 0, Sunday,5852,20.9
frame,,Year 1, spring 0, Sunday,5853,0.0
frame,,Year 1, spring 0, Sunday,5854,20.6
frame,,Year 1, spring 0, Sunday,5855,20.7
frame,,Year 1, spring 0, Sunday,5856,20.8
frame,,Year 1, spring 0, Sunday,5857,20.9
frame,,Year 1, spring 0, Sunday,5858,0.3
frame,,Year 1, spring 0, Sunday,5859,21.3
frame,,Year 1, spring 0, Sunday,5860,21.5
frame,,Year 1, spring 0, Sunday,5861,20.5
frame,,Year 1, spring 0, Sunday,5862,20.8
frame,,Year 1, spring 0, Sunday,5863,0.0
frame,,Year 1, spring 0, Sunday,5864,20.5
frame,,Year 1, spring 0, Sunday,5865,20.9
frame,,Year 1, spring 0, Sunday,5866,20.5
frame,,Year 1, spring 0, Sunday,5867,20.8
frame,,Year 1, spring 0, Sunday,5868,0.0
frame,,Year 1, spring 0, Sunday,5869,20.6
frame,,Year 1, spring 0, Sunday,5870,20.8
frame,,Year 1, spring 0, Sunday,5871,20.7
frame,,Year 1, spring 0, Sunday,5872,20.8
frame,,Year 1, spring 0, Sunday,5873,0.0
frame,,Year 1, spring 0, Sunday,5874,21.2
frame,,Year 1, spring 0, Sunday,5875,21.1
frame,,Year 1, spring 0, Sunday,5876,20.8
frame,,Year 1, spring 0, Sunday,5877,20.8
frame,,Year 1, spring 0, Sunday,5878,0.0
frame,,Year 1, spring 0, Sunday,5879,20.8
frame,,Year 1, spring 0, Sunday,5880,21.4
frame,,Year 1, spring 0, Sunday,5881,20.8
frame,,Year 1, spring 0, Sunday,5882,20.9
frame,,Year 1, spring 0, Sunday,5883,0.0
frame,,Year 1, spring 0, Sunday,5884,21.0
frame,,Year 1, spring 0, Sunday,5885,20.6
frame,,Year 1, spring 0, Sunday,5886,21.0
frame,,Year 1, spring 0, Sunday,5887,20.5
frame,,Year 1, spring 0, Sunday,5888,0.0
frame,,Year 1, spring 0, Sunday,5889,20.6
frame,,Year 1, spring 0, Sunday,5890,20.4
frame,,Year 1, spring 0, Sunday,5891,21.3
frame,,Year 1, spring 0, Sunday,5892,21.2
frame,,Year 1, spring 0, Sunday,5893,0.0
frame,,Year 1, spring 0, Sunday,5894,20.7
frame,,Year 1, spring 0, Sunday,5895,20.7
frame,,Year 1, spring 0, Sunday,5896,21.0
frame,,Year 1, spring 0, Sunday,5897,21.4
frame,,Year 1, spring 0, Sunday,5898,0.0
frame,,Year 1, spring 0, Sunday,5899,20.7
frame,,Year 1, spring 0, Sunday,5900,20.5
frame,,Year 1, spring 0, Sunday,5901,20.9
frame,,Year 1, spring 0, Sunday,5902,21.0
frame,,Year 1, spring 0, Sunday,5903,0.0
frame,,Year 1, spring 0, Sunday,5904,21.1
frame,,Year 1, spring 0, Sunday,5905,21.2
frame,,Year 1, spring 0, Sunday,5906,20.6
frame,,Year 1, spring 0, Sunday,5907,20.8
frame,,Year 1, spring 0, Sunday,5908,0.1
frame,,Year 1, spring 0, Sunday,5909,20.3
frame,,Year 1, spring 0, Sunday,5910,20.8
frame,,Year 1, spring 0, Sunday,5911,20.5
frame,,Year 1, spring 0, Sunday,5912,20.8
frame,,Year 1, spring 0, Sunday,5913,0.0
frame,,Year 1, spring 0, Sunday,5914,20.8
frame,,Year 1, spring 0, Sunday,5915,21.4
frame,,Year 1, spring 0, Sunday,5916,20.9
frame,,Year 1, spring 0, Sunday,5917,21.5
frame,,Year 1, spring 0, Sunday,5918,0.0
frame,,Year 1, spring 0, Sunday,5919,21.5
frame,,Year 1, spring 0, Sunday,5920,20.8
frame,,Year 1, spring 0, Sunday,5921,20.8
frame,,Year 1, spring 0, Sunday,5922,20.7
frame,,Year 1, spring 0, Sunday,5923,0.0
frame,,Year 1, spring 0, Sunday,5924,20.7
frame,,Year 1, spring 0, Sunday,5925,20.6
frame,,Year 1, spring 0, Sunday,5926,20.8
frame,,Year 1, spring 0, Sunday,5927,21.5
frame,,Year 1, spring 0, Sunday,5928,0.3
frame,,Year 1, spring 0, Sunday,5929,21.0
frame,,Year 1, spring 0, Sunday,5930,21.1
frame,,Year 1, spring 0, Sunday,5931,20.8
frame,,Year 1, spring 0, Sunday,5932,0.0
frame,,Year 1, spring 0, Sunday,5933,20.9
frame,,Year 1, spring 0, Sunday,5934,20.6
frame,,Year 1, spring 0, Sunday,5935,20.7
frame,,Year 1, spring 0, Sunday,5936,20.9
frame,,Year 1, spring 0, Sunday,5937,0.0
frame,,Year 1, spring 0, Sunday,5938,20.7
frame,,Year 1, spring 0, Sunday,5939,20.4
frame,,Year 1, spring 0, Sunday,5940,20.7
frame,,Year 1, spring 0, Sunday,5941,21.2
frame,,Year 1, spring 0, Sunday,5942,20.9
frame,,Year 1, spring 0, Sunday,5943,0.2
frame,,Year 1, spring 0, Sunday,5944,21.5
frame,,Year 1, spring 0, Sunday,5945,20.7
frame,,Year 1, spring 0, Sunday,5946,22.0
frame,,Year 1, spring 0, Sunday,5947,0.0
frame,,Year 1, spring 0, Sunday,5948,20.5
frame,,Year 1, spring 0, Sunday,5949,20.6
frame,,Year 1, spring 0, Sunday,5950,20.8
frame,,Year 1, spring 0, Sunday,5951,20.7
frame,,Year 1, spring 0, Sunday,5952,0.0
frame,,Year 1, spring 0, Sunday,5953,20.8
frame,,Year 1, spring 0, Sunday,5954,21.0
frame,,Year 1, spring 0, Sunday,5955,20.9
frame,,Year 1, spring 0, Sunday,5956,20.4
frame,,Year 1, spring 0, Sunday,5957,0.0
frame,,Year 1, spring 0, Sunday,5958,21.5
frame,,Year 1, spring 0, Sunday,5959,21.7
frame,,Year 1, spring 0, Sunday,5960,20.6
frame,,Year 1, spring 0, Sunday,5961,20.6
frame,,Year 1, spring 0, Sunday,5962,0.0
frame,,Year 1, spring 0, Sunday,5963,20.6
frame,,Year 1, spring 0, Sunday,5964,20.7
frame,,Year 1, spring 0, Sunday,5965,21.5
frame,,Year 1, spring 0, Sunday,5966,20.5
frame,,Year 1, spring 0, Sunday,5967,0.0
frame,,Year 1, spring 0, Sunday,5968,20.5
frame,,Year 1, spring 0, Sunday,5969,20.6
frame,,Year 1, spring 0, Sunday,5970,20.9
frame,,Year 1, spring 0, Sunday,5971,21.0
frame,,Year 1, spring 0, Sunday,5972,0.1
frame,,Year 1, spring 0, Sunday,5973,21.0
frame,,Year 1, spring 0, Sunday,5974,21.4
frame,,Year 1, spring 0, Sunday,5975,21.1
frame,,Year 1, spring 0, Sunday,5976,20.4
frame,,Year 1, spring 0, Sunday,5977,0.0
frame,,Year 1, spring 0, Sunday,5978,21.4
frame,,Year 1, spring 0, Sunday,5979,21.0
frame,,Year 1, spring 0, Sunday,5980,20.8
frame,,Year 1, spring 0, Sunday,5981,20.9
frame,,Year 1, spring 0, Sunday,5982,0.0
frame,,Year 1, spring 0, Sunday,5983,20.6
frame,,Year 1, spring 0, Sunday,5984,20.9
frame,,Year 1, spring 0, Sunday,5985,21.1
frame,,Year 1, spring 0, Sunday,5986,21.0
frame,,Year 1, spring 0, Sunday,5987,0.0
frame,,Year 1, spring 0, Sunday,5988,20.5
frame,,Year 1, spring 0, Sunday,5989,20.5
frame,,Year 1, spring 0, Sunday,5990,20.9
frame,,Year 1, spring 0, Sunday,5991,20.6
frame,,Year 1, spring 0, Sunday,5992,0.0
frame,,Year 1, spring 0, Sunday,5993,20.6
frame,,Year 1, spring 0, Sunday,5994,21.4
frame,,Year 1, spring 0, Sunday,5995,20.6
frame,,Year 1, spring 0, Sunday,5996,20.5
frame,,Year 1, spring 0, Sunday,5997,0.0
frame,,Year 1, spring 0, Sunday,5998,20.6
frame,,Year 1, spring 0, Sunday,5999,20.4
switch,lgw,Year 1, spring 1, Monday,610,49.4
switch,lgw,Year 1, spring 1, Monday,620,31.7
switch,lgw,Year 1, spring 1, Monday,630,60.7
switch,lgw,Year 1, spring 1, Monday,640,15.9
switch,lgw,Year 1, spring 1, Monday,650,17.7
switch,lgw,Year 1, spring 1, Monday,700,22.5
switch,lgw,Year 1, spring 1, Monday,710,17.1
switch,lgw,Year 1, spring 1, Monday,720,18.4
switch,lgw,Year 1, spring 1, Monday,730,18.6
switch,lgw,Year 1, spring 1, Monday,740,17.4
switch,lgw,Year 1, spring 1, Monday,750,19.0
switch,lgw,Year 1, spring 1, Monday,800,25.3
switch,lgw,Year 1, spring 1, Monday,810,18.6
switch,lgw,Year 1, spring 1, Monday,820,17.3
switch,lgw,Year 1, spring 1, Monday,830,21.0
switch,lgw,Year 1, spring 1, Monday,840,17.2
switch,lgw,Year 1, spring 1, Monday,850,17.1
switch,lgw,Year 1, spring 1, Monday,900,17.4
switch,lgw,Year 1, spring 1, Monday,910,17.0
switch,lgw,Year 1, spring 1, Monday,920,17.0
switch,lgw,Year 1, spring 1, Monday,930,17.0
switch,lgw,Year 1, spring 1, Monday,940,18.1
switch,lgw,Year 1, spring 1, Monday,950,19.0
switch,lgw,Year 1, spring 1, Monday,1000,17.1
switch,lgw,Year 1, spring 1, Monday,1010,17.0
switch,lgw,Year 1, spring 1, Monday,1020,17.1
switch,lgw,Year 1, spring 1, Monday,1030,17.1
switch,lgw,Year 1, spring 1, Monday,1040,17.3
switch,lgw,Year 1, spring 1, Monday,1050,17.3
switch,lgw,Year 1, spring 1, Monday,1100,15.1
switchdetail,lgw,Year 1, spring 1, Monday,600,0,0.0
switchdetail,lgw,Year 1, spring 1, Monday,610,0,0.0
switchdetail,lgw,Year 1, spring 1, Monday,620,0,0.0
switchdetail,lgw,Year 1, spring 1, Monday,630,0,0.0
switchdetail,lgw,Year 1, spring 1, Monday,640,0,0.0
switchdetail,lgw,Year 1, spring 1, Monday,650,0,0.0
switchdetail,lgw,Year 1, spring 1, Monday,700,0,0.0
switchdetail,lgw,Year 1, spring 1, Monday,710,0,0.0
switchdetail,lgw,Year 1, spring 1, Monday,720,0,0.0
switchdetail,lgw,Year 1, spring 1, Monday,730,0,0.0
switchdetail,lgw,Year 1, spring 1, Monday,740,0,0.0
switchdetail,lgw,Year 1, spring 1, Monday,750,0,0.0
switchdetail,lgw,Year 1, spring 1, Monday,800,0,0.0
switchdetail,lgw,Year 1, spring 1, Monday,810,0,0.0
switchdetail,lgw,Year 1, spring 1, Monday,820,0,0.0
switchdetail,lgw,Year 1, spring 1, Monday,830,0,0.0
switchdetail,lgw,Year 1, spring 1, Monday,840,0,0.0
switchdetail,lgw,Year 1, spring 1, Monday,850,0,0.0
switchdetail,lgw,Year 1, spring 1, Monday,900,0,0.0
switchdetail,lgw,Year 1, spring 1, Monday,910,0,0.0
switchdetail,lgw,Year 1, spring 1, Monday,920,0,0.0
switchdetail,lgw,Year 1, spring 1, Monday,930,0,0.0
switchdetail,lgw,Year 1, spring 1, Monday,940,0,0.0
switchdetail,lgw,Year 1, spring 1, Monday,950,0,0.0
switchdetail,lgw,Year 1, spring 1, Monday,1000,0,0.0
switchdetail,lgw,Year 1, spring 1, Monday,1010,0,0.0
switchdetail,lgw,Year 1, spring 1, Monday,1020,0,0.0
switchdetail,lgw,Year 1, spring 1, Monday,1030,0,0.0
switchdetail,lgw,Year 1, spring 1, Monday,1040,0,0.0
switchdetail,lgw,Year 1, spring 1, Monday,1050,0,0.0
lag,lgw,Year 1, spring 1, Monday,7635,120.3
lag,lgw,Year 1, spring 1, Monday,8105,58.2
lag,lgw,Year 1, spring 1, Monday,8108,78.8
lag,lgw,Year 1, spring 1, Monday,8765,3854.8
lag,lgw,Year 1, spring 1, Monday,8766,106.8
lag,lgw,Year 1, spring 1, Monday,8942,80.9
lag,lgw,Year 1, spring 1, Monday,9237,127.5
lag,lgw,Year 1, spring 1, Monday,9357,89.1
lag,lgw,Year 1, spring 1, Monday,9529,60.7
frame,lgw,Year 1, spring 1, Monday,11120,16.6
frame,lgw,Year 1, spring 1, Monday,11121,16.7
frame,lgw,Year 1, spring 1, Monday,11122,16.6
frame,lgw,Year 1, spring 1, Monday,11123,16.7
frame,lgw,Year 1, spring 1, Monday,11124,16.6
frame,lgw,Year 1, spring 1, Monday,11125,16.8
frame,lgw,Year 1, spring 1, Monday,11126,16.5
frame,lgw,Year 1, spring 1, Monday,11127,17.0
frame,lgw,Year 1, spring 1, Monday,11128,17.3
frame,lgw,Year 1, spring 1, Monday,11129,16.1
frame,lgw,Year 1, spring 1, Monday,11130,16.5
frame,lgw,Year 1, spring 1, Monday,11131,16.6
frame,lgw,Year 1, spring 1, Monday,11132,16.6
frame,lgw,Year 1, spring 1, Monday,11133,16.8
frame,lgw,Year 1, spring 1, Monday,11134,16.6
frame,lgw,Year 1, spring 1, Monday,11135,16.8
frame,lgw,Year 1, spring 1, Monday,11136,16.6
frame,lgw,Year 1, spring 1, Monday,11137,16.7
frame,lgw,Year 1, spring 1, Monday,11138,16.7
frame,lgw,Year 1, spring 1, Monday,11139,16.8
frame,lgw,Year 1, spring 1, Monday,11140,16.6
frame,lgw,Year 1, spring 1, Monday,11141,16.6
frame,lgw,Year 1, spring 1, Monday,11142,16.7
frame,lgw,Year 1, spring 1, Monday,11143,16.8
frame,lgw,Year 1, spring 1, Monday,11144,16.6
frame,lgw,Year 1, spring 1, Monday,11145,16.7
frame,lgw,Year 1, spring 1, Monday,11146,16.9
frame,lgw,Year 1, spring 1, Monday,11147,16.4
frame,lgw,Year 1, spring 1, Monday,11148,16.6
frame,lgw,Year 1, spring 1, Monday,11149,16.6
frame,lgw,Year 1, spring 1, Monday,11150,16.7
frame,lgw,Year 1, spring 1, Monday,11151,16.7
frame,lgw,Year 1, spring 1, Monday,11152,16.8
frame,lgw,Year 1, spring 1, Monday,11153,16.7
frame,lgw,Year 1, spring 1, Monday,11154,16.5
frame,lgw,Year 1, spring 1, Monday,11155,16.7
frame,lgw,Year 1, spring 1, Monday,11156,16.7
frame,lgw,Year 1, spring 1, Monday,11157,16.7
frame,lgw,Year 1, spring 1, Monday,11158,16.7
frame,lgw,Year 1, spring 1, Monday,11159,16.6
frame,lgw,Year 1, spring 1, Monday,11160,16.7
frame,lgw,Year 1, spring 1, Monday,11161,16.7
frame,lgw,Year 1, spring 1, Monday,11162,16.6
frame,lgw,Year 1, spring 1, Monday,11163,16.8
frame,lgw,Year 1, spring 1, Monday,11164,16.6
frame,lgw,Year 1, spring 1, Monday,11165,16.6
frame,lgw,Year 1, spring 1, Monday,11166,16.9
frame,lgw,Year 1, spring 1, Monday,11167,16.5
frame,lgw,Year 1, spring 1, Monday,11168,16.7
frame,lgw,Year 1, spring 1, Monday,11169,16.7
frame,lgw,Year 1, spring 1, Monday,11170,16.5
frame,lgw,Year 1, spring 1, Monday,11171,16.6
frame,lgw,Year 1, spring 1, Monday,11172,16.7
frame,lgw,Year 1, spring 1, Monday,11173,16.7
frame,lgw,Year 1, spring 1, Monday,11174,16.7
frame,lgw,Year 1, spring 1, Monday,11175,16.7
frame,lgw,Year 1, spring 1, Monday,11176,16.6
frame,lgw,Year 1, spring 1, Monday,11177,16.7
frame,lgw,Year 1, spring 1, Monday,11178,17.2
frame,lgw,Year 1, spring 1, Monday,11179,16.1
frame,lgw,Year 1, spring 1, Monday,11180,17.8
frame,lgw,Year 1, spring 1, Monday,11181,15.6
frame,lgw,Year 1, spring 1, Monday,11182,16.6
frame,lgw,Year 1, spring 1, Monday,11183,16.6
frame,lgw,Year 1, spring 1, Monday,11184,16.6
frame,lgw,Year 1, spring 1, Monday,11185,16.7
frame,lgw,Year 1, spring 1, Monday,11186,16.7
frame,lgw,Year 1, spring 1, Monday,11187,16.6
frame,lgw,Year 1, spring 1, Monday,11188,16.6
frame,lgw,Year 1, spring 1, Monday,11189,16.7
frame,lgw,Year 1, spring 1, Monday,11190,16.8
frame,lgw,Year 1, spring 1, Monday,11191,16.4
frame,lgw,Year 1, spring 1, Monday,11192,17.3
frame,lgw,Year 1, spring 1, Monday,11193,16.5
frame,lgw,Year 1, spring 1, Monday,11194,16.4
frame,lgw,Year 1, spring 1, Monday,11195,16.6
frame,lgw,Year 1, spring 1, Monday,11196,16.6
frame,lgw,Year 1, spring 1, Monday,11197,16.6
frame,lgw,Year 1, spring 1, Monday,11198,16.8
frame,lgw,Year 1, spring 1, Monday,11199,16.6
frame,lgw,Year 1, spring 1, Monday,11200,16.7
frame,lgw,Year 1, spring 1, Monday,11201,16.7
frame,lgw,Year 1, spring 1, Monday,11202,16.7
frame,lgw,Year 1, spring 1, Monday,11203,16.6
frame,lgw,Year 1, spring 1, Monday,11204,16.8
frame,lgw,Year 1, spring 1, Monday,11205,16.6
frame,lgw,Year 1, spring 1, Monday,11206,17.4
frame,lgw,Year 1, spring 1, Monday,11207,16.2
frame,lgw,Year 1, spring 1, Monday,11208,16.4
frame,lgw,Year 1, spring 1, Monday,11209,16.7
frame,lgw,Year 1, spring 1, Monday,11210,16.7
frame,lgw,Year 1, spring 1, Monday,11211,16.5
frame,lgw,Year 1, spring 1, Monday,11212,16.6
frame,lgw,Year 1, spring 1, Monday,11213,16.7
frame,lgw,Year 1, spring 1, Monday,11214,16.6
frame,lgw,Year 1, spring 1, Monday,11215,16.7
frame,lgw,Year 1, spring 1, Monday,11216,16.6
frame,lgw,Year 1, spring 1, Monday,11217,16.7
frame,lgw,Year 1, spring 1, Monday,11218,16.6
frame,lgw,Year 1, spring 1, Monday,11219,16.9
frame,lgw,Year 1, spring 1, Monday,11220,16.6
frame,lgw,Year 1, spring 1, Monday,11221,16.5
frame,lgw,Year 1, spring 1, Monday,11222,16.7
frame,lgw,Year 1, spring 1, Monday,11223,16.7
frame,lgw,Year 1, spring 1, Monday,11224,16.7
frame,lgw,Year 1, spring 1, Monday,11225,16.6
frame,lgw,Year 1, spring 1, Monday,11226,16.6
frame,lgw,Year 1, spring 1, Monday,11227,16.7
frame,lgw,Year 1, spring 1, Monday,11228,16.7
frame,lgw,Year 1, spring 1, Monday,11229,16.7
frame,lgw,Year 1, spring 1, Monday,11230,16.7
frame,lgw,Year 1, spring 1, Monday,11231,16.5
frame,lgw,Year 1, spring 1, Monday,11232,16.8
frame,lgw,Year 1, spring 1, Monday,11233,16.7
frame,lgw,Year 1, spring 1, Monday,11234,16.5
frame,lgw,Year 1, spring 1, Monday,11235,16.8
frame,lgw,Year 1, spring 1, Monday,11236,16.6
frame,lgw,Year 1, spring 1, Monday,11237,16.7
frame,lgw,Year 1, spring 1, Monday,11238,16.8
frame,lgw,Year 1, spring 1, Monday,11239,16.5
frame,lgw,Year 1, spring 1, Monday,11240,16.7
frame,lgw,Year 1, spring 1, Monday,11241,16.8
frame,lgw,Year 1, spring 1, Monday,11242,16.6
frame,lgw,Year 1, spring 1, Monday,11243,16.6
frame,lgw,Year 1, spring 1, Monday,11244,17.0
frame,lgw,Year 1, spring 1, Monday,11245,16.4
frame,lgw,Year 1, spring 1, Monday,11246,16.6
frame,lgw,Year 1, spring 1, Monday,11247,16.7
frame,lgw,Year 1, spring 1, Monday,11248,16.6
frame,lgw,Year 1, spring 1, Monday,11249,16.7
frame,lgw,Year 1, spring 1, Monday,11250,16.8
frame,lgw,Year 1, spring 1, Monday,11251,16.5
frame,lgw,Year 1, spring 1, Monday,11252,16.7
frame,lgw,Year 1, spring 1, Monday,11253,16.7
frame,lgw,Year 1, spring 1, Monday,11254,16.7
frame,lgw,Year 1, spring 1, Monday,11255,18.9
frame,lgw,Year 1, spring 1, Monday,11256,15.1
frame,lgw,Year 1, spring 1, Monday,11257,16.4
frame,lgw,Year 1, spring 1, Monday,11258,16.3
frame,lgw,Year 1, spring 1, Monday,11259,16.9
frame,lgw,Year 1, spring 1, Monday,11260,16.5
frame,lgw,Year 1, spring 1, Monday,11261,16.6
frame,lgw,Year 1, spring 1, Monday,11262,16.7
frame,lgw,Year 1, spring 1, Monday,11263,17.5
frame,lgw,Year 1, spring 1, Monday,11264,15.9
frame,lgw,Year 1, spring 1, Monday,11265,16.6
frame,lgw,Year 1, spring 1, Monday,11266,16.8
frame,lgw,Year 1, spring 1, Monday,11267,17.5
frame,lgw,Year 1, spring 1, Monday,11268,15.7
frame,lgw,Year 1, spring 1, Monday,11269,16.8
frame,lgw,Year 1, spring 1, Monday,11270,16.8
frame,lgw,Year 1, spring 1, Monday,11271,16.3
frame,lgw,Year 1, spring 1, Monday,11272,16.7
frame,lgw,Year 1, spring 1, Monday,11273,16.6
frame,lgw,Year 1, spring 1, Monday,11274,16.7
frame,lgw,Year 1, spring 1, Monday,11275,16.6
frame,lgw,Year 1, spring 1, Monday,11276,16.7
frame,lgw,Year 1, spring 1, Monday,11277,16.7
frame,lgw,Year 1, spring 1, Monday,11278,16.7
frame,lgw,Year 1, spring 1, Monday,11279,16.7
frame,lgw,Year 1, spring 1, Monday,11280,16.7
frame,lgw,Year 1, spring 1, Monday,11281,16.7
frame,lgw,Year 1, spring 1, Monday,11282,16.9
frame,lgw,Year 1, spring 1, Monday,11283,16.6
frame,lgw,Year 1, spring 1, Monday,11284,16.7
frame,lgw,Year 1, spring 1, Monday,11285,16.6
frame,lgw,Year 1, spring 1, Monday,11286,16.6
frame,lgw,Year 1, spring 1, Monday,11287,16.7
frame,lgw,Year 1, spring 1, Monday,11288,16.7
frame,lgw,Year 1, spring 1, Monday,11289,16.6
frame,lgw,Year 1, spring 1, Monday,11290,16.8
frame,lgw,Year 1, spring 1, Monday,11291,16.5
frame,lgw,Year 1, spring 1, Monday,11292,16.6
frame,lgw,Year 1, spring 1, Monday,11293,34.3
frame,lgw,Year 1, spring 1, Monday,11294,3.1
frame,lgw,Year 1, spring 1, Monday,11295,12.9
frame,lgw,Year 1, spring 1, Monday,11296,16.7
frame,lgw,Year 1, spring 1, Monday,11297,16.5
frame,lgw,Year 1, spring 1, Monday,11298,16.7
frame,lgw,Year 1, spring 1, Monday,11299,16.6
frame,lgw,Year 1, spring 1, Monday,11300,16.7
frame,lgw,Year 1, spring 1, Monday,11301,16.7
frame,lgw,Year 1, spring 1, Monday,11302,16.7
frame,lgw,Year 1, spring 1, Monday,11303,16.6
frame,lgw,Year 1, spring 1, Monday,11304,16.7
frame,lgw,Year 1, spring 1, Monday,11305,16.9
frame,lgw,Year 1, spring 1, Monday,11306,16.7
frame,lgw,Year 1, spring 1, Monday,11307,16.7
frame,lgw,Year 1, spring 1, Monday,11308,16.7
frame,lgw,Year 1, spring 1, Monday,11309,16.7
frame,lgw,Year 1, spring 1, Monday,11310,16.8
frame,lgw,Year 1, spring 1, Monday,11311,16.5
frame,lgw,Year 1, spring 1, Monday,11312,16.7
frame,lgw,Year 1, spring 1, Monday,11313,16.5
frame,lgw,Year 1, spring 1, Monday,11314,16.6
frame,lgw,Year 1, spring 1, Monday,11315,16.6
frame,lgw,Year 1, spring 1, Monday,11316,16.7
frame,lgw,Year 1, spring 1, Monday,11317,16.6
frame,lgw,Year 1, spring 1, Monday,11318,16.7
frame,lgw,Year 1, spring 1, Monday,11319,16.8
frame,lgw,Year 1, spring 1, Monday,11320,17.1
frame,lgw,Year 1, spring 1, Monday,11321,16.3
frame,lgw,Year 1, spring 1, Monday,11322,16.5
frame,lgw,Year 1, spring 1, Monday,11323,16.6
frame,lgw,Year 1, spring 1, Monday,11324,16.7
frame,lgw,Year 1, spring 1, Monday,11325,16.7
frame,lgw,Year 1, spring 1, Monday,11326,16.7
frame,lgw,Year 1, spring 1, Monday,11327,16.7
frame,lgw,Year 1, spring 1, Monday,11328,16.6
frame,lgw,Year 1, spring 1, Monday,11329,16.6
frame,lgw,Year 1, spring 1, Monday,11330,16.8
frame,lgw,Year 1, spring 1, Monday,11331,16.5
frame,lgw,Year 1, spring 1, Monday,11332,16.7
frame,lgw,Year 1, spring 1, Monday,11333,16.7
frame,lgw,Year 1, spring 1, Monday,11334,16.8
frame,lgw,Year 1, spring 1, Monday,11335,16.5
frame,lgw,Year 1, spring 1, Monday,11336,16.7
frame,lgw,Year 1, spring 1, Monday,11337,16.6
frame,lgw,Year 1, spring 1, Monday,11338,16.7
frame,lgw,Year 1, spring 1, Monday,11339,16.6
frame,lgw,Year 1, spring 1, Monday,11340,16.7
frame,lgw,Year 1, spring 1, Monday,11341,16.6
frame,lgw,Year 1, spring 1, Monday,11342,16.7
frame,lgw,Year 1, spring 1, Monday,11343,16.7
frame,lgw,Year 1, spring 1, Monday,11344,16.8
frame,lgw,Year 1, spring 1, Monday,11345,16.5
frame,lgw,Year 1, spring 1, Monday,11346,16.6
frame,lgw,Year 1, spring 1, Monday,11347,16.7
frame,lgw,Year 1, spring 1, Monday,11348,16.7
frame,lgw,Year 1, spring 1, Monday,11349,16.6
frame,lgw,Year 1, spring 1, Monday,11350,16.8
frame,lgw,Year 1, spring 1, Monday,11351,16.5
frame,lgw,Year 1, spring 1, Monday,11352,16.6
frame,lgw,Year 1, spring 1, Monday,11353,16.7
frame,lgw,Year 1, spring 1, Monday,11354,16.6
frame,lgw,Year 1, spring 1, Monday,11355,16.7
frame,lgw,Year 1, spring 1, Monday,11356,16.8
frame,lgw,Year 1, spring 1, Monday,11357,16.6
frame,lgw,Year 1, spring 1, Monday,11358,16.8
frame,lgw,Year 1, spring 1, Monday,11359,16.6
frame,lgw,Year 1, spring 1, Monday,11360,16.7
frame,lgw,Year 1, spring 1, Monday,11361,16.7
frame,lgw,Year 1, spring 1, Monday,11362,17.6
frame,lgw,Year 1, spring 1, Monday,11363,15.7
frame,lgw,Year 1, spring 1, Monday,11364,16.7
frame,lgw,Year 1, spring 1, Monday,11365,16.6
frame,lgw,Year 1, spring 1, Monday,11366,16.7
frame,lgw,Year 1, spring 1, Monday,11367,16.6
frame,lgw,Year 1, spring 1, Monday,11368,16.7
frame,lgw,Year 1, spring 1, Monday,11369,16.8
frame,lgw,Year 1, spring 1, Monday,11370,16.8
frame,lgw,Year 1, spring 1, Monday,11371,16.4
frame,lgw,Year 1, spring 1, Monday,11372,16.8
frame,lgw,Year 1, spring 1, Monday,11373,16.8
frame,lgw,Year 1, spring 1, Monday,11374,16.5
frame,lgw,Year 1, spring 1, Monday,11375,16.8
frame,lgw,Year 1, spring 1, Monday,11376,16.6
frame,lgw,Year 1, spring 1, Monday,11377,16.7
frame,lgw,Year 1, spring 1, Monday,11378,16.6
frame,lgw,Year 1, spring 1, Monday,11379,16.7
frame,lgw,Year 1, spring 1, Monday,11380,16.8
frame,lgw,Year 1, spring 1, Monday,11381,16.6
frame,lgw,Year 1, spring 1, Monday,11382,16.6
frame,lgw,Year 1, spring 1, Monday,11383,16.6
frame,lgw,Year 1, spring 1, Monday,11384,16.7
frame,lgw,Year 1, spring 1, Monday,11385,16.6
frame,lgw,Year 1, spring 1, Monday,11386,16.7
frame,lgw,Year 1, spring 1, Monday,11387,16.7
frame,lgw,Year 1, spring 1, Monday,11388,16.6
frame,lgw,Year 1, spring 1, Monday,11389,16.6
frame,lgw,Year 1, spring 1, Monday,11390,16.8
frame,lgw,Year 1, spring 1, Monday,11391,16.6
frame,lgw,Year 1, spring 1, Monday,11392,16.7
frame,lgw,Year 1, spring 1, Monday,11393,16.7
frame,lgw,Year 1, spring 1, Monday,11394,17.3
frame,lgw,Year 1, spring 1, Monday,11395,16.1
frame,lgw,Year 1, spring 1, Monday,11396,16.6
frame,lgw,Year 1, spring 1, Monday,11397,16.8
frame,lgw,Year 1, spring 1, Monday,11398,16.5
frame,lgw,Year 1, spring 1, Monday,11399,16.7
frame,lgw,Year 1, spring 1, Monday,11400,16.7
frame,lgw,Year 1, spring 1, Monday,11401,16.6
frame,lgw,Year 1, spring 1, Monday,11402,16.7
frame,lgw,Year 1, spring 1, Monday,11403,16.6
frame,lgw,Year 1, spring 1, Monday,11404,16.9
frame,lgw,Year 1, spring 1, Monday,11405,16.7
frame,lgw,Year 1, spring 1, Monday,11406,16.5
frame,lgw,Year 1, spring 1, Monday,11407,16.6
frame,lgw,Year 1, spring 1, Monday,11408,16.7
frame,lgw,Year 1, spring 1, Monday,11409,16.7
frame,lgw,Year 1, spring 1, Monday,11410,16.8
frame,lgw,Year 1, spring 1, Monday,11411,16.6
frame,lgw,Year 1, spring 1, Monday,11412,16.6
frame,lgw,Year 1, spring 1, Monday,11413,16.6
frame,lgw,Year 1, spring 1, Monday,11414,16.7
frame,lgw,Year 1, spring 1, Monday,11415,16.8
frame,lgw,Year 1, spring 1, Monday,11416,16.6
frame,lgw,Year 1, spring 1, Monday,11417,16.7
frame,lgw,Year 1, spring 1, Monday,11418,16.7
frame,lgw,Year 1, spring 1, Monday,11419,16.8
frame,lgw,Year 1, spring 1, Monday,11420,16.6
frame,lgw,Year 1, spring 1, Monday,11421,16.7
frame,lgw,Year 1, spring 1, Monday,11422,16.6
frame,lgw,Year 1, spring 1, Monday,11423,16.7
frame,lgw,Year 1, spring 1, Monday,11424,16.7
frame,lgw,Year 1, spring 1, Monday,11425,16.6
frame,lgw,Year 1, spring 1, Monday,11426,16.7
frame,lgw,Year 1, spring 1, Monday,11427,16.7
frame,lgw,Year 1, spring 1, Monday,11428,16.7
frame,lgw,Year 1, spring 1, Monday,11429,16.7
frame,lgw,Year 1, spring 1, Monday,11430,16.8
frame,lgw,Year 1, spring 1, Monday,11431,16.5
frame,lgw,Year 1, spring 1, Monday,11432,16.7
frame,lgw,Year 1, spring 1, Monday,11433,16.6
frame,lgw,Year 1, spring 1, Monday,11434,16.7
frame,lgw,Year 1, spring 1, Monday,11435,16.7
frame,lgw,Year 1, spring 1, Monday,11436,16.6
frame,lgw,Year 1, spring 1, Monday,11437,16.7
frame,lgw,Year 1, spring 1, Monday,11438,16.7
frame,lgw,Year 1, spring 1, Monday,11439,16.7
frame,lgw,Year 1, spring 1, Monday,11440,16.8
frame,lgw,Year 1, spring 1, Monday,11441,16.5
frame,lgw,Year 1, spring 1, Monday,11442,16.7
frame,lgw,Year 1, spring 1, Monday,11443,16.6
frame,lgw,Year 1, spring 1, Monday,11444,16.8
frame,lgw,Year 1, spring 1, Monday,11445,16.6
frame,lgw,Year 1, spring 1, Monday,11446,16.6
frame,lgw,Year 1, spring 1, Monday,11447,16.8
frame,lgw,Year 1, spring 1, Monday,11448,16.7
frame,lgw,Year 1, spring 1, Monday,11449,16.6
frame,lgw,Year 1, spring 1, Monday,11450,16.7
frame,lgw,Year 1, spring 1, Monday,11451,16.6
frame,lgw,Year 1, spring 1, Monday,11452,16.7
frame,lgw,Year 1, spring 1, Monday,11453,16.6
frame,lgw,Year 1, spring 1, Monday,11454,16.6
frame,lgw,Year 1, spring 1, Monday,11455,16.7
frame,lgw,Year 1, spring 1, Monday,11456,16.6
frame,lgw,Year 1, spring 1, Monday,11457,16.7
frame,lgw,Year 1, spring 1, Monday,11458,16.6
frame,lgw,Year 1, spring 1, Monday,11459,16.7
frame,lgw,Year 1, spring 1, Monday,11460,16.6
frame,lgw,Year 1, spring 1, Monday,11461,16.7
frame,lgw,Year 1, spring 1, Monday,11462,16.7
frame,lgw,Year 1, spring 1, Monday,11463,16.6
frame,lgw,Year 1, spring 1, Monday,11464,16.7
frame,lgw,Year 1, spring 1, Monday,11465,16.9
frame,lgw,Year 1, spring 1, Monday,11466,16.5
frame,lgw,Year 1, spring 1, Monday,11467,16.7
frame,lgw,Year 1, spring 1, Monday,11468,16.6
frame,lgw,Year 1, spring 1, Monday,11469,17.0
frame,lgw,Year 1, spring 1, Monday,11470,16.6
frame,lgw,Year 1, spring 1, Monday,11471,17.2
frame,lgw,Year 1, spring 1, Monday,11472,16.3
frame,lgw,Year 1, spring 1, Monday,11473,16.1
frame,lgw,Year 1, spring 1, Monday,11474,16.7
frame,lgw,Year 1, spring 1, Monday,11475,16.7
frame,lgw,Year 1, spring 1, Monday,11476,16.6
frame,lgw,Year 1, spring 1, Monday,11477,16.7
frame,lgw,Year 1, spring 1, Monday,11478,16.7
frame,lgw,Year 1, spring 1, Monday,11479,16.6
frame,lgw,Year 1, spring 1, Monday,11480,17.3
frame,lgw,Year 1, spring 1, Monday,11481,16.2
frame,lgw,Year 1, spring 1, Monday,11482,16.7
frame,lgw,Year 1, spring 1, Monday,11483,16.5
frame,lgw,Year 1, spring 1, Monday,11484,16.7
frame,lgw,Year 1, spring 1, Monday,11485,16.7
frame,lgw,Year 1, spring 1, Monday,11486,16.7
frame,lgw,Year 1, spring 1, Monday,11487,16.6
frame,lgw,Year 1, spring 1, Monday,11488,16.6
frame,lgw,Year 1, spring 1, Monday,11489,16.7
frame,lgw,Year 1, spring 1, Monday,11490,16.9
frame,lgw,Year 1, spring 1, Monday,11491,16.4
frame,lgw,Year 1, spring 1, Monday,11492,16.7
frame,lgw,Year 1, spring 1, Monday,11493,16.7
frame,lgw,Year 1, spring 1, Monday,11494,16.8
frame,lgw,Year 1, spring 1, Monday,11495,16.6
frame,lgw,Year 1, spring 1, Monday,11496,16.7
frame,lgw,Year 1, spring 1, Monday,11497,16.6
frame,lgw,Year 1, spring 1, Monday,11498,16.7
frame,lgw,Year 1, spring 1, Monday,11499,16.6
frame,lgw,Year 1, spring 1, Monday,11500,16.8
frame,lgw,Year 1, spring 1, Monday,11501,16.9
frame,lgw,Year 1, spring 1, Monday,11502,16.4
frame,lgw,Year 1, spring 1, Monday,11503,16.7
frame,lgw,Year 1, spring 1, Monday,11504,16.6
frame,lgw,Year 1, spring 1, Monday,11505,16.7
frame,lgw,Year 1, spring 1, Monday,11506,16.7
frame,lgw,Year 1, spring 1, Monday,11507,17.0
frame,lgw,Year 1, spring 1, Monday,11508,16.4
frame,lgw,Year 1, spring 1, Monday,11509,16.7
frame,lgw,Year 1, spring 1, Monday,11510,16.8
frame,lgw,Year 1, spring 1, Monday,11511,16.5
frame,lgw,Year 1, spring 1, Monday,11512,16.7
frame,lgw,Year 1, spring 1, Monday,11513,16.6
frame,lgw,Year 1, spring 1, Monday,11514,16.6
frame,lgw,Year 1, spring 1, Monday,11515,16.6
frame,lgw,Year 1, spring 1, Monday,11516,16.8
frame,lgw,Year 1, spring 1, Monday,11517,16.7
frame,lgw,Year 1, spring 1, Monday,11518,16.6
frame,lgw,Year 1, spring 1, Monday,11519,16.7
frame,lgw,Year 1, spring 1, Monday,11520,16.6
frame,lgw,Year 1, spring 1, Monday,11521,16.7
frame,lgw,Year 1, spring 1, Monday,11522,16.7
frame,lgw,Year 1, spring 1, Monday,11523,16.7
frame,lgw,Year 1, spring 1, Monday,11524,16.7
frame,lgw,Year 1, spring 1, Monday,11525,16.7
frame,lgw,Year 1, spring 1, Monday,11526,16.8
frame,lgw,Year 1, spring 1, Monday,11527,16.5
frame,lgw,Year 1, spring 1, Monday,11528,16.7
frame,lgw,Year 1, spring 1, Monday,11529,16.7
frame,lgw,Year 1, spring 1, Monday,11530,16.6
frame,lgw,Year 1, spring 1, Monday,11531,16.7
frame,lgw,Year 1, spring 1, Monday,11532,16.7
frame,lgw,Year 1, spring 1, Monday,11533,16.7
frame,lgw,Year 1, spring 1, Monday,11534,16.6
frame,lgw,Year 1, spring 1, Monday,11535,16.7
frame,lgw,Year 1, spring 1, Monday,11536,16.7
frame,lgw,Year 1, spring 1, Monday,11537,16.7
frame,lgw,Year 1, spring 1, Monday,11538,16.9
frame,lgw,Year 1, spring 1, Monday,11539,16.5
frame,lgw,Year 1, spring 1, Monday,11540,16.6
frame,lgw,Year 1, spring 1, Monday,11541,16.8
frame,lgw,Year 1, spring 1, Monday,11542,16.6
frame,lgw,Year 1, spring 1, Monday,11543,16.7
frame,lgw,Year 1, spring 1, Monday,11544,16.7
frame,lgw,Year 1, spring 1, Monday,11545,16.6
frame,lgw,Year 1, spring 1, Monday,11546,16.7
frame,lgw,Year 1, spring 1, Monday,11547,16.6
frame,lgw,Year 1, spring 1, Monday,11548,16.7
frame,lgw,Year 1, spring 1, Monday,11549,16.6
frame,lgw,Year 1, spring 1, Monday,11550,23.3
frame,lgw,Year 1, spring 1, Monday,11551,11.3
frame,lgw,Year 1, spring 1, Monday,11552,15.3
frame,lgw,Year 1, spring 1, Monday,11553,16.6
frame,lgw,Year 1, spring 1, Monday,11554,16.7
frame,lgw,Year 1, spring 1, Monday,11555,16.8
frame,lgw,Year 1, spring 1, Monday,11556,16.6
frame,lgw,Year 1, spring 1, Monday,11557,16.6
frame,lgw,Year 1, spring 1, Monday,11558,16.6
frame,lgw,Year 1, spring 1, Monday,11559,16.7
frame,lgw,Year 1, spring 1, Monday,11560,16.7
frame,lgw,Year 1, spring 1, Monday,11561,16.7
frame,lgw,Year 1, spring 1, Monday,11562,16.7
frame,lgw,Year 1, spring 1, Monday,11563,16.7
frame,lgw,Year 1, spring 1, Monday,11564,16.6
frame,lgw,Year 1, spring 1, Monday,11565,16.6
frame,lgw,Year 1, spring 1, Monday,11566,16.8
frame,lgw,Year 1, spring 1, Monday,11567,16.5
frame,lgw,Year 1, spring 1, Monday,11568,16.7
frame,lgw,Year 1, spring 1, Monday,11569,16.7
frame,lgw,Year 1, spring 1, Monday,11570,16.6
frame,lgw,Year 1, spring 1, Monday,11571,16.6
frame,lgw,Year 1, spring 1, Monday,11572,16.7
frame,lgw,Year 1, spring 1, Monday,11573,16.7
frame,lgw,Year 1, spring 1, Monday,11574,16.7
frame,lgw,Year 1, spring 1, Monday,11575,16.6
frame,lgw,Year 1, spring 1, Monday,11576,16.7
frame,lgw,Year 1, spring 1, Monday,11577,16.7
frame,lgw,Year 1, spring 1, Monday,11578,16.6
frame,lgw,Year 1, spring 1, Monday,11579,16.7
frame,lgw,Year 1, spring 1, Monday,11580,16.8
frame,lgw,Year 1, spring 1, Monday,11581,16.5
frame,lgw,Year 1, spring 1, Monday,11582,16.7
frame,lgw,Year 1, spring 1, Monday,11583,16.7
frame,lgw,Year 1, spring 1, Monday,11584,16.7
frame,lgw,Year 1, spring 1, Monday,11585,16.6
frame,lgw,Year 1, spring 1, Monday,11586,16.9
frame,lgw,Year 1, spring 1, Monday,11587,16.5
frame,lgw,Year 1, spring 1, Monday,11588,16.7
frame,lgw,Year 1, spring 1, Monday,11589,16.4
frame,lgw,Year 1, spring 1, Monday,11590,16.7
frame,lgw,Year 1, spring 1, Monday,11591,16.7
frame,lgw,Year 1, spring 1, Monday,11592,17.0
frame,lgw,Year 1, spring 1, Monday,11593,16.5
frame,lgw,Year 1, spring 1, Monday,11594,16.8
frame,lgw,Year 1, spring 1, Monday,11595,16.6
frame,lgw,Year 1, spring 1, Monday,11596,16.6
frame,lgw,Year 1, spring 1, Monday,11597,16.7
frame,lgw,Year 1, spring 1, Monday,11598,16.8
frame,lgw,Year 1, spring 1, Monday,11599,16.6
frame,lgw,Year 1, spring 1, Monday,11600,16.7
frame,lgw,Year 1, spring 1, Monday,11601,16.6
frame,lgw,Year 1, spring 1, Monday,11602,16.7
frame,lgw,Year 1, spring 1, Monday,11603,16.7
frame,lgw,Year 1, spring 1, Monday,11604,16.7
frame,lgw,Year 1, spring 1, Monday,11605,16.8
frame,lgw,Year 1, spring 1, Monday,11606,16.5
frame,lgw,Year 1, spring 1, Monday,11607,16.8
frame,lgw,Year 1, spring 1, Monday,11608,16.5
frame,lgw,Year 1, spring 1, Monday,11609,16.6
frame,lgw,Year 1, spring 1, Monday,11610,16.6
frame,lgw,Year 1, spring 1, Monday,11611,16.7
frame,lgw,Year 1, spring 1, Monday,11612,16.8
frame,lgw,Year 1, spring 1, Monday,11613,16.5
frame,lgw,Year 1, spring 1, Monday,11614,16.7
frame,lgw,Year 1, spring 1, Monday,11615,16.7
frame,lgw,Year 1, spring 1, Monday,11616,16.8
frame,lgw,Year 1, spring 1, Monday,11617,16.6
frame,lgw,Year 1, spring 1, Monday,11618,16.9
frame,lgw,Year 1, spring 1, Monday,11619,16.5
frame,lgw,Year 1, spring 1, Monday,11620,16.7
frame,lgw,Year 1, spring 1, Monday,11621,16.6
frame,lgw,Year 1, spring 1, Monday,11622,16.6
frame,lgw,Year 1, spring 1, Monday,11623,16.6
frame,lgw,Year 1, spring 1, Monday,11624,16.8
frame,lgw,Year 1, spring 1, Monday,11625,16.6
frame,lgw,Year 1, spring 1, Monday,11626,16.7
frame,lgw,Year 1, spring 1, Monday,11627,16.7
frame,lgw,Year 1, spring 1, Monday,11628,16.7
frame,lgw,Year 1, spring 1, Monday,11629,16.6
frame,lgw,Year 1, spring 1, Monday,11630,16.6
frame,lgw,Year 1, spring 1, Monday,11631,16.7
frame,lgw,Year 1, spring 1, Monday,11632,16.8
frame,lgw,Year 1, spring 1, Monday,11633,16.5
frame,lgw,Year 1, spring 1, Monday,11634,16.6
frame,lgw,Year 1, spring 1, Monday,11635,16.7
frame,lgw,Year 1, spring 1, Monday,11636,16.7
frame,lgw,Year 1, spring 1, Monday,11637,16.7
frame,lgw,Year 1, spring 1, Monday,11638,16.7
frame,lgw,Year 1, spring 1, Monday,11639,16.7
frame,lgw,Year 1, spring 1, Monday,11640,16.6
frame,lgw,Year 1, spring 1, Monday,11641,17.0
frame,lgw,Year 1, spring 1, Monday,11642,16.3
frame,lgw,Year 1, spring 1, Monday,11643,16.7
frame,lgw,Year 1, spring 1, Monday,11644,16.7
frame,lgw,Year 1, spring 1, Monday,11645,16.9
frame,lgw,Year 1, spring 1, Monday,11646,16.6
frame,lgw,Year 1, spring 1, Monday,11647,16.6
frame,lgw,Year 1, spring 1, Monday,11648,16.7
frame,lgw,Year 1, spring 1, Monday,11649,16.6
frame,lgw,Year 1, spring 1, Monday,11650,16.7
frame,lgw,Year 1, spring 1, Monday,11651,16.7
frame,lgw,Year 1, spring 1, Monday,11652,16.8
frame,lgw,Year 1, spring 1, Monday,11653,16.5
frame,lgw,Year 1, spring 1, Monday,11654,16.6
frame,lgw,Year 1, spring 1, Monday,11655,16.7
frame,lgw,Year 1, spring 1, Monday,11656,16.7
frame,lgw,Year 1, spring 1, Monday,11657,16.9
frame,lgw,Year 1, spring 1, Monday,11658,16.5
frame,lgw,Year 1, spring 1, Monday,11659,16.6
frame,lgw,Year 1, spring 1, Monday,11660,16.6
frame,lgw,Year 1, spring 1, Monday,11661,16.6
frame,lgw,Year 1, spring 1, Monday,11662,16.7
frame,lgw,Year 1, spring 1, Monday,11663,16.6
frame,lgw,Year 1, spring 1, Monday,11664,16.6
frame,lgw,Year 1, spring 1, Monday,11665,16.7
frame,lgw,Year 1, spring 1, Monday,11666,16.6
frame,lgw,Year 1, spring 1, Monday,11667,16.7
frame,lgw,Year 1, spring 1, Monday,11668,16.6
frame,lgw,Year 1, spring 1, Monday,11669,16.8
frame,lgw,Year 1, spring 1, Monday,11670,16.8
frame,lgw,Year 1, spring 1, Monday,11671,16.5
frame,lgw,Year 1, spring 1, Monday,11672,16.8
frame,lgw,Year 1, spring 1, Monday,11673,16.5
frame,lgw,Year 1, spring 1, Monday,11674,16.7
frame,lgw,Year 1, spring 1, Monday,11675,16.6
frame,lgw,Year 1, spring 1, Monday,11676,16.6
frame,lgw,Year 1, spring 1, Monday,11677,16.7
frame,lgw,Year 1, spring 1, Monday,11678,16.7
frame,lgw,Year 1, spring 1, Monday,11679,16.7
frame,lgw,Year 1, spring 1, Monday,11680,16.6
frame,lgw,Year 1, spring 1, Monday,11681,16.7
frame,lgw,Year 1, spring 1, Monday,11682,16.8
frame,lgw,Year 1, spring 1, Monday,11683,16.6
frame,lgw,Year 1, spring 1, Monday,11684,16.6
frame,lgw,Year 1, spring 1, Monday,11685,16.7
frame,lgw,Year 1, spring 1, Monday,11686,16.6
frame,lgw,Year 1, spring 1, Monday,11687,16.7
frame,lgw,Year 1, spring 1, Monday,11688,16.6
frame,lgw,Year 1, spring 1, Monday,11689,16.8
frame,lgw,Year 1, spring 1, Monday,11690,16.6
frame,lgw,Year 1, spring 1, Monday,11691,16.6
frame,lgw,Year 1, spring 1, Monday,11692,16.8
frame,lgw,Year 1, spring 1, Monday,11693,16.5
frame,lgw,Year 1, spring 1, Monday,11694,16.7
frame,lgw,Year 1, spring 1, Monday,11695,16.8
frame,lgw,Year 1, spring 1, Monday,11696,16.6
frame,lgw,Year 1, spring 1, Monday,11697,16.6
frame,lgw,Year 1, spring 1, Monday,11698,16.6
frame,lgw,Year 1, spring 1, Monday,11699,16.7
frame,lgw,Year 1, spring 1, Monday,11700,16.7
frame,lgw,Year 1, spring 1, Monday,11701,16.7
frame,lgw,Year 1, spring 1, Monday,11702,16.8
frame,lgw,Year 1, spring 1, Monday,11703,16.6
frame,lgw,Year 1, spring 1, Monday,11704,16.7
frame,lgw,Year 1, spring 1, Monday,11705,16.6
frame,lgw,Year 1, spring 1, Monday,11706,16.7
frame,lgw,Year 1, spring 1, Monday,11707,16.8
frame,lgw,Year 1, spring 1, Monday,11708,16.5
frame,lgw,Year 1, spring 1, Monday,11709,16.8
frame,lgw,Year 1, spring 1, Monday,11710,16.9
frame,lgw,Year 1, spring 1, Monday,11711,16.4
frame,lgw,Year 1, spring 1, Monday,11712,16.7
frame,lgw,Year 1, spring 1, Monday,11713,16.5
frame,lgw,Year 1, spring 1, Monday,11714,16.7
frame,lgw,Year 1, spring 1, Monday,11715,16.6
frame,lgw,Year 1, spring 1, Monday,11716,16.7
frame,lgw,Year 1, spring 1, Monday,11717,16.6
frame,lgw,Year 1, spring 1, Monday,11718,16.6
frame,lgw,Year 1, spring 1, Monday,11719,16.7
frame,lgw,Year 1, spring 1, Monday,11720,17.1
frame,lgw,Year 1, spring 1, Monday,11721,16.3
frame,lgw,Year 1, spring 1, Monday,11722,16.7
frame,lgw,Year 1, spring 1, Monday,11723,16.6
frame,lgw,Year 1, spring 1, Monday,11724,16.7
frame,lgw,Year 1, spring 1, Monday,11725,16.6
frame,lgw,Year 1, spring 1, Monday,11726,16.7
frame,lgw,Year 1, spring 1, Monday,11727,16.6
frame,lgw,Year 1, spring 1, Monday,11728,16.7
frame,lgw,Year 1, spring 1, Monday,11729,16.6
frame,lgw,Year 1, spring 1, Monday,11730,16.8
frame,lgw,Year 1, spring 1, Monday,11731,16.5
frame,lgw,Year 1, spring 1, Monday,11732,16.9
frame,lgw,Year 1, spring 1, Monday,11733,16.5
frame,lgw,Year 1, spring 1, Monday,11734,16.7
frame,lgw,Year 1, spring 1, Monday,11735,16.7
frame,lgw,Year 1, spring 1, Monday,11736,16.7
frame,lgw,Year 1, spring 1, Monday,11737,16.5
frame,lgw,Year 1, spring 1, Monday,11738,16.9
frame,lgw,Year 1, spring 1, Monday,11739,16.5
frame,lgw,Year 1, spring 1, Monday,11740,16.6
frame,lgw,Year 1, spring 1, Monday,11741,16.7
frame,lgw,Year 1, spring 1, Monday,11742,16.7
frame,lgw,Year 1, spring 1, Monday,11743,16.7
frame,lgw,Year 1, spring 1, Monday,11744,16.7
frame,lgw,Year 1, spring 1, Monday,11745,16.8
frame,lgw,Year 1, spring 1, Monday,11746,16.6
frame,lgw,Year 1, spring 1, Monday,11747,16.6
frame,lgw,Year 1, spring 1, Monday,11748,16.7
frame,lgw,Year 1, spring 1, Monday,11749,16.7
frame,lgw,Year 1, spring 1, Monday,11750,16.8
frame,lgw,Year 1, spring 1, Monday,11751,16.4
frame,lgw,Year 1, spring 1, Monday,11752,16.9
frame,lgw,Year 1, spring 1, Monday,11753,16.4
frame,lgw,Year 1, spring 1, Monday,11754,16.7
frame,lgw,Year 1, spring 1, Monday,11755,16.7
frame,lgw,Year 1, spring 1, Monday,11756,16.7
frame,lgw,Year 1, spring 1, Monday,11757,16.6
frame,lgw,Year 1, spring 1, Monday,11758,16.6
frame,lgw,Year 1, spring 1, Monday,11759,16.7
frame,lgw,Year 1, spring 1, Monday,11760,16.7
frame,lgw,Year 1, spring 1, Monday,11761,16.8
frame,lgw,Year 1, spring 1, Monday,11762,16.6
frame,lgw,Year 1, spring 1, Monday,11763,16.7
frame,lgw,Year 1, spring 1, Monday,11764,16.6
frame,lgw,Year 1, spring 1, Monday,11765,16.6
frame,lgw,Year 1, spring 1, Monday,11766,16.7
frame,lgw,Year 1, spring 1, Monday,11767,16.8
frame,lgw,Year 1, spring 1, Monday,11768,16.6
frame,lgw,Year 1, spring 1, Monday,11769,16.6
frame,lgw,Year 1, spring 1, Monday,11770,17.1
frame,lgw,Year 1, spring 1, Monday,11771,16.3
frame,lgw,Year 1, spring 1, Monday,11772,16.9
frame,lgw,Year 1, spring 1, Monday,11773,16.6
frame,lgw,Year 1, spring 1, Monday,11774,16.6
frame,lgw,Year 1, spring 1, Monday,11775,16.6
frame,lgw,Year 1, spring 1, Monday,11776,16.7
frame,lgw,Year 1, spring 1, Monday,11777,17.7
frame,lgw,Year 1, spring 1, Monday,11778,15.5
frame,lgw,Year 1, spring 1, Monday,11779,16.7
frame,lgw,Year 1, spring 1, Monday,11780,16.6
frame,lgw,Year 1, spring 1, Monday,11781,16.7
frame,lgw,Year 1, spring 1, Monday,11782,16.7
frame,lgw,Year 1, spring 1, Monday,11783,16.6
frame,lgw,Year 1, spring 1, Monday,11784,16.7
frame,lgw,Year 1, spring 1, Monday,11785,16.6
frame,lgw,Year 1, spring 1, Monday,11786,16.8
frame,lgw,Year 1, spring 1, Monday,11787,16.5
frame,lgw,Year 1, spring 1, Monday,11788,16.7
frame,lgw,Year 1, spring 1, Monday,11789,16.6
frame,lgw,Year 1, spring 1, Monday,11790,16.7
frame,lgw,Year 1, spring 1, Monday,11791,16.6
frame,lgw,Year 1, spring 1, Monday,11792,17.0
frame,lgw,Year 1, spring 1, Monday,11793,16.4
frame,lgw,Year 1, spring 1, Monday,11794,16.7
frame,lgw,Year 1, spring 1, Monday,11795,16.8
frame,lgw,Year 1, spring 1, Monday,11796,16.6
frame,lgw,Year 1, spring 1, Monday,11797,16.6
frame,lgw,Year 1, spring 1, Monday,11798,16.7
frame,lgw,Year 1, spring 1, Monday,11799,16.9
frame,lgw,Year 1, spring 1, Monday,11800,16.3
frame,lgw,Year 1, spring 1, Monday,11801,16.7
frame,lgw,Year 1, spring 1, Monday,11802,16.6
frame,lgw,Year 1, spring 1, Monday,11803,16.7
frame,lgw,Year 1, spring 1, Monday,11804,16.7
frame,lgw,Year 1, spring 1, Monday,11805,16.6
frame,lgw,Year 1, spring 1, Monday,11806,16.7
frame,lgw,Year 1, spring 1, Monday,11807,16.7
frame,lgw,Year 1, spring 1, Monday,11808,16.6
frame,lgw,Year 1, spring 1, Monday,11809,16.6
frame,lgw,Year 1, spring 1, Monday,11810,16.8
frame,lgw,Year 1, spring 1, Monday,11811,16.6
frame,lgw,Year 1, spring 1, Monday,11812,16.8
frame,lgw,Year 1, spring 1, Monday,11813,16.6
frame,lgw,Year 1, spring 1, Monday,11814,16.6
frame,lgw,Year 1, spring 1, Monday,11815,16.6
frame,lgw,Year 1, spring 1, Monday,11816,16.7
frame,lgw,Year 1, spring 1, Monday,11817,16.6
frame,lgw,Year 1, spring 1, Monday,11818,16.6
frame,lgw,Year 1, spring 1, Monday,11819,16.7
frame,lgw,Year 1, spring 1, Monday,11820,16.8
frame,lgw,Year 1, spring 1, Monday,11821,16.6
frame,lgw,Year 1, spring 1, Monday,11822,16.7
frame,lgw,Year 1, spring 1, Monday,11823,16.6
frame,lgw,Year 1, spring 1, Monday,11824,16.7
frame,lgw,Year 1, spring 1, Monday,11825,16.6
frame,lgw,Year 1, spring 1, Monday,11826,16.9
frame,lgw,Year 1, spring 1, Monday,11827,16.5
frame,lgw,Year 1, spring 1, Monday,11828,16.8
frame,lgw,Year 1, spring 1, Monday,11829,16.6
frame,lgw,Year 1, spring 1, Monday,11830,16.6
frame,lgw,Year 1, spring 1, Monday,11831,16.6
frame,lgw,Year 1, spring 1, Monday,11832,16.8
frame,lgw,Year 1, spring 1, Monday,11833,16.5
frame,lgw,Year 1, spring 1, Monday,11834,16.6
frame,lgw,Year 1, spring 1, Monday,11835,16.7
frame,lgw,Year 1, spring 1, Monday,11836,16.6
frame,lgw,Year 1, spring 1, Monday,11837,16.7
frame,lgw,Year 1, spring 1, Monday,11838,16.8
frame,lgw,Year 1, spring 1, Monday,11839,16.6
frame,lgw,Year 1, spring 1, Monday,11840,16.7
frame,lgw,Year 1, spring 1, Monday,11841,16.6
frame,lgw,Year 1, spring 1, Monday,11842,16.7
frame,lgw,Year 1, spring 1, Monday,11843,16.6
frame,lgw,Year 1, spring 1, Monday,11844,16.7
frame,lgw,Year 1, spring 1, Monday,11845,16.7
frame,lgw,Year 1, spring 1, Monday,11846,16.7
frame,lgw,Year 1, spring 1, Monday,11847,16.6
frame,lgw,Year 1, spring 1, Monday,11848,16.7
frame,lgw,Year 1, spring 1, Monday,11849,16.6
frame,lgw,Year 1, spring 1, Monday,11850,16.7
frame,lgw,Year 1, spring 1, Monday,11851,16.6
frame,lgw,Year 1, spring 1, Monday,11852,17.0
frame,lgw,Year 1, spring 1, Monday,11853,16.3
frame,lgw,Year 1, spring 1, Monday,11854,16.7
frame,lgw,Year 1, spring 1, Monday,11855,16.6
frame,lgw,Year 1, spring 1, Monday,11856,16.6
frame,lgw,Year 1, spring 1, Monday,11857,16.7
frame,lgw,Year 1, spring 1, Monday,11858,16.7
frame,lgw,Year 1, spring 1, Monday,11859,16.7
frame,lgw,Year 1, spring 1, Monday,11860,16.6
frame,lgw,Year 1, spring 1, Monday,11861,16.6
frame,lgw,Year 1, spring 1, Monday,11862,16.7
frame,lgw,Year 1, spring 1, Monday,11863,16.8
frame,lgw,Year 1, spring 1, Monday,11864,16.7
frame,lgw,Year 1, spring 1, Monday,11865,16.5
frame,lgw,Year 1, spring 1, Monday,11866,16.6
frame,lgw,Year 1, spring 1, Monday,11867,16.7
frame,lgw,Year 1, spring 1, Monday,11868,16.7
frame,lgw,Year 1, spring 1, Monday,11869,16.7
frame,lgw,Year 1, spring 1, Monday,11870,17.2
frame,lgw,Year 1, spring 1, Monday,11871,16.1
frame,lgw,Year 1, spring 1, Monday,11872,16.8
frame,lgw,Year 1, spring 1, Monday,11873,16.5
frame,lgw,Year 1, spring 1, Monday,11874,16.6
frame,lgw,Year 1, spring 1, Monday,11875,16.7
frame,lgw,Year 1, spring 1, Monday,11876,16.7
frame,lgw,Year 1, spring 1, Monday,11877,16.7
frame,lgw,Year 1, spring 1, Monday,11878,16.9
frame,lgw,Year 1, spring 1, Monday,11879,16.4
frame,lgw,Year 1, spring 1, Monday,11880,16.7
frame,lgw,Year 1, spring 1, Monday,11881,16.6
frame,lgw,Year 1, spring 1, Monday,11882,17.2
frame,lgw,Year 1, spring 1, Monday,11883,16.2
frame,lgw,Year 1, spring 1, Monday,11884,16.6
frame,lgw,Year 1, spring 1, Monday,11885,16.8
frame,lgw,Year 1, spring 1, Monday,11886,16.6
frame,lgw,Year 1, spring 1, Monday,11887,16.6
frame,lgw,Year 1, spring 1, Monday,11888,16.8
frame,lgw,Year 1, spring 1, Monday,11889,16.7
frame,lgw,Year 1, spring 1, Monday,11890,16.6
frame,lgw,Year 1, spring 1, Monday,11891,16.6
frame,lgw,Year 1, spring 1, Monday,11892,16.9
frame,lgw,Year 1, spring 1, Monday,11893,16.6
frame,lgw,Year 1, spring 1, Monday,11894,16.5
frame,lgw,Year 1, spring 1, Monday,11895,16.8
frame,lgw,Year 1, spring 1, Monday,11896,16.6
frame,lgw,Year 1, spring 1, Monday,11897,16.7
frame,lgw,Year 1, spring 1, Monday,11898,16.6
frame,lgw,Year 1, spring 1, Monday,11899,16.7
frame,lgw,Year 1, spring 1, Monday,11900,16.7
frame,lgw,Year 1, spring 1, Monday,11901,16.7
frame,lgw,Year 1, spring 1, Monday,11902,16.6
frame,lgw,Year 1, spring 1, Monday,11903,16.7
frame,lgw,Year 1, spring 1, Monday,11904,16.6
frame,lgw,Year 1, spring 1, Monday,11905,16.7
frame,lgw,Year 1, spring 1, Monday,11906,16.6
frame,lgw,Year 1, spring 1, Monday,11907,16.7
frame,lgw,Year 1, spring 1, Monday,11908,16.7
frame,lgw,Year 1, spring 1, Monday,11909,16.6
frame,lgw,Year 1, spring 1, Monday,11910,16.7
frame,lgw,Year 1, spring 1, Monday,11911,16.7
frame,lgw,Year 1, spring 1, Monday,11912,16.9
frame,lgw,Year 1, spring 1, Monday,11913,16.5
frame,lgw,Year 1, spring 1, Monday,11914,16.6
frame,lgw,Year 1, spring 1, Monday,11915,16.6
frame,lgw,Year 1, spring 1, Monday,11916,16.7
frame,lgw,Year 1, spring 1, Monday,11917,16.7
frame,lgw,Year 1, spring 1, Monday,11918,16.7
frame,lgw,Year 1, spring 1, Monday,11919,16.7
frame,lgw,Year 1, spring 1, Monday,11920,16.7
frame,lgw,Year 1, spring 1, Monday,11921,16.6
frame,lgw,Year 1, spring 1, Monday,11922,16.6
frame,lgw,Year 1, spring 1, Monday,11923,16.7
frame,lgw,Year 1, spring 1, Monday,11924,16.7
frame,lgw,Year 1, spring 1, Monday,11925,16.7
frame,lgw,Year 1, spring 1, Monday,11926,16.6
frame,lgw,Year 1, spring 1, Monday,11927,16.7
frame,lgw,Year 1, spring 1, Monday,11928,16.7
frame,lgw,Year 1, spring 1, Monday,11929,16.6
frame,lgw,Year 1, spring 1, Monday,11930,16.7
frame,lgw,Year 1, spring 1, Monday,11931,16.6
frame,lgw,Year 1, spring 1, Monday,11932,16.8
frame,lgw,Year 1, spring 1, Monday,11933,16.5
frame,lgw,Year 1, spring 1, Monday,11934,16.7
frame,lgw,Year 1, spring 1, Monday,11935,16.7
frame,lgw,Year 1, spring 1, Monday,11936,16.7
frame,lgw,Year 1, spring 1, Monday,11937,16.6
frame,lgw,Year 1, spring 1, Monday,11938,16.8
frame,lgw,Year 1, spring 1, Monday,11939,16.6
frame,lgw,Year 1, spring 1, Monday,11940,16.6
frame,lgw,Year 1, spring 1, Monday,11941,16.6
frame,lgw,Year 1, spring 1, Monday,11942,16.8
frame,lgw,Year 1, spring 1, Monday,11943,16.8
frame,lgw,Year 1, spring 1, Monday,11944,16.4
frame,lgw,Year 1, spring 1, Monday,11945,16.8
frame,lgw,Year 1, spring 1, Monday,11946,16.6
frame,lgw,Year 1, spring 1, Monday,11947,16.6
frame,lgw,Year 1, spring 1, Monday,11948,16.8
frame,lgw,Year 1, spring 1, Monday,11949,16.6
frame,lgw,Year 1, spring 1, Monday,11950,16.6
frame,lgw,Year 1, spring 1, Monday,11951,16.6
frame,lgw,Year 1, spring 1, Monday,11952,16.9
frame,lgw,Year 1, spring 1, Monday,11953,16.5
frame,lgw,Year 1, spring 1, Monday,11954,16.6
frame,lgw,Year 1, spring 1, Monday,11955,16.8
frame,lgw,Year 1, spring 1, Monday,11956,16.6
frame,lgw,Year 1, spring 1, Monday,11957,16.8
frame,lgw,Year 1, spring 1, Monday,11958,16.6
frame,lgw,Year 1, spring 1, Monday,11959,16.6
frame,lgw,Year 1, spring 1, Monday,11960,16.7
frame,lgw,Year 1, spring 1, Monday,11961,16.8
frame,lgw,Year 1, spring 1, Monday,11962,16.5
frame,lgw,Year 1, spring 1, Monday,11963,16.6
frame,lgw,Year 1, spring 1, Monday,11964,17.5
frame,lgw,Year 1, spring 1, Monday,11965,15.8
frame,lgw,Year 1, spring 1, Monday,11966,16.7
frame,lgw,Year 1, spring 1, Monday,11967,16.7
frame,lgw,Year 1, spring 1, Monday,11968,16.6
frame,lgw,Year 1, spring 1, Monday,11969,16.7
frame,lgw,Year 1, spring 1, Monday,11970,16.8
frame,lgw,Year 1, spring 1, Monday,11971,16.6
frame,lgw,Year 1, spring 1, Monday,11972,16.8
frame,lgw,Year 1, spring 1, Monday,11973,16.4
frame,lgw,Year 1, spring 1, Monday,11974,16.7
frame,lgw,Year 1, spring 1, Monday,11975,16.7
frame,lgw,Year 1, spring 1, Monday,11976,16.7
frame,lgw,Year 1, spring 1, Monday,11977,16.7
frame,lgw,Year 1, spring 1, Monday,11978,16.7
frame,lgw,Year 1, spring 1, Monday,11979,16.6
frame,lgw,Year 1, spring 1, Monday,11980,16.7
frame,lgw,Year 1, spring 1, Monday,11981,17.0
frame,lgw,Year 1, spring 1, Monday,11982,16.4
frame,lgw,Year 1, spring 1, Monday,11983,16.5
frame,lgw,Year 1, spring 1, Monday,11984,16.7
frame,lgw,Year 1, spring 1, Monday,11985,16.7
frame,lgw,Year 1, spring 1, Monday,11986,16.7
frame,lgw,Year 1, spring 1, Monday,11987,16.8
frame,lgw,Year 1, spring 1, Monday,11988,16.5
frame,lgw,Year 1, spring 1, Monday,11989,16.7
frame,lgw,Year 1, spring 1, Monday,11990,16.6
frame,lgw,Year 1, spring 1, Monday,11991,16.7
frame,lgw,Year 1, spring 1, Monday,11992,16.6
frame,lgw,Year 1, spring 1, Monday,11993,16.7
frame,lgw,Year 1, spring 1, Monday,11994,16.6
frame,lgw,Year 1, spring 1, Monday,11995,16.8
frame,lgw,Year 1, spring 1, Monday,11996,16.7
frame,lgw,Year 1, spring 1, Monday,11997,16.6
frame,lgw,Year 1, spring 1, Monday,11998,16.7
frame,lgw,Year 1, spring 1, Monday,11999,16.7
lag,lgw,Year 1, spring 1, Monday,16559,63.7
frame,lgw,Year 1, spring 1, Monday,17120,16.6
frame,lgw,Year 1, spring 1, Monday,17121,16.8
frame,lgw,Year 1, spring 1, Monday,17122,16.5
frame,lgw,Year 1, spring 1, Monday,17123,16.7
frame,lgw,Year 1, spring 1, Monday,17124,16.8
frame,lgw,Year 1, spring 1, Monday,17125,16.5
frame,lgw,Year 1, spring 1, Monday,17126,16.6
frame,lgw,Year 1, spring 1, Monday,17127,16.7
frame,lgw,Year 1, spring 1, Monday,17128,16.6
frame,lgw,Year 1, spring 1, Monday,17129,16.7
frame,lgw,Year 1, spring 1, Monday,17130,16.6
frame,lgw,Year 1, spring 1, Monday,17131,16.7
frame,lgw,Year 1, spring 1, Monday,17132,16.6
frame,lgw,Year 1, spring 1, Monday,17133,16.9
frame,lgw,Year 1, spring 1, Monday,17134,16.5
frame,lgw,Year 1, spring 1, Monday,17135,16.7
frame,lgw,Year 1, spring 1, Monday,17136,16.7
frame,lgw,Year 1, spring 1, Monday,17137,16.6
frame,lgw,Year 1, spring 1, Monday,17138,16.8
frame,lgw,Year 1, spring 1, Monday,17139,16.5
frame,lgw,Year 1, spring 1, Monday,17140,16.8
frame,lgw,Year 1, spring 1, Monday,17141,16.7
frame,lgw,Year 1, spring 1, Monday,17142,16.6
frame,lgw,Year 1, spring 1, Monday,17143,18.1
frame,lgw,Year 1, spring 1, Monday,17144,15.2
frame,lgw,Year 1, spring 1, Monday,17145,16.9
frame,lgw,Year 1, spring 1, Monday,17146,16.5
frame,lgw,Year 1, spring 1, Monday,17147,16.7
frame,lgw,Year 1, spring 1, Monday,17148,16.8
frame,lgw,Year 1, spring 1, Monday,17149,16.6
frame,lgw,Year 1, spring 1, Monday,17150,16.8
frame,lgw,Year 1, spring 1, Monday,17151,16.6
frame,lgw,Year 1, spring 1, Monday,17152,16.6
frame,lgw,Year 1, spring 1, Monday,17153,16.7
frame,lgw,Year 1, spring 1, Monday,17154,16.6
frame,lgw,Year 1, spring 1, Monday,17155,16.7
frame,lgw,Year 1, spring 1, Monday,17156,16.6
frame,lgw,Year 1, spring 1, Monday,17157,16.7
frame,lgw,Year 1, spring 1, Monday,17158,16.8
frame,lgw,Year 1, spring 1, Monday,17159,16.6
frame,lgw,Year 1, spring 1, Monday,17160,16.6
frame,lgw,Year 1, spring 1, Monday,17161,16.7
frame,lgw,Year 1, spring 1, Monday,17162,16.7
frame,lgw,Year 1, spring 1, Monday,17163,16.7
frame,lgw,Year 1, spring 1, Monday,17164,16.9
frame,lgw,Year 1, spring 1, Monday,17165,16.5
frame,lgw,Year 1, spring 1, Monday,17166,16.6
frame,lgw,Year 1, spring 1, Monday,17167,17.0
frame,lgw,Year 1, spring 1, Monday,17168,16.2
frame,lgw,Year 1, spring 1, Monday,17169,16.9
frame,lgw,Year 1, spring 1, Monday,17170,16.4
frame,lgw,Year 1, spring 1, Monday,17171,16.7
frame,lgw,Year 1, spring 1, Monday,17172,16.6
frame,lgw,Year 1, spring 1, Monday,17173,16.7
frame,lgw,Year 1, spring 1, Monday,17174,16.7
frame,lgw,Year 1, spring 1, Monday,17175,16.7
frame,lgw,Year 1, spring 1, Monday,17176,16.6
frame,lgw,Year 1, spring 1, Monday,17177,16.8
frame,lgw,Year 1, spring 1, Monday,17178,16.8
frame,lgw,Year 1, spring 1, Monday,17179,16.4
frame,lgw,Year 1, spring 1, Monday,17180,16.8
frame,lgw,Year 1, spring 1, Monday,17181,16.5
frame,lgw,Year 1, spring 1, Monday,17182,16.6
frame,lgw,Year 1, spring 1, Monday,17183,16.8
frame,lgw,Year 1, spring 1, Monday,17184,16.7
frame,lgw,Year 1, spring 1, Monday,17185,16.6
frame,lgw,Year 1, spring 1, Monday,17186,16.6
frame,lgw,Year 1, spring 1, Monday,17187,16.7
frame,lgw,Year 1, spring 1, Monday,17188,16.7
frame,lgw,Year 1, spring 1, Monday,17189,16.7
frame,lgw,Year 1, spring 1, Monday,17190,16.8
frame,lgw,Year 1, spring 1, Monday,17191,16.6
frame,lgw,Year 1, spring 1, Monday,17192,16.7
frame,lgw,Year 1, spring 1, Monday,17193,16.6
frame,lgw,Year 1, spring 1, Monday,17194,16.6
frame,lgw,Year 1, spring 1, Monday,17195,16.7
frame,lgw,Year 1, spring 1, Monday,17196,16.7
frame,lgw,Year 1, spring 1, Monday,17197,16.6
frame,lgw,Year 1, spring 1, Monday,17198,16.7
frame,lgw,Year 1, spring 1, Monday,17199,16.7
frame,lgw,Year 1, spring 1, Monday,17200,16.7
frame,lgw,Year 1, spring 1, Monday,17201,16.9
frame,lgw,Year 1, spring 1, Monday,17202,16.5
frame,lgw,Year 1, spring 1, Monday,17203,16.6
frame,lgw,Year 1, spring 1, Monday,17204,16.7
frame,lgw,Year 1, spring 1, Monday,17205,17.2
frame,lgw,Year 1, spring 1, Monday,17206,16.1
frame,lgw,Year 1, spring 1, Monday,17207,16.7
frame,lgw,Year 1, spring 1, Monday,17208,16.9
frame,lgw,Year 1, spring 1, Monday,17209,16.5
frame,lgw,Year 1, spring 1, Monday,17210,16.8
frame,lgw,Year 1, spring 1, Monday,17211,16.5
frame,lgw,Year 1, spring 1, Monday,17212,16.6
frame,lgw,Year 1, spring 1, Monday,17213,16.9
frame,lgw,Year 1, spring 1, Monday,17214,16.5
frame,lgw,Year 1, spring 1, Monday,17215,16.6
frame,lgw,Year 1, spring 1, Monday,17216,16.8
frame,lgw,Year 1, spring 1, Monday,17217,16.6
frame,lgw,Year 1, spring 1, Monday,17218,16.6
frame,lgw,Year 1, spring 1, Monday,17219,16.9
frame,lgw,Year 1, spring 1, Monday,17220,16.6
frame,lgw,Year 1, spring 1, Monday,17221,16.4
frame,lgw,Year 1, spring 1, Monday,17222,16.7
frame,lgw,Year 1, spring 1, Monday,17223,16.9
frame,lgw,Year 1, spring 1, Monday,17224,16.4
frame,lgw,Year 1, spring 1, Monday,17225,16.7
frame,lgw,Year 1, spring 1, Monday,17226,16.7
frame,lgw,Year 1, spring 1, Monday,17227,16.6
frame,lgw,Year 1, spring 1, Monday,17228,16.7
frame,lgw,Year 1, spring 1, Monday,17229,16.9
frame,lgw,Year 1, spring 1, Monday,17230,16.8
frame,lgw,Year 1, spring 1, Monday,17231,16.4
frame,lgw,Year 1, spring 1, Monday,17232,16.5
frame,lgw,Year 1, spring 1, Monday,17233,16.6
frame,lgw,Year 1, spring 1, Monday,17234,16.7
frame,lgw,Year 1, spring 1, Monday,17235,16.7
frame,lgw,Year 1, spring 1, Monday,17236,16.6
frame,lgw,Year 1, spring 1, Monday,17237,16.7
frame,lgw,Year 1, spring 1, Monday,17238,16.9
frame,lgw,Year 1, spring 1, Monday,17239,16.5
frame,lgw,Year 1, spring 1, Monday,17240,16.7
frame,lgw,Year 1, spring 1, Monday,17241,16.7
frame,lgw,Year 1, spring 1, Monday,17242,16.7
frame,lgw,Year 1, spring 1, Monday,17243,16.7
frame,lgw,Year 1, spring 1, Monday,17244,16.7
frame,lgw,Year 1, spring 1, Monday,17245,16.5
frame,lgw,Year 1, spring 1, Monday,17246,16.6
frame,lgw,Year 1, spring 1, Monday,17247,16.6
frame,lgw,Year 1, spring 1, Monday,17248,16.9
frame,lgw,Year 1, spring 1, Monday,17249,16.5
frame,lgw,Year 1, spring 1, Monday,17250,16.7
frame,lgw,Year 1, spring 1, Monday,17251,16.7
frame,lgw,Year 1, spring 1, Monday,17252,16.6
frame,lgw,Year 1, spring 1, Monday,17253,16.7
frame,lgw,Year 1, spring 1, Monday,17254,16.6
frame,lgw,Year 1, spring 1, Monday,17255,16.7
frame,lgw,Year 1, spring 1, Monday,17256,16.9
frame,lgw,Year 1, spring 1, Monday,17257,16.6
frame,lgw,Year 1, spring 1, Monday,17258,16.7
frame,lgw,Year 1, spring 1, Monday,17259,16.5
frame,lgw,Year 1, spring 1, Monday,17260,16.6
frame,lgw,Year 1, spring 1, Monday,17261,16.7
frame,lgw,Year 1, spring 1, Monday,17262,16.7
frame,lgw,Year 1, spring 1, Monday,17263,16.6
frame,lgw,Year 1, spring 1, Monday,17264,16.6
frame,lgw,Year 1, spring 1, Monday,17265,16.7
frame,lgw,Year 1, spring 1, Monday,17266,16.7
frame,lgw,Year 1, spring 1, Monday,17267,16.7
frame,lgw,Year 1, spring 1, Monday,17268,16.9
frame,lgw,Year 1, spring 1, Monday,17269,17.2
frame,lgw,Year 1, spring 1, Monday,17270,16.5
frame,lgw,Year 1, spring 1, Monday,17271,16.1
frame,lgw,Year 1, spring 1, Monday,17272,16.6
frame,lgw,Year 1, spring 1, Monday,17273,16.7
frame,lgw,Year 1, spring 1, Monday,17274,16.7
frame,lgw,Year 1, spring 1, Monday,17275,16.6
frame,lgw,Year 1, spring 1, Monday,17276,16.6
frame,lgw,Year 1, spring 1, Monday,17277,16.6
frame,lgw,Year 1, spring 1, Monday,17278,16.7
frame,lgw,Year 1, spring 1, Monday,17279,16.9
frame,lgw,Year 1, spring 1, Monday,17280,16.8
frame,lgw,Year 1, spring 1, Monday,17281,16.5
frame,lgw,Year 1, spring 1, Monday,17282,16.7
frame,lgw,Year 1, spring 1, Monday,17283,16.6
frame,lgw,Year 1, spring 1, Monday,17284,16.7
frame,lgw,Year 1, spring 1, Monday,17285,16.6
frame,lgw,Year 1, spring 1, Monday,17286,16.7
frame,lgw,Year 1, spring 1, Monday,17287,16.6
frame,lgw,Year 1, spring 1, Monday,17288,16.7
frame,lgw,Year 1, spring 1, Monday,17289,16.7
frame,lgw,Year 1, spring 1, Monday,17290,16.8
frame,lgw,Year 1, spring 1, Monday,17291,16.4
frame,lgw,Year 1, spring 1, Monday,17292,16.7
frame,lgw,Year 1, spring 1, Monday,17293,16.7
frame,lgw,Year 1, spring 1, Monday,17294,16.7
frame,lgw,Year 1, spring 1, Monday,17295,16.6
frame,lgw,Year 1, spring 1, Monday,17296,16.8
frame,lgw,Year 1, spring 1, Monday,17297,16.7
frame,lgw,Year 1, spring 1, Monday,17298,16.7
frame,lgw,Year 1, spring 1, Monday,17299,16.6
frame,lgw,Year 1, spring 1, Monday,17300,16.7
frame,lgw,Year 1, spring 1, Monday,17301,16.8
frame,lgw,Year 1, spring 1, Monday,17302,16.4
frame,lgw,Year 1, spring 1, Monday,17303,16.7
frame,lgw,Year 1, spring 1, Monday,17304,16.7
frame,lgw,Year 1, spring 1, Monday,17305,16.7
frame,lgw,Year 1, spring 1, Monday,17306,16.6
frame,lgw,Year 1, spring 1, Monday,17307,16.6
frame,lgw,Year 1, spring 1, Monday,17308,16.6
frame,lgw,Year 1, spring 1, Monday,17309,16.7
frame,lgw,Year 1, spring 1, Monday,17310,16.9
frame,lgw,Year 1, spring 1, Monday,17311,16.5
frame,lgw,Year 1, spring 1, Monday,17312,16.8
frame,lgw,Year 1, spring 1, Monday,17313,16.5
frame,lgw,Year 1, spring 1, Monday,17314,16.7
frame,lgw,Year 1, spring 1, Monday,17315,16.6
frame,lgw,Year 1, spring 1, Monday,17316,16.8
frame,lgw,Year 1, spring 1, Monday,17317,16.6
frame,lgw,Year 1, spring 1, Monday,17318,16.7
frame,lgw,Year 1, spring 1, Monday,17319,16.6
frame,lgw,Year 1, spring 1, Monday,17320,16.6
frame,lgw,Year 1, spring 1, Monday,17321,16.6
frame,lgw,Year 1, spring 1, Monday,17322,16.7
frame,lgw,Year 1, spring 1, Monday,17323,16.6
frame,lgw,Year 1, spring 1, Monday,17324,16.9
frame,lgw,Year 1, spring 1, Monday,17325,16.5
frame,lgw,Year 1, spring 1, Monday,17326,16.9
frame,lgw,Year 1, spring 1, Monday,17327,16.5
frame,lgw,Year 1, spring 1, Monday,17328,16.7
frame,lgw,Year 1, spring 1, Monday,17329,16.8
frame,lgw,Year 1, spring 1, Monday,17330,16.7
frame,lgw,Year 1, spring 1, Monday,17331,16.7
frame,lgw,Year 1, spring 1, Monday,17332,16.4
frame,lgw,Year 1, spring 1, Monday,17333,16.7
frame,lgw,Year 1, spring 1, Monday,17334,16.7
frame,lgw,Year 1, spring 1, Monday,17335,16.6
frame,lgw,Year 1, spring 1, Monday,17336,16.6
frame,lgw,Year 1, spring 1, Monday,17337,16.7
frame,lgw,Year 1, spring 1, Monday,17338,16.9
frame,lgw,Year 1, spring 1, Monday,17339,16.4
frame,lgw,Year 1, spring 1, Monday,17340,16.7
frame,lgw,Year 1, spring 1, Monday,17341,16.6
frame,lgw,Year 1, spring 1, Monday,17342,16.7
frame,lgw,Year 1, spring 1, Monday,17343,16.8
frame,lgw,Year 1, spring 1, Monday,17344,16.6
frame,lgw,Year 1, spring 1, Monday,17345,16.7
frame,lgw,Year 1, spring 1, Monday,17346,16.7
frame,lgw,Year 1, spring 1, Monday,17347,16.6
frame,lgw,Year 1, spring 1, Monday,17348,16.6
frame,lgw,Year 1, spring 1, Monday,17349,16.7
frame,lgw,Year 1, spring 1, Monday,17350,16.7
frame,lgw,Year 1, spring 1, Monday,17351,16.9
frame,lgw,Year 1, spring 1, Monday,17352,16.6
frame,lgw,Year 1, spring 1, Monday,17353,17.3
frame,lgw,Year 1, spring 1, Monday,17354,15.9
frame,lgw,Year 1, spring 1, Monday,17355,16.7
frame,lgw,Year 1, spring 1, Monday,17356,16.6
frame,lgw,Year 1, spring 1, Monday,17357,16.8
frame,lgw,Year 1, spring 1, Monday,17358,16.5
frame,lgw,Year 1, spring 1, Monday,17359,16.7
frame,lgw,Year 1, spring 1, Monday,17360,16.7
frame,lgw,Year 1, spring 1, Monday,17361,16.7
frame,lgw,Year 1, spring 1, Monday,17362,16.6
frame,lgw,Year 1, spring 1, Monday,17363,16.7
frame,lgw,Year 1, spring 1, Monday,17364,16.9
frame,lgw,Year 1, spring 1, Monday,17365,16.5
frame,lgw,Year 1, spring 1, Monday,17366,16.6
frame,lgw,Year 1, spring 1, Monday,17367,16.6
frame,lgw,Year 1, spring 1, Monday,17368,16.7
frame,lgw,Year 1, spring 1, Monday,17369,17.0
frame,lgw,Year 1, spring 1, Monday,17370,16.3
frame,lgw,Year 1, spring 1, Monday,17371,16.7
frame,lgw,Year 1, spring 1, Monday,17372,16.7
frame,lgw,Year 1, spring 1, Monday,17373,16.6
frame,lgw,Year 1, spring 1, Monday,17374,16.7
frame,lgw,Year 1, spring 1, Monday,17375,16.9
frame,lgw,Year 1, spring 1, Monday,17376,16.4
frame,lgw,Year 1, spring 1, Monday,17377,16.7
frame,lgw,Year 1, spring 1, Monday,17378,16.6
frame,lgw,Year 1, spring 1, Monday,17379,16.7
frame,lgw,Year 1, spring 1, Monday,17380,16.7
frame,lgw,Year 1, spring 1, Monday,17381,16.7
frame,lgw,Year 1, spring 1, Monday,17382,16.7
frame,lgw,Year 1, spring 1, Monday,17383,16.7
frame,lgw,Year 1, spring 1, Monday,17384,16.6
frame,lgw,Year 1, spring 1, Monday,17385,16.9
frame,lgw,Year 1, spring 1, Monday,17386,16.4
frame,lgw,Year 1, spring 1, Monday,17387,16.7
frame,lgw,Year 1, spring 1, Monday,17388,16.7
frame,lgw,Year 1, spring 1, Monday,17389,16.6
frame,lgw,Year 1, spring 1, Monday,17390,16.7
frame,lgw,Year 1, spring 1, Monday,17391,16.6
frame,lgw,Year 1, spring 1, Monday,17392,16.7
frame,lgw,Year 1, spring 1, Monday,17393,16.7
frame,lgw,Year 1, spring 1, Monday,17394,16.6
frame,lgw,Year 1, spring 1, Monday,17395,16.6
frame,lgw,Year 1, spring 1, Monday,17396,16.8
frame,lgw,Year 1, spring 1, Monday,17397,16.5
frame,lgw,Year 1, spring 1, Monday,17398,16.6
frame,lgw,Year 1, spring 1, Monday,17399,16.7
frame,lgw,Year 1, spring 1, Monday,17400,16.7
frame,lgw,Year 1, spring 1, Monday,17401,17.3
frame,lgw,Year 1, spring 1, Monday,17402,16.2
frame,lgw,Year 1, spring 1, Monday,17403,16.5
frame,lgw,Year 1, spring 1, Monday,17404,16.7
frame,lgw,Year 1, spring 1, Monday,17405,16.9
frame,lgw,Year 1, spring 1, Monday,17406,16.5
frame,lgw,Year 1, spring 1, Monday,17407,16.7
frame,lgw,Year 1, spring 1, Monday,17408,16.7
frame,lgw,Year 1, spring 1, Monday,17409,16.6
frame,lgw,Year 1, spring 1, Monday,17410,16.7
frame,lgw,Year 1, spring 1, Monday,17411,16.6
frame,lgw,Year 1, spring 1, Monday,17412,16.6
frame,lgw,Year 1, spring 1, Monday,17413,16.8
frame,lgw,Year 1, spring 1, Monday,17414,16.5
frame,lgw,Year 1, spring 1, Monday,17415,16.7
frame,lgw,Year 1, spring 1, Monday,17416,16.8
frame,lgw,Year 1, spring 1, Monday,17417,16.5
frame,lgw,Year 1, spring 1, Monday,17418,16.8
frame,lgw,Year 1, spring 1, Monday,17419,16.6
frame,lgw,Year 1, spring 1, Monday,17420,16.6
frame,lgw,Year 1, spring 1, Monday,17421,16.7
frame,lgw,Year 1, spring 1, Monday,17422,16.7
frame,lgw,Year 1, spring 1, Monday,17423,16.7
frame,lgw,Year 1, spring 1, Monday,17424,16.7
frame,lgw,Year 1, spring 1, Monday,17425,16.7
frame,lgw,Year 1, spring 1, Monday,17426,16.7
frame,lgw,Year 1, spring 1, Monday,17427,16.6
frame,lgw,Year 1, spring 1, Monday,17428,16.8
frame,lgw,Year 1, spring 1, Monday,17429,16.8
frame,lgw,Year 1, spring 1, Monday,17430,16.3
frame,lgw,Year 1, spring 1, Monday,17431,16.6
frame,lgw,Year 1, spring 1, Monday,17432,16.7
frame,lgw,Year 1, spring 1, Monday,17433,16.6
frame,lgw,Year 1, spring 1, Monday,17434,16.7
frame,lgw,Year 1, spring 1, Monday,17435,16.7
frame,lgw,Year 1, spring 1, Monday,17436,16.7
frame,lgw,Year 1, spring 1, Monday,17437,16.7
frame,lgw,Year 1, spring 1, Monday,17438,16.7
frame,lgw,Year 1, spring 1, Monday,17439,16.8
frame,lgw,Year 1, spring 1, Monday,17440,16.7
frame,lgw,Year 1, spring 1, Monday,17441,16.5
frame,lgw,Year 1, spring 1, Monday,17442,16.6
frame,lgw,Year 1, spring 1, Monday,17443,16.8
frame,lgw,Year 1, spring 1, Monday,17444,16.6
frame,lgw,Year 1, spring 1, Monday,17445,16.6
frame,lgw,Year 1, spring 1, Monday,17446,16.7
frame,lgw,Year 1, spring 1, Monday,17447,16.6
frame,lgw,Year 1, spring 1, Monday,17448,16.7
frame,lgw,Year 1, spring 1, Monday,17449,16.7
frame,lgw,Year 1, spring 1, Monday,17450,16.8
frame,lgw,Year 1, spring 1, Monday,17451,17.0
frame,lgw,Year 1, spring 1, Monday,17452,16.2
frame,lgw,Year 1, spring 1, Monday,17453,16.7
frame,lgw,Year 1, spring 1, Monday,17454,16.6
frame,lgw,Year 1, spring 1, Monday,17455,16.8
frame,lgw,Year 1, spring 1, Monday,17456,16.6
frame,lgw,Year 1, spring 1, Monday,17457,16.6
frame,lgw,Year 1, spring 1, Monday,17458,16.7
frame,lgw,Year 1, spring 1, Monday,17459,16.7
frame,lgw,Year 1, spring 1, Monday,17460,16.6
frame,lgw,Year 1, spring 1, Monday,17461,16.6
frame,lgw,Year 1, spring 1, Monday,17462,16.7
frame,lgw,Year 1, spring 1, Monday,17463,17.0
frame,lgw,Year 1, spring 1, Monday,17464,16.4
frame,lgw,Year 1, spring 1, Monday,17465,16.6
frame,lgw,Year 1, spring 1, Monday,17466,16.8
frame,lgw,Year 1, spring 1, Monday,17467,16.6
frame,lgw,Year 1, spring 1, Monday,17468,16.6
frame,lgw,Year 1, spring 1, Monday,17469,16.6
frame,lgw,Year 1, spring 1, Monday,17470,16.6
frame,lgw,Year 1, spring 1, Monday,17471,16.7
frame,lgw,Year 1, spring 1, Monday,17472,16.7
frame,lgw,Year 1, spring 1, Monday,17473,16.7
frame,lgw,Year 1, spring 1, Monday,17474,16.9
frame,lgw,Year 1, spring 1, Monday,17475,16.6
frame,lgw,Year 1, spring 1, Monday,17476,16.6
frame,lgw,Year 1, spring 1, Monday,17477,16.7
frame,lgw,Year 1, spring 1, Monday,17478,16.7
frame,lgw,Year 1, spring 1, Monday,17479,16.6
frame,lgw,Year 1, spring 1, Monday,17480,16.7
frame,lgw,Year 1, spring 1, Monday,17481,17.2
frame,lgw,Year 1, spring 1, Monday,17482,16.1
frame,lgw,Year 1, spring 1, Monday,17483,16.6
frame,lgw,Year 1, spring 1, Monday,17484,16.7
frame,lgw,Year 1, spring 1, Monday,17485,16.8
frame,lgw,Year 1, spring 1, Monday,17486,16.6
frame,lgw,Year 1, spring 1, Monday,17487,16.6
frame,lgw,Year 1, spring 1, Monday,17488,16.6
frame,lgw,Year 1, spring 1, Monday,17489,16.7
frame,lgw,Year 1, spring 1, Monday,17490,16.7
frame,lgw,Year 1, spring 1, Monday,17491,16.9
frame,lgw,Year 1, spring 1, Monday,17492,16.5
frame,lgw,Year 1, spring 1, Monday,17493,16.8
frame,lgw,Year 1, spring 1, Monday,17494,16.6
frame,lgw,Year 1, spring 1, Monday,17495,16.6
frame,lgw,Year 1, spring 1, Monday,17496,16.7
frame,lgw,Year 1, spring 1, Monday,17497,16.9
frame,lgw,Year 1, spring 1, Monday,17498,16.5
frame,lgw,Year 1, spring 1, Monday,17499,16.7
frame,lgw,Year 1, spring 1, Monday,17500,16.6
frame,lgw,Year 1, spring 1, Monday,17501,16.7
frame,lgw,Year 1, spring 1, Monday,17502,16.6
frame,lgw,Year 1, spring 1, Monday,17503,16.8
frame,lgw,Year 1, spring 1, Monday,17504,16.9
frame,lgw,Year 1, spring 1, Monday,17505,16.4
frame,lgw,Year 1, spring 1, Monday,17506,16.6
frame,lgw,Year 1, spring 1, Monday,17507,16.7
frame,lgw,Year 1, spring 1, Monday,17508,16.8
frame,lgw,Year 1, spring 1, Monday,17509,16.8
frame,lgw,Year 1, spring 1, Monday,17510,16.6
frame,lgw,Year 1, spring 1, Monday,17511,16.6
frame,lgw,Year 1, spring 1, Monday,17512,16.6
frame,lgw,Year 1, spring 1, Monday,17513,16.7
frame,lgw,Year 1, spring 1, Monday,17514,16.7
frame,lgw,Year 1, spring 1, Monday,17515,16.7
frame,lgw,Year 1, spring 1, Monday,17516,16.8
frame,lgw,Year 1, spring 1, Monday,17517,16.6
frame,lgw,Year 1, spring 1, Monday,17518,16.6
frame,lgw,Year 1, spring 1, Monday,17519,16.8
frame,lgw,Year 1, spring 1, Monday,17520,16.7
frame,lgw,Year 1, spring 1, Monday,17521,16.6
frame,lgw,Year 1, spring 1, Monday,17522,16.8
frame,lgw,Year 1, spring 1, Monday,17523,16.5
frame,lgw,Year 1, spring 1, Monday,17524,16.6
frame,lgw,Year 1, spring 1, Monday,17525,16.7
frame,lgw,Year 1, spring 1, Monday,17526,16.6
frame,lgw,Year 1, spring 1, Monday,17527,16.7
frame,lgw,Year 1, spring 1, Monday,17528,16.7
frame,lgw,Year 1, spring 1, Monday,17529,16.8
frame,lgw,Year 1, spring 1, Monday,17530,16.6
frame,lgw,Year 1, spring 1, Monday,17531,16.6
frame,lgw,Year 1, spring 1, Monday,17532,16.8
frame,lgw,Year 1, spring 1, Monday,17533,16.5
frame,lgw,Year 1, spring 1, Monday,17534,17.1
frame,lgw,Year 1, spring 1, Monday,17535,16.2
frame,lgw,Year 1, spring 1, Monday,17536,16.7
frame,lgw,Year 1, spring 1, Monday,17537,16.7
frame,lgw,Year 1, spring 1, Monday,17538,21.5
frame,lgw,Year 1, spring 1, Monday,17539,11.8
frame,lgw,Year 1, spring 1, Monday,17540,16.7
frame,lgw,Year 1, spring 1, Monday,17541,16.7
frame,lgw,Year 1, spring 1, Monday,17542,19.0
frame,lgw,Year 1, spring 1, Monday,17543,14.5
frame,lgw,Year 1, spring 1, Monday,17544,16.6
frame,lgw,Year 1, spring 1, Monday,17545,16.4
frame,lgw,Year 1, spring 1, Monday,17546,16.9
frame,lgw,Year 1, spring 1, Monday,17547,16.5
frame,lgw,Year 1, spring 1, Monday,17548,16.7
frame,lgw,Year 1, spring 1, Monday,17549,16.6
frame,lgw,Year 1, spring 1, Monday,17550,16.7
frame,lgw,Year 1, spring 1, Monday,17551,16.6
frame,lgw,Year 1, spring 1, Monday,17552,16.7
frame,lgw,Year 1, spring 1, Monday,17553,16.7
frame,lgw,Year 1, spring 1, Monday,17554,16.6
frame,lgw,Year 1, spring 1, Monday,17555,16.7
frame,lgw,Year 1, spring 1, Monday,17556,16.7
frame,lgw,Year 1, spring 1, Monday,17557,16.6
frame,lgw,Year 1, spring 1, Monday,17558,16.9
frame,lgw,Year 1, spring 1, Monday,17559,16.5
frame,lgw,Year 1, spring 1, Monday,17560,16.6
frame,lgw,Year 1, spring 1, Monday,17561,16.6
frame,lgw,Year 1, spring 1, Monday,17562,16.7
frame,lgw,Year 1, spring 1, Monday,17563,16.6
frame,lgw,Year 1, spring 1, Monday,17564,16.7
frame,lgw,Year 1, spring 1, Monday,17565,16.7
frame,lgw,Year 1, spring 1, Monday,17566,16.6
frame,lgw,Year 1, spring 1, Monday,17567,17.0
frame,lgw,Year 1, spring 1, Monday,17568,16.7
frame,lgw,Year 1, spring 1, Monday,17569,16.7
frame,lgw,Year 1, spring 1, Monday,17570,16.4
frame,lgw,Year 1, spring 1, Monday,17571,16.7
frame,lgw,Year 1, spring 1, Monday,17572,16.6
frame,lgw,Year 1, spring 1, Monday,17573,16.6
frame,lgw,Year 1, spring 1, Monday,17574,16.8
frame,lgw,Year 1, spring 1, Monday,17575,16.6
frame,lgw,Year 1, spring 1, Monday,17576,16.7
frame,lgw,Year 1, spring 1, Monday,17577,16.6
frame,lgw,Year 1, spring 1, Monday,17578,16.7
frame,lgw,Year 1, spring 1, Monday,17579,16.7
frame,lgw,Year 1, spring 1, Monday,17580,16.7
frame,lgw,Year 1, spring 1, Monday,17581,16.7
frame,lgw,Year 1, spring 1, Monday,17582,16.7
frame,lgw,Year 1, spring 1, Monday,17583,16.8
frame,lgw,Year 1, spring 1, Monday,17584,16.5
frame,lgw,Year 1, spring 1, Monday,17585,16.6
frame,lgw,Year 1, spring 1, Monday,17586,16.7
frame,lgw,Year 1, spring 1, Monday,17587,16.6
frame,lgw,Year 1, spring 1, Monday,17588,16.7
frame,lgw,Year 1, spring 1, Monday,17589,16.7
frame,lgw,Year 1, spring 1, Monday,17590,16.7
frame,lgw,Year 1, spring 1, Monday,17591,16.7
frame,lgw,Year 1, spring 1, Monday,17592,16.7
frame,lgw,Year 1, spring 1, Monday,17593,17.1
frame,lgw,Year 1, spring 1, Monday,17594,16.3
frame,lgw,Year 1, spring 1, Monday,17595,16.6
frame,lgw,Year 1, spring 1, Monday,17596,16.8
frame,lgw,Year 1, spring 1, Monday,17597,16.5
frame,lgw,Year 1, spring 1, Monday,17598,16.7
frame,lgw,Year 1, spring 1, Monday,17599,16.6
frame,lgw,Year 1, spring 1, Monday,17600,16.7
frame,lgw,Year 1, spring 1, Monday,17601,16.7
frame,lgw,Year 1, spring 1, Monday,17602,16.7
frame,lgw,Year 1, spring 1, Monday,17603,16.6
frame,lgw,Year 1, spring 1, Monday,17604,16.7
frame,lgw,Year 1, spring 1, Monday,17605,16.7
frame,lgw,Year 1, spring 1, Monday,17606,16.7
frame,lgw,Year 1, spring 1, Monday,17607,16.7
frame,lgw,Year 1, spring 1, Monday,17608,16.8
frame,lgw,Year 1, spring 1, Monday,17609,16.5
frame,lgw,Year 1, spring 1, Monday,17610,16.7
frame,lgw,Year 1, spring 1, Monday,17611,16.7
frame,lgw,Year 1, spring 1, Monday,17612,16.7
frame,lgw,Year 1, spring 1, Monday,17613,16.6
frame,lgw,Year 1, spring 1, Monday,17614,16.6
frame,lgw,Year 1, spring 1, Monday,17615,16.7
frame,lgw,Year 1, spring 1, Monday,17616,16.7
frame,lgw,Year 1, spring 1, Monday,17617,16.6
frame,lgw,Year 1, spring 1, Monday,17618,16.8
frame,lgw,Year 1, spring 1, Monday,17619,16.9
frame,lgw,Year 1, spring 1, Monday,17620,16.4
frame,lgw,Year 1, spring 1, Monday,17621,16.8
frame,lgw,Year 1, spring 1, Monday,17622,16.6
frame,lgw,Year 1, spring 1, Monday,17623,16.6
frame,lgw,Year 1, spring 1, Monday,17624,16.7
frame,lgw,Year 1, spring 1, Monday,17625,16.7
frame,lgw,Year 1, spring 1, Monday,17626,16.6
frame,lgw,Year 1, spring 1, Monday,17627,16.7
frame,lgw,Year 1, spring 1, Monday,17628,16.7
frame,lgw,Year 1, spring 1, Monday,17629,16.7
frame,lgw,Year 1, spring 1, Monday,17630,16.6
frame,lgw,Year 1, spring 1, Monday,17631,17.0
frame,lgw,Year 1, spring 1, Monday,17632,16.5
frame,lgw,Year 1, spring 1, Monday,17633,16.5
frame,lgw,Year 1, spring 1, Monday,17634,16.6
frame,lgw,Year 1, spring 1, Monday,17635,16.7
frame,lgw,Year 1, spring 1, Monday,17636,16.7
frame,lgw,Year 1, spring 1, Monday,17637,16.7
frame,lgw,Year 1, spring 1, Monday,17638,16.7
frame,lgw,Year 1, spring 1, Monday,17639,16.7
frame,lgw,Year 1, spring 1, Monday,17640,16.6
frame,lgw,Year 1, spring 1, Monday,17641,16.7
frame,lgw,Year 1, spring 1, Monday,17642,16.7
frame,lgw,Year 1, spring 1, Monday,17643,16.9
frame,lgw,Year 1, spring 1, Monday,17644,16.7
frame,lgw,Year 1, spring 1, Monday,17645,16.5
frame,lgw,Year 1, spring 1, Monday,17646,16.5
frame,lgw,Year 1, spring 1, Monday,17647,16.7
frame,lgw,Year 1, spring 1, Monday,17648,16.6
frame,lgw,Year 1, spring 1, Monday,17649,16.7
frame,lgw,Year 1, spring 1, Monday,17650,16.6
frame,lgw,Year 1, spring 1, Monday,17651,16.7
frame,lgw,Year 1, spring 1, Monday,17652,16.6
frame,lgw,Year 1, spring 1, Monday,17653,16.6
frame,lgw,Year 1, spring 1, Monday,17654,16.9
frame,lgw,Year 1, spring 1, Monday,17655,16.5
frame,lgw,Year 1, spring 1, Monday,17656,16.7
frame,lgw,Year 1, spring 1, Monday,17657,16.6
frame,lgw,Year 1, spring 1, Monday,17658,16.6
frame,lgw,Year 1, spring 1, Monday,17659,16.6
frame,lgw,Year 1, spring 1, Monday,17660,16.8
frame,lgw,Year 1, spring 1, Monday,17661,16.6
frame,lgw,Year 1, spring 1, Monday,17662,16.7
frame,lgw,Year 1, spring 1, Monday,17663,16.7
frame,lgw,Year 1, spring 1, Monday,17664,16.7
frame,lgw,Year 1, spring 1, Monday,17665,16.6
frame,lgw,Year 1, spring 1, Monday,17666,16.8
frame,lgw,Year 1, spring 1, Monday,17667,16.6
frame,lgw,Year 1, spring 1, Monday,17668,16.6
frame,lgw,Year 1, spring 1, Monday,17669,16.8
frame,lgw,Year 1, spring 1, Monday,17670,16.6
frame,lgw,Year 1, spring 1, Monday,17671,16.6
frame,lgw,Year 1, spring 1, Monday,17672,16.7
frame,lgw,Year 1, spring 1, Monday,17673,17.2
frame,lgw,Year 1, spring 1, Monday,17674,16.2
frame,lgw,Year 1, spring 1, Monday,17675,16.7
frame,lgw,Year 1, spring 1, Monday,17676,16.6
frame,lgw,Year 1, spring 1, Monday,17677,16.7
frame,lgw,Year 1, spring 1, Monday,17678,16.8
frame,lgw,Year 1, spring 1, Monday,17679,16.5
frame,lgw,Year 1, spring 1, Monday,17680,16.6
frame,lgw,Year 1, spring 1, Monday,17681,16.7
frame,lgw,Year 1, spring 1, Monday,17682,16.6
frame,lgw,Year 1, spring 1, Monday,17683,16.7
frame,lgw,Year 1, spring 1, Monday,17684,16.6
frame,lgw,Year 1, spring 1, Monday,17685,16.7
frame,lgw,Year 1, spring 1, Monday,17686,16.8
frame,lgw,Year 1, spring 1, Monday,17687,16.5
frame,lgw,Year 1, spring 1, Monday,17688,16.7
frame,lgw,Year 1, spring 1, Monday,17689,16.6
frame,lgw,Year 1, spring 1, Monday,17690,16.9
frame,lgw,Year 1, spring 1, Monday,17691,16.6
frame,lgw,Year 1, spring 1, Monday,17692,16.6
frame,lgw,Year 1, spring 1, Monday,17693,16.6
frame,lgw,Year 1, spring 1, Monday,17694,16.8
frame,lgw,Year 1, spring 1, Monday,17695,16.6
frame,lgw,Year 1, spring 1, Monday,17696,16.6
frame,lgw,Year 1, spring 1, Monday,17697,16.6
frame,lgw,Year 1, spring 1, Monday,17698,16.8
frame,lgw,Year 1, spring 1, Monday,17699,16.6
frame,lgw,Year 1, spring 1, Monday,17700,16.6
frame,lgw,Year 1, spring 1, Monday,17701,16.7
frame,lgw,Year 1, spring 1, Monday,17702,16.8
frame,lgw,Year 1, spring 1, Monday,17703,16.5
frame,lgw,Year 1, spring 1, Monday,17704,16.7
frame,lgw,Year 1, spring 1, Monday,17705,16.7
frame,lgw,Year 1, spring 1, Monday,17706,16.6
frame,lgw,Year 1, spring 1, Monday,17707,16.7
frame,lgw,Year 1, spring 1, Monday,17708,16.7
frame,lgw,Year 1, spring 1, Monday,17709,16.6
frame,lgw,Year 1, spring 1, Monday,17710,16.7
frame,lgw,Year 1, spring 1, Monday,17711,16.7
frame,lgw,Year 1, spring 1, Monday,17712,16.6
frame,lgw,Year 1, spring 1, Monday,17713,16.8
frame,lgw,Year 1, spring 1, Monday,17714,16.6
frame,lgw,Year 1, spring 1, Monday,17715,17.6
frame,lgw,Year 1, spring 1, Monday,17716,15.8
frame,lgw,Year 1, spring 1, Monday,17717,16.5
frame,lgw,Year 1, spring 1, Monday,17718,16.7
frame,lgw,Year 1, spring 1, Monday,17719,16.8
frame,lgw,Year 1, spring 1, Monday,17720,16.6
frame,lgw,Year 1, spring 1, Monday,17721,16.6
frame,lgw,Year 1, spring 1, Monday,17722,16.7
frame,lgw,Year 1, spring 1, Monday,17723,16.7
frame,lgw,Year 1, spring 1, Monday,17724,16.6
frame,lgw,Year 1, spring 1, Monday,17725,16.7
frame,lgw,Year 1, spring 1, Monday,17726,16.8
frame,lgw,Year 1, spring 1, Monday,17727,16.9
frame,lgw,Year 1, spring 1, Monday,17728,16.6
frame,lgw,Year 1, spring 1, Monday,17729,16.4
frame,lgw,Year 1, spring 1, Monday,17730,16.6
frame,lgw,Year 1, spring 1, Monday,17731,16.6
frame,lgw,Year 1, spring 1, Monday,17732,16.6
frame,lgw,Year 1, spring 1, Monday,17733,16.7
frame,lgw,Year 1, spring 1, Monday,17734,16.7
frame,lgw,Year 1, spring 1, Monday,17735,16.7
frame,lgw,Year 1, spring 1, Monday,17736,16.6
frame,lgw,Year 1, spring 1, Monday,17737,16.7
frame,lgw,Year 1, spring 1, Monday,17738,16.9
frame,lgw,Year 1, spring 1, Monday,17739,16.4
frame,lgw,Year 1, spring 1, Monday,17740,16.7
frame,lgw,Year 1, spring 1, Monday,17741,16.9
frame,lgw,Year 1, spring 1, Monday,17742,16.4
frame,lgw,Year 1, spring 1, Monday,17743,16.6
frame,lgw,Year 1, spring 1, Monday,17744,16.8
frame,lgw,Year 1, spring 1, Monday,17745,16.6
frame,lgw,Year 1, spring 1, Monday,17746,16.6
frame,lgw,Year 1, spring 1, Monday,17747,16.6
frame,lgw,Year 1, spring 1, Monday,17748,16.7
frame,lgw,Year 1, spring 1, Monday,17749,16.7
frame,lgw,Year 1, spring 1, Monday,17750,16.7
frame,lgw,Year 1, spring 1, Monday,17751,16.6
frame,lgw,Year 1, spring 1, Monday,17752,16.8
frame,lgw,Year 1, spring 1, Monday,17753,16.6
frame,lgw,Year 1, spring 1, Monday,17754,16.6
frame,lgw,Year 1, spring 1, Monday,17755,17.2
frame,lgw,Year 1, spring 1, Monday,17756,16.4
frame,lgw,Year 1, spring 1, Monday,17757,16.4
frame,lgw,Year 1, spring 1, Monday,17758,16.6
frame,lgw,Year 1, spring 1, Monday,17759,16.6
frame,lgw,Year 1, spring 1, Monday,17760,16.7
frame,lgw,Year 1, spring 1, Monday,17761,16.7
frame,lgw,Year 1, spring 1, Monday,17762,16.7
frame,lgw,Year 1, spring 1, Monday,17763,16.7
frame,lgw,Year 1, spring 1, Monday,17764,16.7
frame,lgw,Year 1, spring 1, Monday,17765,16.7
frame,lgw,Year 1, spring 1, Monday,17766,16.6
frame,lgw,Year 1, spring 1, Monday,17767,16.6
frame,lgw,Year 1, spring 1, Monday,17768,16.9
frame,lgw,Year 1, spring 1, Monday,17769,16.5
frame,lgw,Year 1, spring 1, Monday,17770,16.7
frame,lgw,Year 1, spring 1, Monday,17771,16.7
frame,lgw,Year 1, spring 1, Monday,17772,16.7
frame,lgw,Year 1, spring 1, Monday,17773,16.6
frame,lgw,Year 1, spring 1, Monday,17774,16.7
frame,lgw,Year 1, spring 1, Monday,17775,16.6
frame,lgw,Year 1, spring 1, Monday,17776,16.7
frame,lgw,Year 1, spring 1, Monday,17777,16.6
frame,lgw,Year 1, spring 1, Monday,17778,16.7
frame,lgw,Year 1, spring 1, Monday,17779,16.6
frame,lgw,Year 1, spring 1, Monday,17780,16.9
frame,lgw,Year 1, spring 1, Monday,17781,16.4
frame,lgw,Year 1, spring 1, Monday,17782,16.8
frame,lgw,Year 1, spring 1, Monday,17783,16.7
frame,lgw,Year 1, spring 1, Monday,17784,16.6
frame,lgw,Year 1, spring 1, Monday,17785,16.7
frame,lgw,Year 1, spring 1, Monday,17786,16.6
frame,lgw,Year 1, spring 1, Monday,17787,16.7
frame,lgw,Year 1, spring 1, Monday,17788,16.7
frame,lgw,Year 1, spring 1, Monday,17789,16.6
frame,lgw,Year 1, spring 1, Monday,17790,16.6
frame,lgw,Year 1, spring 1, Monday,17791,16.7
frame,lgw,Year 1, spring 1, Monday,17792,16.9
frame,lgw,Year 1, spring 1, Monday,17793,16.4
frame,lgw,Year 1, spring 1, Monday,17794,16.7
frame,lgw,Year 1, spring 1, Monday,17795,16.9
frame,lgw,Year 1, spring 1, Monday,17796,16.9
frame,lgw,Year 1, spring 1, Monday,17797,16.3
frame,lgw,Year 1, spring 1, Monday,17798,16.7
frame,lgw,Year 1, spring 1, Monday,17799,16.7
frame,lgw,Year 1, spring 1, Monday,17800,16.6
frame,lgw,Year 1, spring 1, Monday,17801,16.7
frame,lgw,Year 1, spring 1, Monday,17802,16.7
frame,lgw,Year 1, spring 1, Monday,17803,16.6
frame,lgw,Year 1, spring 1, Monday,17804,16.8
frame,lgw,Year 1, spring 1, Monday,17805,16.5
frame,lgw,Year 1, spring 1, Monday,17806,16.7
frame,lgw,Year 1, spring 1, Monday,17807,16.7
frame,lgw,Year 1, spring 1, Monday,17808,16.8
frame,lgw,Year 1, spring 1, Monday,17809,16.5
frame,lgw,Year 1, spring 1, Monday,17810,16.7
frame,lgw,Year 1, spring 1, Monday,17811,16.7
frame,lgw,Year 1, spring 1, Monday,17812,16.7
frame,lgw,Year 1, spring 1, Monday,17813,16.7
frame,lgw,Year 1, spring 1, Monday,17814,16.6
frame,lgw,Year 1, spring 1, Monday,17815,16.7
frame,lgw,Year 1, spring 1, Monday,17816,16.8
frame,lgw,Year 1, spring 1, Monday,17817,16.5
frame,lgw,Year 1, spring 1, Monday,17818,16.7
frame,lgw,Year 1, spring 1, Monday,17819,16.7
frame,lgw,Year 1, spring 1, Monday,17820,16.8
frame,lgw,Year 1, spring 1, Monday,17821,16.5
frame,lgw,Year 1, spring 1, Monday,17822,16.9
frame,lgw,Year 1, spring 1, Monday,17823,16.5
frame,lgw,Year 1, spring 1, Monday,17824,16.6
frame,lgw,Year 1, spring 1, Monday,17825,16.7
frame,lgw,Year 1, spring 1, Monday,17826,16.6
frame,lgw,Year 1, spring 1, Monday,17827,16.7
frame,lgw,Year 1, spring 1, Monday,17828,16.7
frame,lgw,Year 1, spring 1, Monday,17829,16.8
frame,lgw,Year 1, spring 1, Monday,17830,16.5
frame,lgw,Year 1, spring 1, Monday,17831,16.7
frame,lgw,Year 1, spring 1, Monday,17832,16.7
frame,lgw,Year 1, spring 1, Monday,17833,16.6
frame,lgw,Year 1, spring 1, Monday,17834,16.7
frame,lgw,Year 1, spring 1, Monday,17835,16.9
frame,lgw,Year 1, spring 1, Monday,17836,16.5
frame,lgw,Year 1, spring 1, Monday,17837,16.8
frame,lgw,Year 1, spring 1, Monday,17838,16.6
frame,lgw,Year 1, spring 1, Monday,17839,16.8
frame,lgw,Year 1, spring 1, Monday,17840,16.5
frame,lgw,Year 1, spring 1, Monday,17841,16.7
frame,lgw,Year 1, spring 1, Monday,17842,16.7
frame,lgw,Year 1, spring 1, Monday,17843,16.7
frame,lgw,Year 1, spring 1, Monday,17844,16.8
frame,lgw,Year 1, spring 1, Monday,17845,16.6
frame,lgw,Year 1, spring 1, Monday,17846,16.6
frame,lgw,Year 1, spring 1, Monday,17847,16.6
frame,lgw,Year 1, spring 1, Monday,17848,16.8
frame,lgw,Year 1, spring 1, Monday,17849,16.8
frame,lgw,Year 1, spring 1, Monday,17850,16.5
frame,lgw,Year 1, spring 1, Monday,17851,16.7
frame,lgw,Year 1, spring 1, Monday,17852,16.6
frame,lgw,Year 1, spring 1, Monday,17853,16.6
frame,lgw,Year 1, spring 1, Monday,17854,16.7
frame,lgw,Year 1, spring 1, Monday,17855,16.8
frame,lgw,Year 1, spring 1, Monday,17856,16.8
frame,lgw,Year 1, spring 1, Monday,17857,16.4
frame,lgw,Year 1, spring 1, Monday,17858,16.6
frame,lgw,Year 1, spring 1, Monday,17859,16.7
frame,lgw,Year 1, spring 1, Monday,17860,16.7
frame,lgw,Year 1, spring 1, Monday,17861,16.7
frame,lgw,Year 1, spring 1, Monday,17862,16.6
frame,lgw,Year 1, spring 1, Monday,17863,16.6
frame,lgw,Year 1, spring 1, Monday,17864,16.7
frame,lgw,Year 1, spring 1, Monday,17865,16.7
frame,lgw,Year 1, spring 1, Monday,17866,16.7
frame,lgw,Year 1, spring 1, Monday,17867,16.7
frame,lgw,Year 1, spring 1, Monday,17868,16.8
frame,lgw,Year 1, spring 1, Monday,17869,16.4
frame,lgw,Year 1, spring 1, Monday,17870,16.8
frame,lgw,Year 1, spring 1, Monday,17871,16.6
frame,lgw,Year 1, spring 1, Monday,17872,16.6
frame,lgw,Year 1, spring 1, Monday,17873,16.7
frame,lgw,Year 1, spring 1, Monday,17874,16.8
frame,lgw,Year 1, spring 1, Monday,17875,16.6
frame,lgw,Year 1, spring 1, Monday,17876,16.7
frame,lgw,Year 1, spring 1, Monday,17877,16.6
frame,lgw,Year 1, spring 1, Monday,17878,16.7
frame,lgw,Year 1, spring 1, Monday,17879,16.7
frame,lgw,Year 1, spring 1, Monday,17880,16.8
frame,lgw,Year 1, spring 1, Monday,17881,16.6
frame,lgw,Year 1, spring 1, Monday,17882,16.6
frame,lgw,Year 1, spring 1, Monday,17883,16.7
frame,lgw,Year 1, spring 1, Monday,17884,16.7
frame,lgw,Year 1, spring 1, Monday,17885,16.6
frame,lgw,Year 1, spring 1, Monday,17886,16.8
frame,lgw,Year 1, spring 1, Monday,17887,16.6
frame,lgw,Year 1, spring 1, Monday,17888,16.6
frame,lgw,Year 1, spring 1, Monday,17889,16.7
frame,lgw,Year 1, spring 1, Monday,17890,16.7
frame,lgw,Year 1, spring 1, Monday,17891,16.7
frame,lgw,Year 1, spring 1, Monday,17892,16.8
frame,lgw,Year 1, spring 1, Monday,17893,16.8
frame,lgw,Year 1, spring 1, Monday,17894,16.4
frame,lgw,Year 1, spring 1, Monday,17895,16.8
frame,lgw,Year 1, spring 1, Monday,17896,16.6
frame,lgw,Year 1, spring 1, Monday,17897,16.7
frame,lgw,Year 1, spring 1, Monday,17898,16.7
frame,lgw,Year 1, spring 1, Monday,17899,16.8
frame,lgw,Year 1, spring 1, Monday,17900,16.6
frame,lgw,Year 1, spring 1, Monday,17901,16.6
frame,lgw,Year 1, spring 1, Monday,17902,16.7
frame,lgw,Year 1, spring 1, Monday,17903,16.7
frame,lgw,Year 1, spring 1, Monday,17904,16.7
frame,lgw,Year 1, spring 1, Monday,17905,16.6
frame,lgw,Year 1, spring 1, Monday,17906,16.7
frame,lgw,Year 1, spring 1, Monday,17907,16.6
frame,lgw,Year 1, spring 1, Monday,17908,16.7
frame,lgw,Year 1, spring 1, Monday,17909,16.7
frame,lgw,Year 1, spring 1, Monday,17910,16.7
frame,lgw,Year 1, spring 1, Monday,17911,16.5
frame,lgw,Year 1, spring 1, Monday,17912,16.7
frame,lgw,Year 1, spring 1, Monday,17913,16.7
frame,lgw,Year 1, spring 1, Monday,17914,16.6
frame,lgw,Year 1, spring 1, Monday,17915,16.6
frame,lgw,Year 1, spring 1, Monday,17916,16.7
frame,lgw,Year 1, spring 1, Monday,17917,16.6
frame,lgw,Year 1, spring 1, Monday,17918,16.7
frame,lgw,Year 1, spring 1, Monday,17919,16.7
frame,lgw,Year 1, spring 1, Monday,17920,16.7
frame,lgw,Year 1, spring 1, Monday,17921,16.6
frame,lgw,Year 1, spring 1, Monday,17922,16.7
frame,lgw,Year 1, spring 1, Monday,17923,16.6
frame,lgw,Year 1, spring 1, Monday,17924,16.7
frame,lgw,Year 1, spring 1, Monday,17925,16.7
frame,lgw,Year 1, spring 1, Monday,17926,16.6
frame,lgw,Year 1, spring 1, Monday,17927,16.6
frame,lgw,Year 1, spring 1, Monday,17928,16.7
frame,lgw,Year 1, spring 1, Monday,17929,16.6
frame,lgw,Year 1, spring 1, Monday,17930,16.7
frame,lgw,Year 1, spring 1, Monday,17931,16.7
frame,lgw,Year 1, spring 1, Monday,17932,16.7
frame,lgw,Year 1, spring 1, Monday,17933,16.6
frame,lgw,Year 1, spring 1, Monday,17934,16.8
frame,lgw,Year 1, spring 1, Monday,17935,16.7
frame,lgw,Year 1, spring 1, Monday,17936,16.6
frame,lgw,Year 1, spring 1, Monday,17937,17.3
frame,lgw,Year 1, spring 1, Monday,17938,16.0
frame,lgw,Year 1, spring 1, Monday,17939,16.7
frame,lgw,Year 1, spring 1, Monday,17940,16.6
frame,lgw,Year 1, spring 1, Monday,17941,16.6
frame,lgw,Year 1, spring 1, Monday,17942,16.7
frame,lgw,Year 1, spring 1, Monday,17943,16.7
frame,lgw,Year 1, spring 1, Monday,17944,16.7
frame,lgw,Year 1, spring 1, Monday,17945,16.7
frame,lgw,Year 1, spring 1, Monday,17946,16.6
frame,lgw,Year 1, spring 1, Monday,17947,16.7
frame,lgw,Year 1, spring 1, Monday,17948,16.7
frame,lgw,Year 1, spring 1, Monday,17949,16.7
frame,lgw,Year 1, spring 1, Monday,17950,16.6
frame,lgw,Year 1, spring 1, Monday,17951,16.7
frame,lgw,Year 1, spring 1, Monday,17952,16.7
frame,lgw,Year 1, spring 1, Monday,17953,16.6
frame,lgw,Year 1, spring 1, Monday,17954,16.7
frame,lgw,Year 1, spring 1, Monday,17955,16.7
frame,lgw,Year 1, spring 1, Monday,17956,16.7
frame,lgw,Year 1, spring 1, Monday,17957,16.7
frame,lgw,Year 1, spring 1, Monday,17958,16.7
frame,lgw,Year 1, spring 1, Monday,17959,16.7
frame,lgw,Year 1, spring 1, Monday,17960,16.6
frame,lgw,Year 1, spring 1, Monday,17961,16.7
frame,lgw,Year 1, spring 1, Monday,17962,16.7
frame,lgw,Year 1, spring 1, Monday,17963,16.7
frame,lgw,Year 1, spring 1, Monday,17964,16.6
frame,lgw,Year 1, spring 1, Monday,17965,16.7
frame,lgw,Year 1, spring 1, Monday,17966,16.5
frame,lgw,Year 1, spring 1, Monday,17967,16.7
frame,lgw,Year 1, spring 1, Monday,17968,16.7
frame,lgw,Year 1, spring 1, Monday,17969,16.6
frame,lgw,Year 1, spring 1, Monday,17970,16.7
frame,lgw,Year 1, spring 1, Monday,17971,16.6
frame,lgw,Year 1, spring 1, Monday,17972,16.7
frame,lgw,Year 1, spring 1, Monday,17973,16.6
frame,lgw,Year 1, spring 1, Monday,17974,16.6
frame,lgw,Year 1, spring 1, Monday,17975,16.7
frame,lgw,Year 1, spring 1, Monday,17976,16.7
frame,lgw,Year 1, spring 1, Monday,17977,16.7
frame,lgw,Year 1, spring 1, Monday,17978,16.6
frame,lgw,Year 1, spring 1, Monday,17979,16.7
frame,lgw,Year 1, spring 1, Monday,17980,16.6
frame,lgw,Year 1, spring 1, Monday,17981,16.7
frame,lgw,Year 1, spring 1, Monday,17982,16.7
frame,lgw,Year 1, spring 1, Monday,17983,16.7
frame,lgw,Year 1, spring 1, Monday,17984,16.7
frame,lgw,Year 1, spring 1, Monday,17985,16.7
frame,lgw,Year 1, spring 1, Monday,17986,16.8
frame,lgw,Year 1, spring 1, Monday,17987,16.6
frame,lgw,Year 1, spring 1, Monday,17988,16.7
frame,lgw,Year 1, spring 1, Monday,17989,16.6
frame,lgw,Year 1, spring 1, Monday,17990,16.6
frame,lgw,Year 1, spring 1, Monday,17991,16.7
frame,lgw,Year 1, spring 1, Monday,17992,16.6
frame,lgw,Year 1, spring 1, Monday,17993,16.6
frame,lgw,Year 1, spring 1, Monday,17994,16.8
frame,lgw,Year 1, spring 1, Monday,17995,16.9
frame,lgw,Year 1, spring 1, Monday,17996,16.4
frame,lgw,Year 1, spring 1, Monday,17997,16.6
frame,lgw,Year 1, spring 1, Monday,17998,16.6
frame,lgw,Year 1, spring 1, Monday,17999,16.8
switch,lgw,Year 1, spring 1, Monday,1110,17.6
switch,lgw,Year 1, spring 1, Monday,1120,17.5
switch,lgw,Year 1, spring 1, Monday,1130,16.9
switch,lgw,Year 1, spring 1, Monday,1140,17.3
switch,lgw,Year 1, spring 1, Monday,1150,17.3
switch,lgw,Year 1, spring 1, Monday,1200,17.5
switch,lgw,Year 1, spring 1, Monday,1210,16.9
switch,lgw,Year 1, spring 1, Monday,1220,17.3
switch,lgw,Year 1, spring 1, Monday,1230,17.1
switch,lgw,Year 1, spring 1, Monday,1240,17.1
switch,lgw,Year 1, spring 1, Monday,1250,17.3
switch,lgw,Year 1, spring 1, Monday,1300,17.3
switch,lgw,Year 1, spring 1, Monday,1310,17.0
switch,lgw,Year 1, spring 1, Monday,1320,17.0
switch,lgw,Year 1, spring 1, Monday,1330,17.2
switch,lgw,Year 1, spring 1, Monday,1340,17.0
switch,lgw,Year 1, spring 1, Monday,1350,17.5
switch,lgw,Year 1, spring 1, Monday,1400,17.6
switch,lgw,Year 1, spring 1, Monday,1410,17.0
switch,lgw,Year 1, spring 1, Monday,1420,17.0
switch,lgw,Year 1, spring 1, Monday,1430,17.3
switch,lgw,Year 1, spring 1, Monday,1440,17.1
switch,lgw,Year 1, spring 1, Monday,1450,17.0
switchdetail,lgw,Year 1, spring 1, Monday,1100,0,0.0
switchdetail,lgw,Year 1, spring 1, Monday,1110,0,0.0
switchdetail,lgw,Year 1, spring 1, Monday,1120,0,0.0
switchdetail,lgw,Year 1, spring 1, Monday,1130,0,0.0
switchdetail,lgw,Year 1, spring 1, Monday,1140,0,0.0
switchdetail,lgw,Year 1, spring 1, Monday,1150,0,0.0
switchdetail,lgw,Year 1, spring 1, Monday,1200,0,0.0
switchdetail,lgw,Year 1, spring 1, Monday,1210,0,0.0
switchdetail,lgw,Year 1, spring 1, Monday,1220,0,0.0
switchdetail,lgw,Year 1, spring 1, Monday,1230,0,0.0
switchdetail,lgw,Year 1, spring 1, Monday,1240,0,0.0
switchdetail,lgw,Year 1, spring 1, Monday,1250,0,0.0
switchdetail,lgw,Year 1, spring 1, Monday,1300,0,0.0
switchdetail,lgw,Year 1, spring 1, Monday,1310,0,0.0
switchdetail,lgw,Year 1, spring 1, Monday,1320,0,0.0
switchdetail,lgw,Year 1, spring 1, Monday,1330,0,0.0
switchdetail,lgw,Year 1, spring 1, Monday,1340,0,0.0
switchdetail,lgw,Year 1, spring 1, Monday,1350,0,0.0
switchdetail,lgw,Year 1, spring 1, Monday,1400,0,0.0
switchdetail,lgw,Year 1, spring 1, Monday,1410,0,0.0
switchdetail,lgw,Year 1, spring 1, Monday,1420,0,0.0
switchdetail,lgw,Year 1, spring 1, Monday,1430,0,0.0
switchdetail,lgw,Year 1, spring 1, Monday,1440,0,0.0
lag,lgw,Year 1, spring 1, Monday,22171,52.0
frame,lgw,Year 1, spring 1, Monday,23120,16.7
frame,lgw,Year 1, spring 1, Monday,23121,16.7
frame,lgw,Year 1, spring 1, Monday,23122,16.7
frame,lgw,Year 1, spring 1, Monday,23123,16.7
frame,lgw,Year 1, spring 1, Monday,23124,16.7
frame,lgw,Year 1, spring 1, Monday,23125,16.7
frame,lgw,Year 1, spring 1, Monday,23126,16.6
frame,lgw,Year 1, spring 1, Monday,23127,16.6
frame,lgw,Year 1, spring 1, Monday,23128,16.6
frame,lgw,Year 1, spring 1, Monday,23129,16.7
frame,lgw,Year 1, spring 1, Monday,23130,16.8
frame,lgw,Year 1, spring 1, Monday,23131,16.9
frame,lgw,Year 1, spring 1, Monday,23132,16.3
frame,lgw,Year 1, spring 1, Monday,23133,16.7
frame,lgw,Year 1, spring 1, Monday,23134,16.6
frame,lgw,Year 1, spring 1, Monday,23135,16.7
frame,lgw,Year 1, spring 1, Monday,23136,16.7
frame,lgw,Year 1, spring 1, Monday,23137,16.7
frame,lgw,Year 1, spring 1, Monday,23138,16.6
frame,lgw,Year 1, spring 1, Monday,23139,16.7
frame,lgw,Year 1, spring 1, Monday,23140,16.6
frame,lgw,Year 1, spring 1, Monday,23141,16.7
frame,lgw,Year 1, spring 1, Monday,23142,16.7
frame,lgw,Year 1, spring 1, Monday,23143,16.6
frame,lgw,Year 1, spring 1, Monday,23144,16.7
frame,lgw,Year 1, spring 1, Monday,23145,16.7
frame,lgw,Year 1, spring 1, Monday,23146,17.3
frame,lgw,Year 1, spring 1, Monday,23147,16.7
frame,lgw,Year 1, spring 1, Monday,23148,15.9
frame,lgw,Year 1, spring 1, Monday,23149,16.7
frame,lgw,Year 1, spring 1, Monday,23150,16.7
frame,lgw,Year 1, spring 1, Monday,23151,16.9
frame,lgw,Year 1, spring 1, Monday,23152,16.7
frame,lgw,Year 1, spring 1, Monday,23153,16.4
frame,lgw,Year 1, spring 1, Monday,23154,16.7
frame,lgw,Year 1, spring 1, Monday,23155,16.7
frame,lgw,Year 1, spring 1, Monday,23156,16.7
frame,lgw,Year 1, spring 1, Monday,23157,16.7
frame,lgw,Year 1, spring 1, Monday,23158,16.7
frame,lgw,Year 1, spring 1, Monday,23159,16.6
frame,lgw,Year 1, spring 1, Monday,23160,16.7
frame,lgw,Year 1, spring 1, Monday,23161,16.7
frame,lgw,Year 1, spring 1, Monday,23162,16.7
frame,lgw,Year 1, spring 1, Monday,23163,16.6
frame,lgw,Year 1, spring 1, Monday,23164,16.6
frame,lgw,Year 1, spring 1, Monday,23165,16.6
frame,lgw,Year 1, spring 1, Monday,23166,17.3
frame,lgw,Year 1, spring 1, Monday,23167,16.2
frame,lgw,Year 1, spring 1, Monday,23168,16.6
frame,lgw,Year 1, spring 1, Monday,23169,16.6
frame,lgw,Year 1, spring 1, Monday,23170,16.6
frame,lgw,Year 1, spring 1, Monday,23171,16.8
frame,lgw,Year 1, spring 1, Monday,23172,16.5
frame,lgw,Year 1, spring 1, Monday,23173,16.7
frame,lgw,Year 1, spring 1, Monday,23174,16.7
frame,lgw,Year 1, spring 1, Monday,23175,16.7
frame,lgw,Year 1, spring 1, Monday,23176,16.7
frame,lgw,Year 1, spring 1, Monday,23177,16.7
frame,lgw,Year 1, spring 1, Monday,23178,16.8
frame,lgw,Year 1, spring 1, Monday,23179,16.5
frame,lgw,Year 1, spring 1, Monday,23180,16.7
frame,lgw,Year 1, spring 1, Monday,23181,16.6
frame,lgw,Year 1, spring 1, Monday,23182,16.7
frame,lgw,Year 1, spring 1, Monday,23183,16.7
frame,lgw,Year 1, spring 1, Monday,23184,16.7
frame,lgw,Year 1, spring 1, Monday,23185,16.7
frame,lgw,Year 1, spring 1, Monday,23186,16.6
frame,lgw,Year 1, spring 1, Monday,23187,16.6
frame,lgw,Year 1, spring 1, Monday,23188,16.7
frame,lgw,Year 1, spring 1, Monday,23189,16.7
frame,lgw,Year 1, spring 1, Monday,23190,16.7
frame,lgw,Year 1, spring 1, Monday,23191,17.1
frame,lgw,Year 1, spring 1, Monday,23192,16.4
frame,lgw,Year 1, spring 1, Monday,23193,16.6
frame,lgw,Year 1, spring 1, Monday,23194,16.6
frame,lgw,Year 1, spring 1, Monday,23195,16.9
frame,lgw,Year 1, spring 1, Monday,23196,16.5
frame,lgw,Year 1, spring 1, Monday,23197,16.6
frame,lgw,Year 1, spring 1, Monday,23198,16.7
frame,lgw,Year 1, spring 1, Monday,23199,16.6
frame,lgw,Year 1, spring 1, Monday,23200,16.6
frame,lgw,Year 1, spring 1, Monday,23201,16.6
frame,lgw,Year 1, spring 1, Monday,23202,16.8
frame,lgw,Year 1, spring 1, Monday,23203,16.6
frame,lgw,Year 1, spring 1, Monday,23204,16.7
frame,lgw,Year 1, spring 1, Monday,23205,16.8
frame,lgw,Year 1, spring 1, Monday,23206,16.6
frame,lgw,Year 1, spring 1, Monday,23207,16.6
frame,lgw,Year 1, spring 1, Monday,23208,16.8
frame,lgw,Year 1, spring 1, Monday,23209,16.5
frame,lgw,Year 1, spring 1, Monday,23210,17.3
frame,lgw,Year 1, spring 1, Monday,23211,16.5
frame,lgw,Year 1, spring 1, Monday,23212,16.3
frame,lgw,Year 1, spring 1, Monday,23213,16.6
frame,lgw,Year 1, spring 1, Monday,23214,16.7
frame,lgw,Year 1, spring 1, Monday,23215,16.7
frame,lgw,Year 1, spring 1, Monday,23216,16.7
frame,lgw,Year 1, spring 1, Monday,23217,16.7
frame,lgw,Year 1, spring 1, Monday,23218,16.8
frame,lgw,Year 1, spring 1, Monday,23219,16.7
frame,lgw,Year 1, spring 1, Monday,23220,16.6
frame,lgw,Year 1, spring 1, Monday,23221,16.7
frame,lgw,Year 1, spring 1, Monday,23222,16.6
frame,lgw,Year 1, spring 1, Monday,23223,16.6
frame,lgw,Year 1, spring 1, Monday,23224,16.7
frame,lgw,Year 1, spring 1, Monday,23225,16.7
frame,lgw,Year 1, spring 1, Monday,23226,16.7
frame,lgw,Year 1, spring 1, Monday,23227,16.7
frame,lgw,Year 1, spring 1, Monday,23228,16.7
frame,lgw,Year 1, spring 1, Monday,23229,16.7
frame,lgw,Year 1, spring 1, Monday,23230,16.7
frame,lgw,Year 1, spring 1, Monday,23231,16.9
frame,lgw,Year 1, spring 1, Monday,23232,16.4
frame,lgw,Year 1, spring 1, Monday,23233,16.7
frame,lgw,Year 1, spring 1, Monday,23234,16.8
frame,lgw,Year 1, spring 1, Monday,23235,16.6
frame,lgw,Year 1, spring 1, Monday,23236,16.7
frame,lgw,Year 1, spring 1, Monday,23237,16.6
frame,lgw,Year 1, spring 1, Monday,23238,16.6
frame,lgw,Year 1, spring 1, Monday,23239,16.7
frame,lgw,Year 1, spring 1, Monday,23240,16.7
frame,lgw,Year 1, spring 1, Monday,23241,16.7
frame,lgw,Year 1, spring 1, Monday,23242,16.7
frame,lgw,Year 1, spring 1, Monday,23243,16.8
frame,lgw,Year 1, spring 1, Monday,23244,24.1
frame,lgw,Year 1, spring 1, Monday,23245,9.1
frame,lgw,Year 1, spring 1, Monday,23246,16.8
frame,lgw,Year 1, spring 1, Monday,23247,16.6
frame,lgw,Year 1, spring 1, Monday,23248,16.5
frame,lgw,Year 1, spring 1, Monday,23249,16.8
frame,lgw,Year 1, spring 1, Monday,23250,16.6
frame,lgw,Year 1, spring 1, Monday,23251,16.9
frame,lgw,Year 1, spring 1, Monday,23252,16.5
frame,lgw,Year 1, spring 1, Monday,23253,16.6
frame,lgw,Year 1, spring 1, Monday,23254,16.7
frame,lgw,Year 1, spring 1, Monday,23255,16.7
frame,lgw,Year 1, spring 1, Monday,23256,16.6
frame,lgw,Year 1, spring 1, Monday,23257,16.6
frame,lgw,Year 1, spring 1, Monday,23258,16.7
frame,lgw,Year 1, spring 1, Monday,23259,16.7
frame,lgw,Year 1, spring 1, Monday,23260,16.8
frame,lgw,Year 1, spring 1, Monday,23261,16.5
frame,lgw,Year 1, spring 1, Monday,23262,16.7
frame,lgw,Year 1, spring 1, Monday,23263,16.6
frame,lgw,Year 1, spring 1, Monday,23264,16.7
frame,lgw,Year 1, spring 1, Monday,23265,16.7
frame,lgw,Year 1, spring 1, Monday,23266,16.6
frame,lgw,Year 1, spring 1, Monday,23267,16.7
frame,lgw,Year 1, spring 1, Monday,23268,17.3
frame,lgw,Year 1, spring 1, Monday,23269,16.2
frame,lgw,Year 1, spring 1, Monday,23270,16.5
frame,lgw,Year 1, spring 1, Monday,23271,16.6
frame,lgw,Year 1, spring 1, Monday,23272,16.9
frame,lgw,Year 1, spring 1, Monday,23273,16.5
frame,lgw,Year 1, spring 1, Monday,23274,17.0
frame,lgw,Year 1, spring 1, Monday,23275,16.5
frame,lgw,Year 1, spring 1, Monday,23276,16.3
frame,lgw,Year 1, spring 1, Monday,23277,16.7
frame,lgw,Year 1, spring 1, Monday,23278,16.8
frame,lgw,Year 1, spring 1, Monday,23279,16.6
frame,lgw,Year 1, spring 1, Monday,23280,16.6
frame,lgw,Year 1, spring 1, Monday,23281,16.7
frame,lgw,Year 1, spring 1, Monday,23282,16.7
frame,lgw,Year 1, spring 1, Monday,23283,16.8
frame,lgw,Year 1, spring 1, Monday,23284,16.7
frame,lgw,Year 1, spring 1, Monday,23285,16.9
frame,lgw,Year 1, spring 1, Monday,23286,16.4
frame,lgw,Year 1, spring 1, Monday,23287,16.7
frame,lgw,Year 1, spring 1, Monday,23288,16.6
frame,lgw,Year 1, spring 1, Monday,23289,16.8
frame,lgw,Year 1, spring 1, Monday,23290,16.6
frame,lgw,Year 1, spring 1, Monday,23291,16.6
frame,lgw,Year 1, spring 1, Monday,23292,16.6
frame,lgw,Year 1, spring 1, Monday,23293,16.8
frame,lgw,Year 1, spring 1, Monday,23294,16.5
frame,lgw,Year 1, spring 1, Monday,23295,16.7
frame,lgw,Year 1, spring 1, Monday,23296,16.7
frame,lgw,Year 1, spring 1, Monday,23297,16.6
frame,lgw,Year 1, spring 1, Monday,23298,16.7
frame,lgw,Year 1, spring 1, Monday,23299,16.7
frame,lgw,Year 1, spring 1, Monday,23300,16.6
frame,lgw,Year 1, spring 1, Monday,23301,16.7
frame,lgw,Year 1, spring 1, Monday,23302,16.6
frame,lgw,Year 1, spring 1, Monday,23303,16.7
frame,lgw,Year 1, spring 1, Monday,23304,16.7
frame,lgw,Year 1, spring 1, Monday,23305,16.6
frame,lgw,Year 1, spring 1, Monday,23306,16.7
frame,lgw,Year 1, spring 1, Monday,23307,16.6
frame,lgw,Year 1, spring 1, Monday,23308,16.7
frame,lgw,Year 1, spring 1, Monday,23309,16.9
frame,lgw,Year 1, spring 1, Monday,23310,16.4
frame,lgw,Year 1, spring 1, Monday,23311,16.8
frame,lgw,Year 1, spring 1, Monday,23312,16.7
frame,lgw,Year 1, spring 1, Monday,23313,16.5
frame,lgw,Year 1, spring 1, Monday,23314,16.6
frame,lgw,Year 1, spring 1, Monday,23315,16.7
frame,lgw,Year 1, spring 1, Monday,23316,16.6
frame,lgw,Year 1, spring 1, Monday,23317,16.7
frame,lgw,Year 1, spring 1, Monday,23318,16.8
frame,lgw,Year 1, spring 1, Monday,23319,16.5
frame,lgw,Year 1, spring 1, Monday,23320,16.7
frame,lgw,Year 1, spring 1, Monday,23321,16.7
frame,lgw,Year 1, spring 1, Monday,23322,16.6
frame,lgw,Year 1, spring 1, Monday,23323,16.6
frame,lgw,Year 1, spring 1, Monday,23324,16.7
frame,lgw,Year 1, spring 1, Monday,23325,16.9
frame,lgw,Year 1, spring 1, Monday,23326,16.7
frame,lgw,Year 1, spring 1, Monday,23327,16.5
frame,lgw,Year 1, spring 1, Monday,23328,16.7
frame,lgw,Year 1, spring 1, Monday,23329,16.6
frame,lgw,Year 1, spring 1, Monday,23330,16.6
frame,lgw,Year 1, spring 1, Monday,23331,16.7
frame,lgw,Year 1, spring 1, Monday,23332,16.6
frame,lgw,Year 1, spring 1, Monday,23333,16.8
frame,lgw,Year 1, spring 1, Monday,23334,16.9
frame,lgw,Year 1, spring 1, Monday,23335,16.3
frame,lgw,Year 1, spring 1, Monday,23336,16.7
frame,lgw,Year 1, spring 1, Monday,23337,16.7
frame,lgw,Year 1, spring 1, Monday,23338,17.0
frame,lgw,Year 1, spring 1, Monday,23339,31.2
frame,lgw,Year 1, spring 1, Monday,23340,3.4
frame,lgw,Year 1, spring 1, Monday,23341,15.3
frame,lgw,Year 1, spring 1, Monday,23342,16.5
frame,lgw,Year 1, spring 1, Monday,23343,16.8
frame,lgw,Year 1, spring 1, Monday,23344,16.6
frame,lgw,Year 1, spring 1, Monday,23345,16.8
frame,lgw,Year 1, spring 1, Monday,23346,16.6
frame,lgw,Year 1, spring 1, Monday,23347,16.6
frame,lgw,Year 1, spring 1, Monday,23348,17.1
frame,lgw,Year 1, spring 1, Monday,23349,16.5
frame,lgw,Year 1, spring 1, Monday,23350,16.4
frame,lgw,Year 1, spring 1, Monday,23351,16.6
frame,lgw,Year 1, spring 1, Monday,23352,16.7
frame,lgw,Year 1, spring 1, Monday,23353,16.7
frame,lgw,Year 1, spring 1, Monday,23354,16.7
frame,lgw,Year 1, spring 1, Monday,23355,16.7
frame,lgw,Year 1, spring 1, Monday,23356,16.7
frame,lgw,Year 1, spring 1, Monday,23357,16.7
frame,lgw,Year 1, spring 1, Monday,23358,16.6
frame,lgw,Year 1, spring 1, Monday,23359,16.6
frame,lgw,Year 1, spring 1, Monday,23360,16.7
frame,lgw,Year 1, spring 1, Monday,23361,16.7
frame,lgw,Year 1, spring 1, Monday,23362,16.7
frame,lgw,Year 1, spring 1, Monday,23363,16.8
frame,lgw,Year 1, spring 1, Monday,23364,16.6
frame,lgw,Year 1, spring 1, Monday,23365,16.8
frame,lgw,Year 1, spring 1, Monday,23366,16.5
frame,lgw,Year 1, spring 1, Monday,23367,16.7
frame,lgw,Year 1, spring 1, Monday,23368,16.7
frame,lgw,Year 1, spring 1, Monday,23369,16.6
frame,lgw,Year 1, spring 1, Monday,23370,16.6
frame,lgw,Year 1, spring 1, Monday,23371,16.7
frame,lgw,Year 1, spring 1, Monday,23372,16.8
frame,lgw,Year 1, spring 1, Monday,23373,16.6
frame,lgw,Year 1, spring 1, Monday,23374,16.6
frame,lgw,Year 1, spring 1, Monday,23375,16.7
frame,lgw,Year 1, spring 1, Monday,23376,16.8
frame,lgw,Year 1, spring 1, Monday,23377,16.6
frame,lgw,Year 1, spring 1, Monday,23378,16.7
frame,lgw,Year 1, spring 1, Monday,23379,16.7
frame,lgw,Year 1, spring 1, Monday,23380,16.7
frame,lgw,Year 1, spring 1, Monday,23381,16.6
frame,lgw,Year 1, spring 1, Monday,23382,16.6
frame,lgw,Year 1, spring 1, Monday,23383,16.7
frame,lgw,Year 1, spring 1, Monday,23384,16.6
frame,lgw,Year 1, spring 1, Monday,23385,16.8
frame,lgw,Year 1, spring 1, Monday,23386,16.6
frame,lgw,Year 1, spring 1, Monday,23387,16.7
frame,lgw,Year 1, spring 1, Monday,23388,16.7
frame,lgw,Year 1, spring 1, Monday,23389,16.5
frame,lgw,Year 1, spring 1, Monday,23390,16.7
frame,lgw,Year 1, spring 1, Monday,23391,16.7
frame,lgw,Year 1, spring 1, Monday,23392,16.7
frame,lgw,Year 1, spring 1, Monday,23393,16.8
frame,lgw,Year 1, spring 1, Monday,23394,16.6
frame,lgw,Year 1, spring 1, Monday,23395,16.6
frame,lgw,Year 1, spring 1, Monday,23396,16.7
frame,lgw,Year 1, spring 1, Monday,23397,16.7
frame,lgw,Year 1, spring 1, Monday,23398,16.7
frame,lgw,Year 1, spring 1, Monday,23399,16.7
frame,lgw,Year 1, spring 1, Monday,23400,16.6
frame,lgw,Year 1, spring 1, Monday,23401,16.8
frame,lgw,Year 1, spring 1, Monday,23402,17.2
frame,lgw,Year 1, spring 1, Monday,23403,16.5
frame,lgw,Year 1, spring 1, Monday,23404,16.3
frame,lgw,Year 1, spring 1, Monday,23405,16.8
frame,lgw,Year 1, spring 1, Monday,23406,16.5
frame,lgw,Year 1, spring 1, Monday,23407,16.7
frame,lgw,Year 1, spring 1, Monday,23408,16.7
frame,lgw,Year 1, spring 1, Monday,23409,16.7
frame,lgw,Year 1, spring 1, Monday,23410,16.6
frame,lgw,Year 1, spring 1, Monday,23411,16.7
frame,lgw,Year 1, spring 1, Monday,23412,16.6
frame,lgw,Year 1, spring 1, Monday,23413,16.7
frame,lgw,Year 1, spring 1, Monday,23414,16.7
frame,lgw,Year 1, spring 1, Monday,23415,16.7
frame,lgw,Year 1, spring 1, Monday,23416,16.7
frame,lgw,Year 1, spring 1, Monday,23417,16.7
frame,lgw,Year 1, spring 1, Monday,23418,16.7
frame,lgw,Year 1, spring 1, Monday,23419,16.6
frame,lgw,Year 1, spring 1, Monday,23420,16.6
frame,lgw,Year 1, spring 1, Monday,23421,16.7
frame,lgw,Year 1, spring 1, Monday,23422,16.6
frame,lgw,Year 1, spring 1, Monday,23423,16.7
frame,lgw,Year 1, spring 1, Monday,23424,16.7
frame,lgw,Year 1, spring 1, Monday,23425,16.8
frame,lgw,Year 1, spring 1, Monday,23426,16.7
frame,lgw,Year 1, spring 1, Monday,23427,16.6
frame,lgw,Year 1, spring 1, Monday,23428,16.5
frame,lgw,Year 1, spring 1, Monday,23429,16.7
frame,lgw,Year 1, spring 1, Monday,23430,16.8
frame,lgw,Year 1, spring 1, Monday,23431,16.6
frame,lgw,Year 1, spring 1, Monday,23432,16.9
frame,lgw,Year 1, spring 1, Monday,23433,16.5
frame,lgw,Year 1, spring 1, Monday,23434,16.5
frame,lgw,Year 1, spring 1, Monday,23435,16.7
frame,lgw,Year 1, spring 1, Monday,23436,16.7
frame,lgw,Year 1, spring 1, Monday,23437,16.6
frame,lgw,Year 1, spring 1, Monday,23438,16.7
frame,lgw,Year 1, spring 1, Monday,23439,16.9
frame,lgw,Year 1, spring 1, Monday,23440,16.6
frame,lgw,Year 1, spring 1, Monday,23441,16.6
frame,lgw,Year 1, spring 1, Monday,23442,16.8
frame,lgw,Year 1, spring 1, Monday,23443,16.6
frame,lgw,Year 1, spring 1, Monday,23444,16.7
frame,lgw,Year 1, spring 1, Monday,23445,16.8
frame,lgw,Year 1, spring 1, Monday,23446,16.6
frame,lgw,Year 1, spring 1, Monday,23447,16.6
frame,lgw,Year 1, spring 1, Monday,23448,16.7
frame,lgw,Year 1, spring 1, Monday,23449,16.8
frame,lgw,Year 1, spring 1, Monday,23450,16.6
frame,lgw,Year 1, spring 1, Monday,23451,16.6
frame,lgw,Year 1, spring 1, Monday,23452,16.6
frame,lgw,Year 1, spring 1, Monday,23453,16.7
frame,lgw,Year 1, spring 1, Monday,23454,16.7
frame,lgw,Year 1, spring 1, Monday,23455,16.6
frame,lgw,Year 1, spring 1, Monday,23456,16.7
frame,lgw,Year 1, spring 1, Monday,23457,16.7
frame,lgw,Year 1, spring 1, Monday,23458,16.7
frame,lgw,Year 1, spring 1, Monday,23459,16.6
frame,lgw,Year 1, spring 1, Monday,23460,16.7
frame,lgw,Year 1, spring 1, Monday,23461,16.6
frame,lgw,Year 1, spring 1, Monday,23462,16.7
frame,lgw,Year 1, spring 1, Monday,23463,16.6
frame,lgw,Year 1, spring 1, Monday,23464,16.8
frame,lgw,Year 1, spring 1, Monday,23465,16.8
frame,lgw,Year 1, spring 1, Monday,23466,17.0
frame,lgw,Year 1, spring 1, Monday,23467,16.4
frame,lgw,Year 1, spring 1, Monday,23468,16.3
frame,lgw,Year 1, spring 1, Monday,23469,16.5
frame,lgw,Year 1, spring 1, Monday,23470,16.6
frame,lgw,Year 1, spring 1, Monday,23471,16.7
frame,lgw,Year 1, spring 1, Monday,23472,16.7
frame,lgw,Year 1, spring 1, Monday,23473,17.3
frame,lgw,Year 1, spring 1, Monday,23474,16.0
frame,lgw,Year 1, spring 1, Monday,23475,16.7
frame,lgw,Year 1, spring 1, Monday,23476,16.7
frame,lgw,Year 1, spring 1, Monday,23477,16.7
frame,lgw,Year 1, spring 1, Monday,23478,16.7
frame,lgw,Year 1, spring 1, Monday,23479,16.6
frame,lgw,Year 1, spring 1, Monday,23480,16.6
frame,lgw,Year 1, spring 1, Monday,23481,16.7
frame,lgw,Year 1, spring 1, Monday,23482,16.7
frame,lgw,Year 1, spring 1, Monday,23483,16.7
frame,lgw,Year 1, spring 1, Monday,23484,16.7
frame,lgw,Year 1, spring 1, Monday,23485,16.6
frame,lgw,Year 1, spring 1, Monday,23486,16.7
frame,lgw,Year 1, spring 1, Monday,23487,16.7
frame,lgw,Year 1, spring 1, Monday,23488,16.6
frame,lgw,Year 1, spring 1, Monday,23489,16.7
frame,lgw,Year 1, spring 1, Monday,23490,16.8
frame,lgw,Year 1, spring 1, Monday,23491,16.8
frame,lgw,Year 1, spring 1, Monday,23492,16.5
frame,lgw,Year 1, spring 1, Monday,23493,16.7
frame,lgw,Year 1, spring 1, Monday,23494,16.6
frame,lgw,Year 1, spring 1, Monday,23495,16.6
frame,lgw,Year 1, spring 1, Monday,23496,16.7
frame,lgw,Year 1, spring 1, Monday,23497,16.7
frame,lgw,Year 1, spring 1, Monday,23498,16.7
frame,lgw,Year 1, spring 1, Monday,23499,16.6
frame,lgw,Year 1, spring 1, Monday,23500,16.7
frame,lgw,Year 1, spring 1, Monday,23501,16.7
frame,lgw,Year 1, spring 1, Monday,23502,16.9
frame,lgw,Year 1, spring 1, Monday,23503,16.6
frame,lgw,Year 1, spring 1, Monday,23504,16.5
frame,lgw,Year 1, spring 1, Monday,23505,18.5
frame,lgw,Year 1, spring 1, Monday,23506,17.3
frame,lgw,Year 1, spring 1, Monday,23507,14.2
frame,lgw,Year 1, spring 1, Monday,23508,16.7
frame,lgw,Year 1, spring 1, Monday,23509,16.6
frame,lgw,Year 1, spring 1, Monday,23510,16.7
frame,lgw,Year 1, spring 1, Monday,23511,16.7
frame,lgw,Year 1, spring 1, Monday,23512,16.6
frame,lgw,Year 1, spring 1, Monday,23513,16.7
frame,lgw,Year 1, spring 1, Monday,23514,16.7
frame,lgw,Year 1, spring 1, Monday,23515,16.6
frame,lgw,Year 1, spring 1, Monday,23516,16.7
frame,lgw,Year 1, spring 1, Monday,23517,16.6
frame,lgw,Year 1, spring 1, Monday,23518,16.8
frame,lgw,Year 1, spring 1, Monday,23519,16.6
frame,lgw,Year 1, spring 1, Monday,23520,16.7
frame,lgw,Year 1, spring 1, Monday,23521,16.7
frame,lgw,Year 1, spring 1, Monday,23522,16.7
frame,lgw,Year 1, spring 1, Monday,23523,16.7
frame,lgw,Year 1, spring 1, Monday,23524,16.7
frame,lgw,Year 1, spring 1, Monday,23525,16.6
frame,lgw,Year 1, spring 1, Monday,23526,16.7
frame,lgw,Year 1, spring 1, Monday,23527,16.6
frame,lgw,Year 1, spring 1, Monday,23528,16.7
frame,lgw,Year 1, spring 1, Monday,23529,16.7
frame,lgw,Year 1, spring 1, Monday,23530,16.6
frame,lgw,Year 1, spring 1, Monday,23531,16.8
frame,lgw,Year 1, spring 1, Monday,23532,16.7
frame,lgw,Year 1, spring 1, Monday,23533,16.6
frame,lgw,Year 1, spring 1, Monday,23534,16.7
frame,lgw,Year 1, spring 1, Monday,23535,16.7
frame,lgw,Year 1, spring 1, Monday,23536,16.6
frame,lgw,Year 1, spring 1, Monday,23537,16.7
frame,lgw,Year 1, spring 1, Monday,23538,16.7
frame,lgw,Year 1, spring 1, Monday,23539,16.6
frame,lgw,Year 1, spring 1, Monday,23540,16.8
frame,lgw,Year 1, spring 1, Monday,23541,16.5
frame,lgw,Year 1, spring 1, Monday,23542,16.7
frame,lgw,Year 1, spring 1, Monday,23543,16.7
frame,lgw,Year 1, spring 1, Monday,23544,16.7
frame,lgw,Year 1, spring 1, Monday,23545,16.6
frame,lgw,Year 1, spring 1, Monday,23546,16.7
frame,lgw,Year 1, spring 1, Monday,23547,16.7
frame,lgw,Year 1, spring 1, Monday,23548,16.8
frame,lgw,Year 1, spring 1, Monday,23549,16.7
frame,lgw,Year 1, spring 1, Monday,23550,16.7
frame,lgw,Year 1, spring 1, Monday,23551,16.8
frame,lgw,Year 1, spring 1, Monday,23552,16.6
frame,lgw,Year 1, spring 1, Monday,23553,17.0
frame,lgw,Year 1, spring 1, Monday,23554,16.4
frame,lgw,Year 1, spring 1, Monday,23555,16.6
frame,lgw,Year 1, spring 1, Monday,23556,16.7
frame,lgw,Year 1, spring 1, Monday,23557,16.7
frame,lgw,Year 1, spring 1, Monday,23558,16.8
frame,lgw,Year 1, spring 1, Monday,23559,16.5
frame,lgw,Year 1, spring 1, Monday,23560,16.6
frame,lgw,Year 1, spring 1, Monday,23561,16.7
frame,lgw,Year 1, spring 1, Monday,23562,16.7
frame,lgw,Year 1, spring 1, Monday,23563,16.7
frame,lgw,Year 1, spring 1, Monday,23564,16.7
frame,lgw,Year 1, spring 1, Monday,23565,16.6
frame,lgw,Year 1, spring 1, Monday,23566,16.6
frame,lgw,Year 1, spring 1, Monday,23567,16.9
frame,lgw,Year 1, spring 1, Monday,23568,16.6
frame,lgw,Year 1, spring 1, Monday,23569,16.6
frame,lgw,Year 1, spring 1, Monday,23570,16.6
frame,lgw,Year 1, spring 1, Monday,23571,16.7
frame,lgw,Year 1, spring 1, Monday,23572,16.6
frame,lgw,Year 1, spring 1, Monday,23573,16.7
frame,lgw,Year 1, spring 1, Monday,23574,16.7
frame,lgw,Year 1, spring 1, Monday,23575,16.6
frame,lgw,Year 1, spring 1, Monday,23576,16.7
frame,lgw,Year 1, spring 1, Monday,23577,16.7
frame,lgw,Year 1, spring 1, Monday,23578,16.5
frame,lgw,Year 1, spring 1, Monday,23579,16.7
frame,lgw,Year 1, spring 1, Monday,23580,16.8
frame,lgw,Year 1, spring 1, Monday,23581,16.6
frame,lgw,Year 1, spring 1, Monday,23582,16.8
frame,lgw,Year 1, spring 1, Monday,23583,16.6
frame,lgw,Year 1, spring 1, Monday,23584,16.7
frame,lgw,Year 1, spring 1, Monday,23585,17.6
frame,lgw,Year 1, spring 1, Monday,23586,15.7
frame,lgw,Year 1, spring 1, Monday,23587,16.9
frame,lgw,Year 1, spring 1, Monday,23588,16.5
frame,lgw,Year 1, spring 1, Monday,23589,16.7
frame,lgw,Year 1, spring 1, Monday,23590,16.6
frame,lgw,Year 1, spring 1, Monday,23591,16.5
frame,lgw,Year 1, spring 1, Monday,23592,16.7
frame,lgw,Year 1, spring 1, Monday,23593,16.7
frame,lgw,Year 1, spring 1, Monday,23594,16.6
frame,lgw,Year 1, spring 1, Monday,23595,16.6
frame,lgw,Year 1, spring 1, Monday,23596,16.6
frame,lgw,Year 1, spring 1, Monday,23597,16.7
frame,lgw,Year 1, spring 1, Monday,23598,16.8
frame,lgw,Year 1, spring 1, Monday,23599,16.6
frame,lgw,Year 1, spring 1, Monday,23600,16.6
frame,lgw,Year 1, spring 1, Monday,23601,16.7
frame,lgw,Year 1, spring 1, Monday,23602,16.6
frame,lgw,Year 1, spring 1, Monday,23603,18.4
frame,lgw,Year 1, spring 1, Monday,23604,15.1
frame,lgw,Year 1, spring 1, Monday,23605,16.5
frame,lgw,Year 1, spring 1, Monday,23606,16.7
frame,lgw,Year 1, spring 1, Monday,23607,16.9
frame,lgw,Year 1, spring 1, Monday,23608,16.5
frame,lgw,Year 1, spring 1, Monday,23609,17.5
frame,lgw,Year 1, spring 1, Monday,23610,16.4
frame,lgw,Year 1, spring 1, Monday,23611,16.1
frame,lgw,Year 1, spring 1, Monday,23612,16.6
frame,lgw,Year 1, spring 1, Monday,23613,16.6
frame,lgw,Year 1, spring 1, Monday,23614,16.9
frame,lgw,Year 1, spring 1, Monday,23615,16.6
frame,lgw,Year 1, spring 1, Monday,23616,16.6
frame,lgw,Year 1, spring 1, Monday,23617,17.0
frame,lgw,Year 1, spring 1, Monday,23618,16.4
frame,lgw,Year 1, spring 1, Monday,23619,16.8
frame,lgw,Year 1, spring 1, Monday,23620,16.5
frame,lgw,Year 1, spring 1, Monday,23621,16.7
frame,lgw,Year 1, spring 1, Monday,23622,16.6
frame,lgw,Year 1, spring 1, Monday,23623,16.7
frame,lgw,Year 1, spring 1, Monday,23624,16.8
frame,lgw,Year 1, spring 1, Monday,23625,16.5
frame,lgw,Year 1, spring 1, Monday,23626,16.6
frame,lgw,Year 1, spring 1, Monday,23627,16.8
frame,lgw,Year 1, spring 1, Monday,23628,16.5
frame,lgw,Year 1, spring 1, Monday,23629,16.8
frame,lgw,Year 1, spring 1, Monday,23630,16.7
frame,lgw,Year 1, spring 1, Monday,23631,17.2
frame,lgw,Year 1, spring 1, Monday,23632,16.0
frame,lgw,Year 1, spring 1, Monday,23633,16.7
frame,lgw,Year 1, spring 1, Monday,23634,16.7
frame,lgw,Year 1, spring 1, Monday,23635,16.7
frame,lgw,Year 1, spring 1, Monday,23636,16.6
frame,lgw,Year 1, spring 1, Monday,23637,16.7
frame,lgw,Year 1, spring 1, Monday,23638,16.6
frame,lgw,Year 1, spring 1, Monday,23639,17.2
frame,lgw,Year 1, spring 1, Monday,23640,16.2
frame,lgw,Year 1, spring 1, Monday,23641,16.7
frame,lgw,Year 1, spring 1, Monday,23642,16.7
frame,lgw,Year 1, spring 1, Monday,23643,16.8
frame,lgw,Year 1, spring 1, Monday,23644,16.7
frame,lgw,Year 1, spring 1, Monday,23645,16.5
frame,lgw,Year 1, spring 1, Monday,23646,16.6
frame,lgw,Year 1, spring 1, Monday,23647,16.7
frame,lgw,Year 1, spring 1, Monday,23648,16.7
frame,lgw,Year 1, spring 1, Monday,23649,16.8
frame,lgw,Year 1, spring 1, Monday,23650,16.4
frame,lgw,Year 1, spring 1, Monday,23651,16.9
frame,lgw,Year 1, spring 1, Monday,23652,16.5
frame,lgw,Year 1, spring 1, Monday,23653,16.6
frame,lgw,Year 1, spring 1, Monday,23654,16.6
frame,lgw,Year 1, spring 1, Monday,23655,16.7
frame,lgw,Year 1, spring 1, Monday,23656,16.6
frame,lgw,Year 1, spring 1, Monday,23657,16.7
frame,lgw,Year 1, spring 1, Monday,23658,16.6
frame,lgw,Year 1, spring 1, Monday,23659,16.8
frame,lgw,Year 1, spring 1, Monday,23660,16.7
frame,lgw,Year 1, spring 1, Monday,23661,16.6
frame,lgw,Year 1, spring 1, Monday,23662,16.7
frame,lgw,Year 1, spring 1, Monday,23663,16.7
frame,lgw,Year 1, spring 1, Monday,23664,17.0
frame,lgw,Year 1, spring 1, Monday,23665,16.4
frame,lgw,Year 1, spring 1, Monday,23666,16.7
frame,lgw,Year 1, spring 1, Monday,23667,16.8
frame,lgw,Year 1, spring 1, Monday,23668,16.6
frame,lgw,Year 1, spring 1, Monday,23669,16.7
frame,lgw,Year 1, spring 1, Monday,23670,16.6
frame,lgw,Year 1, spring 1, Monday,23671,16.7
frame,lgw,Year 1, spring 1, Monday,23672,16.6
frame,lgw,Year 1, spring 1, Monday,23673,17.6
frame,lgw,Year 1, spring 1, Monday,23674,16.2
frame,lgw,Year 1, spring 1, Monday,23675,16.3
frame,lgw,Year 1, spring 1, Monday,23676,16.6
frame,lgw,Year 1, spring 1, Monday,23677,16.7
frame,lgw,Year 1, spring 1, Monday,23678,16.6
frame,lgw,Year 1, spring 1, Monday,23679,16.7
frame,lgw,Year 1, spring 1, Monday,23680,16.6
frame,lgw,Year 1, spring 1, Monday,23681,16.8
frame,lgw,Year 1, spring 1, Monday,23682,16.7
frame,lgw,Year 1, spring 1, Monday,23683,16.7
frame,lgw,Year 1, spring 1, Monday,23684,16.5
frame,lgw,Year 1, spring 1, Monday,23685,16.6
frame,lgw,Year 1, spring 1, Monday,23686,16.7
frame,lgw,Year 1, spring 1, Monday,23687,16.8
frame,lgw,Year 1, spring 1, Monday,23688,16.5
frame,lgw,Year 1, spring 1, Monday,23689,16.7
frame,lgw,Year 1, spring 1, Monday,23690,21.9
frame,lgw,Year 1, spring 1, Monday,23691,11.4
frame,lgw,Year 1, spring 1, Monday,23692,16.7
frame,lgw,Year 1, spring 1, Monday,23693,16.9
frame,lgw,Year 1, spring 1, Monday,23694,16.6
frame,lgw,Year 1, spring 1, Monday,23695,16.9
frame,lgw,Year 1, spring 1, Monday,23696,16.3
frame,lgw,Year 1, spring 1, Monday,23697,16.8
frame,lgw,Year 1, spring 1, Monday,23698,16.4
frame,lgw,Year 1, spring 1, Monday,23699,16.8
frame,lgw,Year 1, spring 1, Monday,23700,16.5
frame,lgw,Year 1, spring 1, Monday,23701,16.7
frame,lgw,Year 1, spring 1, Monday,23702,16.8
frame,lgw,Year 1, spring 1, Monday,23703,16.6
frame,lgw,Year 1, spring 1, Monday,23704,17.0
frame,lgw,Year 1, spring 1, Monday,23705,16.5
frame,lgw,Year 1, spring 1, Monday,23706,16.6
frame,lgw,Year 1, spring 1, Monday,23707,16.5
frame,lgw,Year 1, spring 1, Monday,23708,16.8
frame,lgw,Year 1, spring 1, Monday,23709,16.6
frame,lgw,Year 1, spring 1, Monday,23710,16.6
frame,lgw,Year 1, spring 1, Monday,23711,16.7
frame,lgw,Year 1, spring 1, Monday,23712,16.7
frame,lgw,Year 1, spring 1, Monday,23713,16.6
frame,lgw,Year 1, spring 1, Monday,23714,16.7
frame,lgw,Year 1, spring 1, Monday,23715,16.6
frame,lgw,Year 1, spring 1, Monday,23716,16.6
frame,lgw,Year 1, spring 1, Monday,23717,16.8
frame,lgw,Year 1, spring 1, Monday,23718,16.5
frame,lgw,Year 1, spring 1, Monday,23719,16.7
frame,lgw,Year 1, spring 1, Monday,23720,16.6
frame,lgw,Year 1, spring 1, Monday,23721,16.7
frame,lgw,Year 1, spring 1, Monday,23722,17.4
frame,lgw,Year 1, spring 1, Monday,23723,16.0
frame,lgw,Year 1, spring 1, Monday,23724,16.6
frame,lgw,Year 1, spring 1, Monday,23725,16.7
frame,lgw,Year 1, spring 1, Monday,23726,16.9
frame,lgw,Year 1, spring 1, Monday,23727,16.6
frame,lgw,Year 1, spring 1, Monday,23728,16.7
frame,lgw,Year 1, spring 1, Monday,23729,16.8
frame,lgw,Year 1, spring 1, Monday,23730,16.5
frame,lgw,Year 1, spring 1, Monday,23731,16.6
frame,lgw,Year 1, spring 1, Monday,23732,16.9
frame,lgw,Year 1, spring 1, Monday,23733,16.5
frame,lgw,Year 1, spring 1, Monday,23734,16.7
frame,lgw,Year 1, spring 1, Monday,23735,16.8
frame,lgw,Year 1, spring 1, Monday,23736,16.5
frame,lgw,Year 1, spring 1, Monday,23737,17.0
frame,lgw,Year 1, spring 1, Monday,23738,16.7
frame,lgw,Year 1, spring 1, Monday,23739,16.5
frame,lgw,Year 1, spring 1, Monday,23740,16.5
frame,lgw,Year 1, spring 1, Monday,23741,16.6
frame,lgw,Year 1, spring 1, Monday,23742,16.7
frame,lgw,Year 1, spring 1, Monday,23743,16.7
frame,lgw,Year 1, spring 1, Monday,23744,16.9
frame,lgw,Year 1, spring 1, Monday,23745,16.8
frame,lgw,Year 1, spring 1, Monday,23746,16.5
frame,lgw,Year 1, spring 1, Monday,23747,16.5
frame,lgw,Year 1, spring 1, Monday,23748,16.6
frame,lgw,Year 1, spring 1, Monday,23749,16.7
frame,lgw,Year 1, spring 1, Monday,23750,16.7
frame,lgw,Year 1, spring 1, Monday,23751,16.7
frame,lgw,Year 1, spring 1, Monday,23752,16.6
frame,lgw,Year 1, spring 1, Monday,23753,16.7
frame,lgw,Year 1, spring 1, Monday,23754,16.6
frame,lgw,Year 1, spring 1, Monday,23755,16.6
frame,lgw,Year 1, spring 1, Monday,23756,16.7
frame,lgw,Year 1, spring 1, Monday,23757,16.7
frame,lgw,Year 1, spring 1, Monday,23758,16.8
frame,lgw,Year 1, spring 1, Monday,23759,16.8
frame,lgw,Year 1, spring 1, Monday,23760,16.7
frame,lgw,Year 1, spring 1, Monday,23761,16.4
frame,lgw,Year 1, spring 1, Monday,23762,16.7
frame,lgw,Year 1, spring 1, Monday,23763,16.6
frame,lgw,Year 1, spring 1, Monday,23764,16.6
frame,lgw,Year 1, spring 1, Monday,23765,16.7
frame,lgw,Year 1, spring 1, Monday,23766,16.6
frame,lgw,Year 1, spring 1, Monday,23767,16.7
frame,lgw,Year 1, spring 1, Monday,23768,16.7
frame,lgw,Year 1, spring 1, Monday,23769,16.8
frame,lgw,Year 1, spring 1, Monday,23770,16.6
frame,lgw,Year 1, spring 1, Monday,23771,16.8
frame,lgw,Year 1, spring 1, Monday,23772,16.5
frame,lgw,Year 1, spring 1, Monday,23773,16.5
frame,lgw,Year 1, spring 1, Monday,23774,16.8
frame,lgw,Year 1, spring 1, Monday,23775,16.6
frame,lgw,Year 1, spring 1, Monday,23776,16.6
frame,lgw,Year 1, spring 1, Monday,23777,16.6
frame,lgw,Year 1, spring 1, Monday,23778,16.7
frame,lgw,Year 1, spring 1, Monday,23779,16.8
frame,lgw,Year 1, spring 1, Monday,23780,17.1
frame,lgw,Year 1, spring 1, Monday,23781,16.1
frame,lgw,Year 1, spring 1, Monday,23782,16.8
frame,lgw,Year 1, spring 1, Monday,23783,16.5
frame,lgw,Year 1, spring 1, Monday,23784,16.7
frame,lgw,Year 1, spring 1, Monday,23785,16.6
frame,lgw,Year 1, spring 1, Monday,23786,16.7
frame,lgw,Year 1, spring 1, Monday,23787,16.7
frame,lgw,Year 1, spring 1, Monday,23788,16.6
frame,lgw,Year 1, spring 1, Monday,23789,16.7
frame,lgw,Year 1, spring 1, Monday,23790,16.7
frame,lgw,Year 1, spring 1, Monday,23791,16.6
frame,lgw,Year 1, spring 1, Monday,23792,17.9
frame,lgw,Year 1, spring 1, Monday,23793,15.8
frame,lgw,Year 1, spring 1, Monday,23794,19.0
frame,lgw,Year 1, spring 1, Monday,23795,14.2
frame,lgw,Year 1, spring 1, Monday,23796,16.5
frame,lgw,Year 1, spring 1, Monday,23797,16.7
frame,lgw,Year 1, spring 1, Monday,23798,16.6
frame,lgw,Year 1, spring 1, Monday,23799,16.8
frame,lgw,Year 1, spring 1, Monday,23800,16.7
frame,lgw,Year 1, spring 1, Monday,23801,17.0
frame,lgw,Year 1, spring 1, Monday,23802,16.5
frame,lgw,Year 1, spring 1, Monday,23803,16.4
frame,lgw,Year 1, spring 1, Monday,23804,16.7
frame,lgw,Year 1, spring 1, Monday,23805,16.7
frame,lgw,Year 1, spring 1, Monday,23806,16.7
frame,lgw,Year 1, spring 1, Monday,23807,16.6
frame,lgw,Year 1, spring 1, Monday,23808,16.7
frame,lgw,Year 1, spring 1, Monday,23809,16.6
frame,lgw,Year 1, spring 1, Monday,23810,16.9
frame,lgw,Year 1, spring 1, Monday,23811,16.8
frame,lgw,Year 1, spring 1, Monday,23812,16.5
frame,lgw,Year 1, spring 1, Monday,23813,16.8
frame,lgw,Year 1, spring 1, Monday,23814,16.6
frame,lgw,Year 1, spring 1, Monday,23815,16.6
frame,lgw,Year 1, spring 1, Monday,23816,16.7
frame,lgw,Year 1, spring 1, Monday,23817,16.6
frame,lgw,Year 1, spring 1, Monday,23818,16.7
frame,lgw,Year 1, spring 1, Monday,23819,16.8
frame,lgw,Year 1, spring 1, Monday,23820,16.5
frame,lgw,Year 1, spring 1, Monday,23821,16.6
frame,lgw,Year 1, spring 1, Monday,23822,16.6
frame,lgw,Year 1, spring 1, Monday,23823,17.0
frame,lgw,Year 1, spring 1, Monday,23824,16.5
frame,lgw,Year 1, spring 1, Monday,23825,16.6
frame,lgw,Year 1, spring 1, Monday,23826,16.6
frame,lgw,Year 1, spring 1, Monday,23827,16.6
frame,lgw,Year 1, spring 1, Monday,23828,16.7
frame,lgw,Year 1, spring 1, Monday,23829,16.7
frame,lgw,Year 1, spring 1, Monday,23830,16.6
frame,lgw,Year 1, spring 1, Monday,23831,16.6
frame,lgw,Year 1, spring 1, Monday,23832,16.7
frame,lgw,Year 1, spring 1, Monday,23833,16.6
frame,lgw,Year 1, spring 1, Monday,23834,16.7
frame,lgw,Year 1, spring 1, Monday,23835,16.8
frame,lgw,Year 1, spring 1, Monday,23836,16.6
frame,lgw,Year 1, spring 1, Monday,23837,16.9
frame,lgw,Year 1, spring 1, Monday,23838,16.7
frame,lgw,Year 1, spring 1, Monday,23839,17.0
frame,lgw,Year 1, spring 1, Monday,23840,16.1
frame,lgw,Year 1, spring 1, Monday,23841,16.7
frame,lgw,Year 1, spring 1, Monday,23842,16.6
frame,lgw,Year 1, spring 1, Monday,23843,16.9
frame,lgw,Year 1, spring 1, Monday,23844,16.5
frame,lgw,Year 1, spring 1, Monday,23845,16.7
frame,lgw,Year 1, spring 1, Monday,23846,16.8
frame,lgw,Year 1, spring 1, Monday,23847,16.6
frame,lgw,Year 1, spring 1, Monday,23848,16.6
frame,lgw,Year 1, spring 1, Monday,23849,16.7
frame,lgw,Year 1, spring 1, Monday,23850,16.7
frame,lgw,Year 1, spring 1, Monday,23851,16.7
frame,lgw,Year 1, spring 1, Monday,23852,16.6
frame,lgw,Year 1, spring 1, Monday,23853,16.9
frame,lgw,Year 1, spring 1, Monday,23854,16.3
frame,lgw,Year 1, spring 1, Monday,23855,16.9
frame,lgw,Year 1, spring 1, Monday,23856,16.6
frame,lgw,Year 1, spring 1, Monday,23857,16.5
frame,lgw,Year 1, spring 1, Monday,23858,16.7
frame,lgw,Year 1, spring 1, Monday,23859,16.7
frame,lgw,Year 1, spring 1, Monday,23860,16.7
frame,lgw,Year 1, spring 1, Monday,23861,16.7
frame,lgw,Year 1, spring 1, Monday,23862,16.7
frame,lgw,Year 1, spring 1, Monday,23863,16.6
frame,lgw,Year 1, spring 1, Monday,23864,16.8
frame,lgw,Year 1, spring 1, Monday,23865,17.3
frame,lgw,Year 1, spring 1, Monday,23866,16.2
frame,lgw,Year 1, spring 1, Monday,23867,16.4
frame,lgw,Year 1, spring 1, Monday,23868,16.6
frame,lgw,Year 1, spring 1, Monday,23869,16.9
frame,lgw,Year 1, spring 1, Monday,23870,16.6
frame,lgw,Year 1, spring 1, Monday,23871,16.7
frame,lgw,Year 1, spring 1, Monday,23872,16.6
frame,lgw,Year 1, spring 1, Monday,23873,16.7
frame,lgw,Year 1, spring 1, Monday,23874,16.6
frame,lgw,Year 1, spring 1, Monday,23875,16.7
frame,lgw,Year 1, spring 1, Monday,23876,16.7
frame,lgw,Year 1, spring 1, Monday,23877,16.7
frame,lgw,Year 1, spring 1, Monday,23878,16.6
frame,lgw,Year 1, spring 1, Monday,23879,16.7
frame,lgw,Year 1, spring 1, Monday,23880,16.7
frame,lgw,Year 1, spring 1, Monday,23881,16.7
frame,lgw,Year 1, spring 1, Monday,23882,16.6
frame,lgw,Year 1, spring 1, Monday,23883,16.7
frame,lgw,Year 1, spring 1, Monday,23884,16.9
frame,lgw,Year 1, spring 1, Monday,23885,16.4
frame,lgw,Year 1, spring 1, Monday,23886,16.7
frame,lgw,Year 1, spring 1, Monday,23887,16.6
frame,lgw,Year 1, spring 1, Monday,23888,16.7
frame,lgw,Year 1, spring 1, Monday,23889,16.7
frame,lgw,Year 1, spring 1, Monday,23890,16.7
frame,lgw,Year 1, spring 1, Monday,23891,16.6
frame,lgw,Year 1, spring 1, Monday,23892,16.5
frame,lgw,Year 1, spring 1, Monday,23893,16.7
frame,lgw,Year 1, spring 1, Monday,23894,17.9
frame,lgw,Year 1, spring 1, Monday,23895,15.7
frame,lgw,Year 1, spring 1, Monday,23896,16.4
frame,lgw,Year 1, spring 1, Monday,23897,16.9
frame,lgw,Year 1, spring 1, Monday,23898,16.3
frame,lgw,Year 1, spring 1, Monday,23899,16.7
frame,lgw,Year 1, spring 1, Monday,23900,16.6
frame,lgw,Year 1, spring 1, Monday,23901,16.7
frame,lgw,Year 1, spring 1, Monday,23902,16.6
frame,lgw,Year 1, spring 1, Monday,23903,16.6
frame,lgw,Year 1, spring 1, Monday,23904,16.6
frame,lgw,Year 1, spring 1, Monday,23905,16.8
frame,lgw,Year 1, spring 1, Monday,23906,17.1
frame,lgw,Year 1, spring 1, Monday,23907,16.8
frame,lgw,Year 1, spring 1, Monday,23908,16.1
frame,lgw,Year 1, spring 1, Monday,23909,16.7
frame,lgw,Year 1, spring 1, Monday,23910,16.7
frame,lgw,Year 1, spring 1, Monday,23911,16.6
frame,lgw,Year 1, spring 1, Monday,23912,16.6
frame,lgw,Year 1, spring 1, Monday,23913,16.7
frame,lgw,Year 1, spring 1, Monday,23914,16.7
frame,lgw,Year 1, spring 1, Monday,23915,16.6
frame,lgw,Year 1, spring 1, Monday,23916,16.8
frame,lgw,Year 1, spring 1, Monday,23917,16.5
frame,lgw,Year 1, spring 1, Monday,23918,16.7
frame,lgw,Year 1, spring 1, Monday,23919,16.7
frame,lgw,Year 1, spring 1, Monday,23920,16.9
frame,lgw,Year 1, spring 1, Monday,23921,16.5
frame,lgw,Year 1, spring 1, Monday,23922,16.6
frame,lgw,Year 1, spring 1, Monday,23923,16.6
frame,lgw,Year 1, spring 1, Monday,23924,16.7
frame,lgw,Year 1, spring 1, Monday,23925,17.4
frame,lgw,Year 1, spring 1, Monday,23926,16.0
frame,lgw,Year 1, spring 1, Monday,23927,16.6
frame,lgw,Year 1, spring 1, Monday,23928,16.6
frame,lgw,Year 1, spring 1, Monday,23929,17.1
frame,lgw,Year 1, spring 1, Monday,23930,16.8
frame,lgw,Year 1, spring 1, Monday,23931,16.4
frame,lgw,Year 1, spring 1, Monday,23932,16.6
frame,lgw,Year 1, spring 1, Monday,23933,16.6
frame,lgw,Year 1, spring 1, Monday,23934,16.8
frame,lgw,Year 1, spring 1, Monday,23935,16.6
frame,lgw,Year 1, spring 1, Monday,23936,16.5
frame,lgw,Year 1, spring 1, Monday,23937,16.6
frame,lgw,Year 1, spring 1, Monday,23938,16.8
frame,lgw,Year 1, spring 1, Monday,23939,16.7
frame,lgw,Year 1, spring 1, Monday,23940,16.6
frame,lgw,Year 1, spring 1, Monday,23941,16.7
frame,lgw,Year 1, spring 1, Monday,23942,16.7
frame,lgw,Year 1, spring 1, Monday,23943,16.8
frame,lgw,Year 1, spring 1, Monday,23944,16.5
frame,lgw,Year 1, spring 1, Monday,23945,16.8
frame,lgw,Year 1, spring 1, Monday,23946,16.6
frame,lgw,Year 1, spring 1, Monday,23947,16.7
frame,lgw,Year 1, spring 1, Monday,23948,16.5
frame,lgw,Year 1, spring 1, Monday,23949,16.7
frame,lgw,Year 1, spring 1, Monday,23950,17.5
frame,lgw,Year 1, spring 1, Monday,23951,15.8
frame,lgw,Year 1, spring 1, Monday,23952,16.7
frame,lgw,Year 1, spring 1, Monday,23953,16.7
frame,lgw,Year 1, spring 1, Monday,23954,17.6
frame,lgw,Year 1, spring 1, Monday,23955,15.8
frame,lgw,Year 1, spring 1, Monday,23956,16.8
frame,lgw,Year 1, spring 1, Monday,23957,16.4
frame,lgw,Year 1, spring 1, Monday,23958,16.6
frame,lgw,Year 1, spring 1, Monday,23959,16.9
frame,lgw,Year 1, spring 1, Monday,23960,16.6
frame,lgw,Year 1, spring 1, Monday,23961,16.6
frame,lgw,Year 1, spring 1, Monday,23962,16.7
frame,lgw,Year 1, spring 1, Monday,23963,16.7
frame,lgw,Year 1, spring 1, Monday,23964,16.6
frame,lgw,Year 1, spring 1, Monday,23965,16.6
frame,lgw,Year 1, spring 1, Monday,23966,16.7
frame,lgw,Year 1, spring 1, Monday,23967,16.7
frame,lgw,Year 1, spring 1, Monday,23968,16.7
frame,lgw,Year 1, spring 1, Monday,23969,16.6
frame,lgw,Year 1, spring 1, Monday,23970,16.8
frame,lgw,Year 1, spring 1, Monday,23971,16.5
frame,lgw,Year 1, spring 1, Monday,23972,16.7
frame,lgw,Year 1, spring 1, Monday,23973,16.8
frame,lgw,Year 1, spring 1, Monday,23974,16.4
frame,lgw,Year 1, spring 1, Monday,23975,17.4
frame,lgw,Year 1, spring 1, Monday,23976,16.3
frame,lgw,Year 1, spring 1, Monday,23977,16.5
frame,lgw,Year 1, spring 1, Monday,23978,16.6
frame,lgw,Year 1, spring 1, Monday,23979,16.7
frame,lgw,Year 1, spring 1, Monday,23980,16.8
frame,lgw,Year 1, spring 1, Monday,23981,16.5
frame,lgw,Year 1, spring 1, Monday,23982,16.6
frame,lgw,Year 1, spring 1, Monday,23983,16.9
frame,lgw,Year 1, spring 1, Monday,23984,16.4
frame,lgw,Year 1, spring 1, Monday,23985,16.7
frame,lgw,Year 1, spring 1, Monday,23986,17.0
frame,lgw,Year 1, spring 1, Monday,23987,16.3
frame,lgw,Year 1, spring 1, Monday,23988,16.8
frame,lgw,Year 1, spring 1, Monday,23989,16.4
frame,lgw,Year 1, spring 1, Monday,23990,16.7
frame,lgw,Year 1, spring 1, Monday,23991,16.8
frame,lgw,Year 1, spring 1, Monday,23992,16.5
frame,lgw,Year 1, spring 1, Monday,23993,17.0
frame,lgw,Year 1, spring 1, Monday,23994,16.6
frame,lgw,Year 1, spring 1, Monday,23995,16.6
frame,lgw,Year 1, spring 1, Monday,23996,16.5
frame,lgw,Year 1, spring 1, Monday,23997,16.6
frame,lgw,Year 1, spring 1, Monday,23998,16.7
frame,lgw,Year 1, spring 1, Monday,23999,17.0
switch,lgw,Year 1, spring 1, Monday,1500,17.1
switch,lgw,Year 1, spring 1, Monday,1510,17.1
switch,lgw,Year 1, spring 1, Monday,1520,17.0
switch,lgw,Year 1, spring 1, Monday,1530,17.4
switch,lgw,Year 1, spring 1, Monday,1540,17.1
switch,lgw,Year 1, spring 1, Monday,1550,17.4
switch,lgw,Year 1, spring 1, Monday,1600,17.3
switch,lgw,Year 1, spring 1, Monday,1610,17.6
switch,lgw,Year 1, spring 1, Monday,1620,17.2
switch,lgw,Year 1, spring 1, Monday,1630,17.2
switch,lgw,Year 1, spring 1, Monday,1640,18.0
switch,lgw,Year 1, spring 1, Monday,1650,17.3
switch,lgw,Year 1, spring 1, Monday,1700,17.0
switch,lgw,Year 1, spring 1, Monday,1710,17.0
switch,lgw,Year 1, spring 1, Monday,1720,17.2
switch,lgw,Year 1, spring 1, Monday,1730,17.2
switch,lgw,Year 1, spring 1, Monday,1740,17.0
switch,lgw,Year 1, spring 1, Monday,1750,17.3
switch,lgw,Year 1, spring 1, Monday,1800,17.1
switch,lgw,Year 1, spring 1, Monday,1810,17.1
switchdetail,lgw,Year 1, spring 1, Monday,1450,0,0.0
switchdetail,lgw,Year 1, spring 1, Monday,1500,0,0.0
switchdetail,lgw,Year 1, spring 1, Monday,1510,0,0.0
switchdetail,lgw,Year 1, spring 1, Monday,1520,0,0.0
switchdetail,lgw,Year 1, spring 1, Monday,1530,0,0.0
switchdetail,lgw,Year 1, spring 1, Monday,1540,0,0.0
switchdetail,lgw,Year 1, spring 1, Monday,1550,0,0.0
switchdetail,lgw,Year 1, spring 1, Monday,1600,0,0.0
switchdetail,lgw,Year 1, spring 1, Monday,1610,0,0.0
switchdetail,lgw,Year 1, spring 1, Monday,1620,0,0.0
switchdetail,lgw,Year 1, spring 1, Monday,1630,0,0.0
switchdetail,lgw,Year 1, spring 1, Monday,1640,0,0.0
switchdetail,lgw,Year 1, spring 1, Monday,1650,0,0.0
switchdetail,lgw,Year 1, spring 1, Monday,1700,0,0.0
switchdetail,lgw,Year 1, spring 1, Monday,1710,0,0.0
switchdetail,lgw,Year 1, spring 1, Monday,1720,0,0.0
switchdetail,lgw,Year 1, spring 1, Monday,1730,0,0.0
switchdetail,lgw,Year 1, spring 1, Monday,1740,0,0.0
switchdetail,lgw,Year 1, spring 1, Monday,1750,0,0.0
switchdetail,lgw,Year 1, spring 1, Monday,1800,0,0.0
frame,lgw,Year 1, spring 1, Monday,25024,16.9
frame,lgw,Year 1, spring 1, Monday,25025,16.5
frame,lgw,Year 1, spring 1, Monday,25026,16.6
frame,lgw,Year 1, spring 1, Monday,25027,16.7
frame,lgw,Year 1, spring 1, Monday,25028,17.0
frame,lgw,Year 1, spring 1, Monday,25029,16.3
frame,lgw,Year 1, spring 1, Monday,25030,16.9
frame,lgw,Year 1, spring 1, Monday,25031,16.4
frame,lgw,Year 1, spring 1, Monday,25032,16.7
frame,lgw,Year 1, spring 1, Monday,25033,16.8
frame,lgw,Year 1, spring 1, Monday,25034,16.6
frame,lgw,Year 1, spring 1, Monday,25035,16.6
frame,lgw,Year 1, spring 1, Monday,25036,16.7
frame,lgw,Year 1, spring 1, Monday,25037,16.7
frame,lgw,Year 1, spring 1, Monday,25038,16.8
frame,lgw,Year 1, spring 1, Monday,25039,16.6
frame,lgw,Year 1, spring 1, Monday,25040,16.6
frame,lgw,Year 1, spring 1, Monday,25041,16.6
frame,lgw,Year 1, spring 1, Monday,25042,16.7
frame,lgw,Year 1, spring 1, Monday,25043,17.0
frame,lgw,Year 1, spring 1, Monday,25044,16.5
frame,lgw,Year 1, spring 1, Monday,25045,16.8
frame,lgw,Year 1, spring 1, Monday,25046,16.3
frame,lgw,Year 1, spring 1, Monday,25047,16.8
frame,lgw,Year 1, spring 1, Monday,25048,16.5
frame,lgw,Year 1, spring 1, Monday,25049,16.9
frame,lgw,Year 1, spring 1, Monday,25050,16.6
frame,lgw,Year 1, spring 1, Monday,25051,16.7
frame,lgw,Year 1, spring 1, Monday,25052,16.6
frame,lgw,Year 1, spring 1, Monday,25053,16.7
frame,lgw,Year 1, spring 1, Monday,25054,16.6
frame,lgw,Year 1, spring 1, Monday,25055,16.7
frame,lgw,Year 1, spring 1, Monday,25056,16.7
frame,lgw,Year 1, spring 1, Monday,25057,16.7
frame,lgw,Year 1, spring 1, Monday,25058,16.7
frame,lgw,Year 1, spring 1, Monday,25059,16.6
frame,lgw,Year 1, spring 1, Monday,25060,16.8
frame,lgw,Year 1, spring 1, Monday,25061,16.6
frame,lgw,Year 1, spring 1, Monday,25062,16.7
frame,lgw,Year 1, spring 1, Monday,25063,16.6
frame,lgw,Year 1, spring 1, Monday,25064,16.9
frame,lgw,Year 1, spring 1, Monday,25065,16.8
frame,lgw,Year 1, spring 1, Monday,25066,16.4
frame,lgw,Year 1, spring 1, Monday,25067,16.7
frame,lgw,Year 1, spring 1, Monday,25068,16.8
frame,lgw,Year 1, spring 1, Monday,25069,16.8
frame,lgw,Year 1, spring 1, Monday,25070,17.5
frame,lgw,Year 1, spring 1, Monday,25071,15.6
frame,lgw,Year 1, spring 1, Monday,25072,16.6
frame,lgw,Year 1, spring 1, Monday,25073,16.9
frame,lgw,Year 1, spring 1, Monday,25074,16.5
frame,lgw,Year 1, spring 1, Monday,25075,16.6
frame,lgw,Year 1, spring 1, Monday,25076,16.6
frame,lgw,Year 1, spring 1, Monday,25077,16.7
frame,lgw,Year 1, spring 1, Monday,25078,16.9
frame,lgw,Year 1, spring 1, Monday,25079,16.4
frame,lgw,Year 1, spring 1, Monday,25080,16.6
frame,lgw,Year 1, spring 1, Monday,25081,17.0
frame,lgw,Year 1, spring 1, Monday,25082,16.6
frame,lgw,Year 1, spring 1, Monday,25083,16.4
frame,lgw,Year 1, spring 1, Monday,25084,16.7
frame,lgw,Year 1, spring 1, Monday,25085,16.6
frame,lgw,Year 1, spring 1, Monday,25086,16.7
frame,lgw,Year 1, spring 1, Monday,25087,16.6
frame,lgw,Year 1, spring 1, Monday,25088,16.7
frame,lgw,Year 1, spring 1, Monday,25089,16.6
frame,lgw,Year 1, spring 1, Monday,25090,16.7
frame,lgw,Year 1, spring 1, Monday,25091,16.7
frame,lgw,Year 1, spring 1, Monday,25092,16.7
frame,lgw,Year 1, spring 1, Monday,25093,16.6
frame,lgw,Year 1, spring 1, Monday,25094,16.8
frame,lgw,Year 1, spring 1, Monday,25095,16.9
frame,lgw,Year 1, spring 1, Monday,25096,16.4
frame,lgw,Year 1, spring 1, Monday,25097,16.6
frame,lgw,Year 1, spring 1, Monday,25098,16.8
frame,lgw,Year 1, spring 1, Monday,25099,16.6
frame,lgw,Year 1, spring 1, Monday,25100,16.7
frame,lgw,Year 1, spring 1, Monday,25101,16.5
frame,lgw,Year 1, spring 1, Monday,25102,16.7
frame,lgw,Year 1, spring 1, Monday,25103,16.7
frame,lgw,Year 1, spring 1, Monday,25104,16.9
frame,lgw,Year 1, spring 1, Monday,25105,16.5
frame,lgw,Year 1, spring 1, Monday,25106,17.0
frame,lgw,Year 1, spring 1, Monday,25107,16.4
frame,lgw,Year 1, spring 1, Monday,25108,16.6
frame,lgw,Year 1, spring 1, Monday,25109,16.8
frame,lgw,Year 1, spring 1, Monday,25110,16.8
frame,lgw,Year 1, spring 1, Monday,25111,16.4
frame,lgw,Year 1, spring 1, Monday,25112,17.2
frame,lgw,Year 1, spring 1, Monday,25113,16.4
frame,lgw,Year 1, spring 1, Monday,25114,16.7
frame,lgw,Year 1, spring 1, Monday,25115,16.6
frame,lgw,Year 1, spring 1, Monday,25116,16.6
frame,lgw,Year 1, spring 1, Monday,25117,16.8
frame,lgw,Year 1, spring 1, Monday,25118,16.5
frame,lgw,Year 1, spring 1, Monday,25119,16.8
frame,lgw,Year 1, spring 1, Monday,25120,16.6
frame,lgw,Year 1, spring 1, Monday,25121,16.5
frame,lgw,Year 1, spring 1, Monday,25122,16.5
frame,lgw,Year 1, spring 1, Monday,25123,16.7
frame,lgw,Year 1, spring 1, Monday,25124,16.9
frame,lgw,Year 1, spring 1, Monday,25125,16.6
frame,lgw,Year 1, spring 1, Monday,25126,16.6
frame,lgw,Year 1, spring 1, Monday,25127,16.6
frame,lgw,Year 1, spring 1, Monday,25128,16.7
frame,lgw,Year 1, spring 1, Monday,25129,16.6
frame,lgw,Year 1, spring 1, Monday,25130,16.6
frame,lgw,Year 1, spring 1, Monday,25131,16.7
frame,lgw,Year 1, spring 1, Monday,25132,16.7
frame,lgw,Year 1, spring 1, Monday,25133,16.6
frame,lgw,Year 1, spring 1, Monday,25134,16.7
frame,lgw,Year 1, spring 1, Monday,25135,16.6
frame,lgw,Year 1, spring 1, Monday,25136,16.7
frame,lgw,Year 1, spring 1, Monday,25137,16.7
frame,lgw,Year 1, spring 1, Monday,25138,16.7
frame,lgw,Year 1, spring 1, Monday,25139,16.6
frame,lgw,Year 1, spring 1, Monday,25140,16.6
frame,lgw,Year 1, spring 1, Monday,25141,16.7
frame,lgw,Year 1, spring 1, Monday,25142,16.6
frame,lgw,Year 1, spring 1, Monday,25143,16.8
frame,lgw,Year 1, spring 1, Monday,25144,16.6
frame,lgw,Year 1, spring 1, Monday,25145,17.3
frame,lgw,Year 1, spring 1, Monday,25146,16.4
frame,lgw,Year 1, spring 1, Monday,25147,16.4
frame,lgw,Year 1, spring 1, Monday,25148,16.5
frame,lgw,Year 1, spring 1, Monday,25149,16.8
frame,lgw,Year 1, spring 1, Monday,25150,16.7
frame,lgw,Year 1, spring 1, Monday,25151,16.5
frame,lgw,Year 1, spring 1, Monday,25152,16.6
frame,lgw,Year 1, spring 1, Monday,25153,16.6
frame,lgw,Year 1, spring 1, Monday,25154,16.8
frame,lgw,Year 1, spring 1, Monday,25155,16.6
frame,lgw,Year 1, spring 1, Monday,25156,16.7
frame,lgw,Year 1, spring 1, Monday,25157,16.7
frame,lgw,Year 1, spring 1, Monday,25158,16.7
frame,lgw,Year 1, spring 1, Monday,25159,16.5
frame,lgw,Year 1, spring 1, Monday,25160,16.9
frame,lgw,Year 1, spring 1, Monday,25161,16.6
frame,lgw,Year 1, spring 1, Monday,25162,16.6
frame,lgw,Year 1, spring 1, Monday,25163,16.6
frame,lgw,Year 1, spring 1, Monday,25164,16.7
frame,lgw,Year 1, spring 1, Monday,25165,16.8
frame,lgw,Year 1, spring 1, Monday,25166,16.6
frame,lgw,Year 1, spring 1, Monday,25167,16.6
frame,lgw,Year 1, spring 1, Monday,25168,16.7
frame,lgw,Year 1, spring 1, Monday,25169,16.6
frame,lgw,Year 1, spring 1, Monday,25170,16.7
frame,lgw,Year 1, spring 1, Monday,25171,16.7
frame,lgw,Year 1, spring 1, Monday,25172,16.6
frame,lgw,Year 1, spring 1, Monday,25173,16.7
frame,lgw,Year 1, spring 1, Monday,25174,16.7
frame,lgw,Year 1, spring 1, Monday,25175,16.7
frame,lgw,Year 1, spring 1, Monday,25176,16.6
frame,lgw,Year 1, spring 1, Monday,25177,16.6
frame,lgw,Year 1, spring 1, Monday,25178,16.7
frame,lgw,Year 1, spring 1, Monday,25179,16.7
frame,lgw,Year 1, spring 1, Monday,25180,16.7
frame,lgw,Year 1, spring 1, Monday,25181,16.7
frame,lgw,Year 1, spring 1, Monday,25182,16.7
frame,lgw,Year 1, spring 1, Monday,25183,16.8
frame,lgw,Year 1, spring 1, Monday,25184,16.6
frame,lgw,Year 1, spring 1, Monday,25185,16.9
frame,lgw,Year 1, spring 1, Monday,25186,16.5
frame,lgw,Year 1, spring 1, Monday,25187,16.6
frame,lgw,Year 1, spring 1, Monday,25188,17.6
frame,lgw,Year 1, spring 1, Monday,25189,15.6
frame,lgw,Year 1, spring 1, Monday,25190,16.7
frame,lgw,Year 1, spring 1, Monday,25191,16.7
frame,lgw,Year 1, spring 1, Monday,25192,16.6
frame,lgw,Year 1, spring 1, Monday,25193,16.6
frame,lgw,Year 1, spring 1, Monday,25194,16.7
frame,lgw,Year 1, spring 1, Monday,25195,16.7
frame,lgw,Year 1, spring 1, Monday,25196,16.7
frame,lgw,Year 1, spring 1, Monday,25197,16.7
frame,lgw,Year 1, spring 1, Monday,25198,16.6
frame,lgw,Year 1, spring 1, Monday,25199,16.8
frame,lgw,Year 1, spring 1, Monday,25200,16.9
frame,lgw,Year 1, spring 1, Monday,25201,16.5
frame,lgw,Year 1, spring 1, Monday,25202,16.7
frame,lgw,Year 1, spring 1, Monday,25203,16.7
frame,lgw,Year 1, spring 1, Monday,25204,16.7
frame,lgw,Year 1, spring 1, Monday,25205,16.9
frame,lgw,Year 1, spring 1, Monday,25206,16.4
frame,lgw,Year 1, spring 1, Monday,25207,16.6
frame,lgw,Year 1, spring 1, Monday,25208,16.6
frame,lgw,Year 1, spring 1, Monday,25209,17.1
frame,lgw,Year 1, spring 1, Monday,25210,17.0
frame,lgw,Year 1, spring 1, Monday,25211,15.9
frame,lgw,Year 1, spring 1, Monday,25212,16.7
frame,lgw,Year 1, spring 1, Monday,25213,16.9
frame,lgw,Year 1, spring 1, Monday,25214,16.5
frame,lgw,Year 1, spring 1, Monday,25215,16.6
frame,lgw,Year 1, spring 1, Monday,25216,16.7
frame,lgw,Year 1, spring 1, Monday,25217,16.7
frame,lgw,Year 1, spring 1, Monday,25218,16.7
frame,lgw,Year 1, spring 1, Monday,25219,16.6
frame,lgw,Year 1, spring 1, Monday,25220,16.9
frame,lgw,Year 1, spring 1, Monday,25221,16.4
frame,lgw,Year 1, spring 1, Monday,25222,16.7
frame,lgw,Year 1, spring 1, Monday,25223,16.7
frame,lgw,Year 1, spring 1, Monday,25224,16.7
frame,lgw,Year 1, spring 1, Monday,25225,16.8
frame,lgw,Year 1, spring 1, Monday,25226,16.5
frame,lgw,Year 1, spring 1, Monday,25227,16.6
frame,lgw,Year 1, spring 1, Monday,25228,16.7
frame,lgw,Year 1, spring 1, Monday,25229,16.6
frame,lgw,Year 1, spring 1, Monday,25230,16.8
frame,lgw,Year 1, spring 1, Monday,25231,16.6
frame,lgw,Year 1, spring 1, Monday,25232,16.7
frame,lgw,Year 1, spring 1, Monday,25233,16.7
frame,lgw,Year 1, spring 1, Monday,25234,16.6
frame,lgw,Year 1, spring 1, Monday,25235,16.6
frame,lgw,Year 1, spring 1, Monday,25236,16.7
frame,lgw,Year 1, spring 1, Monday,25237,16.6
frame,lgw,Year 1, spring 1, Monday,25238,16.8
frame,lgw,Year 1, spring 1, Monday,25239,16.7
frame,lgw,Year 1, spring 1, Monday,25240,16.7
frame,lgw,Year 1, spring 1, Monday,25241,16.6
frame,lgw,Year 1, spring 1, Monday,25242,16.7
frame,lgw,Year 1, spring 1, Monday,25243,16.6
frame,lgw,Year 1, spring 1, Monday,25244,16.8
frame,lgw,Year 1, spring 1, Monday,25245,16.8
frame,lgw,Year 1, spring 1, Monday,25246,16.6
frame,lgw,Year 1, spring 1, Monday,25247,16.6
frame,lgw,Year 1, spring 1, Monday,25248,16.6
frame,lgw,Year 1, spring 1, Monday,25249,16.6
frame,lgw,Year 1, spring 1, Monday,25250,17.5
frame,lgw,Year 1, spring 1, Monday,25251,15.9
frame,lgw,Year 1, spring 1, Monday,25252,16.6
frame,lgw,Year 1, spring 1, Monday,25253,16.6
frame,lgw,Year 1, spring 1, Monday,25254,16.7
frame,lgw,Year 1, spring 1, Monday,25255,16.7
frame,lgw,Year 1, spring 1, Monday,25256,16.7
frame,lgw,Year 1, spring 1, Monday,25257,16.8
frame,lgw,Year 1, spring 1, Monday,25258,16.6
frame,lgw,Year 1, spring 1, Monday,25259,16.8
frame,lgw,Year 1, spring 1, Monday,25260,16.6
frame,lgw,Year 1, spring 1, Monday,25261,16.6
frame,lgw,Year 1, spring 1, Monday,25262,16.7
frame,lgw,Year 1, spring 1, Monday,25263,16.8
frame,lgw,Year 1, spring 1, Monday,25264,16.7
frame,lgw,Year 1, spring 1, Monday,25265,16.8
frame,lgw,Year 1, spring 1, Monday,25266,16.4
frame,lgw,Year 1, spring 1, Monday,25267,16.6
frame,lgw,Year 1, spring 1, Monday,25268,16.7
frame,lgw,Year 1, spring 1, Monday,25269,16.8
frame,lgw,Year 1, spring 1, Monday,25270,16.6
frame,lgw,Year 1, spring 1, Monday,25271,16.6
frame,lgw,Year 1, spring 1, Monday,25272,16.7
frame,lgw,Year 1, spring 1, Monday,25273,17.1
frame,lgw,Year 1, spring 1, Monday,25274,16.5
frame,lgw,Year 1, spring 1, Monday,25275,17.0
frame,lgw,Year 1, spring 1, Monday,25276,16.1
frame,lgw,Year 1, spring 1, Monday,25277,16.7
frame,lgw,Year 1, spring 1, Monday,25278,16.8
frame,lgw,Year 1, spring 1, Monday,25279,16.5
frame,lgw,Year 1, spring 1, Monday,25280,16.8
frame,lgw,Year 1, spring 1, Monday,25281,16.6
frame,lgw,Year 1, spring 1, Monday,25282,16.6
frame,lgw,Year 1, spring 1, Monday,25283,16.7
frame,lgw,Year 1, spring 1, Monday,25284,16.7
frame,lgw,Year 1, spring 1, Monday,25285,16.7
frame,lgw,Year 1, spring 1, Monday,25286,16.5
frame,lgw,Year 1, spring 1, Monday,25287,16.8
frame,lgw,Year 1, spring 1, Monday,25288,19.6
frame,lgw,Year 1, spring 1, Monday,25289,13.5
frame,lgw,Year 1, spring 1, Monday,25290,16.7
frame,lgw,Year 1, spring 1, Monday,25291,16.6
frame,lgw,Year 1, spring 1, Monday,25292,16.8
frame,lgw,Year 1, spring 1, Monday,25293,16.5
frame,lgw,Year 1, spring 1, Monday,25294,16.6
frame,lgw,Year 1, spring 1, Monday,25295,16.8
frame,lgw,Year 1, spring 1, Monday,25296,16.6
frame,lgw,Year 1, spring 1, Monday,25297,16.6
frame,lgw,Year 1, spring 1, Monday,25298,16.7
frame,lgw,Year 1, spring 1, Monday,25299,16.7
frame,lgw,Year 1, spring 1, Monday,25300,16.8
frame,lgw,Year 1, spring 1, Monday,25301,16.6
frame,lgw,Year 1, spring 1, Monday,25302,16.6
frame,lgw,Year 1, spring 1, Monday,25303,16.7
frame,lgw,Year 1, spring 1, Monday,25304,16.8
frame,lgw,Year 1, spring 1, Monday,25305,17.1
frame,lgw,Year 1, spring 1, Monday,25306,16.2
frame,lgw,Year 1, spring 1, Monday,25307,16.7
frame,lgw,Year 1, spring 1, Monday,25308,16.6
frame,lgw,Year 1, spring 1, Monday,25309,16.7
frame,lgw,Year 1, spring 1, Monday,25310,16.6
frame,lgw,Year 1, spring 1, Monday,25311,16.7
frame,lgw,Year 1, spring 1, Monday,25312,16.7
frame,lgw,Year 1, spring 1, Monday,25313,16.7
frame,lgw,Year 1, spring 1, Monday,25314,16.6
frame,lgw,Year 1, spring 1, Monday,25315,16.7
frame,lgw,Year 1, spring 1, Monday,25316,16.6
frame,lgw,Year 1, spring 1, Monday,25317,16.7
frame,lgw,Year 1, spring 1, Monday,25318,16.7
frame,lgw,Year 1, spring 1, Monday,25319,16.6
frame,lgw,Year 1, spring 1, Monday,25320,16.7
frame,lgw,Year 1, spring 1, Monday,25321,16.6
frame,lgw,Year 1, spring 1, Monday,25322,16.7
frame,lgw,Year 1, spring 1, Monday,25323,16.7
frame,lgw,Year 1, spring 1, Monday,25324,16.7
frame,lgw,Year 1, spring 1, Monday,25325,24.0
frame,lgw,Year 1, spring 1, Monday,25326,9.6
frame,lgw,Year 1, spring 1, Monday,25327,16.3
frame,lgw,Year 1, spring 1, Monday,25328,16.7
frame,lgw,Year 1, spring 1, Monday,25329,16.7
frame,lgw,Year 1, spring 1, Monday,25330,16.6
frame,lgw,Year 1, spring 1, Monday,25331,16.7
frame,lgw,Year 1, spring 1, Monday,25332,16.6
frame,lgw,Year 1, spring 1, Monday,25333,16.7
frame,lgw,Year 1, spring 1, Monday,25334,16.7
frame,lgw,Year 1, spring 1, Monday,25335,16.7
frame,lgw,Year 1, spring 1, Monday,25336,16.7
frame,lgw,Year 1, spring 1, Monday,25337,16.6
frame,lgw,Year 1, spring 1, Monday,25338,16.7
frame,lgw,Year 1, spring 1, Monday,25339,16.6
frame,lgw,Year 1, spring 1, Monday,25340,16.7
frame,lgw,Year 1, spring 1, Monday,25341,16.7
frame,lgw,Year 1, spring 1, Monday,25342,16.8
frame,lgw,Year 1, spring 1, Monday,25343,16.6
frame,lgw,Year 1, spring 1, Monday,25344,16.7
frame,lgw,Year 1, spring 1, Monday,25345,16.5
frame,lgw,Year 1, spring 1, Monday,25346,16.7
frame,lgw,Year 1, spring 1, Monday,25347,16.7
frame,lgw,Year 1, spring 1, Monday,25348,16.7
frame,lgw,Year 1, spring 1, Monday,25349,16.7
frame,lgw,Year 1, spring 1, Monday,25350,16.8
frame,lgw,Year 1, spring 1, Monday,25351,16.6
frame,lgw,Year 1, spring 1, Monday,25352,16.6
frame,lgw,Year 1, spring 1, Monday,25353,16.7
frame,lgw,Year 1, spring 1, Monday,25354,16.7
frame,lgw,Year 1, spring 1, Monday,25355,16.7
frame,lgw,Year 1, spring 1, Monday,25356,16.6
frame,lgw,Year 1, spring 1, Monday,25357,16.7
frame,lgw,Year 1, spring 1, Monday,25358,16.7
frame,lgw,Year 1, spring 1, Monday,25359,16.7
frame,lgw,Year 1, spring 1, Monday,25360,16.8
frame,lgw,Year 1, spring 1, Monday,25361,16.6
frame,lgw,Year 1, spring 1, Monday,25362,16.6
frame,lgw,Year 1, spring 1, Monday,25363,16.6
frame,lgw,Year 1, spring 1, Monday,25364,16.8
frame,lgw,Year 1, spring 1, Monday,25365,16.5
frame,lgw,Year 1, spring 1, Monday,25366,16.7
frame,lgw,Year 1, spring 1, Monday,25367,16.8
frame,lgw,Year 1, spring 1, Monday,25368,16.7
frame,lgw,Year 1, spring 1, Monday,25369,16.7
frame,lgw,Year 1, spring 1, Monday,25370,16.7
frame,lgw,Year 1, spring 1, Monday,25371,18.1
frame,lgw,Year 1, spring 1, Monday,25372,15.1
frame,lgw,Year 1, spring 1, Monday,25373,16.6
frame,lgw,Year 1, spring 1, Monday,25374,16.7
frame,lgw,Year 1, spring 1, Monday,25375,16.8
frame,lgw,Year 1, spring 1, Monday,25376,16.6
frame,lgw,Year 1, spring 1, Monday,25377,16.6
frame,lgw,Year 1, spring 1, Monday,25378,16.7
frame,lgw,Year 1, spring 1, Monday,25379,16.7
frame,lgw,Year 1, spring 1, Monday,25380,16.7
frame,lgw,Year 1, spring 1, Monday,25381,16.6
frame,lgw,Year 1, spring 1, Monday,25382,16.9
frame,lgw,Year 1, spring 1, Monday,25383,16.5
frame,lgw,Year 1, spring 1, Monday,25384,16.7
frame,lgw,Year 1, spring 1, Monday,25385,16.6
frame,lgw,Year 1, spring 1, Monday,25386,16.7
frame,lgw,Year 1, spring 1, Monday,25387,16.9
frame,lgw,Year 1, spring 1, Monday,25388,16.6
frame,lgw,Year 1, spring 1, Monday,25389,17.0
frame,lgw,Year 1, spring 1, Monday,25390,16.3
frame,lgw,Year 1, spring 1, Monday,25391,16.6
frame,lgw,Year 1, spring 1, Monday,25392,16.6
frame,lgw,Year 1, spring 1, Monday,25393,16.7
frame,lgw,Year 1, spring 1, Monday,25394,16.7
frame,lgw,Year 1, spring 1, Monday,25395,16.6
frame,lgw,Year 1, spring 1, Monday,25396,16.8
frame,lgw,Year 1, spring 1, Monday,25397,16.6
frame,lgw,Year 1, spring 1, Monday,25398,16.6
frame,lgw,Year 1, spring 1, Monday,25399,16.7
frame,lgw,Year 1, spring 1, Monday,25400,16.8
frame,lgw,Year 1, spring 1, Monday,25401,16.7
frame,lgw,Year 1, spring 1, Monday,25402,16.6
frame,lgw,Year 1, spring 1, Monday,25403,16.6
frame,lgw,Year 1, spring 1, Monday,25404,16.7
frame,lgw,Year 1, spring 1, Monday,25405,16.8
frame,lgw,Year 1, spring 1, Monday,25406,16.6
frame,lgw,Year 1, spring 1, Monday,25407,16.8
frame,lgw,Year 1, spring 1, Monday,25408,16.6
frame,lgw,Year 1, spring 1, Monday,25409,16.8
frame,lgw,Year 1, spring 1, Monday,25410,16.6
frame,lgw,Year 1, spring 1, Monday,25411,16.6
frame,lgw,Year 1, spring 1, Monday,25412,16.7
frame,lgw,Year 1, spring 1, Monday,25413,16.7
frame,lgw,Year 1, spring 1, Monday,25414,16.6
frame,lgw,Year 1, spring 1, Monday,25415,16.7
frame,lgw,Year 1, spring 1, Monday,25416,16.6
frame,lgw,Year 1, spring 1, Monday,25417,16.7
frame,lgw,Year 1, spring 1, Monday,25418,16.7
frame,lgw,Year 1, spring 1, Monday,25419,16.7
frame,lgw,Year 1, spring 1, Monday,25420,16.6
frame,lgw,Year 1, spring 1, Monday,25421,17.8
frame,lgw,Year 1, spring 1, Monday,25422,15.7
frame,lgw,Year 1, spring 1, Monday,25423,16.5
frame,lgw,Year 1, spring 1, Monday,25424,16.7
frame,lgw,Year 1, spring 1, Monday,25425,16.7
frame,lgw,Year 1, spring 1, Monday,25426,16.7
frame,lgw,Year 1, spring 1, Monday,25427,16.8
frame,lgw,Year 1, spring 1, Monday,25428,16.6
frame,lgw,Year 1, spring 1, Monday,25429,16.5
frame,lgw,Year 1, spring 1, Monday,25430,16.6
frame,lgw,Year 1, spring 1, Monday,25431,16.7
frame,lgw,Year 1, spring 1, Monday,25432,16.7
frame,lgw,Year 1, spring 1, Monday,25433,16.7
frame,lgw,Year 1, spring 1, Monday,25434,16.6
frame,lgw,Year 1, spring 1, Monday,25435,16.7
frame,lgw,Year 1, spring 1, Monday,25436,16.6
frame,lgw,Year 1, spring 1, Monday,25437,16.7
frame,lgw,Year 1, spring 1, Monday,25438,16.7
frame,lgw,Year 1, spring 1, Monday,25439,16.7
frame,lgw,Year 1, spring 1, Monday,25440,16.8
frame,lgw,Year 1, spring 1, Monday,25441,16.6
frame,lgw,Year 1, spring 1, Monday,25442,16.6
frame,lgw,Year 1, spring 1, Monday,25443,16.6
frame,lgw,Year 1, spring 1, Monday,25444,16.7
frame,lgw,Year 1, spring 1, Monday,25445,16.7
frame,lgw,Year 1, spring 1, Monday,25446,16.6
frame,lgw,Year 1, spring 1, Monday,25447,16.9
frame,lgw,Year 1, spring 1, Monday,25448,16.5
frame,lgw,Year 1, spring 1, Monday,25449,16.6
frame,lgw,Year 1, spring 1, Monday,25450,17.6
frame,lgw,Year 1, spring 1, Monday,25451,15.8
frame,lgw,Year 1, spring 1, Monday,25452,16.6
frame,lgw,Year 1, spring 1, Monday,25453,16.7
frame,lgw,Year 1, spring 1, Monday,25454,16.7
frame,lgw,Year 1, spring 1, Monday,25455,16.7
frame,lgw,Year 1, spring 1, Monday,25456,16.8
frame,lgw,Year 1, spring 1, Monday,25457,16.6
frame,lgw,Year 1, spring 1, Monday,25458,16.6
frame,lgw,Year 1, spring 1, Monday,25459,16.7
frame,lgw,Year 1, spring 1, Monday,25460,16.6
frame,lgw,Year 1, spring 1, Monday,25461,16.7
frame,lgw,Year 1, spring 1, Monday,25462,16.7
frame,lgw,Year 1, spring 1, Monday,25463,16.8
frame,lgw,Year 1, spring 1, Monday,25464,16.6
frame,lgw,Year 1, spring 1, Monday,25465,16.6
frame,lgw,Year 1, spring 1, Monday,25466,16.7
frame,lgw,Year 1, spring 1, Monday,25467,16.8
frame,lgw,Year 1, spring 1, Monday,25468,16.6
frame,lgw,Year 1, spring 1, Monday,25469,16.6
frame,lgw,Year 1, spring 1, Monday,25470,16.7
frame,lgw,Year 1, spring 1, Monday,25471,16.5
frame,lgw,Year 1, spring 1, Monday,25472,16.7
frame,lgw,Year 1, spring 1, Monday,25473,16.7
frame,lgw,Year 1, spring 1, Monday,25474,16.7
frame,lgw,Year 1, spring 1, Monday,25475,16.7
frame,lgw,Year 1, spring 1, Monday,25476,16.8
frame,lgw,Year 1, spring 1, Monday,25477,16.5
frame,lgw,Year 1, spring 1, Monday,25478,17.5
frame,lgw,Year 1, spring 1, Monday,25479,15.8
frame,lgw,Year 1, spring 1, Monday,25480,16.7
frame,lgw,Year 1, spring 1, Monday,25481,16.7
frame,lgw,Year 1, spring 1, Monday,25482,16.6
frame,lgw,Year 1, spring 1, Monday,25483,16.6
frame,lgw,Year 1, spring 1, Monday,25484,16.7
frame,lgw,Year 1, spring 1, Monday,25485,16.6
frame,lgw,Year 1, spring 1, Monday,25486,16.7
frame,lgw,Year 1, spring 1, Monday,25487,16.9
frame,lgw,Year 1, spring 1, Monday,25488,16.6
frame,lgw,Year 1, spring 1, Monday,25489,16.6
frame,lgw,Year 1, spring 1, Monday,25490,16.6
frame,lgw,Year 1, spring 1, Monday,25491,16.7
frame,lgw,Year 1, spring 1, Monday,25492,16.7
frame,lgw,Year 1, spring 1, Monday,25493,16.7
frame,lgw,Year 1, spring 1, Monday,25494,16.6
frame,lgw,Year 1, spring 1, Monday,25495,16.7
frame,lgw,Year 1, spring 1, Monday,25496,17.1
frame,lgw,Year 1, spring 1, Monday,25497,16.4
frame,lgw,Year 1, spring 1, Monday,25498,16.6
frame,lgw,Year 1, spring 1, Monday,25499,16.6
frame,lgw,Year 1, spring 1, Monday,25500,16.6
frame,lgw,Year 1, spring 1, Monday,25501,16.8
frame,lgw,Year 1, spring 1, Monday,25502,16.6
frame,lgw,Year 1, spring 1, Monday,25503,16.6
frame,lgw,Year 1, spring 1, Monday,25504,16.7
frame,lgw,Year 1, spring 1, Monday,25505,16.7
frame,lgw,Year 1, spring 1, Monday,25506,16.6
frame,lgw,Year 1, spring 1, Monday,25507,16.8
frame,lgw,Year 1, spring 1, Monday,25508,16.6
frame,lgw,Year 1, spring 1, Monday,25509,16.7
frame,lgw,Year 1, spring 1, Monday,25510,16.6
frame,lgw,Year 1, spring 1, Monday,25511,16.7
frame,lgw,Year 1, spring 1, Monday,25512,16.6
frame,lgw,Year 1, spring 1, Monday,25513,16.7
frame,lgw,Year 1, spring 1, Monday,25514,16.7
frame,lgw,Year 1, spring 1, Monday,25515,16.7
frame,lgw,Year 1, spring 1, Monday,25516,16.7
frame,lgw,Year 1, spring 1, Monday,25517,16.7
frame,lgw,Year 1, spring 1, Monday,25518,16.6
frame,lgw,Year 1, spring 1, Monday,25519,16.7
frame,lgw,Year 1, spring 1, Monday,25520,16.7
frame,lgw,Year 1, spring 1, Monday,25521,16.7
frame,lgw,Year 1, spring 1, Monday,25522,16.6
frame,lgw,Year 1, spring 1, Monday,25523,23.1
frame,lgw,Year 1, spring 1, Monday,25524,11.3
frame,lgw,Year 1, spring 1, Monday,25525,15.7
frame,lgw,Year 1, spring 1, Monday,25526,16.8
frame,lgw,Year 1, spring 1, Monday,25527,16.5
frame,lgw,Year 1, spring 1, Monday,25528,16.6
frame,lgw,Year 1, spring 1, Monday,25529,16.7
frame,lgw,Year 1, spring 1, Monday,25530,16.6
frame,lgw,Year 1, spring 1, Monday,25531,16.7
frame,lgw,Year 1, spring 1, Monday,25532,16.6
frame,lgw,Year 1, spring 1, Monday,25533,16.7
frame,lgw,Year 1, spring 1, Monday,25534,16.7
frame,lgw,Year 1, spring 1, Monday,25535,16.8
frame,lgw,Year 1, spring 1, Monday,25536,16.6
frame,lgw,Year 1, spring 1, Monday,25537,17.1
frame,lgw,Year 1, spring 1, Monday,25538,16.2
frame,lgw,Year 1, spring 1, Monday,25539,16.8
frame,lgw,Year 1, spring 1, Monday,25540,16.6
frame,lgw,Year 1, spring 1, Monday,25541,16.7
frame,lgw,Year 1, spring 1, Monday,25542,16.6
frame,lgw,Year 1, spring 1, Monday,25543,16.7
frame,lgw,Year 1, spring 1, Monday,25544,16.6
frame,lgw,Year 1, spring 1, Monday,25545,16.7
frame,lgw,Year 1, spring 1, Monday,25546,16.6
frame,lgw,Year 1, spring 1, Monday,25547,16.6
frame,lgw,Year 1, spring 1, Monday,25548,16.8
frame,lgw,Year 1, spring 1, Monday,25549,16.6
frame,lgw,Year 1, spring 1, Monday,25550,16.6
frame,lgw,Year 1, spring 1, Monday,25551,16.7
frame,lgw,Year 1, spring 1, Monday,25552,16.6
frame,lgw,Year 1, spring 1, Monday,25553,16.9
frame,lgw,Year 1, spring 1, Monday,25554,16.5
frame,lgw,Year 1, spring 1, Monday,25555,17.0
frame,lgw,Year 1, spring 1, Monday,25556,16.4
frame,lgw,Year 1, spring 1, Monday,25557,16.7
frame,lgw,Year 1, spring 1, Monday,25558,16.5
frame,lgw,Year 1, spring 1, Monday,25559,16.7
frame,lgw,Year 1, spring 1, Monday,25560,16.7
frame,lgw,Year 1, spring 1, Monday,25561,16.7
frame,lgw,Year 1, spring 1, Monday,25562,16.6
frame,lgw,Year 1, spring 1, Monday,25563,16.6
frame,lgw,Year 1, spring 1, Monday,25564,16.7
frame,lgw,Year 1, spring 1, Monday,25565,16.7
frame,lgw,Year 1, spring 1, Monday,25566,16.7
frame,lgw,Year 1, spring 1, Monday,25567,16.6
frame,lgw,Year 1, spring 1, Monday,25568,16.7
frame,lgw,Year 1, spring 1, Monday,25569,16.6
frame,lgw,Year 1, spring 1, Monday,25570,16.6
frame,lgw,Year 1, spring 1, Monday,25571,16.7
frame,lgw,Year 1, spring 1, Monday,25572,16.7
frame,lgw,Year 1, spring 1, Monday,25573,16.7
frame,lgw,Year 1, spring 1, Monday,25574,16.7
frame,lgw,Year 1, spring 1, Monday,25575,16.7
frame,lgw,Year 1, spring 1, Monday,25576,16.7
frame,lgw,Year 1, spring 1, Monday,25577,16.7
frame,lgw,Year 1, spring 1, Monday,25578,16.6
frame,lgw,Year 1, spring 1, Monday,25579,16.6
frame,lgw,Year 1, spring 1, Monday,25580,16.7
frame,lgw,Year 1, spring 1, Monday,25581,16.8
frame,lgw,Year 1, spring 1, Monday,25582,16.6
frame,lgw,Year 1, spring 1, Monday,25583,16.7
frame,lgw,Year 1, spring 1, Monday,25584,16.6
frame,lgw,Year 1, spring 1, Monday,25585,17.1
frame,lgw,Year 1, spring 1, Monday,25586,16.1
frame,lgw,Year 1, spring 1, Monday,25587,16.7
frame,lgw,Year 1, spring 1, Monday,25588,16.7
frame,lgw,Year 1, spring 1, Monday,25589,16.7
frame,lgw,Year 1, spring 1, Monday,25590,16.7
frame,lgw,Year 1, spring 1, Monday,25591,16.6
frame,lgw,Year 1, spring 1, Monday,25592,16.6
frame,lgw,Year 1, spring 1, Monday,25593,16.6
frame,lgw,Year 1, spring 1, Monday,25594,16.8
frame,lgw,Year 1, spring 1, Monday,25595,16.6
frame,lgw,Year 1, spring 1, Monday,25596,16.7
frame,lgw,Year 1, spring 1, Monday,25597,16.7
switch,lgw,Year 1, spring 2, Tuesday,600,286.7
switchdetail,lgw,Year 1, spring 2, Tuesday,1810,0,0.0
lag,lgw,Year 1, spring 2, Tuesday,25600,286.7
lag,lgw,Year 1, spring 2, Tuesday,25601,2067.8
frame,lgw,Year 1, spring 2, Tuesday,25598,18.9
frame,lgw,Year 1, spring 2, Tuesday,25599,286.7
frame,lgw,Year 1, spring 2, Tuesday,25600,500.0
frame,lgw,Year 1, spring 2, Tuesday,25601,12.1
frame,lgw,Year 1, spring 2, Tuesday,25602,16.6
frame,lgw,Year 1, spring 2, Tuesday,25603,16.6
frame,lgw,Year 1, spring 2, Tuesday,25604,16.8
frame,lgw,Year 1, spring 2, Tuesday,25605,16.6
frame,lgw,Year 1, spring 2, Tuesday,25606,16.7
frame,lgw,Year 1, spring 2, Tuesday,25607,16.9
frame,lgw,Year 1, spring 2, Tuesday,25608,16.5
frame,lgw,Year 1, spring 2, Tuesday,25609,16.8
frame,lgw,Year 1, spring 2, Tuesday,25610,16.6
frame,lgw,Year 1, spring 2, Tuesday,25611,16.7
frame,lgw,Year 1, spring 2, Tuesday,25612,16.7
frame,lgw,Year 1, spring 2, Tuesday,25613,16.6
frame,lgw,Year 1, spring 2, Tuesday,25614,16.7
frame,lgw,Year 1, spring 2, Tuesday,25615,16.6
frame,lgw,Year 1, spring 2, Tuesday,25616,16.6
frame,lgw,Year 1, spring 2, Tuesday,25617,16.7
frame,lgw,Year 1, spring 2, Tuesday,25618,16.6
frame,lgw,Year 1, spring 2, Tuesday,25619,16.8
frame,lgw,Year 1, spring 2, Tuesday,25620,16.7
frame,lgw,Year 1, spring 2, Tuesday,25621,16.6
frame,lgw,Year 1, spring 2, Tuesday,25622,16.7
frame,lgw,Year 1, spring 2, Tuesday,25623,20.3
frame,lgw,Year 1, spring 2, Tuesday,25624,13.0
frame,lgw,Year 1, spring 2, Tuesday,25625,16.7
frame,lgw,Year 1, spring 2, Tuesday,25626,16.7
frame,lgw,Year 1, spring 2, Tuesday,25627,16.6
frame,lgw,Year 1, spring 2, Tuesday,25628,16.7
frame,lgw,Year 1, spring 2, Tuesday,25629,16.7
frame,lgw,Year 1, spring 2, Tuesday,25630,16.7
frame,lgw,Year 1, spring 2, Tuesday,25631,16.7
frame,lgw,Year 1, spring 2, Tuesday,25632,16.7
frame,lgw,Year 1, spring 2, Tuesday,25633,16.7
frame,lgw,Year 1, spring 2, Tuesday,25634,16.6
frame,lgw,Year 1, spring 2, Tuesday,25635,16.7
frame,lgw,Year 1, spring 2, Tuesday,25636,16.6
frame,lgw,Year 1, spring 2, Tuesday,25637,16.8
frame,lgw,Year 1, spring 2, Tuesday,25638,16.7
frame,lgw,Year 1, spring 2, Tuesday,25639,16.6
frame,lgw,Year 1, spring 2, Tuesday,25640,16.7
frame,lgw,Year 1, spring 2, Tuesday,25641,16.7
frame,lgw,Year 1, spring 2, Tuesday,25642,16.6
frame,lgw,Year 1, spring 2, Tuesday,25643,16.7
frame,lgw,Year 1, spring 2, Tuesday,25644,16.7
frame,lgw,Year 1, spring 2, Tuesday,25645,16.7
frame,lgw,Year 1, spring 2, Tuesday,25646,16.7
frame,lgw,Year 1, spring 2, Tuesday,25647,17.3
frame,lgw,Year 1, spring 2, Tuesday,25648,16.0
frame,lgw,Year 1, spring 2, Tuesday,25649,16.6
frame,lgw,Year 1, spring 2, Tuesday,25650,16.8
frame,lgw,Year 1, spring 2, Tuesday,25651,16.6
frame,lgw,Year 1, spring 2, Tuesday,25652,16.6
frame,lgw,Year 1, spring 2, Tuesday,25653,16.6
frame,lgw,Year 1, spring 2, Tuesday,25654,16.7
frame,lgw,Year 1, spring 2, Tuesday,25655,16.7
frame,lgw,Year 1, spring 2, Tuesday,25656,17.2
frame,lgw,Year 1, spring 2, Tuesday,25657,16.1
frame,lgw,Year 1, spring 2, Tuesday,25658,16.8
frame,lgw,Year 1, spring 2, Tuesday,25659,16.7
frame,lgw,Year 1, spring 2, Tuesday,25660,16.6
frame,lgw,Year 1, spring 2, Tuesday,25661,16.7
frame,lgw,Year 1, spring 2, Tuesday,25662,16.7
frame,lgw,Year 1, spring 2, Tuesday,25663,16.7
frame,lgw,Year 1, spring 2, Tuesday,25664,16.6
frame,lgw,Year 1, spring 2, Tuesday,25665,16.7
frame,lgw,Year 1, spring 2, Tuesday,25666,16.6
frame,lgw,Year 1, spring 2, Tuesday,25667,16.7
frame,lgw,Year 1, spring 2, Tuesday,25668,16.8
frame,lgw,Year 1, spring 2, Tuesday,25669,16.6
frame,lgw,Year 1, spring 2, Tuesday,25670,16.8
frame,lgw,Year 1, spring 2, Tuesday,25671,16.7
frame,lgw,Year 1, spring 2, Tuesday,25672,16.5
frame,lgw,Year 1, spring 2, Tuesday,25673,16.7
frame,lgw,Year 1, spring 2, Tuesday,25674,16.6
frame,lgw,Year 1, spring 2, Tuesday,25675,17.3
frame,lgw,Year 1, spring 2, Tuesday,25676,16.0
frame,lgw,Year 1, spring 2, Tuesday,25677,16.7
frame,lgw,Year 1, spring 2, Tuesday,25678,16.6
frame,lgw,Year 1, spring 2, Tuesday,25679,16.9
frame,lgw,Year 1, spring 2, Tuesday,25680,16.7
frame,lgw,Year 1, spring 2, Tuesday,25681,16.6
frame,lgw,Year 1, spring 2, Tuesday,25682,16.6
frame,lgw,Year 1, spring 2, Tuesday,25683,16.6
frame,lgw,Year 1, spring 2, Tuesday,25684,17.0
frame,lgw,Year 1, spring 2, Tuesday,25685,16.4
frame,lgw,Year 1, spring 2, Tuesday,25686,16.7
frame,lgw,Year 1, spring 2, Tuesday,25687,16.7
frame,lgw,Year 1, spring 2, Tuesday,25688,16.6
frame,lgw,Year 1, spring 2, Tuesday,25689,16.6
frame,lgw,Year 1, spring 2, Tuesday,25690,16.6
frame,lgw,Year 1, spring 2, Tuesday,25691,16.6
frame,lgw,Year 1, spring 2, Tuesday,25692,16.7
frame,lgw,Year 1, spring 2, Tuesday,25693,16.6
frame,lgw,Year 1, spring 2, Tuesday,25694,16.6
frame,lgw,Year 1, spring 2, Tuesday,25695,16.7
frame,lgw,Year 1, spring 2, Tuesday,25696,16.8
frame,lgw,Year 1, spring 2, Tuesday,25697,16.8
frame,lgw,Year 1, spring 2, Tuesday,25698,16.4
frame,lgw,Year 1, spring 2, Tuesday,25699,19.8
frame,lgw,Year 1, spring 2, Tuesday,25700,13.6
frame,lgw,Year 1, spring 2, Tuesday,25701,16.5
frame,lgw,Year 1, spring 2, Tuesday,25702,16.7
frame,lgw,Year 1, spring 2, Tuesday,25703,16.8
frame,lgw,Year 1, spring 2, Tuesday,25704,16.6
frame,lgw,Year 1, spring 2, Tuesday,25705,16.6
frame,lgw,Year 1, spring 2, Tuesday,25706,16.7
frame,lgw,Year 1, spring 2, Tuesday,25707,16.7
frame,lgw,Year 1, spring 2, Tuesday,25708,16.7
frame,lgw,Year 1, spring 2, Tuesday,25709,16.7
frame,lgw,Year 1, spring 2, Tuesday,25710,16.6
frame,lgw,Year 1, spring 2, Tuesday,25711,16.8
frame,lgw,Year 1, spring 2, Tuesday,25712,16.8
frame,lgw,Year 1, spring 2, Tuesday,25713,16.5
frame,lgw,Year 1, spring 2, Tuesday,25714,16.7
frame,lgw,Year 1, spring 2, Tuesday,25715,17.1
frame,lgw,Year 1, spring 2, Tuesday,25716,16.2
frame,lgw,Year 1, spring 2, Tuesday,25717,16.6
frame,lgw,Year 1, spring 2, Tuesday,25718,16.7
frame,lgw,Year 1, spring 2, Tuesday,25719,16.6
frame,lgw,Year 1, spring 2, Tuesday,25720,16.7
frame,lgw,Year 1, spring 2, Tuesday,25721,16.7
frame,lgw,Year 1, spring 2, Tuesday,25722,16.7
frame,lgw,Year 1, spring 2, Tuesday,25723,16.9
frame,lgw,Year 1, spring 2, Tuesday,25724,16.5
frame,lgw,Year 1, spring 2, Tuesday,25725,16.7
frame,lgw,Year 1, spring 2, Tuesday,25726,16.6
frame,lgw,Year 1, spring 2, Tuesday,25727,16.6
frame,lgw,Year 1, spring 2, Tuesday,25728,16.7
frame,lgw,Year 1, spring 2, Tuesday,25729,16.6
frame,lgw,Year 1, spring 2, Tuesday,25730,16.6
frame,lgw,Year 1, spring 2, Tuesday,25731,19.1
frame,lgw,Year 1, spring 2, Tuesday,25732,14.3
frame,lgw,Year 1, spring 2, Tuesday,25733,16.7
frame,lgw,Year 1, spring 2, Tuesday,25734,16.7
frame,lgw,Year 1, spring 2, Tuesday,25735,16.7
frame,lgw,Year 1, spring 2, Tuesday,25736,16.7
frame,lgw,Year 1, spring 2, Tuesday,25737,16.7
frame,lgw,Year 1, spring 2, Tuesday,25738,16.6
frame,lgw,Year 1, spring 2, Tuesday,25739,16.7
frame,lgw,Year 1, spring 2, Tuesday,25740,16.8
frame,lgw,Year 1, spring 2, Tuesday,25741,16.5
frame,lgw,Year 1, spring 2, Tuesday,25742,16.7
frame,lgw,Year 1, spring 2, Tuesday,25743,16.8
frame,lgw,Year 1, spring 2, Tuesday,25744,16.6
frame,lgw,Year 1, spring 2, Tuesday,25745,16.6
frame,lgw,Year 1, spring 2, Tuesday,25746,16.7
frame,lgw,Year 1, spring 2, Tuesday,25747,16.7
frame,lgw,Year 1, spring 2, Tuesday,25748,16.7
frame,lgw,Year 1, spring 2, Tuesday,25749,16.7
frame,lgw,Year 1, spring 2, Tuesday,25750,16.6
frame,lgw,Year 1, spring 2, Tuesday,25751,16.7
frame,lgw,Year 1, spring 2, Tuesday,25752,16.6
frame,lgw,Year 1, spring 2, Tuesday,25753,16.6
frame,lgw,Year 1, spring 2, Tuesday,25754,16.7
frame,lgw,Year 1, spring 2, Tuesday,25755,16.6
frame,lgw,Year 1, spring 2, Tuesday,25756,16.7
frame,lgw,Year 1, spring 2, Tuesday,25757,16.7
frame,lgw,Year 1, spring 2, Tuesday,25758,16.7
frame,lgw,Year 1, spring 2, Tuesday,25759,16.6
frame,lgw,Year 1, spring 2, Tuesday,25760,16.7
frame,lgw,Year 1, spring 2, Tuesday,25761,16.7
frame,lgw,Year 1, spring 2, Tuesday,25762,16.6
frame,lgw,Year 1, spring 2, Tuesday,25763,17.0
frame,lgw,Year 1, spring 2, Tuesday,25764,16.4
frame,lgw,Year 1, spring 2, Tuesday,25765,16.7
frame,lgw,Year 1, spring 2, Tuesday,25766,16.6
frame,lgw,Year 1, spring 2, Tuesday,25767,16.7
frame,lgw,Year 1, spring 2, Tuesday,25768,16.6
frame,lgw,Year 1, spring 2, Tuesday,25769,16.7
frame,lgw,Year 1, spring 2, Tuesday,25770,16.9
frame,lgw,Year 1, spring 2, Tuesday,25771,16.5
frame,lgw,Year 1, spring 2, Tuesday,25772,16.6
frame,lgw,Year 1, spring 2, Tuesday,25773,16.6
frame,lgw,Year 1, spring 2, Tuesday,25774,16.7
frame,lgw,Year 1, spring 2, Tuesday,25775,16.7
frame,lgw,Year 1, spring 2, Tuesday,25776,16.8
frame,lgw,Year 1, spring 2, Tuesday,25777,16.6
frame,lgw,Year 1, spring 2, Tuesday,25778,16.6
frame,lgw,Year 1, spring 2, Tuesday,25779,16.7
frame,lgw,Year 1, spring 2, Tuesday,25780,16.7
frame,lgw,Year 1, spring 2, Tuesday,25781,16.7
frame,lgw,Year 1, spring 2, Tuesday,25782,16.7
frame,lgw,Year 1, spring 2, Tuesday,25783,16.6
frame,lgw,Year 1, spring 2, Tuesday,25784,16.6
frame,lgw,Year 1, spring 2, Tuesday,25785,16.7
frame,lgw,Year 1, spring 2, Tuesday,25786,16.6
frame,lgw,Year 1, spring 2, Tuesday,25787,16.7
frame,lgw,Year 1, spring 2, Tuesday,25788,16.7
frame,lgw,Year 1, spring 2, Tuesday,25789,16.6
frame,lgw,Year 1, spring 2, Tuesday,25790,16.6
frame,lgw,Year 1, spring 2, Tuesday,25791,16.7
frame,lgw,Year 1, spring 2, Tuesday,25792,16.9
frame,lgw,Year 1, spring 2, Tuesday,25793,16.5
frame,lgw,Year 1, spring 2, Tuesday,25794,17.4
frame,lgw,Year 1, spring 2, Tuesday,25795,15.9
frame,lgw,Year 1, spring 2, Tuesday,25796,16.7
frame,lgw,Year 1, spring 2, Tuesday,25797,16.6
frame,lgw,Year 1, spring 2, Tuesday,25798,16.7
frame,lgw,Year 1, spring 2, Tuesday,25799,16.7
frame,lgw,Year 1, spring 2, Tuesday,25800,16.8
frame,lgw,Year 1, spring 2, Tuesday,25801,16.6
frame,lgw,Year 1, spring 2, Tuesday,25802,16.7
frame,lgw,Year 1, spring 2, Tuesday,25803,16.7
frame,lgw,Year 1, spring 2, Tuesday,25804,16.7
frame,lgw,Year 1, spring 2, Tuesday,25805,16.7
switch,lgw,Year 1, spring 3, Wednesday,610,17.5
switch,lgw,Year 1, spring 3, Wednesday,620,17.1
switch,lgw,Year 1, spring 3, Wednesday,630,17.7
switch,lgw,Year 1, spring 3, Wednesday,640,17.2
switchdetail,lgw,Year 1, spring 3, Wednesday,600,0,0.0
switchdetail,lgw,Year 1, spring 3, Wednesday,610,0,0.0
switchdetail,lgw,Year 1, spring 3, Wednesday,620,0,0.0
switchdetail,lgw,Year 1, spring 3, Wednesday,630,0,0.0
lag,lgw,Year 1, spring 3, Wednesday,25808,250.5
lag,lgw,Year 1, spring 3, Wednesday,25809,1924.0
frame,lgw,Year 1, spring 3, Wednesday,29902,16.8
frame,lgw,Year 1, spring 3, Wednesday,29903,17.1
frame,lgw,Year 1, spring 3, Wednesday,29904,16.3
frame,lgw,Year 1, spring 3, Wednesday,29905,17.1
frame,lgw,Year 1, spring 3, Wednesday,29906,16.2
frame,lgw,Year 1, spring 3, Wednesday,29907,19.1
frame,lgw,Year 1, spring 3, Wednesday,29908,15.2
frame,lgw,Year 1, spring 3, Wednesday,29909,16.3
frame,lgw,Year 1, spring 3, Wednesday,29910,16.0
frame,lgw,Year 1, spring 3, Wednesday,29911,16.1
frame,lgw,Year 1, spring 3, Wednesday,29912,18.0
frame,lgw,Year 1, spring 3, Wednesday,29913,16.0
frame,lgw,Year 1, spring 3, Wednesday,29914,16.6
frame,lgw,Year 1, spring 3, Wednesday,29915,16.3
frame,lgw,Year 1, spring 3, Wednesday,29916,17.2
frame,lgw,Year 1, spring 3, Wednesday,29917,17.4
frame,lgw,Year 1, spring 3, Wednesday,29918,15.3
frame,lgw,Year 1, spring 3, Wednesday,29919,18.1
frame,lgw,Year 1, spring 3, Wednesday,29920,16.3
frame,lgw,Year 1, spring 3, Wednesday,29921,15.8
frame,lgw,Year 1, spring 3, Wednesday,29922,16.5
frame,lgw,Year 1, spring 3, Wednesday,29923,17.9
frame,lgw,Year 1, spring 3, Wednesday,29924,15.6
frame,lgw,Year 1, spring 3, Wednesday,29925,17.3
frame,lgw,Year 1, spring 3, Wednesday,29926,15.9
frame,lgw,Year 1, spring 3, Wednesday,29927,16.6
frame,lgw,Year 1, spring 3, Wednesday,29928,17.3
frame,lgw,Year 1, spring 3, Wednesday,29929,17.5
frame,lgw,Year 1, spring 3, Wednesday,29930,15.6
frame,lgw,Year 1, spring 3, Wednesday,29931,17.2
frame,lgw,Year 1, spring 3, Wednesday,29932,15.8
frame,lgw,Year 1, spring 3, Wednesday,29933,18.1
frame,lgw,Year 1, spring 3, Wednesday,29934,15.3
frame,lgw,Year 1, spring 3, Wednesday,29935,16.3
frame,lgw,Year 1, spring 3, Wednesday,29936,17.4
frame,lgw,Year 1, spring 3, Wednesday,29937,16.8
frame,lgw,Year 1, spring 3, Wednesday,29938,15.6
frame,lgw,Year 1, spring 3, Wednesday,29939,16.7
frame,lgw,Year 1, spring 3, Wednesday,29940,16.8
frame,lgw,Year 1, spring 3, Wednesday,29941,17.2
frame,lgw,Year 1, spring 3, Wednesday,29942,16.4
frame,lgw,Year 1, spring 3, Wednesday,29943,16.4
frame,lgw,Year 1, spring 3, Wednesday,29944,18.1
frame,lgw,Year 1, spring 3, Wednesday,29945,16.8
frame,lgw,Year 1, spring 3, Wednesday,29946,15.2
frame,lgw,Year 1, spring 3, Wednesday,29947,17.8
frame,lgw,Year 1, spring 3, Wednesday,29948,15.2
frame,lgw,Year 1, spring 3, Wednesday,29949,16.9
frame,lgw,Year 1, spring 3, Wednesday,29950,17.5
frame,lgw,Year 1, spring 3, Wednesday,29951,16.2
frame,lgw,Year 1, spring 3, Wednesday,29952,16.8
frame,lgw,Year 1, spring 3, Wednesday,29953,16.5
frame,lgw,Year 1, spring 3, Wednesday,29954,16.4
frame,lgw,Year 1, spring 3, Wednesday,29955,16.5
frame,lgw,Year 1, spring 3, Wednesday,29956,17.5
frame,lgw,Year 1, spring 3, Wednesday,29957,17.7
frame,lgw,Year 1, spring 3, Wednesday,29958,14.9
frame,lgw,Year 1, spring 3, Wednesday,29959,17.2
frame,lgw,Year 1, spring 3, Wednesday,29960,15.9
frame,lgw,Year 1, spring 3, Wednesday,29961,18.4
frame,lgw,Year 1, spring 3, Wednesday,29962,15.3
frame,lgw,Year 1, spring 3, Wednesday,29963,16.9
frame,lgw,Year 1, spring 3, Wednesday,29964,18.2
frame,lgw,Year 1, spring 3, Wednesday,29965,15.0
frame,lgw,Year 1, spring 3, Wednesday,29966,16.4
frame,lgw,Year 1, spring 3, Wednesday,29967,16.7
frame,lgw,Year 1, spring 3, Wednesday,29968,16.8
frame,lgw,Year 1, spring 3, Wednesday,29969,16.6
frame,lgw,Year 1, spring 3, Wednesday,29970,18.3
frame,lgw,Year 1, spring 3, Wednesday,29971,17.4
frame,lgw,Year 1, spring 3, Wednesday,29972,14.6
frame,lgw,Year 1, spring 3, Wednesday,29973,16.1
frame,lgw,Year 1, spring 3, Wednesday,29974,17.9
frame,lgw,Year 1, spring 3, Wednesday,29975,16.5
frame,lgw,Year 1, spring 3, Wednesday,29976,15.8
frame,lgw,Year 1, spring 3, Wednesday,29977,16.8
frame,lgw,Year 1, spring 3, Wednesday,29978,16.3
frame,lgw,Year 1, spring 3, Wednesday,29979,16.9
frame,lgw,Year 1, spring 3, Wednesday,29980,16.3
frame,lgw,Year 1, spring 3, Wednesday,29981,17.5
frame,lgw,Year 1, spring 3, Wednesday,29982,16.4
frame,lgw,Year 1, spring 3, Wednesday,29983,19.1
frame,lgw,Year 1, spring 3, Wednesday,29984,14.7
frame,lgw,Year 1, spring 3, Wednesday,29985,15.7
frame,lgw,Year 1, spring 3, Wednesday,29986,16.7
frame,lgw,Year 1, spring 3, Wednesday,29987,17.0
frame,lgw,Year 1, spring 3, Wednesday,29988,17.1
frame,lgw,Year 1, spring 3, Wednesday,29989,16.9
frame,lgw,Year 1, spring 3, Wednesday,29990,15.5
frame,lgw,Year 1, spring 3, Wednesday,29991,17.7
frame,lgw,Year 1, spring 3, Wednesday,29992,15.9
frame,lgw,Year 1, spring 3, Wednesday,29993,16.6
frame,lgw,Year 1, spring 3, Wednesday,29994,16.6
frame,lgw,Year 1, spring 3, Wednesday,29995,18.0
frame,lgw,Year 1, spring 3, Wednesday,29996,16.2
frame,lgw,Year 1, spring 3, Wednesday,29997,17.2
frame,lgw,Year 1, spring 3, Wednesday,29998,17.1
frame,lgw,Year 1, spring 3, Wednesday,29999,15.0
switch,lgw,Year 1, spring 3, Wednesday,650,17.6
switch,lgw,Year 1, spring 3, Wednesday,700,17.0
switch,lgw,Year 1, spring 3, Wednesday,710,17.1
switch,lgw,Year 1, spring 3, Wednesday,720,17.2
switch,lgw,Year 1, spring 3, Wednesday,730,17.2
switch,lgw,Year 1, spring 3, Wednesday,740,17.2
switchdetail,lgw,Year 1, spring 3, Wednesday,640,0,0.0
switchdetail,lgw,Year 1, spring 3, Wednesday,650,0,0.0
switchdetail,lgw,Year 1, spring 3, Wednesday,700,0,0.0
switchdetail,lgw,Year 1, spring 3, Wednesday,710,0,0.0
switchdetail,lgw,Year 1, spring 3, Wednesday,720,0,0.0
switchdetail,lgw,Year 1, spring 3, Wednesday,730,0,0.0
lag,lgw,Year 1, spring 3, Wednesday,30164,75.1
frame,lgw,Year 1, spring 3, Wednesday,32048,16.6
frame,lgw,Year 1, spring 3, Wednesday,32049,16.7
frame,lgw,Year 1, spring 3, Wednesday,32050,17.2
frame,lgw,Year 1, spring 3, Wednesday,32051,16.1
frame,lgw,Year 1, spring 3, Wednesday,32052,17.2
frame,lgw,Year 1, spring 3, Wednesday,32053,16.2
frame,lgw,Year 1, spring 3, Wednesday,32054,16.7
frame,lgw,Year 1, spring 3, Wednesday,32055,16.9
frame,lgw,Year 1, spring 3, Wednesday,32056,16.4
frame,lgw,Year 1, spring 3, Wednesday,32057,16.6
frame,lgw,Year 1, spring 3, Wednesday,32058,16.7
frame,lgw,Year 1, spring 3, Wednesday,32059,16.6
frame,lgw,Year 1, spring 3, Wednesday,32060,16.6
frame,lgw,Year 1, spring 3, Wednesday,32061,16.8
frame,lgw,Year 1, spring 3, Wednesday,32062,16.5
frame,lgw,Year 1, spring 3, Wednesday,32063,17.8
frame,lgw,Year 1, spring 3, Wednesday,32064,16.0
frame,lgw,Year 1, spring 3, Wednesday,32065,16.2
frame,lgw,Year 1, spring 3, Wednesday,32066,16.6
frame,lgw,Year 1, spring 3, Wednesday,32067,16.7
frame,lgw,Year 1, spring 3, Wednesday,32068,16.6
frame,lgw,Year 1, spring 3, Wednesday,32069,16.7
frame,lgw,Year 1, spring 3, Wednesday,32070,16.7
frame,lgw,Year 1, spring 3, Wednesday,32071,16.6
frame,lgw,Year 1, spring 3, Wednesday,32072,16.6
frame,lgw,Year 1, spring 3, Wednesday,32073,16.7
frame,lgw,Year 1, spring 3, Wednesday,32074,16.7
frame,lgw,Year 1, spring 3, Wednesday,32075,16.7
frame,lgw,Year 1, spring 3, Wednesday,32076,16.6
frame,lgw,Year 1, spring 3, Wednesday,32077,16.6
frame,lgw,Year 1, spring 3, Wednesday,32078,16.7
frame,lgw,Year 1, spring 3, Wednesday,32079,16.7
frame,lgw,Year 1, spring 3, Wednesday,32080,16.8
frame,lgw,Year 1, spring 3, Wednesday,32081,16.7
frame,lgw,Year 1, spring 3, Wednesday,32082,16.6
frame,lgw,Year 1, spring 3, Wednesday,32083,16.5
frame,lgw,Year 1, spring 3, Wednesday,32084,16.7
frame,lgw,Year 1, spring 3, Wednesday,32085,16.7
frame,lgw,Year 1, spring 3, Wednesday,32086,16.6
frame,lgw,Year 1, spring 3, Wednesday,32087,16.7
frame,lgw,Year 1, spring 3, Wednesday,32088,16.7
frame,lgw,Year 1, spring 3, Wednesday,32089,16.6
frame,lgw,Year 1, spring 3, Wednesday,32090,16.7
frame,lgw,Year 1, spring 3, Wednesday,32091,16.7
frame,lgw,Year 1, spring 3, Wednesday,32092,16.7
frame,lgw,Year 1, spring 3, Wednesday,32093,16.7
frame,lgw,Year 1, spring 3, Wednesday,32094,16.7
frame,lgw,Year 1, spring 3, Wednesday,32095,16.6
frame,lgw,Year 1, spring 3, Wednesday,32096,16.6
frame,lgw,Year 1, spring 3, Wednesday,32097,16.7
frame,lgw,Year 1, spring 3, Wednesday,32098,16.6
frame,lgw,Year 1, spring 3, Wednesday,32099,16.7
frame,lgw,Year 1, spring 3, Wednesday,32100,16.7
frame,lgw,Year 1, spring 3, Wednesday,32101,16.8
frame,lgw,Year 1, spring 3, Wednesday,32102,16.5
frame,lgw,Year 1, spring 3, Wednesday,32103,16.7
frame,lgw,Year 1, spring 3, Wednesday,32104,16.7
frame,lgw,Year 1, spring 3, Wednesday,32105,16.6
frame,lgw,Year 1, spring 3, Wednesday,32106,16.9
frame,lgw,Year 1, spring 3, Wednesday,32107,16.8
frame,lgw,Year 1, spring 3, Wednesday,32108,16.4
frame,lgw,Year 1, spring 3, Wednesday,32109,16.9
frame,lgw,Year 1, spring 3, Wednesday,32110,16.5
frame,lgw,Year 1, spring 3, Wednesday,32111,16.6
frame,lgw,Year 1, spring 3, Wednesday,32112,16.7
frame,lgw,Year 1, spring 3, Wednesday,32113,16.7
frame,lgw,Year 1, spring 3, Wednesday,32114,16.7
frame,lgw,Year 1, spring 3, Wednesday,32115,16.9
frame,lgw,Year 1, spring 3, Wednesday,32116,16.5
frame,lgw,Year 1, spring 3, Wednesday,32117,16.6
frame,lgw,Year 1, spring 3, Wednesday,32118,16.7
frame,lgw,Year 1, spring 3, Wednesday,32119,16.7
frame,lgw,Year 1, spring 3, Wednesday,32120,16.7
frame,lgw,Year 1, spring 3, Wednesday,32121,16.8
frame,lgw,Year 1, spring 3, Wednesday,32122,16.6
frame,lgw,Year 1, spring 3, Wednesday,32123,16.5
frame,lgw,Year 1, spring 3, Wednesday,32124,16.7
frame,lgw,Year 1, spring 3, Wednesday,32125,17.0
frame,lgw,Year 1, spring 3, Wednesday,32126,16.3
frame,lgw,Year 1, spring 3, Wednesday,32127,16.7
frame,lgw,Year 1, spring 3, Wednesday,32128,16.6
frame,lgw,Year 1, spring 3, Wednesday,32129,16.7
frame,lgw,Year 1, spring 3, Wednesday,32130,16.7
frame,lgw,Year 1, spring 3, Wednesday,32131,17.0
frame,lgw,Year 1, spring 3, Wednesday,32132,16.4
frame,lgw,Year 1, spring 3, Wednesday,32133,16.7
frame,lgw,Year 1, spring 3, Wednesday,32134,16.7
frame,lgw,Year 1, spring 3, Wednesday,32135,16.6
frame,lgw,Year 1, spring 3, Wednesday,32136,16.7
frame,lgw,Year 1, spring 3, Wednesday,32137,16.8
frame,lgw,Year 1, spring 3, Wednesday,32138,16.6
frame,lgw,Year 1, spring 3, Wednesday,32139,16.8
frame,lgw,Year 1, spring 3, Wednesday,32140,16.5
frame,lgw,Year 1, spring 3, Wednesday,32141,16.6
frame,lgw,Year 1, spring 3, Wednesday,32142,16.7
frame,lgw,Year 1, spring 3, Wednesday,32143,16.6
frame,lgw,Year 1, spring 3, Wednesday,32144,16.7
frame,lgw,Year 1, spring 3, Wednesday,32145,16.7
frame,lgw,Year 1, spring 3, Wednesday,32146,16.7
frame,lgw,Year 1, spring 3, Wednesday,32147,16.7
frame,lgw,Year 1, spring 3, Wednesday,32148,16.7
frame,lgw,Year 1, spring 3, Wednesday,32149,16.8
frame,lgw,Year 1, spring 3, Wednesday,32150,16.5
frame,lgw,Year 1, spring 3, Wednesday,32151,16.8
frame,lgw,Year 1, spring 3, Wednesday,32152,16.6
frame,lgw,Year 1, spring 3, Wednesday,32153,16.7
frame,lgw,Year 1, spring 3, Wednesday,32154,16.7
frame,lgw,Year 1, spring 3, Wednesday,32155,17.4
frame,lgw,Year 1, spring 3, Wednesday,32156,16.1
frame,lgw,Year 1, spring 3, Wednesday,32157,16.6
frame,lgw,Year 1, spring 3, Wednesday,32158,16.6
frame,lgw,Year 1, spring 3, Wednesday,32159,16.6
frame,lgw,Year 1, spring 3, Wednesday,32160,16.8
frame,lgw,Year 1, spring 3, Wednesday,32161,16.6
frame,lgw,Year 1, spring 3, Wednesday,32162,16.6
frame,lgw,Year 1, spring 3, Wednesday,32163,16.7
frame,lgw,Year 1, spring 3, Wednesday,32164,16.7
frame,lgw,Year 1, spring 3, Wednesday,32165,16.7
frame,lgw,Year 1, spring 3, Wednesday,32166,16.6
frame,lgw,Year 1, spring 3, Wednesday,32167,16.8
frame,lgw,Year 1, spring 3, Wednesday,32168,16.6
frame,lgw,Year 1, spring 3, Wednesday,32169,16.7
frame,lgw,Year 1, spring 3, Wednesday,32170,16.5
frame,lgw,Year 1, spring 3, Wednesday,32171,16.6
frame,lgw,Year 1, spring 3, Wednesday,32172,16.7
frame,lgw,Year 1, spring 3, Wednesday,32173,16.9
frame,lgw,Year 1, spring 3, Wednesday,32174,16.6
frame,lgw,Year 1, spring 3, Wednesday,32175,16.5
frame,lgw,Year 1, spring 3, Wednesday,32176,16.7
frame,lgw,Year 1, spring 3, Wednesday,32177,16.8
frame,lgw,Year 1, spring 3, Wednesday,32178,16.6
frame,lgw,Year 1, spring 3, Wednesday,32179,16.7
frame,lgw,Year 1, spring 3, Wednesday,32180,16.6
frame,lgw,Year 1, spring 3, Wednesday,32181,16.8
frame,lgw,Year 1, spring 3, Wednesday,32182,16.7
frame,lgw,Year 1, spring 3, Wednesday,32183,16.6
frame,lgw,Year 1, spring 3, Wednesday,32184,16.7
frame,lgw,Year 1, spring 3, Wednesday,32185,16.7
frame,lgw,Year 1, spring 3, Wednesday,32186,16.4
frame,lgw,Year 1, spring 3, Wednesday,32187,16.8
frame,lgw,Year 1, spring 3, Wednesday,32188,16.5
frame,lgw,Year 1, spring 3, Wednesday,32189,16.7
frame,lgw,Year 1, spring 3, Wednesday,32190,16.6
frame,lgw,Year 1, spring 3, Wednesday,32191,16.8
frame,lgw,Year 1, spring 3, Wednesday,32192,16.6
frame,lgw,Year 1, spring 3, Wednesday,32193,16.7
frame,lgw,Year 1, spring 3, Wednesday,32194,17.0
frame,lgw,Year 1, spring 3, Wednesday,32195,16.2
frame,lgw,Year 1, spring 3, Wednesday,32196,16.7
frame,lgw,Year 1, spring 3, Wednesday,32197,16.8
frame,lgw,Year 1, spring 3, Wednesday,32198,17.1
frame,lgw,Year 1, spring 3, Wednesday,32199,16.4
frame,lgw,Year 1, spring 3, Wednesday,32200,16.5
frame,lgw,Year 1, spring 3, Wednesday,32201,16.7
frame,lgw,Year 1, spring 3, Wednesday,32202,16.5
frame,lgw,Year 1, spring 3, Wednesday,32203,17.1
frame,lgw,Year 1, spring 3, Wednesday,32204,16.3
frame,lgw,Year 1, spring 3, Wednesday,32205,16.7
frame,lgw,Year 1, spring 3, Wednesday,32206,16.8
frame,lgw,Year 1, spring 3, Wednesday,32207,16.5
frame,lgw,Year 1, spring 3, Wednesday,32208,16.7
frame,lgw,Year 1, spring 3, Wednesday,32209,16.8
frame,lgw,Year 1, spring 3, Wednesday,32210,16.5
frame,lgw,Year 1, spring 3, Wednesday,32211,16.7
frame,lgw,Year 1, spring 3, Wednesday,32212,16.7
frame,lgw,Year 1, spring 3, Wednesday,32213,16.7
frame,lgw,Year 1, spring 3, Wednesday,32214,16.6
frame,lgw,Year 1, spring 3, Wednesday,32215,16.8
frame,lgw,Year 1, spring 3, Wednesday,32216,16.6
frame,lgw,Year 1, spring 3, Wednesday,32217,16.7
frame,lgw,Year 1, spring 3, Wednesday,32218,16.7
frame,lgw,Year 1, spring 3, Wednesday,32219,16.6
frame,lgw,Year 1, spring 3, Wednesday,32220,16.7
frame,lgw,Year 1, spring 3, Wednesday,32221,16.8
frame,lgw,Year 1, spring 3, Wednesday,32222,16.6
frame,lgw,Year 1, spring 3, Wednesday,32223,16.6
frame,lgw,Year 1, spring 3, Wednesday,32224,16.6
frame,lgw,Year 1, spring 3, Wednesday,32225,16.6
frame,lgw,Year 1, spring 3, Wednesday,32226,16.7
frame,lgw,Year 1, spring 3, Wednesday,32227,16.8
frame,lgw,Year 1, spring 3, Wednesday,32228,16.7
frame,lgw,Year 1, spring 3, Wednesday,32229,16.6
frame,lgw,Year 1, spring 3, Wednesday,32230,16.7
frame,lgw,Year 1, spring 3, Wednesday,32231,16.8
frame,lgw,Year 1, spring 3, Wednesday,32232,16.6
frame,lgw,Year 1, spring 3, Wednesday,32233,16.7
frame,lgw,Year 1, spring 3, Wednesday,32234,16.6
frame,lgw,Year 1, spring 3, Wednesday,32235,16.6
frame,lgw,Year 1, spring 3, Wednesday,32236,16.8
frame,lgw,Year 1, spring 3, Wednesday,32237,16.6
frame,lgw,Year 1, spring 3, Wednesday,32238,16.6
frame,lgw,Year 1, spring 3, Wednesday,32239,16.7
frame,lgw,Year 1, spring 3, Wednesday,32240,16.7
frame,lgw,Year 1, spring 3, Wednesday,32241,16.7
frame,lgw,Year 1, spring 3, Wednesday,32242,19.0
frame,lgw,Year 1, spring 3, Wednesday,32243,14.4
frame,lgw,Year 1, spring 3, Wednesday,32244,16.6
frame,lgw,Year 1, spring 3, Wednesday,32245,16.7
frame,lgw,Year 1, spring 3, Wednesday,32246,16.7
frame,lgw,Year 1, spring 3, Wednesday,32247,16.7
frame,lgw,Year 1, spring 3, Wednesday,32248,16.7
frame,lgw,Year 1, spring 3, Wednesday,32249,16.8
frame,lgw,Year 1, spring 3, Wednesday,32250,16.5
frame,lgw,Year 1, spring 3, Wednesday,32251,16.7
frame,lgw,Year 1, spring 3, Wednesday,32252,16.6
frame,lgw,Year 1, spring 3, Wednesday,32253,16.7
frame,lgw,Year 1, spring 3, Wednesday,32254,16.7
frame,lgw,Year 1, spring 3, Wednesday,32255,16.6
frame,lgw,Year 1, spring 3, Wednesday,32256,16.8
frame,lgw,Year 1, spring 3, Wednesday,32257,16.7
frame,lgw,Year 1, spring 3, Wednesday,32258,16.6
frame,lgw,Year 1, spring 3, Wednesday,32259,16.6
frame,lgw,Year 1, spring 3, Wednesday,32260,16.7
frame,lgw,Year 1, spring 3, Wednesday,32261,16.8
frame,lgw,Year 1, spring 3, Wednesday,32262,16.5
frame,lgw,Year 1, spring 3, Wednesday,32263,16.7
frame,lgw,Year 1, spring 3, Wednesday,32264,16.6
frame,lgw,Year 1, spring 3, Wednesday,32265,16.7
frame,lgw,Year 1, spring 3, Wednesday,32266,16.7
frame,lgw,Year 1, spring 3, Wednesday,32267,16.6
frame,lgw,Year 1, spring 3, Wednesday,32268,17.1
frame,lgw,Year 1, spring 3, Wednesday,32269,16.3
frame,lgw,Year 1, spring 3, Wednesday,32270,16.7
frame,lgw,Year 1, spring 3, Wednesday,32271,16.6
frame,lgw,Year 1, spring 3, Wednesday,32272,16.7
frame,lgw,Year 1, spring 3, Wednesday,32273,16.7
frame,lgw,Year 1, spring 3, Wednesday,32274,16.7
frame,lgw,Year 1, spring 3, Wednesday,32275,16.6
frame,lgw,Year 1, spring 3, Wednesday,32276,16.7
frame,lgw,Year 1, spring 3, Wednesday,32277,16.7
frame,lgw,Year 1, spring 3, Wednesday,32278,16.6
frame,lgw,Year 1, spring 3, Wednesday,32279,16.7
frame,lgw,Year 1, spring 3, Wednesday,32280,16.7
frame,lgw,Year 1, spring 3, Wednesday,32281,16.9
frame,lgw,Year 1, spring 3, Wednesday,32282,16.5
frame,lgw,Year 1, spring 3, Wednesday,32283,16.6
frame,lgw,Year 1, spring 3, Wednesday,32284,16.7
frame,lgw,Year 1, spring 3, Wednesday,32285,16.7
frame,lgw,Year 1, spring 3, Wednesday,32286,16.7
frame,lgw,Year 1, spring 3, Wednesday,32287,16.7
frame,lgw,Year 1, spring 3, Wednesday,32288,16.8
frame,lgw,Year 1, spring 3, Wednesday,32289,16.8
frame,lgw,Year 1, spring 3, Wednesday,32290,16.5
frame,lgw,Year 1, spring 3, Wednesday,32291,16.6
frame,lgw,Year 1, spring 3, Wednesday,32292,16.7
frame,lgw,Year 1, spring 3, Wednesday,32293,16.6
frame,lgw,Year 1, spring 3, Wednesday,32294,16.7
frame,lgw,Year 1, spring 3, Wednesday,32295,16.6
frame,lgw,Year 1, spring 3, Wednesday,32296,16.7
frame,lgw,Year 1, spring 3, Wednesday,32297,16.7
frame,lgw,Year 1, spring 3, Wednesday,32298,16.7
frame,lgw,Year 1, spring 3, Wednesday,32299,16.7
frame,lgw,Year 1, spring 3, Wednesday,32300,16.7
frame,lgw,Year 1, spring 3, Wednesday,32301,16.6
frame,lgw,Year 1, spring 3, Wednesday,32302,16.6
frame,lgw,Year 1, spring 3, Wednesday,32303,16.7
frame,lgw,Year 1, spring 3, Wednesday,32304,16.7
frame,lgw,Year 1, spring 3, Wednesday,32305,16.7
frame,lgw,Year 1, spring 3, Wednesday,32306,16.7
frame,lgw,Year 1, spring 3, Wednesday,32307,16.6
frame,lgw,Year 1, spring 3, Wednesday,32308,16.6
frame,lgw,Year 1, spring 3, Wednesday,32309,16.7
frame,lgw,Year 1, spring 3, Wednesday,32310,16.7
frame,lgw,Year 1, spring 3, Wednesday,32311,16.6
frame,lgw,Year 1, spring 3, Wednesday,32312,17.1
frame,lgw,Year 1, spring 3, Wednesday,32313,16.4
frame,lgw,Year 1, spring 3, Wednesday,32314,16.6
frame,lgw,Year 1, spring 3, Wednesday,32315,17.3
frame,lgw,Year 1, spring 3, Wednesday,32316,16.0
switch,lgw,Year 1, spring 4, Thursday,600,132.3
switch,lgw,Year 1, spring 4, Thursday,610,17.2
switch,lgw,Year 1, spring 4, Thursday,620,16.8
switch,lgw,Year 1, spring 4, Thursday,630,17.5
switch,lgw,Year 1, spring 4, Thursday,640,17.1
switchdetail,lgw,Year 1, spring 4, Thursday,740,0,0.0
switchdetail,lgw,Year 1, spring 4, Thursday,600,0,0.0
switchdetail,lgw,Year 1, spring 4, Thursday,610,0,0.0
switchdetail,lgw,Year 1, spring 4, Thursday,620,0,0.0
switchdetail,lgw,Year 1, spring 4, Thursday,630,0,0.0
lag,lgw,Year 1, spring 4, Thursday,32319,132.3
lag,lgw,Year 1, spring 4, Thursday,32320,2040.3
frame,lgw,Year 1, spring 4, Thursday,35389,16.7
frame,lgw,Year 1, spring 4, Thursday,35390,16.6
frame,lgw,Year 1, spring 4, Thursday,35391,16.7
frame,lgw,Year 1, spring 4, Thursday,35392,16.7
frame,lgw,Year 1, spring 4, Thursday,35393,16.6
frame,lgw,Year 1, spring 4, Thursday,35394,16.6
frame,lgw,Year 1, spring 4, Thursday,35395,16.7
frame,lgw,Year 1, spring 4, Thursday,35396,17.3
frame,lgw,Year 1, spring 4, Thursday,35397,16.0
frame,lgw,Year 1, spring 4, Thursday,35398,16.8
frame,lgw,Year 1, spring 4, Thursday,35399,16.5
frame,lgw,Year 1, spring 4, Thursday,35400,16.7
frame,lgw,Year 1, spring 4, Thursday,35401,17.1
frame,lgw,Year 1, spring 4, Thursday,35402,16.2
frame,lgw,Year 1, spring 4, Thursday,35403,16.6
frame,lgw,Year 1, spring 4, Thursday,35404,17.2
frame,lgw,Year 1, spring 4, Thursday,35405,16.2
frame,lgw,Year 1, spring 4, Thursday,35406,16.6
frame,lgw,Year 1, spring 4, Thursday,35407,16.7
frame,lgw,Year 1, spring 4, Thursday,35408,16.7
frame,lgw,Year 1, spring 4, Thursday,35409,16.6
frame,lgw,Year 1, spring 4, Thursday,35410,16.7
frame,lgw,Year 1, spring 4, Thursday,35411,16.7
frame,lgw,Year 1, spring 4, Thursday,35412,16.7
frame,lgw,Year 1, spring 4, Thursday,35413,16.6
frame,lgw,Year 1, spring 4, Thursday,35414,16.7
frame,lgw,Year 1, spring 4, Thursday,35415,16.6
frame,lgw,Year 1, spring 4, Thursday,35416,16.8
frame,lgw,Year 1, spring 4, Thursday,35417,16.6
frame,lgw,Year 1, spring 4, Thursday,35418,16.6
frame,lgw,Year 1, spring 4, Thursday,35419,16.7
frame,lgw,Year 1, spring 4, Thursday,35420,16.6
frame,lgw,Year 1, spring 4, Thursday,35421,16.7
frame,lgw,Year 1, spring 4, Thursday,35422,16.8
frame,lgw,Year 1, spring 4, Thursday,35423,16.6
frame,lgw,Year 1, spring 4, Thursday,35424,17.0
frame,lgw,Year 1, spring 4, Thursday,35425,16.3
frame,lgw,Year 1, spring 4, Thursday,35426,16.7
frame,lgw,Year 1, spring 4, Thursday,35427,16.6
frame,lgw,Year 1, spring 4, Thursday,35428,16.7
frame,lgw,Year 1, spring 4, Thursday,35429,16.7
frame,lgw,Year 1, spring 4, Thursday,35430,16.6
frame,lgw,Year 1, spring 4, Thursday,35431,16.6
frame,lgw,Year 1, spring 4, Thursday,35432,16.7
frame,lgw,Year 1, spring 4, Thursday,35433,16.8
frame,lgw,Year 1, spring 4, Thursday,35434,16.6
frame,lgw,Year 1, spring 4, Thursday,35435,16.6
frame,lgw,Year 1, spring 4, Thursday,35436,16.6
frame,lgw,Year 1, spring 4, Thursday,35437,16.7
frame,lgw,Year 1, spring 4, Thursday,35438,16.6
frame,lgw,Year 1, spring 4, Thursday,35439,17.3
frame,lgw,Year 1, spring 4, Thursday,35440,16.0
frame,lgw,Year 1, spring 4, Thursday,35441,16.8
frame,lgw,Year 1, spring 4, Thursday,35442,16.6
frame,lgw,Year 1, spring 4, Thursday,35443,16.6
frame,lgw,Year 1, spring 4, Thursday,35444,16.7
frame,lgw,Year 1, spring 4, Thursday,35445,16.7
frame,lgw,Year 1, spring 4, Thursday,35446,16.6
frame,lgw,Year 1, spring 4, Thursday,35447,16.7
frame,lgw,Year 1, spring 4, Thursday,35448,16.5
frame,lgw,Year 1, spring 4, Thursday,35449,16.7
frame,lgw,Year 1, spring 4, Thursday,35450,16.8
frame,lgw,Year 1, spring 4, Thursday,35451,16.6
frame,lgw,Year 1, spring 4, Thursday,35452,16.7
frame,lgw,Year 1, spring 4, Thursday,35453,16.7
frame,lgw,Year 1, spring 4, Thursday,35454,16.6
frame,lgw,Year 1, spring 4, Thursday,35455,16.7
frame,lgw,Year 1, spring 4, Thursday,35456,16.7
frame,lgw,Year 1, spring 4, Thursday,35457,16.7
frame,lgw,Year 1, spring 4, Thursday,35458,16.7
frame,lgw,Year 1, spring 4, Thursday,35459,16.7
frame,lgw,Year 1, spring 4, Thursday,35460,16.6
frame,lgw,Year 1, spring 4, Thursday,35461,16.7
frame,lgw,Year 1, spring 4, Thursday,35462,16.8
frame,lgw,Year 1, spring 4, Thursday,35463,16.6
frame,lgw,Year 1, spring 4, Thursday,35464,16.5
frame,lgw,Year 1, spring 4, Thursday,35465,16.8
frame,lgw,Year 1, spring 4, Thursday,35466,16.6
frame,lgw,Year 1, spring 4, Thursday,35467,16.6
frame,lgw,Year 1, spring 4, Thursday,35468,16.9
frame,lgw,Year 1, spring 4, Thursday,35469,16.4
frame,lgw,Year 1, spring 4, Thursday,35470,16.7
frame,lgw,Year 1, spring 4, Thursday,35471,16.7
frame,lgw,Year 1, spring 4, Thursday,35472,16.6
frame,lgw,Year 1, spring 4, Thursday,35473,16.7
frame,lgw,Year 1, spring 4, Thursday,35474,16.7
frame,lgw,Year 1, spring 4, Thursday,35475,16.8
frame,lgw,Year 1, spring 4, Thursday,35476,16.5
frame,lgw,Year 1, spring 4, Thursday,35477,16.8
frame,lgw,Year 1, spring 4, Thursday,35478,16.6
frame,lgw,Year 1, spring 4, Thursday,35479,16.8
frame,lgw,Year 1, spring 4, Thursday,35480,16.5
frame,lgw,Year 1, spring 4, Thursday,35481,16.6
frame,lgw,Year 1, spring 4, Thursday,35482,16.8
frame,lgw,Year 1, spring 4, Thursday,35483,16.6
frame,lgw,Year 1, spring 4, Thursday,35484,16.6
frame,lgw,Year 1, spring 4, Thursday,35485,16.7
frame,lgw,Year 1, spring 4, Thursday,35486,16.7
frame,lgw,Year 1, spring 4, Thursday,35487,16.7
frame,lgw,Year 1, spring 4, Thursday,35488,16.8
frame,lgw,Year 1, spring 4, Thursday,35489,16.7
frame,lgw,Year 1, spring 4, Thursday,35490,16.6
frame,lgw,Year 1, spring 4, Thursday,35491,16.7
frame,lgw,Year 1, spring 4, Thursday,35492,17.1
frame,lgw,Year 1, spring 4, Thursday,35493,16.2
frame,lgw,Year 1, spring 4, Thursday,35494,16.7
frame,lgw,Year 1, spring 4, Thursday,35495,16.7
frame,lgw,Year 1, spring 4, Thursday,35496,16.5
frame,lgw,Year 1, spring 4, Thursday,35497,16.7
frame,lgw,Year 1, spring 4, Thursday,35498,16.7
frame,lgw,Year 1, spring 4, Thursday,35499,16.6
frame,lgw,Year 1, spring 4, Thursday,35500,16.7
frame,lgw,Year 1, spring 4, Thursday,35501,16.7
frame,lgw,Year 1, spring 4, Thursday,35502,16.6
frame,lgw,Year 1, spring 4, Thursday,35503,16.7
frame,lgw,Year 1, spring 4, Thursday,35504,16.7
frame,lgw,Year 1, spring 4, Thursday,35505,16.6
frame,lgw,Year 1, spring 4, Thursday,35506,17.2
frame,lgw,Year 1, spring 4, Thursday,35507,16.1
frame,lgw,Year 1, spring 4, Thursday,35508,16.6
frame,lgw,Year 1, spring 4, Thursday,35509,16.7
frame,lgw,Year 1, spring 4, Thursday,35510,16.6
frame,lgw,Year 1, spring 4, Thursday,35511,16.7
frame,lgw,Year 1, spring 4, Thursday,35512,16.7
frame,lgw,Year 1, spring 4, Thursday,35513,16.7
frame,lgw,Year 1, spring 4, Thursday,35514,16.6
frame,lgw,Year 1, spring 4, Thursday,35515,16.6
frame,lgw,Year 1, spring 4, Thursday,35516,16.8
frame,lgw,Year 1, spring 4, Thursday,35517,16.6
frame,lgw,Year 1, spring 4, Thursday,35518,16.6
frame,lgw,Year 1, spring 4, Thursday,35519,16.7
frame,lgw,Year 1, spring 4, Thursday,35520,16.6
frame,lgw,Year 1, spring 4, Thursday,35521,16.7
frame,lgw,Year 1, spring 4, Thursday,35522,16.7
frame,lgw,Year 1, spring 4, Thursday,35523,16.7
frame,lgw,Year 1, spring 4, Thursday,35524,16.6
frame,lgw,Year 1, spring 4, Thursday,35525,16.7
frame,lgw,Year 1, spring 4, Thursday,35526,16.7
frame,lgw,Year 1, spring 4, Thursday,35527,16.6
frame,lgw,Year 1, spring 4, Thursday,35528,16.7
frame,lgw,Year 1, spring 4, Thursday,35529,16.7
frame,lgw,Year 1, spring 4, Thursday,35530,16.7
frame,lgw,Year 1, spring 4, Thursday,35531,16.7
frame,lgw,Year 1, spring 4, Thursday,35532,16.6
frame,lgw,Year 1, spring 4, Thursday,35533,16.7
frame,lgw,Year 1, spring 4, Thursday,35534,16.7
frame,lgw,Year 1, spring 4, Thursday,35535,16.7
frame,lgw,Year 1, spring 4, Thursday,35536,16.7
frame,lgw,Year 1, spring 4, Thursday,35537,16.7
frame,lgw,Year 1, spring 4, Thursday,35538,16.6
frame,lgw,Year 1, spring 4, Thursday,35539,16.6
frame,lgw,Year 1, spring 4, Thursday,35540,16.7
frame,lgw,Year 1, spring 4, Thursday,35541,16.8
frame,lgw,Year 1, spring 4, Thursday,35542,16.7
frame,lgw,Year 1, spring 4, Thursday,35543,16.7
frame,lgw,Year 1, spring 4, Thursday,35544,16.6
frame,lgw,Year 1, spring 4, Thursday,35545,16.7
frame,lgw,Year 1, spring 4, Thursday,35546,16.6
frame,lgw,Year 1, spring 4, Thursday,35547,16.6
frame,lgw,Year 1, spring 4, Thursday,35548,16.7
frame,lgw,Year 1, spring 4, Thursday,35549,16.7
frame,lgw,Year 1, spring 4, Thursday,35550,16.6
frame,lgw,Year 1, spring 4, Thursday,35551,16.7
frame,lgw,Year 1, spring 4, Thursday,35552,16.7
frame,lgw,Year 1, spring 4, Thursday,35553,16.7
frame,lgw,Year 1, spring 4, Thursday,35554,16.7
frame,lgw,Year 1, spring 4, Thursday,35555,16.6
frame,lgw,Year 1, spring 4, Thursday,35556,16.8
frame,lgw,Year 1, spring 4, Thursday,35557,16.6
frame,lgw,Year 1, spring 4, Thursday,35558,16.9
frame,lgw,Year 1, spring 4, Thursday,35559,16.5
frame,lgw,Year 1, spring 4, Thursday,35560,17.5
frame,lgw,Year 1, spring 4, Thursday,35561,15.9
frame,lgw,Year 1, spring 4, Thursday,35562,16.6
frame,lgw,Year 1, spring 4, Thursday,35563,16.6
frame,lgw,Year 1, spring 4, Thursday,35564,16.7
frame,lgw,Year 1, spring 4, Thursday,35565,16.8
frame,lgw,Year 1, spring 4, Thursday,35566,16.7
frame,lgw,Year 1, spring 4, Thursday,35567,16.8
frame,lgw,Year 1, spring 4, Thursday,35568,16.6
frame,lgw,Year 1, spring 4, Thursday,35569,16.5
frame,lgw,Year 1, spring 4, Thursday,35570,16.7
frame,lgw,Year 1, spring 4, Thursday,35571,16.6
frame,lgw,Year 1, spring 4, Thursday,35572,16.6
frame,lgw,Year 1, spring 4, Thursday,35573,16.7
frame,lgw,Year 1, spring 4, Thursday,35574,16.6
frame,lgw,Year 1, spring 4, Thursday,35575,16.8
frame,lgw,Year 1, spring 4, Thursday,35576,16.6
frame,lgw,Year 1, spring 4, Thursday,35577,16.6
frame,lgw,Year 1, spring 4, Thursday,35578,16.7
frame,lgw,Year 1, spring 4, Thursday,35579,16.8
frame,lgw,Year 1, spring 4, Thursday,35580,16.7
frame,lgw,Year 1, spring 4, Thursday,35581,16.5
frame,lgw,Year 1, spring 4, Thursday,35582,16.7
frame,lgw,Year 1, spring 4, Thursday,35583,18.6
frame,lgw,Year 1, spring 4, Thursday,35584,15.0
frame,lgw,Year 1, spring 4, Thursday,35585,16.5
frame,lgw,Year 1, spring 4, Thursday,35586,16.7
frame,lgw,Year 1, spring 4, Thursday,35587,16.6
frame,lgw,Year 1, spring 4, Thursday,35588,16.7
frame,lgw,Year 1, spring 4, Thursday,35589,16.7
frame,lgw,Year 1, spring 4, Thursday,35590,16.7
frame,lgw,Year 1, spring 4, Thursday,35591,16.6
frame,lgw,Year 1, spring 4, Thursday,35592,17.0
frame,lgw,Year 1, spring 4, Thursday,35593,17.2
frame,lgw,Year 1, spring 4, Thursday,35594,16.0
frame,lgw,Year 1, spring 4, Thursday,35595,16.5
frame,lgw,Year 1, spring 4, Thursday,35596,16.7
frame,lgw,Year 1, spring 4, Thursday,35597,16.6
frame,lgw,Year 1, spring 4, Thursday,35598,16.6
frame,lgw,Year 1, spring 4, Thursday,35599,16.7
frame,lgw,Year 1, spring 4, Thursday,35600,16.7
frame,lgw,Year 1, spring 4, Thursday,35601,16.7
frame,lgw,Year 1, spring 4, Thursday,35602,16.7
frame,lgw,Year 1, spring 4, Thursday,35603,17.2
frame,lgw,Year 1, spring 4, Thursday,35604,16.2
frame,lgw,Year 1, spring 4, Thursday,35605,16.7
frame,lgw,Year 1, spring 4, Thursday,35606,16.6
frame,lgw,Year 1, spring 4, Thursday,35607,16.6
frame,lgw,Year 1, spring 4, Thursday,35608,16.7
frame,lgw,Year 1, spring 4, Thursday,35609,16.7
frame,lgw,Year 1, spring 4, Thursday,35610,16.6
frame,lgw,Year 1, spring 4, Thursday,35611,16.8
frame,lgw,Year 1, spring 4, Thursday,35612,16.4
frame,lgw,Year 1, spring 4, Thursday,35613,16.6
frame,lgw,Year 1, spring 4, Thursday,35614,16.6
frame,lgw,Year 1, spring 4, Thursday,35615,17.8
frame,lgw,Year 1, spring 4, Thursday,35616,15.6
frame,lgw,Year 1, spring 4, Thursday,35617,16.7
frame,lgw,Year 1, spring 4, Thursday,35618,16.9
frame,lgw,Year 1, spring 4, Thursday,35619,16.4
frame,lgw,Year 1, spring 4, Thursday,35620,16.6
frame,lgw,Year 1, spring 4, Thursday,35621,16.7
frame,lgw,Year 1, spring 4, Thursday,35622,16.7
frame,lgw,Year 1, spring 4, Thursday,35623,16.7
frame,lgw,Year 1, spring 4, Thursday,35624,17.0
frame,lgw,Year 1, spring 4, Thursday,35625,16.4
frame,lgw,Year 1, spring 4, Thursday,35626,16.6
frame,lgw,Year 1, spring 4, Thursday,35627,16.7
frame,lgw,Year 1, spring 4, Thursday,35628,16.6
frame,lgw,Year 1, spring 4, Thursday,35629,16.7
frame,lgw,Year 1, spring 4, Thursday,35630,16.9
frame,lgw,Year 1, spring 4, Thursday,35631,16.5
frame,lgw,Year 1, spring 4, Thursday,35632,16.7
frame,lgw,Year 1, spring 4, Thursday,35633,16.7
frame,lgw,Year 1, spring 4, Thursday,35634,17.1
frame,lgw,Year 1, spring 4, Thursday,35635,16.1
frame,lgw,Year 1, spring 4, Thursday,35636,16.7
frame,lgw,Year 1, spring 4, Thursday,35637,16.6
frame,lgw,Year 1, spring 4, Thursday,35638,16.7
frame,lgw,Year 1, spring 4, Thursday,35639,16.7
frame,lgw,Year 1, spring 4, Thursday,35640,16.7
frame,lgw,Year 1, spring 4, Thursday,35641,16.6
frame,lgw,Year 1, spring 4, Thursday,35642,16.9
frame,lgw,Year 1, spring 4, Thursday,35643,16.4
frame,lgw,Year 1, spring 4, Thursday,35644,16.7
frame,lgw,Year 1, spring 4, Thursday,35645,16.7
frame,lgw,Year 1, spring 4, Thursday,35646,16.7
frame,lgw,Year 1, spring 4, Thursday,35647,16.7
frame,lgw,Year 1, spring 4, Thursday,35648,16.6
frame,lgw,Year 1, spring 4, Thursday,35649,16.7
frame,lgw,Year 1, spring 4, Thursday,35650,16.7
frame,lgw,Year 1, spring 4, Thursday,35651,16.6
frame,lgw,Year 1, spring 4, Thursday,35652,16.7
frame,lgw,Year 1, spring 4, Thursday,35653,16.6
frame,lgw,Year 1, spring 4, Thursday,35654,16.8
frame,lgw,Year 1, spring 4, Thursday,35655,16.5
frame,lgw,Year 1, spring 4, Thursday,35656,16.6
frame,lgw,Year 1, spring 4, Thursday,35657,16.9
frame,lgw,Year 1, spring 4, Thursday,35658,16.5
frame,lgw,Year 1, spring 4, Thursday,35659,16.7
frame,lgw,Year 1, spring 4, Thursday,35660,17.0
frame,lgw,Year 1, spring 4, Thursday,35661,16.3
frame,lgw,Year 1, spring 4, Thursday,35662,16.8
frame,lgw,Year 1, spring 4, Thursday,35663,16.7
frame,lgw,Year 1, spring 4, Thursday,35664,16.5
frame,lgw,Year 1, spring 4, Thursday,35665,16.6
frame,lgw,Year 1, spring 4, Thursday,35666,17.0
frame,lgw,Year 1, spring 4, Thursday,35667,16.7
frame,lgw,Year 1, spring 4, Thursday,35668,16.3
frame,lgw,Year 1, spring 4, Thursday,35669,16.7
frame,lgw,Year 1, spring 4, Thursday,35670,16.6
frame,lgw,Year 1, spring 4, Thursday,35671,16.7
frame,lgw,Year 1, spring 4, Thursday,35672,16.6
frame,lgw,Year 1, spring 4, Thursday,35673,16.7
frame,lgw,Year 1, spring 4, Thursday,35674,16.7
frame,lgw,Year 1, spring 4, Thursday,35675,16.6
frame,lgw,Year 1, spring 4, Thursday,35676,16.7
frame,lgw,Year 1, spring 4, Thursday,35677,16.7
frame,lgw,Year 1, spring 4, Thursday,35678,16.6
frame,lgw,Year 1, spring 4, Thursday,35679,16.7
frame,lgw,Year 1, spring 4, Thursday,35680,16.7
frame,lgw,Year 1, spring 4, Thursday,35681,16.9
frame,lgw,Year 1, spring 4, Thursday,35682,16.5
frame,lgw,Year 1, spring 4, Thursday,35683,16.6
frame,lgw,Year 1, spring 4, Thursday,35684,17.4
frame,lgw,Year 1, spring 4, Thursday,35685,16.1
frame,lgw,Year 1, spring 4, Thursday,35686,16.7
frame,lgw,Year 1, spring 4, Thursday,35687,16.6
frame,lgw,Year 1, spring 4, Thursday,35688,16.6
frame,lgw,Year 1, spring 4, Thursday,35689,16.8
frame,lgw,Year 1, spring 4, Thursday,35690,16.6
frame,lgw,Year 1, spring 4, Thursday,35691,16.6
frame,lgw,Year 1, spring 4, Thursday,35692,16.9
frame,lgw,Year 1, spring 4, Thursday,35693,18.7
frame,lgw,Year 1, spring 4, Thursday,35694,14.6
frame,lgw,Year 1, spring 4, Thursday,35695,17.1
frame,lgw,Year 1, spring 4, Thursday,35696,16.3
frame,lgw,Year 1, spring 4, Thursday,35697,16.5
frame,lgw,Year 1, spring 4, Thursday,35698,16.7
frame,lgw,Year 1, spring 4, Thursday,35699,16.6
frame,lgw,Year 1, spring 4, Thursday,35700,16.7
frame,lgw,Year 1, spring 4, Thursday,35701,16.8
frame,lgw,Year 1, spring 4, Thursday,35702,16.7
frame,lgw,Year 1, spring 4, Thursday,35703,16.6
frame,lgw,Year 1, spring 4, Thursday,35704,16.7
frame,lgw,Year 1, spring 4, Thursday,35705,16.7
frame,lgw,Year 1, spring 4, Thursday,35706,16.7
frame,lgw,Year 1, spring 4, Thursday,35707,16.9
frame,lgw,Year 1, spring 4, Thursday,35708,16.5
frame,lgw,Year 1, spring 4, Thursday,35709,16.7
frame,lgw,Year 1, spring 4, Thursday,35710,16.6
frame,lgw,Year 1, spring 4, Thursday,35711,16.7
frame,lgw,Year 1, spring 4, Thursday,35712,16.7
frame,lgw,Year 1, spring 4, Thursday,35713,16.7
frame,lgw,Year 1, spring 4, Thursday,35714,16.7
frame,lgw,Year 1, spring 4, Thursday,35715,16.6
frame,lgw,Year 1, spring 4, Thursday,35716,16.7
frame,lgw,Year 1, spring 4, Thursday,35717,16.8
frame,lgw,Year 1, spring 4, Thursday,35718,16.5
frame,lgw,Year 1, spring 4, Thursday,35719,16.7
frame,lgw,Year 1, spring 4, Thursday,35720,16.6
frame,lgw,Year 1, spring 4, Thursday,35721,16.7
frame,lgw,Year 1, spring 4, Thursday,35722,16.6
frame,lgw,Year 1, spring 4, Thursday,35723,16.8
frame,lgw,Year 1, spring 4, Thursday,35724,16.7
frame,lgw,Year 1, spring 4, Thursday,35725,16.7
frame,lgw,Year 1, spring 4, Thursday,35726,16.7
frame,lgw,Year 1, spring 4, Thursday,35727,16.6
frame,lgw,Year 1, spring 4, Thursday,35728,16.9
frame,lgw,Year 1, spring 4, Thursday,35729,16.4
frame,lgw,Year 1, spring 4, Thursday,35730,16.6
frame,lgw,Year 1, spring 4, Thursday,35731,16.7
frame,lgw,Year 1, spring 4, Thursday,35732,16.7
frame,lgw,Year 1, spring 4, Thursday,35733,16.6
frame,lgw,Year 1, spring 4, Thursday,35734,16.7
frame,lgw,Year 1, spring 4, Thursday,35735,16.6
frame,lgw,Year 1, spring 4, Thursday,35736,16.5
frame,lgw,Year 1, spring 4, Thursday,35737,16.7
frame,lgw,Year 1, spring 4, Thursday,35738,16.6
frame,lgw,Year 1, spring 4, Thursday,35739,16.7
frame,lgw,Year 1, spring 4, Thursday,35740,16.7
frame,lgw,Year 1, spring 4, Thursday,35741,16.7
frame,lgw,Year 1, spring 4, Thursday,35742,16.8
frame,lgw,Year 1, spring 4, Thursday,35743,16.6
frame,lgw,Year 1, spring 4, Thursday,35744,16.6
frame,lgw,Year 1, spring 4, Thursday,35745,16.7
frame,lgw,Year 1, spring 4, Thursday,35746,16.7
frame,lgw,Year 1, spring 4, Thursday,35747,16.6
frame,lgw,Year 1, spring 4, Thursday,35748,16.7
frame,lgw,Year 1, spring 4, Thursday,35749,16.6
frame,lgw,Year 1, spring 4, Thursday,35750,16.6
frame,lgw,Year 1, spring 4, Thursday,35751,16.7
frame,lgw,Year 1, spring 4, Thursday,35752,16.7
frame,lgw,Year 1, spring 4, Thursday,35753,16.7
frame,lgw,Year 1, spring 4, Thursday,35754,16.6
frame,lgw,Year 1, spring 4, Thursday,35755,16.7
frame,lgw,Year 1, spring 4, Thursday,35756,16.7
frame,lgw,Year 1, spring 4, Thursday,35757,16.7
frame,lgw,Year 1, spring 4, Thursday,35758,16.7
frame,lgw,Year 1, spring 4, Thursday,35759,16.7
frame,lgw,Year 1, spring 4, Thursday,35760,16.7
frame,lgw,Year 1, spring 4, Thursday,35761,16.8
frame,lgw,Year 1, spring 4, Thursday,35762,16.7
frame,lgw,Year 1, spring 4, Thursday,35763,16.5
frame,lgw,Year 1, spring 4, Thursday,35764,16.6
frame,lgw,Year 1, spring 4, Thursday,35765,16.7
frame,lgw,Year 1, spring 4, Thursday,35766,16.6
frame,lgw,Year 1, spring 4, Thursday,35767,16.8
frame,lgw,Year 1, spring 4, Thursday,35768,16.6
frame,lgw,Year 1, spring 4, Thursday,35769,16.6
frame,lgw,Year 1, spring 4, Thursday,35770,16.7
frame,lgw,Year 1, spring 4, Thursday,35771,18.4
frame,lgw,Year 1, spring 4, Thursday,35772,18.1
frame,lgw,Year 1, spring 4, Thursday,35773,14.7
frame,lgw,Year 1, spring 4, Thursday,35774,18.0
frame,lgw,Year 1, spring 4, Thursday,35775,15.1
frame,lgw,Year 1, spring 4, Thursday,35776,17.1
frame,lgw,Year 1, spring 4, Thursday,35777,16.4
frame,lgw,Year 1, spring 4, Thursday,35778,17.2
frame,lgw,Year 1, spring 4, Thursday,35779,15.8
frame,lgw,Year 1, spring 4, Thursday,35780,17.4
frame,lgw,Year 1, spring 4, Thursday,35781,16.3
frame,lgw,Year 1, spring 4, Thursday,35782,16.4
frame,lgw,Year 1, spring 4, Thursday,35783,16.6
frame,lgw,Year 1, spring 4, Thursday,35784,19.6
frame,lgw,Year 1, spring 4, Thursday,35785,15.7
frame,lgw,Year 1, spring 4, Thursday,35786,14.7
frame,lgw,Year 1, spring 4, Thursday,35787,17.7
frame,lgw,Year 1, spring 4, Thursday,35788,16.1
frame,lgw,Year 1, spring 4, Thursday,35789,16.2
frame,lgw,Year 1, spring 4, Thursday,35790,16.9
frame,lgw,Year 1, spring 4, Thursday,35791,16.6
frame,lgw,Year 1, spring 4, Thursday,35792,16.7
frame,lgw,Year 1, spring 4, Thursday,35793,16.6
frame,lgw,Year 1, spring 4, Thursday,35794,17.5
frame,lgw,Year 1, spring 4, Thursday,35795,15.8
frame,lgw,Year 1, spring 4, Thursday,35796,16.4
frame,lgw,Year 1, spring 4, Thursday,35797,17.1
frame,lgw,Year 1, spring 4, Thursday,35798,18.5
frame,lgw,Year 1, spring 4, Thursday,35799,15.6
frame,lgw,Year 1, spring 4, Thursday,35800,15.8
frame,lgw,Year 1, spring 4, Thursday,35801,17.0
frame,lgw,Year 1, spring 4, Thursday,35802,16.1
frame,lgw,Year 1, spring 4, Thursday,35803,16.7
frame,lgw,Year 1, spring 4, Thursday,35804,17.1
frame,lgw,Year 1, spring 4, Thursday,35805,16.0
frame,lgw,Year 1, spring 4, Thursday,35806,17.6
frame,lgw,Year 1, spring 4, Thursday,35807,15.8
frame,lgw,Year 1, spring 4, Thursday,35808,16.9
frame,lgw,Year 1, spring 4, Thursday,35809,16.6
frame,lgw,Year 1, spring 4, Thursday,35810,16.6
frame,lgw,Year 1, spring 4, Thursday,35811,18.6
frame,lgw,Year 1, spring 4, Thursday,35812,14.8
frame,lgw,Year 1, spring 4, Thursday,35813,16.9
frame,lgw,Year 1, spring 4, Thursday,35814,17.9
frame,lgw,Year 1, spring 4, Thursday,35815,15.4
frame,lgw,Year 1, spring 4, Thursday,35816,17.3
frame,lgw,Year 1, spring 4, Thursday,35817,15.9
frame,lgw,Year 1, spring 4, Thursday,35818,17.1
frame,lgw,Year 1, spring 4, Thursday,35819,16.0
frame,lgw,Year 1, spring 4, Thursday,35820,17.6
frame,lgw,Year 1, spring 4, Thursday,35821,17.1
frame,lgw,Year 1, spring 4, Thursday,35822,16.4
frame,lgw,Year 1, spring 4, Thursday,35823,18.8
frame,lgw,Year 1, spring 4, Thursday,35824,15.0
frame,lgw,Year 1, spring 4, Thursday,35825,17.0
frame,lgw,Year 1, spring 4, Thursday,35826,14.9
frame,lgw,Year 1, spring 4, Thursday,35827,16.8
frame,lgw,Year 1, spring 4, Thursday,35828,17.2
frame,lgw,Year 1, spring 4, Thursday,35829,16.9
frame,lgw,Year 1, spring 4, Thursday,35830,16.1
frame,lgw,Year 1, spring 4, Thursday,35831,16.7
frame,lgw,Year 1, spring 4, Thursday,35832,17.4
frame,lgw,Year 1, spring 4, Thursday,35833,16.4
frame,lgw,Year 1, spring 4, Thursday,35834,16.1
frame,lgw,Year 1, spring 4, Thursday,35835,17.2
frame,lgw,Year 1, spring 4, Thursday,35836,16.5
frame,lgw,Year 1, spring 4, Thursday,35837,16.9
frame,lgw,Year 1, spring 4, Thursday,35838,17.8
frame,lgw,Year 1, spring 4, Thursday,35839,16.6
frame,lgw,Year 1, spring 4, Thursday,35840,15.1
frame,lgw,Year 1, spring 4, Thursday,35841,16.7
frame,lgw,Year 1, spring 4, Thursday,35842,17.4
frame,lgw,Year 1, spring 4, Thursday,35843,16.3
frame,lgw,Year 1, spring 4, Thursday,35844,17.4
frame,lgw,Year 1, spring 4, Thursday,35845,16.7
frame,lgw,Year 1, spring 4, Thursday,35846,16.1
frame,lgw,Year 1, spring 4, Thursday,35847,15.7
frame,lgw,Year 1, spring 4, Thursday,35848,17.1
frame,lgw,Year 1, spring 4, Thursday,35849,16.5
frame,lgw,Year 1, spring 4, Thursday,35850,17.4
frame,lgw,Year 1, spring 4, Thursday,35851,16.1
frame,lgw,Year 1, spring 4, Thursday,35852,20.6
frame,lgw,Year 1, spring 4, Thursday,35853,13.1
frame,lgw,Year 1, spring 4, Thursday,35854,16.8
frame,lgw,Year 1, spring 4, Thursday,35855,15.8
frame,lgw,Year 1, spring 4, Thursday,35856,16.7
frame,lgw,Year 1, spring 4, Thursday,35857,17.5
frame,lgw,Year 1, spring 4, Thursday,35858,16.0
frame,lgw,Year 1, spring 4, Thursday,35859,16.8
frame,lgw,Year 1, spring 4, Thursday,35860,17.4
frame,lgw,Year 1, spring 4, Thursday,35861,15.9
frame,lgw,Year 1, spring 4, Thursday,35862,16.7
frame,lgw,Year 1, spring 4, Thursday,35863,17.2
frame,lgw,Year 1, spring 4, Thursday,35864,15.9
frame,lgw,Year 1, spring 4, Thursday,35865,19.5
frame,lgw,Year 1, spring 4, Thursday,35866,13.9
frame,lgw,Year 1, spring 4, Thursday,35867,17.5
frame,lgw,Year 1, spring 4, Thursday,35868,15.8
frame,lgw,Year 1, spring 4, Thursday,35869,17.4
frame,lgw,Year 1, spring 4, Thursday,35870,16.2
frame,lgw,Year 1, spring 4, Thursday,35871,17.2
frame,lgw,Year 1, spring 4, Thursday,35872,15.9
frame,lgw,Year 1, spring 4, Thursday,35873,17.3
frame,lgw,Year 1, spring 4, Thursday,35874,15.9
frame,lgw,Year 1, spring 4, Thursday,35875,17.2
frame,lgw,Year 1, spring 4, Thursday,35876,16.6
frame,lgw,Year 1, spring 4, Thursday,35877,19.8
frame,lgw,Year 1, spring 4, Thursday,35878,14.4
frame,lgw,Year 1, spring 4, Thursday,35879,16.4
frame,lgw,Year 1, spring 4, Thursday,35880,15.4
frame,lgw,Year 1, spring 4, Thursday,35881,17.0
frame,lgw,Year 1, spring 4, Thursday,35882,17.1
frame,lgw,Year 1, spring 4, Thursday,35883,17.0
frame,lgw,Year 1, spring 4, Thursday,35884,16.5
frame,lgw,Year 1, spring 4, Thursday,35885,17.0
frame,lgw,Year 1, spring 4, Thursday,35886,15.8
frame,lgw,Year 1, spring 4, Thursday,35887,16.7
frame,lgw,Year 1, spring 4, Thursday,35888,17.5
frame,lgw,Year 1, spring 4, Thursday,35889,15.9
frame,lgw,Year 1, spring 4, Thursday,35890,21.3
frame,lgw,Year 1, spring 4, Thursday,35891,12.2
frame,lgw,Year 1, spring 4, Thursday,35892,16.6
frame,lgw,Year 1, spring 4, Thursday,35893,17.1
frame,lgw,Year 1, spring 4, Thursday,35894,16.1
frame,lgw,Year 1, spring 4, Thursday,35895,17.6
frame,lgw,Year 1, spring 4, Thursday,35896,15.4
frame,lgw,Year 1, spring 4, Thursday,35897,17.3
frame,lgw,Year 1, spring 4, Thursday,35898,16.1
frame,lgw,Year 1, spring 4, Thursday,35899,18.1
frame,lgw,Year 1, spring 4, Thursday,35900,15.0
frame,lgw,Year 1, spring 4, Thursday,35901,19.2
frame,lgw,Year 1, spring 4, Thursday,35902,14.9
frame,lgw,Year 1, spring 4, Thursday,35903,17.7
frame,lgw,Year 1, spring 4, Thursday,35904,15.0
frame,lgw,Year 1, spring 4, Thursday,35905,16.7
frame,lgw,Year 1, spring 4, Thursday,35906,17.2
frame,lgw,Year 1, spring 4, Thursday,35907,16.5
frame,lgw,Year 1, spring 4, Thursday,35908,16.4
frame,lgw,Year 1, spring 4, Thursday,35909,16.6
frame,lgw,Year 1, spring 4, Thursday,35910,16.8
frame,lgw,Year 1, spring 4, Thursday,35911,16.7
frame,lgw,Year 1, spring 4, Thursday,35912,17.2
frame,lgw,Year 1, spring 4, Thursday,35913,16.2
frame,lgw,Year 1, spring 4, Thursday,35914,17.0
frame,lgw,Year 1, spring 4, Thursday,35915,17.3
frame,lgw,Year 1, spring 4, Thursday,35916,17.2
frame,lgw,Year 1, spring 4, Thursday,35917,16.9
frame,lgw,Year 1, spring 4, Thursday,35918,14.5
frame,lgw,Year 1, spring 4, Thursday,35919,18.2
frame,lgw,Year 1, spring 4, Thursday,35920,15.4
frame,lgw,Year 1, spring 4, Thursday,35921,17.1
frame,lgw,Year 1, spring 4, Thursday,35922,17.1
frame,lgw,Year 1, spring 4, Thursday,35923,15.8
frame,lgw,Year 1, spring 4, Thursday,35924,16.2
frame,lgw,Year 1, spring 4, Thursday,35925,16.4
frame,lgw,Year 1, spring 4, Thursday,35926,16.6
frame,lgw,Year 1, spring 4, Thursday,35927,16.8
frame,lgw,Year 1, spring 4, Thursday,35928,16.7
frame,lgw,Year 1, spring 4, Thursday,35929,16.6
frame,lgw,Year 1, spring 4, Thursday,35930,16.8
frame,lgw,Year 1, spring 4, Thursday,35931,16.7
frame,lgw,Year 1, spring 4, Thursday,35932,16.7
frame,lgw,Year 1, spring 4, Thursday,35933,16.7
frame,lgw,Year 1, spring 4, Thursday,35934,16.5
frame,lgw,Year 1, spring 4, Thursday,35935,16.7
frame,lgw,Year 1, spring 4, Thursday,35936,16.7
frame,lgw,Year 1, spring 4, Thursday,35937,16.7
frame,lgw,Year 1, spring 4, Thursday,35938,16.6
frame,lgw,Year 1, spring 4, Thursday,35939,16.7
frame,lgw,Year 1, spring 4, Thursday,35940,16.7
frame,lgw,Year 1, spring 4, Thursday,35941,16.7
frame,lgw,Year 1, spring 4, Thursday,35942,16.8
frame,lgw,Year 1, spring 4, Thursday,35943,16.7
frame,lgw,Year 1, spring 4, Thursday,35944,16.5
frame,lgw,Year 1, spring 4, Thursday,35945,16.7
frame,lgw,Year 1, spring 4, Thursday,35946,16.6
frame,lgw,Year 1, spring 4, Thursday,35947,16.7
frame,lgw,Year 1, spring 4, Thursday,35948,16.8
frame,lgw,Year 1, spring 4, Thursday,35949,16.6
frame,lgw,Year 1, spring 4, Thursday,35950,16.6
frame,lgw,Year 1, spring 4, Thursday,35951,16.6
frame,lgw,Year 1, spring 4, Thursday,35952,16.7
frame,lgw,Year 1, spring 4, Thursday,35953,16.7
frame,lgw,Year 1, spring 4, Thursday,35954,17.1
frame,lgw,Year 1, spring 4, Thursday,35955,16.4
frame,lgw,Year 1, spring 4, Thursday,35956,16.6
frame,lgw,Year 1, spring 4, Thursday,35957,16.5
frame,lgw,Year 1, spring 4, Thursday,35958,16.6
frame,lgw,Year 1, spring 4, Thursday,35959,16.7
frame,lgw,Year 1, spring 4, Thursday,35960,16.7
frame,lgw,Year 1, spring 4, Thursday,35961,16.7
frame,lgw,Year 1, spring 4, Thursday,35962,16.7
frame,lgw,Year 1, spring 4, Thursday,35963,16.7
frame,lgw,Year 1, spring 4, Thursday,35964,16.5
frame,lgw,Year 1, spring 4, Thursday,35965,16.8
frame,lgw,Year 1, spring 4, Thursday,35966,16.7
frame,lgw,Year 1, spring 4, Thursday,35967,16.6
frame,lgw,Year 1, spring 4, Thursday,35968,16.8
frame,lgw,Year 1, spring 4, Thursday,35969,16.5
frame,lgw,Year 1, spring 4, Thursday,35970,16.5
frame,lgw,Year 1, spring 4, Thursday,35971,16.7
frame,lgw,Year 1, spring 4, Thursday,35972,16.7
frame,lgw,Year 1, spring 4, Thursday,35973,16.7
frame,lgw,Year 1, spring 4, Thursday,35974,16.6
frame,lgw,Year 1, spring 4, Thursday,35975,16.6
frame,lgw,Year 1, spring 4, Thursday,35976,16.7
frame,lgw,Year 1, spring 4, Thursday,35977,16.6
frame,lgw,Year 1, spring 4, Thursday,35978,16.7
frame,lgw,Year 1, spring 4, Thursday,35979,16.8
frame,lgw,Year 1, spring 4, Thursday,35980,16.8
frame,lgw,Year 1, spring 4, Thursday,35981,17.1
frame,lgw,Year 1, spring 4, Thursday,35982,16.4
frame,lgw,Year 1, spring 4, Thursday,35983,16.4
frame,lgw,Year 1, spring 4, Thursday,35984,16.7
frame,lgw,Year 1, spring 4, Thursday,35985,16.9
frame,lgw,Year 1, spring 4, Thursday,35986,16.4
frame,lgw,Year 1, spring 4, Thursday,35987,16.7
frame,lgw,Year 1, spring 4, Thursday,35988,16.6
frame,lgw,Year 1, spring 4, Thursday,35989,16.7
frame,lgw,Year 1, spring 4, Thursday,35990,16.6
frame,lgw,Year 1, spring 4, Thursday,35991,16.7
frame,lgw,Year 1, spring 4, Thursday,35992,16.7
frame,lgw,Year 1, spring 4, Thursday,35993,16.8
frame,lgw,Year 1, spring 4, Thursday,35994,16.6
frame,lgw,Year 1, spring 4, Thursday,35995,16.6
frame,lgw,Year 1, spring 4, Thursday,35996,16.7
frame,lgw,Year 1, spring 4, Thursday,35997,17.1
frame,lgw,Year 1, spring 4, Thursday,35998,16.3
frame,lgw,Year 1, spring 4, Thursday,35999,16.7
switch,lgw,Year 1, spring 4, Thursday,650,17.2
switch,lgw,Year 1, spring 4, Thursday,700,17.1
switchdetail,lgw,Year 1, spring 4, Thursday,640,0,0.0
switchdetail,lgw,Year 1, spring 4, Thursday,650,0,0.0
frame,lgw,Year 1, spring 4, Thursday,36000,16.7
frame,lgw,Year 1, spring 4, Thursday,36001,16.7
frame,lgw,Year 1, spring 4, Thursday,36002,16.7
frame,lgw,Year 1, spring 4, Thursday,36003,16.8
frame,lgw,Year 1, spring 4, Thursday,36004,16.5
frame,lgw,Year 1, spring 4, Thursday,36005,16.6
frame,lgw,Year 1, spring 4, Thursday,36006,16.6
frame,lgw,Year 1, spring 4, Thursday,36007,16.8
frame,lgw,Year 1, spring 4, Thursday,36008,16.7
frame,lgw,Year 1, spring 4, Thursday,36009,16.5
frame,lgw,Year 1, spring 4, Thursday,36010,16.8
frame,lgw,Year 1, spring 4, Thursday,36011,16.6
frame,lgw,Year 1, spring 4, Thursday,36012,16.6
frame,lgw,Year 1, spring 4, Thursday,36013,16.7
frame,lgw,Year 1, spring 4, Thursday,36014,16.6
frame,lgw,Year 1, spring 4, Thursday,36015,16.7
frame,lgw,Year 1, spring 4, Thursday,36016,16.6
frame,lgw,Year 1, spring 4, Thursday,36017,16.7
frame,lgw,Year 1, spring 4, Thursday,36018,16.8
frame,lgw,Year 1, spring 4, Thursday,36019,16.6
frame,lgw,Year 1, spring 4, Thursday,36020,16.5
frame,lgw,Year 1, spring 4, Thursday,36021,16.8
frame,lgw,Year 1, spring 4, Thursday,36022,16.5
frame,lgw,Year 1, spring 4, Thursday,36023,16.9
frame,lgw,Year 1, spring 4, Thursday,36024,16.4
frame,lgw,Year 1, spring 4, Thursday,36025,16.9
frame,lgw,Year 1, spring 4, Thursday,36026,16.7
frame,lgw,Year 1, spring 4, Thursday,36027,16.6
frame,lgw,Year 1, spring 4, Thursday,36028,16.6
frame,lgw,Year 1, spring 4, Thursday,36029,16.7
frame,lgw,Year 1, spring 4, Thursday,36030,16.6
frame,lgw,Year 1, spring 4, Thursday,36031,16.6
frame,lgw,Year 1, spring 4, Thursday,36032,16.7
frame,lgw,Year 1, spring 4, Thursday,36033,16.8
frame,lgw,Year 1, spring 4, Thursday,36034,16.7
frame,lgw,Year 1, spring 4, Thursday,36035,16.8
frame,lgw,Year 1, spring 4, Thursday,36036,16.6
frame,lgw,Year 1, spring 4, Thursday,36037,16.5
frame,lgw,Year 1, spring 4, Thursday,36038,16.7
frame,lgw,Year 1, spring 4, Thursday,36039,16.6
frame,lgw,Year 1, spring 4, Thursday,36040,16.8
frame,lgw,Year 1, spring 4, Thursday,36041,16.6
frame,lgw,Year 1, spring 4, Thursday,36042,16.7
frame,lgw,Year 1, spring 4, Thursday,36043,17.1
frame,lgw,Year 1, spring 4, Thursday,36044,16.3
frame,lgw,Year 1, spring 4, Thursday,36045,17.2
frame,lgw,Year 1, spring 4, Thursday,36046,16.5
frame,lgw,Year 1, spring 4, Thursday,36047,16.5
frame,lgw,Year 1, spring 4, Thursday,36048,16.7
frame,lgw,Year 1, spring 4, Thursday,36049,16.5
frame,lgw,Year 1, spring 4, Thursday,36050,16.6
frame,lgw,Year 1, spring 4, Thursday,36051,16.7
frame,lgw,Year 1, spring 4, Thursday,36052,16.6
frame,lgw,Year 1, spring 4, Thursday,36053,16.7
frame,lgw,Year 1, spring 4, Thursday,36054,16.7
frame,lgw,Year 1, spring 4, Thursday,36055,16.7
frame,lgw,Year 1, spring 4, Thursday,36056,16.6
frame,lgw,Year 1, spring 4, Thursday,36057,16.6
frame,lgw,Year 1, spring 4, Thursday,36058,16.7
frame,lgw,Year 1, spring 4, Thursday,36059,16.6
frame,lgw,Year 1, spring 4, Thursday,36060,16.6
frame,lgw,Year 1, spring 4, Thursday,36061,16.9
frame,lgw,Year 1, spring 4, Thursday,36062,16.5
frame,lgw,Year 1, spring 4, Thursday,36063,16.6
frame,lgw,Year 1, spring 4, Thursday,36064,16.6
frame,lgw,Year 1, spring 4, Thursday,36065,16.8
frame,lgw,Year 1, spring 4, Thursday,36066,16.6
frame,lgw,Year 1, spring 4, Thursday,36067,16.8
frame,lgw,Year 1, spring 4, Thursday,36068,16.7
frame,lgw,Year 1, spring 4, Thursday,36069,16.5
frame,lgw,Year 1, spring 4, Thursday,36070,16.7
frame,lgw,Year 1, spring 4, Thursday,36071,16.7
frame,lgw,Year 1, spring 4, Thursday,36072,16.6
frame,lgw,Year 1, spring 4, Thursday,36073,16.7
frame,lgw,Year 1, spring 4, Thursday,36074,16.7
frame,lgw,Year 1, spring 4, Thursday,36075,16.7
frame,lgw,Year 1, spring 4, Thursday,36076,16.6
frame,lgw,Year 1, spring 4, Thursday,36077,16.7
frame,lgw,Year 1, spring 4, Thursday,36078,16.7
frame,lgw,Year 1, spring 4, Thursday,36079,16.6
frame,lgw,Year 1, spring 4, Thursday,36080,16.7
frame,lgw,Year 1, spring 4, Thursday,36081,16.7
frame,lgw,Year 1, spring 4, Thursday,36082,16.7
frame,lgw,Year 1, spring 4, Thursday,36083,16.7
frame,lgw,Year 1, spring 4, Thursday,36084,16.7
frame,lgw,Year 1, spring 4, Thursday,36085,16.7
frame,lgw,Year 1, spring 4, Thursday,36086,16.9
frame,lgw,Year 1, spring 4, Thursday,36087,16.7
frame,lgw,Year 1, spring 4, Thursday,36088,16.6
frame,lgw,Year 1, spring 4, Thursday,36089,16.7
frame,lgw,Year 1, spring 4, Thursday,36090,16.5
frame,lgw,Year 1, spring 4, Thursday,36091,16.6
frame,lgw,Year 1, spring 4, Thursday,36092,16.7
frame,lgw,Year 1, spring 4, Thursday,36093,16.8
frame,lgw,Year 1, spring 4, Thursday,36094,16.6
frame,lgw,Year 1, spring 4, Thursday,36095,16.6
frame,lgw,Year 1, spring 4, Thursday,36096,16.7
frame,lgw,Year 1, spring 4, Thursday,36097,16.7
frame,lgw,Year 1, spring 4, Thursday,36098,16.7
frame,lgw,Year 1, spring 4, Thursday,36099,16.6
frame,lgw,Year 1, spring 4, Thursday,36100,16.8
frame,lgw,Year 1, spring 4, Thursday,36101,16.6
frame,lgw,Year 1, spring 4, Thursday,36102,16.5
frame,lgw,Year 1, spring 4, Thursday,36103,16.7
frame,lgw,Year 1, spring 4, Thursday,36104,16.7
frame,lgw,Year 1, spring 4, Thursday,36105,16.6
frame,lgw,Year 1, spring 4, Thursday,36106,16.8
frame,lgw,Year 1, spring 4, Thursday,36107,16.9
frame,lgw,Year 1, spring 4, Thursday,36108,16.4
frame,lgw,Year 1, spring 4, Thursday,36109,17.1
frame,lgw,Year 1, spring 4, Thursday,36110,16.5
frame,lgw,Year 1, spring 4, Thursday,36111,16.8
frame,lgw,Year 1, spring 4, Thursday,36112,16.3
frame,lgw,Year 1, spring 4, Thursday,36113,16.9
frame,lgw,Year 1, spring 4, Thursday,36114,16.5
frame,lgw,Year 1, spring 4, Thursday,36115,16.6
frame,lgw,Year 1, spring 4, Thursday,36116,16.6
frame,lgw,Year 1, spring 4, Thursday,36117,16.7
frame,lgw,Year 1, spring 4, Thursday,36118,16.7
frame,lgw,Year 1, spring 4, Thursday,36119,16.7
frame,lgw,Year 1, spring 4, Thursday,36120,16.5
frame,lgw,Year 1, spring 4, Thursday,36121,16.7
frame,lgw,Year 1, spring 4, Thursday,36122,16.8
frame,lgw,Year 1, spring 4, Thursday,36123,16.5
frame,lgw,Year 1, spring 4, Thursday,36124,16.7
frame,lgw,Year 1, spring 4, Thursday,36125,16.9
frame,lgw,Year 1, spring 4, Thursday,36126,16.6
frame,lgw,Year 1, spring 4, Thursday,36127,16.6
frame,lgw,Year 1, spring 4, Thursday,36128,16.6
frame,lgw,Year 1, spring 4, Thursday,36129,16.7
frame,lgw,Year 1, spring 4, Thursday,36130,16.6
frame,lgw,Year 1, spring 4, Thursday,36131,17.6
frame,lgw,Year 1, spring 4, Thursday,36132,15.7
frame,lgw,Year 1, spring 4, Thursday,36133,16.7
frame,lgw,Year 1, spring 4, Thursday,36134,16.8
frame,lgw,Year 1, spring 4, Thursday,36135,16.5
frame,lgw,Year 1, spring 4, Thursday,36136,16.7
frame,lgw,Year 1, spring 4, Thursday,36137,16.6
frame,lgw,Year 1, spring 4, Thursday,36138,16.8
frame,lgw,Year 1, spring 4, Thursday,36139,16.5
frame,lgw,Year 1, spring 4, Thursday,36140,16.6
frame,lgw,Year 1, spring 4, Thursday,36141,16.7
frame,lgw,Year 1, spring 4, Thursday,36142,16.7
frame,lgw,Year 1, spring 4, Thursday,36143,16.8
frame,lgw,Year 1, spring 4, Thursday,36144,16.6
frame,lgw,Year 1, spring 4, Thursday,36145,16.6
frame,lgw,Year 1, spring 4, Thursday,36146,16.8
frame,lgw,Year 1, spring 4, Thursday,36147,16.5
frame,lgw,Year 1, spring 4, Thursday,36148,16.7
frame,lgw,Year 1, spring 4, Thursday,36149,16.7
frame,lgw,Year 1, spring 4, Thursday,36150,16.6
frame,lgw,Year 1, spring 4, Thursday,36151,16.7
frame,lgw,Year 1, spring 4, Thursday,36152,16.6
frame,lgw,Year 1, spring 4, Thursday,36153,16.7
frame,lgw,Year 1, spring 4, Thursday,36154,16.6
frame,lgw,Year 1, spring 4, Thursday,36155,16.8
frame,lgw,Year 1, spring 4, Thursday,36156,16.6
frame,lgw,Year 1, spring 4, Thursday,36157,16.8
frame,lgw,Year 1, spring 4, Thursday,36158,16.5
frame,lgw,Year 1, spring 4, Thursday,36159,16.7
frame,lgw,Year 1, spring 4, Thursday,36160,16.7
frame,lgw,Year 1, spring 4, Thursday,36161,16.7
frame,lgw,Year 1, spring 4, Thursday,36162,16.5
frame,lgw,Year 1, spring 4, Thursday,36163,16.7
frame,lgw,Year 1, spring 4, Thursday,36164,16.7
frame,lgw,Year 1, spring 4, Thursday,36165,16.6
frame,lgw,Year 1, spring 4, Thursday,36166,16.8
frame,lgw,Year 1, spring 4, Thursday,36167,17.1
frame,lgw,Year 1, spring 4, Thursday,36168,16.3
frame,lgw,Year 1, spring 4, Thursday,36169,16.6
frame,lgw,Year 1, spring 4, Thursday,36170,16.6
frame,lgw,Year 1, spring 4, Thursday,36171,17.6
frame,lgw,Year 1, spring 4, Thursday,36172,15.9
frame,lgw,Year 1, spring 4, Thursday,36173,16.4
frame,lgw,Year 1, spring 4, Thursday,36174,16.7
frame,lgw,Year 1, spring 4, Thursday,36175,16.7
frame,lgw,Year 1, spring 4, Thursday,36176,16.6
frame,lgw,Year 1, spring 4, Thursday,36177,16.7
frame,lgw,Year 1, spring 4, Thursday,36178,16.7
frame,lgw,Year 1, spring 4, Thursday,36179,16.6
frame,lgw,Year 1, spring 4, Thursday,36180,16.6
frame,lgw,Year 1, spring 4, Thursday,36181,16.7
frame,lgw,Year 1, spring 4, Thursday,36182,16.7
frame,lgw,Year 1, spring 4, Thursday,36183,16.6
frame,lgw,Year 1, spring 4, Thursday,36184,16.7
frame,lgw,Year 1, spring 4, Thursday,36185,16.7
frame,lgw,Year 1, spring 4, Thursday,36186,16.7
frame,lgw,Year 1, spring 4, Thursday,36187,16.6
frame,lgw,Year 1, spring 4, Thursday,36188,16.7
frame,lgw,Year 1, spring 4, Thursday,36189,16.7
frame,lgw,Year 1, spring 4, Thursday,36190,16.7
frame,lgw,Year 1, spring 4, Thursday,36191,16.8
frame,lgw,Year 1, spring 4, Thursday,36192,16.6
frame,lgw,Year 1, spring 4, Thursday,36193,16.9
frame,lgw,Year 1, spring 4, Thursday,36194,16.4
frame,lgw,Year 1, spring 4, Thursday,36195,16.6
frame,lgw,Year 1, spring 4, Thursday,36196,16.6
frame,lgw,Year 1, spring 4, Thursday,36197,16.7
frame,lgw,Year 1, spring 4, Thursday,36198,16.7
frame,lgw,Year 1, spring 4, Thursday,36199,16.7
frame,lgw,Year 1, spring 4, Thursday,36200,16.6
frame,lgw,Year 1, spring 4, Thursday,36201,16.7
frame,lgw,Year 1, spring 4, Thursday,36202,16.7
frame,lgw,Year 1, spring 4, Thursday,36203,16.7
frame,lgw,Year 1, spring 4, Thursday,36204,16.7
frame,lgw,Year 1, spring 4, Thursday,36205,16.6
frame,lgw,Year 1, spring 4, Thursday,36206,16.7
frame,lgw,Year 1, spring 4, Thursday,36207,16.7
frame,lgw,Year 1, spring 4, Thursday,36208,16.6
frame,lgw,Year 1, spring 4, Thursday,36209,16.6
frame,lgw,Year 1, spring 4, Thursday,36210,16.7
frame,lgw,Year 1, spring 4, Thursday,36211,16.6
frame,lgw,Year 1, spring 4, Thursday,36212,16.7
frame,lgw,Year 1, spring 4, Thursday,36213,16.7
frame,lgw,Year 1, spring 4, Thursday,36214,16.8
frame,lgw,Year 1, spring 4, Thursday,36215,16.7
frame,lgw,Year 1, spring 4, Thursday,36216,16.7
frame,lgw,Year 1, spring 4, Thursday,36217,16.6
frame,lgw,Year 1, spring 4, Thursday,36218,16.8
frame,lgw,Year 1, spring 4, Thursday,36219,16.5
frame,lgw,Year 1, spring 4, Thursday,36220,16.6
frame,lgw,Year 1, spring 4, Thursday,36221,16.7
frame,lgw,Year 1, spring 4, Thursday,36222,16.7
frame,lgw,Year 1, spring 4, Thursday,36223,16.6
frame,lgw,Year 1, spring 4, Thursday,36224,16.7
frame,lgw,Year 1, spring 4, Thursday,36225,16.6
frame,lgw,Year 1, spring 4, Thursday,36226,16.7
frame,lgw,Year 1, spring 4, Thursday,36227,16.8
frame,lgw,Year 1, spring 4, Thursday,36228,16.8
frame,lgw,Year 1, spring 4, Thursday,36229,16.6
frame,lgw,Year 1, spring 4, Thursday,36230,16.6
frame,lgw,Year 1, spring 4, Thursday,36231,16.6
frame,lgw,Year 1, spring 4, Thursday,36232,16.7
frame,lgw,Year 1, spring 4, Thursday,36233,16.9
frame,lgw,Year 1, spring 4, Thursday,36234,16.5
frame,lgw,Year 1, spring 4, Thursday,36235,16.6
frame,lgw,Year 1, spring 4, Thursday,36236,16.7
frame,lgw,Year 1, spring 4, Thursday,36237,16.6
frame,lgw,Year 1, spring 4, Thursday,36238,16.7
frame,lgw,Year 1, spring 4, Thursday,36239,16.6
frame,lgw,Year 1, spring 4, Thursday,36240,16.7
frame,lgw,Year 1, spring 4, Thursday,36241,17.0
frame,lgw,Year 1, spring 4, Thursday,36242,16.2
frame,lgw,Year 1, spring 4, Thursday,36243,16.9
frame,lgw,Year 1, spring 4, Thursday,36244,16.5
frame,lgw,Year 1, spring 4, Thursday,36245,16.6
frame,lgw,Year 1, spring 4, Thursday,36246,16.7
frame,lgw,Year 1, spring 4, Thursday,36247,16.7
frame,lgw,Year 1, spring 4, Thursday,36248,16.6
frame,lgw,Year 1, spring 4, Thursday,36249,16.6
frame,lgw,Year 1, spring 4, Thursday,36250,16.6
frame,lgw,Year 1, spring 4, Thursday,36251,16.7
frame,lgw,Year 1, spring 4, Thursday,36252,16.7
frame,lgw,Year 1, spring 4, Thursday,36253,16.8
frame,lgw,Year 1, spring 4, Thursday,36254,16.8
frame,lgw,Year 1, spring 4, Thursday,36255,16.5
frame,lgw,Year 1, spring 4, Thursday,36256,16.5
frame,lgw,Year 1, spring 4, Thursday,36257,16.6
frame,lgw,Year 1, spring 4, Thursday,36258,16.8
frame,lgw,Year 1, spring 4, Thursday,36259,16.6
frame,lgw,Year 1, spring 4, Thursday,36260,16.7
frame,lgw,Year 1, spring 4, Thursday,36261,16.6
frame,lgw,Year 1, spring 4, Thursday,36262,16.7
frame,lgw,Year 1, spring 4, Thursday,36263,16.7
frame,lgw,Year 1, spring 4, Thursday,36264,16.7
frame,lgw,Year 1, spring 4, Thursday,36265,16.6
frame,lgw,Year 1, spring 4, Thursday,36266,16.7
frame,lgw,Year 1, spring 4, Thursday,36267,16.9
frame,lgw,Year 1, spring 4, Thursday,36268,16.8
frame,lgw,Year 1, spring 4, Thursday,36269,16.5
frame,lgw,Year 1, spring 4, Thursday,36270,16.5
frame,lgw,Year 1, spring 4, Thursday,36271,16.6
frame,lgw,Year 1, spring 4, Thursday,36272,16.6
frame,lgw,Year 1, spring 4, Thursday,36273,16.8
frame,lgw,Year 1, spring 4, Thursday,36274,16.5
frame,lgw,Year 1, spring 4, Thursday,36275,16.7
frame,lgw,Year 1, spring 4, Thursday,36276,16.7
frame,lgw,Year 1, spring 4, Thursday,36277,16.7
frame,lgw,Year 1, spring 4, Thursday,36278,16.9
frame,lgw,Year 1, spring 4, Thursday,36279,16.6
frame,lgw,Year 1, spring 4, Thursday,36280,16.6
frame,lgw,Year 1, spring 4, Thursday,36281,16.7
frame,lgw,Year 1, spring 4, Thursday,36282,16.6
frame,lgw,Year 1, spring 4, Thursday,36283,16.8
frame,lgw,Year 1, spring 4, Thursday,36284,16.6
frame,lgw,Year 1, spring 4, Thursday,36285,16.7
frame,lgw,Year 1, spring 4, Thursday,36286,16.7
frame,lgw,Year 1, spring 4, Thursday,36287,16.6
frame,lgw,Year 1, spring 4, Thursday,36288,16.7
frame,lgw,Year 1, spring 4, Thursday,36289,16.9
frame,lgw,Year 1, spring 4, Thursday,36290,16.5
frame,lgw,Year 1, spring 4, Thursday,36291,16.7
frame,lgw,Year 1, spring 4, Thursday,36292,16.6
frame,lgw,Year 1, spring 4, Thursday,36293,16.8
frame,lgw,Year 1, spring 4, Thursday,36294,16.6
frame,lgw,Year 1, spring 4, Thursday,36295,16.7
frame,lgw,Year 1, spring 4, Thursday,36296,16.6
frame,lgw,Year 1, spring 4, Thursday,36297,16.6
frame,lgw,Year 1, spring 4, Thursday,36298,16.7
frame,lgw,Year 1, spring 4, Thursday,36299,16.6
frame,lgw,Year 1, spring 4, Thursday,36300,16.6
frame,lgw,Year 1, spring 4, Thursday,36301,16.8
frame,lgw,Year 1, spring 4, Thursday,36302,16.6
frame,lgw,Year 1, spring 4, Thursday,36303,16.6
frame,lgw,Year 1, spring 4, Thursday,36304,16.7
frame,lgw,Year 1, spring 4, Thursday,36305,16.7
frame,lgw,Year 1, spring 4, Thursday,36306,16.6
frame,lgw,Year 1, spring 4, Thursday,36307,16.7
frame,lgw,Year 1, spring 4, Thursday,36308,16.8
frame,lgw,Year 1, spring 4, Thursday,36309,16.5
frame,lgw,Year 1, spring 4, Thursday,36310,17.6
frame,lgw,Year 1, spring 4, Thursday,36311,15.7
frame,lgw,Year 1, spring 4, Thursday,36312,16.7
frame,lgw,Year 1, spring 4, Thursday,36313,16.7
frame,lgw,Year 1, spring 4, Thursday,36314,16.7
frame,lgw,Year 1, spring 4, Thursday,36315,16.7
frame,lgw,Year 1, spring 4, Thursday,36316,16.6
frame,lgw,Year 1, spring 4, Thursday,36317,16.6
frame,lgw,Year 1, spring 4, Thursday,36318,16.7
frame,lgw,Year 1, spring 4, Thursday,36319,16.8
frame,lgw,Year 1, spring 4, Thursday,36320,16.7
frame,lgw,Year 1, spring 4, Thursday,36321,16.6
frame,lgw,Year 1, spring 4, Thursday,36322,16.7
frame,lgw,Year 1, spring 4, Thursday,36323,16.6
frame,lgw,Year 1, spring 4, Thursday,36324,16.7
frame,lgw,Year 1, spring 4, Thursday,36325,16.7
frame,lgw,Year 1, spring 4, Thursday,36326,16.6
frame,lgw,Year 1, spring 4, Thursday,36327,16.7
frame,lgw,Year 1, spring 4, Thursday,36328,16.7
frame,lgw,Year 1, spring 4, Thursday,36329,16.6
frame,lgw,Year 1, spring 4, Thursday,36330,16.6
frame,lgw,Year 1, spring 4, Thursday,36331,16.7
frame,lgw,Year 1, spring 4, Thursday,36332,16.7
frame,lgw,Year 1, spring 4, Thursday,36333,16.8
frame,lgw,Year 1, spring 4, Thursday,36334,16.6
frame,lgw,Year 1, spring 4, Thursday,36335,16.7
frame,lgw,Year 1, spring 4, Thursday,36336,16.6
frame,lgw,Year 1, spring 4, Thursday,36337,16.7
frame,lgw,Year 1, spring 4, Thursday,36338,16.6
frame,lgw,Year 1, spring 4, Thursday,36339,16.7
frame,lgw,Year 1, spring 4, Thursday,36340,16.6
frame,lgw,Year 1, spring 4, Thursday,36341,16.7
frame,lgw,Year 1, spring 4, Thursday,36342,16.6
frame,lgw,Year 1, spring 4, Thursday,36343,16.7
frame,lgw,Year 1, spring 4, Thursday,36344,17.4
frame,lgw,Year 1, spring 4, Thursday,36345,18.2
frame,lgw,Year 1, spring 4, Thursday,36346,14.7
frame,lgw,Year 1, spring 4, Thursday,36347,16.3
frame,lgw,Year 1, spring 4, Thursday,36348,16.8
frame,lgw,Year 1, spring 4, Thursday,36349,16.6
frame,lgw,Year 1, spring 4, Thursday,36350,16.6
frame,lgw,Year 1, spring 4, Thursday,36351,16.6
frame,lgw,Year 1, spring 4, Thursday,36352,16.7
frame,lgw,Year 1, spring 4, Thursday,36353,16.7
frame,lgw,Year 1, spring 4, Thursday,36354,16.6
frame,lgw,Year 1, spring 4, Thursday,36355,16.7
frame,lgw,Year 1, spring 4, Thursday,36356,16.7
frame,lgw,Year 1, spring 4, Thursday,36357,16.6
frame,lgw,Year 1, spring 4, Thursday,36358,16.7
frame,lgw,Year 1, spring 4, Thursday,36359,16.9
frame,lgw,Year 1, spring 4, Thursday,36360,16.5
frame,lgw,Year 1, spring 4, Thursday,36361,16.8
frame,lgw,Year 1, spring 4, Thursday,36362,16.7
frame,lgw,Year 1, spring 4, Thursday,36363,16.6
frame,lgw,Year 1, spring 4, Thursday,36364,16.7
frame,lgw,Year 1, spring 4, Thursday,36365,16.7
frame,lgw,Year 1, spring 4, Thursday,36366,16.7
frame,lgw,Year 1, spring 4, Thursday,36367,16.7
frame,lgw,Year 1, spring 4, Thursday,36368,16.7
frame,lgw,Year 1, spring 4, Thursday,36369,16.7
frame,lgw,Year 1, spring 4, Thursday,36370,16.7
frame,lgw,Year 1, spring 4, Thursday,36371,16.9
frame,lgw,Year 1, spring 4, Thursday,36372,16.6
frame,lgw,Year 1, spring 4, Thursday,36373,16.9
frame,lgw,Year 1, spring 4, Thursday,36374,16.3
frame,lgw,Year 1, spring 4, Thursday,36375,16.7
frame,lgw,Year 1, spring 4, Thursday,36376,16.6
frame,lgw,Year 1, spring 4, Thursday,36377,17.3
frame,lgw,Year 1, spring 4, Thursday,36378,16.0
frame,lgw,Year 1, spring 4, Thursday,36379,16.7
frame,lgw,Year 1, spring 4, Thursday,36380,16.7
frame,lgw,Year 1, spring 4, Thursday,36381,16.6
frame,lgw,Year 1, spring 4, Thursday,36382,16.7
frame,lgw,Year 1, spring 4, Thursday,36383,16.7
frame,lgw,Year 1, spring 4, Thursday,36384,16.7
frame,lgw,Year 1, spring 4, Thursday,36385,16.7
frame,lgw,Year 1, spring 4, Thursday,36386,16.7
frame,lgw,Year 1, spring 4, Thursday,36387,16.7
frame,lgw,Year 1, spring 4, Thursday,36388,16.7
frame,lgw,Year 1, spring 4, Thursday,36389,16.9
frame,lgw,Year 1, spring 4, Thursday,36390,16.3
frame,lgw,Year 1, spring 4, Thursday,36391,16.7
frame,lgw,Year 1, spring 4, Thursday,36392,16.7
frame,lgw,Year 1, spring 4, Thursday,36393,16.6
frame,lgw,Year 1, spring 4, Thursday,36394,16.7
frame,lgw,Year 1, spring 4, Thursday,36395,16.6
frame,lgw,Year 1, spring 4, Thursday,36396,16.8
frame,lgw,Year 1, spring 4, Thursday,36397,16.6
frame,lgw,Year 1, spring 4, Thursday,36398,17.5
frame,lgw,Year 1, spring 4, Thursday,36399,15.8
frame,lgw,Year 1, spring 4, Thursday,36400,16.6
frame,lgw,Year 1, spring 4, Thursday,36401,16.7
frame,lgw,Year 1, spring 4, Thursday,36402,16.7
frame,lgw,Year 1, spring 4, Thursday,36403,16.7
frame,lgw,Year 1, spring 4, Thursday,36404,16.7
frame,lgw,Year 1, spring 4, Thursday,36405,16.6
frame,lgw,Year 1, spring 4, Thursday,36406,16.7
frame,lgw,Year 1, spring 4, Thursday,36407,16.6
frame,lgw,Year 1, spring 4, Thursday,36408,16.7
frame,lgw,Year 1, spring 4, Thursday,36409,16.7
frame,lgw,Year 1, spring 4, Thursday,36410,16.8
frame,lgw,Year 1, spring 4, Thursday,36411,16.8
frame,lgw,Year 1, spring 4, Thursday,36412,16.4
frame,lgw,Year 1, spring 4, Thursday,36413,17.3
frame,lgw,Year 1, spring 4, Thursday,36414,16.0
frame,lgw,Year 1, spring 4, Thursday,36415,16.7
frame,lgw,Year 1, spring 4, Thursday,36416,16.7
frame,lgw,Year 1, spring 4, Thursday,36417,16.6
frame,lgw,Year 1, spring 4, Thursday,36418,16.6
frame,lgw,Year 1, spring 4, Thursday,36419,16.7
switch,lgw,Year 1, spring 5, Friday,600,186.2
switch,lgw,Year 1, spring 5, Friday,610,17.1
switch,lgw,Year 1, spring 5, Friday,620,17.2
switch,lgw,Year 1, spring 5, Friday,630,16.8
switch,lgw,Year 1, spring 5, Friday,640,17.3
switch,lgw,Year 1, spring 5, Friday,650,17.0
switch,lgw,Year 1, spring 5, Friday,700,17.5
switchdetail,lgw,Year 1, spring 5, Friday,700,0,0.0
switchdetail,lgw,Year 1, spring 5, Friday,600,0,0.0
switchdetail,lgw,Year 1, spring 5, Friday,610,0,0.0
switchdetail,lgw,Year 1, spring 5, Friday,620,0,0.0
switchdetail,lgw,Year 1, spring 5, Friday,630,0,0.0
switchdetail,lgw,Year 1, spring 5, Friday,640,0,0.0
switchdetail,lgw,Year 1, spring 5, Friday,650,0,0.0
lag,lgw,Year 1, spring 5, Friday,36422,186.2
lag,lgw,Year 1, spring 5, Friday,36423,1984.7
frame,lgw,Year 1, spring 5, Friday,38468,15.7
frame,lgw,Year 1, spring 5, Friday,38469,16.9
frame,lgw,Year 1, spring 5, Friday,38470,18.1
frame,lgw,Year 1, spring 5, Friday,38471,17.0
frame,lgw,Year 1, spring 5, Friday,38472,15.3
frame,lgw,Year 1, spring 5, Friday,38473,16.3
frame,lgw,Year 1, spring 5, Friday,38474,17.0
frame,lgw,Year 1, spring 5, Friday,38475,16.6
frame,lgw,Year 1, spring 5, Friday,38476,16.9
frame,lgw,Year 1, spring 5, Friday,38477,16.0
frame,lgw,Year 1, spring 5, Friday,38478,16.6
frame,lgw,Year 1, spring 5, Friday,38479,16.5
frame,lgw,Year 1, spring 5, Friday,38480,17.1
frame,lgw,Year 1, spring 5, Friday,38481,16.6
frame,lgw,Year 1, spring 5, Friday,38482,16.3
frame,lgw,Year 1, spring 5, Friday,38483,16.9
frame,lgw,Year 1, spring 5, Friday,38484,20.0
frame,lgw,Year 1, spring 5, Friday,38485,13.8
frame,lgw,Year 1, spring 5, Friday,38486,17.2
frame,lgw,Year 1, spring 5, Friday,38487,15.7
frame,lgw,Year 1, spring 5, Friday,38488,16.4
frame,lgw,Year 1, spring 5, Friday,38489,17.4
frame,lgw,Year 1, spring 5, Friday,38490,16.2
frame,lgw,Year 1, spring 5, Friday,38491,17.0
frame,lgw,Year 1, spring 5, Friday,38492,16.5
frame,lgw,Year 1, spring 5, Friday,38493,19.3
frame,lgw,Year 1, spring 5, Friday,38494,14.4
frame,lgw,Year 1, spring 5, Friday,38495,17.2
frame,lgw,Year 1, spring 5, Friday,38496,18.3
frame,lgw,Year 1, spring 5, Friday,38497,14.9
frame,lgw,Year 1, spring 5, Friday,38498,15.6
frame,lgw,Year 1, spring 5, Friday,38499,16.8
frame,lgw,Year 1, spring 5, Friday,38500,17.1
frame,lgw,Year 1, spring 5, Friday,38501,18.8
frame,lgw,Year 1, spring 5, Friday,38502,14.2
frame,lgw,Year 1, spring 5, Friday,38503,17.1
frame,lgw,Year 1, spring 5, Friday,38504,16.9
frame,lgw,Year 1, spring 5, Friday,38505,17.0
frame,lgw,Year 1, spring 5, Friday,38506,15.9
frame,lgw,Year 1, spring 5, Friday,38507,16.8
frame,lgw,Year 1, spring 5, Friday,38508,17.6
frame,lgw,Year 1, spring 5, Friday,38509,15.7
frame,lgw,Year 1, spring 5, Friday,38510,16.6
frame,lgw,Year 1, spring 5, Friday,38511,16.3
frame,lgw,Year 1, spring 5, Friday,38512,16.4
frame,lgw,Year 1, spring 5, Friday,38513,16.8
frame,lgw,Year 1, spring 5, Friday,38514,16.7
frame,lgw,Year 1, spring 5, Friday,38515,16.9
frame,lgw,Year 1, spring 5, Friday,38516,16.3
frame,lgw,Year 1, spring 5, Friday,38517,16.7
frame,lgw,Year 1, spring 5, Friday,38518,19.0
frame,lgw,Year 1, spring 5, Friday,38519,14.5
frame,lgw,Year 1, spring 5, Friday,38520,17.2
frame,lgw,Year 1, spring 5, Friday,38521,18.0
frame,lgw,Year 1, spring 5, Friday,38522,16.0
frame,lgw,Year 1, spring 5, Friday,38523,15.4
frame,lgw,Year 1, spring 5, Friday,38524,16.5
frame,lgw,Year 1, spring 5, Friday,38525,17.5
frame,lgw,Year 1, spring 5, Friday,38526,16.3
frame,lgw,Year 1, spring 5, Friday,38527,16.7
frame,lgw,Year 1, spring 5, Friday,38528,17.0
frame,lgw,Year 1, spring 5, Friday,38529,16.6
frame,lgw,Year 1, spring 5, Friday,38530,16.2
frame,lgw,Year 1, spring 5, Friday,38531,17.5
frame,lgw,Year 1, spring 5, Friday,38532,15.9
frame,lgw,Year 1, spring 5, Friday,38533,16.7
frame,lgw,Year 1, spring 5, Friday,38534,17.9
frame,lgw,Year 1, spring 5, Friday,38535,15.9
frame,lgw,Year 1, spring 5, Friday,38536,16.3
frame,lgw,Year 1, spring 5, Friday,38537,17.5
frame,lgw,Year 1, spring 5, Friday,38538,16.2
frame,lgw,Year 1, spring 5, Friday,38539,16.9
frame,lgw,Year 1, spring 5, Friday,38540,16.2
frame,lgw,Year 1, spring 5, Friday,38541,16.3
frame,lgw,Year 1, spring 5, Friday,38542,17.3
frame,lgw,Year 1, spring 5, Friday,38543,16.4
frame,lgw,Year 1, spring 5, Friday,38544,16.8
frame,lgw,Year 1, spring 5, Friday,38545,16.3
frame,lgw,Year 1, spring 5, Friday,38546,19.6
frame,lgw,Year 1, spring 5, Friday,38547,14.3
frame,lgw,Year 1, spring 5, Friday,38548,17.1
frame,lgw,Year 1, spring 5, Friday,38549,15.6
frame,lgw,Year 1, spring 5, Friday,38550,17.4
frame,lgw,Year 1, spring 5, Friday,38551,16.5
frame,lgw,Year 1, spring 5, Friday,38552,16.5
frame,lgw,Year 1, spring 5, Friday,38553,16.3
frame,lgw,Year 1, spring 5, Friday,38554,17.4
frame,lgw,Year 1, spring 5, Friday,38555,16.1
frame,lgw,Year 1, spring 5, Friday,38556,16.5
frame,lgw,Year 1, spring 5, Friday,38557,16.9
frame,lgw,Year 1, spring 5, Friday,38558,16.5
frame,lgw,Year 1, spring 5, Friday,38559,16.9
frame,lgw,Year 1, spring 5, Friday,38560,19.5
frame,lgw,Year 1, spring 5, Friday,38561,15.3
frame,lgw,Year 1, spring 5, Friday,38562,15.4
frame,lgw,Year 1, spring 5, Friday,38563,16.3
frame,lgw,Year 1, spring 5, Friday,38564,17.1
frame,lgw,Year 1, spring 5, Friday,38565,16.5
frame,lgw,Year 1, spring 5, Friday,38566,17.3
frame,lgw,Year 1, spring 5, Friday,38567,15.8
frame,lgw,Year 1, spring 5, Friday,38568,16.8
frame,lgw,Year 1, spring 5, Friday,38569,17.5
frame,lgw,Year 1, spring 5, Friday,38570,16.5
frame,lgw,Year 1, spring 5, Friday,38571,16.3
frame,lgw,Year 1, spring 5, Friday,38572,16.0
frame,lgw,Year 1, spring 5, Friday,38573,17.7
frame,lgw,Year 1, spring 5, Friday,38574,16.6
frame,lgw,Year 1, spring 5, Friday,38575,16.1
frame,lgw,Year 1, spring 5, Friday,38576,17.5
frame,lgw,Year 1, spring 5, Friday,38577,15.7
frame,lgw,Year 1, spring 5, Friday,38578,16.5
frame,lgw,Year 1, spring 5, Friday,38579,16.7
frame,lgw,Year 1, spring 5, Friday,38580,16.8
frame,lgw,Year 1, spring 5, Friday,38581,16.5
frame,lgw,Year 1, spring 5, Friday,38582,17.6
frame,lgw,Year 1, spring 5, Friday,38583,16.1
frame,lgw,Year 1, spring 5, Friday,38584,16.9
frame,lgw,Year 1, spring 5, Friday,38585,16.8
frame,lgw,Year 1, spring 5, Friday,38586,16.9
frame,lgw,Year 1, spring 5, Friday,38587,16.1
frame,lgw,Year 1, spring 5, Friday,38588,16.4
frame,lgw,Year 1, spring 5, Friday,38589,16.5
frame,lgw,Year 1, spring 5, Friday,38590,16.5
frame,lgw,Year 1, spring 5, Friday,38591,16.8
frame,lgw,Year 1, spring 5, Friday,38592,16.9
frame,lgw,Year 1, spring 5, Friday,38593,16.4
frame,lgw,Year 1, spring 5, Friday,38594,16.8
frame,lgw,Year 1, spring 5, Friday,38595,16.5
frame,lgw,Year 1, spring 5, Friday,38596,16.9
frame,lgw,Year 1, spring 5, Friday,38597,17.5
frame,lgw,Year 1, spring 5, Friday,38598,19.2
frame,lgw,Year 1, spring 5, Friday,38599,14.7
frame,lgw,Year 1, spring 5, Friday,38600,17.7
frame,lgw,Year 1, spring 5, Friday,38601,14.4
frame,lgw,Year 1, spring 5, Friday,38602,18.2
frame,lgw,Year 1, spring 5, Friday,38603,16.1
frame,lgw,Year 1, spring 5, Friday,38604,15.5
frame,lgw,Year 1, spring 5, Friday,38605,18.1
frame,lgw,Year 1, spring 5, Friday,38606,17.1
frame,lgw,Year 1, spring 5, Friday,38607,14.8
frame,lgw,Year 1, spring 5, Friday,38608,16.7
frame,lgw,Year 1, spring 5, Friday,38609,16.6
frame,lgw,Year 1, spring 5, Friday,38610,16.5
frame,lgw,Year 1, spring 5, Friday,38611,16.7
frame,lgw,Year 1, spring 5, Friday,38612,18.6
frame,lgw,Year 1, spring 5, Friday,38613,15.2
frame,lgw,Year 1, spring 5, Friday,38614,16.4
frame,lgw,Year 1, spring 5, Friday,38615,17.1
frame,lgw,Year 1, spring 5, Friday,38616,16.0
frame,lgw,Year 1, spring 5, Friday,38617,17.6
frame,lgw,Year 1, spring 5, Friday,38618,16.5
frame,lgw,Year 1, spring 5, Friday,38619,16.6
frame,lgw,Year 1, spring 5, Friday,38620,16.7
frame,lgw,Year 1, spring 5, Friday,38621,17.1
frame,lgw,Year 1, spring 5, Friday,38622,15.8
frame,lgw,Year 1, spring 5, Friday,38623,16.3
frame,lgw,Year 1, spring 5, Friday,38624,17.5
frame,lgw,Year 1, spring 5, Friday,38625,16.8
frame,lgw,Year 1, spring 5, Friday,38626,16.1
frame,lgw,Year 1, spring 5, Friday,38627,16.4
frame,lgw,Year 1, spring 5, Friday,38628,16.5
frame,lgw,Year 1, spring 5, Friday,38629,16.8
frame,lgw,Year 1, spring 5, Friday,38630,17.4
frame,lgw,Year 1, spring 5, Friday,38631,15.9
frame,lgw,Year 1, spring 5, Friday,38632,17.1
frame,lgw,Year 1, spring 5, Friday,38633,16.6
frame,lgw,Year 1, spring 5, Friday,38634,16.8
frame,lgw,Year 1, spring 5, Friday,38635,16.9
frame,lgw,Year 1, spring 5, Friday,38636,16.5
frame,lgw,Year 1, spring 5, Friday,38637,18.6
frame,lgw,Year 1, spring 5, Friday,38638,14.6
frame,lgw,Year 1, spring 5, Friday,38639,16.5
frame,lgw,Year 1, spring 5, Friday,38640,16.8
frame,lgw,Year 1, spring 5, Friday,38641,16.7
frame,lgw,Year 1, spring 5, Friday,38642,16.7
frame,lgw,Year 1, spring 5, Friday,38643,16.5
frame,lgw,Year 1, spring 5, Friday,38644,16.9
frame,lgw,Year 1, spring 5, Friday,38645,16.5
frame,lgw,Year 1, spring 5, Friday,38646,16.6
frame,lgw,Year 1, spring 5, Friday,38647,17.1
frame,lgw,Year 1, spring 5, Friday,38648,16.6
frame,lgw,Year 1, spring 5, Friday,38649,17.9
frame,lgw,Year 1, spring 5, Friday,38650,16.5
frame,lgw,Year 1, spring 5, Friday,38651,15.8
frame,lgw,Year 1, spring 5, Friday,38652,16.8
frame,lgw,Year 1, spring 5, Friday,38653,16.3
frame,lgw,Year 1, spring 5, Friday,38654,16.6
frame,lgw,Year 1, spring 5, Friday,38655,16.8
frame,lgw,Year 1, spring 5, Friday,38656,16.4
frame,lgw,Year 1, spring 5, Friday,38657,16.7
frame,lgw,Year 1, spring 5, Friday,38658,16.5
frame,lgw,Year 1, spring 5, Friday,38659,16.6
frame,lgw,Year 1, spring 5, Friday,38660,16.7
frame,lgw,Year 1, spring 5, Friday,38661,17.1
frame,lgw,Year 1, spring 5, Friday,38662,16.1
frame,lgw,Year 1, spring 5, Friday,38663,20.2
frame,lgw,Year 1, spring 5, Friday,38664,15.6
frame,lgw,Year 1, spring 5, Friday,38665,14.9
frame,lgw,Year 1, spring 5, Friday,38666,16.2
frame,lgw,Year 1, spring 5, Friday,38667,17.5
frame,lgw,Year 1, spring 5, Friday,38668,16.0
frame,lgw,Year 1, spring 5, Friday,38669,16.4
frame,lgw,Year 1, spring 5, Friday,38670,16.6
frame,lgw,Year 1, spring 5, Friday,38671,16.8
frame,lgw,Year 1, spring 5, Friday,38672,16.8
frame,lgw,Year 1, spring 5, Friday,38673,16.6
frame,lgw,Year 1, spring 5, Friday,38674,16.6
frame,lgw,Year 1, spring 5, Friday,38675,18.0
frame,lgw,Year 1, spring 5, Friday,38676,18.4
frame,lgw,Year 1, spring 5, Friday,38677,14.2
frame,lgw,Year 1, spring 5, Friday,38678,16.5
frame,lgw,Year 1, spring 5, Friday,38679,16.2
frame,lgw,Year 1, spring 5, Friday,38680,16.8
frame,lgw,Year 1, spring 5, Friday,38681,16.6
frame,lgw,Year 1, spring 5, Friday,38682,16.8
frame,lgw,Year 1, spring 5, Friday,38683,16.4
frame,lgw,Year 1, spring 5, Friday,38684,17.0
frame,lgw,Year 1, spring 5, Friday,38685,16.6
frame,lgw,Year 1, spring 5, Friday,38686,17.0
frame,lgw,Year 1, spring 5, Friday,38687,16.4
frame,lgw,Year 1, spring 5, Friday,38688,16.7
frame,lgw,Year 1, spring 5, Friday,38689,18.6
frame,lgw,Year 1, spring 5, Friday,38690,15.6
frame,lgw,Year 1, spring 5, Friday,38691,15.9
frame,lgw,Year 1, spring 5, Friday,38692,16.7
frame,lgw,Year 1, spring 5, Friday,38693,16.4
frame,lgw,Year 1, spring 5, Friday,38694,16.7
frame,lgw,Year 1, spring 5, Friday,38695,16.5
frame,lgw,Year 1, spring 5, Friday,38696,17.0
frame,lgw,Year 1, spring 5, Friday,38697,16.4
frame,lgw,Year 1, spring 5, Friday,38698,16.6
frame,lgw,Year 1, spring 5, Friday,38699,16.5
frame,lgw,Year 1, spring 5, Friday,38700,16.7
frame,lgw,Year 1, spring 5, Friday,38701,19.8
frame,lgw,Year 1, spring 5, Friday,38702,15.1
frame,lgw,Year 1, spring 5, Friday,38703,16.2
frame,lgw,Year 1, spring 5, Friday,38704,15.6
frame,lgw,Year 1, spring 5, Friday,38705,16.8
frame,lgw,Year 1, spring 5, Friday,38706,16.6
frame,lgw,Year 1, spring 5, Friday,38707,16.8
frame,lgw,Year 1, spring 5, Friday,38708,17.0
frame,lgw,Year 1, spring 5, Friday,38709,16.4
frame,lgw,Year 1, spring 5, Friday,38710,16.6
frame,lgw,Year 1, spring 5, Friday,38711,16.9
frame,lgw,Year 1, spring 5, Friday,38712,16.5
frame,lgw,Year 1, spring 5, Friday,38713,16.7
frame,lgw,Year 1, spring 5, Friday,38714,16.6
frame,lgw,Year 1, spring 5, Friday,38715,16.8
frame,lgw,Year 1, spring 5, Friday,38716,17.4
frame,lgw,Year 1, spring 5, Friday,38717,16.5
frame,lgw,Year 1, spring 5, Friday,38718,16.0
frame,lgw,Year 1, spring 5, Friday,38719,16.4
frame,lgw,Year 1, spring 5, Friday,38720,17.3
frame,lgw,Year 1, spring 5, Friday,38721,16.4
frame,lgw,Year 1, spring 5, Friday,38722,17.1
frame,lgw,Year 1, spring 5, Friday,38723,16.1
frame,lgw,Year 1, spring 5, Friday,38724,16.6
frame,lgw,Year 1, spring 5, Friday,38725,16.9
frame,lgw,Year 1, spring 5, Friday,38726,16.7
frame,lgw,Year 1, spring 5, Friday,38727,16.6
frame,lgw,Year 1, spring 5, Friday,38728,16.4
frame,lgw,Year 1, spring 5, Friday,38729,18.2
frame,lgw,Year 1, spring 5, Friday,38730,15.9
frame,lgw,Year 1, spring 5, Friday,38731,16.2
frame,lgw,Year 1, spring 5, Friday,38732,16.7
frame,lgw,Year 1, spring 5, Friday,38733,16.5
frame,lgw,Year 1, spring 5, Friday,38734,16.6
frame,lgw,Year 1, spring 5, Friday,38735,16.9
frame,lgw,Year 1, spring 5, Friday,38736,16.3
frame,lgw,Year 1, spring 5, Friday,38737,16.8
frame,lgw,Year 1, spring 5, Friday,38738,17.6
frame,lgw,Year 1, spring 5, Friday,38739,15.9
frame,lgw,Year 1, spring 5, Friday,38740,17.7
frame,lgw,Year 1, spring 5, Friday,38741,15.4
frame,lgw,Year 1, spring 5, Friday,38742,17.4
frame,lgw,Year 1, spring 5, Friday,38743,15.9
frame,lgw,Year 1, spring 5, Friday,38744,18.5
frame,lgw,Year 1, spring 5, Friday,38745,15.5
frame,lgw,Year 1, spring 5, Friday,38746,17.1
frame,lgw,Year 1, spring 5, Friday,38747,15.7
frame,lgw,Year 1, spring 5, Friday,38748,17.5
frame,lgw,Year 1, spring 5, Friday,38749,15.8
frame,lgw,Year 1, spring 5, Friday,38750,16.8
frame,lgw,Year 1, spring 5, Friday,38751,19.1
frame,lgw,Year 1, spring 5, Friday,38752,14.2
frame,lgw,Year 1, spring 5, Friday,38753,16.6
frame,lgw,Year 1, spring 5, Friday,38754,16.8
frame,lgw,Year 1, spring 5, Friday,38755,18.3
frame,lgw,Year 1, spring 5, Friday,38756,15.4
frame,lgw,Year 1, spring 5, Friday,38757,16.2
frame,lgw,Year 1, spring 5, Friday,38758,16.5
frame,lgw,Year 1, spring 5, Friday,38759,17.1
frame,lgw,Year 1, spring 5, Friday,38760,16.4
frame,lgw,Year 1, spring 5, Friday,38761,16.6
frame,lgw,Year 1, spring 5, Friday,38762,16.5
frame,lgw,Year 1, spring 5, Friday,38763,16.8
frame,lgw,Year 1, spring 5, Friday,38764,17.0
frame,lgw,Year 1, spring 5, Friday,38765,16.3
frame,lgw,Year 1, spring 5, Friday,38766,16.7
frame,lgw,Year 1, spring 5, Friday,38767,16.4
frame,lgw,Year 1, spring 5, Friday,38768,16.9
frame,lgw,Year 1, spring 5, Friday,38769,18.1
frame,lgw,Year 1, spring 5, Friday,38770,16.0
frame,lgw,Year 1, spring 5, Friday,38771,16.3
frame,lgw,Year 1, spring 5, Friday,38772,17.2
frame,lgw,Year 1, spring 5, Friday,38773,15.5
frame,lgw,Year 1, spring 5, Friday,38774,17.0
frame,lgw,Year 1, spring 5, Friday,38775,16.3
frame,lgw,Year 1, spring 5, Friday,38776,16.8
frame,lgw,Year 1, spring 5, Friday,38777,16.8
frame,lgw,Year 1, spring 5, Friday,38778,16.4
frame,lgw,Year 1, spring 5, Friday,38779,16.7
frame,lgw,Year 1, spring 5, Friday,38780,16.6
frame,lgw,Year 1, spring 5, Friday,38781,16.6
frame,lgw,Year 1, spring 5, Friday,38782,19.0
frame,lgw,Year 1, spring 5, Friday,38783,15.0
frame,lgw,Year 1, spring 5, Friday,38784,17.0
frame,lgw,Year 1, spring 5, Friday,38785,15.9
frame,lgw,Year 1, spring 5, Friday,38786,16.5
frame,lgw,Year 1, spring 5, Friday,38787,16.8
frame,lgw,Year 1, spring 5, Friday,38788,16.6
frame,lgw,Year 1, spring 5, Friday,38789,16.8
frame,lgw,Year 1, spring 5, Friday,38790,16.5
frame,lgw,Year 1, spring 5, Friday,38791,16.8
frame,lgw,Year 1, spring 5, Friday,38792,16.6
frame,lgw,Year 1, spring 5, Friday,38793,16.8
frame,lgw,Year 1, spring 5, Friday,38794,17.3
frame,lgw,Year 1, spring 5, Friday,38795,15.8
frame,lgw,Year 1, spring 5, Friday,38796,17.3
frame,lgw,Year 1, spring 5, Friday,38797,18.3
frame,lgw,Year 1, spring 5, Friday,38798,18.0
frame,lgw,Year 1, spring 5, Friday,38799,13.1
frame,lgw,Year 1, spring 5, Friday,38800,16.6
frame,lgw,Year 1, spring 5, Friday,38801,17.2
frame,lgw,Year 1, spring 5, Friday,38802,16.1
frame,lgw,Year 1, spring 5, Friday,38803,16.6
frame,lgw,Year 1, spring 5, Friday,38804,17.1
frame,lgw,Year 1, spring 5, Friday,38805,16.5
frame,lgw,Year 1, spring 5, Friday,38806,16.4
frame,lgw,Year 1, spring 5, Friday,38807,16.8
frame,lgw,Year 1, spring 5, Friday,38808,16.7
frame,lgw,Year 1, spring 5, Friday,38809,16.6
frame,lgw,Year 1, spring 5, Friday,38810,17.0
frame,lgw,Year 1, spring 5, Friday,38811,18.8
frame,lgw,Year 1, spring 5, Friday,38812,14.6
frame,lgw,Year 1, spring 5, Friday,38813,16.7
frame,lgw,Year 1, spring 5, Friday,38814,16.5
frame,lgw,Year 1, spring 5, Friday,38815,16.5
frame,lgw,Year 1, spring 5, Friday,38816,16.7
frame,lgw,Year 1, spring 5, Friday,38817,17.1
frame,lgw,Year 1, spring 5, Friday,38818,16.3
frame,lgw,Year 1, spring 5, Friday,38819,17.2
frame,lgw,Year 1, spring 5, Friday,38820,17.3
frame,lgw,Year 1, spring 5, Friday,38821,15.9
frame,lgw,Year 1, spring 5, Friday,38822,17.4
frame,lgw,Year 1, spring 5, Friday,38823,16.2
frame,lgw,Year 1, spring 5, Friday,38824,16.2
frame,lgw,Year 1, spring 5, Friday,38825,17.8
frame,lgw,Year 1, spring 5, Friday,38826,15.7
frame,lgw,Year 1, spring 5, Friday,38827,16.5
frame,lgw,Year 1, spring 5, Friday,38828,16.5
frame,lgw,Year 1, spring 5, Friday,38829,16.6
frame,lgw,Year 1, spring 5, Friday,38830,16.7
frame,lgw,Year 1, spring 5, Friday,38831,16.7
frame,lgw,Year 1, spring 5, Friday,38832,16.8
frame,lgw,Year 1, spring 5, Friday,38833,16.7
frame,lgw,Year 1, spring 5, Friday,38834,16.8
frame,lgw,Year 1, spring 5, Friday,38835,16.5
frame,lgw,Year 1, spring 5, Friday,38836,16.9
frame,lgw,Year 1, spring 5, Friday,38837,16.8
frame,lgw,Year 1, spring 5, Friday,38838,18.9
frame,lgw,Year 1, spring 5, Friday,38839,14.0
frame,lgw,Year 1, spring 5, Friday,38840,16.6
frame,lgw,Year 1, spring 5, Friday,38841,17.3
frame,lgw,Year 1, spring 5, Friday,38842,16.1
frame,lgw,Year 1, spring 5, Friday,38843,17.1
frame,lgw,Year 1, spring 5, Friday,38844,16.6
frame,lgw,Year 1, spring 5, Friday,38845,16.5
frame,lgw,Year 1, spring 5, Friday,38846,16.5
frame,lgw,Year 1, spring 5, Friday,38847,17.1
frame,lgw,Year 1, spring 5, Friday,38848,16.2
frame,lgw,Year 1, spring 5, Friday,38849,16.8
frame,lgw,Year 1, spring 5, Friday,38850,16.5
frame,lgw,Year 1, spring 5, Friday,38851,18.0
frame,lgw,Year 1, spring 5, Friday,38852,15.9
frame,lgw,Year 1, spring 5, Friday,38853,16.2
frame,lgw,Year 1, spring 5, Friday,38854,16.4
frame,lgw,Year 1, spring 5, Friday,38855,17.0
frame,lgw,Year 1, spring 5, Friday,38856,17.1
frame,lgw,Year 1, spring 5, Friday,38857,16.6
frame,lgw,Year 1, spring 5, Friday,38858,16.2
frame,lgw,Year 1, spring 5, Friday,38859,16.7
frame,lgw,Year 1, spring 5, Friday,38860,16.6
frame,lgw,Year 1, spring 5, Friday,38861,16.7
frame,lgw,Year 1, spring 5, Friday,38862,16.8
frame,lgw,Year 1, spring 5, Friday,38863,16.8
frame,lgw,Year 1, spring 5, Friday,38864,18.5
frame,lgw,Year 1, spring 5, Friday,38865,14.8
frame,lgw,Year 1, spring 5, Friday,38866,16.6
frame,lgw,Year 1, spring 5, Friday,38867,16.5
frame,lgw,Year 1, spring 5, Friday,38868,17.6
frame,lgw,Year 1, spring 5, Friday,38869,16.1
frame,lgw,Year 1, spring 5, Friday,38870,16.5
frame,lgw,Year 1, spring 5, Friday,38871,16.6
frame,lgw,Year 1, spring 5, Friday,38872,16.7
frame,lgw,Year 1, spring 5, Friday,38873,17.1
frame,lgw,Year 1, spring 5, Friday,38874,16.1
frame,lgw,Year 1, spring 5, Friday,38875,16.3
frame,lgw,Year 1, spring 5, Friday,38876,16.9
frame,lgw,Year 1, spring 5, Friday,38877,18.7
frame,lgw,Year 1, spring 5, Friday,38878,15.8
frame,lgw,Year 1, spring 5, Friday,38879,16.3
frame,lgw,Year 1, spring 5, Friday,38880,16.1
frame,lgw,Year 1, spring 5, Friday,38881,16.5
frame,lgw,Year 1, spring 5, Friday,38882,16.5
frame,lgw,Year 1, spring 5, Friday,38883,16.7
frame,lgw,Year 1, spring 5, Friday,38884,17.0
frame,lgw,Year 1, spring 5, Friday,38885,16.5
frame,lgw,Year 1, spring 5, Friday,38886,16.5
frame,lgw,Year 1, spring 5, Friday,38887,16.9
frame,lgw,Year 1, spring 5, Friday,38888,17.5
frame,lgw,Year 1, spring 5, Friday,38889,17.1
frame,lgw,Year 1, spring 5, Friday,38890,16.5
frame,lgw,Year 1, spring 5, Friday,38891,16.1
frame,lgw,Year 1, spring 5, Friday,38892,16.3
frame,lgw,Year 1, spring 5, Friday,38893,16.5
frame,lgw,Year 1, spring 5, Friday,38894,17.0
frame,lgw,Year 1, spring 5, Friday,38895,16.5
frame,lgw,Year 1, spring 5, Friday,38896,17.3
frame,lgw,Year 1, spring 5, Friday,38897,15.9
frame,lgw,Year 1, spring 5, Friday,38898,18.5
frame,lgw,Year 1, spring 5, Friday,38899,15.6
frame,lgw,Year 1, spring 5, Friday,38900,15.9
frame,lgw,Year 1, spring 5, Friday,38901,16.2
frame,lgw,Year 1, spring 5, Friday,38902,17.8
frame,lgw,Year 1, spring 5, Friday,38903,17.4
frame,lgw,Year 1, spring 5, Friday,38904,15.6
frame,lgw,Year 1, spring 5, Friday,38905,16.1
frame,lgw,Year 1, spring 5, Friday,38906,16.6
frame,lgw,Year 1, spring 5, Friday,38907,16.7
frame,lgw,Year 1, spring 5, Friday,38908,16.6
frame,lgw,Year 1, spring 5, Friday,38909,16.9
frame,lgw,Year 1, spring 5, Friday,38910,16.4
frame,lgw,Year 1, spring 5, Friday,38911,16.6
frame,lgw,Year 1, spring 5, Friday,38912,16.8
frame,lgw,Year 1, spring 5, Friday,38913,17.2
frame,lgw,Year 1, spring 5, Friday,38914,16.1
frame,lgw,Year 1, spring 5, Friday,38915,19.8
frame,lgw,Year 1, spring 5, Friday,38916,15.5
frame,lgw,Year 1, spring 5, Friday,38917,15.2
frame,lgw,Year 1, spring 5, Friday,38918,16.7
frame,lgw,Year 1, spring 5, Friday,38919,16.7
frame,lgw,Year 1, spring 5, Friday,38920,16.2
frame,lgw,Year 1, spring 5, Friday,38921,17.2
frame,lgw,Year 1, spring 5, Friday,38922,16.3
frame,lgw,Year 1, spring 5, Friday,38923,16.7
frame,lgw,Year 1, spring 5, Friday,38924,16.3
frame,lgw,Year 1, spring 5, Friday,38925,16.6
frame,lgw,Year 1, spring 5, Friday,38926,17.1
frame,lgw,Year 1, spring 5, Friday,38927,16.6
frame,lgw,Year 1, spring 5, Friday,38928,19.4
frame,lgw,Year 1, spring 5, Friday,38929,13.7
frame,lgw,Year 1, spring 5, Friday,38930,16.7
frame,lgw,Year 1, spring 5, Friday,38931,16.7
frame,lgw,Year 1, spring 5, Friday,38932,17.1
frame,lgw,Year 1, spring 5, Friday,38933,16.6
frame,lgw,Year 1, spring 5, Friday,38934,16.7
frame,lgw,Year 1, spring 5, Friday,38935,17.4
frame,lgw,Year 1, spring 5, Friday,38936,15.7
frame,lgw,Year 1, spring 5, Friday,38937,16.9
frame,lgw,Year 1, spring 5, Friday,38938,16.1
frame,lgw,Year 1, spring 5, Friday,38939,16.3
frame,lgw,Year 1, spring 5, Friday,38940,16.6
frame,lgw,Year 1, spring 5, Friday,38941,16.7
frame,lgw,Year 1, spring 5, Friday,38942,16.7
frame,lgw,Year 1, spring 5, Friday,38943,16.8
frame,lgw,Year 1, spring 5, Friday,38944,16.6
frame,lgw,Year 1, spring 5, Friday,38945,16.7
frame,lgw,Year 1, spring 5, Friday,38946,16.7
frame,lgw,Year 1, spring 5, Friday,38947,16.6
frame,lgw,Year 1, spring 5, Friday,38948,16.7
frame,lgw,Year 1, spring 5, Friday,38949,16.7
frame,lgw,Year 1, spring 5, Friday,38950,16.6
frame,lgw,Year 1, spring 5, Friday,38951,16.7
frame,lgw,Year 1, spring 5, Friday,38952,16.7
frame,lgw,Year 1, spring 5, Friday,38953,16.9
frame,lgw,Year 1, spring 5, Friday,38954,16.5
frame,lgw,Year 1, spring 5, Friday,38955,17.0
frame,lgw,Year 1, spring 5, Friday,38956,16.4
frame,lgw,Year 1, spring 5, Friday,38957,16.7
frame,lgw,Year 1, spring 5, Friday,38958,16.6
frame,lgw,Year 1, spring 5, Friday,38959,16.7
frame,lgw,Year 1, spring 5, Friday,38960,16.7
frame,lgw,Year 1, spring 5, Friday,38961,16.7
frame,lgw,Year 1, spring 5, Friday,38962,16.6
frame,lgw,Year 1, spring 5, Friday,38963,16.6
frame,lgw,Year 1, spring 5, Friday,38964,16.6
frame,lgw,Year 1, spring 5, Friday,38965,16.7
frame,lgw,Year 1, spring 5, Friday,38966,16.6
frame,lgw,Year 1, spring 5, Friday,38967,16.7
frame,lgw,Year 1, spring 5, Friday,38968,16.7
frame,lgw,Year 1, spring 5, Friday,38969,16.7
frame,lgw,Year 1, spring 5, Friday,38970,16.7
frame,lgw,Year 1, spring 5, Friday,38971,16.6
frame,lgw,Year 1, spring 5, Friday,38972,16.6
frame,lgw,Year 1, spring 5, Friday,38973,16.7
frame,lgw,Year 1, spring 5, Friday,38974,16.7
frame,lgw,Year 1, spring 5, Friday,38975,16.8
frame,lgw,Year 1, spring 5, Friday,38976,16.6
frame,lgw,Year 1, spring 5, Friday,38977,16.8
frame,lgw,Year 1, spring 5, Friday,38978,16.7
frame,lgw,Year 1, spring 5, Friday,38979,16.5
frame,lgw,Year 1, spring 5, Friday,38980,16.8
frame,lgw,Year 1, spring 5, Friday,38981,16.7
frame,lgw,Year 1, spring 5, Friday,38982,16.7
frame,lgw,Year 1, spring 5, Friday,38983,16.6
frame,lgw,Year 1, spring 5, Friday,38984,16.7
frame,lgw,Year 1, spring 5, Friday,38985,16.6
frame,lgw,Year 1, spring 5, Friday,38986,16.6
frame,lgw,Year 1, spring 5, Friday,38987,16.7
frame,lgw,Year 1, spring 5, Friday,38988,16.9
frame,lgw,Year 1, spring 5, Friday,38989,16.5
frame,lgw,Year 1, spring 5, Friday,38990,16.6
frame,lgw,Year 1, spring 5, Friday,38991,16.8
frame,lgw,Year 1, spring 5, Friday,38992,16.6
frame,lgw,Year 1, spring 5, Friday,38993,16.8
frame,lgw,Year 1, spring 5, Friday,38994,16.8
frame,lgw,Year 1, spring 5, Friday,38995,16.4
frame,lgw,Year 1, spring 5, Friday,38996,16.7
frame,lgw,Year 1, spring 5, Friday,38997,16.7
frame,lgw,Year 1, spring 5, Friday,38998,16.7
frame,lgw,Year 1, spring 5, Friday,38999,16.9
frame,lgw,Year 1, spring 5, Friday,39000,16.4
frame,lgw,Year 1, spring 5, Friday,39001,16.6
frame,lgw,Year 1, spring 5, Friday,39002,16.7
frame,lgw,Year 1, spring 5, Friday,39003,16.9
frame,lgw,Year 1, spring 5, Friday,39004,16.5
frame,lgw,Year 1, spring 5, Friday,39005,16.7
frame,lgw,Year 1, spring 5, Friday,39006,16.8
frame,lgw,Year 1, spring 5, Friday,39007,16.5
frame,lgw,Year 1, spring 5, Friday,39008,16.5
frame,lgw,Year 1, spring 5, Friday,39009,16.8
frame,lgw,Year 1, spring 5, Friday,39010,16.5
frame,lgw,Year 1, spring 5, Friday,39011,16.8
frame,lgw,Year 1, spring 5, Friday,39012,16.6
frame,lgw,Year 1, spring 5, Friday,39013,16.6
frame,lgw,Year 1, spring 5, Friday,39014,16.7
frame,lgw,Year 1, spring 5, Friday,39015,16.6
frame,lgw,Year 1, spring 5, Friday,39016,16.8
frame,lgw,Year 1, spring 5, Friday,39017,16.7
frame,lgw,Year 1, spring 5, Friday,39018,16.6
frame,lgw,Year 1, spring 5, Friday,39019,16.6
frame,lgw,Year 1, spring 5, Friday,39020,17.4
frame,lgw,Year 1, spring 5, Friday,39021,16.1
frame,lgw,Year 1, spring 5, Friday,39022,16.5
frame,lgw,Year 1, spring 5, Friday,39023,16.9
frame,lgw,Year 1, spring 5, Friday,39024,16.4
frame,lgw,Year 1, spring 5, Friday,39025,16.7
frame,lgw,Year 1, spring 5, Friday,39026,16.7
frame,lgw,Year 1, spring 5, Friday,39027,16.7
frame,lgw,Year 1, spring 5, Friday,39028,17.3
frame,lgw,Year 1, spring 5, Friday,39029,16.4
frame,lgw,Year 1, spring 5, Friday,39030,16.3
frame,lgw,Year 1, spring 5, Friday,39031,16.6
frame,lgw,Year 1, spring 5, Friday,39032,16.6
frame,lgw,Year 1, spring 5, Friday,39033,16.7
frame,lgw,Year 1, spring 5, Friday,39034,16.6
frame,lgw,Year 1, spring 5, Friday,39035,16.9
frame,lgw,Year 1, spring 5, Friday,39036,16.7
frame,lgw,Year 1, spring 5, Friday,39037,16.6
frame,lgw,Year 1, spring 5, Friday,39038,16.7
frame,lgw,Year 1, spring 5, Friday,39039,16.6
frame,lgw,Year 1, spring 5, Friday,39040,16.5
frame,lgw,Year 1, spring 5, Friday,39041,16.8
frame,lgw,Year 1, spring 5, Friday,39042,16.6
frame,lgw,Year 1, spring 5, Friday,39043,16.7
frame,lgw,Year 1, spring 5, Friday,39044,16.6
frame,lgw,Year 1, spring 5, Friday,39045,16.7
frame,lgw,Year 1, spring 5, Friday,39046,16.6
frame,lgw,Year 1, spring 5, Friday,39047,16.8
frame,lgw,Year 1, spring 5, Friday,39048,16.7
frame,lgw,Year 1, spring 5, Friday,39049,16.7
frame,lgw,Year 1, spring 5, Friday,39050,16.7
frame,lgw,Year 1, spring 5, Friday,39051,16.6
frame,lgw,Year 1, spring 5, Friday,39052,16.8
frame,lgw,Year 1, spring 5, Friday,39053,16.8
frame,lgw,Year 1, spring 5, Friday,39054,16.6
frame,lgw,Year 1, spring 5, Friday,39055,16.6
frame,lgw,Year 1, spring 5, Friday,39056,16.8
frame,lgw,Year 1, spring 5, Friday,39057,16.5
frame,lgw,Year 1, spring 5, Friday,39058,16.7
frame,lgw,Year 1, spring 5, Friday,39059,16.8
frame,lgw,Year 1, spring 5, Friday,39060,16.6
frame,lgw,Year 1, spring 5, Friday,39061,16.6
frame,lgw,Year 1, spring 5, Friday,39062,16.6
frame,lgw,Year 1, spring 5, Friday,39063,16.8
frame,lgw,Year 1, spring 5, Friday,39064,16.6
frame,lgw,Year 1, spring 5, Friday,39065,17.6
frame,lgw,Year 1, spring 5, Friday,39066,15.7
frame,lgw,Year 1, spring 5, Friday,39067,16.6
frame,lgw,Year 1, spring 5, Friday,39068,16.7
frame,lgw,Year 1, spring 5, Friday,39069,16.8
frame,lgw,Year 1, spring 5, Friday,39070,16.5
frame,lgw,Year 1, spring 5, Friday,39071,16.8
frame,lgw,Year 1, spring 5, Friday,39072,16.6
frame,lgw,Year 1, spring 5, Friday,39073,16.6
frame,lgw,Year 1, spring 5, Friday,39074,16.7
frame,lgw,Year 1, spring 5, Friday,39075,16.6
frame,lgw,Year 1, spring 5, Friday,39076,16.6
frame,lgw,Year 1, spring 5, Friday,39077,17.2
frame,lgw,Year 1, spring 5, Friday,39078,16.3
frame,lgw,Year 1, spring 5, Friday,39079,16.7
frame,lgw,Year 1, spring 5, Friday,39080,16.8
frame,lgw,Year 1, spring 5, Friday,39081,16.4
frame,lgw,Year 1, spring 5, Friday,39082,16.7
frame,lgw,Year 1, spring 5, Friday,39083,16.7
frame,lgw,Year 1, spring 5, Friday,39084,16.7
frame,lgw,Year 1, spring 5, Friday,39085,16.7
frame,lgw,Year 1, spring 5, Friday,39086,16.7
frame,lgw,Year 1, spring 5, Friday,39087,16.7
frame,lgw,Year 1, spring 5, Friday,39088,16.5
frame,lgw,Year 1, spring 5, Friday,39089,16.7
frame,lgw,Year 1, spring 5, Friday,39090,16.7
frame,lgw,Year 1, spring 5, Friday,39091,16.7
frame,lgw,Year 1, spring 5, Friday,39092,17.0
frame,lgw,Year 1, spring 5, Friday,39093,16.5
frame,lgw,Year 1, spring 5, Friday,39094,16.4
frame,lgw,Year 1, spring 5, Friday,39095,16.6
frame,lgw,Year 1, spring 5, Friday,39096,16.7
frame,lgw,Year 1, spring 5, Friday,39097,16.6
frame,lgw,Year 1, spring 5, Friday,39098,16.8
frame,lgw,Year 1, spring 5, Friday,39099,16.6
frame,lgw,Year 1, spring 5, Friday,39100,16.7
frame,lgw,Year 1, spring 5, Friday,39101,16.6
frame,lgw,Year 1, spring 5, Friday,39102,16.7
frame,lgw,Year 1, spring 5, Friday,39103,16.7
frame,lgw,Year 1, spring 5, Friday,39104,16.8
frame,lgw,Year 1, spring 5, Friday,39105,16.8
frame,lgw,Year 1, spring 5, Friday,39106,16.4
frame,lgw,Year 1, spring 5, Friday,39107,16.6
frame,lgw,Year 1, spring 5, Friday,39108,16.9
frame,lgw,Year 1, spring 5, Friday,39109,16.5
frame,lgw,Year 1, spring 5, Friday,39110,16.7
frame,lgw,Year 1, spring 5, Friday,39111,16.6
frame,lgw,Year 1, spring 5, Friday,39112,16.7
frame,lgw,Year 1, spring 5, Friday,39113,16.7
frame,lgw,Year 1, spring 5, Friday,39114,16.8
frame,lgw,Year 1, spring 5, Friday,39115,16.5
frame,lgw,Year 1, spring 5, Friday,39116,16.6
frame,lgw,Year 1, spring 5, Friday,39117,16.8
frame,lgw,Year 1, spring 5, Friday,39118,16.6
frame,lgw,Year 1, spring 5, Friday,39119,16.8
frame,lgw,Year 1, spring 5, Friday,39120,16.8
frame,lgw,Year 1, spring 5, Friday,39121,16.8
frame,lgw,Year 1, spring 5, Friday,39122,16.3
frame,lgw,Year 1, spring 5, Friday,39123,16.8
frame,lgw,Year 1, spring 5, Friday,39124,16.7
frame,lgw,Year 1, spring 5, Friday,39125,16.7
frame,lgw,Year 1, spring 5, Friday,39126,16.6
frame,lgw,Year 1, spring 5, Friday,39127,16.5
frame,lgw,Year 1, spring 5, Friday,39128,16.7
frame,lgw,Year 1, spring 5, Friday,39129,16.9
frame,lgw,Year 1, spring 5, Friday,39130,16.6
frame,lgw,Year 1, spring 5, Friday,39131,16.6
frame,lgw,Year 1, spring 5, Friday,39132,16.7
frame,lgw,Year 1, spring 5, Friday,39133,16.9
frame,lgw,Year 1, spring 5, Friday,39134,16.4
frame,lgw,Year 1, spring 5, Friday,39135,16.6
frame,lgw,Year 1, spring 5, Friday,39136,16.7
frame,lgw,Year 1, spring 5, Friday,39137,16.6
frame,lgw,Year 1, spring 5, Friday,39138,16.8
frame,lgw,Year 1, spring 5, Friday,39139,16.6
frame,lgw,Year 1, spring 5, Friday,39140,16.8
frame,lgw,Year 1, spring 5, Friday,39141,16.5
frame,lgw,Year 1, spring 5, Friday,39142,16.6
frame,lgw,Year 1, spring 5, Friday,39143,16.7
frame,lgw,Year 1, spring 5, Friday,39144,16.8
frame,lgw,Year 1, spring 5, Friday,39145,16.7
frame,lgw,Year 1, spring 5, Friday,39146,16.5
frame,lgw,Year 1, spring 5, Friday,39147,16.7
frame,lgw,Year 1, spring 5, Friday,39148,16.6
frame,lgw,Year 1, spring 5, Friday,39149,17.1
frame,lgw,Year 1, spring 5, Friday,39150,16.4
frame,lgw,Year 1, spring 5, Friday,39151,16.7
frame,lgw,Year 1, spring 5, Friday,39152,16.8
frame,lgw,Year 1, spring 5, Friday,39153,16.5
frame,lgw,Year 1, spring 5, Friday,39154,16.8
frame,lgw,Year 1, spring 5, Friday,39155,16.5
frame,lgw,Year 1, spring 5, Friday,39156,17.5
frame,lgw,Year 1, spring 5, Friday,39157,16.3
frame,lgw,Year 1, spring 5, Friday,39158,16.2
frame,lgw,Year 1, spring 5, Friday,39159,16.7
frame,lgw,Year 1, spring 5, Friday,39160,16.6
frame,lgw,Year 1, spring 5, Friday,39161,16.6
frame,lgw,Year 1, spring 5, Friday,39162,16.7
frame,lgw,Year 1, spring 5, Friday,39163,16.7
frame,lgw,Year 1, spring 5, Friday,39164,16.7
frame,lgw,Year 1, spring 5, Friday,39165,16.6
frame,lgw,Year 1, spring 5, Friday,39166,16.6
frame,lgw,Year 1, spring 5, Friday,39167,16.7
frame,lgw,Year 1, spring 5, Friday,39168,16.7
frame,lgw,Year 1, spring 5, Friday,39169,16.7
frame,lgw,Year 1, spring 5, Friday,39170,16.6
frame,lgw,Year 1, spring 5, Friday,39171,16.6
frame,lgw,Year 1, spring 5, Friday,39172,16.7
frame,lgw,Year 1, spring 5, Friday,39173,16.8
frame,lgw,Year 1, spring 5, Friday,39174,16.6
frame,lgw,Year 1, spring 5, Friday,39175,16.6
frame,lgw,Year 1, spring 5, Friday,39176,16.7
frame,lgw,Year 1, spring 5, Friday,39177,16.7
frame,lgw,Year 1, spring 5, Friday,39178,16.6
frame,lgw,Year 1, spring 5, Friday,39179,16.8
frame,lgw,Year 1, spring 5, Friday,39180,16.7
frame,lgw,Year 1, spring 5, Friday,39181,16.5
frame,lgw,Year 1, spring 5, Friday,39182,16.7
frame,lgw,Year 1, spring 5, Friday,39183,16.7
frame,lgw,Year 1, spring 5, Friday,39184,16.6
frame,lgw,Year 1, spring 5, Friday,39185,16.7
frame,lgw,Year 1, spring 5, Friday,39186,16.9
frame,lgw,Year 1, spring 5, Friday,39187,16.5
frame,lgw,Year 1, spring 5, Friday,39188,16.6
frame,lgw,Year 1, spring 5, Friday,39189,16.8
frame,lgw,Year 1, spring 5, Friday,39190,16.5
frame,lgw,Year 1, spring 5, Friday,39191,16.7
frame,lgw,Year 1, spring 5, Friday,39192,16.7
frame,lgw,Year 1, spring 5, Friday,39193,16.6
frame,lgw,Year 1, spring 5, Friday,39194,17.5
frame,lgw,Year 1, spring 5, Friday,39195,16.0
frame,lgw,Year 1, spring 5, Friday,39196,16.3
frame,lgw,Year 1, spring 5, Friday,39197,16.7
frame,lgw,Year 1, spring 5, Friday,39198,16.7
frame,lgw,Year 1, spring 5, Friday,39199,16.7
frame,lgw,Year 1, spring 5, Friday,39200,16.6
frame,lgw,Year 1, spring 5, Friday,39201,16.7
frame,lgw,Year 1, spring 5, Friday,39202,16.7
frame,lgw,Year 1, spring 5, Friday,39203,16.8
frame,lgw,Year 1, spring 5, Friday,39204,16.7
frame,lgw,Year 1, spring 5, Friday,39205,16.6
frame,lgw,Year 1, spring 5, Friday,39206,16.7
frame,lgw,Year 1, spring 5, Friday,39207,16.8
frame,lgw,Year 1, spring 5, Friday,39208,16.5
frame,lgw,Year 1, spring 5, Friday,39209,16.7
frame,lgw,Year 1, spring 5, Friday,39210,16.7
frame,lgw,Year 1, spring 5, Friday,39211,16.7
frame,lgw,Year 1, spring 5, Friday,39212,16.6
frame,lgw,Year 1, spring 5, Friday,39213,16.7
frame,lgw,Year 1, spring 5, Friday,39214,16.6
frame,lgw,Year 1, spring 5, Friday,39215,16.7
frame,lgw,Year 1, spring 5, Friday,39216,16.7
frame,lgw,Year 1, spring 5, Friday,39217,16.7
frame,lgw,Year 1, spring 5, Friday,39218,16.7
frame,lgw,Year 1, spring 5, Friday,39219,16.7
frame,lgw,Year 1, spring 5, Friday,39220,17.0
frame,lgw,Year 1, spring 5, Friday,39221,16.3
frame,lgw,Year 1, spring 5, Friday,39222,16.6
frame,lgw,Year 1, spring 5, Friday,39223,16.7
frame,lgw,Year 1, spring 5, Friday,39224,16.6
frame,lgw,Year 1, spring 5, Friday,39225,16.7
frame,lgw,Year 1, spring 5, Friday,39226,16.7
frame,lgw,Year 1, spring 5, Friday,39227,16.7
frame,lgw,Year 1, spring 5, Friday,39228,16.7
frame,lgw,Year 1, spring 5, Friday,39229,16.8
frame,lgw,Year 1, spring 5, Friday,39230,16.6
frame,lgw,Year 1, spring 5, Friday,39231,16.6
frame,lgw,Year 1, spring 5, Friday,39232,16.7
frame,lgw,Year 1, spring 5, Friday,39233,16.7
frame,lgw,Year 1, spring 5, Friday,39234,16.6
frame,lgw,Year 1, spring 5, Friday,39235,16.7
frame,lgw,Year 1, spring 5, Friday,39236,16.6
frame,lgw,Year 1, spring 5, Friday,39237,16.8
frame,lgw,Year 1, spring 5, Friday,39238,16.6
frame,lgw,Year 1, spring 5, Friday,39239,16.7
frame,lgw,Year 1, spring 5, Friday,39240,16.8
frame,lgw,Year 1, spring 5, Friday,39241,16.6
frame,lgw,Year 1, spring 5, Friday,39242,16.7
frame,lgw,Year 1, spring 5, Friday,39243,16.7
frame,lgw,Year 1, spring 5, Friday,39244,16.7
frame,lgw,Year 1, spring 5, Friday,39245,16.6
frame,lgw,Year 1, spring 5, Friday,39246,16.7
frame,lgw,Year 1, spring 5, Friday,39247,16.8
frame,lgw,Year 1, spring 5, Friday,39248,16.7
frame,lgw,Year 1, spring 5, Friday,39249,16.6
frame,lgw,Year 1, spring 5, Friday,39250,16.7
frame,lgw,Year 1, spring 5, Friday,39251,16.7
frame,lgw,Year 1, spring 5, Friday,39252,16.6
frame,lgw,Year 1, spring 5, Friday,39253,16.7
frame,lgw,Year 1, spring 5, Friday,39254,16.7
frame,lgw,Year 1, spring 5, Friday,39255,16.8
frame,lgw,Year 1, spring 5, Friday,39256,16.8
frame,lgw,Year 1, spring 5, Friday,39257,16.4
frame,lgw,Year 1, spring 5, Friday,39258,16.6
frame,lgw,Year 1, spring 5, Friday,39259,16.7
frame,lgw,Year 1, spring 5, Friday,39260,16.6
frame,lgw,Year 1, spring 5, Friday,39261,16.6
frame,lgw,Year 1, spring 5, Friday,39262,16.7
frame,lgw,Year 1, spring 5, Friday,39263,16.7
frame,lgw,Year 1, spring 5, Friday,39264,16.7
frame,lgw,Year 1, spring 5, Friday,39265,16.7
frame,lgw,Year 1, spring 5, Friday,39266,16.6
frame,lgw,Year 1, spring 5, Friday,39267,16.7
frame,lgw,Year 1, spring 5, Friday,39268,16.9
frame,lgw,Year 1, spring 5, Friday,39269,16.6
frame,lgw,Year 1, spring 5, Friday,39270,16.6
frame,lgw,Year 1, spring 5, Friday,39271,16.6
frame,lgw,Year 1, spring 5, Friday,39272,16.7
frame,lgw,Year 1, spring 5, Friday,39273,16.6
frame,lgw,Year 1, spring 5, Friday,39274,16.6
frame,lgw,Year 1, spring 5, Friday,39275,16.7
frame,lgw,Year 1, spring 5, Friday,39276,16.8
frame,lgw,Year 1, spring 5, Friday,39277,16.6
frame,lgw,Year 1, spring 5, Friday,39278,16.7
frame,lgw,Year 1, spring 5, Friday,39279,16.6
frame,lgw,Year 1, spring 5, Friday,39280,16.8
frame,lgw,Year 1, spring 5, Friday,39281,16.7
frame,lgw,Year 1, spring 5, Friday,39282,16.7
frame,lgw,Year 1, spring 5, Friday,39283,16.5
frame,lgw,Year 1, spring 5, Friday,39284,16.7
frame,lgw,Year 1, spring 5, Friday,39285,16.6
frame,lgw,Year 1, spring 5, Friday,39286,16.6
frame,lgw,Year 1, spring 5, Friday,39287,16.7
frame,lgw,Year 1, spring 5, Friday,39288,16.7
frame,lgw,Year 1, spring 5, Friday,39289,16.7
frame,lgw,Year 1, spring 5, Friday,39290,16.6
frame,lgw,Year 1, spring 5, Friday,39291,16.6
frame,lgw,Year 1, spring 5, Friday,39292,16.7
frame,lgw,Year 1, spring 5, Friday,39293,16.8
frame,lgw,Year 1, spring 5, Friday,39294,16.7
frame,lgw,Year 1, spring 5, Friday,39295,16.7
frame,lgw,Year 1, spring 5, Friday,39296,16.7
frame,lgw,Year 1, spring 5, Friday,39297,16.5
frame,lgw,Year 1, spring 5, Friday,39298,16.7
frame,lgw,Year 1, spring 5, Friday,39299,16.6
frame,lgw,Year 1, spring 5, Friday,39300,16.8
frame,lgw,Year 1, spring 5, Friday,39301,16.6
frame,lgw,Year 1, spring 5, Friday,39302,16.7
frame,lgw,Year 1, spring 5, Friday,39303,16.6
frame,lgw,Year 1, spring 5, Friday,39304,16.6
frame,lgw,Year 1, spring 5, Friday,39305,16.8
frame,lgw,Year 1, spring 5, Friday,39306,16.7
frame,lgw,Year 1, spring 5, Friday,39307,16.8
frame,lgw,Year 1, spring 5, Friday,39308,16.4
frame,lgw,Year 1, spring 5, Friday,39309,16.7
frame,lgw,Year 1, spring 5, Friday,39310,16.6
frame,lgw,Year 1, spring 5, Friday,39311,16.7
frame,lgw,Year 1, spring 5, Friday,39312,16.7
frame,lgw,Year 1, spring 5, Friday,39313,16.7
frame,lgw,Year 1, spring 5, Friday,39314,16.7
frame,lgw,Year 1, spring 5, Friday,39315,16.6
frame,lgw,Year 1, spring 5, Friday,39316,16.8
frame,lgw,Year 1, spring 5, Friday,39317,16.6
frame,lgw,Year 1, spring 5, Friday,39318,16.7
frame,lgw,Year 1, spring 5, Friday,39319,16.6
frame,lgw,Year 1, spring 5, Friday,39320,16.8
frame,lgw,Year 1, spring 5, Friday,39321,16.6
frame,lgw,Year 1, spring 5, Friday,39322,16.6
frame,lgw,Year 1, spring 5, Friday,39323,16.7
frame,lgw,Year 1, spring 5, Friday,39324,16.7
frame,lgw,Year 1, spring 5, Friday,39325,16.7
frame,lgw,Year 1, spring 5, Friday,39326,16.6
frame,lgw,Year 1, spring 5, Friday,39327,16.7
frame,lgw,Year 1, spring 5, Friday,39328,16.6
frame,lgw,Year 1, spring 5, Friday,39329,16.7
frame,lgw,Year 1, spring 5, Friday,39330,16.6
frame,lgw,Year 1, spring 5, Friday,39331,16.9
frame,lgw,Year 1, spring 5, Friday,39332,18.1
frame,lgw,Year 1, spring 5, Friday,39333,15.0
frame,lgw,Year 1, spring 5, Friday,39334,16.6
frame,lgw,Year 1, spring 5, Friday,39335,16.7
frame,lgw,Year 1, spring 5, Friday,39336,16.7
frame,lgw,Year 1, spring 5, Friday,39337,16.6
frame,lgw,Year 1, spring 5, Friday,39338,16.7
frame,lgw,Year 1, spring 5, Friday,39339,16.6
frame,lgw,Year 1, spring 5, Friday,39340,16.8
frame,lgw,Year 1, spring 5, Friday,39341,16.6
frame,lgw,Year 1, spring 5, Friday,39342,16.6
frame,lgw,Year 1, spring 5, Friday,39343,16.7
frame,lgw,Year 1, spring 5, Friday,39344,16.7
frame,lgw,Year 1, spring 5, Friday,39345,16.7
frame,lgw,Year 1, spring 5, Friday,39346,16.5
frame,lgw,Year 1, spring 5, Friday,39347,16.7
frame,lgw,Year 1, spring 5, Friday,39348,16.6
frame,lgw,Year 1, spring 5, Friday,39349,16.7
frame,lgw,Year 1, spring 5, Friday,39350,16.7
frame,lgw,Year 1, spring 5, Friday,39351,16.7
frame,lgw,Year 1, spring 5, Friday,39352,16.6
frame,lgw,Year 1, spring 5, Friday,39353,16.7
frame,lgw,Year 1, spring 5, Friday,39354,16.7
frame,lgw,Year 1, spring 5, Friday,39355,16.6
frame,lgw,Year 1, spring 5, Friday,39356,16.7
frame,lgw,Year 1, spring 5, Friday,39357,16.7
frame,lgw,Year 1, spring 5, Friday,39358,16.6
frame,lgw,Year 1, spring 5, Friday,39359,16.9
frame,lgw,Year 1, spring 5, Friday,39360,16.5
frame,lgw,Year 1, spring 5, Friday,39361,16.6
frame,lgw,Year 1, spring 5, Friday,39362,16.7
frame,lgw,Year 1, spring 5, Friday,39363,16.7
frame,lgw,Year 1, spring 5, Friday,39364,16.6
frame,lgw,Year 1, spring 5, Friday,39365,16.7
frame,lgw,Year 1, spring 5, Friday,39366,16.6
frame,lgw,Year 1, spring 5, Friday,39367,19.0
frame,lgw,Year 1, spring 5, Friday,39368,14.4
frame,lgw,Year 1, spring 5, Friday,39369,16.7
frame,lgw,Year 1, spring 5, Friday,39370,16.6
frame,lgw,Year 1, spring 5, Friday,39371,16.7
frame,lgw,Year 1, spring 5, Friday,39372,16.7
frame,lgw,Year 1, spring 5, Friday,39373,16.7
frame,lgw,Year 1, spring 5, Friday,39374,16.6
frame,lgw,Year 1, spring 5, Friday,39375,16.8
frame,lgw,Year 1, spring 5, Friday,39376,16.6
frame,lgw,Year 1, spring 5, Friday,39377,16.7
frame,lgw,Year 1, spring 5, Friday,39378,16.6
frame,lgw,Year 1, spring 5, Friday,39379,16.7
frame,lgw,Year 1, spring 5, Friday,39380,16.8
frame,lgw,Year 1, spring 5, Friday,39381,16.8
frame,lgw,Year 1, spring 5, Friday,39382,16.5
frame,lgw,Year 1, spring 5, Friday,39383,16.6
frame,lgw,Year 1, spring 5, Friday,39384,16.6
frame,lgw,Year 1, spring 5, Friday,39385,16.7
frame,lgw,Year 1, spring 5, Friday,39386,16.8
frame,lgw,Year 1, spring 5, Friday,39387,16.5
frame,lgw,Year 1, spring 5, Friday,39388,16.6
frame,lgw,Year 1, spring 5, Friday,39389,16.6
frame,lgw,Year 1, spring 5, Friday,39390,16.7
frame,lgw,Year 1, spring 5, Friday,39391,16.6
frame,lgw,Year 1, spring 5, Friday,39392,16.7
frame,lgw,Year 1, spring 5, Friday,39393,16.7
frame,lgw,Year 1, spring 5, Friday,39394,16.6
frame,lgw,Year 1, spring 5, Friday,39395,17.0
frame,lgw,Year 1, spring 5, Friday,39396,16.3
frame,lgw,Year 1, spring 5, Friday,39397,16.7
frame,lgw,Year 1, spring 5, Friday,39398,16.7
frame,lgw,Year 1, spring 5, Friday,39399,16.6
frame,lgw,Year 1, spring 5, Friday,39400,16.7
frame,lgw,Year 1, spring 5, Friday,39401,16.7
frame,lgw,Year 1, spring 5, Friday,39402,16.6
frame,lgw,Year 1, spring 5, Friday,39403,16.6
frame,lgw,Year 1, spring 5, Friday,39404,16.7
frame,lgw,Year 1, spring 5, Friday,39405,16.7
frame,lgw,Year 1, spring 5, Friday,39406,16.6
frame,lgw,Year 1, spring 5, Friday,39407,16.8
frame,lgw,Year 1, spring 5, Friday,39408,16.6
frame,lgw,Year 1, spring 5, Friday,39409,16.6
frame,lgw,Year 1, spring 5, Friday,39410,16.8
frame,lgw,Year 1, spring 5, Friday,39411,16.6
frame,lgw,Year 1, spring 5, Friday,39412,16.6
frame,lgw,Year 1, spring 5, Friday,39413,16.6
frame,lgw,Year 1, spring 5, Friday,39414,16.7
frame,lgw,Year 1, spring 5, Friday,39415,16.6
frame,lgw,Year 1, spring 5, Friday,39416,16.7
frame,lgw,Year 1, spring 5, Friday,39417,16.7
frame,lgw,Year 1, spring 5, Friday,39418,16.7
frame,lgw,Year 1, spring 5, Friday,39419,16.6
frame,lgw,Year 1, spring 5, Friday,39420,16.7
frame,lgw,Year 1, spring 5, Friday,39421,16.7
frame,lgw,Year 1, spring 5, Friday,39422,16.7
frame,lgw,Year 1, spring 5, Friday,39423,16.8
frame,lgw,Year 1, spring 5, Friday,39424,16.5
frame,lgw,Year 1, spring 5, Friday,39425,16.7
frame,lgw,Year 1, spring 5, Friday,39426,16.7
frame,lgw,Year 1, spring 5, Friday,39427,16.6
frame,lgw,Year 1, spring 5, Friday,39428,16.7
frame,lgw,Year 1, spring 5, Friday,39429,16.7
frame,lgw,Year 1, spring 5, Friday,39430,16.7
frame,lgw,Year 1, spring 5, Friday,39431,16.7
frame,lgw,Year 1, spring 5, Friday,39432,16.7
frame,lgw,Year 1, spring 5, Friday,39433,16.6
frame,lgw,Year 1, spring 5, Friday,39434,16.7
frame,lgw,Year 1, spring 5, Friday,39435,16.7
frame,lgw,Year 1, spring 5, Friday,39436,17.7
frame,lgw,Year 1, spring 5, Friday,39437,15.7
frame,lgw,Year 1, spring 5, Friday,39438,16.6
frame,lgw,Year 1, spring 5, Friday,39439,16.6
frame,lgw,Year 1, spring 5, Friday,39440,16.7
frame,lgw,Year 1, spring 5, Friday,39441,16.6
switch,lgw,Year 1, spring 6, Saturday,600,145.9
switchdetail,lgw,Year 1, spring 6, Saturday,700,0,0.0
lag,lgw,Year 1, spring 6, Saturday,39444,145.9
lag,lgw,Year 1, spring 6, Saturday,39445,2026.7
frame,lgw,Year 1, spring 6, Saturday,39442,18.4
frame,lgw,Year 1, spring 6, Saturday,39443,145.9
frame,lgw,Year 1, spring 6, Saturday,39444,500.0
frame,lgw,Year 1, spring 6, Saturday,39445,9.0
frame,lgw,Year 1, spring 6, Saturday,39446,16.6
frame,lgw,Year 1, spring 6, Saturday,39447,16.7
frame,lgw,Year 1, spring 6, Saturday,39448,16.6
frame,lgw,Year 1, spring 6, Saturday,39449,16.7
frame,lgw,Year 1, spring 6, Saturday,39450,16.7
frame,lgw,Year 1, spring 6, Saturday,39451,16.7
frame,lgw,Year 1, spring 6, Saturday,39452,16.6
frame,lgw,Year 1, spring 6, Saturday,39453,16.8
frame,lgw,Year 1, spring 6, Saturday,39454,16.6
frame,lgw,Year 1, spring 6, Saturday,39455,16.6
frame,lgw,Year 1, spring 6, Saturday,39456,16.7
frame,lgw,Year 1, spring 6, Saturday,39457,16.7
frame,lgw,Year 1, spring 6, Saturday,39458,16.7
frame,lgw,Year 1, spring 6, Saturday,39459,16.6
frame,lgw,Year 1, spring 6, Saturday,39460,16.8
frame,lgw,Year 1, spring 6, Saturday,39461,16.6
frame,lgw,Year 1, spring 6, Saturday,39462,16.6
frame,lgw,Year 1, spring 6, Saturday,39463,16.6
frame,lgw,Year 1, spring 6, Saturday,39464,16.7
frame,lgw,Year 1, spring 6, Saturday,39465,16.7
frame,lgw,Year 1, spring 6, Saturday,39466,16.8
frame,lgw,Year 1, spring 6, Saturday,39467,16.5
frame,lgw,Year 1, spring 6, Saturday,39468,16.8
frame,lgw,Year 1, spring 6, Saturday,39469,16.6
frame,lgw,Year 1, spring 6, Saturday,39470,16.6
frame,lgw,Year 1, spring 6, Saturday,39471,16.7
frame,lgw,Year 1, spring 6, Saturday,39472,16.6
frame,lgw,Year 1, spring 6, Saturday,39473,16.7
frame,lgw,Year 1, spring 6, Saturday,39474,16.9
frame,lgw,Year 1, spring 6, Saturday,39475,16.5
frame,lgw,Year 1, spring 6, Saturday,39476,16.6
frame,lgw,Year 1, spring 6, Saturday,39477,16.7
frame,lgw,Year 1, spring 6, Saturday,39478,16.7
frame,lgw,Year 1, spring 6, Saturday,39479,16.7
frame,lgw,Year 1, spring 6, Saturday,39480,16.7
frame,lgw,Year 1, spring 6, Saturday,39481,16.6
frame,lgw,Year 1, spring 6, Saturday,39482,16.6
frame,lgw,Year 1, spring 6, Saturday,39483,16.7
frame,lgw,Year 1, spring 6, Saturday,39484,16.7
frame,lgw,Year 1, spring 6, Saturday,39485,16.7
frame,lgw,Year 1, spring 6, Saturday,39486,16.6
frame,lgw,Year 1, spring 6, Saturday,39487,16.7
frame,lgw,Year 1, spring 6, Saturday,39488,16.6
frame,lgw,Year 1, spring 6, Saturday,39489,16.7
frame,lgw,Year 1, spring 6, Saturday,39490,16.7
frame,lgw,Year 1, spring 6, Saturday,39491,16.7
frame,lgw,Year 1, spring 6, Saturday,39492,16.6
frame,lgw,Year 1, spring 6, Saturday,39493,16.7
frame,lgw,Year 1, spring 6, Saturday,39494,16.7
frame,lgw,Year 1, spring 6, Saturday,39495,16.7
frame,lgw,Year 1, spring 6, Saturday,39496,16.7
frame,lgw,Year 1, spring 6, Saturday,39497,16.6
frame,lgw,Year 1, spring 6, Saturday,39498,16.6
frame,lgw,Year 1, spring 6, Saturday,39499,16.7
frame,lgw,Year 1, spring 6, Saturday,39500,16.6
frame,lgw,Year 1, spring 6, Saturday,39501,16.7
frame,lgw,Year 1, spring 6, Saturday,39502,16.7
frame,lgw,Year 1, spring 6, Saturday,39503,16.6
frame,lgw,Year 1, spring 6, Saturday,39504,16.9
frame,lgw,Year 1, spring 6, Saturday,39505,16.6
frame,lgw,Year 1, spring 6, Saturday,39506,16.6
frame,lgw,Year 1, spring 6, Saturday,39507,16.6
frame,lgw,Year 1, spring 6, Saturday,39508,16.7
frame,lgw,Year 1, spring 6, Saturday,39509,16.7
frame,lgw,Year 1, spring 6, Saturday,39510,16.5
frame,lgw,Year 1, spring 6, Saturday,39511,16.7
frame,lgw,Year 1, spring 6, Saturday,39512,16.6
frame,lgw,Year 1, spring 6, Saturday,39513,16.7
frame,lgw,Year 1, spring 6, Saturday,39514,16.8
frame,lgw,Year 1, spring 6, Saturday,39515,16.6
frame,lgw,Year 1, spring 6, Saturday,39516,16.9
frame,lgw,Year 1, spring 6, Saturday,39517,16.6
frame,lgw,Year 1, spring 6, Saturday,39518,16.5
frame,lgw,Year 1, spring 6, Saturday,39519,16.7
frame,lgw,Year 1, spring 6, Saturday,39520,16.6
frame,lgw,Year 1, spring 6, Saturday,39521,16.6
frame,lgw,Year 1, spring 6, Saturday,39522,16.7
frame,lgw,Year 1, spring 6, Saturday,39523,16.7
frame,lgw,Year 1, spring 6, Saturday,39524,16.6
frame,lgw,Year 1, spring 6, Saturday,39525,16.7
frame,lgw,Year 1, spring 6, Saturday,39526,16.8
frame,lgw,Year 1, spring 6, Saturday,39527,16.5
frame,lgw,Year 1, spring 6, Saturday,39528,16.6
frame,lgw,Year 1, spring 6, Saturday,39529,16.7
frame,lgw,Year 1, spring 6, Saturday,39530,16.7
frame,lgw,Year 1, spring 6, Saturday,39531,16.7
frame,lgw,Year 1, spring 6, Saturday,39532,16.6
frame,lgw,Year 1, spring 6, Saturday,39533,16.7
frame,lgw,Year 1, spring 6, Saturday,39534,16.7
frame,lgw,Year 1, spring 6, Saturday,39535,16.6
frame,lgw,Year 1, spring 6, Saturday,39536,16.7
frame,lgw,Year 1, spring 6, Saturday,39537,16.7
frame,lgw,Year 1, spring 6, Saturday,39538,16.7
frame,lgw,Year 1, spring 6, Saturday,39539,16.6
frame,lgw,Year 1, spring 6, Saturday,39540,16.6
frame,lgw,Year 1, spring 6, Saturday,39541,16.7
frame,lgw,Year 1, spring 6, Saturday,39542,16.8
frame,lgw,Year 1, spring 6, Saturday,39543,16.6
frame,lgw,Year 1, spring 6, Saturday,39544,16.8
frame,lgw,Year 1, spring 6, Saturday,39545,16.7
frame,lgw,Year 1, spring 6, Saturday,39546,16.6
frame,lgw,Year 1, spring 6, Saturday,39547,16.6
frame,lgw,Year 1, spring 6, Saturday,39548,16.7
frame,lgw,Year 1, spring 6, Saturday,39549,16.7
frame,lgw,Year 1, spring 6, Saturday,39550,19.1
frame,lgw,Year 1, spring 6, Saturday,39551,14.2
frame,lgw,Year 1, spring 6, Saturday,39552,16.7
frame,lgw,Year 1, spring 6, Saturday,39553,16.7
frame,lgw,Year 1, spring 6, Saturday,39554,16.7
frame,lgw,Year 1, spring 6, Saturday,39555,16.8
frame,lgw,Year 1, spring 6, Saturday,39556,16.8
frame,lgw,Year 1, spring 6, Saturday,39557,16.5
frame,lgw,Year 1, spring 6, Saturday,39558,16.5
frame,lgw,Year 1, spring 6, Saturday,39559,16.7
frame,lgw,Year 1, spring 6, Saturday,39560,16.7
frame,lgw,Year 1, spring 6, Saturday,39561,16.7
frame,lgw,Year 1, spring 6, Saturday,39562,16.7
frame,lgw,Year 1, spring 6, Saturday,39563,16.5
frame,lgw,Year 1, spring 6, Saturday,39564,16.7
frame,lgw,Year 1, spring 6, Saturday,39565,16.7
frame,lgw,Year 1, spring 6, Saturday,39566,16.6
frame,lgw,Year 1, spring 6, Saturday,39567,16.8
frame,lgw,Year 1, spring 6, Saturday,39568,16.6
frame,lgw,Year 1, spring 6, Saturday,39569,16.6
frame,lgw,Year 1, spring 6, Saturday,39570,16.7
frame,lgw,Year 1, spring 6, Saturday,39571,16.7
frame,lgw,Year 1, spring 6, Saturday,39572,16.7
frame,lgw,Year 1, spring 6, Saturday,39573,16.7
frame,lgw,Year 1, spring 6, Saturday,39574,16.8
frame,lgw,Year 1, spring 6, Saturday,39575,16.5
frame,lgw,Year 1, spring 6, Saturday,39576,16.7
frame,lgw,Year 1, spring 6, Saturday,39577,16.8
frame,lgw,Year 1, spring 6, Saturday,39578,16.6
frame,lgw,Year 1, spring 6, Saturday,39579,17.2
frame,lgw,Year 1, spring 6, Saturday,39580,16.2
frame,lgw,Year 1, spring 6, Saturday,39581,16.6
frame,lgw,Year 1, spring 6, Saturday,39582,16.7
frame,lgw,Year 1, spring 6, Saturday,39583,16.6
frame,lgw,Year 1, spring 6, Saturday,39584,16.6
frame,lgw,Year 1, spring 6, Saturday,39585,16.7
frame,lgw,Year 1, spring 6, Saturday,39586,16.6
frame,lgw,Year 1, spring 6, Saturday,39587,16.7
frame,lgw,Year 1, spring 6, Saturday,39588,16.6
frame,lgw,Year 1, spring 6, Saturday,39589,16.7
frame,lgw,Year 1, spring 6, Saturday,39590,16.6
frame,lgw,Year 1, spring 6, Saturday,39591,16.7
frame,lgw,Year 1, spring 6, Saturday,39592,16.6
frame,lgw,Year 1, spring 6, Saturday,39593,16.7
frame,lgw,Year 1, spring 6, Saturday,39594,16.7
frame,lgw,Year 1, spring 6, Saturday,39595,16.6
frame,lgw,Year 1, spring 6, Saturday,39596,16.7
frame,lgw,Year 1, spring 6, Saturday,39597,16.7
frame,lgw,Year 1, spring 6, Saturday,39598,16.7
frame,lgw,Year 1, spring 6, Saturday,39599,16.7
frame,lgw,Year 1, spring 6, Saturday,39600,16.6
frame,lgw,Year 1, spring 6, Saturday,39601,16.6
frame,lgw,Year 1, spring 6, Saturday,39602,16.7
frame,lgw,Year 1, spring 6, Saturday,39603,16.7
frame,lgw,Year 1, spring 6, Saturday,39604,16.6
frame,lgw,Year 1, spring 6, Saturday,39605,16.8
frame,lgw,Year 1, spring 6, Saturday,39606,16.6
frame,lgw,Year 1, spring 6, Saturday,39607,16.8
frame,lgw,Year 1, spring 6, Saturday,39608,16.5
frame,lgw,Year 1, spring 6, Saturday,39609,16.7
frame,lgw,Year 1, spring 6, Saturday,39610,16.6
frame,lgw,Year 1, spring 6, Saturday,39611,16.7
frame,lgw,Year 1, spring 6, Saturday,39612,16.6
frame,lgw,Year 1, spring 6, Saturday,39613,16.7
frame,lgw,Year 1, spring 6, Saturday,39614,16.9
frame,lgw,Year 1, spring 6, Saturday,39615,16.5
frame,lgw,Year 1, spring 6, Saturday,39616,16.6
frame,lgw,Year 1, spring 6, Saturday,39617,16.7
frame,lgw,Year 1, spring 6, Saturday,39618,17.3
frame,lgw,Year 1, spring 6, Saturday,39619,16.5
frame,lgw,Year 1, spring 6, Saturday,39620,16.3
frame,lgw,Year 1, spring 6, Saturday,39621,16.6
frame,lgw,Year 1, spring 6, Saturday,39622,16.6
frame,lgw,Year 1, spring 6, Saturday,39623,16.6
frame,lgw,Year 1, spring 6, Saturday,39624,16.7
lag,lgw,Year 1, spring 7, Sunday,39627,159.0
lag,lgw,Year 1, spring 7, Sunday,39628,2014.0
frame,lgw,Year 1, spring 7, Sunday,39625,17.1
frame,lgw,Year 1, spring 7, Sunday,39626,159.0
frame,lgw,Year 1, spring 7, Sunday,39627,500.0
frame,lgw,Year 1, spring 7, Sunday,39628,12.2
frame,lgw,Year 1, spring 7, Sunday,39629,14.5
frame,lgw,Year 1, spring 7, Sunday,39630,16.6
frame,lgw,Year 1, spring 7, Sunday,39631,16.6
frame,lgw,Year 1, spring 7, Sunday,39632,16.8
frame,lgw,Year 1, spring 7, Sunday,39633,16.6
frame,lgw,Year 1, spring 7, Sunday,39634,16.6
frame,lgw,Year 1, spring 7, Sunday,39635,16.6
frame,lgw,Year 1, spring 7, Sunday,39636,16.7
frame,lgw,Year 1, spring 7, Sunday,39637,16.7
frame,lgw,Year 1, spring 7, Sunday,39638,16.7
frame,lgw,Year 1, spring 7, Sunday,39639,16.7
frame,lgw,Year 1, spring 7, Sunday,39640,16.7
frame,lgw,Year 1, spring 7, Sunday,39641,16.6
frame,lgw,Year 1, spring 7, Sunday,39642,16.6
frame,lgw,Year 1, spring 7, Sunday,39643,16.6
frame,lgw,Year 1, spring 7, Sunday,39644,16.7
frame,lgw,Year 1, spring 7, Sunday,39645,16.7
frame,lgw,Year 1, spring 7, Sunday,39646,16.7
frame,lgw,Year 1, spring 7, Sunday,39647,16.6
frame,lgw,Year 1, spring 7, Sunday,39648,16.8
frame,lgw,Year 1, spring 7, Sunday,39649,16.6
frame,lgw,Year 1, spring 7, Sunday,39650,16.6
frame,lgw,Year 1, spring 7, Sunday,39651,16.7
frame,lgw,Year 1, spring 7, Sunday,39652,16.7
frame,lgw,Year 1, spring 7, Sunday,39653,16.6
frame,lgw,Year 1, spring 7, Sunday,39654,16.6
frame,lgw,Year 1, spring 7, Sunday,39655,16.7
frame,lgw,Year 1, spring 7, Sunday,39656,16.7
frame,lgw,Year 1, spring 7, Sunday,39657,16.7
frame,lgw,Year 1, spring 7, Sunday,39658,16.6
frame,lgw,Year 1, spring 7, Sunday,39659,16.8
frame,lgw,Year 1, spring 7, Sunday,39660,16.5
frame,lgw,Year 1, spring 7, Sunday,39661,16.7
frame,lgw,Year 1, spring 7, Sunday,39662,16.7
frame,lgw,Year 1, spring 7, Sunday,39663,16.7
frame,lgw,Year 1, spring 7, Sunday,39664,16.7
frame,lgw,Year 1, spring 7, Sunday,39665,16.6
frame,lgw,Year 1, spring 7, Sunday,39666,16.7
frame,lgw,Year 1, spring 7, Sunday,39667,16.6
frame,lgw,Year 1, spring 7, Sunday,39668,16.7
frame,lgw,Year 1, spring 7, Sunday,39669,16.7
frame,lgw,Year 1, spring 7, Sunday,39670,16.6
frame,lgw,Year 1, spring 7, Sunday,39671,16.7
frame,lgw,Year 1, spring 7, Sunday,39672,16.7
frame,lgw,Year 1, spring 7, Sunday,39673,16.7
frame,lgw,Year 1, spring 7, Sunday,39674,16.8
frame,lgw,Year 1, spring 7, Sunday,39675,16.5
frame,lgw,Year 1, spring 7, Sunday,39676,16.6
frame,lgw,Year 1, spring 7, Sunday,39677,16.8
frame,lgw,Year 1, spring 7, Sunday,39678,16.6
frame,lgw,Year 1, spring 7, Sunday,39679,16.6
frame,lgw,Year 1, spring 7, Sunday,39680,16.7
frame,lgw,Year 1, spring 7, Sunday,39681,16.8
frame,lgw,Year 1, spring 7, Sunday,39682,16.6
frame,lgw,Year 1, spring 7, Sunday,39683,17.2
frame,lgw,Year 1, spring 7, Sunday,39684,16.1
frame,lgw,Year 1, spring 7, Sunday,39685,16.7
frame,lgw,Year 1, spring 7, Sunday,39686,16.7
frame,lgw,Year 1, spring 7, Sunday,39687,16.7
frame,lgw,Year 1, spring 7, Sunday,39688,16.8
frame,lgw,Year 1, spring 7, Sunday,39689,16.7
frame,lgw,Year 1, spring 7, Sunday,39690,16.5
frame,lgw,Year 1, spring 7, Sunday,39691,16.6
frame,lgw,Year 1, spring 7, Sunday,39692,16.7
frame,lgw,Year 1, spring 7, Sunday,39693,16.7
frame,lgw,Year 1, spring 7, Sunday,39694,16.6
frame,lgw,Year 1, spring 7, Sunday,39695,16.6
frame,lgw,Year 1, spring 7, Sunday,39696,17.5
frame,lgw,Year 1, spring 7, Sunday,39697,15.8
frame,lgw,Year 1, spring 7, Sunday,39698,16.7
frame,lgw,Year 1, spring 7, Sunday,39699,16.6
frame,lgw,Year 1, spring 7, Sunday,39700,16.7
frame,lgw,Year 1, spring 7, Sunday,39701,16.8
frame,lgw,Year 1, spring 7, Sunday,39702,16.5
frame,lgw,Year 1, spring 7, Sunday,39703,16.7
frame,lgw,Year 1, spring 7, Sunday,39704,16.6
frame,lgw,Year 1, spring 7, Sunday,39705,16.6
frame,lgw,Year 1, spring 7, Sunday,39706,16.7
frame,lgw,Year 1, spring 7, Sunday,39707,16.6
frame,lgw,Year 1, spring 7, Sunday,39708,16.7
frame,lgw,Year 1, spring 7, Sunday,39709,16.7
frame,lgw,Year 1, spring 7, Sunday,39710,16.7
frame,lgw,Year 1, spring 7, Sunday,39711,16.6
frame,lgw,Year 1, spring 7, Sunday,39712,16.7
frame,lgw,Year 1, spring 7, Sunday,39713,16.8
frame,lgw,Year 1, spring 7, Sunday,39714,16.5
frame,lgw,Year 1, spring 7, Sunday,39715,16.8
frame,lgw,Year 1, spring 7, Sunday,39716,16.6
frame,lgw,Year 1, spring 7, Sunday,39717,16.7
frame,lgw,Year 1, spring 7, Sunday,39718,16.8
frame,lgw,Year 1, spring 7, Sunday,39719,16.5
frame,lgw,Year 1, spring 7, Sunday,39720,16.6
frame,lgw,Year 1, spring 7, Sunday,39721,16.7
frame,lgw,Year 1, spring 7, Sunday,39722,16.7
frame,lgw,Year 1, spring 7, Sunday,39723,16.6
frame,lgw,Year 1, spring 7, Sunday,39724,17.4
frame,lgw,Year 1, spring 7, Sunday,39725,16.0
frame,lgw,Year 1, spring 7, Sunday,39726,16.6
frame,lgw,Year 1, spring 7, Sunday,39727,16.7
frame,lgw,Year 1, spring 7, Sunday,39728,17.0
frame,lgw,Year 1, spring 7, Sunday,39729,16.4
frame,lgw,Year 1, spring 7, Sunday,39730,16.7
frame,lgw,Year 1, spring 7, Sunday,39731,16.7
frame,lgw,Year 1, spring 7, Sunday,39732,16.6
frame,lgw,Year 1, spring 7, Sunday,39733,16.9
frame,lgw,Year 1, spring 7, Sunday,39734,16.5
frame,lgw,Year 1, spring 7, Sunday,39735,16.6
frame,lgw,Year 1, spring 7, Sunday,39736,16.7
frame,lgw,Year 1, spring 7, Sunday,39737,16.6
frame,lgw,Year 1, spring 7, Sunday,39738,16.7
frame,lgw,Year 1, spring 7, Sunday,39739,19.0
frame,lgw,Year 1, spring 7, Sunday,39740,14.3
frame,lgw,Year 1, spring 7, Sunday,39741,16.8
frame,lgw,Year 1, spring 7, Sunday,39742,16.6
frame,lgw,Year 1, spring 7, Sunday,39743,16.6
frame,lgw,Year 1, spring 7, Sunday,39744,16.7
frame,lgw,Year 1, spring 7, Sunday,39745,16.7
frame,lgw,Year 1, spring 7, Sunday,39746,16.7
frame,lgw,Year 1, spring 7, Sunday,39747,16.6
frame,lgw,Year 1, spring 7, Sunday,39748,16.7
frame,lgw,Year 1, spring 7, Sunday,39749,16.7
frame,lgw,Year 1, spring 7, Sunday,39750,16.6
frame,lgw,Year 1, spring 7, Sunday,39751,16.6
frame,lgw,Year 1, spring 7, Sunday,39752,16.7
frame,lgw,Year 1, spring 7, Sunday,39753,16.9
frame,lgw,Year 1, spring 7, Sunday,39754,16.5
frame,lgw,Year 1, spring 7, Sunday,39755,16.6
frame,lgw,Year 1, spring 7, Sunday,39756,16.6
frame,lgw,Year 1, spring 7, Sunday,39757,16.7
frame,lgw,Year 1, spring 7, Sunday,39758,16.7
frame,lgw,Year 1, spring 7, Sunday,39759,16.7
frame,lgw,Year 1, spring 7, Sunday,39760,16.7
frame,lgw,Year 1, spring 7, Sunday,39761,16.6
frame,lgw,Year 1, spring 7, Sunday,39762,16.6
frame,lgw,Year 1, spring 7, Sunday,39763,16.6
frame,lgw,Year 1, spring 7, Sunday,39764,16.7
frame,lgw,Year 1, spring 7, Sunday,39765,16.6
frame,lgw,Year 1, spring 7, Sunday,39766,16.8
frame,lgw,Year 1, spring 7, Sunday,39767,16.6
frame,lgw,Year 1, spring 7, Sunday,39768,16.7
frame,lgw,Year 1, spring 7, Sunday,39769,16.7
frame,lgw,Year 1, spring 7, Sunday,39770,16.7
frame,lgw,Year 1, spring 7, Sunday,39771,16.6
frame,lgw,Year 1, spring 7, Sunday,39772,16.7
frame,lgw,Year 1, spring 7, Sunday,39773,16.7
frame,lgw,Year 1, spring 7, Sunday,39774,16.6
frame,lgw,Year 1, spring 7, Sunday,39775,16.7
frame,lgw,Year 1, spring 7, Sunday,39776,16.6
frame,lgw,Year 1, spring 7, Sunday,39777,16.6
frame,lgw,Year 1, spring 7, Sunday,39778,16.8
frame,lgw,Year 1, spring 7, Sunday,39779,16.6
frame,lgw,Year 1, spring 7, Sunday,39780,16.6
frame,lgw,Year 1, spring 7, Sunday,39781,16.7
frame,lgw,Year 1, spring 7, Sunday,39782,16.6
frame,lgw,Year 1, spring 7, Sunday,39783,16.7
frame,lgw,Year 1, spring 7, Sunday,39784,16.7
frame,lgw,Year 1, spring 7, Sunday,39785,16.6
frame,lgw,Year 1, spring 7, Sunday,39786,16.6
frame,lgw,Year 1, spring 7, Sunday,39787,16.7
frame,lgw,Year 1, spring 7, Sunday,39788,16.7
frame,lgw,Year 1, spring 7, Sunday,39789,16.7
frame,lgw,Year 1, spring 7, Sunday,39790,16.7
frame,lgw,Year 1, spring 7, Sunday,39791,16.6
frame,lgw,Year 1, spring 7, Sunday,39792,16.9
frame,lgw,Year 1, spring 7, Sunday,39793,16.6
frame,lgw,Year 1, spring 7, Sunday,39794,16.6
frame,lgw,Year 1, spring 7, Sunday,39795,16.6
frame,lgw,Year 1, spring 7, Sunday,39796,16.8
frame,lgw,Year 1, spring 7, Sunday,39797,16.8
frame,lgw,Year 1, spring 7, Sunday,39798,16.6
frame,lgw,Year 1, spring 7, Sunday,39799,16.6
frame,lgw,Year 1, spring 7, Sunday,39800,16.6
frame,lgw,Year 1, spring 7, Sunday,39801,16.7
frame,lgw,Year 1, spring 7, Sunday,39802,16.7
frame,lgw,Year 1, spring 7, Sunday,39803,16.8
frame,lgw,Year 1, spring 7, Sunday,39804,16.6
frame,lgw,Year 1, spring 7, Sunday,39805,16.6
frame,lgw,Year 1, spring 7, Sunday,39806,16.7
frame,lgw,Year 1, spring 7, Sunday,39807,16.6
frame,lgw,Year 1, spring 7, Sunday,39808,16.7
frame,lgw,Year 1, spring 7, Sunday,39809,16.7
frame,lgw,Year 1, spring 7, Sunday,39810,16.6
frame,lgw,Year 1, spring 7, Sunday,39811,16.6
frame,lgw,Year 1, spring 7, Sunday,39812,16.7
frame,lgw,Year 1, spring 7, Sunday,39813,16.6
lag,lgw,Year 1, spring 8, Monday,39816,147.1
lag,lgw,Year 1, spring 8, Monday,39817,2024.4
frame,lgw,Year 1, spring 8, Monday,39814,17.3
frame,lgw,Year 1, spring 8, Monday,39815,147.1
frame,lgw,Year 1, spring 8, Monday,39816,500.0
frame,lgw,Year 1, spring 8, Monday,39817,11.2
frame,lgw,Year 1, spring 8, Monday,39818,16.7
frame,lgw,Year 1, spring 8, Monday,39819,16.7
frame,lgw,Year 1, spring 8, Monday,39820,16.7
frame,lgw,Year 1, spring 8, Monday,39821,16.6
frame,lgw,Year 1, spring 8, Monday,39822,16.7
frame,lgw,Year 1, spring 8, Monday,39823,16.7
frame,lgw,Year 1, spring 8, Monday,39824,16.6
frame,lgw,Year 1, spring 8, Monday,39825,16.7
frame,lgw,Year 1, spring 8, Monday,39826,16.8
frame,lgw,Year 1, spring 8, Monday,39827,16.7
frame,lgw,Year 1, spring 8, Monday,39828,16.6
frame,lgw,Year 1, spring 8, Monday,39829,16.7
frame,lgw,Year 1, spring 8, Monday,39830,16.7
frame,lgw,Year 1, spring 8, Monday,39831,16.6
frame,lgw,Year 1, spring 8, Monday,39832,16.7
frame,lgw,Year 1, spring 8, Monday,39833,16.7
frame,lgw,Year 1, spring 8, Monday,39834,16.6
frame,lgw,Year 1, spring 8, Monday,39835,16.6
frame,lgw,Year 1, spring 8, Monday,39836,16.7
frame,lgw,Year 1, spring 8, Monday,39837,16.7
frame,lgw,Year 1, spring 8, Monday,39838,16.6
frame,lgw,Year 1, spring 8, Monday,39839,16.7
frame,lgw,Year 1, spring 8, Monday,39840,16.7
frame,lgw,Year 1, spring 8, Monday,39841,16.7
frame,lgw,Year 1, spring 8, Monday,39842,16.6
frame,lgw,Year 1, spring 8, Monday,39843,16.6
frame,lgw,Year 1, spring 8, Monday,39844,17.0
frame,lgw,Year 1, spring 8, Monday,39845,16.3
frame,lgw,Year 1, spring 8, Monday,39846,16.7
frame,lgw,Year 1, spring 8, Monday,39847,16.6
frame,lgw,Year 1, spring 8, Monday,39848,16.7
frame,lgw,Year 1, spring 8, Monday,39849,16.7
frame,lgw,Year 1, spring 8, Monday,39850,16.6
frame,lgw,Year 1, spring 8, Monday,39851,16.7
frame,lgw,Year 1, spring 8, Monday,39852,16.7
frame,lgw,Year 1, spring 8, Monday,39853,16.7
frame,lgw,Year 1, spring 8, Monday,39854,16.6
frame,lgw,Year 1, spring 8, Monday,39855,16.7
frame,lgw,Year 1, spring 8, Monday,39856,16.6
frame,lgw,Year 1, spring 8, Monday,39857,16.7
frame,lgw,Year 1, spring 8, Monday,39858,16.7
frame,lgw,Year 1, spring 8, Monday,39859,16.7
frame,lgw,Year 1, spring 8, Monday,39860,16.7
frame,lgw,Year 1, spring 8, Monday,39861,17.2
frame,lgw,Year 1, spring 8, Monday,39862,16.2
frame,lgw,Year 1, spring 8, Monday,39863,17.1
frame,lgw,Year 1, spring 8, Monday,39864,16.4
frame,lgw,Year 1, spring 8, Monday,39865,16.5
frame,lgw,Year 1, spring 8, Monday,39866,16.7
frame,lgw,Year 1, spring 8, Monday,39867,16.7
frame,lgw,Year 1, spring 8, Monday,39868,16.6
frame,lgw,Year 1, spring 8, Monday,39869,16.7
frame,lgw,Year 1, spring 8, Monday,39870,16.6
frame,lgw,Year 1, spring 8, Monday,39871,16.6
frame,lgw,Year 1, spring 8, Monday,39872,16.7
frame,lgw,Year 1, spring 8, Monday,39873,16.9
frame,lgw,Year 1, spring 8, Monday,39874,16.4
frame,lgw,Year 1, spring 8, Monday,39875,16.8
frame,lgw,Year 1, spring 8, Monday,39876,16.5
frame,lgw,Year 1, spring 8, Monday,39877,16.7
frame,lgw,Year 1, spring 8, Monday,39878,16.8
frame,lgw,Year 1, spring 8, Monday,39879,16.9
frame,lgw,Year 1, spring 8, Monday,39880,16.3
frame,lgw,Year 1, spring 8, Monday,39881,16.7
frame,lgw,Year 1, spring 8, Monday,39882,16.8
frame,lgw,Year 1, spring 8, Monday,39883,16.6
frame,lgw,Year 1, spring 8, Monday,39884,16.6
frame,lgw,Year 1, spring 8, Monday,39885,16.8
frame,lgw,Year 1, spring 8, Monday,39886,16.6
frame,lgw,Year 1, spring 8, Monday,39887,16.7
frame,lgw,Year 1, spring 8, Monday,39888,16.6
frame,lgw,Year 1, spring 8, Monday,39889,16.7
frame,lgw,Year 1, spring 8, Monday,39890,16.7
frame,lgw,Year 1, spring 8, Monday,39891,16.7
frame,lgw,Year 1, spring 8, Monday,39892,16.7
frame,lgw,Year 1, spring 8, Monday,39893,17.5
frame,lgw,Year 1, spring 8, Monday,39894,15.8
frame,lgw,Year 1, spring 8, Monday,39895,16.6
frame,lgw,Year 1, spring 8, Monday,39896,16.7
frame,lgw,Year 1, spring 8, Monday,39897,16.7
frame,lgw,Year 1, spring 8, Monday,39898,16.7
frame,lgw,Year 1, spring 8, Monday,39899,16.6
frame,lgw,Year 1, spring 8, Monday,39900,16.7
frame,lgw,Year 1, spring 8, Monday,39901,16.7
frame,lgw,Year 1, spring 8, Monday,39902,16.7
frame,lgw,Year 1, spring 8, Monday,39903,16.7
frame,lgw,Year 1, spring 8, Monday,39904,17.0
frame,lgw,Year 1, spring 8, Monday,39905,16.4
frame,lgw,Year 1, spring 8, Monday,39906,19.1
frame,lgw,Year 1, spring 8, Monday,39907,14.2
frame,lgw,Year 1, spring 8, Monday,39908,16.6
frame,lgw,Year 1, spring 8, Monday,39909,16.7
frame,lgw,Year 1, spring 8, Monday,39910,16.7
frame,lgw,Year 1, spring 8, Monday,39911,16.7
frame,lgw,Year 1, spring 8, Monday,39912,16.7
frame,lgw,Year 1, spring 8, Monday,39913,16.7
frame,lgw,Year 1, spring 8, Monday,39914,16.7
frame,lgw,Year 1, spring 8, Monday,39915,16.7
frame,lgw,Year 1, spring 8, Monday,39916,16.6
frame,lgw,Year 1, spring 8, Monday,39917,17.0
frame,lgw,Year 1, spring 8, Monday,39918,16.4
frame,lgw,Year 1, spring 8, Monday,39919,16.6
frame,lgw,Year 1, spring 8, Monday,39920,16.7
frame,lgw,Year 1, spring 8, Monday,39921,16.8
frame,lgw,Year 1, spring 8, Monday,39922,16.7
frame,lgw,Year 1, spring 8, Monday,39923,16.7
frame,lgw,Year 1, spring 8, Monday,39924,16.6
frame,lgw,Year 1, spring 8, Monday,39925,16.7
frame,lgw,Year 1, spring 8, Monday,39926,16.6
frame,lgw,Year 1, spring 8, Monday,39927,16.7
frame,lgw,Year 1, spring 8, Monday,39928,16.7
frame,lgw,Year 1, spring 8, Monday,39929,16.7
frame,lgw,Year 1, spring 8, Monday,39930,16.7
frame,lgw,Year 1, spring 8, Monday,39931,16.6
frame,lgw,Year 1, spring 8, Monday,39932,16.7
frame,lgw,Year 1, spring 8, Monday,39933,16.7
frame,lgw,Year 1, spring 8, Monday,39934,16.7
frame,lgw,Year 1, spring 8, Monday,39935,16.7
frame,lgw,Year 1, spring 8, Monday,39936,16.6
frame,lgw,Year 1, spring 8, Monday,39937,16.6
frame,lgw,Year 1, spring 8, Monday,39938,16.7
frame,lgw,Year 1, spring 8, Monday,39939,16.7
frame,lgw,Year 1, spring 8, Monday,39940,16.7
frame,lgw,Year 1, spring 8, Monday,39941,16.7
frame,lgw,Year 1, spring 8, Monday,39942,16.6
frame,lgw,Year 1, spring 8, Monday,39943,16.7
frame,lgw,Year 1, spring 8, Monday,39944,16.6
frame,lgw,Year 1, spring 8, Monday,39945,16.7
frame,lgw,Year 1, spring 8, Monday,39946,16.7
frame,lgw,Year 1, spring 8, Monday,39947,16.7
frame,lgw,Year 1, spring 8, Monday,39948,16.6
frame,lgw,Year 1, spring 8, Monday,39949,16.6
frame,lgw,Year 1, spring 8, Monday,39950,16.7
frame,lgw,Year 1, spring 8, Monday,39951,16.7
frame,lgw,Year 1, spring 8, Monday,39952,16.7
frame,lgw,Year 1, spring 8, Monday,39953,16.8
frame,lgw,Year 1, spring 8, Monday,39954,16.7
frame,lgw,Year 1, spring 8, Monday,39955,16.6
frame,lgw,Year 1, spring 8, Monday,39956,16.6
frame,lgw,Year 1, spring 8, Monday,39957,16.7
frame,lgw,Year 1, spring 8, Monday,39958,16.6
frame,lgw,Year 1, spring 8, Monday,39959,16.7
frame,lgw,Year 1, spring 8, Monday,39960,16.7
frame,lgw,Year 1, spring 8, Monday,39961,16.6
frame,lgw,Year 1, spring 8, Monday,39962,16.6
frame,lgw,Year 1, spring 8, Monday,39963,16.7
frame,lgw,Year 1, spring 8, Monday,39964,16.7
frame,lgw,Year 1, spring 8, Monday,39965,16.7
frame,lgw,Year 1, spring 8, Monday,39966,16.6
frame,lgw,Year 1, spring 8, Monday,39967,16.7
frame,lgw,Year 1, spring 8, Monday,39968,16.6
frame,lgw,Year 1, spring 8, Monday,39969,16.6
frame,lgw,Year 1, spring 8, Monday,39970,16.7
frame,lgw,Year 1, spring 8, Monday,39971,16.7
frame,lgw,Year 1, spring 8, Monday,39972,16.6
frame,lgw,Year 1, spring 8, Monday,39973,16.7
frame,lgw,Year 1, spring 8, Monday,39974,16.7
frame,lgw,Year 1, spring 8, Monday,39975,16.6
frame,lgw,Year 1, spring 8, Monday,39976,16.7
frame,lgw,Year 1, spring 8, Monday,39977,16.7
frame,lgw,Year 1, spring 8, Monday,39978,16.7
frame,lgw,Year 1, spring 8, Monday,39979,16.7
frame,lgw,Year 1, spring 8, Monday,39980,16.6
lag,lgw,Year 1, spring 9, Tuesday,39983,135.6
lag,lgw,Year 1, spring 9, Tuesday,39984,2036.9
frame,lgw,Year 1, spring 9, Tuesday,39981,17.0
frame,lgw,Year 1, spring 9, Tuesday,39982,135.6
frame,lgw,Year 1, spring 9, Tuesday,39983,500.0
frame,lgw,Year 1, spring 9, Tuesday,39984,10.6
frame,lgw,Year 1, spring 9, Tuesday,39985,16.5
frame,lgw,Year 1, spring 9, Tuesday,39986,16.7
frame,lgw,Year 1, spring 9, Tuesday,39987,16.7
frame,lgw,Year 1, spring 9, Tuesday,39988,16.7
frame,lgw,Year 1, spring 9, Tuesday,39989,16.6
frame,lgw,Year 1, spring 9, Tuesday,39990,16.6
frame,lgw,Year 1, spring 9, Tuesday,39991,16.7
frame,lgw,Year 1, spring 9, Tuesday,39992,16.7
frame,lgw,Year 1, spring 9, Tuesday,39993,16.6
frame,lgw,Year 1, spring 9, Tuesday,39994,16.7
frame,lgw,Year 1, spring 9, Tuesday,39995,16.7
frame,lgw,Year 1, spring 9, Tuesday,39996,16.6
frame,lgw,Year 1, spring 9, Tuesday,39997,16.8
frame,lgw,Year 1, spring 9, Tuesday,39998,16.5
frame,lgw,Year 1, spring 9, Tuesday,39999,16.7
frame,lgw,Year 1, spring 9, Tuesday,40000,16.7
frame,lgw,Year 1, spring 9, Tuesday,40001,16.7
frame,lgw,Year 1, spring 9, Tuesday,40002,16.6
frame,lgw,Year 1, spring 9, Tuesday,40003,16.6
frame,lgw,Year 1, spring 9, Tuesday,40004,16.7
frame,lgw,Year 1, spring 9, Tuesday,40005,16.7
frame,lgw,Year 1, spring 9, Tuesday,40006,16.6
frame,lgw,Year 1, spring 9, Tuesday,40007,16.8
frame,lgw,Year 1, spring 9, Tuesday,40008,16.6
frame,lgw,Year 1, spring 9, Tuesday,40009,16.6
frame,lgw,Year 1, spring 9, Tuesday,40010,16.7
frame,lgw,Year 1, spring 9, Tuesday,40011,16.7
frame,lgw,Year 1, spring 9, Tuesday,40012,16.7
frame,lgw,Year 1, spring 9, Tuesday,40013,16.7
frame,lgw,Year 1, spring 9, Tuesday,40014,16.6
frame,lgw,Year 1, spring 9, Tuesday,40015,16.7
frame,lgw,Year 1, spring 9, Tuesday,40016,16.7
frame,lgw,Year 1, spring 9, Tuesday,40017,16.6
frame,lgw,Year 1, spring 9, Tuesday,40018,16.7
frame,lgw,Year 1, spring 9, Tuesday,40019,16.7
frame,lgw,Year 1, spring 9, Tuesday,40020,16.6
frame,lgw,Year 1, spring 9, Tuesday,40021,16.7
frame,lgw,Year 1, spring 9, Tuesday,40022,16.7
frame,lgw,Year 1, spring 9, Tuesday,40023,16.7
frame,lgw,Year 1, spring 9, Tuesday,40024,16.6
frame,lgw,Year 1, spring 9, Tuesday,40025,16.7
frame,lgw,Year 1, spring 9, Tuesday,40026,16.7
frame,lgw,Year 1, spring 9, Tuesday,40027,16.6
frame,lgw,Year 1, spring 9, Tuesday,40028,16.6
frame,lgw,Year 1, spring 9, Tuesday,40029,16.7
frame,lgw,Year 1, spring 9, Tuesday,40030,16.8
frame,lgw,Year 1, spring 9, Tuesday,40031,16.8
frame,lgw,Year 1, spring 9, Tuesday,40032,16.5
frame,lgw,Year 1, spring 9, Tuesday,40033,16.6
frame,lgw,Year 1, spring 9, Tuesday,40034,16.7
frame,lgw,Year 1, spring 9, Tuesday,40035,16.6
frame,lgw,Year 1, spring 9, Tuesday,40036,16.8
frame,lgw,Year 1, spring 9, Tuesday,40037,16.7
frame,lgw,Year 1, spring 9, Tuesday,40038,16.7
frame,lgw,Year 1, spring 9, Tuesday,40039,16.6
frame,lgw,Year 1, spring 9, Tuesday,40040,16.7
frame,lgw,Year 1, spring 9, Tuesday,40041,16.6
frame,lgw,Year 1, spring 9, Tuesday,40042,16.8
frame,lgw,Year 1, spring 9, Tuesday,40043,16.6
frame,lgw,Year 1, spring 9, Tuesday,40044,16.6
frame,lgw,Year 1, spring 9, Tuesday,40045,16.7
frame,lgw,Year 1, spring 9, Tuesday,40046,16.6
frame,lgw,Year 1, spring 9, Tuesday,40047,16.7
frame,lgw,Year 1, spring 9, Tuesday,40048,16.6
frame,lgw,Year 1, spring 9, Tuesday,40049,16.7
frame,lgw,Year 1, spring 9, Tuesday,40050,16.6
frame,lgw,Year 1, spring 9, Tuesday,40051,16.7
frame,lgw,Year 1, spring 9, Tuesday,40052,16.8
frame,lgw,Year 1, spring 9, Tuesday,40053,16.6
frame,lgw,Year 1, spring 9, Tuesday,40054,16.6
frame,lgw,Year 1, spring 9, Tuesday,40055,16.7
frame,lgw,Year 1, spring 9, Tuesday,40056,16.8
frame,lgw,Year 1, spring 9, Tuesday,40057,16.6
frame,lgw,Year 1, spring 9, Tuesday,40058,16.6
frame,lgw,Year 1, spring 9, Tuesday,40059,16.7
frame,lgw,Year 1, spring 9, Tuesday,40060,16.7
frame,lgw,Year 1, spring 9, Tuesday,40061,16.6
frame,lgw,Year 1, spring 9, Tuesday,40062,16.7
frame,lgw,Year 1, spring 9, Tuesday,40063,16.6
frame,lgw,Year 1, spring 9, Tuesday,40064,16.6
frame,lgw,Year 1, spring 9, Tuesday,40065,16.7
frame,lgw,Year 1, spring 9, Tuesday,40066,16.7
frame,lgw,Year 1, spring 9, Tuesday,40067,16.6
frame,lgw,Year 1, spring 9, Tuesday,40068,16.7
frame,lgw,Year 1, spring 9, Tuesday,40069,16.7
frame,lgw,Year 1, spring 9, Tuesday,40070,16.6
frame,lgw,Year 1, spring 9, Tuesday,40071,16.8
frame,lgw,Year 1, spring 9, Tuesday,40072,16.5
frame,lgw,Year 1, spring 9, Tuesday,40073,16.7
frame,lgw,Year 1, spring 9, Tuesday,40074,16.8
frame,lgw,Year 1, spring 9, Tuesday,40075,16.6
frame,lgw,Year 1, spring 9, Tuesday,40076,16.6
frame,lgw,Year 1, spring 9, Tuesday,40077,20.2
frame,lgw,Year 1, spring 9, Tuesday,40078,13.2
frame,lgw,Year 1, spring 9, Tuesday,40079,16.6
frame,lgw,Year 1, spring 9, Tuesday,40080,16.7
frame,lgw,Year 1, spring 9, Tuesday,40081,16.7
frame,lgw,Year 1, spring 9, Tuesday,40082,16.9
frame,lgw,Year 1, spring 9, Tuesday,40083,16.5
frame,lgw,Year 1, spring 9, Tuesday,40084,16.8
frame,lgw,Year 1, spring 9, Tuesday,40085,16.5
frame,lgw,Year 1, spring 9, Tuesday,40086,16.7
frame,lgw,Year 1, spring 9, Tuesday,40087,16.6
frame,lgw,Year 1, spring 9, Tuesday,40088,16.7
frame,lgw,Year 1, spring 9, Tuesday,40089,16.6
frame,lgw,Year 1, spring 9, Tuesday,40090,16.7
frame,lgw,Year 1, spring 9, Tuesday,40091,16.7
frame,lgw,Year 1, spring 9, Tuesday,40092,16.7
frame,lgw,Year 1, spring 9, Tuesday,40093,16.7
frame,lgw,Year 1, spring 9, Tuesday,40094,16.6
frame,lgw,Year 1, spring 9, Tuesday,40095,16.7
frame,lgw,Year 1, spring 9, Tuesday,40096,16.7
frame,lgw,Year 1, spring 9, Tuesday,40097,16.7
frame,lgw,Year 1, spring 9, Tuesday,40098,16.6
frame,lgw,Year 1, spring 9, Tuesday,40099,16.7
frame,lgw,Year 1, spring 9, Tuesday,40100,16.6
frame,lgw,Year 1, spring 9, Tuesday,40101,16.6
frame,lgw,Year 1, spring 9, Tuesday,40102,16.7
frame,lgw,Year 1, spring 9, Tuesday,40103,16.6
frame,lgw,Year 1, spring 9, Tuesday,40104,16.6
frame,lgw,Year 1, spring 9, Tuesday,40105,16.7
frame,lgw,Year 1, spring 9, Tuesday,40106,16.6
frame,lgw,Year 1, spring 9, Tuesday,40107,16.7
frame,lgw,Year 1, spring 9, Tuesday,40108,16.6
frame,lgw,Year 1, spring 9, Tuesday,40109,16.6
frame,lgw,Year 1, spring 9, Tuesday,40110,16.7
frame,lgw,Year 1, spring 9, Tuesday,40111,16.7
frame,lgw,Year 1, spring 9, Tuesday,40112,16.6
frame,lgw,Year 1, spring 9, Tuesday,40113,16.7
frame,lgw,Year 1, spring 9, Tuesday,40114,16.7
frame,lgw,Year 1, spring 9, Tuesday,40115,16.7
frame,lgw,Year 1, spring 9, Tuesday,40116,16.7
frame,lgw,Year 1, spring 9, Tuesday,40117,16.8
frame,lgw,Year 1, spring 9, Tuesday,40118,16.6
frame,lgw,Year 1, spring 9, Tuesday,40119,16.7
frame,lgw,Year 1, spring 9, Tuesday,40120,16.7
frame,lgw,Year 1, spring 9, Tuesday,40121,16.9
frame,lgw,Year 1, spring 9, Tuesday,40122,21.1
frame,lgw,Year 1, spring 9, Tuesday,40123,12.0
frame,lgw,Year 1, spring 9, Tuesday,40124,16.7
frame,lgw,Year 1, spring 9, Tuesday,40125,16.6
frame,lgw,Year 1, spring 9, Tuesday,40126,16.7
frame,lgw,Year 1, spring 9, Tuesday,40127,16.8
frame,lgw,Year 1, spring 9, Tuesday,40128,16.7
frame,lgw,Year 1, spring 9, Tuesday,40129,16.6
frame,lgw,Year 1, spring 9, Tuesday,40130,16.6
frame,lgw,Year 1, spring 9, Tuesday,40131,16.7
frame,lgw,Year 1, spring 9, Tuesday,40132,16.6
frame,lgw,Year 1, spring 9, Tuesday,40133,16.7
frame,lgw,Year 1, spring 9, Tuesday,40134,16.9
frame,lgw,Year 1, spring 9, Tuesday,40135,16.5
frame,lgw,Year 1, spring 9, Tuesday,40136,16.6
frame,lgw,Year 1, spring 9, Tuesday,40137,16.7
frame,lgw,Year 1, spring 9, Tuesday,40138,16.7
frame,lgw,Year 1, spring 9, Tuesday,40139,16.7
frame,lgw,Year 1, spring 9, Tuesday,40140,16.6
frame,lgw,Year 1, spring 9, Tuesday,40141,16.7
frame,lgw,Year 1, spring 9, Tuesday,40142,16.6
frame,lgw,Year 1, spring 9, Tuesday,40143,16.7
frame,lgw,Year 1, spring 9, Tuesday,40144,16.7
frame,lgw,Year 1, spring 9, Tuesday,40145,16.6
frame,lgw,Year 1, spring 9, Tuesday,40146,16.7
frame,lgw,Year 1, spring 9, Tuesday,40147,16.7
frame,lgw,Year 1, spring 9, Tuesday,40148,16.6
frame,lgw,Year 1, spring 9, Tuesday,40149,16.7
frame,lgw,Year 1, spring 9, Tuesday,40150,16.7
frame,lgw,Year 1, spring 9, Tuesday,40151,16.6
lag,lgw,Year 1, spring 10, Wednesday,40154,145.5
lag,lgw,Year 1, spring 10, Wednesday,40155,2026.1
frame,lgw,Year 1, spring 10, Wednesday,40152,17.1
frame,lgw,Year 1, spring 10, Wednesday,40153,145.5
frame,lgw,Year 1, spring 10, Wednesday,40154,500.0
frame,lgw,Year 1, spring 10, Wednesday,40155,11.4
frame,lgw,Year 1, spring 10, Wednesday,40156,16.7
frame,lgw,Year 1, spring 10, Wednesday,40157,16.7
frame,lgw,Year 1, spring 10, Wednesday,40158,16.7
frame,lgw,Year 1, spring 10, Wednesday,40159,16.6
frame,lgw,Year 1, spring 10, Wednesday,40160,16.7
frame,lgw,Year 1, spring 10, Wednesday,40161,16.7
frame,lgw,Year 1, spring 10, Wednesday,40162,16.8
frame,lgw,Year 1, spring 10, Wednesday,40163,16.6
frame,lgw,Year 1, spring 10, Wednesday,40164,16.7
frame,lgw,Year 1, spring 10, Wednesday,40165,16.8
frame,lgw,Year 1, spring 10, Wednesday,40166,16.5
frame,lgw,Year 1, spring 10, Wednesday,40167,16.7
frame,lgw,Year 1, spring 10, Wednesday,40168,16.6
frame,lgw,Year 1, spring 10, Wednesday,40169,16.6
frame,lgw,Year 1, spring 10, Wednesday,40170,16.8
frame,lgw,Year 1, spring 10, Wednesday,40171,16.6
frame,lgw,Year 1, spring 10, Wednesday,40172,16.6
frame,lgw,Year 1, spring 10, Wednesday,40173,16.7
frame,lgw,Year 1, spring 10, Wednesday,40174,16.7
frame,lgw,Year 1, spring 10, Wednesday,40175,16.9
frame,lgw,Year 1, spring 10, Wednesday,40176,16.6
frame,lgw,Year 1, spring 10, Wednesday,40177,16.7
frame,lgw,Year 1, spring 10, Wednesday,40178,16.7
frame,lgw,Year 1, spring 10, Wednesday,40179,16.5
frame,lgw,Year 1, spring 10, Wednesday,40180,16.7
frame,lgw,Year 1, spring 10, Wednesday,40181,16.7
frame,lgw,Year 1, spring 10, Wednesday,40182,16.7
frame,lgw,Year 1, spring 10, Wednesday,40183,16.7
frame,lgw,Year 1, spring 10, Wednesday,40184,16.6
frame,lgw,Year 1, spring 10, Wednesday,40185,16.7
frame,lgw,Year 1, spring 10, Wednesday,40186,16.7
frame,lgw,Year 1, spring 10, Wednesday,40187,16.6
frame,lgw,Year 1, spring 10, Wednesday,40188,16.7
frame,lgw,Year 1, spring 10, Wednesday,40189,16.7
frame,lgw,Year 1, spring 10, Wednesday,40190,16.7
frame,lgw,Year 1, spring 10, Wednesday,40191,16.7
frame,lgw,Year 1, spring 10, Wednesday,40192,16.6
frame,lgw,Year 1, spring 10, Wednesday,40193,16.7
frame,lgw,Year 1, spring 10, Wednesday,40194,16.6
frame,lgw,Year 1, spring 10, Wednesday,40195,16.7
frame,lgw,Year 1, spring 10, Wednesday,40196,16.7
frame,lgw,Year 1, spring 10, Wednesday,40197,16.7
frame,lgw,Year 1, spring 10, Wednesday,40198,16.6
frame,lgw,Year 1, spring 10, Wednesday,40199,17.2
frame,lgw,Year 1, spring 10, Wednesday,40200,16.3
frame,lgw,Year 1, spring 10, Wednesday,40201,16.9
frame,lgw,Year 1, spring 10, Wednesday,40202,16.3
frame,lgw,Year 1, spring 10, Wednesday,40203,16.8
frame,lgw,Year 1, spring 10, Wednesday,40204,16.6
frame,lgw,Year 1, spring 10, Wednesday,40205,16.6
frame,lgw,Year 1, spring 10, Wednesday,40206,16.6
frame,lgw,Year 1, spring 10, Wednesday,40207,16.6
frame,lgw,Year 1, spring 10, Wednesday,40208,16.7
frame,lgw,Year 1, spring 10, Wednesday,40209,16.8
frame,lgw,Year 1, spring 10, Wednesday,40210,16.7
frame,lgw,Year 1, spring 10, Wednesday,40211,17.0
frame,lgw,Year 1, spring 10, Wednesday,40212,16.1
frame,lgw,Year 1, spring 10, Wednesday,40213,16.8
frame,lgw,Year 1, spring 10, Wednesday,40214,16.5
frame,lgw,Year 1, spring 10, Wednesday,40215,16.7
frame,lgw,Year 1, spring 10, Wednesday,40216,16.6
frame,lgw,Year 1, spring 10, Wednesday,40217,16.7
frame,lgw,Year 1, spring 10, Wednesday,40218,16.6
frame,lgw,Year 1, spring 10, Wednesday,40219,16.8
frame,lgw,Year 1, spring 10, Wednesday,40220,16.7
frame,lgw,Year 1, spring 10, Wednesday,40221,16.6
frame,lgw,Year 1, spring 10, Wednesday,40222,16.6
frame,lgw,Year 1, spring 10, Wednesday,40223,16.7
frame,lgw,Year 1, spring 10, Wednesday,40224,16.7
frame,lgw,Year 1, spring 10, Wednesday,40225,16.9
frame,lgw,Year 1, spring 10, Wednesday,40226,16.5
frame,lgw,Year 1, spring 10, Wednesday,40227,16.7
frame,lgw,Year 1, spring 10, Wednesday,40228,16.7
frame,lgw,Year 1, spring 10, Wednesday,40229,16.6
frame,lgw,Year 1, spring 10, Wednesday,40230,16.7
frame,lgw,Year 1, spring 10, Wednesday,40231,16.6
frame,lgw,Year 1, spring 10, Wednesday,40232,16.6
frame,lgw,Year 1, spring 10, Wednesday,40233,16.6
frame,lgw,Year 1, spring 10, Wednesday,40234,16.7
frame,lgw,Year 1, spring 10, Wednesday,40235,16.7
frame,lgw,Year 1, spring 10, Wednesday,40236,16.7
frame,lgw,Year 1, spring 10, Wednesday,40237,16.7
frame,lgw,Year 1, spring 10, Wednesday,40238,16.7
frame,lgw,Year 1, spring 10, Wednesday,40239,16.7
frame,lgw,Year 1, spring 10, Wednesday,40240,16.7
frame,lgw,Year 1, spring 10, Wednesday,40241,16.7
frame,lgw,Year 1, spring 10, Wednesday,40242,16.6
frame,lgw,Year 1, spring 10, Wednesday,40243,16.7
frame,lgw,Year 1, spring 10, Wednesday,40244,16.7
frame,lgw,Year 1, spring 10, Wednesday,40245,16.7
frame,lgw,Year 1, spring 10, Wednesday,40246,16.6
frame,lgw,Year 1, spring 10, Wednesday,40247,19.0
frame,lgw,Year 1, spring 10, Wednesday,40248,15.2
frame,lgw,Year 1, spring 10, Wednesday,40249,15.8
frame,lgw,Year 1, spring 10, Wednesday,40250,16.8
frame,lgw,Year 1, spring 10, Wednesday,40251,16.6
frame,lgw,Year 1, spring 10, Wednesday,40252,16.6
frame,lgw,Year 1, spring 10, Wednesday,40253,16.7
frame,lgw,Year 1, spring 10, Wednesday,40254,16.7
frame,lgw,Year 1, spring 10, Wednesday,40255,16.8
frame,lgw,Year 1, spring 10, Wednesday,40256,16.5
frame,lgw,Year 1, spring 10, Wednesday,40257,16.7
frame,lgw,Year 1, spring 10, Wednesday,40258,16.7
frame,lgw,Year 1, spring 10, Wednesday,40259,16.6
frame,lgw,Year 1, spring 10, Wednesday,40260,16.7
frame,lgw,Year 1, spring 10, Wednesday,40261,16.6
frame,lgw,Year 1, spring 10, Wednesday,40262,16.7
frame,lgw,Year 1, spring 10, Wednesday,40263,16.6
frame,lgw,Year 1, spring 10, Wednesday,40264,16.7
frame,lgw,Year 1, spring 10, Wednesday,40265,16.7
frame,lgw,Year 1, spring 10, Wednesday,40266,16.7
frame,lgw,Year 1, spring 10, Wednesday,40267,16.7
frame,lgw,Year 1, spring 10, Wednesday,40268,16.7
frame,lgw,Year 1, spring 10, Wednesday,40269,16.7
frame,lgw,Year 1, spring 10, Wednesday,40270,16.7
frame,lgw,Year 1, spring 10, Wednesday,40271,16.7
frame,lgw,Year 1, spring 10, Wednesday,40272,16.6
frame,lgw,Year 1, spring 10, Wednesday,40273,16.6
frame,lgw,Year 1, spring 10, Wednesday,40274,16.6
frame,lgw,Year 1, spring 10, Wednesday,40275,16.7
frame,lgw,Year 1, spring 10, Wednesday,40276,16.7
frame,lgw,Year 1, spring 10, Wednesday,40277,16.6
frame,lgw,Year 1, spring 10, Wednesday,40278,16.7
frame,lgw,Year 1, spring 10, Wednesday,40279,16.7
frame,lgw,Year 1, spring 10, Wednesday,40280,16.7
frame,lgw,Year 1, spring 10, Wednesday,40281,16.6
frame,lgw,Year 1, spring 10, Wednesday,40282,16.7
frame,lgw,Year 1, spring 10, Wednesday,40283,16.9
frame,lgw,Year 1, spring 10, Wednesday,40284,16.4
frame,lgw,Year 1, spring 10, Wednesday,40285,16.7
frame,lgw,Year 1, spring 10, Wednesday,40286,16.6
frame,lgw,Year 1, spring 10, Wednesday,40287,16.7
frame,lgw,Year 1, spring 10, Wednesday,40288,16.6
frame,lgw,Year 1, spring 10, Wednesday,40289,16.7
frame,lgw,Year 1, spring 10, Wednesday,40290,17.1
frame,lgw,Year 1, spring 10, Wednesday,40291,16.4
frame,lgw,Year 1, spring 10, Wednesday,40292,16.6
frame,lgw,Year 1, spring 10, Wednesday,40293,16.7
frame,lgw,Year 1, spring 10, Wednesday,40294,16.8
frame,lgw,Year 1, spring 10, Wednesday,40295,16.5
frame,lgw,Year 1, spring 10, Wednesday,40296,16.9
frame,lgw,Year 1, spring 10, Wednesday,40297,16.5
frame,lgw,Year 1, spring 10, Wednesday,40298,16.6
frame,lgw,Year 1, spring 10, Wednesday,40299,16.6
frame,lgw,Year 1, spring 10, Wednesday,40300,16.8
frame,lgw,Year 1, spring 10, Wednesday,40301,17.3
frame,lgw,Year 1, spring 10, Wednesday,40302,16.0
frame,lgw,Year 1, spring 10, Wednesday,40303,16.7
frame,lgw,Year 1, spring 10, Wednesday,40304,16.7
frame,lgw,Year 1, spring 10, Wednesday,40305,16.6
frame,lgw,Year 1, spring 10, Wednesday,40306,16.7
frame,lgw,Year 1, spring 10, Wednesday,40307,16.6
frame,lgw,Year 1, spring 10, Wednesday,40308,16.7
frame,lgw,Year 1, spring 10, Wednesday,40309,16.8
frame,lgw,Year 1, spring 10, Wednesday,40310,16.6
frame,lgw,Year 1, spring 10, Wednesday,40311,16.6
frame,lgw,Year 1, spring 10, Wednesday,40312,16.7
frame,lgw,Year 1, spring 10, Wednesday,40313,16.7
frame,lgw,Year 1, spring 10, Wednesday,40314,16.7
frame,lgw,Year 1, spring 10, Wednesday,40315,16.7
frame,lgw,Year 1, spring 10, Wednesday,40316,16.7
frame,lgw,Year 1, spring 10, Wednesday,40317,16.6
frame,lgw,Year 1, spring 10, Wednesday,40318,16.7
frame,lgw,Year 1, spring 10, Wednesday,40319,16.6
frame,lgw,Year 1, spring 10, Wednesday,40320,16.7
frame,lgw,Year 1, spring 10, Wednesday,40321,16.6
lag,lgw,Year 1, spring 11, Thursday,40324,99.6
lag,lgw,Year 1, spring 11, Thursday,40325,2071.8
frame,lgw,Year 1, spring 11, Thursday,40322,17.0
frame,lgw,Year 1, spring 11, Thursday,40323,99.6
frame,lgw,Year 1, spring 11, Thursday,40324,500.0
frame,lgw,Year 1, spring 11, Thursday,40325,11.6
frame,lgw,Year 1, spring 11, Thursday,40326,16.7
frame,lgw,Year 1, spring 11, Thursday,40327,16.7
frame,lgw,Year 1, spring 11, Thursday,40328,16.6
frame,lgw,Year 1, spring 11, Thursday,40329,16.7
frame,lgw,Year 1, spring 11, Thursday,40330,16.7
frame,lgw,Year 1, spring 11, Thursday,40331,16.6
frame,lgw,Year 1, spring 11, Thursday,40332,16.8
frame,lgw,Year 1, spring 11, Thursday,40333,16.7
frame,lgw,Year 1, spring 11, Thursday,40334,16.6
frame,lgw,Year 1, spring 11, Thursday,40335,16.6
frame,lgw,Year 1, spring 11, Thursday,40336,16.6
frame,lgw,Year 1, spring 11, Thursday,40337,16.7
frame,lgw,Year 1, spring 11, Thursday,40338,16.7
frame,lgw,Year 1, spring 11, Thursday,40339,16.7
frame,lgw,Year 1, spring 11, Thursday,40340,16.6
frame,lgw,Year 1, spring 11, Thursday,40341,16.7
frame,lgw,Year 1, spring 11, Thursday,40342,16.6
frame,lgw,Year 1, spring 11, Thursday,40343,16.7
frame,lgw,Year 1, spring 11, Thursday,40344,16.7
frame,lgw,Year 1, spring 11, Thursday,40345,16.7
frame,lgw,Year 1, spring 11, Thursday,40346,16.7
frame,lgw,Year 1, spring 11, Thursday,40347,16.6
frame,lgw,Year 1, spring 11, Thursday,40348,16.7
frame,lgw,Year 1, spring 11, Thursday,40349,16.6
frame,lgw,Year 1, spring 11, Thursday,40350,16.7
frame,lgw,Year 1, spring 11, Thursday,40351,16.7
frame,lgw,Year 1, spring 11, Thursday,40352,16.7
frame,lgw,Year 1, spring 11, Thursday,40353,16.7
frame,lgw,Year 1, spring 11, Thursday,40354,16.6
frame,lgw,Year 1, spring 11, Thursday,40355,17.2
frame,lgw,Year 1, spring 11, Thursday,40356,16.1
frame,lgw,Year 1, spring 11, Thursday,40357,16.7
frame,lgw,Year 1, spring 11, Thursday,40358,16.7
frame,lgw,Year 1, spring 11, Thursday,40359,16.6
frame,lgw,Year 1, spring 11, Thursday,40360,16.7
frame,lgw,Year 1, spring 11, Thursday,40361,16.7
frame,lgw,Year 1, spring 11, Thursday,40362,16.6
frame,lgw,Year 1, spring 11, Thursday,40363,17.2
frame,lgw,Year 1, spring 11, Thursday,40364,16.1
frame,lgw,Year 1, spring 11, Thursday,40365,17.2
frame,lgw,Year 1, spring 11, Thursday,40366,16.2
frame,lgw,Year 1, spring 11, Thursday,40367,16.7
frame,lgw,Year 1, spring 11, Thursday,40368,16.7
frame,lgw,Year 1, spring 11, Thursday,40369,16.7
frame,lgw,Year 1, spring 11, Thursday,40370,16.7
frame,lgw,Year 1, spring 11, Thursday,40371,16.8
frame,lgw,Year 1, spring 11, Thursday,40372,16.6
frame,lgw,Year 1, spring 11, Thursday,40373,16.9
frame,lgw,Year 1, spring 11, Thursday,40374,16.5
frame,lgw,Year 1, spring 11, Thursday,40375,16.8
frame,lgw,Year 1, spring 11, Thursday,40376,16.5
frame,lgw,Year 1, spring 11, Thursday,40377,16.7
frame,lgw,Year 1, spring 11, Thursday,40378,16.6
frame,lgw,Year 1, spring 11, Thursday,40379,16.6
frame,lgw,Year 1, spring 11, Thursday,40380,16.7
frame,lgw,Year 1, spring 11, Thursday,40381,16.7
frame,lgw,Year 1, spring 11, Thursday,40382,16.7
frame,lgw,Year 1, spring 11, Thursday,40383,16.7
frame,lgw,Year 1, spring 11, Thursday,40384,16.6
frame,lgw,Year 1, spring 11, Thursday,40385,16.6
frame,lgw,Year 1, spring 11, Thursday,40386,16.7
frame,lgw,Year 1, spring 11, Thursday,40387,16.6
frame,lgw,Year 1, spring 11, Thursday,40388,16.7
frame,lgw,Year 1, spring 11, Thursday,40389,16.7
frame,lgw,Year 1, spring 11, Thursday,40390,16.6
frame,lgw,Year 1, spring 11, Thursday,40391,16.7
frame,lgw,Year 1, spring 11, Thursday,40392,16.8
frame,lgw,Year 1, spring 11, Thursday,40393,16.5
frame,lgw,Year 1, spring 11, Thursday,40394,16.7
frame,lgw,Year 1, spring 11, Thursday,40395,16.7
frame,lgw,Year 1, spring 11, Thursday,40396,16.7
frame,lgw,Year 1, spring 11, Thursday,40397,16.8
frame,lgw,Year 1, spring 11, Thursday,40398,16.8
frame,lgw,Year 1, spring 11, Thursday,40399,16.5
frame,lgw,Year 1, spring 11, Thursday,40400,16.6
frame,lgw,Year 1, spring 11, Thursday,40401,16.7
frame,lgw,Year 1, spring 11, Thursday,40402,16.7
frame,lgw,Year 1, spring 11, Thursday,40403,16.6
frame,lgw,Year 1, spring 11, Thursday,40404,16.7
frame,lgw,Year 1, spring 11, Thursday,40405,16.7
frame,lgw,Year 1, spring 11, Thursday,40406,16.6
frame,lgw,Year 1, spring 11, Thursday,40407,16.7
frame,lgw,Year 1, spring 11, Thursday,40408,16.7
frame,lgw,Year 1, spring 11, Thursday,40409,16.7
frame,lgw,Year 1, spring 11, Thursday,40410,16.7
frame,lgw,Year 1, spring 11, Thursday,40411,16.7
frame,lgw,Year 1, spring 11, Thursday,40412,16.7
frame,lgw,Year 1, spring 11, Thursday,40413,16.7
frame,lgw,Year 1, spring 11, Thursday,40414,16.6
frame,lgw,Year 1, spring 11, Thursday,40415,17.1
frame,lgw,Year 1, spring 11, Thursday,40416,16.4
frame,lgw,Year 1, spring 11, Thursday,40417,16.6
frame,lgw,Year 1, spring 11, Thursday,40418,16.6
frame,lgw,Year 1, spring 11, Thursday,40419,16.7
frame,lgw,Year 1, spring 11, Thursday,40420,16.6
frame,lgw,Year 1, spring 11, Thursday,40421,16.7
frame,lgw,Year 1, spring 11, Thursday,40422,16.7
frame,lgw,Year 1, spring 11, Thursday,40423,16.8
frame,lgw,Year 1, spring 11, Thursday,40424,16.6
frame,lgw,Year 1, spring 11, Thursday,40425,16.6
frame,lgw,Year 1, spring 11, Thursday,40426,16.7
frame,lgw,Year 1, spring 11, Thursday,40427,16.7
frame,lgw,Year 1, spring 11, Thursday,40428,16.9
frame,lgw,Year 1, spring 11, Thursday,40429,16.5
frame,lgw,Year 1, spring 11, Thursday,40430,16.7
frame,lgw,Year 1, spring 11, Thursday,40431,17.0
frame,lgw,Year 1, spring 11, Thursday,40432,16.3
frame,lgw,Year 1, spring 11, Thursday,40433,16.7
frame,lgw,Year 1, spring 11, Thursday,40434,16.7
frame,lgw,Year 1, spring 11, Thursday,40435,16.6
frame,lgw,Year 1, spring 11, Thursday,40436,16.6
frame,lgw,Year 1, spring 11, Thursday,40437,16.7
frame,lgw,Year 1, spring 11, Thursday,40438,16.6
frame,lgw,Year 1, spring 11, Thursday,40439,16.7
frame,lgw,Year 1, spring 11, Thursday,40440,16.7
frame,lgw,Year 1, spring 11, Thursday,40441,16.6
frame,lgw,Year 1, spring 11, Thursday,40442,16.9
frame,lgw,Year 1, spring 11, Thursday,40443,16.5
frame,lgw,Year 1, spring 11, Thursday,40444,16.8
frame,lgw,Year 1, spring 11, Thursday,40445,16.6
frame,lgw,Year 1, spring 11, Thursday,40446,16.6
frame,lgw,Year 1, spring 11, Thursday,40447,16.6
frame,lgw,Year 1, spring 11, Thursday,40448,16.7
frame,lgw,Year 1, spring 11, Thursday,40449,18.0
frame,lgw,Year 1, spring 11, Thursday,40450,15.7
frame,lgw,Year 1, spring 11, Thursday,40451,16.2
frame,lgw,Year 1, spring 11, Thursday,40452,16.8
frame,lgw,Year 1, spring 11, Thursday,40453,16.7
frame,lgw,Year 1, spring 11, Thursday,40454,16.8
frame,lgw,Year 1, spring 11, Thursday,40455,16.5
frame,lgw,Year 1, spring 11, Thursday,40456,16.5
frame,lgw,Year 1, spring 11, Thursday,40457,16.6
frame,lgw,Year 1, spring 11, Thursday,40458,16.7
frame,lgw,Year 1, spring 11, Thursday,40459,16.7
frame,lgw,Year 1, spring 11, Thursday,40460,16.7
frame,lgw,Year 1, spring 11, Thursday,40461,16.6
frame,lgw,Year 1, spring 11, Thursday,40462,16.7
frame,lgw,Year 1, spring 11, Thursday,40463,16.7
frame,lgw,Year 1, spring 11, Thursday,40464,16.7
frame,lgw,Year 1, spring 11, Thursday,40465,16.7
frame,lgw,Year 1, spring 11, Thursday,40466,16.7
frame,lgw,Year 1, spring 11, Thursday,40467,16.8
frame,lgw,Year 1, spring 11, Thursday,40468,16.6
frame,lgw,Year 1, spring 11, Thursday,40469,16.6
frame,lgw,Year 1, spring 11, Thursday,40470,16.7
frame,lgw,Year 1, spring 11, Thursday,40471,16.8
frame,lgw,Year 1, spring 11, Thursday,40472,16.6
frame,lgw,Year 1, spring 11, Thursday,40473,16.6
frame,lgw,Year 1, spring 11, Thursday,40474,16.7
frame,lgw,Year 1, spring 11, Thursday,40475,16.6
frame,lgw,Year 1, spring 11, Thursday,40476,16.7
frame,lgw,Year 1, spring 11, Thursday,40477,16.7
frame,lgw,Year 1, spring 11, Thursday,40478,16.8
frame,lgw,Year 1, spring 11, Thursday,40479,16.7
frame,lgw,Year 1, spring 11, Thursday,40480,16.6
frame,lgw,Year 1, spring 11, Thursday,40481,16.6
frame,lgw,Year 1, spring 11, Thursday,40482,16.7
frame,lgw,Year 1, spring 11, Thursday,40483,16.7
frame,lgw,Year 1, spring 11, Thursday,40484,16.7
frame,lgw,Year 1, spring 11, Thursday,40485,16.7
frame,lgw,Year 1, spring 11, Thursday,40486,16.6
frame,lgw,Year 1, spring 11, Thursday,40487,16.7
frame,lgw,Year 1, spring 11, Thursday,40488,16.6
frame,lgw,Year 1, spring 11, Thursday,40489,16.6
frame,lgw,Year 1, spring 11, Thursday,40490,16.7
frame,lgw,Year 1, spring 11, Thursday,40491,16.7
frame,lgw,Year 1, spring 11, Thursday,40492,16.6
frame,lgw,Year 1, spring 11, Thursday,40493,16.6
frame,lgw,Year 1, spring 11, Thursday,40494,17.1
frame,lgw,Year 1, spring 11, Thursday,40495,16.4
frame,lgw,Year 1, spring 11, Thursday,40496,16.5
frame,lgw,Year 1, spring 11, Thursday,40497,16.8
frame,lgw,Year 1, spring 11, Thursday,40498,16.7
frame,lgw,Year 1, spring 11, Thursday,40499,16.6
frame,lgw,Year 1, spring 11, Thursday,40500,16.7
frame,lgw,Year 1, spring 11, Thursday,40501,16.6
frame,lgw,Year 1, spring 11, Thursday,40502,16.7
frame,lgw,Year 1, spring 11, Thursday,40503,16.7
frame,lgw,Year 1, spring 11, Thursday,40504,16.6
frame,lgw,Year 1, spring 11, Thursday,40505,16.8
frame,lgw,Year 1, spring 11, Thursday,40506,16.6
frame,lgw,Year 1, spring 11, Thursday,40507,16.9
frame,lgw,Year 1, spring 11, Thursday,40508,16.5
frame,lgw,Year 1, spring 11, Thursday,40509,16.7
frame,lgw,Year 1, spring 11, Thursday,40510,16.6
frame,lgw,Year 1, spring 11, Thursday,40511,16.7
frame,lgw,Year 1, spring 11, Thursday,40512,16.7
frame,lgw,Year 1, spring 11, Thursday,40513,16.7
frame,lgw,Year 1, spring 11, Thursday,40514,16.6
frame,lgw,Year 1, spring 11, Thursday,40515,16.7
frame,lgw,Year 1, spring 11, Thursday,40516,16.6
frame,lgw,Year 1, spring 11, Thursday,40517,16.7
frame,lgw,Year 1, spring 11, Thursday,40518,16.6
frame,lgw,Year 1, spring 11, Thursday,40519,16.7
frame,lgw,Year 1, spring 11, Thursday,40520,17.3
frame,lgw,Year 1, spring 11, Thursday,40521,16.2
frame,lgw,Year 1, spring 11, Thursday,40522,16.5
frame,lgw,Year 1, spring 11, Thursday,40523,16.7
frame,lgw,Year 1, spring 11, Thursday,40524,18.2
frame,lgw,Year 1, spring 11, Thursday,40525,15.3
frame,lgw,Year 1, spring 11, Thursday,40526,16.5
frame,lgw,Year 1, spring 11, Thursday,40527,16.7
frame,lgw,Year 1, spring 11, Thursday,40528,16.6
frame,lgw,Year 1, spring 11, Thursday,40529,16.8
frame,lgw,Year 1, spring 11, Thursday,40530,16.7
frame,lgw,Year 1, spring 11, Thursday,40531,16.7
frame,lgw,Year 1, spring 11, Thursday,40532,16.8
frame,lgw,Year 1, spring 11, Thursday,40533,16.6
frame,lgw,Year 1, spring 11, Thursday,40534,16.5
frame,lgw,Year 1, spring 11, Thursday,40535,16.7
frame,lgw,Year 1, spring 11, Thursday,40536,16.7
frame,lgw,Year 1, spring 11, Thursday,40537,16.7
frame,lgw,Year 1, spring 11, Thursday,40538,16.8
frame,lgw,Year 1, spring 11, Thursday,40539,16.6
frame,lgw,Year 1, spring 11, Thursday,40540,16.6
frame,lgw,Year 1, spring 11, Thursday,40541,16.7
frame,lgw,Year 1, spring 11, Thursday,40542,16.7
frame,lgw,Year 1, spring 11, Thursday,40543,16.7
frame,lgw,Year 1, spring 11, Thursday,40544,16.7
frame,lgw,Year 1, spring 11, Thursday,40545,16.7
frame,lgw,Year 1, spring 11, Thursday,40546,16.6
frame,lgw,Year 1, spring 11, Thursday,40547,16.9
frame,lgw,Year 1, spring 11, Thursday,40548,16.4
frame,lgw,Year 1, spring 11, Thursday,40549,16.8
frame,lgw,Year 1, spring 11, Thursday,40550,16.7
frame,lgw,Year 1, spring 11, Thursday,40551,16.7
frame,lgw,Year 1, spring 11, Thursday,40552,16.6
frame,lgw,Year 1, spring 11, Thursday,40553,16.6
frame,lgw,Year 1, spring 11, Thursday,40554,16.7
frame,lgw,Year 1, spring 11, Thursday,40555,16.7
frame,lgw,Year 1, spring 11, Thursday,40556,16.6
frame,lgw,Year 1, spring 11, Thursday,40557,16.7
frame,lgw,Year 1, spring 11, Thursday,40558,16.6
frame,lgw,Year 1, spring 11, Thursday,40559,16.8
frame,lgw,Year 1, spring 11, Thursday,40560,16.6
frame,lgw,Year 1, spring 11, Thursday,40561,16.7
frame,lgw,Year 1, spring 11, Thursday,40562,16.7
frame,lgw,Year 1, spring 11, Thursday,40563,16.7
frame,lgw,Year 1, spring 11, Thursday,40564,16.7
frame,lgw,Year 1, spring 11, Thursday,40565,16.8
frame,lgw,Year 1, spring 11, Thursday,40566,16.6
frame,lgw,Year 1, spring 11, Thursday,40567,16.7
frame,lgw,Year 1, spring 11, Thursday,40568,16.5
frame,lgw,Year 1, spring 11, Thursday,40569,16.7
frame,lgw,Year 1, spring 11, Thursday,40570,16.7
frame,lgw,Year 1, spring 11, Thursday,40571,16.6
frame,lgw,Year 1, spring 11, Thursday,40572,16.7
frame,lgw,Year 1, spring 11, Thursday,40573,16.8
frame,lgw,Year 1, spring 11, Thursday,40574,16.9
frame,lgw,Year 1, spring 11, Thursday,40575,16.4
frame,lgw,Year 1, spring 11, Thursday,40576,16.6
frame,lgw,Year 1, spring 11, Thursday,40577,16.7
frame,lgw,Year 1, spring 11, Thursday,40578,16.6
frame,lgw,Year 1, spring 11, Thursday,40579,16.7
frame,lgw,Year 1, spring 11, Thursday,40580,16.6
frame,lgw,Year 1, spring 11, Thursday,40581,16.8
frame,lgw,Year 1, spring 11, Thursday,40582,16.6
frame,lgw,Year 1, spring 11, Thursday,40583,16.7
frame,lgw,Year 1, spring 11, Thursday,40584,16.7
frame,lgw,Year 1, spring 11, Thursday,40585,16.6
frame,lgw,Year 1, spring 11, Thursday,40586,16.7
frame,lgw,Year 1, spring 11, Thursday,40587,16.7
frame,lgw,Year 1, spring 11, Thursday,40588,16.7
frame,lgw,Year 1, spring 11, Thursday,40589,16.5
frame,lgw,Year 1, spring 11, Thursday,40590,16.7
frame,lgw,Year 1, spring 11, Thursday,40591,16.7
frame,lgw,Year 1, spring 11, Thursday,40592,16.7
frame,lgw,Year 1, spring 11, Thursday,40593,16.6
frame,lgw,Year 1, spring 11, Thursday,40594,16.7
frame,lgw,Year 1, spring 11, Thursday,40595,16.6
frame,lgw,Year 1, spring 11, Thursday,40596,16.7
frame,lgw,Year 1, spring 11, Thursday,40597,16.6
frame,lgw,Year 1, spring 11, Thursday,40598,16.7
frame,lgw,Year 1, spring 11, Thursday,40599,16.6
frame,lgw,Year 1, spring 11, Thursday,40600,16.8
frame,lgw,Year 1, spring 11, Thursday,40601,16.6
frame,lgw,Year 1, spring 11, Thursday,40602,16.6
frame,lgw,Year 1, spring 11, Thursday,40603,16.7
frame,lgw,Year 1, spring 11, Thursday,40604,16.7
frame,lgw,Year 1, spring 11, Thursday,40605,16.7
frame,lgw,Year 1, spring 11, Thursday,40606,16.7
frame,lgw,Year 1, spring 11, Thursday,40607,16.7
frame,lgw,Year 1, spring 11, Thursday,40608,16.7
frame,lgw,Year 1, spring 11, Thursday,40609,16.7
frame,lgw,Year 1, spring 11, Thursday,40610,16.7
frame,lgw,Year 1, spring 11, Thursday,40611,16.7
frame,lgw,Year 1, spring 11, Thursday,40612,16.6
frame,lgw,Year 1, spring 11, Thursday,40613,16.7
frame,lgw,Year 1, spring 11, Thursday,40614,16.6
frame,lgw,Year 1, spring 11, Thursday,40615,16.7
frame,lgw,Year 1, spring 11, Thursday,40616,16.7
frame,lgw,Year 1, spring 11, Thursday,40617,16.7
frame,lgw,Year 1, spring 11, Thursday,40618,16.7
frame,lgw,Year 1, spring 11, Thursday,40619,16.7
frame,lgw,Year 1, spring 11, Thursday,40620,19.0
frame,lgw,Year 1, spring 11, Thursday,40621,14.3
frame,lgw,Year 1, spring 11, Thursday,40622,16.7
frame,lgw,Year 1, spring 11, Thursday,40623,16.6
frame,lgw,Year 1, spring 11, Thursday,40624,17.0
frame,lgw,Year 1, spring 11, Thursday,40625,16.8
frame,lgw,Year 1, spring 11, Thursday,40626,16.4
frame,lgw,Year 1, spring 11, Thursday,40627,16.6
frame,lgw,Year 1, spring 11, Thursday,40628,16.7
frame,lgw,Year 1, spring 11, Thursday,40629,16.7
frame,lgw,Year 1, spring 11, Thursday,40630,16.7
frame,lgw,Year 1, spring 11, Thursday,40631,16.6
frame,lgw,Year 1, spring 11, Thursday,40632,16.7
frame,lgw,Year 1, spring 11, Thursday,40633,16.7
frame,lgw,Year 1, spring 11, Thursday,40634,16.7
frame,lgw,Year 1, spring 11, Thursday,40635,16.7
frame,lgw,Year 1, spring 11, Thursday,40636,16.7
frame,lgw,Year 1, spring 11, Thursday,40637,16.6
frame,lgw,Year 1, spring 11, Thursday,40638,16.7
frame,lgw,Year 1, spring 11, Thursday,40639,16.7
frame,lgw,Year 1, spring 11, Thursday,40640,16.7
frame,lgw,Year 1, spring 11, Thursday,40641,16.7
frame,lgw,Year 1, spring 11, Thursday,40642,16.7
frame,lgw,Year 1, spring 11, Thursday,40643,16.7
frame,lgw,Year 1, spring 11, Thursday,40644,16.6
frame,lgw,Year 1, spring 11, Thursday,40645,16.7
frame,lgw,Year 1, spring 11, Thursday,40646,16.7
frame,lgw,Year 1, spring 11, Thursday,40647,16.7
frame,lgw,Year 1, spring 11, Thursday,40648,16.7
frame,lgw,Year 1, spring 11, Thursday,40649,16.6
frame,lgw,Year 1, spring 11, Thursday,40650,16.8
frame,lgw,Year 1, spring 11, Thursday,40651,16.5
frame,lgw,Year 1, spring 11, Thursday,40652,16.8
frame,lgw,Year 1, spring 11, Thursday,40653,16.6
frame,lgw,Year 1, spring 11, Thursday,40654,17.6
frame,lgw,Year 1, spring 11, Thursday,40655,15.7
frame,lgw,Year 1, spring 11, Thursday,40656,16.7
frame,lgw,Year 1, spring 11, Thursday,40657,16.7
frame,lgw,Year 1, spring 11, Thursday,40658,16.7
frame,lgw,Year 1, spring 11, Thursday,40659,16.7
frame,lgw,Year 1, spring 11, Thursday,40660,16.7
frame,lgw,Year 1, spring 11, Thursday,40661,16.6
frame,lgw,Year 1, spring 11, Thursday,40662,16.7
frame,lgw,Year 1, spring 11, Thursday,40663,16.7
frame,lgw,Year 1, spring 11, Thursday,40664,16.7
frame,lgw,Year 1, spring 11, Thursday,40665,16.7
frame,lgw,Year 1, spring 11, Thursday,40666,16.6
frame,lgw,Year 1, spring 11, Thursday,40667,16.7
frame,lgw,Year 1, spring 11, Thursday,40668,16.7
frame,lgw,Year 1, spring 11, Thursday,40669,16.7
frame,lgw,Year 1, spring 11, Thursday,40670,16.7
frame,lgw,Year 1, spring 11, Thursday,40671,16.7
frame,lgw,Year 1, spring 11, Thursday,40672,16.6
frame,lgw,Year 1, spring 11, Thursday,40673,16.6
frame,lgw,Year 1, spring 11, Thursday,40674,16.6
frame,lgw,Year 1, spring 11, Thursday,40675,16.8
frame,lgw,Year 1, spring 11, Thursday,40676,16.6
frame,lgw,Year 1, spring 11, Thursday,40677,16.6
frame,lgw,Year 1, spring 11, Thursday,40678,16.8
frame,lgw,Year 1, spring 11, Thursday,40679,16.6
frame,lgw,Year 1, spring 11, Thursday,40680,16.7
frame,lgw,Year 1, spring 11, Thursday,40681,16.7
frame,lgw,Year 1, spring 11, Thursday,40682,16.7
frame,lgw,Year 1, spring 11, Thursday,40683,16.7
frame,lgw,Year 1, spring 11, Thursday,40684,16.7
frame,lgw,Year 1, spring 11, Thursday,40685,16.7
frame,lgw,Year 1, spring 11, Thursday,40686,16.8
frame,lgw,Year 1, spring 11, Thursday,40687,16.6
frame,lgw,Year 1, spring 11, Thursday,40688,16.6
frame,lgw,Year 1, spring 11, Thursday,40689,16.7
frame,lgw,Year 1, spring 11, Thursday,40690,16.7
frame,lgw,Year 1, spring 11, Thursday,40691,16.8
frame,lgw,Year 1, spring 11, Thursday,40692,16.7
frame,lgw,Year 1, spring 11, Thursday,40693,16.7
frame,lgw,Year 1, spring 11, Thursday,40694,16.6
lag,lgw,Year 1, spring 12, Friday,40697,169.0
lag,lgw,Year 1, spring 12, Friday,40698,2002.7
frame,lgw,Year 1, spring 12, Friday,40695,17.3
frame,lgw,Year 1, spring 12, Friday,40696,169.0
frame,lgw,Year 1, spring 12, Friday,40697,500.0
frame,lgw,Year 1, spring 12, Friday,40698,11.0
frame,lgw,Year 1, spring 12, Friday,40699,16.7
frame,lgw,Year 1, spring 12, Friday,40700,16.6
frame,lgw,Year 1, spring 12, Friday,40701,16.7
frame,lgw,Year 1, spring 12, Friday,40702,16.7
frame,lgw,Year 1, spring 12, Friday,40703,16.6
frame,lgw,Year 1, spring 12, Friday,40704,16.7
frame,lgw,Year 1, spring 12, Friday,40705,16.6
frame,lgw,Year 1, spring 12, Friday,40706,17.2
frame,lgw,Year 1, spring 12, Friday,40707,16.3
frame,lgw,Year 1, spring 12, Friday,40708,16.5
frame,lgw,Year 1, spring 12, Friday,40709,16.7
frame,lgw,Year 1, spring 12, Friday,40710,16.6
frame,lgw,Year 1, spring 12, Friday,40711,16.7
frame,lgw,Year 1, spring 12, Friday,40712,16.7
frame,lgw,Year 1, spring 12, Friday,40713,16.7
frame,lgw,Year 1, spring 12, Friday,40714,16.6
frame,lgw,Year 1, spring 12, Friday,40715,16.7
frame,lgw,Year 1, spring 12, Friday,40716,16.7
frame,lgw,Year 1, spring 12, Friday,40717,16.7
frame,lgw,Year 1, spring 12, Friday,40718,16.6
frame,lgw,Year 1, spring 12, Friday,40719,16.8
frame,lgw,Year 1, spring 12, Friday,40720,16.6
frame,lgw,Year 1, spring 12, Friday,40721,16.6
frame,lgw,Year 1, spring 12, Friday,40722,16.7
frame,lgw,Year 1, spring 12, Friday,40723,16.6
frame,lgw,Year 1, spring 12, Friday,40724,16.7
frame,lgw,Year 1, spring 12, Friday,40725,16.6
frame,lgw,Year 1, spring 12, Friday,40726,16.7
frame,lgw,Year 1, spring 12, Friday,40727,16.8
frame,lgw,Year 1, spring 12, Friday,40728,16.5
frame,lgw,Year 1, spring 12, Friday,40729,16.7
frame,lgw,Year 1, spring 12, Friday,40730,16.7
frame,lgw,Year 1, spring 12, Friday,40731,16.7
frame,lgw,Year 1, spring 12, Friday,40732,16.7
frame,lgw,Year 1, spring 12, Friday,40733,16.7
frame,lgw,Year 1, spring 12, Friday,40734,16.6
frame,lgw,Year 1, spring 12, Friday,40735,16.7
frame,lgw,Year 1, spring 12, Friday,40736,16.6
frame,lgw,Year 1, spring 12, Friday,40737,16.7
frame,lgw,Year 1, spring 12, Friday,40738,16.6
frame,lgw,Year 1, spring 12, Friday,40739,16.8
frame,lgw,Year 1, spring 12, Friday,40740,16.6
frame,lgw,Year 1, spring 12, Friday,40741,16.6
frame,lgw,Year 1, spring 12, Friday,40742,16.6
frame,lgw,Year 1, spring 12, Friday,40743,16.7
frame,lgw,Year 1, spring 12, Friday,40744,16.7
frame,lgw,Year 1, spring 12, Friday,40745,16.7
frame,lgw,Year 1, spring 12, Friday,40746,16.7
frame,lgw,Year 1, spring 12, Friday,40747,16.8
frame,lgw,Year 1, spring 12, Friday,40748,16.7
frame,lgw,Year 1, spring 12, Friday,40749,16.6
frame,lgw,Year 1, spring 12, Friday,40750,16.7
frame,lgw,Year 1, spring 12, Friday,40751,16.6
frame,lgw,Year 1, spring 12, Friday,40752,16.7
frame,lgw,Year 1, spring 12, Friday,40753,16.7
frame,lgw,Year 1, spring 12, Friday,40754,16.7
frame,lgw,Year 1, spring 12, Friday,40755,16.6
frame,lgw,Year 1, spring 12, Friday,40756,16.7
frame,lgw,Year 1, spring 12, Friday,40757,16.5
frame,lgw,Year 1, spring 12, Friday,40758,16.7
frame,lgw,Year 1, spring 12, Friday,40759,16.8
frame,lgw,Year 1, spring 12, Friday,40760,16.6
frame,lgw,Year 1, spring 12, Friday,40761,16.6
frame,lgw,Year 1, spring 12, Friday,40762,16.6
frame,lgw,Year 1, spring 12, Friday,40763,16.7
frame,lgw,Year 1, spring 12, Friday,40764,16.6
frame,lgw,Year 1, spring 12, Friday,40765,16.7
frame,lgw,Year 1, spring 12, Friday,40766,16.7
frame,lgw,Year 1, spring 12, Friday,40767,16.7
frame,lgw,Year 1, spring 12, Friday,40768,16.6
frame,lgw,Year 1, spring 12, Friday,40769,17.5
frame,lgw,Year 1, spring 12, Friday,40770,15.9
frame,lgw,Year 1, spring 12, Friday,40771,16.6
frame,lgw,Year 1, spring 12, Friday,40772,16.8
frame,lgw,Year 1, spring 12, Friday,40773,16.8
frame,lgw,Year 1, spring 12, Friday,40774,16.4
frame,lgw,Year 1, spring 12, Friday,40775,16.6
frame,lgw,Year 1, spring 12, Friday,40776,16.7
frame,lgw,Year 1, spring 12, Friday,40777,16.6
frame,lgw,Year 1, spring 12, Friday,40778,16.7
frame,lgw,Year 1, spring 12, Friday,40779,16.7
frame,lgw,Year 1, spring 12, Friday,40780,16.7
frame,lgw,Year 1, spring 12, Friday,40781,16.7
frame,lgw,Year 1, spring 12, Friday,40782,16.7
frame,lgw,Year 1, spring 12, Friday,40783,16.6
frame,lgw,Year 1, spring 12, Friday,40784,16.7
frame,lgw,Year 1, spring 12, Friday,40785,16.7
frame,lgw,Year 1, spring 12, Friday,40786,16.6
frame,lgw,Year 1, spring 12, Friday,40787,16.7
frame,lgw,Year 1, spring 12, Friday,40788,16.7
frame,lgw,Year 1, spring 12, Friday,40789,18.9
frame,lgw,Year 1, spring 12, Friday,40790,14.4
frame,lgw,Year 1, spring 12, Friday,40791,16.7
frame,lgw,Year 1, spring 12, Friday,40792,16.6
frame,lgw,Year 1, spring 12, Friday,40793,16.7
frame,lgw,Year 1, spring 12, Friday,40794,16.7
frame,lgw,Year 1, spring 12, Friday,40795,16.6
frame,lgw,Year 1, spring 12, Friday,40796,16.7
frame,lgw,Year 1, spring 12, Friday,40797,16.8
frame,lgw,Year 1, spring 12, Friday,40798,16.8
frame,lgw,Year 1, spring 12, Friday,40799,16.6
frame,lgw,Year 1, spring 12, Friday,40800,16.7
frame,lgw,Year 1, spring 12, Friday,40801,16.6
frame,lgw,Year 1, spring 12, Friday,40802,16.7
frame,lgw,Year 1, spring 12, Friday,40803,16.7
frame,lgw,Year 1, spring 12, Friday,40804,17.1
frame,lgw,Year 1, spring 12, Friday,40805,16.2
frame,lgw,Year 1, spring 12, Friday,40806,16.7
frame,lgw,Year 1, spring 12, Friday,40807,16.7
frame,lgw,Year 1, spring 12, Friday,40808,16.6
frame,lgw,Year 1, spring 12, Friday,40809,16.7
frame,lgw,Year 1, spring 12, Friday,40810,16.7
frame,lgw,Year 1, spring 12, Friday,40811,16.6
frame,lgw,Year 1, spring 12, Friday,40812,16.7
frame,lgw,Year 1, spring 12, Friday,40813,16.6
frame,lgw,Year 1, spring 12, Friday,40814,16.8
frame,lgw,Year 1, spring 12, Friday,40815,16.6
frame,lgw,Year 1, spring 12, Friday,40816,16.7
frame,lgw,Year 1, spring 12, Friday,40817,16.7
frame,lgw,Year 1, spring 12, Friday,40818,16.7
frame,lgw,Year 1, spring 12, Friday,40819,16.7
frame,lgw,Year 1, spring 12, Friday,40820,16.7
frame,lgw,Year 1, spring 12, Friday,40821,16.7
frame,lgw,Year 1, spring 12, Friday,40822,16.6
frame,lgw,Year 1, spring 12, Friday,40823,16.7
frame,lgw,Year 1, spring 12, Friday,40824,16.7
frame,lgw,Year 1, spring 12, Friday,40825,16.6
frame,lgw,Year 1, spring 12, Friday,40826,16.7
frame,lgw,Year 1, spring 12, Friday,40827,16.7
frame,lgw,Year 1, spring 12, Friday,40828,16.7
frame,lgw,Year 1, spring 12, Friday,40829,16.9
frame,lgw,Year 1, spring 12, Friday,40830,16.4
frame,lgw,Year 1, spring 12, Friday,40831,16.6
frame,lgw,Year 1, spring 12, Friday,40832,16.7
frame,lgw,Year 1, spring 12, Friday,40833,18.8
frame,lgw,Year 1, spring 12, Friday,40834,14.6
frame,lgw,Year 1, spring 12, Friday,40835,16.6
frame,lgw,Year 1, spring 12, Friday,40836,16.7
frame,lgw,Year 1, spring 12, Friday,40837,16.7
frame,lgw,Year 1, spring 12, Friday,40838,16.7
frame,lgw,Year 1, spring 12, Friday,40839,17.0
frame,lgw,Year 1, spring 12, Friday,40840,16.4
frame,lgw,Year 1, spring 12, Friday,40841,16.6
frame,lgw,Year 1, spring 12, Friday,40842,16.7
frame,lgw,Year 1, spring 12, Friday,40843,16.7
frame,lgw,Year 1, spring 12, Friday,40844,16.7
frame,lgw,Year 1, spring 12, Friday,40845,16.7
frame,lgw,Year 1, spring 12, Friday,40846,16.7
frame,lgw,Year 1, spring 12, Friday,40847,16.7
frame,lgw,Year 1, spring 12, Friday,40848,16.7
frame,lgw,Year 1, spring 12, Friday,40849,16.6
frame,lgw,Year 1, spring 12, Friday,40850,16.6
frame,lgw,Year 1, spring 12, Friday,40851,16.7
frame,lgw,Year 1, spring 12, Friday,40852,16.8
frame,lgw,Year 1, spring 12, Friday,40853,16.5
frame,lgw,Year 1, spring 12, Friday,40854,16.7
frame,lgw,Year 1, spring 12, Friday,40855,16.6
frame,lgw,Year 1, spring 12, Friday,40856,16.7
frame,lgw,Year 1, spring 12, Friday,40857,16.7
frame,lgw,Year 1, spring 12, Friday,40858,16.7
frame,lgw,Year 1, spring 12, Friday,40859,16.7
frame,lgw,Year 1, spring 12, Friday,40860,16.8
frame,lgw,Year 1, spring 12, Friday,40861,16.4
frame,lgw,Year 1, spring 12, Friday,40862,16.6
frame,lgw,Year 1, spring 12, Friday,40863,16.7
lag,lgw,Year 1, spring 13, Saturday,40866,152.5
lag,lgw,Year 1, spring 13, Saturday,40867,2021.0
frame,lgw,Year 1, spring 13, Saturday,40864,17.0
frame,lgw,Year 1, spring 13, Saturday,40865,152.5
frame,lgw,Year 1, spring 13, Saturday,40866,500.0
frame,lgw,Year 1, spring 13, Saturday,40867,9.5
frame,lgw,Year 1, spring 13, Saturday,40868,16.7
frame,lgw,Year 1, spring 13, Saturday,40869,16.6
frame,lgw,Year 1, spring 13, Saturday,40870,16.7
frame,lgw,Year 1, spring 13, Saturday,40871,16.6
frame,lgw,Year 1, spring 13, Saturday,40872,16.6
frame,lgw,Year 1, spring 13, Saturday,40873,17.0
frame,lgw,Year 1, spring 13, Saturday,40874,16.3
frame,lgw,Year 1, spring 13, Saturday,40875,16.7
frame,lgw,Year 1, spring 13, Saturday,40876,16.6
frame,lgw,Year 1, spring 13, Saturday,40877,16.6
frame,lgw,Year 1, spring 13, Saturday,40878,16.7
frame,lgw,Year 1, spring 13, Saturday,40879,16.7
frame,lgw,Year 1, spring 13, Saturday,40880,16.7
frame,lgw,Year 1, spring 13, Saturday,40881,16.7
frame,lgw,Year 1, spring 13, Saturday,40882,16.6
frame,lgw,Year 1, spring 13, Saturday,40883,16.8
frame,lgw,Year 1, spring 13, Saturday,40884,16.5
frame,lgw,Year 1, spring 13, Saturday,40885,16.7
frame,lgw,Year 1, spring 13, Saturday,40886,16.6
frame,lgw,Year 1, spring 13, Saturday,40887,16.8
frame,lgw,Year 1, spring 13, Saturday,40888,16.6
frame,lgw,Year 1, spring 13, Saturday,40889,16.6
frame,lgw,Year 1, spring 13, Saturday,40890,16.7
frame,lgw,Year 1, spring 13, Saturday,40891,16.7
frame,lgw,Year 1, spring 13, Saturday,40892,16.7
frame,lgw,Year 1, spring 13, Saturday,40893,16.7
frame,lgw,Year 1, spring 13, Saturday,40894,16.7
frame,lgw,Year 1, spring 13, Saturday,40895,16.6
frame,lgw,Year 1, spring 13, Saturday,40896,16.8
frame,lgw,Year 1, spring 13, Saturday,40897,16.5
frame,lgw,Year 1, spring 13, Saturday,40898,16.7
frame,lgw,Year 1, spring 13, Saturday,40899,16.6
frame,lgw,Year 1, spring 13, Saturday,40900,16.7
frame,lgw,Year 1, spring 13, Saturday,40901,16.6
frame,lgw,Year 1, spring 13, Saturday,40902,16.6
frame,lgw,Year 1, spring 13, Saturday,40903,16.7
frame,lgw,Year 1, spring 13, Saturday,40904,16.7
frame,lgw,Year 1, spring 13, Saturday,40905,16.6
frame,lgw,Year 1, spring 13, Saturday,40906,16.8
frame,lgw,Year 1, spring 13, Saturday,40907,16.7
frame,lgw,Year 1, spring 13, Saturday,40908,16.7
frame,lgw,Year 1, spring 13, Saturday,40909,16.6
frame,lgw,Year 1, spring 13, Saturday,40910,16.6
frame,lgw,Year 1, spring 13, Saturday,40911,16.6
frame,lgw,Year 1, spring 13, Saturday,40912,16.8
frame,lgw,Year 1, spring 13, Saturday,40913,16.8
frame,lgw,Year 1, spring 13, Saturday,40914,16.6
frame,lgw,Year 1, spring 13, Saturday,40915,16.8
frame,lgw,Year 1, spring 13, Saturday,40916,16.6
frame,lgw,Year 1, spring 13, Saturday,40917,16.6
frame,lgw,Year 1, spring 13, Saturday,40918,16.6
frame,lgw,Year 1, spring 13, Saturday,40919,16.6
frame,lgw,Year 1, spring 13, Saturday,40920,16.9
frame,lgw,Year 1, spring 13, Saturday,40921,16.7
frame,lgw,Year 1, spring 13, Saturday,40922,16.4
frame,lgw,Year 1, spring 13, Saturday,40923,16.6
frame,lgw,Year 1, spring 13, Saturday,40924,16.7
frame,lgw,Year 1, spring 13, Saturday,40925,16.7
frame,lgw,Year 1, spring 13, Saturday,40926,16.6
frame,lgw,Year 1, spring 13, Saturday,40927,16.7
frame,lgw,Year 1, spring 13, Saturday,40928,16.6
frame,lgw,Year 1, spring 13, Saturday,40929,16.7
frame,lgw,Year 1, spring 13, Saturday,40930,16.7
frame,lgw,Year 1, spring 13, Saturday,40931,16.7
frame,lgw,Year 1, spring 13, Saturday,40932,16.6
frame,lgw,Year 1, spring 13, Saturday,40933,16.7
frame,lgw,Year 1, spring 13, Saturday,40934,16.8
frame,lgw,Year 1, spring 13, Saturday,40935,16.6
frame,lgw,Year 1, spring 13, Saturday,40936,16.6
frame,lgw,Year 1, spring 13, Saturday,40937,16.6
frame,lgw,Year 1, spring 13, Saturday,40938,16.7
frame,lgw,Year 1, spring 13, Saturday,40939,16.7
frame,lgw,Year 1, spring 13, Saturday,40940,16.6
frame,lgw,Year 1, spring 13, Saturday,40941,16.9
frame,lgw,Year 1, spring 13, Saturday,40942,16.4
frame,lgw,Year 1, spring 13, Saturday,40943,16.7
frame,lgw,Year 1, spring 13, Saturday,40944,17.3
frame,lgw,Year 1, spring 13, Saturday,40945,16.0
frame,lgw,Year 1, spring 13, Saturday,40946,16.9
frame,lgw,Year 1, spring 13, Saturday,40947,16.6
frame,lgw,Year 1, spring 13, Saturday,40948,16.8
frame,lgw,Year 1, spring 13, Saturday,40949,16.5
frame,lgw,Year 1, spring 13, Saturday,40950,16.6
frame,lgw,Year 1, spring 13, Saturday,40951,16.7
frame,lgw,Year 1, spring 13, Saturday,40952,16.7
frame,lgw,Year 1, spring 13, Saturday,40953,16.7
frame,lgw,Year 1, spring 13, Saturday,40954,16.7
frame,lgw,Year 1, spring 13, Saturday,40955,16.6
frame,lgw,Year 1, spring 13, Saturday,40956,19.3
frame,lgw,Year 1, spring 13, Saturday,40957,14.4
frame,lgw,Year 1, spring 13, Saturday,40958,16.2
frame,lgw,Year 1, spring 13, Saturday,40959,16.9
frame,lgw,Year 1, spring 13, Saturday,40960,16.5
frame,lgw,Year 1, spring 13, Saturday,40961,18.8
frame,lgw,Year 1, spring 13, Saturday,40962,14.4
frame,lgw,Year 1, spring 13, Saturday,40963,16.7
frame,lgw,Year 1, spring 13, Saturday,40964,16.7
frame,lgw,Year 1, spring 13, Saturday,40965,16.6
frame,lgw,Year 1, spring 13, Saturday,40966,16.7
frame,lgw,Year 1, spring 13, Saturday,40967,16.6
frame,lgw,Year 1, spring 13, Saturday,40968,16.7
frame,lgw,Year 1, spring 13, Saturday,40969,16.7
frame,lgw,Year 1, spring 13, Saturday,40970,16.7
frame,lgw,Year 1, spring 13, Saturday,40971,16.8
frame,lgw,Year 1, spring 13, Saturday,40972,16.6
frame,lgw,Year 1, spring 13, Saturday,40973,16.7
frame,lgw,Year 1, spring 13, Saturday,40974,16.6
frame,lgw,Year 1, spring 13, Saturday,40975,16.6
frame,lgw,Year 1, spring 13, Saturday,40976,16.7
frame,lgw,Year 1, spring 13, Saturday,40977,16.6
frame,lgw,Year 1, spring 13, Saturday,40978,16.8
frame,lgw,Year 1, spring 13, Saturday,40979,16.6
frame,lgw,Year 1, spring 13, Saturday,40980,16.6
frame,lgw,Year 1, spring 13, Saturday,40981,16.7
frame,lgw,Year 1, spring 13, Saturday,40982,16.7
frame,lgw,Year 1, spring 13, Saturday,40983,16.6
frame,lgw,Year 1, spring 13, Saturday,40984,16.7
frame,lgw,Year 1, spring 13, Saturday,40985,16.7
frame,lgw,Year 1, spring 13, Saturday,40986,16.7
frame,lgw,Year 1, spring 13, Saturday,40987,16.6
frame,lgw,Year 1, spring 13, Saturday,40988,16.5
frame,lgw,Year 1, spring 13, Saturday,40989,16.7
frame,lgw,Year 1, spring 13, Saturday,40990,16.7
frame,lgw,Year 1, spring 13, Saturday,40991,16.7
frame,lgw,Year 1, spring 13, Saturday,40992,16.6
frame,lgw,Year 1, spring 13, Saturday,40993,16.7
frame,lgw,Year 1, spring 13, Saturday,40994,16.7
frame,lgw,Year 1, spring 13, Saturday,40995,16.6
frame,lgw,Year 1, spring 13, Saturday,40996,16.7
frame,lgw,Year 1, spring 13, Saturday,40997,16.6
frame,lgw,Year 1, spring 13, Saturday,40998,16.6
frame,lgw,Year 1, spring 13, Saturday,40999,16.7
frame,lgw,Year 1, spring 13, Saturday,41000,16.7
frame,lgw,Year 1, spring 13, Saturday,41001,16.6
frame,lgw,Year 1, spring 13, Saturday,41002,16.7
frame,lgw,Year 1, spring 13, Saturday,41003,16.7
frame,lgw,Year 1, spring 13, Saturday,41004,16.6
frame,lgw,Year 1, spring 13, Saturday,41005,16.7
frame,lgw,Year 1, spring 13, Saturday,41006,16.6
frame,lgw,Year 1, spring 13, Saturday,41007,16.7
frame,lgw,Year 1, spring 13, Saturday,41008,16.7
frame,lgw,Year 1, spring 13, Saturday,41009,16.7
frame,lgw,Year 1, spring 13, Saturday,41010,16.7
frame,lgw,Year 1, spring 13, Saturday,41011,16.7
frame,lgw,Year 1, spring 13, Saturday,41012,16.7
frame,lgw,Year 1, spring 13, Saturday,41013,16.7
frame,lgw,Year 1, spring 13, Saturday,41014,16.6
frame,lgw,Year 1, spring 13, Saturday,41015,16.7
frame,lgw,Year 1, spring 13, Saturday,41016,16.6
frame,lgw,Year 1, spring 13, Saturday,41017,16.6
frame,lgw,Year 1, spring 13, Saturday,41018,16.7
frame,lgw,Year 1, spring 13, Saturday,41019,17.0
frame,lgw,Year 1, spring 13, Saturday,41020,16.3
frame,lgw,Year 1, spring 13, Saturday,41021,16.8
frame,lgw,Year 1, spring 13, Saturday,41022,16.6
frame,lgw,Year 1, spring 13, Saturday,41023,16.6
frame,lgw,Year 1, spring 13, Saturday,41024,16.9
frame,lgw,Year 1, spring 13, Saturday,41025,16.4
frame,lgw,Year 1, spring 13, Saturday,41026,16.7
frame,lgw,Year 1, spring 13, Saturday,41027,16.8
frame,lgw,Year 1, spring 13, Saturday,41028,16.5
frame,lgw,Year 1, spring 13, Saturday,41029,16.7
frame,lgw,Year 1, spring 13, Saturday,41030,16.6
lag,lgw,Year 1, spring 14, Sunday,41033,149.5
lag,lgw,Year 1, spring 14, Sunday,41034,2023.4
frame,lgw,Year 1, spring 14, Sunday,41031,17.0
frame,lgw,Year 1, spring 14, Sunday,41032,149.5
frame,lgw,Year 1, spring 14, Sunday,41033,500.0
frame,lgw,Year 1, spring 14, Sunday,41034,10.2
frame,lgw,Year 1, spring 14, Sunday,41035,16.6
frame,lgw,Year 1, spring 14, Sunday,41036,16.7
frame,lgw,Year 1, spring 14, Sunday,41037,16.6
frame,lgw,Year 1, spring 14, Sunday,41038,16.7
frame,lgw,Year 1, spring 14, Sunday,41039,16.9
frame,lgw,Year 1, spring 14, Sunday,41040,16.5
frame,lgw,Year 1, spring 14, Sunday,41041,16.6
frame,lgw,Year 1, spring 14, Sunday,41042,16.7
frame,lgw,Year 1, spring 14, Sunday,41043,16.7
frame,lgw,Year 1, spring 14, Sunday,41044,16.7
frame,lgw,Year 1, spring 14, Sunday,41045,16.7
frame,lgw,Year 1, spring 14, Sunday,41046,16.6
frame,lgw,Year 1, spring 14, Sunday,41047,16.6
frame,lgw,Year 1, spring 14, Sunday,41048,16.6
frame,lgw,Year 1, spring 14, Sunday,41049,16.7
frame,lgw,Year 1, spring 14, Sunday,41050,16.7
frame,lgw,Year 1, spring 14, Sunday,41051,16.8
frame,lgw,Year 1, spring 14, Sunday,41052,16.8
frame,lgw,Year 1, spring 14, Sunday,41053,16.4
frame,lgw,Year 1, spring 14, Sunday,41054,16.7
frame,lgw,Year 1, spring 14, Sunday,41055,16.7
frame,lgw,Year 1, spring 14, Sunday,41056,16.6
frame,lgw,Year 1, spring 14, Sunday,41057,16.7
frame,lgw,Year 1, spring 14, Sunday,41058,16.7
frame,lgw,Year 1, spring 14, Sunday,41059,16.7
frame,lgw,Year 1, spring 14, Sunday,41060,16.7
frame,lgw,Year 1, spring 14, Sunday,41061,16.7
frame,lgw,Year 1, spring 14, Sunday,41062,16.7
frame,lgw,Year 1, spring 14, Sunday,41063,16.7
frame,lgw,Year 1, spring 14, Sunday,41064,16.6
frame,lgw,Year 1, spring 14, Sunday,41065,16.9
frame,lgw,Year 1, spring 14, Sunday,41066,16.5
frame,lgw,Year 1, spring 14, Sunday,41067,16.7
frame,lgw,Year 1, spring 14, Sunday,41068,16.8
frame,lgw,Year 1, spring 14, Sunday,41069,16.6
frame,lgw,Year 1, spring 14, Sunday,41070,16.6
frame,lgw,Year 1, spring 14, Sunday,41071,16.7
frame,lgw,Year 1, spring 14, Sunday,41072,16.7
frame,lgw,Year 1, spring 14, Sunday,41073,16.6
frame,lgw,Year 1, spring 14, Sunday,41074,16.7
frame,lgw,Year 1, spring 14, Sunday,41075,16.7
frame,lgw,Year 1, spring 14, Sunday,41076,16.7
frame,lgw,Year 1, spring 14, Sunday,41077,17.1
frame,lgw,Year 1, spring 14, Sunday,41078,16.2
frame,lgw,Year 1, spring 14, Sunday,41079,16.7
frame,lgw,Year 1, spring 14, Sunday,41080,16.8
frame,lgw,Year 1, spring 14, Sunday,41081,16.7
frame,lgw,Year 1, spring 14, Sunday,41082,16.6
frame,lgw,Year 1, spring 14, Sunday,41083,16.6
frame,lgw,Year 1, spring 14, Sunday,41084,16.7
frame,lgw,Year 1, spring 14, Sunday,41085,17.1
frame,lgw,Year 1, spring 14, Sunday,41086,16.2
frame,lgw,Year 1, spring 14, Sunday,41087,16.8
frame,lgw,Year 1, spring 14, Sunday,41088,16.6
frame,lgw,Year 1, spring 14, Sunday,41089,16.6
frame,lgw,Year 1, spring 14, Sunday,41090,16.7
frame,lgw,Year 1, spring 14, Sunday,41091,16.6
frame,lgw,Year 1, spring 14, Sunday,41092,16.6
frame,lgw,Year 1, spring 14, Sunday,41093,16.8
frame,lgw,Year 1, spring 14, Sunday,41094,16.6
frame,lgw,Year 1, spring 14, Sunday,41095,16.7
frame,lgw,Year 1, spring 14, Sunday,41096,16.5
frame,lgw,Year 1, spring 14, Sunday,41097,16.7
frame,lgw,Year 1, spring 14, Sunday,41098,16.6
frame,lgw,Year 1, spring 14, Sunday,41099,16.8
frame,lgw,Year 1, spring 14, Sunday,41100,16.7
frame,lgw,Year 1, spring 14, Sunday,41101,16.6
frame,lgw,Year 1, spring 14, Sunday,41102,16.7
frame,lgw,Year 1, spring 14, Sunday,41103,16.6
frame,lgw,Year 1, spring 14, Sunday,41104,16.7
frame,lgw,Year 1, spring 14, Sunday,41105,16.7
frame,lgw,Year 1, spring 14, Sunday,41106,16.6
frame,lgw,Year 1, spring 14, Sunday,41107,16.7
frame,lgw,Year 1, spring 14, Sunday,41108,16.6
frame,lgw,Year 1, spring 14, Sunday,41109,16.8
frame,lgw,Year 1, spring 14, Sunday,41110,16.6
frame,lgw,Year 1, spring 14, Sunday,41111,16.7
frame,lgw,Year 1, spring 14, Sunday,41112,16.7
frame,lgw,Year 1, spring 14, Sunday,41113,16.6
frame,lgw,Year 1, spring 14, Sunday,41114,16.7
frame,lgw,Year 1, spring 14, Sunday,41115,16.8
frame,lgw,Year 1, spring 14, Sunday,41116,16.5
frame,lgw,Year 1, spring 14, Sunday,41117,16.7
frame,lgw,Year 1, spring 14, Sunday,41118,16.8
frame,lgw,Year 1, spring 14, Sunday,41119,16.6
frame,lgw,Year 1, spring 14, Sunday,41120,16.6
frame,lgw,Year 1, spring 14, Sunday,41121,16.7
frame,lgw,Year 1, spring 14, Sunday,41122,16.6
frame,lgw,Year 1, spring 14, Sunday,41123,16.7
frame,lgw,Year 1, spring 14, Sunday,41124,16.7
frame,lgw,Year 1, spring 14, Sunday,41125,16.6
frame,lgw,Year 1, spring 14, Sunday,41126,16.7
frame,lgw,Year 1, spring 14, Sunday,41127,16.7
frame,lgw,Year 1, spring 14, Sunday,41128,16.8
frame,lgw,Year 1, spring 14, Sunday,41129,16.6
frame,lgw,Year 1, spring 14, Sunday,41130,16.7
frame,lgw,Year 1, spring 14, Sunday,41131,16.6
frame,lgw,Year 1, spring 14, Sunday,41132,16.7
frame,lgw,Year 1, spring 14, Sunday,41133,16.7
frame,lgw,Year 1, spring 14, Sunday,41134,16.7
frame,lgw,Year 1, spring 14, Sunday,41135,16.8
frame,lgw,Year 1, spring 14, Sunday,41136,18.9
frame,lgw,Year 1, spring 14, Sunday,41137,14.3
frame,lgw,Year 1, spring 14, Sunday,41138,16.6
frame,lgw,Year 1, spring 14, Sunday,41139,16.7
frame,lgw,Year 1, spring 14, Sunday,41140,16.9
frame,lgw,Year 1, spring 14, Sunday,41141,16.5
frame,lgw,Year 1, spring 14, Sunday,41142,16.7
frame,lgw,Year 1, spring 14, Sunday,41143,16.7
frame,lgw,Year 1, spring 14, Sunday,41144,17.0
frame,lgw,Year 1, spring 14, Sunday,41145,16.2
frame,lgw,Year 1, spring 14, Sunday,41146,16.8
frame,lgw,Year 1, spring 14, Sunday,41147,16.7
frame,lgw,Year 1, spring 14, Sunday,41148,16.6
frame,lgw,Year 1, spring 14, Sunday,41149,16.6
frame,lgw,Year 1, spring 14, Sunday,41150,17.2
frame,lgw,Year 1, spring 14, Sunday,41151,16.1
frame,lgw,Year 1, spring 14, Sunday,41152,16.7
frame,lgw,Year 1, spring 14, Sunday,41153,16.9
frame,lgw,Year 1, spring 14, Sunday,41154,16.5
frame,lgw,Year 1, spring 14, Sunday,41155,16.7
frame,lgw,Year 1, spring 14, Sunday,41156,16.5
frame,lgw,Year 1, spring 14, Sunday,41157,16.7
frame,lgw,Year 1, spring 14, Sunday,41158,16.7
frame,lgw,Year 1, spring 14, Sunday,41159,16.7
frame,lgw,Year 1, spring 14, Sunday,41160,16.6
frame,lgw,Year 1, spring 14, Sunday,41161,16.7
frame,lgw,Year 1, spring 14, Sunday,41162,16.7
frame,lgw,Year 1, spring 14, Sunday,41163,16.7
frame,lgw,Year 1, spring 14, Sunday,41164,16.7
frame,lgw,Year 1, spring 14, Sunday,41165,16.7
frame,lgw,Year 1, spring 14, Sunday,41166,16.8
frame,lgw,Year 1, spring 14, Sunday,41167,16.6
frame,lgw,Year 1, spring 14, Sunday,41168,16.7
frame,lgw,Year 1, spring 14, Sunday,41169,16.6
frame,lgw,Year 1, spring 14, Sunday,41170,16.6
frame,lgw,Year 1, spring 14, Sunday,41171,16.7
frame,lgw,Year 1, spring 14, Sunday,41172,16.7
frame,lgw,Year 1, spring 14, Sunday,41173,16.6
frame,lgw,Year 1, spring 14, Sunday,41174,16.7
frame,lgw,Year 1, spring 14, Sunday,41175,16.6
frame,lgw,Year 1, spring 14, Sunday,41176,16.7
frame,lgw,Year 1, spring 14, Sunday,41177,16.7
frame,lgw,Year 1, spring 14, Sunday,41178,16.7
frame,lgw,Year 1, spring 14, Sunday,41179,16.7
frame,lgw,Year 1, spring 14, Sunday,41180,16.6
frame,lgw,Year 1, spring 14, Sunday,41181,16.6
frame,lgw,Year 1, spring 14, Sunday,41182,16.7
frame,lgw,Year 1, spring 14, Sunday,41183,16.8
frame,lgw,Year 1, spring 14, Sunday,41184,16.6
frame,lgw,Year 1, spring 14, Sunday,41185,16.6
frame,lgw,Year 1, spring 14, Sunday,41186,16.7
frame,lgw,Year 1, spring 14, Sunday,41187,16.6
frame,lgw,Year 1, spring 14, Sunday,41188,16.7
frame,lgw,Year 1, spring 14, Sunday,41189,16.7
frame,lgw,Year 1, spring 14, Sunday,41190,16.9
frame,lgw,Year 1, spring 14, Sunday,41191,16.4
frame,lgw,Year 1, spring 14, Sunday,41192,16.7
frame,lgw,Year 1, spring 14, Sunday,41193,16.7
frame,lgw,Year 1, spring 14, Sunday,41194,16.7
frame,lgw,Year 1, spring 14, Sunday,41195,16.6
frame,lgw,Year 1, spring 14, Sunday,41196,16.7
frame,lgw,Year 1, spring 14, Sunday,41197,16.6
frame,lgw,Year 1, spring 14, Sunday,41198,16.7
frame,lgw,Year 1, spring 14, Sunday,41199,16.6
frame,lgw,Year 1, spring 14, Sunday,41200,16.6
frame,lgw,Year 1, spring 14, Sunday,41201,16.7
frame,lgw,Year 1, spring 14, Sunday,41202,16.7
frame,lgw,Year 1, spring 14, Sunday,41203,16.8
frame,lgw,Year 1, spring 14, Sunday,41204,16.6
frame,lgw,Year 1, spring 14, Sunday,41205,16.6
frame,lgw,Year 1, spring 14, Sunday,41206,16.6
frame,lgw,Year 1, spring 14, Sunday,41207,16.8
frame,lgw,Year 1, spring 14, Sunday,41208,16.7
frame,lgw,Year 1, spring 14, Sunday,41209,16.6
frame,lgw,Year 1, spring 14, Sunday,41210,16.7
switch,lgw,Year 1, spring 15, Monday,610,17.6
switch,lgw,Year 1, spring 15, Monday,620,17.1
switch,lgw,Year 1, spring 15, Monday,630,17.1
switchdetail,lgw,Year 1, spring 15, Monday,600,0,0.0
switchdetail,lgw,Year 1, spring 15, Monday,610,0,0.0
switchdetail,lgw,Year 1, spring 15, Monday,620,0,0.0
lag,lgw,Year 1, spring 15, Monday,41213,136.1
lag,lgw,Year 1, spring 15, Monday,41214,2039.7
frame,lgw,Year 1, spring 15, Monday,41211,17.1
frame,lgw,Year 1, spring 15, Monday,41212,136.1
frame,lgw,Year 1, spring 15, Monday,41213,500.0
frame,lgw,Year 1, spring 15, Monday,41214,7.1
frame,lgw,Year 1, spring 15, Monday,41215,16.7
frame,lgw,Year 1, spring 15, Monday,41216,16.7
frame,lgw,Year 1, spring 15, Monday,41217,16.6
frame,lgw,Year 1, spring 15, Monday,41218,16.8
frame,lgw,Year 1, spring 15, Monday,41219,16.7
frame,lgw,Year 1, spring 15, Monday,41220,16.7
frame,lgw,Year 1, spring 15, Monday,41221,17.0
frame,lgw,Year 1, spring 15, Monday,41222,16.2
frame,lgw,Year 1, spring 15, Monday,41223,16.6
frame,lgw,Year 1, spring 15, Monday,41224,16.7
frame,lgw,Year 1, spring 15, Monday,41225,16.7
frame,lgw,Year 1, spring 15, Monday,41226,16.6
frame,lgw,Year 1, spring 15, Monday,41227,16.7
frame,lgw,Year 1, spring 15, Monday,41228,16.6
frame,lgw,Year 1, spring 15, Monday,41229,16.7
frame,lgw,Year 1, spring 15, Monday,41230,16.8
frame,lgw,Year 1, spring 15, Monday,41231,16.5
frame,lgw,Year 1, spring 15, Monday,41232,16.8
frame,lgw,Year 1, spring 15, Monday,41233,16.5
frame,lgw,Year 1, spring 15, Monday,41234,16.7
frame,lgw,Year 1, spring 15, Monday,41235,16.6
frame,lgw,Year 1, spring 15, Monday,41236,16.7
frame,lgw,Year 1, spring 15, Monday,41237,16.7
frame,lgw,Year 1, spring 15, Monday,41238,16.7
frame,lgw,Year 1, spring 15, Monday,41239,16.7
frame,lgw,Year 1, spring 15, Monday,41240,16.6
frame,lgw,Year 1, spring 15, Monday,41241,16.9
frame,lgw,Year 1, spring 15, Monday,41242,16.5
frame,lgw,Year 1, spring 15, Monday,41243,16.6
frame,lgw,Year 1, spring 15, Monday,41244,16.8
frame,lgw,Year 1, spring 15, Monday,41245,16.8
frame,lgw,Year 1, spring 15, Monday,41246,16.4
frame,lgw,Year 1, spring 15, Monday,41247,16.8
frame,lgw,Year 1, spring 15, Monday,41248,16.5
frame,lgw,Year 1, spring 15, Monday,41249,16.7
frame,lgw,Year 1, spring 15, Monday,41250,16.7
frame,lgw,Year 1, spring 15, Monday,41251,16.7
frame,lgw,Year 1, spring 15, Monday,41252,16.6
frame,lgw,Year 1, spring 15, Monday,41253,16.7
frame,lgw,Year 1, spring 15, Monday,41254,16.6
frame,lgw,Year 1, spring 15, Monday,41255,16.8
frame,lgw,Year 1, spring 15, Monday,41256,17.0
frame,lgw,Year 1, spring 15, Monday,41257,16.3
frame,lgw,Year 1, spring 15, Monday,41258,16.7
frame,lgw,Year 1, spring 15, Monday,41259,16.7
frame,lgw,Year 1, spring 15, Monday,41260,16.9
frame,lgw,Year 1, spring 15, Monday,41261,16.5
frame,lgw,Year 1, spring 15, Monday,41262,16.7
frame,lgw,Year 1, spring 15, Monday,41263,16.6
frame,lgw,Year 1, spring 15, Monday,41264,16.6
frame,lgw,Year 1, spring 15, Monday,41265,16.7
frame,lgw,Year 1, spring 15, Monday,41266,16.8
frame,lgw,Year 1, spring 15, Monday,41267,16.7
frame,lgw,Year 1, spring 15, Monday,41268,16.6
frame,lgw,Year 1, spring 15, Monday,41269,16.7
frame,lgw,Year 1, spring 15, Monday,41270,16.5
frame,lgw,Year 1, spring 15, Monday,41271,16.7
frame,lgw,Year 1, spring 15, Monday,41272,16.6
frame,lgw,Year 1, spring 15, Monday,41273,16.7
frame,lgw,Year 1, spring 15, Monday,41274,16.6
frame,lgw,Year 1, spring 15, Monday,41275,16.7
frame,lgw,Year 1, spring 15, Monday,41276,16.6
frame,lgw,Year 1, spring 15, Monday,41277,16.7
frame,lgw,Year 1, spring 15, Monday,41278,16.7
frame,lgw,Year 1, spring 15, Monday,41279,16.6
frame,lgw,Year 1, spring 15, Monday,41280,16.7
frame,lgw,Year 1, spring 15, Monday,41281,16.8
frame,lgw,Year 1, spring 15, Monday,41282,16.7
frame,lgw,Year 1, spring 15, Monday,41283,16.8
frame,lgw,Year 1, spring 15, Monday,41284,16.5
frame,lgw,Year 1, spring 15, Monday,41285,16.7
frame,lgw,Year 1, spring 15, Monday,41286,16.7
frame,lgw,Year 1, spring 15, Monday,41287,16.6
frame,lgw,Year 1, spring 15, Monday,41288,16.7
frame,lgw,Year 1, spring 15, Monday,41289,16.7
frame,lgw,Year 1, spring 15, Monday,41290,16.6
frame,lgw,Year 1, spring 15, Monday,41291,16.9
frame,lgw,Year 1, spring 15, Monday,41292,16.5
frame,lgw,Year 1, spring 15, Monday,41293,16.6
frame,lgw,Year 1, spring 15, Monday,41294,16.7
frame,lgw,Year 1, spring 15, Monday,41295,16.7
frame,lgw,Year 1, spring 15, Monday,41296,16.6
frame,lgw,Year 1, spring 15, Monday,41297,16.7
frame,lgw,Year 1, spring 15, Monday,41298,16.7
frame,lgw,Year 1, spring 15, Monday,41299,16.6
frame,lgw,Year 1, spring 15, Monday,41300,16.6
frame,lgw,Year 1, spring 15, Monday,41301,16.7
frame,lgw,Year 1, spring 15, Monday,41302,16.7
frame,lgw,Year 1, spring 15, Monday,41303,16.8
frame,lgw,Year 1, spring 15, Monday,41304,16.6
frame,lgw,Year 1, spring 15, Monday,41305,16.7
frame,lgw,Year 1, spring 15, Monday,41306,16.7
frame,lgw,Year 1, spring 15, Monday,41307,16.7
frame,lgw,Year 1, spring 15, Monday,41308,16.6
frame,lgw,Year 1, spring 15, Monday,41309,16.6
frame,lgw,Year 1, spring 15, Monday,41310,16.7
frame,lgw,Year 1, spring 15, Monday,41311,16.6
frame,lgw,Year 1, spring 15, Monday,41312,16.6
frame,lgw,Year 1, spring 15, Monday,41313,16.7
frame,lgw,Year 1, spring 15, Monday,41314,16.7
frame,lgw,Year 1, spring 15, Monday,41315,16.6
frame,lgw,Year 1, spring 15, Monday,41316,16.7
frame,lgw,Year 1, spring 15, Monday,41317,16.5
frame,lgw,Year 1, spring 15, Monday,41318,16.6
frame,lgw,Year 1, spring 15, Monday,41319,16.6
frame,lgw,Year 1, spring 15, Monday,41320,16.7
frame,lgw,Year 1, spring 15, Monday,41321,17.0
frame,lgw,Year 1, spring 15, Monday,41322,16.4
frame,lgw,Year 1, spring 15, Monday,41323,16.7
frame,lgw,Year 1, spring 15, Monday,41324,16.6
frame,lgw,Year 1, spring 15, Monday,41325,16.8
frame,lgw,Year 1, spring 15, Monday,41326,16.6
frame,lgw,Year 1, spring 15, Monday,41327,16.7
frame,lgw,Year 1, spring 15, Monday,41328,16.6
frame,lgw,Year 1, spring 15, Monday,41329,16.7
frame,lgw,Year 1, spring 15, Monday,41330,16.6
frame,lgw,Year 1, spring 15, Monday,41331,16.7
frame,lgw,Year 1, spring 15, Monday,41332,16.7
frame,lgw,Year 1, spring 15, Monday,41333,16.8
frame,lgw,Year 1, spring 15, Monday,41334,16.7
frame,lgw,Year 1, spring 15, Monday,41335,16.5
frame,lgw,Year 1, spring 15, Monday,41336,16.7
frame,lgw,Year 1, spring 15, Monday,41337,16.6
frame,lgw,Year 1, spring 15, Monday,41338,16.8
frame,lgw,Year 1, spring 15, Monday,41339,16.6
frame,lgw,Year 1, spring 15, Monday,41340,16.7
frame,lgw,Year 1, spring 15, Monday,41341,16.7
frame,lgw,Year 1, spring 15, Monday,41342,16.8
frame,lgw,Year 1, spring 15, Monday,41343,16.6
frame,lgw,Year 1, spring 15, Monday,41344,16.6
frame,lgw,Year 1, spring 15, Monday,41345,16.7
frame,lgw,Year 1, spring 15, Monday,41346,16.8
frame,lgw,Year 1, spring 15, Monday,41347,16.7
frame,lgw,Year 1, spring 15, Monday,41348,16.5
frame,lgw,Year 1, spring 15, Monday,41349,16.7
frame,lgw,Year 1, spring 15, Monday,41350,16.7
frame,lgw,Year 1, spring 15, Monday,41351,16.8
frame,lgw,Year 1, spring 15, Monday,41352,16.6
frame,lgw,Year 1, spring 15, Monday,41353,16.6
frame,lgw,Year 1, spring 15, Monday,41354,16.6
frame,lgw,Year 1, spring 15, Monday,41355,16.7
frame,lgw,Year 1, spring 15, Monday,41356,16.7
frame,lgw,Year 1, spring 15, Monday,41357,16.6
frame,lgw,Year 1, spring 15, Monday,41358,16.7
frame,lgw,Year 1, spring 15, Monday,41359,18.0
frame,lgw,Year 1, spring 15, Monday,41360,15.3
frame,lgw,Year 1, spring 15, Monday,41361,17.2
frame,lgw,Year 1, spring 15, Monday,41362,16.1
frame,lgw,Year 1, spring 15, Monday,41363,16.6
frame,lgw,Year 1, spring 15, Monday,41364,16.8
frame,lgw,Year 1, spring 15, Monday,41365,16.6
frame,lgw,Year 1, spring 15, Monday,41366,16.6
frame,lgw,Year 1, spring 15, Monday,41367,16.7
frame,lgw,Year 1, spring 15, Monday,41368,16.7
frame,lgw,Year 1, spring 15, Monday,41369,16.5
frame,lgw,Year 1, spring 15, Monday,41370,16.7
frame,lgw,Year 1, spring 15, Monday,41371,16.6
frame,lgw,Year 1, spring 15, Monday,41372,16.7
frame,lgw,Year 1, spring 15, Monday,41373,16.8
frame,lgw,Year 1, spring 15, Monday,41374,16.6
frame,lgw,Year 1, spring 15, Monday,41375,16.7
frame,lgw,Year 1, spring 15, Monday,41376,16.7
frame,lgw,Year 1, spring 15, Monday,41377,16.7
frame,lgw,Year 1, spring 15, Monday,41378,16.6
frame,lgw,Year 1, spring 15, Monday,41379,16.7
frame,lgw,Year 1, spring 15, Monday,41380,16.7
frame,lgw,Year 1, spring 15, Monday,41381,17.0
frame,lgw,Year 1, spring 15, Monday,41382,16.2
frame,lgw,Year 1, spring 15, Monday,41383,16.8
frame,lgw,Year 1, spring 15, Monday,41384,16.5
frame,lgw,Year 1, spring 15, Monday,41385,16.7
frame,lgw,Year 1, spring 15, Monday,41386,16.6
frame,lgw,Year 1, spring 15, Monday,41387,16.7
frame,lgw,Year 1, spring 15, Monday,41388,17.3
frame,lgw,Year 1, spring 15, Monday,41389,16.0
frame,lgw,Year 1, spring 15, Monday,41390,16.7
frame,lgw,Year 1, spring 15, Monday,41391,16.7
frame,lgw,Year 1, spring 15, Monday,41392,16.6
frame,lgw,Year 1, spring 15, Monday,41393,16.7
frame,lgw,Year 1, spring 15, Monday,41394,16.7
frame,lgw,Year 1, spring 15, Monday,41395,16.7
frame,lgw,Year 1, spring 15, Monday,41396,16.6
frame,lgw,Year 1, spring 15, Monday,41397,16.5
frame,lgw,Year 1, spring 15, Monday,41398,16.7
frame,lgw,Year 1, spring 15, Monday,41399,16.7
frame,lgw,Year 1, spring 15, Monday,41400,16.8
frame,lgw,Year 1, spring 15, Monday,41401,16.6
frame,lgw,Year 1, spring 15, Monday,41402,16.6
frame,lgw,Year 1, spring 15, Monday,41403,16.7
frame,lgw,Year 1, spring 15, Monday,41404,17.5
frame,lgw,Year 1, spring 15, Monday,41405,16.4
frame,lgw,Year 1, spring 15, Monday,41406,16.1
frame,lgw,Year 1, spring 15, Monday,41407,16.6
frame,lgw,Year 1, spring 15, Monday,41408,16.6
frame,lgw,Year 1, spring 15, Monday,41409,16.7
frame,lgw,Year 1, spring 15, Monday,41410,16.7
frame,lgw,Year 1, spring 15, Monday,41411,16.7
frame,lgw,Year 1, spring 15, Monday,41412,16.8
frame,lgw,Year 1, spring 15, Monday,41413,16.7
frame,lgw,Year 1, spring 15, Monday,41414,16.6
frame,lgw,Year 1, spring 15, Monday,41415,16.6
frame,lgw,Year 1, spring 15, Monday,41416,16.7
frame,lgw,Year 1, spring 15, Monday,41417,16.7
frame,lgw,Year 1, spring 15, Monday,41418,16.8
frame,lgw,Year 1, spring 15, Monday,41419,16.6
frame,lgw,Year 1, spring 15, Monday,41420,16.6
frame,lgw,Year 1, spring 15, Monday,41421,16.6
frame,lgw,Year 1, spring 15, Monday,41422,16.7
frame,lgw,Year 1, spring 15, Monday,41423,16.7
frame,lgw,Year 1, spring 15, Monday,41424,16.6
frame,lgw,Year 1, spring 15, Monday,41425,16.6
frame,lgw,Year 1, spring 15, Monday,41426,16.8
frame,lgw,Year 1, spring 15, Monday,41427,16.5
frame,lgw,Year 1, spring 15, Monday,41428,16.7
frame,lgw,Year 1, spring 15, Monday,41429,16.7
frame,lgw,Year 1, spring 15, Monday,41430,16.6
frame,lgw,Year 1, spring 15, Monday,41431,16.7
frame,lgw,Year 1, spring 15, Monday,41432,16.6
frame,lgw,Year 1, spring 15, Monday,41433,16.8
frame,lgw,Year 1, spring 15, Monday,41434,16.6
frame,lgw,Year 1, spring 15, Monday,41435,16.6
frame,lgw,Year 1, spring 15, Monday,41436,16.8
frame,lgw,Year 1, spring 15, Monday,41437,19.6
frame,lgw,Year 1, spring 15, Monday,41438,18.5
frame,lgw,Year 1, spring 15, Monday,41439,12.3
frame,lgw,Year 1, spring 15, Monday,41440,17.0
frame,lgw,Year 1, spring 15, Monday,41441,16.0
frame,lgw,Year 1, spring 15, Monday,41442,16.7
frame,lgw,Year 1, spring 15, Monday,41443,16.6
frame,lgw,Year 1, spring 15, Monday,41444,16.5
frame,lgw,Year 1, spring 15, Monday,41445,16.6
frame,lgw,Year 1, spring 15, Monday,41446,16.7
frame,lgw,Year 1, spring 15, Monday,41447,16.8
frame,lgw,Year 1, spring 15, Monday,41448,16.8
frame,lgw,Year 1, spring 15, Monday,41449,16.6
frame,lgw,Year 1, spring 15, Monday,41450,16.8
frame,lgw,Year 1, spring 15, Monday,41451,16.6
frame,lgw,Year 1, spring 15, Monday,41452,16.6
frame,lgw,Year 1, spring 15, Monday,41453,16.6
frame,lgw,Year 1, spring 15, Monday,41454,16.8
frame,lgw,Year 1, spring 15, Monday,41455,16.6
frame,lgw,Year 1, spring 15, Monday,41456,16.7
frame,lgw,Year 1, spring 15, Monday,41457,16.6
frame,lgw,Year 1, spring 15, Monday,41458,16.8
frame,lgw,Year 1, spring 15, Monday,41459,16.5
frame,lgw,Year 1, spring 15, Monday,41460,16.8
frame,lgw,Year 1, spring 15, Monday,41461,16.6
frame,lgw,Year 1, spring 15, Monday,41462,17.0
frame,lgw,Year 1, spring 15, Monday,41463,16.5
frame,lgw,Year 1, spring 15, Monday,41464,16.6
frame,lgw,Year 1, spring 15, Monday,41465,16.8
frame,lgw,Year 1, spring 15, Monday,41466,16.7
frame,lgw,Year 1, spring 15, Monday,41467,16.5
frame,lgw,Year 1, spring 15, Monday,41468,16.7
frame,lgw,Year 1, spring 15, Monday,41469,16.6
frame,lgw,Year 1, spring 15, Monday,41470,16.6
frame,lgw,Year 1, spring 15, Monday,41471,16.7
frame,lgw,Year 1, spring 15, Monday,41472,17.4
frame,lgw,Year 1, spring 15, Monday,41473,15.9
frame,lgw,Year 1, spring 15, Monday,41474,16.6
frame,lgw,Year 1, spring 15, Monday,41475,17.5
frame,lgw,Year 1, spring 15, Monday,41476,15.8
frame,lgw,Year 1, spring 15, Monday,41477,16.8
frame,lgw,Year 1, spring 15, Monday,41478,16.6
frame,lgw,Year 1, spring 15, Monday,41479,16.6
frame,lgw,Year 1, spring 15, Monday,41480,16.6
frame,lgw,Year 1, spring 15, Monday,41481,16.7
frame,lgw,Year 1, spring 15, Monday,41482,16.7
frame,lgw,Year 1, spring 15, Monday,41483,16.6
frame,lgw,Year 1, spring 15, Monday,41484,16.7
frame,lgw,Year 1, spring 15, Monday,41485,16.7
frame,lgw,Year 1, spring 15, Monday,41486,16.8
frame,lgw,Year 1, spring 15, Monday,41487,16.6
frame,lgw,Year 1, spring 15, Monday,41488,16.8
frame,lgw,Year 1, spring 15, Monday,41489,16.5
frame,lgw,Year 1, spring 15, Monday,41490,16.9
frame,lgw,Year 1, spring 15, Monday,41491,16.5
frame,lgw,Year 1, spring 15, Monday,41492,16.6
frame,lgw,Year 1, spring 15, Monday,41493,16.9
frame,lgw,Year 1, spring 15, Monday,41494,16.7
frame,lgw,Year 1, spring 15, Monday,41495,16.6
frame,lgw,Year 1, spring 15, Monday,41496,16.7
frame,lgw,Year 1, spring 15, Monday,41497,16.5
frame,lgw,Year 1, spring 15, Monday,41498,16.6
frame,lgw,Year 1, spring 15, Monday,41499,16.7
frame,lgw,Year 1, spring 15, Monday,41500,16.6
frame,lgw,Year 1, spring 15, Monday,41501,16.7
frame,lgw,Year 1, spring 15, Monday,41502,17.6
frame,lgw,Year 1, spring 15, Monday,41503,16.2
frame,lgw,Year 1, spring 15, Monday,41504,16.3
frame,lgw,Year 1, spring 15, Monday,41505,17.0
frame,lgw,Year 1, spring 15, Monday,41506,16.6
frame,lgw,Year 1, spring 15, Monday,41507,16.5
frame,lgw,Year 1, spring 15, Monday,41508,16.8
frame,lgw,Year 1, spring 15, Monday,41509,16.6
frame,lgw,Year 1, spring 15, Monday,41510,16.5
frame,lgw,Year 1, spring 15, Monday,41511,16.9
frame,lgw,Year 1, spring 15, Monday,41512,16.5
frame,lgw,Year 1, spring 15, Monday,41513,16.7
frame,lgw,Year 1, spring 15, Monday,41514,17.0
frame,lgw,Year 1, spring 15, Monday,41515,16.4
frame,lgw,Year 1, spring 15, Monday,41516,16.6
frame,lgw,Year 1, spring 15, Monday,41517,16.6
frame,lgw,Year 1, spring 15, Monday,41518,16.9
frame,lgw,Year 1, spring 15, Monday,41519,16.6
frame,lgw,Year 1, spring 15, Monday,41520,16.7
frame,lgw,Year 1, spring 15, Monday,41521,16.7
frame,lgw,Year 1, spring 15, Monday,41522,16.7
frame,lgw,Year 1, spring 15, Monday,41523,16.5
frame,lgw,Year 1, spring 15, Monday,41524,16.7
frame,lgw,Year 1, spring 15, Monday,41525,16.6
frame,lgw,Year 1, spring 15, Monday,41526,16.8
frame,lgw,Year 1, spring 15, Monday,41527,16.6
frame,lgw,Year 1, spring 15, Monday,41528,16.6
frame,lgw,Year 1, spring 15, Monday,41529,16.8
frame,lgw,Year 1, spring 15, Monday,41530,16.7
frame,lgw,Year 1, spring 15, Monday,41531,16.5
frame,lgw,Year 1, spring 15, Monday,41532,16.7
frame,lgw,Year 1, spring 15, Monday,41533,16.7
frame,lgw,Year 1, spring 15, Monday,41534,16.6
frame,lgw,Year 1, spring 15, Monday,41535,16.7
frame,lgw,Year 1, spring 15, Monday,41536,16.6
frame,lgw,Year 1, spring 15, Monday,41537,16.7
frame,lgw,Year 1, spring 15, Monday,41538,16.7
frame,lgw,Year 1, spring 15, Monday,41539,16.8
frame,lgw,Year 1, spring 15, Monday,41540,16.6
frame,lgw,Year 1, spring 15, Monday,41541,16.6
frame,lgw,Year 1, spring 15, Monday,41542,16.8
frame,lgw,Year 1, spring 15, Monday,41543,16.7
frame,lgw,Year 1, spring 15, Monday,41544,16.8
frame,lgw,Year 1, spring 15, Monday,41545,16.5
frame,lgw,Year 1, spring 15, Monday,41546,16.6
frame,lgw,Year 1, spring 15, Monday,41547,16.6
frame,lgw,Year 1, spring 15, Monday,41548,16.7
frame,lgw,Year 1, spring 15, Monday,41549,16.6
frame,lgw,Year 1, spring 15, Monday,41550,16.7
frame,lgw,Year 1, spring 15, Monday,41551,16.9
frame,lgw,Year 1, spring 15, Monday,41552,16.5
frame,lgw,Year 1, spring 15, Monday,41553,16.8
frame,lgw,Year 1, spring 15, Monday,41554,16.6
frame,lgw,Year 1, spring 15, Monday,41555,16.6
frame,lgw,Year 1, spring 15, Monday,41556,16.7
frame,lgw,Year 1, spring 15, Monday,41557,16.7
frame,lgw,Year 1, spring 15, Monday,41558,16.6
frame,lgw,Year 1, spring 15, Monday,41559,16.7
frame,lgw,Year 1, spring 15, Monday,41560,16.9
frame,lgw,Year 1, spring 15, Monday,41561,16.5
frame,lgw,Year 1, spring 15, Monday,41562,16.7
frame,lgw,Year 1, spring 15, Monday,41563,16.6
frame,lgw,Year 1, spring 15, Monday,41564,16.7
frame,lgw,Year 1, spring 15, Monday,41565,16.6
frame,lgw,Year 1, spring 15, Monday,41566,17.1
frame,lgw,Year 1, spring 15, Monday,41567,16.4
frame,lgw,Year 1, spring 15, Monday,41568,16.6
frame,lgw,Year 1, spring 15, Monday,41569,16.7
frame,lgw,Year 1, spring 15, Monday,41570,16.5
frame,lgw,Year 1, spring 15, Monday,41571,16.7
frame,lgw,Year 1, spring 15, Monday,41572,16.6
frame,lgw,Year 1, spring 15, Monday,41573,16.7
frame,lgw,Year 1, spring 15, Monday,41574,16.6
frame,lgw,Year 1, spring 15, Monday,41575,16.8
frame,lgw,Year 1, spring 15, Monday,41576,16.6
frame,lgw,Year 1, spring 15, Monday,41577,16.7
frame,lgw,Year 1, spring 15, Monday,41578,16.8
frame,lgw,Year 1, spring 15, Monday,41579,16.5
frame,lgw,Year 1, spring 15, Monday,41580,16.9
frame,lgw,Year 1, spring 15, Monday,41581,16.5
frame,lgw,Year 1, spring 15, Monday,41582,16.7
frame,lgw,Year 1, spring 15, Monday,41583,16.6
frame,lgw,Year 1, spring 15, Monday,41584,16.6
frame,lgw,Year 1, spring 15, Monday,41585,17.5
frame,lgw,Year 1, spring 15, Monday,41586,16.0
frame,lgw,Year 1, spring 15, Monday,41587,16.7
frame,lgw,Year 1, spring 15, Monday,41588,16.7
frame,lgw,Year 1, spring 15, Monday,41589,16.6
frame,lgw,Year 1, spring 15, Monday,41590,16.7
frame,lgw,Year 1, spring 15, Monday,41591,17.0
frame,lgw,Year 1, spring 15, Monday,41592,16.4
frame,lgw,Year 1, spring 15, Monday,41593,16.8
frame,lgw,Year 1, spring 15, Monday,41594,16.6
frame,lgw,Year 1, spring 15, Monday,41595,16.6
frame,lgw,Year 1, spring 15, Monday,41596,16.6
frame,lgw,Year 1, spring 15, Monday,41597,16.6
frame,lgw,Year 1, spring 15, Monday,41598,16.7
frame,lgw,Year 1, spring 15, Monday,41599,16.7
frame,lgw,Year 1, spring 15, Monday,41600,16.8
frame,lgw,Year 1, spring 15, Monday,41601,16.6
frame,lgw,Year 1, spring 15, Monday,41602,16.7
frame,lgw,Year 1, spring 15, Monday,41603,16.5
frame,lgw,Year 1, spring 15, Monday,41604,16.7
frame,lgw,Year 1, spring 15, Monday,41605,16.7
frame,lgw,Year 1, spring 15, Monday,41606,16.7
frame,lgw,Year 1, spring 15, Monday,41607,16.7
frame,lgw,Year 1, spring 15, Monday,41608,16.7
frame,lgw,Year 1, spring 15, Monday,41609,16.6
frame,lgw,Year 1, spring 15, Monday,41610,16.7
frame,lgw,Year 1, spring 15, Monday,41611,16.7
frame,lgw,Year 1, spring 15, Monday,41612,16.6
frame,lgw,Year 1, spring 15, Monday,41613,16.7
frame,lgw,Year 1, spring 15, Monday,41614,16.9
frame,lgw,Year 1, spring 15, Monday,41615,16.6
frame,lgw,Year 1, spring 15, Monday,41616,16.5
frame,lgw,Year 1, spring 15, Monday,41617,16.7
frame,lgw,Year 1, spring 15, Monday,41618,16.7
frame,lgw,Year 1, spring 15, Monday,41619,16.6
frame,lgw,Year 1, spring 15, Monday,41620,16.7
frame,lgw,Year 1, spring 15, Monday,41621,16.5
frame,lgw,Year 1, spring 15, Monday,41622,16.9
frame,lgw,Year 1, spring 15, Monday,41623,16.7
frame,lgw,Year 1, spring 15, Monday,41624,16.5
frame,lgw,Year 1, spring 15, Monday,41625,16.7
frame,lgw,Year 1, spring 15, Monday,41626,16.7
frame,lgw,Year 1, spring 15, Monday,41627,16.6
frame,lgw,Year 1, spring 15, Monday,41628,16.9
frame,lgw,Year 1, spring 15, Monday,41629,16.6
frame,lgw,Year 1, spring 15, Monday,41630,17.1
frame,lgw,Year 1, spring 15, Monday,41631,16.4
frame,lgw,Year 1, spring 15, Monday,41632,16.3
frame,lgw,Year 1, spring 15, Monday,41633,16.7
frame,lgw,Year 1, spring 15, Monday,41634,16.7
frame,lgw,Year 1, spring 15, Monday,41635,16.7
frame,lgw,Year 1, spring 15, Monday,41636,16.7
frame,lgw,Year 1, spring 15, Monday,41637,16.6
frame,lgw,Year 1, spring 15, Monday,41638,16.6
frame,lgw,Year 1, spring 15, Monday,41639,16.7
frame,lgw,Year 1, spring 15, Monday,41640,16.9
frame,lgw,Year 1, spring 15, Monday,41641,16.6
frame,lgw,Year 1, spring 15, Monday,41642,16.6
frame,lgw,Year 1, spring 15, Monday,41643,16.8
frame,lgw,Year 1, spring 15, Monday,41644,16.7
frame,lgw,Year 1, spring 15, Monday,41645,16.5
frame,lgw,Year 1, spring 15, Monday,41646,16.7
frame,lgw,Year 1, spring 15, Monday,41647,16.7
frame,lgw,Year 1, spring 15, Monday,41648,16.6
frame,lgw,Year 1, spring 15, Monday,41649,16.8
frame,lgw,Year 1, spring 15, Monday,41650,16.6
frame,lgw,Year 1, spring 15, Monday,41651,16.6
frame,lgw,Year 1, spring 15, Monday,41652,16.7
frame,lgw,Year 1, spring 15, Monday,41653,18.3
frame,lgw,Year 1, spring 15, Monday,41654,15.7
frame,lgw,Year 1, spring 15, Monday,41655,16.4
frame,lgw,Year 1, spring 15, Monday,41656,16.5
frame,lgw,Year 1, spring 15, Monday,41657,16.5
frame,lgw,Year 1, spring 15, Monday,41658,16.6
frame,lgw,Year 1, spring 15, Monday,41659,16.7
frame,lgw,Year 1, spring 15, Monday,41660,16.6
frame,lgw,Year 1, spring 15, Monday,41661,16.7
frame,lgw,Year 1, spring 15, Monday,41662,16.6
frame,lgw,Year 1, spring 15, Monday,41663,16.6
frame,lgw,Year 1, spring 15, Monday,41664,16.8
frame,lgw,Year 1, spring 15, Monday,41665,16.5
frame,lgw,Year 1, spring 15, Monday,41666,16.7
frame,lgw,Year 1, spring 15, Monday,41667,17.0
frame,lgw,Year 1, spring 15, Monday,41668,16.4
frame,lgw,Year 1, spring 15, Monday,41669,16.7
frame,lgw,Year 1, spring 15, Monday,41670,16.8
frame,lgw,Year 1, spring 15, Monday,41671,16.5
frame,lgw,Year 1, spring 15, Monday,41672,16.6
frame,lgw,Year 1, spring 15, Monday,41673,16.9
frame,lgw,Year 1, spring 15, Monday,41674,16.5
frame,lgw,Year 1, spring 15, Monday,41675,16.7
frame,lgw,Year 1, spring 15, Monday,41676,16.7
frame,lgw,Year 1, spring 15, Monday,41677,16.7
frame,lgw,Year 1, spring 15, Monday,41678,16.7
frame,lgw,Year 1, spring 15, Monday,41679,16.9
frame,lgw,Year 1, spring 15, Monday,41680,16.4
frame,lgw,Year 1, spring 15, Monday,41681,16.9
frame,lgw,Year 1, spring 15, Monday,41682,16.9
frame,lgw,Year 1, spring 15, Monday,41683,16.2
frame,lgw,Year 1, spring 15, Monday,41684,16.6
frame,lgw,Year 1, spring 15, Monday,41685,16.7
frame,lgw,Year 1, spring 15, Monday,41686,16.6
frame,lgw,Year 1, spring 15, Monday,41687,16.6
frame,lgw,Year 1, spring 15, Monday,41688,16.7
frame,lgw,Year 1, spring 15, Monday,41689,16.7
frame,lgw,Year 1, spring 15, Monday,41690,16.7
frame,lgw,Year 1, spring 15, Monday,41691,16.8
frame,lgw,Year 1, spring 15, Monday,41692,16.5
frame,lgw,Year 1, spring 15, Monday,41693,16.6
frame,lgw,Year 1, spring 15, Monday,41694,16.8
frame,lgw,Year 1, spring 15, Monday,41695,16.7
frame,lgw,Year 1, spring 15, Monday,41696,16.5
frame,lgw,Year 1, spring 15, Monday,41697,16.7
frame,lgw,Year 1, spring 15, Monday,41698,16.6
frame,lgw,Year 1, spring 15, Monday,41699,16.7
frame,lgw,Year 1, spring 15, Monday,41700,16.7
frame,lgw,Year 1, spring 15, Monday,41701,16.6
frame,lgw,Year 1, spring 15, Monday,41702,16.6
frame,lgw,Year 1, spring 15, Monday,41703,16.9
frame,lgw,Year 1, spring 15, Monday,41704,16.5
frame,lgw,Year 1, spring 15, Monday,41705,16.6
frame,lgw,Year 1, spring 15, Monday,41706,16.9
frame,lgw,Year 1, spring 15, Monday,41707,16.5
frame,lgw,Year 1, spring 15, Monday,41708,16.6
frame,lgw,Year 1, spring 15, Monday,41709,16.7
frame,lgw,Year 1, spring 15, Monday,41710,16.6
frame,lgw,Year 1, spring 15, Monday,41711,16.7
frame,lgw,Year 1, spring 15, Monday,41712,16.6
frame,lgw,Year 1, spring 15, Monday,41713,16.7
frame,lgw,Year 1, spring 15, Monday,41714,16.7
frame,lgw,Year 1, spring 15, Monday,41715,16.7
frame,lgw,Year 1, spring 15, Monday,41716,16.6
frame,lgw,Year 1, spring 15, Monday,41717,16.7
frame,lgw,Year 1, spring 15, Monday,41718,20.2
frame,lgw,Year 1, spring 15, Monday,41719,14.5
frame,lgw,Year 1, spring 15, Monday,41720,16.0
frame,lgw,Year 1, spring 15, Monday,41721,16.7
frame,lgw,Year 1, spring 15, Monday,41722,16.5
frame,lgw,Year 1, spring 15, Monday,41723,16.7
frame,lgw,Year 1, spring 15, Monday,41724,17.2
frame,lgw,Year 1, spring 15, Monday,41725,16.1
frame,lgw,Year 1, spring 15, Monday,41726,16.9
frame,lgw,Year 1, spring 15, Monday,41727,16.8
frame,lgw,Year 1, spring 15, Monday,41728,16.7
frame,lgw,Year 1, spring 15, Monday,41729,16.7
frame,lgw,Year 1, spring 15, Monday,41730,16.4
frame,lgw,Year 1, spring 15, Monday,41731,16.7
frame,lgw,Year 1, spring 15, Monday,41732,17.3
frame,lgw,Year 1, spring 15, Monday,41733,16.2
frame,lgw,Year 1, spring 15, Monday,41734,16.4
frame,lgw,Year 1, spring 15, Monday,41735,16.5
frame,lgw,Year 1, spring 15, Monday,41736,17.4
frame,lgw,Year 1, spring 15, Monday,41737,16.5
frame,lgw,Year 1, spring 15, Monday,41738,16.2
frame,lgw,Year 1, spring 15, Monday,41739,17.3
frame,lgw,Year 1, spring 15, Monday,41740,16.1
frame,lgw,Year 1, spring 15, Monday,41741,16.7
frame,lgw,Year 1, spring 15, Monday,41742,16.8
frame,lgw,Year 1, spring 15, Monday,41743,16.8
frame,lgw,Year 1, spring 15, Monday,41744,16.6
frame,lgw,Year 1, spring 15, Monday,41745,17.1
frame,lgw,Year 1, spring 15, Monday,41746,15.9
frame,lgw,Year 1, spring 15, Monday,41747,16.5
frame,lgw,Year 1, spring 15, Monday,41748,16.9
frame,lgw,Year 1, spring 15, Monday,41749,16.6
frame,lgw,Year 1, spring 15, Monday,41750,16.7
frame,lgw,Year 1, spring 15, Monday,41751,16.6
frame,lgw,Year 1, spring 15, Monday,41752,16.7
frame,lgw,Year 1, spring 15, Monday,41753,16.8
frame,lgw,Year 1, spring 15, Monday,41754,16.4
frame,lgw,Year 1, spring 15, Monday,41755,16.8
frame,lgw,Year 1, spring 15, Monday,41756,17.8
frame,lgw,Year 1, spring 15, Monday,41757,16.8
frame,lgw,Year 1, spring 15, Monday,41758,16.6
frame,lgw,Year 1, spring 15, Monday,41759,17.7
frame,lgw,Year 1, spring 15, Monday,41760,14.6
frame,lgw,Year 1, spring 15, Monday,41761,17.1
frame,lgw,Year 1, spring 15, Monday,41762,16.7
frame,lgw,Year 1, spring 15, Monday,41763,16.9
frame,lgw,Year 1, spring 15, Monday,41764,17.0
frame,lgw,Year 1, spring 15, Monday,41765,16.1
frame,lgw,Year 1, spring 15, Monday,41766,16.5
frame,lgw,Year 1, spring 15, Monday,41767,16.3
frame,lgw,Year 1, spring 15, Monday,41768,17.1
frame,lgw,Year 1, spring 15, Monday,41769,16.7
frame,lgw,Year 1, spring 15, Monday,41770,17.9
frame,lgw,Year 1, spring 15, Monday,41771,15.3
frame,lgw,Year 1, spring 15, Monday,41772,17.0
frame,lgw,Year 1, spring 15, Monday,41773,16.3
frame,lgw,Year 1, spring 15, Monday,41774,16.6
frame,lgw,Year 1, spring 15, Monday,41775,16.7
frame,lgw,Year 1, spring 15, Monday,41776,16.8
frame,lgw,Year 1, spring 15, Monday,41777,16.4
frame,lgw,Year 1, spring 15, Monday,41778,16.5
frame,lgw,Year 1, spring 15, Monday,41779,16.5
frame,lgw,Year 1, spring 15, Monday,41780,17.0
frame,lgw,Year 1, spring 15, Monday,41781,16.6
frame,lgw,Year 1, spring 15, Monday,41782,16.7
frame,lgw,Year 1, spring 15, Monday,41783,17.5
frame,lgw,Year 1, spring 15, Monday,41784,18.1
frame,lgw,Year 1, spring 15, Monday,41785,15.0
frame,lgw,Year 1, spring 15, Monday,41786,15.9
frame,lgw,Year 1, spring 15, Monday,41787,16.7
frame,lgw,Year 1, spring 15, Monday,41788,16.8
frame,lgw,Year 1, spring 15, Monday,41789,16.5
frame,lgw,Year 1, spring 15, Monday,41790,16.6
frame,lgw,Year 1, spring 15, Monday,41791,16.6
frame,lgw,Year 1, spring 15, Monday,41792,16.7
frame,lgw,Year 1, spring 15, Monday,41793,16.8
frame,lgw,Year 1, spring 15, Monday,41794,17.2
frame,lgw,Year 1, spring 15, Monday,41795,16.6
frame,lgw,Year 1, spring 15, Monday,41796,19.4
frame,lgw,Year 1, spring 15, Monday,41797,14.8
frame,lgw,Year 1, spring 15, Monday,41798,15.7
frame,lgw,Year 1, spring 15, Monday,41799,16.9
frame,lgw,Year 1, spring 15, Monday,41800,16.7
frame,lgw,Year 1, spring 15, Monday,41801,17.3
frame,lgw,Year 1, spring 15, Monday,41802,16.3
frame,lgw,Year 1, spring 15, Monday,41803,16.4
frame,lgw,Year 1, spring 15, Monday,41804,16.5
frame,lgw,Year 1, spring 15, Monday,41805,17.3
frame,lgw,Year 1, spring 15, Monday,41806,16.1
frame,lgw,Year 1, spring 15, Monday,41807,16.4
frame,lgw,Year 1, spring 15, Monday,41808,17.0
frame,lgw,Year 1, spring 15, Monday,41809,17.9
frame,lgw,Year 1, spring 15, Monday,41810,15.6
frame,lgw,Year 1, spring 15, Monday,41811,17.1
frame,lgw,Year 1, spring 15, Monday,41812,15.7
frame,lgw,Year 1, spring 15, Monday,41813,16.8
frame,lgw,Year 1, spring 15, Monday,41814,16.7
frame,lgw,Year 1, spring 15, Monday,41815,16.6
frame,lgw,Year 1, spring 15, Monday,41816,16.8
frame,lgw,Year 1, spring 15, Monday,41817,16.4
frame,lgw,Year 1, spring 15, Monday,41818,17.0
frame,lgw,Year 1, spring 15, Monday,41819,16.7
frame,lgw,Year 1, spring 15, Monday,41820,17.0
frame,lgw,Year 1, spring 15, Monday,41821,16.2
frame,lgw,Year 1, spring 15, Monday,41822,19.9
frame,lgw,Year 1, spring 15, Monday,41823,14.5
frame,lgw,Year 1, spring 15, Monday,41824,16.6
frame,lgw,Year 1, spring 15, Monday,41825,15.5
frame,lgw,Year 1, spring 15, Monday,41826,16.8
frame,lgw,Year 1, spring 15, Monday,41827,16.8
frame,lgw,Year 1, spring 15, Monday,41828,16.7
frame,lgw,Year 1, spring 15, Monday,41829,16.8
frame,lgw,Year 1, spring 15, Monday,41830,16.7
frame,lgw,Year 1, spring 15, Monday,41831,16.3
frame,lgw,Year 1, spring 15, Monday,41832,16.5
frame,lgw,Year 1, spring 15, Monday,41833,17.0
frame,lgw,Year 1, spring 15, Monday,41834,16.5
frame,lgw,Year 1, spring 15, Monday,41835,19.3
frame,lgw,Year 1, spring 15, Monday,41836,14.4
frame,lgw,Year 1, spring 15, Monday,41837,17.0
frame,lgw,Year 1, spring 15, Monday,41838,16.0
frame,lgw,Year 1, spring 15, Monday,41839,16.6
frame,lgw,Year 1, spring 15, Monday,41840,17.2
frame,lgw,Year 1, spring 15, Monday,41841,17.4
frame,lgw,Year 1, spring 15, Monday,41842,15.7
frame,lgw,Year 1, spring 15, Monday,41843,16.6
frame,lgw,Year 1, spring 15, Monday,41844,16.8
frame,lgw,Year 1, spring 15, Monday,41845,17.3
frame,lgw,Year 1, spring 15, Monday,41846,16.0
frame,lgw,Year 1, spring 15, Monday,41847,18.1
frame,lgw,Year 1, spring 15, Monday,41848,15.9
frame,lgw,Year 1, spring 15, Monday,41849,15.8
frame,lgw,Year 1, spring 15, Monday,41850,16.8
frame,lgw,Year 1, spring 15, Monday,41851,16.5
frame,lgw,Year 1, spring 15, Monday,41852,16.7
frame,lgw,Year 1, spring 15, Monday,41853,17.2
frame,lgw,Year 1, spring 15, Monday,41854,18.1
frame,lgw,Year 1, spring 15, Monday,41855,16.8
frame,lgw,Year 1, spring 15, Monday,41856,41.8
frame,lgw,Year 1, spring 15, Monday,41857,1.0
frame,lgw,Year 1, spring 15, Monday,41858,6.2
frame,lgw,Year 1, spring 15, Monday,41859,16.0
frame,lgw,Year 1, spring 15, Monday,41860,18.5
frame,lgw,Year 1, spring 15, Monday,41861,15.1
frame,lgw,Year 1, spring 15, Monday,41862,16.5
frame,lgw,Year 1, spring 15, Monday,41863,16.5
frame,lgw,Year 1, spring 15, Monday,41864,16.5
frame,lgw,Year 1, spring 15, Monday,41865,16.6
frame,lgw,Year 1, spring 15, Monday,41866,16.5
frame,lgw,Year 1, spring 15, Monday,41867,16.6
frame,lgw,Year 1, spring 15, Monday,41868,16.9
frame,lgw,Year 1, spring 15, Monday,41869,16.5
frame,lgw,Year 1, spring 15, Monday,41870,16.8
frame,lgw,Year 1, spring 15, Monday,41871,16.5
frame,lgw,Year 1, spring 15, Monday,41872,16.6
frame,lgw,Year 1, spring 15, Monday,41873,17.1
frame,lgw,Year 1, spring 15, Monday,41874,17.2
frame,lgw,Year 1, spring 15, Monday,41875,15.9
frame,lgw,Year 1, spring 15, Monday,41876,16.7
frame,lgw,Year 1, spring 15, Monday,41877,16.9
frame,lgw,Year 1, spring 15, Monday,41878,16.3
frame,lgw,Year 1, spring 15, Monday,41879,17.1
frame,lgw,Year 1, spring 15, Monday,41880,16.2
frame,lgw,Year 1, spring 15, Monday,41881,16.5
frame,lgw,Year 1, spring 15, Monday,41882,16.9
frame,lgw,Year 1, spring 15, Monday,41883,16.6
frame,lgw,Year 1, spring 15, Monday,41884,16.8
frame,lgw,Year 1, spring 15, Monday,41885,16.6
frame,lgw,Year 1, spring 15, Monday,41886,18.0
frame,lgw,Year 1, spring 15, Monday,41887,15.5
frame,lgw,Year 1, spring 15, Monday,41888,16.4
frame,lgw,Year 1, spring 15, Monday,41889,16.8
frame,lgw,Year 1, spring 15, Monday,41890,16.8
frame,lgw,Year 1, spring 15, Monday,41891,16.9
frame,lgw,Year 1, spring 15, Monday,41892,17.1
frame,lgw,Year 1, spring 15, Monday,41893,16.7
frame,lgw,Year 1, spring 15, Monday,41894,15.5
frame,lgw,Year 1, spring 15, Monday,41895,17.1
frame,lgw,Year 1, spring 15, Monday,41896,16.7
frame,lgw,Year 1, spring 15, Monday,41897,16.7
frame,lgw,Year 1, spring 15, Monday,41898,16.6
frame,lgw,Year 1, spring 15, Monday,41899,18.6
frame,lgw,Year 1, spring 15, Monday,41900,15.7
frame,lgw,Year 1, spring 15, Monday,41901,15.2
frame,lgw,Year 1, spring 15, Monday,41902,16.8
frame,lgw,Year 1, spring 15, Monday,41903,16.5
frame,lgw,Year 1, spring 15, Monday,41904,16.7
frame,lgw,Year 1, spring 15, Monday,41905,16.7
frame,lgw,Year 1, spring 15, Monday,41906,17.2
frame,lgw,Year 1, spring 15, Monday,41907,16.6
frame,lgw,Year 1, spring 15, Monday,41908,16.5
frame,lgw,Year 1, spring 15, Monday,41909,16.4
frame,lgw,Year 1, spring 15, Monday,41910,17.0
frame,lgw,Year 1, spring 15, Monday,41911,16.3
frame,lgw,Year 1, spring 15, Monday,41912,17.0
frame,lgw,Year 1, spring 15, Monday,41913,17.2
frame,lgw,Year 1, spring 15, Monday,41914,16.3
frame,lgw,Year 1, spring 15, Monday,41915,16.5
frame,lgw,Year 1, spring 15, Monday,41916,16.6
frame,lgw,Year 1, spring 15, Monday,41917,16.7
frame,lgw,Year 1, spring 15, Monday,41918,16.5
frame,lgw,Year 1, spring 15, Monday,41919,16.6
frame,lgw,Year 1, spring 15, Monday,41920,17.5
frame,lgw,Year 1, spring 15, Monday,41921,15.8
frame,lgw,Year 1, spring 15, Monday,41922,16.8
frame,lgw,Year 1, spring 15, Monday,41923,16.6
frame,lgw,Year 1, spring 15, Monday,41924,16.9
frame,lgw,Year 1, spring 15, Monday,41925,17.9
frame,lgw,Year 1, spring 15, Monday,41926,15.5
frame,lgw,Year 1, spring 15, Monday,41927,16.6
frame,lgw,Year 1, spring 15, Monday,41928,17.0
frame,lgw,Year 1, spring 15, Monday,41929,16.2
frame,lgw,Year 1, spring 15, Monday,41930,16.7
frame,lgw,Year 1, spring 15, Monday,41931,16.9
frame,lgw,Year 1, spring 15, Monday,41932,18.2
frame,lgw,Year 1, spring 15, Monday,41933,14.8
frame,lgw,Year 1, spring 15, Monday,41934,16.9
frame,lgw,Year 1, spring 15, Monday,41935,16.5
frame,lgw,Year 1, spring 15, Monday,41936,16.8
frame,lgw,Year 1, spring 15, Monday,41937,17.5
frame,lgw,Year 1, spring 15, Monday,41938,18.5
frame,lgw,Year 1, spring 15, Monday,41939,14.4
frame,lgw,Year 1, spring 15, Monday,41940,16.1
frame,lgw,Year 1, spring 15, Monday,41941,17.0
frame,lgw,Year 1, spring 15, Monday,41942,16.3
frame,lgw,Year 1, spring 15, Monday,41943,16.9
frame,lgw,Year 1, spring 15, Monday,41944,16.8
frame,lgw,Year 1, spring 15, Monday,41945,16.3
frame,lgw,Year 1, spring 15, Monday,41946,16.7
frame,lgw,Year 1, spring 15, Monday,41947,16.6
frame,lgw,Year 1, spring 15, Monday,41948,16.6
frame,lgw,Year 1, spring 15, Monday,41949,16.8
frame,lgw,Year 1, spring 15, Monday,41950,18.0
frame,lgw,Year 1, spring 15, Monday,41951,18.0
frame,lgw,Year 1, spring 15, Monday,41952,16.8
frame,lgw,Year 1, spring 15, Monday,41953,14.2
frame,lgw,Year 1, spring 15, Monday,41954,16.5
frame,lgw,Year 1, spring 15, Monday,41955,17.1
frame,lgw,Year 1, spring 15, Monday,41956,16.5
frame,lgw,Year 1, spring 15, Monday,41957,16.8
frame,lgw,Year 1, spring 15, Monday,41958,16.7
frame,lgw,Year 1, spring 15, Monday,41959,17.0
frame,lgw,Year 1, spring 15, Monday,41960,16.2
frame,lgw,Year 1, spring 15, Monday,41961,16.2
frame,lgw,Year 1, spring 15, Monday,41962,16.9
frame,lgw,Year 1, spring 15, Monday,41963,17.9
frame,lgw,Year 1, spring 15, Monday,41964,16.8
frame,lgw,Year 1, spring 15, Monday,41965,15.7
frame,lgw,Year 1, spring 15, Monday,41966,16.1
frame,lgw,Year 1, spring 15, Monday,41967,16.8
frame,lgw,Year 1, spring 15, Monday,41968,16.4
frame,lgw,Year 1, spring 15, Monday,41969,16.8
frame,lgw,Year 1, spring 15, Monday,41970,16.8
frame,lgw,Year 1, spring 15, Monday,41971,16.4
frame,lgw,Year 1, spring 15, Monday,41972,16.8
frame,lgw,Year 1, spring 15, Monday,41973,16.6
frame,lgw,Year 1, spring 15, Monday,41974,16.8
frame,lgw,Year 1, spring 15, Monday,41975,17.8
frame,lgw,Year 1, spring 15, Monday,41976,16.6
frame,lgw,Year 1, spring 15, Monday,41977,15.9
frame,lgw,Year 1, spring 15, Monday,41978,17.9
frame,lgw,Year 1, spring 15, Monday,41979,15.0
frame,lgw,Year 1, spring 15, Monday,41980,17.1
frame,lgw,Year 1, spring 15, Monday,41981,16.3
frame,lgw,Year 1, spring 15, Monday,41982,16.8
frame,lgw,Year 1, spring 15, Monday,41983,16.5
frame,lgw,Year 1, spring 15, Monday,41984,16.8
frame,lgw,Year 1, spring 15, Monday,41985,16.6
frame,lgw,Year 1, spring 15, Monday,41986,16.6
frame,lgw,Year 1, spring 15, Monday,41987,19.0
frame,lgw,Year 1, spring 15, Monday,41988,14.7
frame,lgw,Year 1, spring 15, Monday,41989,16.5
frame,lgw,Year 1, spring 15, Monday,41990,16.7
frame,lgw,Year 1, spring 15, Monday,41991,16.4
frame,lgw,Year 1, spring 15, Monday,41992,16.7
frame,lgw,Year 1, spring 15, Monday,41993,16.8
frame,lgw,Year 1, spring 15, Monday,41994,16.7
frame,lgw,Year 1, spring 15, Monday,41995,17.3
frame,lgw,Year 1, spring 15, Monday,41996,15.9
frame,lgw,Year 1, spring 15, Monday,41997,16.7
frame,lgw,Year 1, spring 15, Monday,41998,16.9
frame,lgw,Year 1, spring 15, Monday,41999,16.8
switch,lgw,Year 1, spring 15, Monday,640,17.4
switch,lgw,Year 1, spring 15, Monday,650,17.1
switch,lgw,Year 1, spring 15, Monday,700,17.3
switchdetail,lgw,Year 1, spring 15, Monday,630,0,0.0
switchdetail,lgw,Year 1, spring 15, Monday,640,0,0.0
switchdetail,lgw,Year 1, spring 15, Monday,650,0,0.0
lag,lgw,Year 1, spring 15, Monday,43895,354.1
lag,lgw,Year 1, spring 15, Monday,46808,163.7
lag,lgw,Year 1, spring 15, Monday,46942,61.4
frame,lgw,Year 1, spring 15, Monday,47120,21.4
frame,lgw,Year 1, spring 15, Monday,47121,21.5
frame,lgw,Year 1, spring 15, Monday,47122,21.1
frame,lgw,Year 1, spring 15, Monday,47123,21.3
frame,lgw,Year 1, spring 15, Monday,47124,0.1
frame,lgw,Year 1, spring 15, Monday,47125,21.3
frame,lgw,Year 1, spring 15, Monday,47126,21.6
frame,lgw,Year 1, spring 15, Monday,47127,21.1
frame,lgw,Year 1, spring 15, Monday,47128,0.1
frame,lgw,Year 1, spring 15, Monday,47129,20.9
frame,lgw,Year 1, spring 15, Monday,47130,21.7
frame,lgw,Year 1, spring 15, Monday,47131,21.6
frame,lgw,Year 1, spring 15, Monday,47132,21.1
frame,lgw,Year 1, spring 15, Monday,47133,0.1
frame,lgw,Year 1, spring 15, Monday,47134,21.1
frame,lgw,Year 1, spring 15, Monday,47135,21.2
frame,lgw,Year 1, spring 15, Monday,47136,21.1
frame,lgw,Year 1, spring 15, Monday,47137,0.1
frame,lgw,Year 1, spring 15, Monday,47138,21.7
frame,lgw,Year 1, spring 15, Monday,47139,21.0
frame,lgw,Year 1, spring 15, Monday,47140,21.2
frame,lgw,Year 1, spring 15, Monday,47141,21.8
frame,lgw,Year 1, spring 15, Monday,47142,0.2
frame,lgw,Year 1, spring 15, Monday,47143,21.1
frame,lgw,Year 1, spring 15, Monday,47144,20.9
frame,lgw,Year 1, spring 15, Monday,47145,21.5
frame,lgw,Year 1, spring 15, Monday,47146,0.1
frame,lgw,Year 1, spring 15, Monday,47147,21.2
frame,lgw,Year 1, spring 15, Monday,47148,21.0
frame,lgw,Year 1, spring 15, Monday,47149,21.1
frame,lgw,Year 1, spring 15, Monday,47150,20.8
frame,lgw,Year 1, spring 15, Monday,47151,0.2
frame,lgw,Year 1, spring 15, Monday,47152,22.3
frame,lgw,Year 1, spring 15, Monday,47153,21.0
frame,lgw,Year 1, spring 15, Monday,47154,21.6
frame,lgw,Year 1, spring 15, Monday,47155,21.5
frame,lgw,Year 1, spring 15, Monday,47156,0.1
frame,lgw,Year 1, spring 15, Monday,47157,21.1
frame,lgw,Year 1, spring 15, Monday,47158,22.0
frame,lgw,Year 1, spring 15, Monday,47159,21.2
frame,lgw,Year 1, spring 15, Monday,47160,0.1
frame,lgw,Year 1, spring 15, Monday,47161,20.9
frame,lgw,Year 1, spring 15, Monday,47162,21.2
frame,lgw,Year 1, spring 15, Monday,47163,20.9
frame,lgw,Year 1, spring 15, Monday,47164,20.8
frame,lgw,Year 1, spring 15, Monday,47165,0.2
frame,lgw,Year 1, spring 15, Monday,47166,21.3
frame,lgw,Year 1, spring 15, Monday,47167,20.9
frame,lgw,Year 1, spring 15, Monday,47168,21.9
frame,lgw,Year 1, spring 15, Monday,47169,0.2
frame,lgw,Year 1, spring 15, Monday,47170,20.9
frame,lgw,Year 1, spring 15, Monday,47171,21.0
frame,lgw,Year 1, spring 15, Monday,47172,20.9
frame,lgw,Year 1, spring 15, Monday,47173,21.0
frame,lgw,Year 1, spring 15, Monday,47174,0.1
frame,lgw,Year 1, spring 15, Monday,47175,20.9
frame,lgw,Year 1, spring 15, Monday,47176,21.4
frame,lgw,Year 1, spring 15, Monday,47177,21.2
frame,lgw,Year 1, spring 15, Monday,47178,21.1
frame,lgw,Year 1, spring 15, Monday,47179,0.2
frame,lgw,Year 1, spring 15, Monday,47180,21.1
frame,lgw,Year 1, spring 15, Monday,47181,20.9
frame,lgw,Year 1, spring 15, Monday,47182,21.2
frame,lgw,Year 1, spring 15, Monday,47183,21.6
frame,lgw,Year 1, spring 15, Monday,47184,0.1
frame,lgw,Year 1, spring 15, Monday,47185,20.9
frame,lgw,Year 1, spring 15, Monday,47186,21.3
frame,lgw,Year 1, spring 15, Monday,47187,21.7
frame,lgw,Year 1, spring 15, Monday,47188,0.2
frame,lgw,Year 1, spring 15, Monday,47189,21.1
frame,lgw,Year 1, spring 15, Monday,47190,20.8
frame,lgw,Year 1, spring 15, Monday,47191,21.0
frame,lgw,Year 1, spring 15, Monday,47192,20.8
frame,lgw,Year 1, spring 15, Monday,47193,0.1
frame,lgw,Year 1, spring 15, Monday,47194,21.1
frame,lgw,Year 1, spring 15, Monday,47195,21.1
frame,lgw,Year 1, spring 15, Monday,47196,21.3
frame,lgw,Year 1, spring 15, Monday,47197,20.9
frame,lgw,Year 1, spring 15, Monday,47198,0.1
frame,lgw,Year 1, spring 15, Monday,47199,21.4
frame,lgw,Year 1, spring 15, Monday,47200,20.8
frame,lgw,Year 1, spring 15, Monday,47201,21.2
frame,lgw,Year 1, spring 15, Monday,47202,21.1
frame,lgw,Year 1, spring 15, Monday,47203,0.1
frame,lgw,Year 1, spring 15, Monday,47204,21.1
frame,lgw,Year 1, spring 15, Monday,47205,21.3
frame,lgw,Year 1, spring 15, Monday,47206,20.9
frame,lgw,Year 1, spring 15, Monday,47207,0.1
frame,lgw,Year 1, spring 15, Monday,47208,21.9
frame,lgw,Year 1, spring 15, Monday,47209,21.2
frame,lgw,Year 1, spring 15, Monday,47210,21.4
frame,lgw,Year 1, spring 15, Monday,47211,21.8
frame,lgw,Year 1, spring 15, Monday,47212,0.1
frame,lgw,Year 1, spring 15, Monday,47213,21.4
frame,lgw,Year 1, spring 15, Monday,47214,22.0
frame,lgw,Year 1, spring 15, Monday,47215,22.9
frame,lgw,Year 1, spring 15, Monday,47216,0.1
frame,lgw,Year 1, spring 15, Monday,47217,22.1
frame,lgw,Year 1, spring 15, Monday,47218,21.4
frame,lgw,Year 1, spring 15, Monday,47219,20.9
frame,lgw,Year 1, spring 15, Monday,47220,0.2
frame,lgw,Year 1, spring 15, Monday,47221,21.0
frame,lgw,Year 1, spring 15, Monday,47222,21.0
frame,lgw,Year 1, spring 15, Monday,47223,20.9
frame,lgw,Year 1, spring 15, Monday,47224,21.3
frame,lgw,Year 1, spring 15, Monday,47225,0.1
frame,lgw,Year 1, spring 15, Monday,47226,21.0
frame,lgw,Year 1, spring 15, Monday,47227,20.9
frame,lgw,Year 1, spring 15, Monday,47228,21.8
frame,lgw,Year 1, spring 15, Monday,47229,20.7
frame,lgw,Year 1, spring 15, Monday,47230,0.6
frame,lgw,Year 1, spring 15, Monday,47231,21.3
frame,lgw,Year 1, spring 15, Monday,47232,22.0
frame,lgw,Year 1, spring 15, Monday,47233,21.6
frame,lgw,Year 1, spring 15, Monday,47234,0.2
frame,lgw,Year 1, spring 15, Monday,47235,21.6
frame,lgw,Year 1, spring 15, Monday,47236,21.3
frame,lgw,Year 1, spring 15, Monday,47237,21.3
frame,lgw,Year 1, spring 15, Monday,47238,0.3
frame,lgw,Year 1, spring 15, Monday,47239,21.4
frame,lgw,Year 1, spring 15, Monday,47240,20.8
frame,lgw,Year 1, spring 15, Monday,47241,20.8
frame,lgw,Year 1, spring 15, Monday,47242,22.1
frame,lgw,Year 1, spring 15, Monday,47243,0.1
frame,lgw,Year 1, spring 15, Monday,47244,21.1
frame,lgw,Year 1, spring 15, Monday,47245,21.1
frame,lgw,Year 1, spring 15, Monday,47246,21.6
frame,lgw,Year 1, spring 15, Monday,47247,21.7
frame,lgw,Year 1, spring 15, Monday,47248,0.1
frame,lgw,Year 1, spring 15, Monday,47249,22.4
frame,lgw,Year 1, spring 15, Monday,47250,20.9
frame,lgw,Year 1, spring 15, Monday,47251,21.3
frame,lgw,Year 1, spring 15, Monday,47252,0.3
frame,lgw,Year 1, spring 15, Monday,47253,21.7
frame,lgw,Year 1, spring 15, Monday,47254,21.3
frame,lgw,Year 1, spring 15, Monday,47255,22.0
frame,lgw,Year 1, spring 15, Monday,47256,0.1
frame,lgw,Year 1, spring 15, Monday,47257,21.5
frame,lgw,Year 1, spring 15, Monday,47258,20.9
frame,lgw,Year 1, spring 15, Monday,47259,21.4
frame,lgw,Year 1, spring 15, Monday,47260,21.2
frame,lgw,Year 1, spring 15, Monday,47261,0.1
frame,lgw,Year 1, spring 15, Monday,47262,21.6
frame,lgw,Year 1, spring 15, Monday,47263,20.8
frame,lgw,Year 1, spring 15, Monday,47264,21.4
frame,lgw,Year 1, spring 15, Monday,47265,0.1
frame,lgw,Year 1, spring 15, Monday,47266,21.4
frame,lgw,Year 1, spring 15, Monday,47267,21.2
frame,lgw,Year 1, spring 15, Monday,47268,21.0
frame,lgw,Year 1, spring 15, Monday,47269,20.8
frame,lgw,Year 1, spring 15, Monday,47270,0.1
frame,lgw,Year 1, spring 15, Monday,47271,20.9
frame,lgw,Year 1, spring 15, Monday,47272,20.8
frame,lgw,Year 1, spring 15, Monday,47273,21.4
frame,lgw,Year 1, spring 15, Monday,47274,21.2
frame,lgw,Year 1, spring 15, Monday,47275,0.1
frame,lgw,Year 1, spring 15, Monday,47276,20.7
frame,lgw,Year 1, spring 15, Monday,47277,21.2
frame,lgw,Year 1, spring 15, Monday,47278,21.1
frame,lgw,Year 1, spring 15, Monday,47279,21.7
frame,lgw,Year 1, spring 15, Monday,47280,0.1
frame,lgw,Year 1, spring 15, Monday,47281,22.1
frame,lgw,Year 1, spring 15, Monday,47282,20.7
frame,lgw,Year 1, spring 15, Monday,47283,20.6
frame,lgw,Year 1, spring 15, Monday,47284,0.1
frame,lgw,Year 1, spring 15, Monday,47285,21.1
frame,lgw,Year 1, spring 15, Monday,47286,20.8
frame,lgw,Year 1, spring 15, Monday,47287,20.9
frame,lgw,Year 1, spring 15, Monday,47288,21.0
frame,lgw,Year 1, spring 15, Monday,47289,0.1
frame,lgw,Year 1, spring 15, Monday,47290,21.1
frame,lgw,Year 1, spring 15, Monday,47291,21.1
frame,lgw,Year 1, spring 15, Monday,47292,21.2
frame,lgw,Year 1, spring 15, Monday,47293,21.0
frame,lgw,Year 1, spring 15, Monday,47294,0.1
frame,lgw,Year 1, spring 15, Monday,47295,21.7
frame,lgw,Year 1, spring 15, Monday,47296,20.9
frame,lgw,Year 1, spring 15, Monday,47297,21.1
frame,lgw,Year 1, spring 15, Monday,47298,0.1
frame,lgw,Year 1, spring 15, Monday,47299,21.2
frame,lgw,Year 1, spring 15, Monday,47300,21.2
frame,lgw,Year 1, spring 15, Monday,47301,21.2
frame,lgw,Year 1, spring 15, Monday,47302,21.3
frame,lgw,Year 1, spring 15, Monday,47303,0.1
frame,lgw,Year 1, spring 15, Monday,47304,21.1
frame,lgw,Year 1, spring 15, Monday,47305,21.0
frame,lgw,Year 1, spring 15, Monday,47306,20.9
frame,lgw,Year 1, spring 15, Monday,47307,20.7
frame,lgw,Year 1, spring 15, Monday,47308,0.1
frame,lgw,Year 1, spring 15, Monday,47309,21.1
frame,lgw,Year 1, spring 15, Monday,47310,21.6
frame,lgw,Year 1, spring 15, Monday,47311,21.6
frame,lgw,Year 1, spring 15, Monday,47312,0.1
frame,lgw,Year 1, spring 15, Monday,47313,21.3
frame,lgw,Year 1, spring 15, Monday,47314,21.5
frame,lgw,Year 1, spring 15, Monday,47315,22.6
frame,lgw,Year 1, spring 15, Monday,47316,20.9
frame,lgw,Year 1, spring 15, Monday,47317,0.1
frame,lgw,Year 1, spring 15, Monday,47318,20.9
frame,lgw,Year 1, spring 15, Monday,47319,21.9
frame,lgw,Year 1, spring 15, Monday,47320,23.5
frame,lgw,Year 1, spring 15, Monday,47321,0.1
frame,lgw,Year 1, spring 15, Monday,47322,21.4
frame,lgw,Year 1, spring 15, Monday,47323,21.1
frame,lgw,Year 1, spring 15, Monday,47324,21.3
frame,lgw,Year 1, spring 15, Monday,47325,0.1
frame,lgw,Year 1, spring 15, Monday,47326,20.7
frame,lgw,Year 1, spring 15, Monday,47327,21.0
frame,lgw,Year 1, spring 15, Monday,47328,21.2
frame,lgw,Year 1, spring 15, Monday,47329,20.9
frame,lgw,Year 1, spring 15, Monday,47330,0.1
frame,lgw,Year 1, spring 15, Monday,47331,21.0
frame,lgw,Year 1, spring 15, Monday,47332,21.1
frame,lgw,Year 1, spring 15, Monday,47333,20.9
frame,lgw,Year 1, spring 15, Monday,47334,21.8
frame,lgw,Year 1, spring 15, Monday,47335,0.1
frame,lgw,Year 1, spring 15, Monday,47336,21.5
frame,lgw,Year 1, spring 15, Monday,47337,20.9
frame,lgw,Year 1, spring 15, Monday,47338,21.3
frame,lgw,Year 1, spring 15, Monday,47339,0.2
frame,lgw,Year 1, spring 15, Monday,47340,21.8
frame,lgw,Year 1, spring 15, Monday,47341,21.0
frame,lgw,Year 1, spring 15, Monday,47342,20.8
frame,lgw,Year 1, spring 15, Monday,47343,21.4
frame,lgw,Year 1, spring 15, Monday,47344,0.1
frame,lgw,Year 1, spring 15, Monday,47345,21.3
frame,lgw,Year 1, spring 15, Monday,47346,21.7
frame,lgw,Year 1, spring 15, Monday,47347,21.8
frame,lgw,Year 1, spring 15, Monday,47348,0.1
frame,lgw,Year 1, spring 15, Monday,47349,21.0
frame,lgw,Year 1, spring 15, Monday,47350,20.9
frame,lgw,Year 1, spring 15, Monday,47351,22.1
frame,lgw,Year 1, spring 15, Monday,47352,20.9
frame,lgw,Year 1, spring 15, Monday,47353,0.1
frame,lgw,Year 1, spring 15, Monday,47354,21.0
frame,lgw,Year 1, spring 15, Monday,47355,20.9
frame,lgw,Year 1, spring 15, Monday,47356,21.3
frame,lgw,Year 1, spring 15, Monday,47357,21.0
frame,lgw,Year 1, spring 15, Monday,47358,0.1
frame,lgw,Year 1, spring 15, Monday,47359,21.0
frame,lgw,Year 1, spring 15, Monday,47360,21.0
frame,lgw,Year 1, spring 15, Monday,47361,21.4
frame,lgw,Year 1, spring 15, Monday,47362,20.9
frame,lgw,Year 1, spring 15, Monday,47363,0.1
frame,lgw,Year 1, spring 15, Monday,47364,21.5
frame,lgw,Year 1, spring 15, Monday,47365,22.1
frame,lgw,Year 1, spring 15, Monday,47366,21.0
frame,lgw,Year 1, spring 15, Monday,47367,0.2
frame,lgw,Year 1, spring 15, Monday,47368,21.4
frame,lgw,Year 1, spring 15, Monday,47369,21.1
frame,lgw,Year 1, spring 15, Monday,47370,22.1
frame,lgw,Year 1, spring 15, Monday,47371,0.1
frame,lgw,Year 1, spring 15, Monday,47372,20.9
frame,lgw,Year 1, spring 15, Monday,47373,21.1
frame,lgw,Year 1, spring 15, Monday,47374,21.3
frame,lgw,Year 1, spring 15, Monday,47375,21.4
frame,lgw,Year 1, spring 15, Monday,47376,0.2
frame,lgw,Year 1, spring 15, Monday,47377,22.0
frame,lgw,Year 1, spring 15, Monday,47378,20.9
frame,lgw,Year 1, spring 15, Monday,47379,21.6
frame,lgw,Year 1, spring 15, Monday,47380,21.2
frame,lgw,Year 1, spring 15, Monday,47381,0.4
frame,lgw,Year 1, spring 15, Monday,47382,21.7
frame,lgw,Year 1, spring 15, Monday,47383,20.9
frame,lgw,Year 1, spring 15, Monday,47384,21.0
frame,lgw,Year 1, spring 15, Monday,47385,0.2
frame,lgw,Year 1, spring 15, Monday,47386,21.1
frame,lgw,Year 1, spring 15, Monday,47387,21.8
frame,lgw,Year 1, spring 15, Monday,47388,22.2
frame,lgw,Year 1, spring 15, Monday,47389,0.1
frame,lgw,Year 1, spring 15, Monday,47390,22.0
frame,lgw,Year 1, spring 15, Monday,47391,21.0
frame,lgw,Year 1, spring 15, Monday,47392,21.8
frame,lgw,Year 1, spring 15, Monday,47393,21.7
frame,lgw,Year 1, spring 15, Monday,47394,0.1
frame,lgw,Year 1, spring 15, Monday,47395,21.1
frame,lgw,Year 1, spring 15, Monday,47396,21.1
frame,lgw,Year 1, spring 15, Monday,47397,21.4
frame,lgw,Year 1, spring 15, Monday,47398,0.1
frame,lgw,Year 1, spring 15, Monday,47399,21.8
frame,lgw,Year 1, spring 15, Monday,47400,21.3
frame,lgw,Year 1, spring 15, Monday,47401,21.0
frame,lgw,Year 1, spring 15, Monday,47402,20.7
frame,lgw,Year 1, spring 15, Monday,47403,0.1
frame,lgw,Year 1, spring 15, Monday,47404,21.7
frame,lgw,Year 1, spring 15, Monday,47405,22.4
frame,lgw,Year 1, spring 15, Monday,47406,21.0
frame,lgw,Year 1, spring 15, Monday,47407,0.1
frame,lgw,Year 1, spring 15, Monday,47408,21.1
frame,lgw,Year 1, spring 15, Monday,47409,21.3
frame,lgw,Year 1, spring 15, Monday,47410,21.0
frame,lgw,Year 1, spring 15, Monday,47411,21.9
frame,lgw,Year 1, spring 15, Monday,47412,0.1
frame,lgw,Year 1, spring 15, Monday,47413,21.2
frame,lgw,Year 1, spring 15, Monday,47414,21.2
frame,lgw,Year 1, spring 15, Monday,47415,20.9
frame,lgw,Year 1, spring 15, Monday,47416,20.9
frame,lgw,Year 1, spring 15, Monday,47417,0.1
frame,lgw,Year 1, spring 15, Monday,47418,21.7
frame,lgw,Year 1, spring 15, Monday,47419,21.0
frame,lgw,Year 1, spring 15, Monday,47420,21.0
frame,lgw,Year 1, spring 15, Monday,47421,0.2
frame,lgw,Year 1, spring 15, Monday,47422,21.1
frame,lgw,Year 1, spring 15, Monday,47423,20.9
frame,lgw,Year 1, spring 15, Monday,47424,21.3
frame,lgw,Year 1, spring 15, Monday,47425,21.0
frame,lgw,Year 1, spring 15, Monday,47426,0.1
frame,lgw,Year 1, spring 15, Monday,47427,21.0
frame,lgw,Year 1, spring 15, Monday,47428,21.6
frame,lgw,Year 1, spring 15, Monday,47429,21.2
frame,lgw,Year 1, spring 15, Monday,47430,21.8
frame,lgw,Year 1, spring 15, Monday,47431,0.1
frame,lgw,Year 1, spring 15, Monday,47432,21.8
frame,lgw,Year 1, spring 15, Monday,47433,21.2
frame,lgw,Year 1, spring 15, Monday,47434,21.4
frame,lgw,Year 1, spring 15, Monday,47435,0.3
frame,lgw,Year 1, spring 15, Monday,47436,22.4
frame,lgw,Year 1, spring 15, Monday,47437,21.4
frame,lgw,Year 1, spring 15, Monday,47438,21.1
frame,lgw,Year 1, spring 15, Monday,47439,0.2
frame,lgw,Year 1, spring 15, Monday,47440,21.8
frame,lgw,Year 1, spring 15, Monday,47441,22.2
frame,lgw,Year 1, spring 15, Monday,47442,21.5
frame,lgw,Year 1, spring 15, Monday,47443,21.7
frame,lgw,Year 1, spring 15, Monday,47444,0.2
frame,lgw,Year 1, spring 15, Monday,47445,22.2
frame,lgw,Year 1, spring 15, Monday,47446,21.4
frame,lgw,Year 1, spring 15, Monday,47447,21.4
frame,lgw,Year 1, spring 15, Monday,47448,0.1
frame,lgw,Year 1, spring 15, Monday,47449,21.1
frame,lgw,Year 1, spring 15, Monday,47450,21.3
frame,lgw,Year 1, spring 15, Monday,47451,21.0
frame,lgw,Year 1, spring 15, Monday,47452,0.1
frame,lgw,Year 1, spring 15, Monday,47453,21.1
frame,lgw,Year 1, spring 15, Monday,47454,21.4
frame,lgw,Year 1, spring 15, Monday,47455,21.0
frame,lgw,Year 1, spring 15, Monday,47456,21.0
frame,lgw,Year 1, spring 15, Monday,47457,0.1
frame,lgw,Year 1, spring 15, Monday,47458,21.0
frame,lgw,Year 1, spring 15, Monday,47459,21.3
frame,lgw,Year 1, spring 15, Monday,47460,21.6
frame,lgw,Year 1, spring 15, Monday,47461,21.3
frame,lgw,Year 1, spring 15, Monday,47462,0.2
frame,lgw,Year 1, spring 15, Monday,47463,21.5
frame,lgw,Year 1, spring 15, Monday,47464,20.9
frame,lgw,Year 1, spring 15, Monday,47465,20.9
frame,lgw,Year 1, spring 15, Monday,47466,0.1
frame,lgw,Year 1, spring 15, Monday,47467,21.8
frame,lgw,Year 1, spring 15, Monday,47468,20.9
frame,lgw,Year 1, spring 15, Monday,47469,21.1
frame,lgw,Year 1, spring 15, Monday,47470,21.0
frame,lgw,Year 1, spring 15, Monday,47471,0.1
frame,lgw,Year 1, spring 15, Monday,47472,20.7
frame,lgw,Year 1, spring 15, Monday,47473,21.1
frame,lgw,Year 1, spring 15, Monday,47474,22.4
frame,lgw,Year 1, spring 15, Monday,47475,21.3
frame,lgw,Year 1, spring 15, Monday,47476,0.1
frame,lgw,Year 1, spring 15, Monday,47477,22.1
frame,lgw,Year 1, spring 15, Monday,47478,21.4
frame,lgw,Year 1, spring 15, Monday,47479,21.5
frame,lgw,Year 1, spring 15, Monday,47480,0.3
frame,lgw,Year 1, spring 15, Monday,47481,21.4
frame,lgw,Year 1, spring 15, Monday,47482,21.3
frame,lgw,Year 1, spring 15, Monday,47483,21.3
frame,lgw,Year 1, spring 15, Monday,47484,0.1
frame,lgw,Year 1, spring 15, Monday,47485,20.8
frame,lgw,Year 1, spring 15, Monday,47486,21.4
frame,lgw,Year 1, spring 15, Monday,47487,21.9
frame,lgw,Year 1, spring 15, Monday,47488,21.0
frame,lgw,Year 1, spring 15, Monday,47489,0.2
frame,lgw,Year 1, spring 15, Monday,47490,20.9
frame,lgw,Year 1, spring 15, Monday,47491,21.0
frame,lgw,Year 1, spring 15, Monday,47492,21.3
frame,lgw,Year 1, spring 15, Monday,47493,21.5
frame,lgw,Year 1, spring 15, Monday,47494,0.1
frame,lgw,Year 1, spring 15, Monday,47495,21.2
frame,lgw,Year 1, spring 15, Monday,47496,21.7
frame,lgw,Year 1, spring 15, Monday,47497,22.2
frame,lgw,Year 1, spring 15, Monday,47498,0.1
frame,lgw,Year 1, spring 15, Monday,47499,20.8
frame,lgw,Year 1, spring 15, Monday,47500,20.9
frame,lgw,Year 1, spring 15, Monday,47501,21.6
frame,lgw,Year 1, spring 15, Monday,47502,21.7
frame,lgw,Year 1, spring 15, Monday,47503,0.1
frame,lgw,Year 1, spring 15, Monday,47504,21.0
frame,lgw,Year 1, spring 15, Monday,47505,21.0
frame,lgw,Year 1, spring 15, Monday,47506,20.9
frame,lgw,Year 1, spring 15, Monday,47507,0.1
frame,lgw,Year 1, spring 15, Monday,47508,21.3
frame,lgw,Year 1, spring 15, Monday,47509,20.6
frame,lgw,Year 1, spring 15, Monday,47510,21.2
frame,lgw,Year 1, spring 15, Monday,47511,21.4
frame,lgw,Year 1, spring 15, Monday,47512,0.1
frame,lgw,Year 1, spring 15, Monday,47513,22.0
frame,lgw,Year 1, spring 15, Monday,47514,22.1
frame,lgw,Year 1, spring 15, Monday,47515,21.5
frame,lgw,Year 1, spring 15, Monday,47516,0.1
frame,lgw,Year 1, spring 15, Monday,47517,21.4
frame,lgw,Year 1, spring 15, Monday,47518,20.9
frame,lgw,Year 1, spring 15, Monday,47519,21.0
frame,lgw,Year 1, spring 15, Monday,47520,21.3
frame,lgw,Year 1, spring 15, Monday,47521,0.2
frame,lgw,Year 1, spring 15, Monday,47522,21.3
frame,lgw,Year 1, spring 15, Monday,47523,21.8
frame,lgw,Year 1, spring 15, Monday,47524,21.9
frame,lgw,Year 1, spring 15, Monday,47525,1.1
frame,lgw,Year 1, spring 15, Monday,47526,22.1
frame,lgw,Year 1, spring 15, Monday,47527,21.1
frame,lgw,Year 1, spring 15, Monday,47528,21.1
frame,lgw,Year 1, spring 15, Monday,47529,21.0
frame,lgw,Year 1, spring 15, Monday,47530,0.1
frame,lgw,Year 1, spring 15, Monday,47531,21.9
frame,lgw,Year 1, spring 15, Monday,47532,20.9
frame,lgw,Year 1, spring 15, Monday,47533,20.8
frame,lgw,Year 1, spring 15, Monday,47534,0.1
frame,lgw,Year 1, spring 15, Monday,47535,22.2
frame,lgw,Year 1, spring 15, Monday,47536,21.8
frame,lgw,Year 1, spring 15, Monday,47537,21.4
frame,lgw,Year 1, spring 15, Monday,47538,21.2
frame,lgw,Year 1, spring 15, Monday,47539,0.1
frame,lgw,Year 1, spring 15, Monday,47540,21.1
frame,lgw,Year 1, spring 15, Monday,47541,21.9
frame,lgw,Year 1, spring 15, Monday,47542,21.0
frame,lgw,Year 1, spring 15, Monday,47543,0.1
frame,lgw,Year 1, spring 15, Monday,47544,21.4
frame,lgw,Year 1, spring 15, Monday,47545,21.1
frame,lgw,Year 1, spring 15, Monday,47546,21.7
frame,lgw,Year 1, spring 15, Monday,47547,21.4
frame,lgw,Year 1, spring 15, Monday,47548,0.1
frame,lgw,Year 1, spring 15, Monday,47549,21.3
frame,lgw,Year 1, spring 15, Monday,47550,21.3
frame,lgw,Year 1, spring 15, Monday,47551,20.7
frame,lgw,Year 1, spring 15, Monday,47552,0.2
frame,lgw,Year 1, spring 15, Monday,47553,21.9
frame,lgw,Year 1, spring 15, Monday,47554,21.5
frame,lgw,Year 1, spring 15, Monday,47555,21.0
frame,lgw,Year 1, spring 15, Monday,47556,21.5
frame,lgw,Year 1, spring 15, Monday,47557,0.1
frame,lgw,Year 1, spring 15, Monday,47558,21.0
frame,lgw,Year 1, spring 15, Monday,47559,21.1
frame,lgw,Year 1, spring 15, Monday,47560,21.4
frame,lgw,Year 1, spring 15, Monday,47561,0.1
frame,lgw,Year 1, spring 15, Monday,47562,21.4
frame,lgw,Year 1, spring 15, Monday,47563,21.4
frame,lgw,Year 1, spring 15, Monday,47564,21.4
frame,lgw,Year 1, spring 15, Monday,47565,21.1
frame,lgw,Year 1, spring 15, Monday,47566,0.1
frame,lgw,Year 1, spring 15, Monday,47567,21.3
frame,lgw,Year 1, spring 15, Monday,47568,21.1
frame,lgw,Year 1, spring 15, Monday,47569,21.2
frame,lgw,Year 1, spring 15, Monday,47570,21.6
frame,lgw,Year 1, spring 15, Monday,47571,0.2
frame,lgw,Year 1, spring 15, Monday,47572,21.4
frame,lgw,Year 1, spring 15, Monday,47573,21.0
frame,lgw,Year 1, spring 15, Monday,47574,21.1
frame,lgw,Year 1, spring 15, Monday,47575,0.1
frame,lgw,Year 1, spring 15, Monday,47576,20.9
frame,lgw,Year 1, spring 15, Monday,47577,20.7
frame,lgw,Year 1, spring 15, Monday,47578,20.9
frame,lgw,Year 1, spring 15, Monday,47579,21.7
frame,lgw,Year 1, spring 15, Monday,47580,0.1
frame,lgw,Year 1, spring 15, Monday,47581,21.1
frame,lgw,Year 1, spring 15, Monday,47582,21.1
frame,lgw,Year 1, spring 15, Monday,47583,20.8
frame,lgw,Year 1, spring 15, Monday,47584,22.1
frame,lgw,Year 1, spring 15, Monday,47585,0.1
frame,lgw,Year 1, spring 15, Monday,47586,21.2
frame,lgw,Year 1, spring 15, Monday,47587,21.0
frame,lgw,Year 1, spring 15, Monday,47588,21.2
frame,lgw,Year 1, spring 15, Monday,47589,0.1
frame,lgw,Year 1, spring 15, Monday,47590,21.1
frame,lgw,Year 1, spring 15, Monday,47591,21.3
frame,lgw,Year 1, spring 15, Monday,47592,21.2
frame,lgw,Year 1, spring 15, Monday,47593,20.9
frame,lgw,Year 1, spring 15, Monday,47594,0.1
frame,lgw,Year 1, spring 15, Monday,47595,20.9
frame,lgw,Year 1, spring 15, Monday,47596,20.8
frame,lgw,Year 1, spring 15, Monday,47597,21.3
frame,lgw,Year 1, spring 15, Monday,47598,21.2
frame,lgw,Year 1, spring 15, Monday,47599,0.1
frame,lgw,Year 1, spring 15, Monday,47600,20.7
frame,lgw,Year 1, spring 15, Monday,47601,21.1
frame,lgw,Year 1, spring 15, Monday,47602,21.7
frame,lgw,Year 1, spring 15, Monday,47603,0.1
frame,lgw,Year 1, spring 15, Monday,47604,21.2
frame,lgw,Year 1, spring 15, Monday,47605,20.9
frame,lgw,Year 1, spring 15, Monday,47606,21.8
frame,lgw,Year 1, spring 15, Monday,47607,21.1
frame,lgw,Year 1, spring 15, Monday,47608,0.1
frame,lgw,Year 1, spring 15, Monday,47609,21.5
frame,lgw,Year 1, spring 15, Monday,47610,21.5
frame,lgw,Year 1, spring 15, Monday,47611,21.3
frame,lgw,Year 1, spring 15, Monday,47612,0.2
frame,lgw,Year 1, spring 15, Monday,47613,21.3
frame,lgw,Year 1, spring 15, Monday,47614,21.0
frame,lgw,Year 1, spring 15, Monday,47615,21.1
frame,lgw,Year 1, spring 15, Monday,47616,21.3
frame,lgw,Year 1, spring 15, Monday,47617,0.1
frame,lgw,Year 1, spring 15, Monday,47618,21.1
frame,lgw,Year 1, spring 15, Monday,47619,21.4
frame,lgw,Year 1, spring 15, Monday,47620,21.1
frame,lgw,Year 1, spring 15, Monday,47621,21.1
frame,lgw,Year 1, spring 15, Monday,47622,0.1
frame,lgw,Year 1, spring 15, Monday,47623,20.9
frame,lgw,Year 1, spring 15, Monday,47624,21.0
frame,lgw,Year 1, spring 15, Monday,47625,21.1
frame,lgw,Year 1, spring 15, Monday,47626,21.1
frame,lgw,Year 1, spring 15, Monday,47627,0.1
frame,lgw,Year 1, spring 15, Monday,47628,21.7
frame,lgw,Year 1, spring 15, Monday,47629,21.1
frame,lgw,Year 1, spring 15, Monday,47630,20.9
frame,lgw,Year 1, spring 15, Monday,47631,0.2
frame,lgw,Year 1, spring 15, Monday,47632,21.1
frame,lgw,Year 1, spring 15, Monday,47633,21.4
frame,lgw,Year 1, spring 15, Monday,47634,21.1
frame,lgw,Year 1, spring 15, Monday,47635,21.2
frame,lgw,Year 1, spring 15, Monday,47636,0.1
frame,lgw,Year 1, spring 15, Monday,47637,21.2
frame,lgw,Year 1, spring 15, Monday,47638,21.2
frame,lgw,Year 1, spring 15, Monday,47639,21.4
frame,lgw,Year 1, spring 15, Monday,47640,0.2
frame,lgw,Year 1, spring 15, Monday,47641,21.5
frame,lgw,Year 1, spring 15, Monday,47642,21.9
frame,lgw,Year 1, spring 15, Monday,47643,21.0
frame,lgw,Year 1, spring 15, Monday,47644,21.0
frame,lgw,Year 1, spring 15, Monday,47645,0.3
frame,lgw,Year 1, spring 15, Monday,47646,21.0
frame,lgw,Year 1, spring 15, Monday,47647,21.0
frame,lgw,Year 1, spring 15, Monday,47648,21.5
frame,lgw,Year 1, spring 15, Monday,47649,21.1
frame,lgw,Year 1, spring 15, Monday,47650,0.1
frame,lgw,Year 1, spring 15, Monday,47651,21.1
frame,lgw,Year 1, spring 15, Monday,47652,20.9
frame,lgw,Year 1, spring 15, Monday,47653,21.3
frame,lgw,Year 1, spring 15, Monday,47654,0.1
frame,lgw,Year 1, spring 15, Monday,47655,21.3
frame,lgw,Year 1, spring 15, Monday,47656,21.2
frame,lgw,Year 1, spring 15, Monday,47657,21.2
frame,lgw,Year 1, spring 15, Monday,47658,21.0
frame,lgw,Year 1, spring 15, Monday,47659,0.1
frame,lgw,Year 1, spring 15, Monday,47660,20.6
frame,lgw,Year 1, spring 15, Monday,47661,20.8
frame,lgw,Year 1, spring 15, Monday,47662,21.0
frame,lgw,Year 1, spring 15, Monday,47663,22.1
frame,lgw,Year 1, spring 15, Monday,47664,0.1
frame,lgw,Year 1, spring 15, Monday,47665,21.1
frame,lgw,Year 1, spring 15, Monday,47666,21.3
frame,lgw,Year 1, spring 15, Monday,47667,21.1
frame,lgw,Year 1, spring 15, Monday,47668,0.1
frame,lgw,Year 1, spring 15, Monday,47669,20.9
frame,lgw,Year 1, spring 15, Monday,47670,22.6
frame,lgw,Year 1, spring 15, Monday,47671,21.0
frame,lgw,Year 1, spring 15, Monday,47672,21.0
frame,lgw,Year 1, spring 15, Monday,47673,0.1
frame,lgw,Year 1, spring 15, Monday,47674,21.1
frame,lgw,Year 1, spring 15, Monday,47675,21.2
frame,lgw,Year 1, spring 15, Monday,47676,21.3
frame,lgw,Year 1, spring 15, Monday,47677,20.9
frame,lgw,Year 1, spring 15, Monday,47678,0.2
frame,lgw,Year 1, spring 15, Monday,47679,20.9
frame,lgw,Year 1, spring 15, Monday,47680,20.9
frame,lgw,Year 1, spring 15, Monday,47681,21.2
frame,lgw,Year 1, spring 15, Monday,47682,0.2
frame,lgw,Year 1, spring 15, Monday,47683,21.3
frame,lgw,Year 1, spring 15, Monday,47684,21.4
frame,lgw,Year 1, spring 15, Monday,47685,21.1
frame,lgw,Year 1, spring 15, Monday,47686,20.8
frame,lgw,Year 1, spring 15, Monday,47687,0.1
frame,lgw,Year 1, spring 15, Monday,47688,21.2
frame,lgw,Year 1, spring 15, Monday,47689,21.1
frame,lgw,Year 1, spring 15, Monday,47690,20.9
frame,lgw,Year 1, spring 15, Monday,47691,20.8
frame,lgw,Year 1, spring 15, Monday,47692,0.1
frame,lgw,Year 1, spring 15, Monday,47693,21.5
frame,lgw,Year 1, spring 15, Monday,47694,21.3
frame,lgw,Year 1, spring 15, Monday,47695,22.1
frame,lgw,Year 1, spring 15, Monday,47696,0.1
frame,lgw,Year 1, spring 15, Monday,47697,20.9
frame,lgw,Year 1, spring 15, Monday,47698,20.8
frame,lgw,Year 1, spring 15, Monday,47699,21.2
frame,lgw,Year 1, spring 15, Monday,47700,21.6
frame,lgw,Year 1, spring 15, Monday,47701,0.1
frame,lgw,Year 1, spring 15, Monday,47702,22.1
frame,lgw,Year 1, spring 15, Monday,47703,21.4
frame,lgw,Year 1, spring 15, Monday,47704,21.2
frame,lgw,Year 1, spring 15, Monday,47705,0.2
frame,lgw,Year 1, spring 15, Monday,47706,21.5
frame,lgw,Year 1, spring 15, Monday,47707,21.2
frame,lgw,Year 1, spring 15, Monday,47708,21.5
frame,lgw,Year 1, spring 15, Monday,47709,21.1
frame,lgw,Year 1, spring 15, Monday,47710,0.1
frame,lgw,Year 1, spring 15, Monday,47711,21.4
frame,lgw,Year 1, spring 15, Monday,47712,22.9
frame,lgw,Year 1, spring 15, Monday,47713,21.5
frame,lgw,Year 1, spring 15, Monday,47714,0.1
frame,lgw,Year 1, spring 15, Monday,47715,20.9
frame,lgw,Year 1, spring 15, Monday,47716,21.2
frame,lgw,Year 1, spring 15, Monday,47717,21.5
frame,lgw,Year 1, spring 15, Monday,47718,21.2
frame,lgw,Year 1, spring 15, Monday,47719,0.1
frame,lgw,Year 1, spring 15, Monday,47720,21.6
frame,lgw,Year 1, spring 15, Monday,47721,21.5
frame,lgw,Year 1, spring 15, Monday,47722,21.5
frame,lgw,Year 1, spring 15, Monday,47723,0.3
frame,lgw,Year 1, spring 15, Monday,47724,22.6
frame,lgw,Year 1, spring 15, Monday,47725,21.4
frame,lgw,Year 1, spring 15, Monday,47726,21.1
frame,lgw,Year 1, spring 15, Monday,47727,0.1
frame,lgw,Year 1, spring 15, Monday,47728,20.9
frame,lgw,Year 1, spring 15, Monday,47729,21.4
frame,lgw,Year 1, spring 15, Monday,47730,20.9
frame,lgw,Year 1, spring 15, Monday,47731,21.2
frame,lgw,Year 1, spring 15, Monday,47732,0.3
frame,lgw,Year 1, spring 15, Monday,47733,22.3
frame,lgw,Year 1, spring 15, Monday,47734,20.8
frame,lgw,Year 1, spring 15, Monday,47735,21.0
frame,lgw,Year 1, spring 15, Monday,47736,22.2
frame,lgw,Year 1, spring 15, Monday,47737,0.1
frame,lgw,Year 1, spring 15, Monday,47738,21.9
frame,lgw,Year 1, spring 15, Monday,47739,21.2
frame,lgw,Year 1, spring 15, Monday,47740,21.4
frame,lgw,Year 1, spring 15, Monday,47741,0.1
frame,lgw,Year 1, spring 15, Monday,47742,20.9
frame,lgw,Year 1, spring 15, Monday,47743,21.8
frame,lgw,Year 1, spring 15, Monday,47744,20.9
frame,lgw,Year 1, spring 15, Monday,47745,20.7
frame,lgw,Year 1, spring 15, Monday,47746,0.1
frame,lgw,Year 1, spring 15, Monday,47747,21.3
frame,lgw,Year 1, spring 15, Monday,47748,21.1
frame,lgw,Year 1, spring 15, Monday,47749,21.2
frame,lgw,Year 1, spring 15, Monday,47750,0.6
frame,lgw,Year 1, spring 15, Monday,47751,22.2
frame,lgw,Year 1, spring 15, Monday,47752,21.7
frame,lgw,Year 1, spring 15, Monday,47753,21.6
frame,lgw,Year 1, spring 15, Monday,47754,0.1
frame,lgw,Year 1, spring 15, Monday,47755,21.0
frame,lgw,Year 1, spring 15, Monday,47756,21.1
frame,lgw,Year 1, spring 15, Monday,47757,21.3
frame,lgw,Year 1, spring 15, Monday,47758,21.1
frame,lgw,Year 1, spring 15, Monday,47759,0.2
frame,lgw,Year 1, spring 15, Monday,47760,22.0
frame,lgw,Year 1, spring 15, Monday,47761,21.2
frame,lgw,Year 1, spring 15, Monday,47762,21.1
frame,lgw,Year 1, spring 15, Monday,47763,21.0
frame,lgw,Year 1, spring 15, Monday,47764,0.1
frame,lgw,Year 1, spring 15, Monday,47765,21.4
frame,lgw,Year 1, spring 15, Monday,47766,21.2
frame,lgw,Year 1, spring 15, Monday,47767,21.1
frame,lgw,Year 1, spring 15, Monday,47768,0.1
frame,lgw,Year 1, spring 15, Monday,47769,21.3
frame,lgw,Year 1, spring 15, Monday,47770,20.9
frame,lgw,Year 1, spring 15, Monday,47771,21.5
frame,lgw,Year 1, spring 15, Monday,47772,21.1
frame,lgw,Year 1, spring 15, Monday,47773,0.2
frame,lgw,Year 1, spring 15, Monday,47774,21.6
frame,lgw,Year 1, spring 15, Monday,47775,21.1
frame,lgw,Year 1, spring 15, Monday,47776,21.9
frame,lgw,Year 1, spring 15, Monday,47777,0.1
frame,lgw,Year 1, spring 15, Monday,47778,20.8
frame,lgw,Year 1, spring 15, Monday,47779,21.1
frame,lgw,Year 1, spring 15, Monday,47780,21.0
frame,lgw,Year 1, spring 15, Monday,47781,20.9
frame,lgw,Year 1, spring 15, Monday,47782,0.1
frame,lgw,Year 1, spring 15, Monday,47783,21.1
frame,lgw,Year 1, spring 15, Monday,47784,21.2
frame,lgw,Year 1, spring 15, Monday,47785,21.5
frame,lgw,Year 1, spring 15, Monday,47786,21.0
frame,lgw,Year 1, spring 15, Monday,47787,0.2
frame,lgw,Year 1, spring 15, Monday,47788,21.2
frame,lgw,Year 1, spring 15, Monday,47789,21.2
frame,lgw,Year 1, spring 15, Monday,47790,21.3
frame,lgw,Year 1, spring 15, Monday,47791,0.1
frame,lgw,Year 1, spring 15, Monday,47792,21.0
frame,lgw,Year 1, spring 15, Monday,47793,21.2
frame,lgw,Year 1, spring 15, Monday,47794,21.5
frame,lgw,Year 1, spring 15, Monday,47795,20.9
frame,lgw,Year 1, spring 15, Monday,47796,0.1
frame,lgw,Year 1, spring 15, Monday,47797,20.7
frame,lgw,Year 1, spring 15, Monday,47798,20.8
frame,lgw,Year 1, spring 15, Monday,47799,21.2
frame,lgw,Year 1, spring 15, Monday,47800,21.2
frame,lgw,Year 1, spring 15, Monday,47801,0.1
frame,lgw,Year 1, spring 15, Monday,47802,21.9
frame,lgw,Year 1, spring 15, Monday,47803,21.2
frame,lgw,Year 1, spring 15, Monday,47804,21.2
frame,lgw,Year 1, spring 15, Monday,47805,20.8
frame,lgw,Year 1, spring 15, Monday,47806,0.1
frame,lgw,Year 1, spring 15, Monday,47807,21.2
frame,lgw,Year 1, spring 15, Monday,47808,21.3
frame,lgw,Year 1, spring 15, Monday,47809,20.9
frame,lgw,Year 1, spring 15, Monday,47810,0.1
frame,lgw,Year 1, spring 15, Monday,47811,21.3
frame,lgw,Year 1, spring 15, Monday,47812,21.4
frame,lgw,Year 1, spring 15, Monday,47813,21.4
frame,lgw,Year 1, spring 15, Monday,47814,21.0
frame,lgw,Year 1, spring 15, Monday,47815,0.1
frame,lgw,Year 1, spring 15, Monday,47816,21.5
frame,lgw,Year 1, spring 15, Monday,47817,21.3
frame,lgw,Year 1, spring 15, Monday,47818,20.9
frame,lgw,Year 1, spring 15, Monday,47819,21.4
frame,lgw,Year 1, spring 15, Monday,47820,0.1
frame,lgw,Year 1, spring 15, Monday,47821,21.0
frame,lgw,Year 1, spring 15, Monday,47822,20.9
frame,lgw,Year 1, spring 15, Monday,47823,21.3
frame,lgw,Year 1, spring 15, Monday,47824,0.1
frame,lgw,Year 1, spring 15, Monday,47825,22.6
frame,lgw,Year 1, spring 15, Monday,47826,22.1
frame,lgw,Year 1, spring 15, Monday,47827,21.2
frame,lgw,Year 1, spring 15, Monday,47828,0.1
frame,lgw,Year 1, spring 15, Monday,47829,21.2
frame,lgw,Year 1, spring 15, Monday,47830,22.4
frame,lgw,Year 1, spring 15, Monday,47831,22.3
frame,lgw,Year 1, spring 15, Monday,47832,21.2
frame,lgw,Year 1, spring 15, Monday,47833,0.2
frame,lgw,Year 1, spring 15, Monday,47834,21.1
frame,lgw,Year 1, spring 15, Monday,47835,21.6
frame,lgw,Year 1, spring 15, Monday,47836,21.0
frame,lgw,Year 1, spring 15, Monday,47837,0.8
frame,lgw,Year 1, spring 15, Monday,47838,22.1
frame,lgw,Year 1, spring 15, Monday,47839,21.5
frame,lgw,Year 1, spring 15, Monday,47840,21.3
frame,lgw,Year 1, spring 15, Monday,47841,0.1
frame,lgw,Year 1, spring 15, Monday,47842,21.0
frame,lgw,Year 1, spring 15, Monday,47843,20.9
frame,lgw,Year 1, spring 15, Monday,47844,21.2
frame,lgw,Year 1, spring 15, Monday,47845,21.1
frame,lgw,Year 1, spring 15, Monday,47846,0.2
frame,lgw,Year 1, spring 15, Monday,47847,21.7
frame,lgw,Year 1, spring 15, Monday,47848,21.1
frame,lgw,Year 1, spring 15, Monday,47849,21.7
frame,lgw,Year 1, spring 15, Monday,47850,21.1
frame,lgw,Year 1, spring 15, Monday,47851,0.1
frame,lgw,Year 1, spring 15, Monday,47852,21.3
frame,lgw,Year 1, spring 15, Monday,47853,21.0
frame,lgw,Year 1, spring 15, Monday,47854,21.2
frame,lgw,Year 1, spring 15, Monday,47855,0.4
frame,lgw,Year 1, spring 15, Monday,47856,21.7
frame,lgw,Year 1, spring 15, Monday,47857,21.4
frame,lgw,Year 1, spring 15, Monday,47858,21.6
frame,lgw,Year 1, spring 15, Monday,47859,21.5
frame,lgw,Year 1, spring 15, Monday,47860,0.1
frame,lgw,Year 1, spring 15, Monday,47861,21.5
frame,lgw,Year 1, spring 15, Monday,47862,21.7
frame,lgw,Year 1, spring 15, Monday,47863,21.1
frame,lgw,Year 1, spring 15, Monday,47864,0.3
frame,lgw,Year 1, spring 15, Monday,47865,22.0
frame,lgw,Year 1, spring 15, Monday,47866,21.4
frame,lgw,Year 1, spring 15, Monday,47867,21.9
frame,lgw,Year 1, spring 15, Monday,47868,0.1
frame,lgw,Year 1, spring 15, Monday,47869,21.1
frame,lgw,Year 1, spring 15, Monday,47870,21.0
frame,lgw,Year 1, spring 15, Monday,47871,21.1
frame,lgw,Year 1, spring 15, Monday,47872,20.8
frame,lgw,Year 1, spring 15, Monday,47873,0.1
frame,lgw,Year 1, spring 15, Monday,47874,21.1
frame,lgw,Year 1, spring 15, Monday,47875,21.0
frame,lgw,Year 1, spring 15, Monday,47876,21.0
frame,lgw,Year 1, spring 15, Monday,47877,21.0
frame,lgw,Year 1, spring 15, Monday,47878,0.1
frame,lgw,Year 1, spring 15, Monday,47879,21.1
frame,lgw,Year 1, spring 15, Monday,47880,21.4
frame,lgw,Year 1, spring 15, Monday,47881,21.0
frame,lgw,Year 1, spring 15, Monday,47882,21.4
frame,lgw,Year 1, spring 15, Monday,47883,0.1
frame,lgw,Year 1, spring 15, Monday,47884,20.8
frame,lgw,Year 1, spring 15, Monday,47885,21.1
frame,lgw,Year 1, spring 15, Monday,47886,21.3
frame,lgw,Year 1, spring 15, Monday,47887,0.1
frame,lgw,Year 1, spring 15, Monday,47888,21.0
frame,lgw,Year 1, spring 15, Monday,47889,21.6
frame,lgw,Year 1, spring 15, Monday,47890,21.4
frame,lgw,Year 1, spring 15, Monday,47891,20.7
frame,lgw,Year 1, spring 15, Monday,47892,0.1
frame,lgw,Year 1, spring 15, Monday,47893,20.8
frame,lgw,Year 1, spring 15, Monday,47894,20.7
frame,lgw,Year 1, spring 15, Monday,47895,21.1
frame,lgw,Year 1, spring 15, Monday,47896,21.4
frame,lgw,Year 1, spring 15, Monday,47897,0.1
frame,lgw,Year 1, spring 15, Monday,47898,22.4
frame,lgw,Year 1, spring 15, Monday,47899,21.7
frame,lgw,Year 1, spring 15, Monday,47900,21.2
frame,lgw,Year 1, spring 15, Monday,47901,0.1
frame,lgw,Year 1, spring 15, Monday,47902,21.3
frame,lgw,Year 1, spring 15, Monday,47903,22.1
frame,lgw,Year 1, spring 15, Monday,47904,21.7
frame,lgw,Year 1, spring 15, Monday,47905,0.1
frame,lgw,Year 1, spring 15, Monday,47906,21.2
frame,lgw,Year 1, spring 15, Monday,47907,22.1
frame,lgw,Year 1, spring 15, Monday,47908,20.9
frame,lgw,Year 1, spring 15, Monday,47909,21.1
frame,lgw,Year 1, spring 15, Monday,47910,0.1
frame,lgw,Year 1, spring 15, Monday,47911,22.7
frame,lgw,Year 1, spring 15, Monday,47912,21.3
frame,lgw,Year 1, spring 15, Monday,47913,21.6
frame,lgw,Year 1, spring 15, Monday,47914,0.2
frame,lgw,Year 1, spring 15, Monday,47915,21.6
frame,lgw,Year 1, spring 15, Monday,47916,21.2
frame,lgw,Year 1, spring 15, Monday,47917,20.9
frame,lgw,Year 1, spring 15, Monday,47918,21.6
frame,lgw,Year 1, spring 15, Monday,47919,0.1
frame,lgw,Year 1, spring 15, Monday,47920,21.1
frame,lgw,Year 1, spring 15, Monday,47921,21.7
frame,lgw,Year 1, spring 15, Monday,47922,21.2
frame,lgw,Year 1, spring 15, Monday,47923,0.1
frame,lgw,Year 1, spring 15, Monday,47924,21.7
frame,lgw,Year 1, spring 15, Monday,47925,21.1
frame,lgw,Year 1, spring 15, Monday,47926,20.9
frame,lgw,Year 1, spring 15, Monday,47927,21.2
frame,lgw,Year 1, spring 15, Monday,47928,0.1
frame,lgw,Year 1, spring 15, Monday,47929,21.0
frame,lgw,Year 1, spring 15, Monday,47930,20.9
frame,lgw,Year 1, spring 15, Monday,47931,21.2
frame,lgw,Year 1, spring 15, Monday,47932,21.5
frame,lgw,Year 1, spring 15, Monday,47933,0.1
frame,lgw,Year 1, spring 15, Monday,47934,21.1
frame,lgw,Year 1, spring 15, Monday,47935,21.1
frame,lgw,Year 1, spring 15, Monday,47936,21.1
frame,lgw,Year 1, spring 15, Monday,47937,0.1
frame,lgw,Year 1, spring 15, Monday,47938,20.9
frame,lgw,Year 1, spring 15, Monday,47939,21.2
frame,lgw,Year 1, spring 15, Monday,47940,20.9
frame,lgw,Year 1, spring 15, Monday,47941,20.8
frame,lgw,Year 1, spring 15, Monday,47942,0.1
frame,lgw,Year 1, spring 15, Monday,47943,20.8
frame,lgw,Year 1, spring 15, Monday,47944,20.8
frame,lgw,Year 1, spring 15, Monday,47945,21.5
frame,lgw,Year 1, spring 15, Monday,47946,21.7
frame,lgw,Year 1, spring 15, Monday,47947,0.2
frame,lgw,Year 1, spring 15, Monday,47948,21.1
frame,lgw,Year 1, spring 15, Monday,47949,20.8
frame,lgw,Year 1, spring 15, Monday,47950,21.0
frame,lgw,Year 1, spring 15, Monday,47951,21.1
frame,lgw,Year 1, spring 15, Monday,47952,0.1
frame,lgw,Year 1, spring 15, Monday,47953,20.9
frame,lgw,Year 1, spring 15, Monday,47954,21.7
frame,lgw,Year 1, spring 15, Monday,47955,21.1
frame,lgw,Year 1, spring 15, Monday,47956,0.2
frame,lgw,Year 1, spring 15, Monday,47957,21.4
frame,lgw,Year 1, spring 15, Monday,47958,21.8
frame,lgw,Year 1, spring 15, Monday,47959,20.9
frame,lgw,Year 1, spring 15, Monday,47960,21.1
frame,lgw,Year 1, spring 15, Monday,47961,0.1
frame,lgw,Year 1, spring 15, Monday,47962,20.9
frame,lgw,Year 1, spring 15, Monday,47963,20.9
frame,lgw,Year 1, spring 15, Monday,47964,20.9
frame,lgw,Year 1, spring 15, Monday,47965,22.0
frame,lgw,Year 1, spring 15, Monday,47966,0.3
frame,lgw,Year 1, spring 15, Monday,47967,21.7
frame,lgw,Year 1, spring 15, Monday,47968,21.3
frame,lgw,Year 1, spring 15, Monday,47969,21.0
frame,lgw,Year 1, spring 15, Monday,47970,0.1
frame,lgw,Year 1, spring 15, Monday,47971,20.8
frame,lgw,Year 1, spring 15, Monday,47972,20.9
frame,lgw,Year 1, spring 15, Monday,47973,21.3
frame,lgw,Year 1, spring 15, Monday,47974,21.5
frame,lgw,Year 1, spring 15, Monday,47975,0.1
frame,lgw,Year 1, spring 15, Monday,47976,21.5
frame,lgw,Year 1, spring 15, Monday,47977,21.6
frame,lgw,Year 1, spring 15, Monday,47978,22.0
frame,lgw,Year 1, spring 15, Monday,47979,0.2
frame,lgw,Year 1, spring 15, Monday,47980,21.4
frame,lgw,Year 1, spring 15, Monday,47981,21.4
frame,lgw,Year 1, spring 15, Monday,47982,22.2
frame,lgw,Year 1, spring 15, Monday,47983,0.3
frame,lgw,Year 1, spring 15, Monday,47984,22.0
frame,lgw,Year 1, spring 15, Monday,47985,21.2
frame,lgw,Year 1, spring 15, Monday,47986,21.4
frame,lgw,Year 1, spring 15, Monday,47987,21.4
frame,lgw,Year 1, spring 15, Monday,47988,0.1
frame,lgw,Year 1, spring 15, Monday,47989,20.8
frame,lgw,Year 1, spring 15, Monday,47990,21.1
frame,lgw,Year 1, spring 15, Monday,47991,21.4
frame,lgw,Year 1, spring 15, Monday,47992,21.7
frame,lgw,Year 1, spring 15, Monday,47993,0.2
frame,lgw,Year 1, spring 15, Monday,47994,21.3
frame,lgw,Year 1, spring 15, Monday,47995,21.9
frame,lgw,Year 1, spring 15, Monday,47996,21.0
frame,lgw,Year 1, spring 15, Monday,47997,0.2
frame,lgw,Year 1, spring 15, Monday,47998,21.0
frame,lgw,Year 1, spring 15, Monday,47999,20.9
switch,lgw,Year 1, spring 15, Monday,710,17.4
switch,lgw,Year 1, spring 15, Monday,720,17.3
switch,lgw,Year 1, spring 15, Monday,730,17.4
switch,lgw,Year 1, spring 15, Monday,740,17.6
switch,lgw,Year 1, spring 15, Monday,750,17.5
switch,lgw,Year 1, spring 15, Monday,800,17.5
switch,lgw,Year 1, spring 15, Monday,810,17.2
switchdetail,lgw,Year 1, spring 15, Monday,700,0,0.0
switchdetail,lgw,Year 1, spring 15, Monday,710,0,0.0
switchdetail,lgw,Year 1, spring 15, Monday,720,0,0.0
switchdetail,lgw,Year 1, spring 15, Monday,730,0,0.0
switchdetail,lgw,Year 1, spring 15, Monday,740,0,0.0
switchdetail,lgw,Year 1, spring 15, Monday,750,0,0.0
switchdetail,lgw,Year 1, spring 15, Monday,800,0,0.0
lag,lgw,Year 1, spring 15, Monday,50087,184.8
frame,lgw,Year 1, spring 15, Monday,51072,17.1
frame,lgw,Year 1, spring 15, Monday,51073,16.6
frame,lgw,Year 1, spring 15, Monday,51074,16.3
frame,lgw,Year 1, spring 15, Monday,51075,16.6
frame,lgw,Year 1, spring 15, Monday,51076,16.8
frame,lgw,Year 1, spring 15, Monday,51077,17.0
frame,lgw,Year 1, spring 15, Monday,51078,16.4
frame,lgw,Year 1, spring 15, Monday,51079,16.5
frame,lgw,Year 1, spring 15, Monday,51080,19.8
frame,lgw,Year 1, spring 15, Monday,51081,13.2
frame,lgw,Year 1, spring 15, Monday,51082,16.7
frame,lgw,Year 1, spring 15, Monday,51083,16.5
frame,lgw,Year 1, spring 15, Monday,51084,16.9
frame,lgw,Year 1, spring 15, Monday,51085,16.9
frame,lgw,Year 1, spring 15, Monday,51086,16.6
frame,lgw,Year 1, spring 15, Monday,51087,16.7
frame,lgw,Year 1, spring 15, Monday,51088,17.7
frame,lgw,Year 1, spring 15, Monday,51089,15.6
frame,lgw,Year 1, spring 15, Monday,51090,17.4
frame,lgw,Year 1, spring 15, Monday,51091,16.3
frame,lgw,Year 1, spring 15, Monday,51092,16.7
frame,lgw,Year 1, spring 15, Monday,51093,15.8
frame,lgw,Year 1, spring 15, Monday,51094,16.8
frame,lgw,Year 1, spring 15, Monday,51095,16.5
frame,lgw,Year 1, spring 15, Monday,51096,17.0
frame,lgw,Year 1, spring 15, Monday,51097,17.1
frame,lgw,Year 1, spring 15, Monday,51098,16.6
frame,lgw,Year 1, spring 15, Monday,51099,16.0
frame,lgw,Year 1, spring 15, Monday,51100,16.7
frame,lgw,Year 1, spring 15, Monday,51101,16.9
frame,lgw,Year 1, spring 15, Monday,51102,17.2
frame,lgw,Year 1, spring 15, Monday,51103,16.7
frame,lgw,Year 1, spring 15, Monday,51104,17.2
frame,lgw,Year 1, spring 15, Monday,51105,16.4
frame,lgw,Year 1, spring 15, Monday,51106,18.0
frame,lgw,Year 1, spring 15, Monday,51107,14.9
frame,lgw,Year 1, spring 15, Monday,51108,16.9
frame,lgw,Year 1, spring 15, Monday,51109,16.5
frame,lgw,Year 1, spring 15, Monday,51110,16.3
frame,lgw,Year 1, spring 15, Monday,51111,16.7
frame,lgw,Year 1, spring 15, Monday,51112,16.5
frame,lgw,Year 1, spring 15, Monday,51113,16.8
frame,lgw,Year 1, spring 15, Monday,51114,16.7
frame,lgw,Year 1, spring 15, Monday,51115,16.7
frame,lgw,Year 1, spring 15, Monday,51116,16.6
frame,lgw,Year 1, spring 15, Monday,51117,17.4
frame,lgw,Year 1, spring 15, Monday,51118,15.9
frame,lgw,Year 1, spring 15, Monday,51119,16.7
frame,lgw,Year 1, spring 15, Monday,51120,16.8
frame,lgw,Year 1, spring 15, Monday,51121,19.6
frame,lgw,Year 1, spring 15, Monday,51122,15.0
frame,lgw,Year 1, spring 15, Monday,51123,18.0
frame,lgw,Year 1, spring 15, Monday,51124,14.2
frame,lgw,Year 1, spring 15, Monday,51125,17.1
frame,lgw,Year 1, spring 15, Monday,51126,17.0
frame,lgw,Year 1, spring 15, Monday,51127,16.6
frame,lgw,Year 1, spring 15, Monday,51128,16.6
frame,lgw,Year 1, spring 15, Monday,51129,16.4
frame,lgw,Year 1, spring 15, Monday,51130,16.2
frame,lgw,Year 1, spring 15, Monday,51131,17.0
frame,lgw,Year 1, spring 15, Monday,51132,16.7
frame,lgw,Year 1, spring 15, Monday,51133,16.1
frame,lgw,Year 1, spring 15, Monday,51134,17.0
frame,lgw,Year 1, spring 15, Monday,51135,18.4
frame,lgw,Year 1, spring 15, Monday,51136,15.1
frame,lgw,Year 1, spring 15, Monday,51137,17.1
frame,lgw,Year 1, spring 15, Monday,51138,16.3
frame,lgw,Year 1, spring 15, Monday,51139,16.4
frame,lgw,Year 1, spring 15, Monday,51140,16.7
frame,lgw,Year 1, spring 15, Monday,51141,17.4
frame,lgw,Year 1, spring 15, Monday,51142,17.1
frame,lgw,Year 1, spring 15, Monday,51143,16.0
frame,lgw,Year 1, spring 15, Monday,51144,17.4
frame,lgw,Year 1, spring 15, Monday,51145,16.1
frame,lgw,Year 1, spring 15, Monday,51146,16.2
frame,lgw,Year 1, spring 15, Monday,51147,16.8
frame,lgw,Year 1, spring 15, Monday,51148,18.7
frame,lgw,Year 1, spring 15, Monday,51149,17.3
frame,lgw,Year 1, spring 15, Monday,51150,14.4
frame,lgw,Year 1, spring 15, Monday,51151,16.1
frame,lgw,Year 1, spring 15, Monday,51152,16.2
frame,lgw,Year 1, spring 15, Monday,51153,16.9
frame,lgw,Year 1, spring 15, Monday,51154,16.8
frame,lgw,Year 1, spring 15, Monday,51155,17.0
frame,lgw,Year 1, spring 15, Monday,51156,16.3
frame,lgw,Year 1, spring 15, Monday,51157,16.5
frame,lgw,Year 1, spring 15, Monday,51158,16.7
frame,lgw,Year 1, spring 15, Monday,51159,16.9
frame,lgw,Year 1, spring 15, Monday,51160,16.6
frame,lgw,Year 1, spring 15, Monday,51161,16.7
frame,lgw,Year 1, spring 15, Monday,51162,18.7
frame,lgw,Year 1, spring 15, Monday,51163,14.6
frame,lgw,Year 1, spring 15, Monday,51164,16.8
frame,lgw,Year 1, spring 15, Monday,51165,16.7
frame,lgw,Year 1, spring 15, Monday,51166,16.6
frame,lgw,Year 1, spring 15, Monday,51167,16.5
frame,lgw,Year 1, spring 15, Monday,51168,16.7
frame,lgw,Year 1, spring 15, Monday,51169,16.6
frame,lgw,Year 1, spring 15, Monday,51170,16.6
frame,lgw,Year 1, spring 15, Monday,51171,16.8
frame,lgw,Year 1, spring 15, Monday,51172,16.9
frame,lgw,Year 1, spring 15, Monday,51173,17.1
frame,lgw,Year 1, spring 15, Monday,51174,16.3
frame,lgw,Year 1, spring 15, Monday,51175,16.5
frame,lgw,Year 1, spring 15, Monday,51176,19.4
frame,lgw,Year 1, spring 15, Monday,51177,14.6
frame,lgw,Year 1, spring 15, Monday,51178,18.1
frame,lgw,Year 1, spring 15, Monday,51179,14.8
frame,lgw,Year 1, spring 15, Monday,51180,16.4
frame,lgw,Year 1, spring 15, Monday,51181,16.9
frame,lgw,Year 1, spring 15, Monday,51182,16.1
frame,lgw,Year 1, spring 15, Monday,51183,16.8
frame,lgw,Year 1, spring 15, Monday,51184,16.5
frame,lgw,Year 1, spring 15, Monday,51185,16.9
frame,lgw,Year 1, spring 15, Monday,51186,16.6
frame,lgw,Year 1, spring 15, Monday,51187,16.6
frame,lgw,Year 1, spring 15, Monday,51188,16.7
frame,lgw,Year 1, spring 15, Monday,51189,18.6
frame,lgw,Year 1, spring 15, Monday,51190,14.9
frame,lgw,Year 1, spring 15, Monday,51191,16.4
frame,lgw,Year 1, spring 15, Monday,51192,16.8
frame,lgw,Year 1, spring 15, Monday,51193,16.4
frame,lgw,Year 1, spring 15, Monday,51194,16.6
frame,lgw,Year 1, spring 15, Monday,51195,16.8
frame,lgw,Year 1, spring 15, Monday,51196,16.9
frame,lgw,Year 1, spring 15, Monday,51197,16.8
frame,lgw,Year 1, spring 15, Monday,51198,16.5
frame,lgw,Year 1, spring 15, Monday,51199,17.2
frame,lgw,Year 1, spring 15, Monday,51200,16.4
frame,lgw,Year 1, spring 15, Monday,51201,16.7
frame,lgw,Year 1, spring 15, Monday,51202,19.2
frame,lgw,Year 1, spring 15, Monday,51203,14.7
frame,lgw,Year 1, spring 15, Monday,51204,15.9
frame,lgw,Year 1, spring 15, Monday,51205,16.1
frame,lgw,Year 1, spring 15, Monday,51206,17.5
frame,lgw,Year 1, spring 15, Monday,51207,16.2
frame,lgw,Year 1, spring 15, Monday,51208,16.4
frame,lgw,Year 1, spring 15, Monday,51209,16.8
frame,lgw,Year 1, spring 15, Monday,51210,16.8
frame,lgw,Year 1, spring 15, Monday,51211,16.8
frame,lgw,Year 1, spring 15, Monday,51212,16.3
frame,lgw,Year 1, spring 15, Monday,51213,16.9
frame,lgw,Year 1, spring 15, Monday,51214,16.6
frame,lgw,Year 1, spring 15, Monday,51215,17.4
frame,lgw,Year 1, spring 15, Monday,51216,15.8
frame,lgw,Year 1, spring 15, Monday,51217,18.5
frame,lgw,Year 1, spring 15, Monday,51218,15.9
frame,lgw,Year 1, spring 15, Monday,51219,16.4
frame,lgw,Year 1, spring 15, Monday,51220,16.3
frame,lgw,Year 1, spring 15, Monday,51221,16.4
frame,lgw,Year 1, spring 15, Monday,51222,17.4
frame,lgw,Year 1, spring 15, Monday,51223,16.8
frame,lgw,Year 1, spring 15, Monday,51224,16.7
frame,lgw,Year 1, spring 15, Monday,51225,16.5
frame,lgw,Year 1, spring 15, Monday,51226,16.9
frame,lgw,Year 1, spring 15, Monday,51227,16.4
frame,lgw,Year 1, spring 15, Monday,51228,16.3
frame,lgw,Year 1, spring 15, Monday,51229,16.2
frame,lgw,Year 1, spring 15, Monday,51230,16.6
frame,lgw,Year 1, spring 15, Monday,51231,16.4
frame,lgw,Year 1, spring 15, Monday,51232,16.6
frame,lgw,Year 1, spring 15, Monday,51233,16.7
frame,lgw,Year 1, spring 15, Monday,51234,16.6
frame,lgw,Year 1, spring 15, Monday,51235,16.6
frame,lgw,Year 1, spring 15, Monday,51236,16.7
frame,lgw,Year 1, spring 15, Monday,51237,16.9
frame,lgw,Year 1, spring 15, Monday,51238,16.6
frame,lgw,Year 1, spring 15, Monday,51239,16.6
frame,lgw,Year 1, spring 15, Monday,51240,16.7
frame,lgw,Year 1, spring 15, Monday,51241,16.6
frame,lgw,Year 1, spring 15, Monday,51242,16.7
frame,lgw,Year 1, spring 15, Monday,51243,16.8
frame,lgw,Year 1, spring 15, Monday,51244,16.7
frame,lgw,Year 1, spring 15, Monday,51245,16.5
frame,lgw,Year 1, spring 15, Monday,51246,16.6
frame,lgw,Year 1, spring 15, Monday,51247,16.6
frame,lgw,Year 1, spring 15, Monday,51248,16.8
frame,lgw,Year 1, spring 15, Monday,51249,16.7
frame,lgw,Year 1, spring 15, Monday,51250,16.6
frame,lgw,Year 1, spring 15, Monday,51251,16.6
frame,lgw,Year 1, spring 15, Monday,51252,16.6
frame,lgw,Year 1, spring 15, Monday,51253,16.8
frame,lgw,Year 1, spring 15, Monday,51254,16.9
frame,lgw,Year 1, spring 15, Monday,51255,16.6
frame,lgw,Year 1, spring 15, Monday,51256,16.7
frame,lgw,Year 1, spring 15, Monday,51257,16.6
frame,lgw,Year 1, spring 15, Monday,51258,16.6
frame,lgw,Year 1, spring 15, Monday,51259,16.8
frame,lgw,Year 1, spring 15, Monday,51260,16.6
frame,lgw,Year 1, spring 15, Monday,51261,16.7
frame,lgw,Year 1, spring 15, Monday,51262,16.8
frame,lgw,Year 1, spring 15, Monday,51263,16.6
frame,lgw,Year 1, spring 15, Monday,51264,16.6
frame,lgw,Year 1, spring 15, Monday,51265,16.6
frame,lgw,Year 1, spring 15, Monday,51266,16.7
frame,lgw,Year 1, spring 15, Monday,51267,16.7
frame,lgw,Year 1, spring 15, Monday,51268,16.6
frame,lgw,Year 1, spring 15, Monday,51269,16.7
frame,lgw,Year 1, spring 15, Monday,51270,16.7
frame,lgw,Year 1, spring 15, Monday,51271,16.9
frame,lgw,Year 1, spring 15, Monday,51272,16.6
frame,lgw,Year 1, spring 15, Monday,51273,16.6
frame,lgw,Year 1, spring 15, Monday,51274,16.7
frame,lgw,Year 1, spring 15, Monday,51275,16.7
frame,lgw,Year 1, spring 15, Monday,51276,16.6
frame,lgw,Year 1, spring 15, Monday,51277,16.6
frame,lgw,Year 1, spring 15, Monday,51278,16.7
frame,lgw,Year 1, spring 15, Monday,51279,16.7
frame,lgw,Year 1, spring 15, Monday,51280,16.7
frame,lgw,Year 1, spring 15, Monday,51281,16.6
frame,lgw,Year 1, spring 15, Monday,51282,17.0
frame,lgw,Year 1, spring 15, Monday,51283,16.4
frame,lgw,Year 1, spring 15, Monday,51284,16.8
frame,lgw,Year 1, spring 15, Monday,51285,16.8
frame,lgw,Year 1, spring 15, Monday,51286,16.5
frame,lgw,Year 1, spring 15, Monday,51287,16.6
frame,lgw,Year 1, spring 15, Monday,51288,16.7
frame,lgw,Year 1, spring 15, Monday,51289,16.6
frame,lgw,Year 1, spring 15, Monday,51290,16.9
frame,lgw,Year 1, spring 15, Monday,51291,16.5
frame,lgw,Year 1, spring 15, Monday,51292,16.6
frame,lgw,Year 1, spring 15, Monday,51293,16.7
frame,lgw,Year 1, spring 15, Monday,51294,16.7
frame,lgw,Year 1, spring 15, Monday,51295,16.6
frame,lgw,Year 1, spring 15, Monday,51296,16.8
frame,lgw,Year 1, spring 15, Monday,51297,16.6
frame,lgw,Year 1, spring 15, Monday,51298,16.7
frame,lgw,Year 1, spring 15, Monday,51299,16.8
frame,lgw,Year 1, spring 15, Monday,51300,16.8
frame,lgw,Year 1, spring 15, Monday,51301,16.5
frame,lgw,Year 1, spring 15, Monday,51302,17.5
frame,lgw,Year 1, spring 15, Monday,51303,15.9
frame,lgw,Year 1, spring 15, Monday,51304,16.5
frame,lgw,Year 1, spring 15, Monday,51305,16.6
frame,lgw,Year 1, spring 15, Monday,51306,16.6
frame,lgw,Year 1, spring 15, Monday,51307,16.6
frame,lgw,Year 1, spring 15, Monday,51308,16.7
frame,lgw,Year 1, spring 15, Monday,51309,17.1
frame,lgw,Year 1, spring 15, Monday,51310,16.3
frame,lgw,Year 1, spring 15, Monday,51311,16.5
frame,lgw,Year 1, spring 15, Monday,51312,16.7
frame,lgw,Year 1, spring 15, Monday,51313,16.6
frame,lgw,Year 1, spring 15, Monday,51314,16.8
frame,lgw,Year 1, spring 15, Monday,51315,16.7
frame,lgw,Year 1, spring 15, Monday,51316,16.6
frame,lgw,Year 1, spring 15, Monday,51317,16.7
frame,lgw,Year 1, spring 15, Monday,51318,16.6
frame,lgw,Year 1, spring 15, Monday,51319,16.8
frame,lgw,Year 1, spring 15, Monday,51320,16.6
frame,lgw,Year 1, spring 15, Monday,51321,16.5
frame,lgw,Year 1, spring 15, Monday,51322,16.8
frame,lgw,Year 1, spring 15, Monday,51323,16.5
frame,lgw,Year 1, spring 15, Monday,51324,16.9
frame,lgw,Year 1, spring 15, Monday,51325,16.5
frame,lgw,Year 1, spring 15, Monday,51326,16.7
frame,lgw,Year 1, spring 15, Monday,51327,16.5
frame,lgw,Year 1, spring 15, Monday,51328,16.8
frame,lgw,Year 1, spring 15, Monday,51329,16.8
frame,lgw,Year 1, spring 15, Monday,51330,16.5
frame,lgw,Year 1, spring 15, Monday,51331,16.7
frame,lgw,Year 1, spring 15, Monday,51332,16.6
frame,lgw,Year 1, spring 15, Monday,51333,16.8
frame,lgw,Year 1, spring 15, Monday,51334,16.7
frame,lgw,Year 1, spring 15, Monday,51335,16.6
frame,lgw,Year 1, spring 15, Monday,51336,17.0
frame,lgw,Year 1, spring 15, Monday,51337,16.7
frame,lgw,Year 1, spring 15, Monday,51338,16.3
frame,lgw,Year 1, spring 15, Monday,51339,16.7
frame,lgw,Year 1, spring 15, Monday,51340,16.7
frame,lgw,Year 1, spring 15, Monday,51341,16.7
frame,lgw,Year 1, spring 15, Monday,51342,16.7
frame,lgw,Year 1, spring 15, Monday,51343,16.6
frame,lgw,Year 1, spring 15, Monday,51344,16.7
frame,lgw,Year 1, spring 15, Monday,51345,16.7
frame,lgw,Year 1, spring 15, Monday,51346,16.6
frame,lgw,Year 1, spring 15, Monday,51347,16.7
frame,lgw,Year 1, spring 15, Monday,51348,16.7
frame,lgw,Year 1, spring 15, Monday,51349,16.9
frame,lgw,Year 1, spring 15, Monday,51350,16.5
frame,lgw,Year 1, spring 15, Monday,51351,16.6
frame,lgw,Year 1, spring 15, Monday,51352,16.7
frame,lgw,Year 1, spring 15, Monday,51353,16.6
frame,lgw,Year 1, spring 15, Monday,51354,16.7
frame,lgw,Year 1, spring 15, Monday,51355,16.6
frame,lgw,Year 1, spring 15, Monday,51356,16.7
frame,lgw,Year 1, spring 15, Monday,51357,16.7
frame,lgw,Year 1, spring 15, Monday,51358,16.8
frame,lgw,Year 1, spring 15, Monday,51359,16.7
frame,lgw,Year 1, spring 15, Monday,51360,16.6
frame,lgw,Year 1, spring 15, Monday,51361,16.8
frame,lgw,Year 1, spring 15, Monday,51362,16.6
frame,lgw,Year 1, spring 15, Monday,51363,16.6
frame,lgw,Year 1, spring 15, Monday,51364,16.7
frame,lgw,Year 1, spring 15, Monday,51365,16.6
frame,lgw,Year 1, spring 15, Monday,51366,17.5
frame,lgw,Year 1, spring 15, Monday,51367,16.0
frame,lgw,Year 1, spring 15, Monday,51368,16.5
frame,lgw,Year 1, spring 15, Monday,51369,16.8
frame,lgw,Year 1, spring 15, Monday,51370,16.6
frame,lgw,Year 1, spring 15, Monday,51371,16.6
frame,lgw,Year 1, spring 15, Monday,51372,16.6
frame,lgw,Year 1, spring 15, Monday,51373,16.7
frame,lgw,Year 1, spring 15, Monday,51374,16.6
frame,lgw,Year 1, spring 15, Monday,51375,16.9
frame,lgw,Year 1, spring 15, Monday,51376,16.7
frame,lgw,Year 1, spring 15, Monday,51377,16.6
frame,lgw,Year 1, spring 15, Monday,51378,16.6
frame,lgw,Year 1, spring 15, Monday,51379,16.6
frame,lgw,Year 1, spring 15, Monday,51380,16.7
frame,lgw,Year 1, spring 15, Monday,51381,16.7
frame,lgw,Year 1, spring 15, Monday,51382,16.6
frame,lgw,Year 1, spring 15, Monday,51383,16.6
frame,lgw,Year 1, spring 15, Monday,51384,16.8
frame,lgw,Year 1, spring 15, Monday,51385,16.6
frame,lgw,Year 1, spring 15, Monday,51386,16.6
frame,lgw,Year 1, spring 15, Monday,51387,17.0
frame,lgw,Year 1, spring 15, Monday,51388,16.8
frame,lgw,Year 1, spring 15, Monday,51389,16.7
frame,lgw,Year 1, spring 15, Monday,51390,16.4
frame,lgw,Year 1, spring 15, Monday,51391,16.6
frame,lgw,Year 1, spring 15, Monday,51392,16.6
frame,lgw,Year 1, spring 15, Monday,51393,16.7
frame,lgw,Year 1, spring 15, Monday,51394,16.6
frame,lgw,Year 1, spring 15, Monday,51395,16.7
frame,lgw,Year 1, spring 15, Monday,51396,16.7
frame,lgw,Year 1, spring 15, Monday,51397,16.6
frame,lgw,Year 1, spring 15, Monday,51398,16.7
frame,lgw,Year 1, spring 15, Monday,51399,16.7
frame,lgw,Year 1, spring 15, Monday,51400,16.8
frame,lgw,Year 1, spring 15, Monday,51401,16.6
frame,lgw,Year 1, spring 15, Monday,51402,16.6
frame,lgw,Year 1, spring 15, Monday,51403,16.6
frame,lgw,Year 1, spring 15, Monday,51404,16.7
frame,lgw,Year 1, spring 15, Monday,51405,16.7
frame,lgw,Year 1, spring 15, Monday,51406,16.7
frame,lgw,Year 1, spring 15, Monday,51407,16.6
frame,lgw,Year 1, spring 15, Monday,51408,16.5
frame,lgw,Year 1, spring 15, Monday,51409,17.0
frame,lgw,Year 1, spring 15, Monday,51410,16.4
frame,lgw,Year 1, spring 15, Monday,51411,16.7
frame,lgw,Year 1, spring 15, Monday,51412,16.8
frame,lgw,Year 1, spring 15, Monday,51413,16.7
frame,lgw,Year 1, spring 15, Monday,51414,17.0
frame,lgw,Year 1, spring 15, Monday,51415,16.2
frame,lgw,Year 1, spring 15, Monday,51416,16.8
frame,lgw,Year 1, spring 15, Monday,51417,16.6
frame,lgw,Year 1, spring 15, Monday,51418,16.8
frame,lgw,Year 1, spring 15, Monday,51419,16.6
frame,lgw,Year 1, spring 15, Monday,51420,16.6
frame,lgw,Year 1, spring 15, Monday,51421,16.6
frame,lgw,Year 1, spring 15, Monday,51422,16.6
frame,lgw,Year 1, spring 15, Monday,51423,16.8
frame,lgw,Year 1, spring 15, Monday,51424,16.7
frame,lgw,Year 1, spring 15, Monday,51425,16.7
frame,lgw,Year 1, spring 15, Monday,51426,16.8
frame,lgw,Year 1, spring 15, Monday,51427,16.5
frame,lgw,Year 1, spring 15, Monday,51428,16.8
frame,lgw,Year 1, spring 15, Monday,51429,16.8
frame,lgw,Year 1, spring 15, Monday,51430,17.2
frame,lgw,Year 1, spring 15, Monday,51431,16.5
frame,lgw,Year 1, spring 15, Monday,51432,16.1
frame,lgw,Year 1, spring 15, Monday,51433,16.8
frame,lgw,Year 1, spring 15, Monday,51434,16.7
frame,lgw,Year 1, spring 15, Monday,51435,16.7
frame,lgw,Year 1, spring 15, Monday,51436,16.6
frame,lgw,Year 1, spring 15, Monday,51437,16.6
frame,lgw,Year 1, spring 15, Monday,51438,16.5
frame,lgw,Year 1, spring 15, Monday,51439,16.9
frame,lgw,Year 1, spring 15, Monday,51440,16.6
frame,lgw,Year 1, spring 15, Monday,51441,16.4
frame,lgw,Year 1, spring 15, Monday,51442,16.7
frame,lgw,Year 1, spring 15, Monday,51443,16.8
frame,lgw,Year 1, spring 15, Monday,51444,16.7
frame,lgw,Year 1, spring 15, Monday,51445,16.4
frame,lgw,Year 1, spring 15, Monday,51446,16.7
frame,lgw,Year 1, spring 15, Monday,51447,16.6
frame,lgw,Year 1, spring 15, Monday,51448,16.8
frame,lgw,Year 1, spring 15, Monday,51449,16.6
frame,lgw,Year 1, spring 15, Monday,51450,16.7
frame,lgw,Year 1, spring 15, Monday,51451,16.8
frame,lgw,Year 1, spring 15, Monday,51452,16.6
frame,lgw,Year 1, spring 15, Monday,51453,16.9
frame,lgw,Year 1, spring 15, Monday,51454,16.5
frame,lgw,Year 1, spring 15, Monday,51455,16.7
frame,lgw,Year 1, spring 15, Monday,51456,16.7
frame,lgw,Year 1, spring 15, Monday,51457,16.7
frame,lgw,Year 1, spring 15, Monday,51458,16.6
frame,lgw,Year 1, spring 15, Monday,51459,16.8
frame,lgw,Year 1, spring 15, Monday,51460,17.0
frame,lgw,Year 1, spring 15, Monday,51461,16.3
frame,lgw,Year 1, spring 15, Monday,51462,16.8
frame,lgw,Year 1, spring 15, Monday,51463,16.7
frame,lgw,Year 1, spring 15, Monday,51464,16.6
frame,lgw,Year 1, spring 15, Monday,51465,16.8
frame,lgw,Year 1, spring 15, Monday,51466,16.6
frame,lgw,Year 1, spring 15, Monday,51467,16.7
frame,lgw,Year 1, spring 15, Monday,51468,16.7
frame,lgw,Year 1, spring 15, Monday,51469,16.8
frame,lgw,Year 1, spring 15, Monday,51470,16.5
frame,lgw,Year 1, spring 15, Monday,51471,16.6
frame,lgw,Year 1, spring 15, Monday,51472,16.6
frame,lgw,Year 1, spring 15, Monday,51473,16.7
frame,lgw,Year 1, spring 15, Monday,51474,16.7
frame,lgw,Year 1, spring 15, Monday,51475,16.6
frame,lgw,Year 1, spring 15, Monday,51476,16.7
frame,lgw,Year 1, spring 15, Monday,51477,16.8
frame,lgw,Year 1, spring 15, Monday,51478,16.7
frame,lgw,Year 1, spring 15, Monday,51479,16.7
frame,lgw,Year 1, spring 15, Monday,51480,16.6
frame,lgw,Year 1, spring 15, Monday,51481,17.6
frame,lgw,Year 1, spring 15, Monday,51482,16.0
frame,lgw,Year 1, spring 15, Monday,51483,16.2
frame,lgw,Year 1, spring 15, Monday,51484,16.6
frame,lgw,Year 1, spring 15, Monday,51485,16.7
frame,lgw,Year 1, spring 15, Monday,51486,16.7
frame,lgw,Year 1, spring 15, Monday,51487,16.7
frame,lgw,Year 1, spring 15, Monday,51488,16.6
frame,lgw,Year 1, spring 15, Monday,51489,16.7
frame,lgw,Year 1, spring 15, Monday,51490,16.7
frame,lgw,Year 1, spring 15, Monday,51491,16.6
frame,lgw,Year 1, spring 15, Monday,51492,16.6
frame,lgw,Year 1, spring 15, Monday,51493,16.7
frame,lgw,Year 1, spring 15, Monday,51494,16.7
frame,lgw,Year 1, spring 15, Monday,51495,16.7
frame,lgw,Year 1, spring 15, Monday,51496,16.6
frame,lgw,Year 1, spring 15, Monday,51497,16.8
frame,lgw,Year 1, spring 15, Monday,51498,16.6
frame,lgw,Year 1, spring 15, Monday,51499,16.6
frame,lgw,Year 1, spring 15, Monday,51500,16.7
frame,lgw,Year 1, spring 15, Monday,51501,16.6
frame,lgw,Year 1, spring 15, Monday,51502,16.8
frame,lgw,Year 1, spring 15, Monday,51503,16.7
frame,lgw,Year 1, spring 15, Monday,51504,16.6
frame,lgw,Year 1, spring 15, Monday,51505,16.7
frame,lgw,Year 1, spring 15, Monday,51506,16.6
frame,lgw,Year 1, spring 15, Monday,51507,16.6
frame,lgw,Year 1, spring 15, Monday,51508,16.7
frame,lgw,Year 1, spring 15, Monday,51509,16.6
frame,lgw,Year 1, spring 15, Monday,51510,16.8
frame,lgw,Year 1, spring 15, Monday,51511,16.7
frame,lgw,Year 1, spring 15, Monday,51512,16.6
frame,lgw,Year 1, spring 15, Monday,51513,16.6
frame,lgw,Year 1, spring 15, Monday,51514,16.9
frame,lgw,Year 1, spring 15, Monday,51515,32.1
frame,lgw,Year 1, spring 15, Monday,51516,8.1
frame,lgw,Year 1, spring 15, Monday,51517,10.2
frame,lgw,Year 1, spring 15, Monday,51518,16.3
frame,lgw,Year 1, spring 15, Monday,51519,16.5
frame,lgw,Year 1, spring 15, Monday,51520,16.6
frame,lgw,Year 1, spring 15, Monday,51521,16.6
frame,lgw,Year 1, spring 15, Monday,51522,16.7
frame,lgw,Year 1, spring 15, Monday,51523,16.6
frame,lgw,Year 1, spring 15, Monday,51524,16.9
frame,lgw,Year 1, spring 15, Monday,51525,16.6
frame,lgw,Year 1, spring 15, Monday,51526,16.8
frame,lgw,Year 1, spring 15, Monday,51527,16.7
frame,lgw,Year 1, spring 15, Monday,51528,16.7
frame,lgw,Year 1, spring 15, Monday,51529,16.8
frame,lgw,Year 1, spring 15, Monday,51530,16.5
frame,lgw,Year 1, spring 15, Monday,51531,16.7
frame,lgw,Year 1, spring 15, Monday,51532,16.6
frame,lgw,Year 1, spring 15, Monday,51533,16.7
frame,lgw,Year 1, spring 15, Monday,51534,16.6
frame,lgw,Year 1, spring 15, Monday,51535,16.7
frame,lgw,Year 1, spring 15, Monday,51536,16.6
frame,lgw,Year 1, spring 15, Monday,51537,16.8
frame,lgw,Year 1, spring 15, Monday,51538,16.6
frame,lgw,Year 1, spring 15, Monday,51539,16.7
frame,lgw,Year 1, spring 15, Monday,51540,16.6
frame,lgw,Year 1, spring 15, Monday,51541,16.6
frame,lgw,Year 1, spring 15, Monday,51542,16.9
frame,lgw,Year 1, spring 15, Monday,51543,16.6
frame,lgw,Year 1, spring 15, Monday,51544,16.6
frame,lgw,Year 1, spring 15, Monday,51545,16.7
frame,lgw,Year 1, spring 15, Monday,51546,16.6
frame,lgw,Year 1, spring 15, Monday,51547,16.8
frame,lgw,Year 1, spring 15, Monday,51548,16.7
frame,lgw,Year 1, spring 15, Monday,51549,16.6
frame,lgw,Year 1, spring 15, Monday,51550,16.6
frame,lgw,Year 1, spring 15, Monday,51551,16.7
frame,lgw,Year 1, spring 15, Monday,51552,16.8
frame,lgw,Year 1, spring 15, Monday,51553,16.6
frame,lgw,Year 1, spring 15, Monday,51554,16.6
frame,lgw,Year 1, spring 15, Monday,51555,16.7
frame,lgw,Year 1, spring 15, Monday,51556,16.6
frame,lgw,Year 1, spring 15, Monday,51557,16.7
frame,lgw,Year 1, spring 15, Monday,51558,16.6
frame,lgw,Year 1, spring 15, Monday,51559,16.7
frame,lgw,Year 1, spring 15, Monday,51560,16.7
frame,lgw,Year 1, spring 15, Monday,51561,16.7
frame,lgw,Year 1, spring 15, Monday,51562,16.6
frame,lgw,Year 1, spring 15, Monday,51563,16.8
frame,lgw,Year 1, spring 15, Monday,51564,16.5
frame,lgw,Year 1, spring 15, Monday,51565,16.7
frame,lgw,Year 1, spring 15, Monday,51566,16.6
frame,lgw,Year 1, spring 15, Monday,51567,16.9
frame,lgw,Year 1, spring 15, Monday,51568,16.5
frame,lgw,Year 1, spring 15, Monday,51569,16.7
frame,lgw,Year 1, spring 15, Monday,51570,16.7
frame,lgw,Year 1, spring 15, Monday,51571,16.7
frame,lgw,Year 1, spring 15, Monday,51572,16.6
frame,lgw,Year 1, spring 15, Monday,51573,16.7
frame,lgw,Year 1, spring 15, Monday,51574,16.7
frame,lgw,Year 1, spring 15, Monday,51575,16.6
frame,lgw,Year 1, spring 15, Monday,51576,16.9
frame,lgw,Year 1, spring 15, Monday,51577,16.7
frame,lgw,Year 1, spring 15, Monday,51578,16.6
frame,lgw,Year 1, spring 15, Monday,51579,16.8
frame,lgw,Year 1, spring 15, Monday,51580,16.6
frame,lgw,Year 1, spring 15, Monday,51581,16.7
frame,lgw,Year 1, spring 15, Monday,51582,16.6
frame,lgw,Year 1, spring 15, Monday,51583,16.8
frame,lgw,Year 1, spring 15, Monday,51584,16.5
frame,lgw,Year 1, spring 15, Monday,51585,16.7
frame,lgw,Year 1, spring 15, Monday,51586,16.6
frame,lgw,Year 1, spring 15, Monday,51587,16.6
frame,lgw,Year 1, spring 15, Monday,51588,16.7
frame,lgw,Year 1, spring 15, Monday,51589,16.6
frame,lgw,Year 1, spring 15, Monday,51590,17.1
frame,lgw,Year 1, spring 15, Monday,51591,16.5
frame,lgw,Year 1, spring 15, Monday,51592,16.7
frame,lgw,Year 1, spring 15, Monday,51593,16.8
frame,lgw,Year 1, spring 15, Monday,51594,16.5
frame,lgw,Year 1, spring 15, Monday,51595,16.7
frame,lgw,Year 1, spring 15, Monday,51596,16.7
frame,lgw,Year 1, spring 15, Monday,51597,16.7
frame,lgw,Year 1, spring 15, Monday,51598,16.6
frame,lgw,Year 1, spring 15, Monday,51599,16.6
frame,lgw,Year 1, spring 15, Monday,51600,17.1
frame,lgw,Year 1, spring 15, Monday,51601,16.3
frame,lgw,Year 1, spring 15, Monday,51602,16.6
frame,lgw,Year 1, spring 15, Monday,51603,16.8
frame,lgw,Year 1, spring 15, Monday,51604,16.5
frame,lgw,Year 1, spring 15, Monday,51605,16.6
frame,lgw,Year 1, spring 15, Monday,51606,16.7
frame,lgw,Year 1, spring 15, Monday,51607,16.8
frame,lgw,Year 1, spring 15, Monday,51608,16.6
frame,lgw,Year 1, spring 15, Monday,51609,16.6
frame,lgw,Year 1, spring 15, Monday,51610,16.6
frame,lgw,Year 1, spring 15, Monday,51611,16.7
frame,lgw,Year 1, spring 15, Monday,51612,16.6
frame,lgw,Year 1, spring 15, Monday,51613,16.9
frame,lgw,Year 1, spring 15, Monday,51614,16.7
frame,lgw,Year 1, spring 15, Monday,51615,16.6
frame,lgw,Year 1, spring 15, Monday,51616,16.5
frame,lgw,Year 1, spring 15, Monday,51617,16.7
frame,lgw,Year 1, spring 15, Monday,51618,16.6
frame,lgw,Year 1, spring 15, Monday,51619,16.7
frame,lgw,Year 1, spring 15, Monday,51620,16.5
frame,lgw,Year 1, spring 15, Monday,51621,16.7
frame,lgw,Year 1, spring 15, Monday,51622,16.6
frame,lgw,Year 1, spring 15, Monday,51623,16.8
frame,lgw,Year 1, spring 15, Monday,51624,16.5
frame,lgw,Year 1, spring 15, Monday,51625,16.6
frame,lgw,Year 1, spring 15, Monday,51626,16.7
frame,lgw,Year 1, spring 15, Monday,51627,16.7
frame,lgw,Year 1, spring 15, Monday,51628,16.6
frame,lgw,Year 1, spring 15, Monday,51629,16.7
frame,lgw,Year 1, spring 15, Monday,51630,16.7
frame,lgw,Year 1, spring 15, Monday,51631,16.7
frame,lgw,Year 1, spring 15, Monday,51632,16.7
frame,lgw,Year 1, spring 15, Monday,51633,16.7
frame,lgw,Year 1, spring 15, Monday,51634,16.6
frame,lgw,Year 1, spring 15, Monday,51635,16.6
frame,lgw,Year 1, spring 15, Monday,51636,16.7
frame,lgw,Year 1, spring 15, Monday,51637,16.7
frame,lgw,Year 1, spring 15, Monday,51638,16.6
frame,lgw,Year 1, spring 15, Monday,51639,16.8
frame,lgw,Year 1, spring 15, Monday,51640,16.7
frame,lgw,Year 1, spring 15, Monday,51641,16.7
frame,lgw,Year 1, spring 15, Monday,51642,16.7
frame,lgw,Year 1, spring 15, Monday,51643,16.6
frame,lgw,Year 1, spring 15, Monday,51644,16.6
frame,lgw,Year 1, spring 15, Monday,51645,16.7
frame,lgw,Year 1, spring 15, Monday,51646,16.7
frame,lgw,Year 1, spring 15, Monday,51647,16.7
frame,lgw,Year 1, spring 15, Monday,51648,16.6
frame,lgw,Year 1, spring 15, Monday,51649,16.7
frame,lgw,Year 1, spring 15, Monday,51650,16.5
frame,lgw,Year 1, spring 15, Monday,51651,16.8
frame,lgw,Year 1, spring 15, Monday,51652,16.7
frame,lgw,Year 1, spring 15, Monday,51653,16.6
frame,lgw,Year 1, spring 15, Monday,51654,16.6
frame,lgw,Year 1, spring 15, Monday,51655,16.7
frame,lgw,Year 1, spring 15, Monday,51656,16.7
frame,lgw,Year 1, spring 15, Monday,51657,16.7
frame,lgw,Year 1, spring 15, Monday,51658,16.7
frame,lgw,Year 1, spring 15, Monday,51659,16.6
frame,lgw,Year 1, spring 15, Monday,51660,16.6
frame,lgw,Year 1, spring 15, Monday,51661,16.7
frame,lgw,Year 1, spring 15, Monday,51662,16.7
frame,lgw,Year 1, spring 15, Monday,51663,16.9
frame,lgw,Year 1, spring 15, Monday,51664,16.6
frame,lgw,Year 1, spring 15, Monday,51665,16.5
frame,lgw,Year 1, spring 15, Monday,51666,16.6
frame,lgw,Year 1, spring 15, Monday,51667,16.6
frame,lgw,Year 1, spring 15, Monday,51668,16.7
frame,lgw,Year 1, spring 15, Monday,51669,16.7
frame,lgw,Year 1, spring 15, Monday,51670,16.7
frame,lgw,Year 1, spring 15, Monday,51671,19.0
frame,lgw,Year 1, spring 15, Monday,51672,14.4
frame,lgw,Year 1, spring 15, Monday,51673,16.7
frame,lgw,Year 1, spring 15, Monday,51674,16.6
frame,lgw,Year 1, spring 15, Monday,51675,16.7
frame,lgw,Year 1, spring 15, Monday,51676,16.7
frame,lgw,Year 1, spring 15, Monday,51677,16.6
frame,lgw,Year 1, spring 15, Monday,51678,16.7
frame,lgw,Year 1, spring 15, Monday,51679,16.6
frame,lgw,Year 1, spring 15, Monday,51680,16.6
frame,lgw,Year 1, spring 15, Monday,51681,16.7
frame,lgw,Year 1, spring 15, Monday,51682,16.8
frame,lgw,Year 1, spring 15, Monday,51683,16.6
frame,lgw,Year 1, spring 15, Monday,51684,16.6
frame,lgw,Year 1, spring 15, Monday,51685,16.7
frame,lgw,Year 1, spring 15, Monday,51686,16.6
frame,lgw,Year 1, spring 15, Monday,51687,16.8
frame,lgw,Year 1, spring 15, Monday,51688,16.7
frame,lgw,Year 1, spring 15, Monday,51689,16.5
frame,lgw,Year 1, spring 15, Monday,51690,16.7
frame,lgw,Year 1, spring 15, Monday,51691,16.8
frame,lgw,Year 1, spring 15, Monday,51692,16.5
frame,lgw,Year 1, spring 15, Monday,51693,16.7
frame,lgw,Year 1, spring 15, Monday,51694,16.7
frame,lgw,Year 1, spring 15, Monday,51695,16.6
frame,lgw,Year 1, spring 15, Monday,51696,16.7
frame,lgw,Year 1, spring 15, Monday,51697,16.8
frame,lgw,Year 1, spring 15, Monday,51698,16.7
frame,lgw,Year 1, spring 15, Monday,51699,16.7
frame,lgw,Year 1, spring 15, Monday,51700,16.6
frame,lgw,Year 1, spring 15, Monday,51701,16.6
frame,lgw,Year 1, spring 15, Monday,51702,16.7
frame,lgw,Year 1, spring 15, Monday,51703,16.7
frame,lgw,Year 1, spring 15, Monday,51704,16.7
frame,lgw,Year 1, spring 15, Monday,51705,16.6
frame,lgw,Year 1, spring 15, Monday,51706,16.6
frame,lgw,Year 1, spring 15, Monday,51707,16.7
frame,lgw,Year 1, spring 15, Monday,51708,16.7
frame,lgw,Year 1, spring 15, Monday,51709,16.6
frame,lgw,Year 1, spring 15, Monday,51710,16.6
frame,lgw,Year 1, spring 15, Monday,51711,16.7
frame,lgw,Year 1, spring 15, Monday,51712,16.8
frame,lgw,Year 1, spring 15, Monday,51713,16.5
frame,lgw,Year 1, spring 15, Monday,51714,16.6
frame,lgw,Year 1, spring 15, Monday,51715,16.6
frame,lgw,Year 1, spring 15, Monday,51716,16.7
frame,lgw,Year 1, spring 15, Monday,51717,16.8
frame,lgw,Year 1, spring 15, Monday,51718,16.6
frame,lgw,Year 1, spring 15, Monday,51719,16.6
frame,lgw,Year 1, spring 15, Monday,51720,16.7
frame,lgw,Year 1, spring 15, Monday,51721,16.7
frame,lgw,Year 1, spring 15, Monday,51722,16.6
frame,lgw,Year 1, spring 15, Monday,51723,16.7
frame,lgw,Year 1, spring 15, Monday,51724,16.7
frame,lgw,Year 1, spring 15, Monday,51725,16.7
frame,lgw,Year 1, spring 15, Monday,51726,16.6
frame,lgw,Year 1, spring 15, Monday,51727,16.6
frame,lgw,Year 1, spring 15, Monday,51728,16.7
frame,lgw,Year 1, spring 15, Monday,51729,16.7
frame,lgw,Year 1, spring 15, Monday,51730,16.7
frame,lgw,Year 1, spring 15, Monday,51731,16.7
frame,lgw,Year 1, spring 15, Monday,51732,16.7
frame,lgw,Year 1, spring 15, Monday,51733,16.7
frame,lgw,Year 1, spring 15, Monday,51734,16.6
frame,lgw,Year 1, spring 15, Monday,51735,16.6
frame,lgw,Year 1, spring 15, Monday,51736,16.7
frame,lgw,Year 1, spring 15, Monday,51737,16.7
frame,lgw,Year 1, spring 15, Monday,51738,16.6
frame,lgw,Year 1, spring 15, Monday,51739,16.7
frame,lgw,Year 1, spring 15, Monday,51740,16.6
frame,lgw,Year 1, spring 15, Monday,51741,16.7
frame,lgw,Year 1, spring 15, Monday,51742,16.8
frame,lgw,Year 1, spring 15, Monday,51743,16.6
frame,lgw,Year 1, spring 15, Monday,51744,16.6
frame,lgw,Year 1, spring 15, Monday,51745,16.7
switch,lgw,Year 1, spring 16, Tuesday,600,145.6
switchdetail,lgw,Year 1, spring 16, Tuesday,810,0,0.0
lag,lgw,Year 1, spring 16, Tuesday,51748,145.6
lag,lgw,Year 1, spring 16, Tuesday,51749,2031.2
frame,lgw,Year 1, spring 16, Tuesday,51746,18.2
frame,lgw,Year 1, spring 16, Tuesday,51747,145.6
frame,lgw,Year 1, spring 16, Tuesday,51748,500.0
frame,lgw,Year 1, spring 16, Tuesday,51749,5.0
frame,lgw,Year 1, spring 16, Tuesday,51750,16.7
frame,lgw,Year 1, spring 16, Tuesday,51751,16.7
frame,lgw,Year 1, spring 16, Tuesday,51752,16.7
frame,lgw,Year 1, spring 16, Tuesday,51753,16.6
frame,lgw,Year 1, spring 16, Tuesday,51754,16.9
frame,lgw,Year 1, spring 16, Tuesday,51755,16.5
frame,lgw,Year 1, spring 16, Tuesday,51756,16.7
frame,lgw,Year 1, spring 16, Tuesday,51757,16.6
frame,lgw,Year 1, spring 16, Tuesday,51758,16.7
frame,lgw,Year 1, spring 16, Tuesday,51759,16.8
frame,lgw,Year 1, spring 16, Tuesday,51760,16.6
frame,lgw,Year 1, spring 16, Tuesday,51761,16.6
frame,lgw,Year 1, spring 16, Tuesday,51762,16.6
frame,lgw,Year 1, spring 16, Tuesday,51763,16.6
frame,lgw,Year 1, spring 16, Tuesday,51764,16.7
frame,lgw,Year 1, spring 16, Tuesday,51765,16.7
frame,lgw,Year 1, spring 16, Tuesday,51766,16.8
frame,lgw,Year 1, spring 16, Tuesday,51767,16.6
frame,lgw,Year 1, spring 16, Tuesday,51768,16.7
frame,lgw,Year 1, spring 16, Tuesday,51769,16.6
frame,lgw,Year 1, spring 16, Tuesday,51770,16.7
frame,lgw,Year 1, spring 16, Tuesday,51771,16.9
frame,lgw,Year 1, spring 16, Tuesday,51772,16.5
frame,lgw,Year 1, spring 16, Tuesday,51773,17.7
frame,lgw,Year 1, spring 16, Tuesday,51774,15.6
frame,lgw,Year 1, spring 16, Tuesday,51775,16.8
frame,lgw,Year 1, spring 16, Tuesday,51776,16.5
frame,lgw,Year 1, spring 16, Tuesday,51777,16.6
frame,lgw,Year 1, spring 16, Tuesday,51778,16.6
frame,lgw,Year 1, spring 16, Tuesday,51779,16.6
frame,lgw,Year 1, spring 16, Tuesday,51780,16.7
frame,lgw,Year 1, spring 16, Tuesday,51781,16.6
frame,lgw,Year 1, spring 16, Tuesday,51782,16.7
frame,lgw,Year 1, spring 16, Tuesday,51783,16.6
frame,lgw,Year 1, spring 16, Tuesday,51784,16.6
frame,lgw,Year 1, spring 16, Tuesday,51785,16.8
frame,lgw,Year 1, spring 16, Tuesday,51786,16.6
frame,lgw,Year 1, spring 16, Tuesday,51787,16.7
frame,lgw,Year 1, spring 16, Tuesday,51788,16.7
frame,lgw,Year 1, spring 16, Tuesday,51789,16.6
frame,lgw,Year 1, spring 16, Tuesday,51790,16.7
frame,lgw,Year 1, spring 16, Tuesday,51791,16.6
frame,lgw,Year 1, spring 16, Tuesday,51792,16.7
frame,lgw,Year 1, spring 16, Tuesday,51793,16.8
frame,lgw,Year 1, spring 16, Tuesday,51794,16.5
frame,lgw,Year 1, spring 16, Tuesday,51795,17.3
frame,lgw,Year 1, spring 16, Tuesday,51796,16.2
frame,lgw,Year 1, spring 16, Tuesday,51797,16.7
frame,lgw,Year 1, spring 16, Tuesday,51798,16.6
frame,lgw,Year 1, spring 16, Tuesday,51799,16.7
frame,lgw,Year 1, spring 16, Tuesday,51800,16.7
frame,lgw,Year 1, spring 16, Tuesday,51801,16.6
frame,lgw,Year 1, spring 16, Tuesday,51802,16.6
frame,lgw,Year 1, spring 16, Tuesday,51803,16.7
frame,lgw,Year 1, spring 16, Tuesday,51804,16.6
frame,lgw,Year 1, spring 16, Tuesday,51805,16.7
frame,lgw,Year 1, spring 16, Tuesday,51806,16.6
frame,lgw,Year 1, spring 16, Tuesday,51807,16.8
frame,lgw,Year 1, spring 16, Tuesday,51808,16.6
frame,lgw,Year 1, spring 16, Tuesday,51809,16.6
frame,lgw,Year 1, spring 16, Tuesday,51810,16.7
frame,lgw,Year 1, spring 16, Tuesday,51811,16.8
frame,lgw,Year 1, spring 16, Tuesday,51812,16.6
frame,lgw,Year 1, spring 16, Tuesday,51813,16.6
frame,lgw,Year 1, spring 16, Tuesday,51814,16.6
frame,lgw,Year 1, spring 16, Tuesday,51815,16.7
frame,lgw,Year 1, spring 16, Tuesday,51816,16.7
frame,lgw,Year 1, spring 16, Tuesday,51817,16.7
frame,lgw,Year 1, spring 16, Tuesday,51818,16.7
frame,lgw,Year 1, spring 16, Tuesday,51819,16.7
frame,lgw,Year 1, spring 16, Tuesday,51820,16.7
frame,lgw,Year 1, spring 16, Tuesday,51821,16.7
frame,lgw,Year 1, spring 16, Tuesday,51822,16.6
frame,lgw,Year 1, spring 16, Tuesday,51823,16.6
frame,lgw,Year 1, spring 16, Tuesday,51824,16.6
frame,lgw,Year 1, spring 16, Tuesday,51825,16.7
frame,lgw,Year 1, spring 16, Tuesday,51826,16.8
frame,lgw,Year 1, spring 16, Tuesday,51827,16.6
frame,lgw,Year 1, spring 16, Tuesday,51828,16.6
frame,lgw,Year 1, spring 16, Tuesday,51829,16.8
frame,lgw,Year 1, spring 16, Tuesday,51830,16.6
frame,lgw,Year 1, spring 16, Tuesday,51831,16.6
frame,lgw,Year 1, spring 16, Tuesday,51832,16.7
frame,lgw,Year 1, spring 16, Tuesday,51833,16.8
frame,lgw,Year 1, spring 16, Tuesday,51834,17.8
frame,lgw,Year 1, spring 16, Tuesday,51835,15.5
frame,lgw,Year 1, spring 16, Tuesday,51836,16.6
frame,lgw,Year 1, spring 16, Tuesday,51837,16.8
frame,lgw,Year 1, spring 16, Tuesday,51838,16.6
frame,lgw,Year 1, spring 16, Tuesday,51839,16.7
frame,lgw,Year 1, spring 16, Tuesday,51840,16.5
frame,lgw,Year 1, spring 16, Tuesday,51841,16.7
frame,lgw,Year 1, spring 16, Tuesday,51842,16.7
frame,lgw,Year 1, spring 16, Tuesday,51843,16.7
frame,lgw,Year 1, spring 16, Tuesday,51844,16.7
frame,lgw,Year 1, spring 16, Tuesday,51845,16.9
frame,lgw,Year 1, spring 16, Tuesday,51846,16.7
frame,lgw,Year 1, spring 16, Tuesday,51847,16.4
frame,lgw,Year 1, spring 16, Tuesday,51848,16.7
frame,lgw,Year 1, spring 16, Tuesday,51849,16.7
frame,lgw,Year 1, spring 16, Tuesday,51850,16.7
frame,lgw,Year 1, spring 16, Tuesday,51851,17.2
frame,lgw,Year 1, spring 16, Tuesday,51852,16.2
frame,lgw,Year 1, spring 16, Tuesday,51853,16.7
frame,lgw,Year 1, spring 16, Tuesday,51854,16.7
frame,lgw,Year 1, spring 16, Tuesday,51855,16.6
frame,lgw,Year 1, spring 16, Tuesday,51856,16.7
frame,lgw,Year 1, spring 16, Tuesday,51857,16.7
frame,lgw,Year 1, spring 16, Tuesday,51858,16.7
frame,lgw,Year 1, spring 16, Tuesday,51859,16.8
frame,lgw,Year 1, spring 16, Tuesday,51860,16.4
frame,lgw,Year 1, spring 16, Tuesday,51861,16.7
frame,lgw,Year 1, spring 16, Tuesday,51862,16.7
frame,lgw,Year 1, spring 16, Tuesday,51863,16.7
frame,lgw,Year 1, spring 16, Tuesday,51864,16.7
frame,lgw,Year 1, spring 16, Tuesday,51865,16.7
frame,lgw,Year 1, spring 16, Tuesday,51866,16.6
frame,lgw,Year 1, spring 16, Tuesday,51867,16.6
frame,lgw,Year 1, spring 16, Tuesday,51868,16.8
frame,lgw,Year 1, spring 16, Tuesday,51869,16.5
frame,lgw,Year 1, spring 16, Tuesday,51870,17.0
frame,lgw,Year 1, spring 16, Tuesday,51871,16.3
frame,lgw,Year 1, spring 16, Tuesday,51872,16.7
frame,lgw,Year 1, spring 16, Tuesday,51873,16.6
frame,lgw,Year 1, spring 16, Tuesday,51874,16.7
frame,lgw,Year 1, spring 16, Tuesday,51875,16.7
frame,lgw,Year 1, spring 16, Tuesday,51876,16.7
frame,lgw,Year 1, spring 16, Tuesday,51877,16.6
frame,lgw,Year 1, spring 16, Tuesday,51878,16.7
frame,lgw,Year 1, spring 16, Tuesday,51879,16.7
frame,lgw,Year 1, spring 16, Tuesday,51880,16.7
frame,lgw,Year 1, spring 16, Tuesday,51881,16.7
frame,lgw,Year 1, spring 16, Tuesday,51882,16.7
frame,lgw,Year 1, spring 16, Tuesday,51883,16.6
frame,lgw,Year 1, spring 16, Tuesday,51884,16.6
frame,lgw,Year 1, spring 16, Tuesday,51885,16.6
frame,lgw,Year 1, spring 16, Tuesday,51886,16.7
frame,lgw,Year 1, spring 16, Tuesday,51887,16.7
frame,lgw,Year 1, spring 16, Tuesday,51888,16.6
frame,lgw,Year 1, spring 16, Tuesday,51889,17.5
frame,lgw,Year 1, spring 16, Tuesday,51890,15.9
frame,lgw,Year 1, spring 16, Tuesday,51891,16.5
frame,lgw,Year 1, spring 16, Tuesday,51892,16.7
frame,lgw,Year 1, spring 16, Tuesday,51893,16.6
frame,lgw,Year 1, spring 16, Tuesday,51894,16.8
frame,lgw,Year 1, spring 16, Tuesday,51895,16.6
frame,lgw,Year 1, spring 16, Tuesday,51896,16.7
frame,lgw,Year 1, spring 16, Tuesday,51897,16.6
frame,lgw,Year 1, spring 16, Tuesday,51898,16.7
frame,lgw,Year 1, spring 16, Tuesday,51899,16.6
frame,lgw,Year 1, spring 16, Tuesday,51900,16.7
frame,lgw,Year 1, spring 16, Tuesday,51901,16.7
frame,lgw,Year 1, spring 16, Tuesday,51902,16.6
frame,lgw,Year 1, spring 16, Tuesday,51903,16.7
frame,lgw,Year 1, spring 16, Tuesday,51904,16.7
frame,lgw,Year 1, spring 16, Tuesday,51905,16.6
frame,lgw,Year 1, spring 16, Tuesday,51906,16.6
frame,lgw,Year 1, spring 16, Tuesday,51907,16.7
frame,lgw,Year 1, spring 16, Tuesday,51908,16.7
frame,lgw,Year 1, spring 16, Tuesday,51909,16.8
frame,lgw,Year 1, spring 16, Tuesday,51910,16.6
frame,lgw,Year 1, spring 16, Tuesday,51911,19.0
frame,lgw,Year 1, spring 16, Tuesday,51912,14.2
frame,lgw,Year 1, spring 16, Tuesday,51913,16.8
frame,lgw,Year 1, spring 16, Tuesday,51914,16.6
frame,lgw,Year 1, spring 16, Tuesday,51915,16.6
frame,lgw,Year 1, spring 16, Tuesday,51916,16.7
frame,lgw,Year 1, spring 16, Tuesday,51917,16.6
frame,lgw,Year 1, spring 16, Tuesday,51918,16.9
frame,lgw,Year 1, spring 16, Tuesday,51919,16.4
frame,lgw,Year 1, spring 16, Tuesday,51920,16.6
frame,lgw,Year 1, spring 16, Tuesday,51921,16.9
frame,lgw,Year 1, spring 16, Tuesday,51922,16.5
frame,lgw,Year 1, spring 16, Tuesday,51923,16.8
frame,lgw,Year 1, spring 16, Tuesday,51924,16.6
frame,lgw,Year 1, spring 16, Tuesday,51925,16.7
frame,lgw,Year 1, spring 16, Tuesday,51926,16.7
frame,lgw,Year 1, spring 16, Tuesday,51927,16.6
frame,lgw,Year 1, spring 16, Tuesday,51928,16.7
frame,lgw,Year 1, spring 16, Tuesday,51929,17.2
frame,lgw,Year 1, spring 16, Tuesday,51930,16.2
frame,lgw,Year 1, spring 16, Tuesday,51931,16.7
frame,lgw,Year 1, spring 16, Tuesday,51932,16.6
frame,lgw,Year 1, spring 16, Tuesday,51933,16.8
frame,lgw,Year 1, spring 16, Tuesday,51934,16.6
frame,lgw,Year 1, spring 16, Tuesday,51935,16.6
frame,lgw,Year 1, spring 16, Tuesday,51936,16.6
frame,lgw,Year 1, spring 16, Tuesday,51937,16.7
frame,lgw,Year 1, spring 16, Tuesday,51938,16.7
frame,lgw,Year 1, spring 16, Tuesday,51939,16.7
frame,lgw,Year 1, spring 16, Tuesday,51940,16.6
frame,lgw,Year 1, spring 16, Tuesday,51941,16.6
frame,lgw,Year 1, spring 16, Tuesday,51942,16.6
frame,lgw,Year 1, spring 16, Tuesday,51943,16.8
frame,lgw,Year 1, spring 16, Tuesday,51944,16.6
frame,lgw,Year 1, spring 16, Tuesday,51945,16.6
frame,lgw,Year 1, spring 16, Tuesday,51946,16.7
frame,lgw,Year 1, spring 16, Tuesday,51947,16.8
frame,lgw,Year 1, spring 16, Tuesday,51948,16.6
frame,lgw,Year 1, spring 16, Tuesday,51949,16.6
frame,lgw,Year 1, spring 16, Tuesday,51950,16.7
frame,lgw,Year 1, spring 16, Tuesday,51951,16.7
frame,lgw,Year 1, spring 16, Tuesday,51952,16.7
frame,lgw,Year 1, spring 16, Tuesday,51953,16.7
frame,lgw,Year 1, spring 16, Tuesday,51954,16.8
frame,lgw,Year 1, spring 16, Tuesday,51955,16.5
frame,lgw,Year 1, spring 16, Tuesday,51956,16.6
frame,lgw,Year 1, spring 16, Tuesday,51957,17.9
frame,lgw,Year 1, spring 16, Tuesday,51958,15.5
frame,lgw,Year 1, spring 16, Tuesday,51959,16.8
frame,lgw,Year 1, spring 16, Tuesday,51960,16.5
frame,lgw,Year 1, spring 16, Tuesday,51961,16.7
frame,lgw,Year 1, spring 16, Tuesday,51962,16.6
frame,lgw,Year 1, spring 16, Tuesday,51963,16.7
frame,lgw,Year 1, spring 16, Tuesday,51964,16.7
frame,lgw,Year 1, spring 16, Tuesday,51965,16.8
frame,lgw,Year 1, spring 16, Tuesday,51966,16.6
frame,lgw,Year 1, spring 16, Tuesday,51967,16.6
frame,lgw,Year 1, spring 16, Tuesday,51968,16.7
frame,lgw,Year 1, spring 16, Tuesday,51969,16.7
frame,lgw,Year 1, spring 16, Tuesday,51970,16.7
frame,lgw,Year 1, spring 16, Tuesday,51971,16.7
frame,lgw,Year 1, spring 16, Tuesday,51972,16.7
frame,lgw,Year 1, spring 16, Tuesday,51973,16.7
frame,lgw,Year 1, spring 16, Tuesday,51974,16.7
frame,lgw,Year 1, spring 16, Tuesday,51975,16.7
frame,lgw,Year 1, spring 16, Tuesday,51976,16.7
frame,lgw,Year 1, spring 16, Tuesday,51977,16.7
frame,lgw,Year 1, spring 16, Tuesday,51978,16.7
frame,lgw,Year 1, spring 16, Tuesday,51979,16.6
frame,lgw,Year 1, spring 16, Tuesday,51980,16.7
frame,lgw,Year 1, spring 16, Tuesday,51981,16.7
frame,lgw,Year 1, spring 16, Tuesday,51982,16.7
frame,lgw,Year 1, spring 16, Tuesday,51983,16.7
frame,lgw,Year 1, spring 16, Tuesday,51984,16.6
frame,lgw,Year 1, spring 16, Tuesday,51985,16.8
lag,lgw,Year 1, spring 17, Wednesday,51988,161.0
lag,lgw,Year 1, spring 17, Wednesday,51989,2010.9
frame,lgw,Year 1, spring 17, Wednesday,51986,17.3
frame,lgw,Year 1, spring 17, Wednesday,51987,161.0
frame,lgw,Year 1, spring 17, Wednesday,51988,500.0
frame,lgw,Year 1, spring 17, Wednesday,51989,10.7
frame,lgw,Year 1, spring 17, Wednesday,51990,16.7
frame,lgw,Year 1, spring 17, Wednesday,51991,16.6
frame,lgw,Year 1, spring 17, Wednesday,51992,16.6
frame,lgw,Year 1, spring 17, Wednesday,51993,16.8
frame,lgw,Year 1, spring 17, Wednesday,51994,16.6
frame,lgw,Year 1, spring 17, Wednesday,51995,16.7
frame,lgw,Year 1, spring 17, Wednesday,51996,16.7
frame,lgw,Year 1, spring 17, Wednesday,51997,16.6
frame,lgw,Year 1, spring 17, Wednesday,51998,16.7
frame,lgw,Year 1, spring 17, Wednesday,51999,16.7
frame,lgw,Year 1, spring 17, Wednesday,52000,16.8
frame,lgw,Year 1, spring 17, Wednesday,52001,16.8
frame,lgw,Year 1, spring 17, Wednesday,52002,16.6
frame,lgw,Year 1, spring 17, Wednesday,52003,16.7
frame,lgw,Year 1, spring 17, Wednesday,52004,16.7
frame,lgw,Year 1, spring 17, Wednesday,52005,16.5
frame,lgw,Year 1, spring 17, Wednesday,52006,16.7
frame,lgw,Year 1, spring 17, Wednesday,52007,16.7
frame,lgw,Year 1, spring 17, Wednesday,52008,16.6
frame,lgw,Year 1, spring 17, Wednesday,52009,16.6
frame,lgw,Year 1, spring 17, Wednesday,52010,16.6
frame,lgw,Year 1, spring 17, Wednesday,52011,16.8
frame,lgw,Year 1, spring 17, Wednesday,52012,16.6
frame,lgw,Year 1, spring 17, Wednesday,52013,16.6
frame,lgw,Year 1, spring 17, Wednesday,52014,16.7
frame,lgw,Year 1, spring 17, Wednesday,52015,16.7
frame,lgw,Year 1, spring 17, Wednesday,52016,16.7
frame,lgw,Year 1, spring 17, Wednesday,52017,16.6
frame,lgw,Year 1, spring 17, Wednesday,52018,16.6
frame,lgw,Year 1, spring 17, Wednesday,52019,16.7
frame,lgw,Year 1, spring 17, Wednesday,52020,16.7
frame,lgw,Year 1, spring 17, Wednesday,52021,16.7
frame,lgw,Year 1, spring 17, Wednesday,52022,16.7
frame,lgw,Year 1, spring 17, Wednesday,52023,16.8
frame,lgw,Year 1, spring 17, Wednesday,52024,16.5
frame,lgw,Year 1, spring 17, Wednesday,52025,16.7
frame,lgw,Year 1, spring 17, Wednesday,52026,16.6
frame,lgw,Year 1, spring 17, Wednesday,52027,16.6
frame,lgw,Year 1, spring 17, Wednesday,52028,16.7
frame,lgw,Year 1, spring 17, Wednesday,52029,16.7
frame,lgw,Year 1, spring 17, Wednesday,52030,16.6
frame,lgw,Year 1, spring 17, Wednesday,52031,16.8
frame,lgw,Year 1, spring 17, Wednesday,52032,16.6
frame,lgw,Year 1, spring 17, Wednesday,52033,16.6
frame,lgw,Year 1, spring 17, Wednesday,52034,16.7
frame,lgw,Year 1, spring 17, Wednesday,52035,16.8
frame,lgw,Year 1, spring 17, Wednesday,52036,16.6
frame,lgw,Year 1, spring 17, Wednesday,52037,16.7
frame,lgw,Year 1, spring 17, Wednesday,52038,16.6
frame,lgw,Year 1, spring 17, Wednesday,52039,16.7
frame,lgw,Year 1, spring 17, Wednesday,52040,16.7
frame,lgw,Year 1, spring 17, Wednesday,52041,16.8
frame,lgw,Year 1, spring 17, Wednesday,52042,16.6
frame,lgw,Year 1, spring 17, Wednesday,52043,16.7
frame,lgw,Year 1, spring 17, Wednesday,52044,16.6
frame,lgw,Year 1, spring 17, Wednesday,52045,16.6
frame,lgw,Year 1, spring 17, Wednesday,52046,16.7
frame,lgw,Year 1, spring 17, Wednesday,52047,16.7
frame,lgw,Year 1, spring 17, Wednesday,52048,16.5
frame,lgw,Year 1, spring 17, Wednesday,52049,16.7
frame,lgw,Year 1, spring 17, Wednesday,52050,16.6
frame,lgw,Year 1, spring 17, Wednesday,52051,16.7
frame,lgw,Year 1, spring 17, Wednesday,52052,16.7
frame,lgw,Year 1, spring 17, Wednesday,52053,16.6
frame,lgw,Year 1, spring 17, Wednesday,52054,16.7
frame,lgw,Year 1, spring 17, Wednesday,52055,16.7
frame,lgw,Year 1, spring 17, Wednesday,52056,16.6
frame,lgw,Year 1, spring 17, Wednesday,52057,16.9
frame,lgw,Year 1, spring 17, Wednesday,52058,16.5
frame,lgw,Year 1, spring 17, Wednesday,52059,16.7
frame,lgw,Year 1, spring 17, Wednesday,52060,16.7
frame,lgw,Year 1, spring 17, Wednesday,52061,16.7
frame,lgw,Year 1, spring 17, Wednesday,52062,16.5
frame,lgw,Year 1, spring 17, Wednesday,52063,16.6
frame,lgw,Year 1, spring 17, Wednesday,52064,16.6
frame,lgw,Year 1, spring 17, Wednesday,52065,16.7
frame,lgw,Year 1, spring 17, Wednesday,52066,16.7
frame,lgw,Year 1, spring 17, Wednesday,52067,16.6
frame,lgw,Year 1, spring 17, Wednesday,52068,16.7
frame,lgw,Year 1, spring 17, Wednesday,52069,16.7
frame,lgw,Year 1, spring 17, Wednesday,52070,16.6
frame,lgw,Year 1, spring 17, Wednesday,52071,16.6
frame,lgw,Year 1, spring 17, Wednesday,52072,16.7
frame,lgw,Year 1, spring 17, Wednesday,52073,16.6
frame,lgw,Year 1, spring 17, Wednesday,52074,16.7
frame,lgw,Year 1, spring 17, Wednesday,52075,16.6
frame,lgw,Year 1, spring 17, Wednesday,52076,16.7
frame,lgw,Year 1, spring 17, Wednesday,52077,16.6
frame,lgw,Year 1, spring 17, Wednesday,52078,16.7
frame,lgw,Year 1, spring 17, Wednesday,52079,16.7
frame,lgw,Year 1, spring 17, Wednesday,52080,19.0
frame,lgw,Year 1, spring 17, Wednesday,52081,14.4
frame,lgw,Year 1, spring 17, Wednesday,52082,16.8
frame,lgw,Year 1, spring 17, Wednesday,52083,16.9
frame,lgw,Year 1, spring 17, Wednesday,52084,16.5
frame,lgw,Year 1, spring 17, Wednesday,52085,16.6
frame,lgw,Year 1, spring 17, Wednesday,52086,16.7
frame,lgw,Year 1, spring 17, Wednesday,52087,16.6
frame,lgw,Year 1, spring 17, Wednesday,52088,16.7
frame,lgw,Year 1, spring 17, Wednesday,52089,16.6
frame,lgw,Year 1, spring 17, Wednesday,52090,16.7
frame,lgw,Year 1, spring 17, Wednesday,52091,16.7
frame,lgw,Year 1, spring 17, Wednesday,52092,16.7
frame,lgw,Year 1, spring 17, Wednesday,52093,16.6
frame,lgw,Year 1, spring 17, Wednesday,52094,16.7
frame,lgw,Year 1, spring 17, Wednesday,52095,16.9
frame,lgw,Year 1, spring 17, Wednesday,52096,16.4
frame,lgw,Year 1, spring 17, Wednesday,52097,17.4
frame,lgw,Year 1, spring 17, Wednesday,52098,15.9
frame,lgw,Year 1, spring 17, Wednesday,52099,16.6
frame,lgw,Year 1, spring 17, Wednesday,52100,16.7
frame,lgw,Year 1, spring 17, Wednesday,52101,16.6
frame,lgw,Year 1, spring 17, Wednesday,52102,16.6
frame,lgw,Year 1, spring 17, Wednesday,52103,16.7
frame,lgw,Year 1, spring 17, Wednesday,52104,16.6
frame,lgw,Year 1, spring 17, Wednesday,52105,16.7
frame,lgw,Year 1, spring 17, Wednesday,52106,16.7
frame,lgw,Year 1, spring 17, Wednesday,52107,16.7
frame,lgw,Year 1, spring 17, Wednesday,52108,16.8
frame,lgw,Year 1, spring 17, Wednesday,52109,16.5
frame,lgw,Year 1, spring 17, Wednesday,52110,16.8
frame,lgw,Year 1, spring 17, Wednesday,52111,16.5
frame,lgw,Year 1, spring 17, Wednesday,52112,16.6
frame,lgw,Year 1, spring 17, Wednesday,52113,16.7
frame,lgw,Year 1, spring 17, Wednesday,52114,16.6
frame,lgw,Year 1, spring 17, Wednesday,52115,16.7
frame,lgw,Year 1, spring 17, Wednesday,52116,16.8
frame,lgw,Year 1, spring 17, Wednesday,52117,16.6
frame,lgw,Year 1, spring 17, Wednesday,52118,16.7
frame,lgw,Year 1, spring 17, Wednesday,52119,16.6
frame,lgw,Year 1, spring 17, Wednesday,52120,16.7
frame,lgw,Year 1, spring 17, Wednesday,52121,16.8
frame,lgw,Year 1, spring 17, Wednesday,52122,16.6
frame,lgw,Year 1, spring 17, Wednesday,52123,16.6
frame,lgw,Year 1, spring 17, Wednesday,52124,16.7
frame,lgw,Year 1, spring 17, Wednesday,52125,16.7
frame,lgw,Year 1, spring 17, Wednesday,52126,16.7
frame,lgw,Year 1, spring 17, Wednesday,52127,16.7
frame,lgw,Year 1, spring 17, Wednesday,52128,16.7
frame,lgw,Year 1, spring 17, Wednesday,52129,16.7
frame,lgw,Year 1, spring 17, Wednesday,52130,16.7
frame,lgw,Year 1, spring 17, Wednesday,52131,16.6
frame,lgw,Year 1, spring 17, Wednesday,52132,16.7
frame,lgw,Year 1, spring 17, Wednesday,52133,16.7
frame,lgw,Year 1, spring 17, Wednesday,52134,16.7
frame,lgw,Year 1, spring 17, Wednesday,52135,17.4
frame,lgw,Year 1, spring 17, Wednesday,52136,15.8
frame,lgw,Year 1, spring 17, Wednesday,52137,16.6
frame,lgw,Year 1, spring 17, Wednesday,52138,16.7
frame,lgw,Year 1, spring 17, Wednesday,52139,16.7
frame,lgw,Year 1, spring 17, Wednesday,52140,16.7
frame,lgw,Year 1, spring 17, Wednesday,52141,16.7
frame,lgw,Year 1, spring 17, Wednesday,52142,16.7
frame,lgw,Year 1, spring 17, Wednesday,52143,16.7
frame,lgw,Year 1, spring 17, Wednesday,52144,16.8
frame,lgw,Year 1, spring 17, Wednesday,52145,16.6
frame,lgw,Year 1, spring 17, Wednesday,52146,16.6
frame,lgw,Year 1, spring 17, Wednesday,52147,16.7
frame,lgw,Year 1, spring 17, Wednesday,52148,16.9
frame,lgw,Year 1, spring 17, Wednesday,52149,16.4
frame,lgw,Year 1, spring 17, Wednesday,52150,16.6
frame,lgw,Year 1, spring 17, Wednesday,52151,16.7
frame,lgw,Year 1, spring 17, Wednesday,52152,16.7
frame,lgw,Year 1, spring 17, Wednesday,52153,16.7
frame,lgw,Year 1, spring 17, Wednesday,52154,16.6
switch,lgw,Year 1, spring 18, Thursday,610,17.4
switch,lgw,Year 1, spring 18, Thursday,620,17.3
switch,lgw,Year 1, spring 18, Thursday,630,17.3
switchdetail,lgw,Year 1, spring 18, Thursday,600,0,0.0
switchdetail,lgw,Year 1, spring 18, Thursday,610,0,0.0
switchdetail,lgw,Year 1, spring 18, Thursday,620,0,0.0
lag,lgw,Year 1, spring 18, Thursday,52157,133.0
lag,lgw,Year 1, spring 18, Thursday,52158,2042.3
lag,lgw,Year 1, spring 18, Thursday,53584,141.3
frame,lgw,Year 1, spring 18, Thursday,53179,16.1
frame,lgw,Year 1, spring 18, Thursday,53180,16.5
frame,lgw,Year 1, spring 18, Thursday,53181,16.9
frame,lgw,Year 1, spring 18, Thursday,53182,16.7
frame,lgw,Year 1, spring 18, Thursday,53183,16.8
frame,lgw,Year 1, spring 18, Thursday,53184,16.6
frame,lgw,Year 1, spring 18, Thursday,53185,16.6
frame,lgw,Year 1, spring 18, Thursday,53186,16.7
frame,lgw,Year 1, spring 18, Thursday,53187,17.0
frame,lgw,Year 1, spring 18, Thursday,53188,17.5
frame,lgw,Year 1, spring 18, Thursday,53189,16.2
frame,lgw,Year 1, spring 18, Thursday,53190,17.9
frame,lgw,Year 1, spring 18, Thursday,53191,15.8
frame,lgw,Year 1, spring 18, Thursday,53192,17.2
frame,lgw,Year 1, spring 18, Thursday,53193,15.4
frame,lgw,Year 1, spring 18, Thursday,53194,17.3
frame,lgw,Year 1, spring 18, Thursday,53195,16.2
frame,lgw,Year 1, spring 18, Thursday,53196,16.5
frame,lgw,Year 1, spring 18, Thursday,53197,17.2
frame,lgw,Year 1, spring 18, Thursday,53198,16.3
frame,lgw,Year 1, spring 18, Thursday,53199,17.1
frame,lgw,Year 1, spring 18, Thursday,53200,16.6
frame,lgw,Year 1, spring 18, Thursday,53201,16.1
frame,lgw,Year 1, spring 18, Thursday,53202,17.7
frame,lgw,Year 1, spring 18, Thursday,53203,16.4
frame,lgw,Year 1, spring 18, Thursday,53204,15.7
frame,lgw,Year 1, spring 18, Thursday,53205,16.7
frame,lgw,Year 1, spring 18, Thursday,53206,16.8
frame,lgw,Year 1, spring 18, Thursday,53207,16.5
frame,lgw,Year 1, spring 18, Thursday,53208,16.7
frame,lgw,Year 1, spring 18, Thursday,53209,16.8
frame,lgw,Year 1, spring 18, Thursday,53210,16.5
frame,lgw,Year 1, spring 18, Thursday,53211,17.7
frame,lgw,Year 1, spring 18, Thursday,53212,15.9
frame,lgw,Year 1, spring 18, Thursday,53213,16.8
frame,lgw,Year 1, spring 18, Thursday,53214,17.7
frame,lgw,Year 1, spring 18, Thursday,53215,15.9
frame,lgw,Year 1, spring 18, Thursday,53216,19.8
frame,lgw,Year 1, spring 18, Thursday,53217,14.4
frame,lgw,Year 1, spring 18, Thursday,53218,15.5
frame,lgw,Year 1, spring 18, Thursday,53219,16.9
frame,lgw,Year 1, spring 18, Thursday,53220,16.1
frame,lgw,Year 1, spring 18, Thursday,53221,17.9
frame,lgw,Year 1, spring 18, Thursday,53222,15.5
frame,lgw,Year 1, spring 18, Thursday,53223,17.1
frame,lgw,Year 1, spring 18, Thursday,53224,16.3
frame,lgw,Year 1, spring 18, Thursday,53225,16.5
frame,lgw,Year 1, spring 18, Thursday,53226,18.0
frame,lgw,Year 1, spring 18, Thursday,53227,16.1
frame,lgw,Year 1, spring 18, Thursday,53228,18.8
frame,lgw,Year 1, spring 18, Thursday,53229,14.9
frame,lgw,Year 1, spring 18, Thursday,53230,15.9
frame,lgw,Year 1, spring 18, Thursday,53231,18.0
frame,lgw,Year 1, spring 18, Thursday,53232,15.1
frame,lgw,Year 1, spring 18, Thursday,53233,16.7
frame,lgw,Year 1, spring 18, Thursday,53234,16.5
frame,lgw,Year 1, spring 18, Thursday,53235,16.7
frame,lgw,Year 1, spring 18, Thursday,53236,16.5
frame,lgw,Year 1, spring 18, Thursday,53237,16.6
frame,lgw,Year 1, spring 18, Thursday,53238,16.9
frame,lgw,Year 1, spring 18, Thursday,53239,16.5
frame,lgw,Year 1, spring 18, Thursday,53240,16.8
frame,lgw,Year 1, spring 18, Thursday,53241,18.4
frame,lgw,Year 1, spring 18, Thursday,53242,16.6
frame,lgw,Year 1, spring 18, Thursday,53243,15.3
frame,lgw,Year 1, spring 18, Thursday,53244,17.5
frame,lgw,Year 1, spring 18, Thursday,53245,17.7
frame,lgw,Year 1, spring 18, Thursday,53246,14.9
frame,lgw,Year 1, spring 18, Thursday,53247,17.0
frame,lgw,Year 1, spring 18, Thursday,53248,16.7
frame,lgw,Year 1, spring 18, Thursday,53249,16.3
frame,lgw,Year 1, spring 18, Thursday,53250,17.4
frame,lgw,Year 1, spring 18, Thursday,53251,17.1
frame,lgw,Year 1, spring 18, Thursday,53252,16.3
frame,lgw,Year 1, spring 18, Thursday,53253,16.8
frame,lgw,Year 1, spring 18, Thursday,53254,15.5
frame,lgw,Year 1, spring 18, Thursday,53255,18.5
frame,lgw,Year 1, spring 18, Thursday,53256,16.4
frame,lgw,Year 1, spring 18, Thursday,53257,16.4
frame,lgw,Year 1, spring 18, Thursday,53258,15.7
frame,lgw,Year 1, spring 18, Thursday,53259,17.0
frame,lgw,Year 1, spring 18, Thursday,53260,16.1
frame,lgw,Year 1, spring 18, Thursday,53261,17.6
frame,lgw,Year 1, spring 18, Thursday,53262,16.2
frame,lgw,Year 1, spring 18, Thursday,53263,16.2
frame,lgw,Year 1, spring 18, Thursday,53264,19.1
frame,lgw,Year 1, spring 18, Thursday,53265,14.3
frame,lgw,Year 1, spring 18, Thursday,53266,17.4
frame,lgw,Year 1, spring 18, Thursday,53267,15.8
frame,lgw,Year 1, spring 18, Thursday,53268,18.4
frame,lgw,Year 1, spring 18, Thursday,53269,15.0
frame,lgw,Year 1, spring 18, Thursday,53270,16.3
frame,lgw,Year 1, spring 18, Thursday,53271,17.0
frame,lgw,Year 1, spring 18, Thursday,53272,16.8
frame,lgw,Year 1, spring 18, Thursday,53273,16.2
frame,lgw,Year 1, spring 18, Thursday,53274,16.8
frame,lgw,Year 1, spring 18, Thursday,53275,16.6
frame,lgw,Year 1, spring 18, Thursday,53276,17.1
frame,lgw,Year 1, spring 18, Thursday,53277,16.2
frame,lgw,Year 1, spring 18, Thursday,53278,17.5
frame,lgw,Year 1, spring 18, Thursday,53279,16.0
frame,lgw,Year 1, spring 18, Thursday,53280,19.5
frame,lgw,Year 1, spring 18, Thursday,53281,15.1
frame,lgw,Year 1, spring 18, Thursday,53282,15.5
frame,lgw,Year 1, spring 18, Thursday,53283,16.5
frame,lgw,Year 1, spring 18, Thursday,53284,16.8
frame,lgw,Year 1, spring 18, Thursday,53285,16.9
frame,lgw,Year 1, spring 18, Thursday,53286,16.8
frame,lgw,Year 1, spring 18, Thursday,53287,16.5
frame,lgw,Year 1, spring 18, Thursday,53288,17.1
frame,lgw,Year 1, spring 18, Thursday,53289,16.9
frame,lgw,Year 1, spring 18, Thursday,53290,17.1
frame,lgw,Year 1, spring 18, Thursday,53291,15.9
frame,lgw,Year 1, spring 18, Thursday,53292,18.5
frame,lgw,Year 1, spring 18, Thursday,53293,18.3
frame,lgw,Year 1, spring 18, Thursday,53294,13.8
frame,lgw,Year 1, spring 18, Thursday,53295,16.3
frame,lgw,Year 1, spring 18, Thursday,53296,16.9
frame,lgw,Year 1, spring 18, Thursday,53297,15.7
frame,lgw,Year 1, spring 18, Thursday,53298,17.0
frame,lgw,Year 1, spring 18, Thursday,53299,16.7
frame,lgw,Year 1, spring 18, Thursday,53300,16.8
frame,lgw,Year 1, spring 18, Thursday,53301,15.9
frame,lgw,Year 1, spring 18, Thursday,53302,17.2
frame,lgw,Year 1, spring 18, Thursday,53303,17.6
frame,lgw,Year 1, spring 18, Thursday,53304,15.4
frame,lgw,Year 1, spring 18, Thursday,53305,17.2
frame,lgw,Year 1, spring 18, Thursday,53306,19.3
frame,lgw,Year 1, spring 18, Thursday,53307,15.2
frame,lgw,Year 1, spring 18, Thursday,53308,15.4
frame,lgw,Year 1, spring 18, Thursday,53309,16.2
frame,lgw,Year 1, spring 18, Thursday,53310,16.5
frame,lgw,Year 1, spring 18, Thursday,53311,16.7
frame,lgw,Year 1, spring 18, Thursday,53312,16.8
frame,lgw,Year 1, spring 18, Thursday,53313,16.9
frame,lgw,Year 1, spring 18, Thursday,53314,16.2
frame,lgw,Year 1, spring 18, Thursday,53315,16.6
frame,lgw,Year 1, spring 18, Thursday,53316,16.7
frame,lgw,Year 1, spring 18, Thursday,53317,16.9
frame,lgw,Year 1, spring 18, Thursday,53318,16.5
frame,lgw,Year 1, spring 18, Thursday,53319,19.4
frame,lgw,Year 1, spring 18, Thursday,53320,20.6
frame,lgw,Year 1, spring 18, Thursday,53321,10.1
frame,lgw,Year 1, spring 18, Thursday,53322,17.6
frame,lgw,Year 1, spring 18, Thursday,53323,15.8
frame,lgw,Year 1, spring 18, Thursday,53324,17.6
frame,lgw,Year 1, spring 18, Thursday,53325,16.6
frame,lgw,Year 1, spring 18, Thursday,53326,16.0
frame,lgw,Year 1, spring 18, Thursday,53327,16.7
frame,lgw,Year 1, spring 18, Thursday,53328,16.6
frame,lgw,Year 1, spring 18, Thursday,53329,17.1
frame,lgw,Year 1, spring 18, Thursday,53330,16.7
frame,lgw,Year 1, spring 18, Thursday,53331,18.5
frame,lgw,Year 1, spring 18, Thursday,53332,15.0
frame,lgw,Year 1, spring 18, Thursday,53333,16.7
frame,lgw,Year 1, spring 18, Thursday,53334,18.0
frame,lgw,Year 1, spring 18, Thursday,53335,14.9
frame,lgw,Year 1, spring 18, Thursday,53336,16.4
frame,lgw,Year 1, spring 18, Thursday,53337,17.0
frame,lgw,Year 1, spring 18, Thursday,53338,17.9
frame,lgw,Year 1, spring 18, Thursday,53339,16.2
frame,lgw,Year 1, spring 18, Thursday,53340,16.0
frame,lgw,Year 1, spring 18, Thursday,53341,16.5
frame,lgw,Year 1, spring 18, Thursday,53342,17.2
frame,lgw,Year 1, spring 18, Thursday,53343,15.9
frame,lgw,Year 1, spring 18, Thursday,53344,19.6
frame,lgw,Year 1, spring 18, Thursday,53345,14.8
frame,lgw,Year 1, spring 18, Thursday,53346,16.9
frame,lgw,Year 1, spring 18, Thursday,53347,15.1
frame,lgw,Year 1, spring 18, Thursday,53348,16.8
frame,lgw,Year 1, spring 18, Thursday,53349,16.6
frame,lgw,Year 1, spring 18, Thursday,53350,17.3
frame,lgw,Year 1, spring 18, Thursday,53351,16.4
frame,lgw,Year 1, spring 18, Thursday,53352,16.8
frame,lgw,Year 1, spring 18, Thursday,53353,16.5
frame,lgw,Year 1, spring 18, Thursday,53354,16.9
frame,lgw,Year 1, spring 18, Thursday,53355,16.3
frame,lgw,Year 1, spring 18, Thursday,53356,16.5
frame,lgw,Year 1, spring 18, Thursday,53357,17.9
frame,lgw,Year 1, spring 18, Thursday,53358,15.4
frame,lgw,Year 1, spring 18, Thursday,53359,16.8
frame,lgw,Year 1, spring 18, Thursday,53360,16.4
frame,lgw,Year 1, spring 18, Thursday,53361,16.8
frame,lgw,Year 1, spring 18, Thursday,53362,17.0
frame,lgw,Year 1, spring 18, Thursday,53363,16.8
frame,lgw,Year 1, spring 18, Thursday,53364,17.1
frame,lgw,Year 1, spring 18, Thursday,53365,16.4
frame,lgw,Year 1, spring 18, Thursday,53366,17.8
frame,lgw,Year 1, spring 18, Thursday,53367,15.6
frame,lgw,Year 1, spring 18, Thursday,53368,17.2
frame,lgw,Year 1, spring 18, Thursday,53369,17.5
frame,lgw,Year 1, spring 18, Thursday,53370,16.2
frame,lgw,Year 1, spring 18, Thursday,53371,16.3
frame,lgw,Year 1, spring 18, Thursday,53372,15.3
frame,lgw,Year 1, spring 18, Thursday,53373,17.0
frame,lgw,Year 1, spring 18, Thursday,53374,16.4
frame,lgw,Year 1, spring 18, Thursday,53375,17.0
frame,lgw,Year 1, spring 18, Thursday,53376,17.0
frame,lgw,Year 1, spring 18, Thursday,53377,16.2
frame,lgw,Year 1, spring 18, Thursday,53378,16.9
frame,lgw,Year 1, spring 18, Thursday,53379,17.1
frame,lgw,Year 1, spring 18, Thursday,53380,16.8
frame,lgw,Year 1, spring 18, Thursday,53381,16.0
frame,lgw,Year 1, spring 18, Thursday,53382,20.5
frame,lgw,Year 1, spring 18, Thursday,53383,13.6
frame,lgw,Year 1, spring 18, Thursday,53384,16.2
frame,lgw,Year 1, spring 18, Thursday,53385,16.5
frame,lgw,Year 1, spring 18, Thursday,53386,16.6
frame,lgw,Year 1, spring 18, Thursday,53387,16.4
frame,lgw,Year 1, spring 18, Thursday,53388,17.0
frame,lgw,Year 1, spring 18, Thursday,53389,16.2
frame,lgw,Year 1, spring 18, Thursday,53390,16.3
frame,lgw,Year 1, spring 18, Thursday,53391,16.8
frame,lgw,Year 1, spring 18, Thursday,53392,16.7
frame,lgw,Year 1, spring 18, Thursday,53393,19.7
frame,lgw,Year 1, spring 18, Thursday,53394,16.6
frame,lgw,Year 1, spring 18, Thursday,53395,14.9
frame,lgw,Year 1, spring 18, Thursday,53396,17.7
frame,lgw,Year 1, spring 18, Thursday,53397,16.6
frame,lgw,Year 1, spring 18, Thursday,53398,15.4
frame,lgw,Year 1, spring 18, Thursday,53399,16.1
frame,lgw,Year 1, spring 18, Thursday,53400,17.6
frame,lgw,Year 1, spring 18, Thursday,53401,16.1
frame,lgw,Year 1, spring 18, Thursday,53402,15.7
frame,lgw,Year 1, spring 18, Thursday,53403,16.7
frame,lgw,Year 1, spring 18, Thursday,53404,16.7
frame,lgw,Year 1, spring 18, Thursday,53405,16.8
frame,lgw,Year 1, spring 18, Thursday,53406,16.7
frame,lgw,Year 1, spring 18, Thursday,53407,16.7
frame,lgw,Year 1, spring 18, Thursday,53408,17.6
frame,lgw,Year 1, spring 18, Thursday,53409,16.2
frame,lgw,Year 1, spring 18, Thursday,53410,16.1
frame,lgw,Year 1, spring 18, Thursday,53411,16.4
frame,lgw,Year 1, spring 18, Thursday,53412,17.3
frame,lgw,Year 1, spring 18, Thursday,53413,16.6
frame,lgw,Year 1, spring 18, Thursday,53414,16.6
frame,lgw,Year 1, spring 18, Thursday,53415,17.4
frame,lgw,Year 1, spring 18, Thursday,53416,15.8
frame,lgw,Year 1, spring 18, Thursday,53417,17.0
frame,lgw,Year 1, spring 18, Thursday,53418,16.9
frame,lgw,Year 1, spring 18, Thursday,53419,17.0
frame,lgw,Year 1, spring 18, Thursday,53420,17.0
frame,lgw,Year 1, spring 18, Thursday,53421,18.5
frame,lgw,Year 1, spring 18, Thursday,53422,13.8
frame,lgw,Year 1, spring 18, Thursday,53423,17.6
frame,lgw,Year 1, spring 18, Thursday,53424,16.0
frame,lgw,Year 1, spring 18, Thursday,53425,16.4
frame,lgw,Year 1, spring 18, Thursday,53426,16.4
frame,lgw,Year 1, spring 18, Thursday,53427,17.5
frame,lgw,Year 1, spring 18, Thursday,53428,16.3
frame,lgw,Year 1, spring 18, Thursday,53429,18.1
frame,lgw,Year 1, spring 18, Thursday,53430,15.2
frame,lgw,Year 1, spring 18, Thursday,53431,17.0
frame,lgw,Year 1, spring 18, Thursday,53432,16.4
frame,lgw,Year 1, spring 18, Thursday,53433,19.2
frame,lgw,Year 1, spring 18, Thursday,53434,14.9
frame,lgw,Year 1, spring 18, Thursday,53435,16.7
frame,lgw,Year 1, spring 18, Thursday,53436,17.2
frame,lgw,Year 1, spring 18, Thursday,53437,15.2
frame,lgw,Year 1, spring 18, Thursday,53438,16.7
frame,lgw,Year 1, spring 18, Thursday,53439,16.9
frame,lgw,Year 1, spring 18, Thursday,53440,16.5
frame,lgw,Year 1, spring 18, Thursday,53441,16.7
frame,lgw,Year 1, spring 18, Thursday,53442,16.6
frame,lgw,Year 1, spring 18, Thursday,53443,16.9
frame,lgw,Year 1, spring 18, Thursday,53444,17.0
frame,lgw,Year 1, spring 18, Thursday,53445,17.0
frame,lgw,Year 1, spring 18, Thursday,53446,17.8
frame,lgw,Year 1, spring 18, Thursday,53447,15.3
frame,lgw,Year 1, spring 18, Thursday,53448,16.6
frame,lgw,Year 1, spring 18, Thursday,53449,15.6
frame,lgw,Year 1, spring 18, Thursday,53450,17.1
frame,lgw,Year 1, spring 18, Thursday,53451,16.3
frame,lgw,Year 1, spring 18, Thursday,53452,17.3
frame,lgw,Year 1, spring 18, Thursday,53453,16.3
frame,lgw,Year 1, spring 18, Thursday,53454,16.7
frame,lgw,Year 1, spring 18, Thursday,53455,17.4
frame,lgw,Year 1, spring 18, Thursday,53456,16.3
frame,lgw,Year 1, spring 18, Thursday,53457,16.3
frame,lgw,Year 1, spring 18, Thursday,53458,16.5
frame,lgw,Year 1, spring 18, Thursday,53459,16.6
frame,lgw,Year 1, spring 18, Thursday,53460,17.9
frame,lgw,Year 1, spring 18, Thursday,53461,15.4
frame,lgw,Year 1, spring 18, Thursday,53462,16.3
frame,lgw,Year 1, spring 18, Thursday,53463,16.6
frame,lgw,Year 1, spring 18, Thursday,53464,16.6
frame,lgw,Year 1, spring 18, Thursday,53465,17.4
frame,lgw,Year 1, spring 18, Thursday,53466,16.4
frame,lgw,Year 1, spring 18, Thursday,53467,16.9
frame,lgw,Year 1, spring 18, Thursday,53468,17.4
frame,lgw,Year 1, spring 18, Thursday,53469,16.0
frame,lgw,Year 1, spring 18, Thursday,53470,16.3
frame,lgw,Year 1, spring 18, Thursday,53471,16.5
frame,lgw,Year 1, spring 18, Thursday,53472,18.3
frame,lgw,Year 1, spring 18, Thursday,53473,15.9
frame,lgw,Year 1, spring 18, Thursday,53474,16.0
frame,lgw,Year 1, spring 18, Thursday,53475,16.9
frame,lgw,Year 1, spring 18, Thursday,53476,16.0
frame,lgw,Year 1, spring 18, Thursday,53477,16.7
frame,lgw,Year 1, spring 18, Thursday,53478,16.7
frame,lgw,Year 1, spring 18, Thursday,53479,16.7
frame,lgw,Year 1, spring 18, Thursday,53480,16.7
frame,lgw,Year 1, spring 18, Thursday,53481,17.2
frame,lgw,Year 1, spring 18, Thursday,53482,16.1
frame,lgw,Year 1, spring 18, Thursday,53483,17.8
frame,lgw,Year 1, spring 18, Thursday,53484,15.7
frame,lgw,Year 1, spring 18, Thursday,53485,17.2
frame,lgw,Year 1, spring 18, Thursday,53486,16.6
frame,lgw,Year 1, spring 18, Thursday,53487,15.9
frame,lgw,Year 1, spring 18, Thursday,53488,18.6
frame,lgw,Year 1, spring 18, Thursday,53489,14.8
frame,lgw,Year 1, spring 18, Thursday,53490,16.9
frame,lgw,Year 1, spring 18, Thursday,53491,17.3
frame,lgw,Year 1, spring 18, Thursday,53492,15.9
frame,lgw,Year 1, spring 18, Thursday,53493,16.7
frame,lgw,Year 1, spring 18, Thursday,53494,17.0
frame,lgw,Year 1, spring 18, Thursday,53495,16.1
frame,lgw,Year 1, spring 18, Thursday,53496,18.0
frame,lgw,Year 1, spring 18, Thursday,53497,16.0
frame,lgw,Year 1, spring 18, Thursday,53498,17.0
frame,lgw,Year 1, spring 18, Thursday,53499,16.1
frame,lgw,Year 1, spring 18, Thursday,53500,16.2
frame,lgw,Year 1, spring 18, Thursday,53501,16.7
frame,lgw,Year 1, spring 18, Thursday,53502,16.8
frame,lgw,Year 1, spring 18, Thursday,53503,17.0
frame,lgw,Year 1, spring 18, Thursday,53504,16.1
frame,lgw,Year 1, spring 18, Thursday,53505,16.8
frame,lgw,Year 1, spring 18, Thursday,53506,16.7
frame,lgw,Year 1, spring 18, Thursday,53507,16.7
frame,lgw,Year 1, spring 18, Thursday,53508,16.9
frame,lgw,Year 1, spring 18, Thursday,53509,17.3
frame,lgw,Year 1, spring 18, Thursday,53510,18.5
frame,lgw,Year 1, spring 18, Thursday,53511,16.5
frame,lgw,Year 1, spring 18, Thursday,53512,18.2
frame,lgw,Year 1, spring 18, Thursday,53513,12.6
frame,lgw,Year 1, spring 18, Thursday,53514,17.8
frame,lgw,Year 1, spring 18, Thursday,53515,15.6
frame,lgw,Year 1, spring 18, Thursday,53516,16.9
frame,lgw,Year 1, spring 18, Thursday,53517,16.4
frame,lgw,Year 1, spring 18, Thursday,53518,16.4
frame,lgw,Year 1, spring 18, Thursday,53519,16.8
frame,lgw,Year 1, spring 18, Thursday,53520,16.5
frame,lgw,Year 1, spring 18, Thursday,53521,16.6
frame,lgw,Year 1, spring 18, Thursday,53522,16.8
frame,lgw,Year 1, spring 18, Thursday,53523,17.9
frame,lgw,Year 1, spring 18, Thursday,53524,16.3
frame,lgw,Year 1, spring 18, Thursday,53525,15.8
frame,lgw,Year 1, spring 18, Thursday,53526,16.7
frame,lgw,Year 1, spring 18, Thursday,53527,16.6
frame,lgw,Year 1, spring 18, Thursday,53528,16.7
frame,lgw,Year 1, spring 18, Thursday,53529,16.8
frame,lgw,Year 1, spring 18, Thursday,53530,16.6
frame,lgw,Year 1, spring 18, Thursday,53531,16.8
frame,lgw,Year 1, spring 18, Thursday,53532,16.9
frame,lgw,Year 1, spring 18, Thursday,53533,17.2
frame,lgw,Year 1, spring 18, Thursday,53534,16.7
frame,lgw,Year 1, spring 18, Thursday,53535,16.1
frame,lgw,Year 1, spring 18, Thursday,53536,17.0
frame,lgw,Year 1, spring 18, Thursday,53537,18.5
frame,lgw,Year 1, spring 18, Thursday,53538,16.9
frame,lgw,Year 1, spring 18, Thursday,53539,16.2
frame,lgw,Year 1, spring 18, Thursday,53540,14.5
frame,lgw,Year 1, spring 18, Thursday,53541,16.8
frame,lgw,Year 1, spring 18, Thursday,53542,16.6
frame,lgw,Year 1, spring 18, Thursday,53543,17.3
frame,lgw,Year 1, spring 18, Thursday,53544,16.9
frame,lgw,Year 1, spring 18, Thursday,53545,16.2
frame,lgw,Year 1, spring 18, Thursday,53546,16.5
frame,lgw,Year 1, spring 18, Thursday,53547,17.0
frame,lgw,Year 1, spring 18, Thursday,53548,16.3
frame,lgw,Year 1, spring 18, Thursday,53549,16.4
frame,lgw,Year 1, spring 18, Thursday,53550,18.3
frame,lgw,Year 1, spring 18, Thursday,53551,15.3
frame,lgw,Year 1, spring 18, Thursday,53552,16.6
frame,lgw,Year 1, spring 18, Thursday,53553,16.8
frame,lgw,Year 1, spring 18, Thursday,53554,16.3
frame,lgw,Year 1, spring 18, Thursday,53555,16.8
frame,lgw,Year 1, spring 18, Thursday,53556,16.6
frame,lgw,Year 1, spring 18, Thursday,53557,16.9
frame,lgw,Year 1, spring 18, Thursday,53558,16.9
frame,lgw,Year 1, spring 18, Thursday,53559,16.6
frame,lgw,Year 1, spring 18, Thursday,53560,16.5
frame,lgw,Year 1, spring 18, Thursday,53561,16.3
frame,lgw,Year 1, spring 18, Thursday,53562,16.9
frame,lgw,Year 1, spring 18, Thursday,53563,18.9
frame,lgw,Year 1, spring 18, Thursday,53564,19.2
frame,lgw,Year 1, spring 18, Thursday,53565,14.4
frame,lgw,Year 1, spring 18, Thursday,53566,14.9
frame,lgw,Year 1, spring 18, Thursday,53567,16.3
frame,lgw,Year 1, spring 18, Thursday,53568,17.4
frame,lgw,Year 1, spring 18, Thursday,53569,15.6
frame,lgw,Year 1, spring 18, Thursday,53570,17.2
frame,lgw,Year 1, spring 18, Thursday,53571,16.6
frame,lgw,Year 1, spring 18, Thursday,53572,16.8
frame,lgw,Year 1, spring 18, Thursday,53573,16.2
frame,lgw,Year 1, spring 18, Thursday,53574,16.9
frame,lgw,Year 1, spring 18, Thursday,53575,16.9
frame,lgw,Year 1, spring 18, Thursday,53576,17.4
frame,lgw,Year 1, spring 18, Thursday,53577,15.9
frame,lgw,Year 1, spring 18, Thursday,53578,18.2
frame,lgw,Year 1, spring 18, Thursday,53579,14.5
frame,lgw,Year 1, spring 18, Thursday,53580,16.8
frame,lgw,Year 1, spring 18, Thursday,53581,16.5
frame,lgw,Year 1, spring 18, Thursday,53582,18.5
frame,lgw,Year 1, spring 18, Thursday,53583,141.3
frame,lgw,Year 1, spring 18, Thursday,53584,1.1
frame,lgw,Year 1, spring 18, Thursday,53585,1.1
frame,lgw,Year 1, spring 18, Thursday,53586,0.9
frame,lgw,Year 1, spring 18, Thursday,53587,1.0
frame,lgw,Year 1, spring 18, Thursday,53588,1.4
frame,lgw,Year 1, spring 18, Thursday,53589,1.0
frame,lgw,Year 1, spring 18, Thursday,53590,0.9
frame,lgw,Year 1, spring 18, Thursday,53591,29.3
frame,lgw,Year 1, spring 18, Thursday,53592,1.5
frame,lgw,Year 1, spring 18, Thursday,53593,24.5
frame,lgw,Year 1, spring 18, Thursday,53594,1.1
frame,lgw,Year 1, spring 18, Thursday,53595,25.2
frame,lgw,Year 1, spring 18, Thursday,53596,24.8
frame,lgw,Year 1, spring 18, Thursday,53597,1.4
frame,lgw,Year 1, spring 18, Thursday,53598,22.9
frame,lgw,Year 1, spring 18, Thursday,53599,23.9
frame,lgw,Year 1, spring 18, Thursday,53600,1.2
frame,lgw,Year 1, spring 18, Thursday,53601,22.6
frame,lgw,Year 1, spring 18, Thursday,53602,23.8
frame,lgw,Year 1, spring 18, Thursday,53603,0.9
frame,lgw,Year 1, spring 18, Thursday,53604,24.0
frame,lgw,Year 1, spring 18, Thursday,53605,23.2
frame,lgw,Year 1, spring 18, Thursday,53606,22.5
frame,lgw,Year 1, spring 18, Thursday,53607,1.1
frame,lgw,Year 1, spring 18, Thursday,53608,23.6
frame,lgw,Year 1, spring 18, Thursday,53609,22.7
frame,lgw,Year 1, spring 18, Thursday,53610,1.5
frame,lgw,Year 1, spring 18, Thursday,53611,24.9
frame,lgw,Year 1, spring 18, Thursday,53612,23.2
frame,lgw,Year 1, spring 18, Thursday,53613,0.9
frame,lgw,Year 1, spring 18, Thursday,53614,22.2
frame,lgw,Year 1, spring 18, Thursday,53615,23.3
frame,lgw,Year 1, spring 18, Thursday,53616,22.3
frame,lgw,Year 1, spring 18, Thursday,53617,0.6
frame,lgw,Year 1, spring 18, Thursday,53618,23.5
frame,lgw,Year 1, spring 18, Thursday,53619,22.0
frame,lgw,Year 1, spring 18, Thursday,53620,0.9
frame,lgw,Year 1, spring 18, Thursday,53621,23.1
frame,lgw,Year 1, spring 18, Thursday,53622,22.9
frame,lgw,Year 1, spring 18, Thursday,53623,22.8
frame,lgw,Year 1, spring 18, Thursday,53624,1.1
frame,lgw,Year 1, spring 18, Thursday,53625,22.6
frame,lgw,Year 1, spring 18, Thursday,53626,22.1
frame,lgw,Year 1, spring 18, Thursday,53627,1.2
frame,lgw,Year 1, spring 18, Thursday,53628,24.0
frame,lgw,Year 1, spring 18, Thursday,53629,24.0
frame,lgw,Year 1, spring 18, Thursday,53630,23.4
frame,lgw,Year 1, spring 18, Thursday,53631,1.2
frame,lgw,Year 1, spring 18, Thursday,53632,23.9
frame,lgw,Year 1, spring 18, Thursday,53633,23.1
frame,lgw,Year 1, spring 18, Thursday,53634,2.3
frame,lgw,Year 1, spring 18, Thursday,53635,23.6
frame,lgw,Year 1, spring 18, Thursday,53636,22.7
frame,lgw,Year 1, spring 18, Thursday,53637,0.6
frame,lgw,Year 1, spring 18, Thursday,53638,22.5
frame,lgw,Year 1, spring 18, Thursday,53639,23.5
frame,lgw,Year 1, spring 18, Thursday,53640,23.3
frame,lgw,Year 1, spring 18, Thursday,53641,0.9
frame,lgw,Year 1, spring 18, Thursday,53642,22.6
frame,lgw,Year 1, spring 18, Thursday,53643,23.5
frame,lgw,Year 1, spring 18, Thursday,53644,1.4
frame,lgw,Year 1, spring 18, Thursday,53645,22.4
frame,lgw,Year 1, spring 18, Thursday,53646,22.9
frame,lgw,Year 1, spring 18, Thursday,53647,24.1
frame,lgw,Year 1, spring 18, Thursday,53648,1.7
frame,lgw,Year 1, spring 18, Thursday,53649,23.2
frame,lgw,Year 1, spring 18, Thursday,53650,25.2
frame,lgw,Year 1, spring 18, Thursday,53651,0.9
frame,lgw,Year 1, spring 18, Thursday,53652,22.7
frame,lgw,Year 1, spring 18, Thursday,53653,23.1
frame,lgw,Year 1, spring 18, Thursday,53654,1.0
frame,lgw,Year 1, spring 18, Thursday,53655,22.7
frame,lgw,Year 1, spring 18, Thursday,53656,23.5
frame,lgw,Year 1, spring 18, Thursday,53657,1.7
frame,lgw,Year 1, spring 18, Thursday,53658,24.4
frame,lgw,Year 1, spring 18, Thursday,53659,23.6
frame,lgw,Year 1, spring 18, Thursday,53660,1.3
frame,lgw,Year 1, spring 18, Thursday,53661,22.5
frame,lgw,Year 1, spring 18, Thursday,53662,22.1
frame,lgw,Year 1, spring 18, Thursday,53663,23.6
frame,lgw,Year 1, spring 18, Thursday,53664,0.9
frame,lgw,Year 1, spring 18, Thursday,53665,24.3
frame,lgw,Year 1, spring 18, Thursday,53666,24.9
frame,lgw,Year 1, spring 18, Thursday,53667,1.0
frame,lgw,Year 1, spring 18, Thursday,53668,23.0
frame,lgw,Year 1, spring 18, Thursday,53669,24.3
frame,lgw,Year 1, spring 18, Thursday,53670,1.8
frame,lgw,Year 1, spring 18, Thursday,53671,24.5
frame,lgw,Year 1, spring 18, Thursday,53672,21.9
frame,lgw,Year 1, spring 18, Thursday,53673,1.0
frame,lgw,Year 1, spring 18, Thursday,53674,24.0
frame,lgw,Year 1, spring 18, Thursday,53675,22.8
frame,lgw,Year 1, spring 18, Thursday,53676,23.5
frame,lgw,Year 1, spring 18, Thursday,53677,1.4
frame,lgw,Year 1, spring 18, Thursday,53678,23.5
frame,lgw,Year 1, spring 18, Thursday,53679,23.3
frame,lgw,Year 1, spring 18, Thursday,53680,1.0
frame,lgw,Year 1, spring 18, Thursday,53681,24.0
frame,lgw,Year 1, spring 18, Thursday,53682,24.5
frame,lgw,Year 1, spring 18, Thursday,53683,0.8
frame,lgw,Year 1, spring 18, Thursday,53684,24.8
frame,lgw,Year 1, spring 18, Thursday,53685,22.6
frame,lgw,Year 1, spring 18, Thursday,53686,2.3
frame,lgw,Year 1, spring 18, Thursday,53687,23.2
frame,lgw,Year 1, spring 18, Thursday,53688,22.6
frame,lgw,Year 1, spring 18, Thursday,53689,22.5
frame,lgw,Year 1, spring 18, Thursday,53690,0.9
frame,lgw,Year 1, spring 18, Thursday,53691,22.6
frame,lgw,Year 1, spring 18, Thursday,53692,23.4
frame,lgw,Year 1, spring 18, Thursday,53693,1.2
frame,lgw,Year 1, spring 18, Thursday,53694,23.0
frame,lgw,Year 1, spring 18, Thursday,53695,23.1
frame,lgw,Year 1, spring 18, Thursday,53696,23.1
frame,lgw,Year 1, spring 18, Thursday,53697,1.8
frame,lgw,Year 1, spring 18, Thursday,53698,22.2
frame,lgw,Year 1, spring 18, Thursday,53699,22.5
frame,lgw,Year 1, spring 18, Thursday,53700,1.2
frame,lgw,Year 1, spring 18, Thursday,53701,22.3
frame,lgw,Year 1, spring 18, Thursday,53702,22.9
frame,lgw,Year 1, spring 18, Thursday,53703,23.3
frame,lgw,Year 1, spring 18, Thursday,53704,0.7
frame,lgw,Year 1, spring 18, Thursday,53705,22.6
frame,lgw,Year 1, spring 18, Thursday,53706,22.5
frame,lgw,Year 1, spring 18, Thursday,53707,0.5
frame,lgw,Year 1, spring 18, Thursday,53708,22.8
frame,lgw,Year 1, spring 18, Thursday,53709,23.6
frame,lgw,Year 1, spring 18, Thursday,53710,22.6
frame,lgw,Year 1, spring 18, Thursday,53711,1.1
frame,lgw,Year 1, spring 18, Thursday,53712,24.0
frame,lgw,Year 1, spring 18, Thursday,53713,23.0
frame,lgw,Year 1, spring 18, Thursday,53714,1.7
frame,lgw,Year 1, spring 18, Thursday,53715,22.8
frame,lgw,Year 1, spring 18, Thursday,53716,22.8
frame,lgw,Year 1, spring 18, Thursday,53717,23.0
frame,lgw,Year 1, spring 18, Thursday,53718,1.3
frame,lgw,Year 1, spring 18, Thursday,53719,22.5
frame,lgw,Year 1, spring 18, Thursday,53720,25.8
frame,lgw,Year 1, spring 18, Thursday,53721,2.7
frame,lgw,Year 1, spring 18, Thursday,53722,24.5
frame,lgw,Year 1, spring 18, Thursday,53723,23.1
frame,lgw,Year 1, spring 18, Thursday,53724,1.4
frame,lgw,Year 1, spring 18, Thursday,53725,22.9
frame,lgw,Year 1, spring 18, Thursday,53726,22.6
frame,lgw,Year 1, spring 18, Thursday,53727,1.0
frame,lgw,Year 1, spring 18, Thursday,53728,25.6
frame,lgw,Year 1, spring 18, Thursday,53729,26.3
frame,lgw,Year 1, spring 18, Thursday,53730,1.2
frame,lgw,Year 1, spring 18, Thursday,53731,22.7
frame,lgw,Year 1, spring 18, Thursday,53732,23.9
frame,lgw,Year 1, spring 18, Thursday,53733,2.5
frame,lgw,Year 1, spring 18, Thursday,53734,22.8
frame,lgw,Year 1, spring 18, Thursday,53735,23.1
frame,lgw,Year 1, spring 18, Thursday,53736,1.1
frame,lgw,Year 1, spring 18, Thursday,53737,23.2
frame,lgw,Year 1, spring 18, Thursday,53738,23.9
frame,lgw,Year 1, spring 18, Thursday,53739,23.0
frame,lgw,Year 1, spring 18, Thursday,53740,2.3
frame,lgw,Year 1, spring 18, Thursday,53741,22.9
frame,lgw,Year 1, spring 18, Thursday,53742,23.6
frame,lgw,Year 1, spring 18, Thursday,53743,1.4
frame,lgw,Year 1, spring 18, Thursday,53744,23.2
frame,lgw,Year 1, spring 18, Thursday,53745,23.2
frame,lgw,Year 1, spring 18, Thursday,53746,1.3
frame,lgw,Year 1, spring 18, Thursday,53747,23.5
frame,lgw,Year 1, spring 18, Thursday,53748,23.5
frame,lgw,Year 1, spring 18, Thursday,53749,22.9
frame,lgw,Year 1, spring 18, Thursday,53750,1.2
frame,lgw,Year 1, spring 18, Thursday,53751,23.1
frame,lgw,Year 1, spring 18, Thursday,53752,23.1
frame,lgw,Year 1, spring 18, Thursday,53753,0.7
frame,lgw,Year 1, spring 18, Thursday,53754,24.0
frame,lgw,Year 1, spring 18, Thursday,53755,23.0
frame,lgw,Year 1, spring 18, Thursday,53756,1.8
frame,lgw,Year 1, spring 18, Thursday,53757,22.4
frame,lgw,Year 1, spring 18, Thursday,53758,23.0
frame,lgw,Year 1, spring 18, Thursday,53759,23.5
frame,lgw,Year 1, spring 18, Thursday,53760,1.2
frame,lgw,Year 1, spring 18, Thursday,53761,24.5
frame,lgw,Year 1, spring 18, Thursday,53762,22.7
frame,lgw,Year 1, spring 18, Thursday,53763,1.1
frame,lgw,Year 1, spring 18, Thursday,53764,24.4
frame,lgw,Year 1, spring 18, Thursday,53765,23.0
frame,lgw,Year 1, spring 18, Thursday,53766,1.1
frame,lgw,Year 1, spring 18, Thursday,53767,23.0
frame,lgw,Year 1, spring 18, Thursday,53768,23.3
frame,lgw,Year 1, spring 18, Thursday,53769,0.7
frame,lgw,Year 1, spring 18, Thursday,53770,24.3
frame,lgw,Year 1, spring 18, Thursday,53771,24.4
frame,lgw,Year 1, spring 18, Thursday,53772,22.3
frame,lgw,Year 1, spring 18, Thursday,53773,0.7
frame,lgw,Year 1, spring 18, Thursday,53774,24.6
frame,lgw,Year 1, spring 18, Thursday,53775,23.2
frame,lgw,Year 1, spring 18, Thursday,53776,0.8
frame,lgw,Year 1, spring 18, Thursday,53777,23.3
frame,lgw,Year 1, spring 18, Thursday,53778,22.7
frame,lgw,Year 1, spring 18, Thursday,53779,1.1
frame,lgw,Year 1, spring 18, Thursday,53780,23.2
frame,lgw,Year 1, spring 18, Thursday,53781,22.4
frame,lgw,Year 1, spring 18, Thursday,53782,23.7
frame,lgw,Year 1, spring 18, Thursday,53783,0.7
frame,lgw,Year 1, spring 18, Thursday,53784,22.7
frame,lgw,Year 1, spring 18, Thursday,53785,23.1
frame,lgw,Year 1, spring 18, Thursday,53786,1.3
frame,lgw,Year 1, spring 18, Thursday,53787,22.4
frame,lgw,Year 1, spring 18, Thursday,53788,22.6
frame,lgw,Year 1, spring 18, Thursday,53789,22.9
frame,lgw,Year 1, spring 18, Thursday,53790,0.8
frame,lgw,Year 1, spring 18, Thursday,53791,22.8
frame,lgw,Year 1, spring 18, Thursday,53792,23.2
frame,lgw,Year 1, spring 18, Thursday,53793,25.4
frame,lgw,Year 1, spring 18, Thursday,53794,1.7
frame,lgw,Year 1, spring 18, Thursday,53795,22.9
frame,lgw,Year 1, spring 18, Thursday,53796,24.7
frame,lgw,Year 1, spring 18, Thursday,53797,1.2
frame,lgw,Year 1, spring 18, Thursday,53798,24.2
frame,lgw,Year 1, spring 18, Thursday,53799,23.2
frame,lgw,Year 1, spring 18, Thursday,53800,0.9
frame,lgw,Year 1, spring 18, Thursday,53801,22.7
frame,lgw,Year 1, spring 18, Thursday,53802,23.6
frame,lgw,Year 1, spring 18, Thursday,53803,1.0
frame,lgw,Year 1, spring 18, Thursday,53804,24.0
frame,lgw,Year 1, spring 18, Thursday,53805,22.7
frame,lgw,Year 1, spring 18, Thursday,53806,1.5
frame,lgw,Year 1, spring 18, Thursday,53807,24.9
frame,lgw,Year 1, spring 18, Thursday,53808,23.0
frame,lgw,Year 1, spring 18, Thursday,53809,2.0
frame,lgw,Year 1, spring 18, Thursday,53810,22.7
frame,lgw,Year 1, spring 18, Thursday,53811,24.4
frame,lgw,Year 1, spring 18, Thursday,53812,23.8
frame,lgw,Year 1, spring 18, Thursday,53813,0.9
frame,lgw,Year 1, spring 18, Thursday,53814,26.5
frame,lgw,Year 1, spring 18, Thursday,53815,23.3
frame,lgw,Year 1, spring 18, Thursday,53816,1.6
frame,lgw,Year 1, spring 18, Thursday,53817,24.5
frame,lgw,Year 1, spring 18, Thursday,53818,3.7
frame,lgw,Year 1, spring 18, Thursday,53819,23.3
frame,lgw,Year 1, spring 18, Thursday,53820,22.6
frame,lgw,Year 1, spring 18, Thursday,53821,1.2
frame,lgw,Year 1, spring 18, Thursday,53822,24.1
frame,lgw,Year 1, spring 18, Thursday,53823,23.6
frame,lgw,Year 1, spring 18, Thursday,53824,22.8
frame,lgw,Year 1, spring 18, Thursday,53825,2.0
frame,lgw,Year 1, spring 18, Thursday,53826,22.4
frame,lgw,Year 1, spring 18, Thursday,53827,24.1
frame,lgw,Year 1, spring 18, Thursday,53828,1.2
frame,lgw,Year 1, spring 18, Thursday,53829,23.8
frame,lgw,Year 1, spring 18, Thursday,53830,22.3
frame,lgw,Year 1, spring 18, Thursday,53831,1.5
frame,lgw,Year 1, spring 18, Thursday,53832,23.6
frame,lgw,Year 1, spring 18, Thursday,53833,23.3
frame,lgw,Year 1, spring 18, Thursday,53834,24.6
frame,lgw,Year 1, spring 18, Thursday,53835,2.5
frame,lgw,Year 1, spring 18, Thursday,53836,24.7
frame,lgw,Year 1, spring 18, Thursday,53837,1.1
frame,lgw,Year 1, spring 18, Thursday,53838,23.0
frame,lgw,Year 1, spring 18, Thursday,53839,24.1
frame,lgw,Year 1, spring 18, Thursday,53840,23.1
frame,lgw,Year 1, spring 18, Thursday,53841,2.4
frame,lgw,Year 1, spring 18, Thursday,53842,23.6
frame,lgw,Year 1, spring 18, Thursday,53843,23.2
frame,lgw,Year 1, spring 18, Thursday,53844,1.5
frame,lgw,Year 1, spring 18, Thursday,53845,22.9
frame,lgw,Year 1, spring 18, Thursday,53846,23.7
frame,lgw,Year 1, spring 18, Thursday,53847,1.8
frame,lgw,Year 1, spring 18, Thursday,53848,23.7
frame,lgw,Year 1, spring 18, Thursday,53849,25.0
frame,lgw,Year 1, spring 18, Thursday,53850,1.2
frame,lgw,Year 1, spring 18, Thursday,53851,24.1
frame,lgw,Year 1, spring 18, Thursday,53852,24.5
frame,lgw,Year 1, spring 18, Thursday,53853,1.9
frame,lgw,Year 1, spring 18, Thursday,53854,24.6
frame,lgw,Year 1, spring 18, Thursday,53855,23.3
frame,lgw,Year 1, spring 18, Thursday,53856,1.5
frame,lgw,Year 1, spring 18, Thursday,53857,24.6
frame,lgw,Year 1, spring 18, Thursday,53858,23.3
frame,lgw,Year 1, spring 18, Thursday,53859,2.4
frame,lgw,Year 1, spring 18, Thursday,53860,23.1
frame,lgw,Year 1, spring 18, Thursday,53861,24.7
frame,lgw,Year 1, spring 18, Thursday,53862,1.0
frame,lgw,Year 1, spring 18, Thursday,53863,23.9
frame,lgw,Year 1, spring 18, Thursday,53864,26.0
frame,lgw,Year 1, spring 18, Thursday,53865,1.2
frame,lgw,Year 1, spring 18, Thursday,53866,25.4
frame,lgw,Year 1, spring 18, Thursday,53867,24.6
frame,lgw,Year 1, spring 18, Thursday,53868,1.3
frame,lgw,Year 1, spring 18, Thursday,53869,24.5
frame,lgw,Year 1, spring 18, Thursday,53870,23.7
frame,lgw,Year 1, spring 18, Thursday,53871,2.7
frame,lgw,Year 1, spring 18, Thursday,53872,23.1
frame,lgw,Year 1, spring 18, Thursday,53873,24.4
frame,lgw,Year 1, spring 18, Thursday,53874,1.2
frame,lgw,Year 1, spring 18, Thursday,53875,22.9
frame,lgw,Year 1, spring 18, Thursday,53876,24.1
frame,lgw,Year 1, spring 18, Thursday,53877,1.6
frame,lgw,Year 1, spring 18, Thursday,53878,23.2
frame,lgw,Year 1, spring 18, Thursday,53879,23.4
frame,lgw,Year 1, spring 18, Thursday,53880,0.9
frame,lgw,Year 1, spring 18, Thursday,53881,23.0
frame,lgw,Year 1, spring 18, Thursday,53882,24.4
frame,lgw,Year 1, spring 18, Thursday,53883,23.3
frame,lgw,Year 1, spring 18, Thursday,53884,1.4
frame,lgw,Year 1, spring 18, Thursday,53885,23.4
frame,lgw,Year 1, spring 18, Thursday,53886,23.2
frame,lgw,Year 1, spring 18, Thursday,53887,0.8
frame,lgw,Year 1, spring 18, Thursday,53888,22.9
frame,lgw,Year 1, spring 18, Thursday,53889,24.4
frame,lgw,Year 1, spring 18, Thursday,53890,1.0
frame,lgw,Year 1, spring 18, Thursday,53891,22.3
frame,lgw,Year 1, spring 18, Thursday,53892,24.0
frame,lgw,Year 1, spring 18, Thursday,53893,23.2
frame,lgw,Year 1, spring 18, Thursday,53894,1.5
frame,lgw,Year 1, spring 18, Thursday,53895,23.0
frame,lgw,Year 1, spring 18, Thursday,53896,23.9
frame,lgw,Year 1, spring 18, Thursday,53897,1.1
frame,lgw,Year 1, spring 18, Thursday,53898,23.7
frame,lgw,Year 1, spring 18, Thursday,53899,24.7
frame,lgw,Year 1, spring 18, Thursday,53900,1.0
frame,lgw,Year 1, spring 18, Thursday,53901,23.4
frame,lgw,Year 1, spring 18, Thursday,53902,24.6
frame,lgw,Year 1, spring 18, Thursday,53903,1.4
frame,lgw,Year 1, spring 18, Thursday,53904,23.0
frame,lgw,Year 1, spring 18, Thursday,53905,23.6
frame,lgw,Year 1, spring 18, Thursday,53906,1.1
frame,lgw,Year 1, spring 18, Thursday,53907,22.9
frame,lgw,Year 1, spring 18, Thursday,53908,22.9
frame,lgw,Year 1, spring 18, Thursday,53909,22.9
frame,lgw,Year 1, spring 18, Thursday,53910,1.6
frame,lgw,Year 1, spring 18, Thursday,53911,22.8
frame,lgw,Year 1, spring 18, Thursday,53912,22.2
frame,lgw,Year 1, spring 18, Thursday,53913,2.4
frame,lgw,Year 1, spring 18, Thursday,53914,22.6
frame,lgw,Year 1, spring 18, Thursday,53915,24.5
frame,lgw,Year 1, spring 18, Thursday,53916,22.8
frame,lgw,Year 1, spring 18, Thursday,53917,1.1
frame,lgw,Year 1, spring 18, Thursday,53918,23.3
frame,lgw,Year 1, spring 18, Thursday,53919,22.9
frame,lgw,Year 1, spring 18, Thursday,53920,0.8
frame,lgw,Year 1, spring 18, Thursday,53921,23.2
frame,lgw,Year 1, spring 18, Thursday,53922,22.7
frame,lgw,Year 1, spring 18, Thursday,53923,1.0
frame,lgw,Year 1, spring 18, Thursday,53924,23.1
frame,lgw,Year 1, spring 18, Thursday,53925,22.9
frame,lgw,Year 1, spring 18, Thursday,53926,24.8
frame,lgw,Year 1, spring 18, Thursday,53927,2.2
frame,lgw,Year 1, spring 18, Thursday,53928,22.8
frame,lgw,Year 1, spring 18, Thursday,53929,24.1
frame,lgw,Year 1, spring 18, Thursday,53930,1.6
frame,lgw,Year 1, spring 18, Thursday,53931,22.8
frame,lgw,Year 1, spring 18, Thursday,53932,22.1
frame,lgw,Year 1, spring 18, Thursday,53933,0.7
frame,lgw,Year 1, spring 18, Thursday,53934,22.6
frame,lgw,Year 1, spring 18, Thursday,53935,22.7
frame,lgw,Year 1, spring 18, Thursday,53936,22.4
frame,lgw,Year 1, spring 18, Thursday,53937,1.0
frame,lgw,Year 1, spring 18, Thursday,53938,22.1
frame,lgw,Year 1, spring 18, Thursday,53939,22.2
frame,lgw,Year 1, spring 18, Thursday,53940,22.2
frame,lgw,Year 1, spring 18, Thursday,53941,1.5
frame,lgw,Year 1, spring 18, Thursday,53942,22.5
frame,lgw,Year 1, spring 18, Thursday,53943,22.5
frame,lgw,Year 1, spring 18, Thursday,53944,0.6
frame,lgw,Year 1, spring 18, Thursday,53945,21.6
frame,lgw,Year 1, spring 18, Thursday,53946,23.1
frame,lgw,Year 1, spring 18, Thursday,53947,23.0
frame,lgw,Year 1, spring 18, Thursday,53948,2.2
frame,lgw,Year 1, spring 18, Thursday,53949,24.2
frame,lgw,Year 1, spring 18, Thursday,53950,22.8
frame,lgw,Year 1, spring 18, Thursday,53951,0.6
frame,lgw,Year 1, spring 18, Thursday,53952,23.6
frame,lgw,Year 1, spring 18, Thursday,53953,22.0
frame,lgw,Year 1, spring 18, Thursday,53954,23.6
frame,lgw,Year 1, spring 18, Thursday,53955,1.9
frame,lgw,Year 1, spring 18, Thursday,53956,24.6
frame,lgw,Year 1, spring 18, Thursday,53957,22.8
frame,lgw,Year 1, spring 18, Thursday,53958,0.7
frame,lgw,Year 1, spring 18, Thursday,53959,21.8
frame,lgw,Year 1, spring 18, Thursday,53960,22.1
frame,lgw,Year 1, spring 18, Thursday,53961,22.7
frame,lgw,Year 1, spring 18, Thursday,53962,0.8
frame,lgw,Year 1, spring 18, Thursday,53963,22.2
frame,lgw,Year 1, spring 18, Thursday,53964,22.5
frame,lgw,Year 1, spring 18, Thursday,53965,22.8
frame,lgw,Year 1, spring 18, Thursday,53966,1.5
frame,lgw,Year 1, spring 18, Thursday,53967,22.0
frame,lgw,Year 1, spring 18, Thursday,53968,22.9
frame,lgw,Year 1, spring 18, Thursday,53969,0.9
frame,lgw,Year 1, spring 18, Thursday,53970,22.0
frame,lgw,Year 1, spring 18, Thursday,53971,23.1
frame,lgw,Year 1, spring 18, Thursday,53972,22.4
frame,lgw,Year 1, spring 18, Thursday,53973,0.7
frame,lgw,Year 1, spring 18, Thursday,53974,22.4
frame,lgw,Year 1, spring 18, Thursday,53975,22.8
frame,lgw,Year 1, spring 18, Thursday,53976,23.7
frame,lgw,Year 1, spring 18, Thursday,53977,1.1
frame,lgw,Year 1, spring 18, Thursday,53978,22.3
frame,lgw,Year 1, spring 18, Thursday,53979,23.4
frame,lgw,Year 1, spring 18, Thursday,53980,1.0
frame,lgw,Year 1, spring 18, Thursday,53981,22.1
frame,lgw,Year 1, spring 18, Thursday,53982,23.5
frame,lgw,Year 1, spring 18, Thursday,53983,22.0
frame,lgw,Year 1, spring 18, Thursday,53984,1.3
frame,lgw,Year 1, spring 18, Thursday,53985,22.7
frame,lgw,Year 1, spring 18, Thursday,53986,22.3
frame,lgw,Year 1, spring 18, Thursday,53987,1.5
frame,lgw,Year 1, spring 18, Thursday,53988,23.4
frame,lgw,Year 1, spring 18, Thursday,53989,22.9
frame,lgw,Year 1, spring 18, Thursday,53990,22.6
frame,lgw,Year 1, spring 18, Thursday,53991,1.2
frame,lgw,Year 1, spring 18, Thursday,53992,22.6
frame,lgw,Year 1, spring 18, Thursday,53993,22.5
frame,lgw,Year 1, spring 18, Thursday,53994,1.3
frame,lgw,Year 1, spring 18, Thursday,53995,22.1
frame,lgw,Year 1, spring 18, Thursday,53996,22.4
frame,lgw,Year 1, spring 18, Thursday,53997,22.1
frame,lgw,Year 1, spring 18, Thursday,53998,1.0
frame,lgw,Year 1, spring 18, Thursday,53999,22.1
lag,lgw,Year 1, spring 18, Thursday,56123,230.0
lag,lgw,Year 1, spring 18, Thursday,56254,150.7
frame,lgw,Year 1, spring 18, Thursday,59120,4.9
frame,lgw,Year 1, spring 18, Thursday,59121,25.0
frame,lgw,Year 1, spring 18, Thursday,59122,1.3
frame,lgw,Year 1, spring 18, Thursday,59123,24.2
frame,lgw,Year 1, spring 18, Thursday,59124,24.2
frame,lgw,Year 1, spring 18, Thursday,59125,3.6
frame,lgw,Year 1, spring 18, Thursday,59126,25.0
frame,lgw,Year 1, spring 18, Thursday,59127,25.0
frame,lgw,Year 1, spring 18, Thursday,59128,0.8
frame,lgw,Year 1, spring 18, Thursday,59129,24.1
frame,lgw,Year 1, spring 18, Thursday,59130,22.6
frame,lgw,Year 1, spring 18, Thursday,59131,2.6
frame,lgw,Year 1, spring 18, Thursday,59132,24.3
frame,lgw,Year 1, spring 18, Thursday,59133,23.0
frame,lgw,Year 1, spring 18, Thursday,59134,6.4
frame,lgw,Year 1, spring 18, Thursday,59135,23.0
frame,lgw,Year 1, spring 18, Thursday,59136,2.0
frame,lgw,Year 1, spring 18, Thursday,59137,26.7
frame,lgw,Year 1, spring 18, Thursday,59138,25.3
frame,lgw,Year 1, spring 18, Thursday,59139,2.3
frame,lgw,Year 1, spring 18, Thursday,59140,26.6
frame,lgw,Year 1, spring 18, Thursday,59141,23.4
frame,lgw,Year 1, spring 18, Thursday,59142,1.7
frame,lgw,Year 1, spring 18, Thursday,59143,24.1
frame,lgw,Year 1, spring 18, Thursday,59144,22.6
frame,lgw,Year 1, spring 18, Thursday,59145,1.4
frame,lgw,Year 1, spring 18, Thursday,59146,25.0
frame,lgw,Year 1, spring 18, Thursday,59147,22.1
frame,lgw,Year 1, spring 18, Thursday,59148,0.7
frame,lgw,Year 1, spring 18, Thursday,59149,23.8
frame,lgw,Year 1, spring 18, Thursday,59150,23.5
frame,lgw,Year 1, spring 18, Thursday,59151,2.3
frame,lgw,Year 1, spring 18, Thursday,59152,24.3
frame,lgw,Year 1, spring 18, Thursday,59153,25.0
frame,lgw,Year 1, spring 18, Thursday,59154,0.9
frame,lgw,Year 1, spring 18, Thursday,59155,22.7
frame,lgw,Year 1, spring 18, Thursday,59156,23.1
frame,lgw,Year 1, spring 18, Thursday,59157,23.1
frame,lgw,Year 1, spring 18, Thursday,59158,0.7
frame,lgw,Year 1, spring 18, Thursday,59159,23.4
frame,lgw,Year 1, spring 18, Thursday,59160,21.8
frame,lgw,Year 1, spring 18, Thursday,59161,0.6
frame,lgw,Year 1, spring 18, Thursday,59162,23.8
frame,lgw,Year 1, spring 18, Thursday,59163,22.4
frame,lgw,Year 1, spring 18, Thursday,59164,26.4
frame,lgw,Year 1, spring 18, Thursday,59165,0.9
frame,lgw,Year 1, spring 18, Thursday,59166,22.8
frame,lgw,Year 1, spring 18, Thursday,59167,24.6
frame,lgw,Year 1, spring 18, Thursday,59168,1.3
frame,lgw,Year 1, spring 18, Thursday,59169,25.4
frame,lgw,Year 1, spring 18, Thursday,59170,23.4
frame,lgw,Year 1, spring 18, Thursday,59171,0.8
frame,lgw,Year 1, spring 18, Thursday,59172,23.6
frame,lgw,Year 1, spring 18, Thursday,59173,22.3
frame,lgw,Year 1, spring 18, Thursday,59174,0.6
frame,lgw,Year 1, spring 18, Thursday,59175,24.2
frame,lgw,Year 1, spring 18, Thursday,59176,23.3
frame,lgw,Year 1, spring 18, Thursday,59177,0.7
frame,lgw,Year 1, spring 18, Thursday,59178,22.0
frame,lgw,Year 1, spring 18, Thursday,59179,22.8
frame,lgw,Year 1, spring 18, Thursday,59180,23.5
frame,lgw,Year 1, spring 18, Thursday,59181,4.7
frame,lgw,Year 1, spring 18, Thursday,59182,23.7
frame,lgw,Year 1, spring 18, Thursday,59183,23.7
frame,lgw,Year 1, spring 18, Thursday,59184,1.3
frame,lgw,Year 1, spring 18, Thursday,59185,23.6
frame,lgw,Year 1, spring 18, Thursday,59186,22.6
frame,lgw,Year 1, spring 18, Thursday,59187,0.7
frame,lgw,Year 1, spring 18, Thursday,59188,22.3
frame,lgw,Year 1, spring 18, Thursday,59189,22.0
frame,lgw,Year 1, spring 18, Thursday,59190,22.9
frame,lgw,Year 1, spring 18, Thursday,59191,0.7
frame,lgw,Year 1, spring 18, Thursday,59192,22.1
frame,lgw,Year 1, spring 18, Thursday,59193,22.7
frame,lgw,Year 1, spring 18, Thursday,59194,0.6
frame,lgw,Year 1, spring 18, Thursday,59195,23.6
frame,lgw,Year 1, spring 18, Thursday,59196,23.5
frame,lgw,Year 1, spring 18, Thursday,59197,22.5
frame,lgw,Year 1, spring 18, Thursday,59198,0.9
frame,lgw,Year 1, spring 18, Thursday,59199,26.4
frame,lgw,Year 1, spring 18, Thursday,59200,21.9
frame,lgw,Year 1, spring 18, Thursday,59201,0.5
frame,lgw,Year 1, spring 18, Thursday,59202,23.3
frame,lgw,Year 1, spring 18, Thursday,59203,24.0
frame,lgw,Year 1, spring 18, Thursday,59204,1.1
frame,lgw,Year 1, spring 18, Thursday,59205,23.3
frame,lgw,Year 1, spring 18, Thursday,59206,22.6
frame,lgw,Year 1, spring 18, Thursday,59207,22.0
frame,lgw,Year 1, spring 18, Thursday,59208,1.0
frame,lgw,Year 1, spring 18, Thursday,59209,21.9
frame,lgw,Year 1, spring 18, Thursday,59210,22.9
frame,lgw,Year 1, spring 18, Thursday,59211,22.5
frame,lgw,Year 1, spring 18, Thursday,59212,0.9
frame,lgw,Year 1, spring 18, Thursday,59213,22.2
frame,lgw,Year 1, spring 18, Thursday,59214,23.1
frame,lgw,Year 1, spring 18, Thursday,59215,3.9
frame,lgw,Year 1, spring 18, Thursday,59216,23.3
frame,lgw,Year 1, spring 18, Thursday,59217,26.2
frame,lgw,Year 1, spring 18, Thursday,59218,1.4
frame,lgw,Year 1, spring 18, Thursday,59219,22.1
frame,lgw,Year 1, spring 18, Thursday,59220,24.2
frame,lgw,Year 1, spring 18, Thursday,59221,1.3
frame,lgw,Year 1, spring 18, Thursday,59222,24.1
frame,lgw,Year 1, spring 18, Thursday,59223,23.2
frame,lgw,Year 1, spring 18, Thursday,59224,1.0
frame,lgw,Year 1, spring 18, Thursday,59225,21.9
frame,lgw,Year 1, spring 18, Thursday,59226,21.9
frame,lgw,Year 1, spring 18, Thursday,59227,22.2
frame,lgw,Year 1, spring 18, Thursday,59228,1.2
frame,lgw,Year 1, spring 18, Thursday,59229,22.8
frame,lgw,Year 1, spring 18, Thursday,59230,22.9
frame,lgw,Year 1, spring 18, Thursday,59231,22.7
frame,lgw,Year 1, spring 18, Thursday,59232,1.3
frame,lgw,Year 1, spring 18, Thursday,59233,22.5
frame,lgw,Year 1, spring 18, Thursday,59234,23.6
frame,lgw,Year 1, spring 18, Thursday,59235,2.1
frame,lgw,Year 1, spring 18, Thursday,59236,24.9
frame,lgw,Year 1, spring 18, Thursday,59237,24.1
frame,lgw,Year 1, spring 18, Thursday,59238,1.3
frame,lgw,Year 1, spring 18, Thursday,59239,24.0
frame,lgw,Year 1, spring 18, Thursday,59240,23.9
frame,lgw,Year 1, spring 18, Thursday,59241,1.4
frame,lgw,Year 1, spring 18, Thursday,59242,23.5
frame,lgw,Year 1, spring 18, Thursday,59243,22.6
frame,lgw,Year 1, spring 18, Thursday,59244,23.7
frame,lgw,Year 1, spring 18, Thursday,59245,0.7
frame,lgw,Year 1, spring 18, Thursday,59246,24.8
frame,lgw,Year 1, spring 18, Thursday,59247,25.4
frame,lgw,Year 1, spring 18, Thursday,59248,0.8
frame,lgw,Year 1, spring 18, Thursday,59249,23.9
frame,lgw,Year 1, spring 18, Thursday,59250,22.5
frame,lgw,Year 1, spring 18, Thursday,59251,1.3
frame,lgw,Year 1, spring 18, Thursday,59252,22.6
frame,lgw,Year 1, spring 18, Thursday,59253,24.2
frame,lgw,Year 1, spring 18, Thursday,59254,0.8
frame,lgw,Year 1, spring 18, Thursday,59255,22.3
frame,lgw,Year 1, spring 18, Thursday,59256,22.9
frame,lgw,Year 1, spring 18, Thursday,59257,24.5
frame,lgw,Year 1, spring 18, Thursday,59258,0.6
frame,lgw,Year 1, spring 18, Thursday,59259,22.4
frame,lgw,Year 1, spring 18, Thursday,59260,22.7
frame,lgw,Year 1, spring 18, Thursday,59261,0.5
frame,lgw,Year 1, spring 18, Thursday,59262,23.2
frame,lgw,Year 1, spring 18, Thursday,59263,22.7
frame,lgw,Year 1, spring 18, Thursday,59264,22.7
frame,lgw,Year 1, spring 18, Thursday,59265,2.2
frame,lgw,Year 1, spring 18, Thursday,59266,23.6
frame,lgw,Year 1, spring 18, Thursday,59267,22.8
frame,lgw,Year 1, spring 18, Thursday,59268,0.9
frame,lgw,Year 1, spring 18, Thursday,59269,23.8
frame,lgw,Year 1, spring 18, Thursday,59270,23.6
frame,lgw,Year 1, spring 18, Thursday,59271,1.5
frame,lgw,Year 1, spring 18, Thursday,59272,23.8
frame,lgw,Year 1, spring 18, Thursday,59273,24.5
frame,lgw,Year 1, spring 18, Thursday,59274,22.7
frame,lgw,Year 1, spring 18, Thursday,59275,0.8
frame,lgw,Year 1, spring 18, Thursday,59276,24.3
frame,lgw,Year 1, spring 18, Thursday,59277,22.9
frame,lgw,Year 1, spring 18, Thursday,59278,1.0
frame,lgw,Year 1, spring 18, Thursday,59279,25.0
frame,lgw,Year 1, spring 18, Thursday,59280,26.2
frame,lgw,Year 1, spring 18, Thursday,59281,1.9
frame,lgw,Year 1, spring 18, Thursday,59282,22.8
frame,lgw,Year 1, spring 18, Thursday,59283,25.2
frame,lgw,Year 1, spring 18, Thursday,59284,1.2
frame,lgw,Year 1, spring 18, Thursday,59285,22.9
frame,lgw,Year 1, spring 18, Thursday,59286,22.3
frame,lgw,Year 1, spring 18, Thursday,59287,0.6
frame,lgw,Year 1, spring 18, Thursday,59288,22.9
frame,lgw,Year 1, spring 18, Thursday,59289,22.1
frame,lgw,Year 1, spring 18, Thursday,59290,0.4
frame,lgw,Year 1, spring 18, Thursday,59291,25.0
frame,lgw,Year 1, spring 18, Thursday,59292,28.7
frame,lgw,Year 1, spring 18, Thursday,59293,24.1
frame,lgw,Year 1, spring 18, Thursday,59294,1.8
frame,lgw,Year 1, spring 18, Thursday,59295,24.3
frame,lgw,Year 1, spring 18, Thursday,59296,1.0
frame,lgw,Year 1, spring 18, Thursday,59297,23.3
frame,lgw,Year 1, spring 18, Thursday,59298,23.7
frame,lgw,Year 1, spring 18, Thursday,59299,1.1
frame,lgw,Year 1, spring 18, Thursday,59300,23.2
frame,lgw,Year 1, spring 18, Thursday,59301,23.3
frame,lgw,Year 1, spring 18, Thursday,59302,23.0
frame,lgw,Year 1, spring 18, Thursday,59303,0.7
frame,lgw,Year 1, spring 18, Thursday,59304,23.3
frame,lgw,Year 1, spring 18, Thursday,59305,22.7
frame,lgw,Year 1, spring 18, Thursday,59306,1.5
frame,lgw,Year 1, spring 18, Thursday,59307,25.8
frame,lgw,Year 1, spring 18, Thursday,59308,23.4
frame,lgw,Year 1, spring 18, Thursday,59309,1.3
frame,lgw,Year 1, spring 18, Thursday,59310,23.8
frame,lgw,Year 1, spring 18, Thursday,59311,26.3
frame,lgw,Year 1, spring 18, Thursday,59312,1.7
frame,lgw,Year 1, spring 18, Thursday,59313,22.5
frame,lgw,Year 1, spring 18, Thursday,59314,24.8
frame,lgw,Year 1, spring 18, Thursday,59315,0.7
frame,lgw,Year 1, spring 18, Thursday,59316,25.6
frame,lgw,Year 1, spring 18, Thursday,59317,23.5
frame,lgw,Year 1, spring 18, Thursday,59318,1.0
frame,lgw,Year 1, spring 18, Thursday,59319,27.0
frame,lgw,Year 1, spring 18, Thursday,59320,25.6
frame,lgw,Year 1, spring 18, Thursday,59321,0.8
frame,lgw,Year 1, spring 18, Thursday,59322,24.3
frame,lgw,Year 1, spring 18, Thursday,59323,24.5
frame,lgw,Year 1, spring 18, Thursday,59324,1.0
frame,lgw,Year 1, spring 18, Thursday,59325,23.1
frame,lgw,Year 1, spring 18, Thursday,59326,22.2
frame,lgw,Year 1, spring 18, Thursday,59327,0.6
frame,lgw,Year 1, spring 18, Thursday,59328,22.2
frame,lgw,Year 1, spring 18, Thursday,59329,23.7
frame,lgw,Year 1, spring 18, Thursday,59330,23.9
frame,lgw,Year 1, spring 18, Thursday,59331,1.9
frame,lgw,Year 1, spring 18, Thursday,59332,23.7
frame,lgw,Year 1, spring 18, Thursday,59333,24.7
frame,lgw,Year 1, spring 18, Thursday,59334,0.8
frame,lgw,Year 1, spring 18, Thursday,59335,23.7
frame,lgw,Year 1, spring 18, Thursday,59336,26.1
frame,lgw,Year 1, spring 18, Thursday,59337,0.7
frame,lgw,Year 1, spring 18, Thursday,59338,22.3
frame,lgw,Year 1, spring 18, Thursday,59339,22.9
frame,lgw,Year 1, spring 18, Thursday,59340,3.3
frame,lgw,Year 1, spring 18, Thursday,59341,22.9
frame,lgw,Year 1, spring 18, Thursday,59342,24.5
frame,lgw,Year 1, spring 18, Thursday,59343,1.4
frame,lgw,Year 1, spring 18, Thursday,59344,24.6
frame,lgw,Year 1, spring 18, Thursday,59345,23.6
frame,lgw,Year 1, spring 18, Thursday,59346,0.7
frame,lgw,Year 1, spring 18, Thursday,59347,23.5
frame,lgw,Year 1, spring 18, Thursday,59348,24.6
frame,lgw,Year 1, spring 18, Thursday,59349,4.3
frame,lgw,Year 1, spring 18, Thursday,59350,24.4
frame,lgw,Year 1, spring 18, Thursday,59351,23.2
frame,lgw,Year 1, spring 18, Thursday,59352,1.9
frame,lgw,Year 1, spring 18, Thursday,59353,24.7
frame,lgw,Year 1, spring 18, Thursday,59354,22.1
frame,lgw,Year 1, spring 18, Thursday,59355,1.1
frame,lgw,Year 1, spring 18, Thursday,59356,24.2
frame,lgw,Year 1, spring 18, Thursday,59357,23.9
frame,lgw,Year 1, spring 18, Thursday,59358,0.7
frame,lgw,Year 1, spring 18, Thursday,59359,23.4
frame,lgw,Year 1, spring 18, Thursday,59360,22.5
frame,lgw,Year 1, spring 18, Thursday,59361,23.2
frame,lgw,Year 1, spring 18, Thursday,59362,1.0
frame,lgw,Year 1, spring 18, Thursday,59363,22.4
frame,lgw,Year 1, spring 18, Thursday,59364,24.8
frame,lgw,Year 1, spring 18, Thursday,59365,1.0
frame,lgw,Year 1, spring 18, Thursday,59366,23.2
frame,lgw,Year 1, spring 18, Thursday,59367,23.9
frame,lgw,Year 1, spring 18, Thursday,59368,1.1
frame,lgw,Year 1, spring 18, Thursday,59369,22.5
frame,lgw,Year 1, spring 18, Thursday,59370,22.7
frame,lgw,Year 1, spring 18, Thursday,59371,23.4
frame,lgw,Year 1, spring 18, Thursday,59372,1.2
frame,lgw,Year 1, spring 18, Thursday,59373,23.3
frame,lgw,Year 1, spring 18, Thursday,59374,25.0
frame,lgw,Year 1, spring 18, Thursday,59375,1.3
frame,lgw,Year 1, spring 18, Thursday,59376,22.8
frame,lgw,Year 1, spring 18, Thursday,59377,25.5
frame,lgw,Year 1, spring 18, Thursday,59378,2.8
frame,lgw,Year 1, spring 18, Thursday,59379,24.7
frame,lgw,Year 1, spring 18, Thursday,59380,22.9
frame,lgw,Year 1, spring 18, Thursday,59381,2.4
frame,lgw,Year 1, spring 18, Thursday,59382,22.2
frame,lgw,Year 1, spring 18, Thursday,59383,24.1
frame,lgw,Year 1, spring 18, Thursday,59384,1.6
frame,lgw,Year 1, spring 18, Thursday,59385,23.9
frame,lgw,Year 1, spring 18, Thursday,59386,23.8
frame,lgw,Year 1, spring 18, Thursday,59387,1.7
frame,lgw,Year 1, spring 18, Thursday,59388,23.0
frame,lgw,Year 1, spring 18, Thursday,59389,23.0
frame,lgw,Year 1, spring 18, Thursday,59390,23.4
frame,lgw,Year 1, spring 18, Thursday,59391,0.8
frame,lgw,Year 1, spring 18, Thursday,59392,23.8
frame,lgw,Year 1, spring 18, Thursday,59393,23.4
frame,lgw,Year 1, spring 18, Thursday,59394,1.2
frame,lgw,Year 1, spring 18, Thursday,59395,23.3
frame,lgw,Year 1, spring 18, Thursday,59396,24.0
frame,lgw,Year 1, spring 18, Thursday,59397,1.1
frame,lgw,Year 1, spring 18, Thursday,59398,24.4
frame,lgw,Year 1, spring 18, Thursday,59399,22.7
frame,lgw,Year 1, spring 18, Thursday,59400,1.4
frame,lgw,Year 1, spring 18, Thursday,59401,24.7
frame,lgw,Year 1, spring 18, Thursday,59402,23.3
frame,lgw,Year 1, spring 18, Thursday,59403,0.9
frame,lgw,Year 1, spring 18, Thursday,59404,22.6
frame,lgw,Year 1, spring 18, Thursday,59405,23.3
frame,lgw,Year 1, spring 18, Thursday,59406,22.3
frame,lgw,Year 1, spring 18, Thursday,59407,0.7
frame,lgw,Year 1, spring 18, Thursday,59408,24.9
frame,lgw,Year 1, spring 18, Thursday,59409,24.5
frame,lgw,Year 1, spring 18, Thursday,59410,1.3
frame,lgw,Year 1, spring 18, Thursday,59411,28.4
frame,lgw,Year 1, spring 18, Thursday,59412,26.0
frame,lgw,Year 1, spring 18, Thursday,59413,1.9
frame,lgw,Year 1, spring 18, Thursday,59414,24.7
frame,lgw,Year 1, spring 18, Thursday,59415,1.1
frame,lgw,Year 1, spring 18, Thursday,59416,22.8
frame,lgw,Year 1, spring 18, Thursday,59417,23.2
frame,lgw,Year 1, spring 18, Thursday,59418,23.4
frame,lgw,Year 1, spring 18, Thursday,59419,0.7
frame,lgw,Year 1, spring 18, Thursday,59420,22.6
frame,lgw,Year 1, spring 18, Thursday,59421,23.2
frame,lgw,Year 1, spring 18, Thursday,59422,1.1
frame,lgw,Year 1, spring 18, Thursday,59423,23.6
frame,lgw,Year 1, spring 18, Thursday,59424,22.5
frame,lgw,Year 1, spring 18, Thursday,59425,1.3
frame,lgw,Year 1, spring 18, Thursday,59426,23.2
frame,lgw,Year 1, spring 18, Thursday,59427,22.8
frame,lgw,Year 1, spring 18, Thursday,59428,23.5
frame,lgw,Year 1, spring 18, Thursday,59429,3.8
frame,lgw,Year 1, spring 18, Thursday,59430,24.5
frame,lgw,Year 1, spring 18, Thursday,59431,22.4
frame,lgw,Year 1, spring 18, Thursday,59432,1.2
frame,lgw,Year 1, spring 18, Thursday,59433,23.4
frame,lgw,Year 1, spring 18, Thursday,59434,23.9
frame,lgw,Year 1, spring 18, Thursday,59435,2.2
frame,lgw,Year 1, spring 18, Thursday,59436,23.9
frame,lgw,Year 1, spring 18, Thursday,59437,23.4
frame,lgw,Year 1, spring 18, Thursday,59438,3.7
frame,lgw,Year 1, spring 18, Thursday,59439,24.1
frame,lgw,Year 1, spring 18, Thursday,59440,24.5
frame,lgw,Year 1, spring 18, Thursday,59441,2.5
frame,lgw,Year 1, spring 18, Thursday,59442,27.7
frame,lgw,Year 1, spring 18, Thursday,59443,22.7
frame,lgw,Year 1, spring 18, Thursday,59444,1.4
frame,lgw,Year 1, spring 18, Thursday,59445,23.2
frame,lgw,Year 1, spring 18, Thursday,59446,24.1
frame,lgw,Year 1, spring 18, Thursday,59447,1.1
frame,lgw,Year 1, spring 18, Thursday,59448,22.6
frame,lgw,Year 1, spring 18, Thursday,59449,22.7
frame,lgw,Year 1, spring 18, Thursday,59450,0.6
frame,lgw,Year 1, spring 18, Thursday,59451,22.3
frame,lgw,Year 1, spring 18, Thursday,59452,22.5
frame,lgw,Year 1, spring 18, Thursday,59453,24.0
frame,lgw,Year 1, spring 18, Thursday,59454,1.4
frame,lgw,Year 1, spring 18, Thursday,59455,23.1
frame,lgw,Year 1, spring 18, Thursday,59456,23.9
frame,lgw,Year 1, spring 18, Thursday,59457,2.5
frame,lgw,Year 1, spring 18, Thursday,59458,25.2
frame,lgw,Year 1, spring 18, Thursday,59459,22.7
frame,lgw,Year 1, spring 18, Thursday,59460,1.0
frame,lgw,Year 1, spring 18, Thursday,59461,23.2
frame,lgw,Year 1, spring 18, Thursday,59462,26.9
frame,lgw,Year 1, spring 18, Thursday,59463,1.7
frame,lgw,Year 1, spring 18, Thursday,59464,23.1
frame,lgw,Year 1, spring 18, Thursday,59465,26.7
frame,lgw,Year 1, spring 18, Thursday,59466,3.9
frame,lgw,Year 1, spring 18, Thursday,59467,22.8
frame,lgw,Year 1, spring 18, Thursday,59468,4.8
frame,lgw,Year 1, spring 18, Thursday,59469,23.2
frame,lgw,Year 1, spring 18, Thursday,59470,24.0
frame,lgw,Year 1, spring 18, Thursday,59471,0.6
frame,lgw,Year 1, spring 18, Thursday,59472,23.2
frame,lgw,Year 1, spring 18, Thursday,59473,24.4
frame,lgw,Year 1, spring 18, Thursday,59474,23.5
frame,lgw,Year 1, spring 18, Thursday,59475,3.6
frame,lgw,Year 1, spring 18, Thursday,59476,22.1
frame,lgw,Year 1, spring 18, Thursday,59477,0.8
frame,lgw,Year 1, spring 18, Thursday,59478,22.7
frame,lgw,Year 1, spring 18, Thursday,59479,22.9
frame,lgw,Year 1, spring 18, Thursday,59480,23.8
frame,lgw,Year 1, spring 18, Thursday,59481,0.7
frame,lgw,Year 1, spring 18, Thursday,59482,22.1
frame,lgw,Year 1, spring 18, Thursday,59483,23.5
frame,lgw,Year 1, spring 18, Thursday,59484,25.0
frame,lgw,Year 1, spring 18, Thursday,59485,5.9
frame,lgw,Year 1, spring 18, Thursday,59486,22.8
frame,lgw,Year 1, spring 18, Thursday,59487,0.9
frame,lgw,Year 1, spring 18, Thursday,59488,25.2
frame,lgw,Year 1, spring 18, Thursday,59489,22.3
frame,lgw,Year 1, spring 18, Thursday,59490,0.6
frame,lgw,Year 1, spring 18, Thursday,59491,22.0
frame,lgw,Year 1, spring 18, Thursday,59492,22.4
frame,lgw,Year 1, spring 18, Thursday,59493,22.7
frame,lgw,Year 1, spring 18, Thursday,59494,0.6
frame,lgw,Year 1, spring 18, Thursday,59495,22.3
frame,lgw,Year 1, spring 18, Thursday,59496,22.6
frame,lgw,Year 1, spring 18, Thursday,59497,22.5
frame,lgw,Year 1, spring 18, Thursday,59498,0.9
frame,lgw,Year 1, spring 18, Thursday,59499,22.6
frame,lgw,Year 1, spring 18, Thursday,59500,22.0
frame,lgw,Year 1, spring 18, Thursday,59501,0.8
frame,lgw,Year 1, spring 18, Thursday,59502,22.0
frame,lgw,Year 1, spring 18, Thursday,59503,22.7
frame,lgw,Year 1, spring 18, Thursday,59504,22.8
frame,lgw,Year 1, spring 18, Thursday,59505,2.7
frame,lgw,Year 1, spring 18, Thursday,59506,22.9
frame,lgw,Year 1, spring 18, Thursday,59507,22.1
frame,lgw,Year 1, spring 18, Thursday,59508,22.7
frame,lgw,Year 1, spring 18, Thursday,59509,1.1
frame,lgw,Year 1, spring 18, Thursday,59510,22.0
frame,lgw,Year 1, spring 18, Thursday,59511,23.5
frame,lgw,Year 1, spring 18, Thursday,59512,0.9
frame,lgw,Year 1, spring 18, Thursday,59513,21.9
frame,lgw,Year 1, spring 18, Thursday,59514,24.2
frame,lgw,Year 1, spring 18, Thursday,59515,22.4
frame,lgw,Year 1, spring 18, Thursday,59516,1.2
frame,lgw,Year 1, spring 18, Thursday,59517,21.8
frame,lgw,Year 1, spring 18, Thursday,59518,22.9
frame,lgw,Year 1, spring 18, Thursday,59519,1.4
frame,lgw,Year 1, spring 18, Thursday,59520,21.9
frame,lgw,Year 1, spring 18, Thursday,59521,22.4
frame,lgw,Year 1, spring 18, Thursday,59522,24.3
frame,lgw,Year 1, spring 18, Thursday,59523,0.9
frame,lgw,Year 1, spring 18, Thursday,59524,23.0
frame,lgw,Year 1, spring 18, Thursday,59525,22.6
frame,lgw,Year 1, spring 18, Thursday,59526,0.9
frame,lgw,Year 1, spring 18, Thursday,59527,22.7
frame,lgw,Year 1, spring 18, Thursday,59528,22.4
frame,lgw,Year 1, spring 18, Thursday,59529,22.3
frame,lgw,Year 1, spring 18, Thursday,59530,0.6
frame,lgw,Year 1, spring 18, Thursday,59531,22.1
frame,lgw,Year 1, spring 18, Thursday,59532,21.9
frame,lgw,Year 1, spring 18, Thursday,59533,23.4
frame,lgw,Year 1, spring 18, Thursday,59534,0.8
frame,lgw,Year 1, spring 18, Thursday,59535,23.8
frame,lgw,Year 1, spring 18, Thursday,59536,24.7
frame,lgw,Year 1, spring 18, Thursday,59537,0.6
frame,lgw,Year 1, spring 18, Thursday,59538,21.8
frame,lgw,Year 1, spring 18, Thursday,59539,25.7
frame,lgw,Year 1, spring 18, Thursday,59540,24.3
frame,lgw,Year 1, spring 18, Thursday,59541,1.8
frame,lgw,Year 1, spring 18, Thursday,59542,23.1
frame,lgw,Year 1, spring 18, Thursday,59543,24.4
frame,lgw,Year 1, spring 18, Thursday,59544,0.7
frame,lgw,Year 1, spring 18, Thursday,59545,22.9
frame,lgw,Year 1, spring 18, Thursday,59546,22.2
frame,lgw,Year 1, spring 18, Thursday,59547,0.6
frame,lgw,Year 1, spring 18, Thursday,59548,21.6
frame,lgw,Year 1, spring 18, Thursday,59549,22.1
frame,lgw,Year 1, spring 18, Thursday,59550,22.4
frame,lgw,Year 1, spring 18, Thursday,59551,0.5
frame,lgw,Year 1, spring 18, Thursday,59552,23.1
frame,lgw,Year 1, spring 18, Thursday,59553,23.0
frame,lgw,Year 1, spring 18, Thursday,59554,22.2
frame,lgw,Year 1, spring 18, Thursday,59555,1.4
frame,lgw,Year 1, spring 18, Thursday,59556,24.3
frame,lgw,Year 1, spring 18, Thursday,59557,22.4
frame,lgw,Year 1, spring 18, Thursday,59558,1.4
frame,lgw,Year 1, spring 18, Thursday,59559,23.4
frame,lgw,Year 1, spring 18, Thursday,59560,22.6
frame,lgw,Year 1, spring 18, Thursday,59561,0.9
frame,lgw,Year 1, spring 18, Thursday,59562,22.0
frame,lgw,Year 1, spring 18, Thursday,59563,26.4
frame,lgw,Year 1, spring 18, Thursday,59564,23.5
frame,lgw,Year 1, spring 18, Thursday,59565,0.9
frame,lgw,Year 1, spring 18, Thursday,59566,24.3
frame,lgw,Year 1, spring 18, Thursday,59567,22.4
frame,lgw,Year 1, spring 18, Thursday,59568,1.7
frame,lgw,Year 1, spring 18, Thursday,59569,23.6
frame,lgw,Year 1, spring 18, Thursday,59570,22.7
frame,lgw,Year 1, spring 18, Thursday,59571,0.9
frame,lgw,Year 1, spring 18, Thursday,59572,24.9
frame,lgw,Year 1, spring 18, Thursday,59573,23.6
frame,lgw,Year 1, spring 18, Thursday,59574,0.8
frame,lgw,Year 1, spring 18, Thursday,59575,21.6
frame,lgw,Year 1, spring 18, Thursday,59576,22.5
frame,lgw,Year 1, spring 18, Thursday,59577,22.0
frame,lgw,Year 1, spring 18, Thursday,59578,0.5
frame,lgw,Year 1, spring 18, Thursday,59579,23.3
frame,lgw,Year 1, spring 18, Thursday,59580,22.4
frame,lgw,Year 1, spring 18, Thursday,59581,23.5
frame,lgw,Year 1, spring 18, Thursday,59582,2.8
frame,lgw,Year 1, spring 18, Thursday,59583,22.6
frame,lgw,Year 1, spring 18, Thursday,59584,26.1
frame,lgw,Year 1, spring 18, Thursday,59585,0.7
frame,lgw,Year 1, spring 18, Thursday,59586,22.6
frame,lgw,Year 1, spring 18, Thursday,59587,23.4
frame,lgw,Year 1, spring 18, Thursday,59588,3.3
frame,lgw,Year 1, spring 18, Thursday,59589,23.2
frame,lgw,Year 1, spring 18, Thursday,59590,24.3
frame,lgw,Year 1, spring 18, Thursday,59591,0.9
frame,lgw,Year 1, spring 18, Thursday,59592,26.1
frame,lgw,Year 1, spring 18, Thursday,59593,23.2
frame,lgw,Year 1, spring 18, Thursday,59594,5.9
frame,lgw,Year 1, spring 18, Thursday,59595,23.6
frame,lgw,Year 1, spring 18, Thursday,59596,1.0
frame,lgw,Year 1, spring 18, Thursday,59597,23.2
frame,lgw,Year 1, spring 18, Thursday,59598,24.1
frame,lgw,Year 1, spring 18, Thursday,59599,23.0
frame,lgw,Year 1, spring 18, Thursday,59600,1.5
frame,lgw,Year 1, spring 18, Thursday,59601,23.4
frame,lgw,Year 1, spring 18, Thursday,59602,23.1
frame,lgw,Year 1, spring 18, Thursday,59603,0.6
frame,lgw,Year 1, spring 18, Thursday,59604,22.3
frame,lgw,Year 1, spring 18, Thursday,59605,25.1
frame,lgw,Year 1, spring 18, Thursday,59606,23.2
frame,lgw,Year 1, spring 18, Thursday,59607,2.2
frame,lgw,Year 1, spring 18, Thursday,59608,22.8
frame,lgw,Year 1, spring 18, Thursday,59609,0.6
frame,lgw,Year 1, spring 18, Thursday,59610,24.5
frame,lgw,Year 1, spring 18, Thursday,59611,23.1
frame,lgw,Year 1, spring 18, Thursday,59612,23.4
frame,lgw,Year 1, spring 18, Thursday,59613,2.0
frame,lgw,Year 1, spring 18, Thursday,59614,22.9
frame,lgw,Year 1, spring 18, Thursday,59615,23.7
frame,lgw,Year 1, spring 18, Thursday,59616,0.9
frame,lgw,Year 1, spring 18, Thursday,59617,23.0
frame,lgw,Year 1, spring 18, Thursday,59618,23.6
frame,lgw,Year 1, spring 18, Thursday,59619,1.7
frame,lgw,Year 1, spring 18, Thursday,59620,23.3
frame,lgw,Year 1, spring 18, Thursday,59621,22.3
frame,lgw,Year 1, spring 18, Thursday,59622,22.7
frame,lgw,Year 1, spring 18, Thursday,59623,0.6
frame,lgw,Year 1, spring 18, Thursday,59624,22.9
frame,lgw,Year 1, spring 18, Thursday,59625,24.2
frame,lgw,Year 1, spring 18, Thursday,59626,1.3
frame,lgw,Year 1, spring 18, Thursday,59627,23.5
frame,lgw,Year 1, spring 18, Thursday,59628,24.2
frame,lgw,Year 1, spring 18, Thursday,59629,24.7
frame,lgw,Year 1, spring 18, Thursday,59630,3.8
frame,lgw,Year 1, spring 18, Thursday,59631,23.7
frame,lgw,Year 1, spring 18, Thursday,59632,1.5
frame,lgw,Year 1, spring 18, Thursday,59633,26.9
frame,lgw,Year 1, spring 18, Thursday,59634,24.0
frame,lgw,Year 1, spring 18, Thursday,59635,1.0
frame,lgw,Year 1, spring 18, Thursday,59636,23.5
frame,lgw,Year 1, spring 18, Thursday,59637,23.8
frame,lgw,Year 1, spring 18, Thursday,59638,0.8
frame,lgw,Year 1, spring 18, Thursday,59639,23.7
frame,lgw,Year 1, spring 18, Thursday,59640,24.1
frame,lgw,Year 1, spring 18, Thursday,59641,0.7
frame,lgw,Year 1, spring 18, Thursday,59642,22.5
frame,lgw,Year 1, spring 18, Thursday,59643,22.4
frame,lgw,Year 1, spring 18, Thursday,59644,22.7
frame,lgw,Year 1, spring 18, Thursday,59645,0.5
frame,lgw,Year 1, spring 18, Thursday,59646,22.6
frame,lgw,Year 1, spring 18, Thursday,59647,22.6
frame,lgw,Year 1, spring 18, Thursday,59648,23.0
frame,lgw,Year 1, spring 18, Thursday,59649,0.9
frame,lgw,Year 1, spring 18, Thursday,59650,23.8
frame,lgw,Year 1, spring 18, Thursday,59651,23.3
frame,lgw,Year 1, spring 18, Thursday,59652,1.0
frame,lgw,Year 1, spring 18, Thursday,59653,23.0
frame,lgw,Year 1, spring 18, Thursday,59654,24.2
frame,lgw,Year 1, spring 18, Thursday,59655,3.1
frame,lgw,Year 1, spring 18, Thursday,59656,22.8
frame,lgw,Year 1, spring 18, Thursday,59657,22.2
frame,lgw,Year 1, spring 18, Thursday,59658,1.4
frame,lgw,Year 1, spring 18, Thursday,59659,25.8
frame,lgw,Year 1, spring 18, Thursday,59660,22.7
frame,lgw,Year 1, spring 18, Thursday,59661,0.7
frame,lgw,Year 1, spring 18, Thursday,59662,22.6
frame,lgw,Year 1, spring 18, Thursday,59663,23.1
frame,lgw,Year 1, spring 18, Thursday,59664,23.3
frame,lgw,Year 1, spring 18, Thursday,59665,0.7
frame,lgw,Year 1, spring 18, Thursday,59666,26.5
frame,lgw,Year 1, spring 18, Thursday,59667,23.5
frame,lgw,Year 1, spring 18, Thursday,59668,0.7
frame,lgw,Year 1, spring 18, Thursday,59669,23.1
frame,lgw,Year 1, spring 18, Thursday,59670,22.8
frame,lgw,Year 1, spring 18, Thursday,59671,0.7
frame,lgw,Year 1, spring 18, Thursday,59672,23.9
frame,lgw,Year 1, spring 18, Thursday,59673,23.6
frame,lgw,Year 1, spring 18, Thursday,59674,23.6
frame,lgw,Year 1, spring 18, Thursday,59675,1.5
frame,lgw,Year 1, spring 18, Thursday,59676,23.8
frame,lgw,Year 1, spring 18, Thursday,59677,23.3
frame,lgw,Year 1, spring 18, Thursday,59678,2.6
frame,lgw,Year 1, spring 18, Thursday,59679,23.0
frame,lgw,Year 1, spring 18, Thursday,59680,22.8
frame,lgw,Year 1, spring 18, Thursday,59681,0.6
frame,lgw,Year 1, spring 18, Thursday,59682,24.2
frame,lgw,Year 1, spring 18, Thursday,59683,23.7
frame,lgw,Year 1, spring 18, Thursday,59684,2.0
frame,lgw,Year 1, spring 18, Thursday,59685,23.1
frame,lgw,Year 1, spring 18, Thursday,59686,23.1
frame,lgw,Year 1, spring 18, Thursday,59687,25.4
frame,lgw,Year 1, spring 18, Thursday,59688,2.8
frame,lgw,Year 1, spring 18, Thursday,59689,22.3
frame,lgw,Year 1, spring 18, Thursday,59690,24.5
frame,lgw,Year 1, spring 18, Thursday,59691,0.9
frame,lgw,Year 1, spring 18, Thursday,59692,25.0
frame,lgw,Year 1, spring 18, Thursday,59693,24.8
frame,lgw,Year 1, spring 18, Thursday,59694,3.2
frame,lgw,Year 1, spring 18, Thursday,59695,22.9
frame,lgw,Year 1, spring 18, Thursday,59696,0.7
frame,lgw,Year 1, spring 18, Thursday,59697,22.8
frame,lgw,Year 1, spring 18, Thursday,59698,23.3
frame,lgw,Year 1, spring 18, Thursday,59699,22.8
frame,lgw,Year 1, spring 18, Thursday,59700,0.7
frame,lgw,Year 1, spring 18, Thursday,59701,23.2
frame,lgw,Year 1, spring 18, Thursday,59702,24.0
frame,lgw,Year 1, spring 18, Thursday,59703,1.1
frame,lgw,Year 1, spring 18, Thursday,59704,24.0
frame,lgw,Year 1, spring 18, Thursday,59705,22.7
frame,lgw,Year 1, spring 18, Thursday,59706,23.1
frame,lgw,Year 1, spring 18, Thursday,59707,1.0
frame,lgw,Year 1, spring 18, Thursday,59708,22.6
frame,lgw,Year 1, spring 18, Thursday,59709,24.2
frame,lgw,Year 1, spring 18, Thursday,59710,2.1
frame,lgw,Year 1, spring 18, Thursday,59711,25.3
frame,lgw,Year 1, spring 18, Thursday,59712,22.3
frame,lgw,Year 1, spring 18, Thursday,59713,0.8
frame,lgw,Year 1, spring 18, Thursday,59714,24.4
frame,lgw,Year 1, spring 18, Thursday,59715,25.4
frame,lgw,Year 1, spring 18, Thursday,59716,1.3
frame,lgw,Year 1, spring 18, Thursday,59717,22.8
frame,lgw,Year 1, spring 18, Thursday,59718,24.5
frame,lgw,Year 1, spring 18, Thursday,59719,2.1
frame,lgw,Year 1, spring 18, Thursday,59720,27.1
frame,lgw,Year 1, spring 18, Thursday,59721,23.1
frame,lgw,Year 1, spring 18, Thursday,59722,3.0
frame,lgw,Year 1, spring 18, Thursday,59723,24.3
frame,lgw,Year 1, spring 18, Thursday,59724,23.6
frame,lgw,Year 1, spring 18, Thursday,59725,1.3
frame,lgw,Year 1, spring 18, Thursday,59726,22.6
frame,lgw,Year 1, spring 18, Thursday,59727,23.9
frame,lgw,Year 1, spring 18, Thursday,59728,0.9
frame,lgw,Year 1, spring 18, Thursday,59729,23.4
frame,lgw,Year 1, spring 18, Thursday,59730,22.4
frame,lgw,Year 1, spring 18, Thursday,59731,0.6
frame,lgw,Year 1, spring 18, Thursday,59732,22.9
frame,lgw,Year 1, spring 18, Thursday,59733,23.7
frame,lgw,Year 1, spring 18, Thursday,59734,22.4
frame,lgw,Year 1, spring 18, Thursday,59735,0.6
frame,lgw,Year 1, spring 18, Thursday,59736,24.5
frame,lgw,Year 1, spring 18, Thursday,59737,26.2
frame,lgw,Year 1, spring 18, Thursday,59738,1.7
frame,lgw,Year 1, spring 18, Thursday,59739,23.5
frame,lgw,Year 1, spring 18, Thursday,59740,23.1
frame,lgw,Year 1, spring 18, Thursday,59741,0.5
frame,lgw,Year 1, spring 18, Thursday,59742,21.7
frame,lgw,Year 1, spring 18, Thursday,59743,23.7
frame,lgw,Year 1, spring 18, Thursday,59744,23.7
frame,lgw,Year 1, spring 18, Thursday,59745,1.4
frame,lgw,Year 1, spring 18, Thursday,59746,25.3
frame,lgw,Year 1, spring 18, Thursday,59747,24.5
frame,lgw,Year 1, spring 18, Thursday,59748,1.0
frame,lgw,Year 1, spring 18, Thursday,59749,22.3
frame,lgw,Year 1, spring 18, Thursday,59750,25.2
frame,lgw,Year 1, spring 18, Thursday,59751,1.1
frame,lgw,Year 1, spring 18, Thursday,59752,22.5
frame,lgw,Year 1, spring 18, Thursday,59753,24.6
frame,lgw,Year 1, spring 18, Thursday,59754,1.2
frame,lgw,Year 1, spring 18, Thursday,59755,22.0
frame,lgw,Year 1, spring 18, Thursday,59756,22.2
frame,lgw,Year 1, spring 18, Thursday,59757,22.8
frame,lgw,Year 1, spring 18, Thursday,59758,1.8
frame,lgw,Year 1, spring 18, Thursday,59759,22.8
frame,lgw,Year 1, spring 18, Thursday,59760,22.2
frame,lgw,Year 1, spring 18, Thursday,59761,0.8
frame,lgw,Year 1, spring 18, Thursday,59762,22.8
frame,lgw,Year 1, spring 18, Thursday,59763,23.3
frame,lgw,Year 1, spring 18, Thursday,59764,23.5
frame,lgw,Year 1, spring 18, Thursday,59765,1.1
frame,lgw,Year 1, spring 18, Thursday,59766,21.9
frame,lgw,Year 1, spring 18, Thursday,59767,27.4
frame,lgw,Year 1, spring 18, Thursday,59768,1.2
frame,lgw,Year 1, spring 18, Thursday,59769,24.8
frame,lgw,Year 1, spring 18, Thursday,59770,22.5
frame,lgw,Year 1, spring 18, Thursday,59771,1.5
frame,lgw,Year 1, spring 18, Thursday,59772,22.7
frame,lgw,Year 1, spring 18, Thursday,59773,25.1
frame,lgw,Year 1, spring 18, Thursday,59774,4.2
frame,lgw,Year 1, spring 18, Thursday,59775,25.5
frame,lgw,Year 1, spring 18, Thursday,59776,23.0
frame,lgw,Year 1, spring 18, Thursday,59777,1.5
frame,lgw,Year 1, spring 18, Thursday,59778,22.0
frame,lgw,Year 1, spring 18, Thursday,59779,22.7
frame,lgw,Year 1, spring 18, Thursday,59780,1.3
frame,lgw,Year 1, spring 18, Thursday,59781,23.1
frame,lgw,Year 1, spring 18, Thursday,59782,22.6
frame,lgw,Year 1, spring 18, Thursday,59783,0.7
frame,lgw,Year 1, spring 18, Thursday,59784,22.5
frame,lgw,Year 1, spring 18, Thursday,59785,22.9
frame,lgw,Year 1, spring 18, Thursday,59786,24.5
frame,lgw,Year 1, spring 18, Thursday,59787,0.9
frame,lgw,Year 1, spring 18, Thursday,59788,25.3
frame,lgw,Year 1, spring 18, Thursday,59789,22.5
frame,lgw,Year 1, spring 18, Thursday,59790,1.5
frame,lgw,Year 1, spring 18, Thursday,59791,23.2
frame,lgw,Year 1, spring 18, Thursday,59792,27.0
frame,lgw,Year 1, spring 18, Thursday,59793,1.6
frame,lgw,Year 1, spring 18, Thursday,59794,23.3
frame,lgw,Year 1, spring 18, Thursday,59795,23.3
frame,lgw,Year 1, spring 18, Thursday,59796,0.8
frame,lgw,Year 1, spring 18, Thursday,59797,21.8
frame,lgw,Year 1, spring 18, Thursday,59798,22.7
frame,lgw,Year 1, spring 18, Thursday,59799,22.9
frame,lgw,Year 1, spring 18, Thursday,59800,0.8
frame,lgw,Year 1, spring 18, Thursday,59801,22.7
frame,lgw,Year 1, spring 18, Thursday,59802,22.5
frame,lgw,Year 1, spring 18, Thursday,59803,0.5
frame,lgw,Year 1, spring 18, Thursday,59804,22.6
frame,lgw,Year 1, spring 18, Thursday,59805,23.4
frame,lgw,Year 1, spring 18, Thursday,59806,23.8
frame,lgw,Year 1, spring 18, Thursday,59807,3.7
frame,lgw,Year 1, spring 18, Thursday,59808,24.9
frame,lgw,Year 1, spring 18, Thursday,59809,22.5
frame,lgw,Year 1, spring 18, Thursday,59810,1.8
frame,lgw,Year 1, spring 18, Thursday,59811,23.1
frame,lgw,Year 1, spring 18, Thursday,59812,22.9
frame,lgw,Year 1, spring 18, Thursday,59813,0.6
frame,lgw,Year 1, spring 18, Thursday,59814,23.3
frame,lgw,Year 1, spring 18, Thursday,59815,22.1
frame,lgw,Year 1, spring 18, Thursday,59816,22.4
frame,lgw,Year 1, spring 18, Thursday,59817,0.7
frame,lgw,Year 1, spring 18, Thursday,59818,21.9
frame,lgw,Year 1, spring 18, Thursday,59819,22.3
frame,lgw,Year 1, spring 18, Thursday,59820,0.5
frame,lgw,Year 1, spring 18, Thursday,59821,21.6
frame,lgw,Year 1, spring 18, Thursday,59822,23.7
frame,lgw,Year 1, spring 18, Thursday,59823,23.5
frame,lgw,Year 1, spring 18, Thursday,59824,0.8
frame,lgw,Year 1, spring 18, Thursday,59825,23.9
frame,lgw,Year 1, spring 18, Thursday,59826,22.0
frame,lgw,Year 1, spring 18, Thursday,59827,27.3
frame,lgw,Year 1, spring 18, Thursday,59828,1.9
frame,lgw,Year 1, spring 18, Thursday,59829,27.2
frame,lgw,Year 1, spring 18, Thursday,59830,1.8
frame,lgw,Year 1, spring 18, Thursday,59831,23.0
frame,lgw,Year 1, spring 18, Thursday,59832,23.0
frame,lgw,Year 1, spring 18, Thursday,59833,0.6
frame,lgw,Year 1, spring 18, Thursday,59834,22.0
frame,lgw,Year 1, spring 18, Thursday,59835,22.9
frame,lgw,Year 1, spring 18, Thursday,59836,22.4
frame,lgw,Year 1, spring 18, Thursday,59837,1.0
frame,lgw,Year 1, spring 18, Thursday,59838,22.1
frame,lgw,Year 1, spring 18, Thursday,59839,22.0
frame,lgw,Year 1, spring 18, Thursday,59840,24.3
frame,lgw,Year 1, spring 18, Thursday,59841,0.8
frame,lgw,Year 1, spring 18, Thursday,59842,22.3
frame,lgw,Year 1, spring 18, Thursday,59843,22.7
frame,lgw,Year 1, spring 18, Thursday,59844,1.0
frame,lgw,Year 1, spring 18, Thursday,59845,23.1
frame,lgw,Year 1, spring 18, Thursday,59846,24.1
frame,lgw,Year 1, spring 18, Thursday,59847,22.6
frame,lgw,Year 1, spring 18, Thursday,59848,0.8
frame,lgw,Year 1, spring 18, Thursday,59849,24.4
frame,lgw,Year 1, spring 18, Thursday,59850,22.5
frame,lgw,Year 1, spring 18, Thursday,59851,0.8
frame,lgw,Year 1, spring 18, Thursday,59852,23.9
frame,lgw,Year 1, spring 18, Thursday,59853,23.0
frame,lgw,Year 1, spring 18, Thursday,59854,0.5
frame,lgw,Year 1, spring 18, Thursday,59855,22.8
frame,lgw,Year 1, spring 18, Thursday,59856,22.3
frame,lgw,Year 1, spring 18, Thursday,59857,23.1
frame,lgw,Year 1, spring 18, Thursday,59858,3.6
frame,lgw,Year 1, spring 18, Thursday,59859,23.1
frame,lgw,Year 1, spring 18, Thursday,59860,25.0
frame,lgw,Year 1, spring 18, Thursday,59861,1.0
frame,lgw,Year 1, spring 18, Thursday,59862,24.2
frame,lgw,Year 1, spring 18, Thursday,59863,21.9
frame,lgw,Year 1, spring 18, Thursday,59864,0.7
frame,lgw,Year 1, spring 18, Thursday,59865,22.7
frame,lgw,Year 1, spring 18, Thursday,59866,22.6
frame,lgw,Year 1, spring 18, Thursday,59867,22.1
frame,lgw,Year 1, spring 18, Thursday,59868,1.1
frame,lgw,Year 1, spring 18, Thursday,59869,21.9
frame,lgw,Year 1, spring 18, Thursday,59870,22.8
frame,lgw,Year 1, spring 18, Thursday,59871,1.5
frame,lgw,Year 1, spring 18, Thursday,59872,23.0
frame,lgw,Year 1, spring 18, Thursday,59873,25.5
frame,lgw,Year 1, spring 18, Thursday,59874,22.5
frame,lgw,Year 1, spring 18, Thursday,59875,1.8
frame,lgw,Year 1, spring 18, Thursday,59876,24.7
frame,lgw,Year 1, spring 18, Thursday,59877,24.2
frame,lgw,Year 1, spring 18, Thursday,59878,1.8
frame,lgw,Year 1, spring 18, Thursday,59879,22.6
frame,lgw,Year 1, spring 18, Thursday,59880,22.2
frame,lgw,Year 1, spring 18, Thursday,59881,3.2
frame,lgw,Year 1, spring 18, Thursday,59882,24.3
frame,lgw,Year 1, spring 18, Thursday,59883,23.1
frame,lgw,Year 1, spring 18, Thursday,59884,2.0
frame,lgw,Year 1, spring 18, Thursday,59885,22.7
frame,lgw,Year 1, spring 18, Thursday,59886,25.0
frame,lgw,Year 1, spring 18, Thursday,59887,0.8
frame,lgw,Year 1, spring 18, Thursday,59888,23.0
frame,lgw,Year 1, spring 18, Thursday,59889,24.8
frame,lgw,Year 1, spring 18, Thursday,59890,1.1
frame,lgw,Year 1, spring 18, Thursday,59891,23.9
frame,lgw,Year 1, spring 18, Thursday,59892,22.4
frame,lgw,Year 1, spring 18, Thursday,59893,0.7
frame,lgw,Year 1, spring 18, Thursday,59894,23.8
frame,lgw,Year 1, spring 18, Thursday,59895,24.1
frame,lgw,Year 1, spring 18, Thursday,59896,22.8
frame,lgw,Year 1, spring 18, Thursday,59897,1.7
frame,lgw,Year 1, spring 18, Thursday,59898,22.4
frame,lgw,Year 1, spring 18, Thursday,59899,25.4
frame,lgw,Year 1, spring 18, Thursday,59900,1.7
frame,lgw,Year 1, spring 18, Thursday,59901,23.9
frame,lgw,Year 1, spring 18, Thursday,59902,23.1
frame,lgw,Year 1, spring 18, Thursday,59903,1.3
frame,lgw,Year 1, spring 18, Thursday,59904,24.2
frame,lgw,Year 1, spring 18, Thursday,59905,23.8
frame,lgw,Year 1, spring 18, Thursday,59906,1.1
frame,lgw,Year 1, spring 18, Thursday,59907,23.1
frame,lgw,Year 1, spring 18, Thursday,59908,23.2
frame,lgw,Year 1, spring 18, Thursday,59909,27.5
frame,lgw,Year 1, spring 18, Thursday,59910,1.4
frame,lgw,Year 1, spring 18, Thursday,59911,22.1
frame,lgw,Year 1, spring 18, Thursday,59912,1.6
frame,lgw,Year 1, spring 18, Thursday,59913,22.0
frame,lgw,Year 1, spring 18, Thursday,59914,22.8
frame,lgw,Year 1, spring 18, Thursday,59915,22.9
frame,lgw,Year 1, spring 18, Thursday,59916,0.6
frame,lgw,Year 1, spring 18, Thursday,59917,22.5
frame,lgw,Year 1, spring 18, Thursday,59918,22.7
frame,lgw,Year 1, spring 18, Thursday,59919,23.9
frame,lgw,Year 1, spring 18, Thursday,59920,0.8
frame,lgw,Year 1, spring 18, Thursday,59921,21.8
frame,lgw,Year 1, spring 18, Thursday,59922,23.1
frame,lgw,Year 1, spring 18, Thursday,59923,0.8
frame,lgw,Year 1, spring 18, Thursday,59924,22.9
frame,lgw,Year 1, spring 18, Thursday,59925,24.5
frame,lgw,Year 1, spring 18, Thursday,59926,23.3
frame,lgw,Year 1, spring 18, Thursday,59927,0.9
frame,lgw,Year 1, spring 18, Thursday,59928,24.4
frame,lgw,Year 1, spring 18, Thursday,59929,22.6
frame,lgw,Year 1, spring 18, Thursday,59930,0.9
frame,lgw,Year 1, spring 18, Thursday,59931,23.1
frame,lgw,Year 1, spring 18, Thursday,59932,24.9
frame,lgw,Year 1, spring 18, Thursday,59933,4.6
frame,lgw,Year 1, spring 18, Thursday,59934,25.2
frame,lgw,Year 1, spring 18, Thursday,59935,24.1
frame,lgw,Year 1, spring 18, Thursday,59936,2.0
frame,lgw,Year 1, spring 18, Thursday,59937,23.9
frame,lgw,Year 1, spring 18, Thursday,59938,22.6
frame,lgw,Year 1, spring 18, Thursday,59939,1.0
frame,lgw,Year 1, spring 18, Thursday,59940,22.9
frame,lgw,Year 1, spring 18, Thursday,59941,22.6
frame,lgw,Year 1, spring 18, Thursday,59942,0.7
frame,lgw,Year 1, spring 18, Thursday,59943,23.3
frame,lgw,Year 1, spring 18, Thursday,59944,22.7
frame,lgw,Year 1, spring 18, Thursday,59945,24.7
frame,lgw,Year 1, spring 18, Thursday,59946,0.7
frame,lgw,Year 1, spring 18, Thursday,59947,21.8
frame,lgw,Year 1, spring 18, Thursday,59948,27.3
frame,lgw,Year 1, spring 18, Thursday,59949,1.8
frame,lgw,Year 1, spring 18, Thursday,59950,25.2
frame,lgw,Year 1, spring 18, Thursday,59951,1.1
frame,lgw,Year 1, spring 18, Thursday,59952,22.8
frame,lgw,Year 1, spring 18, Thursday,59953,23.0
frame,lgw,Year 1, spring 18, Thursday,59954,23.2
frame,lgw,Year 1, spring 18, Thursday,59955,1.1
frame,lgw,Year 1, spring 18, Thursday,59956,24.1
frame,lgw,Year 1, spring 18, Thursday,59957,23.7
frame,lgw,Year 1, spring 18, Thursday,59958,2.2
frame,lgw,Year 1, spring 18, Thursday,59959,24.8
frame,lgw,Year 1, spring 18, Thursday,59960,22.3
frame,lgw,Year 1, spring 18, Thursday,59961,2.0
frame,lgw,Year 1, spring 18, Thursday,59962,23.2
frame,lgw,Year 1, spring 18, Thursday,59963,21.8
frame,lgw,Year 1, spring 18, Thursday,59964,22.0
frame,lgw,Year 1, spring 18, Thursday,59965,0.6
frame,lgw,Year 1, spring 18, Thursday,59966,23.7
frame,lgw,Year 1, spring 18, Thursday,59967,24.8
frame,lgw,Year 1, spring 18, Thursday,59968,1.7
frame,lgw,Year 1, spring 18, Thursday,59969,24.6
frame,lgw,Year 1, spring 18, Thursday,59970,22.9
frame,lgw,Year 1, spring 18, Thursday,59971,0.7
frame,lgw,Year 1, spring 18, Thursday,59972,23.0
frame,lgw,Year 1, spring 18, Thursday,59973,22.8
frame,lgw,Year 1, spring 18, Thursday,59974,23.8
frame,lgw,Year 1, spring 18, Thursday,59975,0.6
frame,lgw,Year 1, spring 18, Thursday,59976,23.0
frame,lgw,Year 1, spring 18, Thursday,59977,22.8
frame,lgw,Year 1, spring 18, Thursday,59978,0.6
frame,lgw,Year 1, spring 18, Thursday,59979,24.0
frame,lgw,Year 1, spring 18, Thursday,59980,23.9
frame,lgw,Year 1, spring 18, Thursday,59981,1.9
frame,lgw,Year 1, spring 18, Thursday,59982,24.4
frame,lgw,Year 1, spring 18, Thursday,59983,23.0
frame,lgw,Year 1, spring 18, Thursday,59984,1.2
frame,lgw,Year 1, spring 18, Thursday,59985,23.1
frame,lgw,Year 1, spring 18, Thursday,59986,24.8
frame,lgw,Year 1, spring 18, Thursday,59987,24.5
frame,lgw,Year 1, spring 18, Thursday,59988,0.9
frame,lgw,Year 1, spring 18, Thursday,59989,24.2
frame,lgw,Year 1, spring 18, Thursday,59990,22.7
frame,lgw,Year 1, spring 18, Thursday,59991,1.2
frame,lgw,Year 1, spring 18, Thursday,59992,23.6
frame,lgw,Year 1, spring 18, Thursday,59993,22.3
frame,lgw,Year 1, spring 18, Thursday,59994,1.2
frame,lgw,Year 1, spring 18, Thursday,59995,22.2
frame,lgw,Year 1, spring 18, Thursday,59996,23.0
frame,lgw,Year 1, spring 18, Thursday,59997,23.6
frame,lgw,Year 1, spring 18, Thursday,59998,1.4
frame,lgw,Year 1, spring 18, Thursday,59999,22.5
