kind,player,date,name,calls,total_ms,avg_ms,max_ms
switch,lgw,Year 2, summer 28, Sunday,610,94.5
switchdetail,lgw,Year 2, summer 28, Sunday,600,442,0.0
lag,lgw,Year 2, summer 28, Sunday,2,322.5
lag,lgw,Year 2, summer 28, Sunday,7,105.2
lag,lgw,Year 2, summer 28, Sunday,31,621.1
lag,lgw,Year 2, summer 28, Sunday,108,225.2
lag,lgw,Year 2, summer 28, Sunday,1382,1040.5
lag,lgw,Year 2, summer 28, Sunday,1538,67.1
lag,lgw,Year 2, summer 28, Sunday,1722,5983.2
lag,lgw,Year 2, summer 28, Sunday,1723,158.8
lag,lgw,Year 2, summer 28, Sunday,1726,70.9
lag,lgw,Year 2, summer 28, Sunday,1742,561.4
lag,lgw,Year 2, summer 28, Sunday,1973,69.5
lag,lgw,Year 2, summer 28, Sunday,1974,167.8
lag,lgw,Year 2, summer 28, Sunday,2170,51.1
lag,lgw,Year 2, summer 28, Sunday,2600,78.9
lag,lgw,Year 2, summer 28, Sunday,2748,94.5
lag,lgw,Year 2, summer 28, Sunday,3408,151.2
lag,lgw,Year 2, summer 28, Sunday,3409,59.5
lag,lgw,Year 2, summer 28, Sunday,3937,96.0
lag,lgw,Year 2, summer 28, Sunday,5042,2684.2
lag,lgw,Year 2, summer 28, Sunday,5111,186.3
lag,lgw,Year 2, summer 28, Sunday,5607,80.5
lag,lgw,Year 2, summer 28, Sunday,5611,59.6
frame,lgw,Year 2, summer 28, Sunday,5120,0.3
frame,lgw,Year 2, summer 28, Sunday,5121,11.5
frame,lgw,Year 2, summer 28, Sunday,5122,32.0
frame,lgw,Year 2, summer 28, Sunday,5123,3.7
frame,lgw,Year 2, summer 28, Sunday,5124,8.8
frame,lgw,Year 2, summer 28, Sunday,5125,16.8
frame,lgw,Year 2, summer 28, Sunday,5126,16.9
frame,lgw,Year 2, summer 28, Sunday,5127,16.3
frame,lgw,Year 2, summer 28, Sunday,5128,16.6
frame,lgw,Year 2, summer 28, Sunday,5129,16.7
frame,lgw,Year 2, summer 28, Sunday,5130,16.7
frame,lgw,Year 2, summer 28, Sunday,5131,16.7
frame,lgw,Year 2, summer 28, Sunday,5132,16.7
frame,lgw,Year 2, summer 28, Sunday,5133,16.7
frame,lgw,Year 2, summer 28, Sunday,5134,16.6
frame,lgw,Year 2, summer 28, Sunday,5135,16.6
frame,lgw,Year 2, summer 28, Sunday,5136,16.7
frame,lgw,Year 2, summer 28, Sunday,5137,16.9
frame,lgw,Year 2, summer 28, Sunday,5138,16.5
frame,lgw,Year 2, summer 28, Sunday,5139,16.7
frame,lgw,Year 2, summer 28, Sunday,5140,16.6
frame,lgw,Year 2, summer 28, Sunday,5141,16.7
frame,lgw,Year 2, summer 28, Sunday,5142,16.7
frame,lgw,Year 2, summer 28, Sunday,5143,16.9
frame,lgw,Year 2, summer 28, Sunday,5144,16.4
frame,lgw,Year 2, summer 28, Sunday,5145,16.7
frame,lgw,Year 2, summer 28, Sunday,5146,16.7
frame,lgw,Year 2, summer 28, Sunday,5147,16.7
frame,lgw,Year 2, summer 28, Sunday,5148,16.6
frame,lgw,Year 2, summer 28, Sunday,5149,16.7
frame,lgw,Year 2, summer 28, Sunday,5150,16.7
frame,lgw,Year 2, summer 28, Sunday,5151,16.7
frame,lgw,Year 2, summer 28, Sunday,5152,16.7
frame,lgw,Year 2, summer 28, Sunday,5153,16.7
frame,lgw,Year 2, summer 28, Sunday,5154,17.0
frame,lgw,Year 2, summer 28, Sunday,5155,16.4
frame,lgw,Year 2, summer 28, Sunday,5156,17.1
frame,lgw,Year 2, summer 28, Sunday,5157,16.2
frame,lgw,Year 2, summer 28, Sunday,5158,16.8
frame,lgw,Year 2, summer 28, Sunday,5159,16.6
frame,lgw,Year 2, summer 28, Sunday,5160,16.6
frame,lgw,Year 2, summer 28, Sunday,5161,16.8
frame,lgw,Year 2, summer 28, Sunday,5162,16.8
frame,lgw,Year 2, summer 28, Sunday,5163,23.5
frame,lgw,Year 2, summer 28, Sunday,5164,9.7
frame,lgw,Year 2, summer 28, Sunday,5165,16.6
frame,lgw,Year 2, summer 28, Sunday,5166,16.7
frame,lgw,Year 2, summer 28, Sunday,5167,16.8
frame,lgw,Year 2, summer 28, Sunday,5168,16.6
frame,lgw,Year 2, summer 28, Sunday,5169,16.9
frame,lgw,Year 2, summer 28, Sunday,5170,17.1
frame,lgw,Year 2, summer 28, Sunday,5171,16.0
frame,lgw,Year 2, summer 28, Sunday,5172,16.6
frame,lgw,Year 2, summer 28, Sunday,5173,16.7
frame,lgw,Year 2, summer 28, Sunday,5174,16.8
frame,lgw,Year 2, summer 28, Sunday,5175,16.7
frame,lgw,Year 2, summer 28, Sunday,5176,16.6
frame,lgw,Year 2, summer 28, Sunday,5177,16.6
frame,lgw,Year 2, summer 28, Sunday,5178,16.7
frame,lgw,Year 2, summer 28, Sunday,5179,16.7
frame,lgw,Year 2, summer 28, Sunday,5180,16.6
frame,lgw,Year 2, summer 28, Sunday,5181,16.6
frame,lgw,Year 2, summer 28, Sunday,5182,16.7
frame,lgw,Year 2, summer 28, Sunday,5183,16.7
frame,lgw,Year 2, summer 28, Sunday,5184,16.6
frame,lgw,Year 2, summer 28, Sunday,5185,16.7
frame,lgw,Year 2, summer 28, Sunday,5186,16.6
frame,lgw,Year 2, summer 28, Sunday,5187,16.8
frame,lgw,Year 2, summer 28, Sunday,5188,16.5
frame,lgw,Year 2, summer 28, Sunday,5189,16.7
frame,lgw,Year 2, summer 28, Sunday,5190,20.2
frame,lgw,Year 2, summer 28, Sunday,5191,13.2
frame,lgw,Year 2, summer 28, Sunday,5192,16.6
frame,lgw,Year 2, summer 28, Sunday,5193,16.7
frame,lgw,Year 2, summer 28, Sunday,5194,16.8
frame,lgw,Year 2, summer 28, Sunday,5195,16.6
frame,lgw,Year 2, summer 28, Sunday,5196,16.7
frame,lgw,Year 2, summer 28, Sunday,5197,16.7
frame,lgw,Year 2, summer 28, Sunday,5198,16.6
frame,lgw,Year 2, summer 28, Sunday,5199,17.8
frame,lgw,Year 2, summer 28, Sunday,5200,15.5
frame,lgw,Year 2, summer 28, Sunday,5201,16.7
frame,lgw,Year 2, summer 28, Sunday,5202,16.7
frame,lgw,Year 2, summer 28, Sunday,5203,17.9
frame,lgw,Year 2, summer 28, Sunday,5204,16.2
frame,lgw,Year 2, summer 28, Sunday,5205,16.0
frame,lgw,Year 2, summer 28, Sunday,5206,16.7
frame,lgw,Year 2, summer 28, Sunday,5207,16.6
frame,lgw,Year 2, summer 28, Sunday,5208,16.6
frame,lgw,Year 2, summer 28, Sunday,5209,17.4
frame,lgw,Year 2, summer 28, Sunday,5210,16.0
frame,lgw,Year 2, summer 28, Sunday,5211,16.7
frame,lgw,Year 2, summer 28, Sunday,5212,16.8
frame,lgw,Year 2, summer 28, Sunday,5213,16.6
frame,lgw,Year 2, summer 28, Sunday,5214,16.7
frame,lgw,Year 2, summer 28, Sunday,5215,16.7
frame,lgw,Year 2, summer 28, Sunday,5216,16.7
frame,lgw,Year 2, summer 28, Sunday,5217,16.6
frame,lgw,Year 2, summer 28, Sunday,5218,16.7
frame,lgw,Year 2, summer 28, Sunday,5219,16.7
frame,lgw,Year 2, summer 28, Sunday,5220,16.6
frame,lgw,Year 2, summer 28, Sunday,5221,16.8
frame,lgw,Year 2, summer 28, Sunday,5222,16.6
frame,lgw,Year 2, summer 28, Sunday,5223,17.2
frame,lgw,Year 2, summer 28, Sunday,5224,16.3
frame,lgw,Year 2, summer 28, Sunday,5225,16.7
frame,lgw,Year 2, summer 28, Sunday,5226,16.5
frame,lgw,Year 2, summer 28, Sunday,5227,16.6
frame,lgw,Year 2, summer 28, Sunday,5228,16.7
frame,lgw,Year 2, summer 28, Sunday,5229,16.7
frame,lgw,Year 2, summer 28, Sunday,5230,17.3
frame,lgw,Year 2, summer 28, Sunday,5231,16.0
frame,lgw,Year 2, summer 28, Sunday,5232,16.7
frame,lgw,Year 2, summer 28, Sunday,5233,16.8
frame,lgw,Year 2, summer 28, Sunday,5234,17.0
frame,lgw,Year 2, summer 28, Sunday,5235,16.4
frame,lgw,Year 2, summer 28, Sunday,5236,16.6
frame,lgw,Year 2, summer 28, Sunday,5237,16.7
frame,lgw,Year 2, summer 28, Sunday,5238,16.7
frame,lgw,Year 2, summer 28, Sunday,5239,16.6
frame,lgw,Year 2, summer 28, Sunday,5240,16.7
frame,lgw,Year 2, summer 28, Sunday,5241,16.7
frame,lgw,Year 2, summer 28, Sunday,5242,16.7
frame,lgw,Year 2, summer 28, Sunday,5243,16.6
frame,lgw,Year 2, summer 28, Sunday,5244,16.8
frame,lgw,Year 2, summer 28, Sunday,5245,16.6
frame,lgw,Year 2, summer 28, Sunday,5246,16.7
frame,lgw,Year 2, summer 28, Sunday,5247,16.7
frame,lgw,Year 2, summer 28, Sunday,5248,16.7
frame,lgw,Year 2, summer 28, Sunday,5249,17.8
frame,lgw,Year 2, summer 28, Sunday,5250,15.6
frame,lgw,Year 2, summer 28, Sunday,5251,16.8
frame,lgw,Year 2, summer 28, Sunday,5252,16.6
frame,lgw,Year 2, summer 28, Sunday,5253,16.6
frame,lgw,Year 2, summer 28, Sunday,5254,16.7
frame,lgw,Year 2, summer 28, Sunday,5255,16.6
frame,lgw,Year 2, summer 28, Sunday,5256,16.8
frame,lgw,Year 2, summer 28, Sunday,5257,16.9
frame,lgw,Year 2, summer 28, Sunday,5258,16.3
frame,lgw,Year 2, summer 28, Sunday,5259,16.7
frame,lgw,Year 2, summer 28, Sunday,5260,16.7
frame,lgw,Year 2, summer 28, Sunday,5261,28.4
frame,lgw,Year 2, summer 28, Sunday,5262,4.8
frame,lgw,Year 2, summer 28, Sunday,5263,18.7
frame,lgw,Year 2, summer 28, Sunday,5264,14.7
frame,lgw,Year 2, summer 28, Sunday,5265,16.6
frame,lgw,Year 2, summer 28, Sunday,5266,16.7
frame,lgw,Year 2, summer 28, Sunday,5267,16.7
frame,lgw,Year 2, summer 28, Sunday,5268,17.0
frame,lgw,Year 2, summer 28, Sunday,5269,16.4
frame,lgw,Year 2, summer 28, Sunday,5270,16.6
frame,lgw,Year 2, summer 28, Sunday,5271,16.7
frame,lgw,Year 2, summer 28, Sunday,5272,16.7
frame,lgw,Year 2, summer 28, Sunday,5273,16.6
frame,lgw,Year 2, summer 28, Sunday,5274,16.6
frame,lgw,Year 2, summer 28, Sunday,5275,16.7
frame,lgw,Year 2, summer 28, Sunday,5276,16.7
frame,lgw,Year 2, summer 28, Sunday,5277,16.6
frame,lgw,Year 2, summer 28, Sunday,5278,16.7
frame,lgw,Year 2, summer 28, Sunday,5279,16.6
frame,lgw,Year 2, summer 28, Sunday,5280,18.0
frame,lgw,Year 2, summer 28, Sunday,5281,15.4
frame,lgw,Year 2, summer 28, Sunday,5282,16.6
frame,lgw,Year 2, summer 28, Sunday,5283,16.7
frame,lgw,Year 2, summer 28, Sunday,5284,18.6
frame,lgw,Year 2, summer 28, Sunday,5285,15.0
frame,lgw,Year 2, summer 28, Sunday,5286,16.5
frame,lgw,Year 2, summer 28, Sunday,5287,16.8
frame,lgw,Year 2, summer 28, Sunday,5288,16.6
frame,lgw,Year 2, summer 28, Sunday,5289,16.6
frame,lgw,Year 2, summer 28, Sunday,5290,16.7
frame,lgw,Year 2, summer 28, Sunday,5291,16.7
frame,lgw,Year 2, summer 28, Sunday,5292,18.8
frame,lgw,Year 2, summer 28, Sunday,5293,14.6
frame,lgw,Year 2, summer 28, Sunday,5294,16.5
frame,lgw,Year 2, summer 28, Sunday,5295,16.7
frame,lgw,Year 2, summer 28, Sunday,5296,16.7
frame,lgw,Year 2, summer 28, Sunday,5297,16.6
frame,lgw,Year 2, summer 28, Sunday,5298,16.7
frame,lgw,Year 2, summer 28, Sunday,5299,16.8
frame,lgw,Year 2, summer 28, Sunday,5300,16.6
frame,lgw,Year 2, summer 28, Sunday,5301,16.6
frame,lgw,Year 2, summer 28, Sunday,5302,16.7
frame,lgw,Year 2, summer 28, Sunday,5303,18.0
frame,lgw,Year 2, summer 28, Sunday,5304,15.2
frame,lgw,Year 2, summer 28, Sunday,5305,17.7
frame,lgw,Year 2, summer 28, Sunday,5306,15.7
frame,lgw,Year 2, summer 28, Sunday,5307,16.6
frame,lgw,Year 2, summer 28, Sunday,5308,16.7
frame,lgw,Year 2, summer 28, Sunday,5309,16.7
frame,lgw,Year 2, summer 28, Sunday,5310,16.6
frame,lgw,Year 2, summer 28, Sunday,5311,16.8
frame,lgw,Year 2, summer 28, Sunday,5312,16.6
frame,lgw,Year 2, summer 28, Sunday,5313,16.7
frame,lgw,Year 2, summer 28, Sunday,5314,17.8
frame,lgw,Year 2, summer 28, Sunday,5315,16.8
frame,lgw,Year 2, summer 28, Sunday,5316,15.4
frame,lgw,Year 2, summer 28, Sunday,5317,16.7
frame,lgw,Year 2, summer 28, Sunday,5318,18.2
frame,lgw,Year 2, summer 28, Sunday,5319,15.0
frame,lgw,Year 2, summer 28, Sunday,5320,16.7
frame,lgw,Year 2, summer 28, Sunday,5321,16.6
frame,lgw,Year 2, summer 28, Sunday,5322,16.7
frame,lgw,Year 2, summer 28, Sunday,5323,16.7
frame,lgw,Year 2, summer 28, Sunday,5324,16.6
frame,lgw,Year 2, summer 28, Sunday,5325,16.7
frame,lgw,Year 2, summer 28, Sunday,5326,16.8
frame,lgw,Year 2, summer 28, Sunday,5327,19.1
frame,lgw,Year 2, summer 28, Sunday,5328,14.1
frame,lgw,Year 2, summer 28, Sunday,5329,16.7
frame,lgw,Year 2, summer 28, Sunday,5330,16.6
frame,lgw,Year 2, summer 28, Sunday,5331,16.7
frame,lgw,Year 2, summer 28, Sunday,5332,16.6
frame,lgw,Year 2, summer 28, Sunday,5333,16.7
frame,lgw,Year 2, summer 28, Sunday,5334,16.6
frame,lgw,Year 2, summer 28, Sunday,5335,16.7
frame,lgw,Year 2, summer 28, Sunday,5336,17.0
frame,lgw,Year 2, summer 28, Sunday,5337,16.2
frame,lgw,Year 2, summer 28, Sunday,5338,16.7
frame,lgw,Year 2, summer 28, Sunday,5339,18.6
frame,lgw,Year 2, summer 28, Sunday,5340,14.8
frame,lgw,Year 2, summer 28, Sunday,5341,19.8
frame,lgw,Year 2, summer 28, Sunday,5342,13.5
frame,lgw,Year 2, summer 28, Sunday,5343,16.6
frame,lgw,Year 2, summer 28, Sunday,5344,16.7
frame,lgw,Year 2, summer 28, Sunday,5345,16.7
frame,lgw,Year 2, summer 28, Sunday,5346,16.7
frame,lgw,Year 2, summer 28, Sunday,5347,16.7
frame,lgw,Year 2, summer 28, Sunday,5348,16.7
frame,lgw,Year 2, summer 28, Sunday,5349,16.6
frame,lgw,Year 2, summer 28, Sunday,5350,16.7
frame,lgw,Year 2, summer 28, Sunday,5351,16.7
frame,lgw,Year 2, summer 28, Sunday,5352,16.7
frame,lgw,Year 2, summer 28, Sunday,5353,16.6
frame,lgw,Year 2, summer 28, Sunday,5354,16.7
frame,lgw,Year 2, summer 28, Sunday,5355,16.7
frame,lgw,Year 2, summer 28, Sunday,5356,16.6
frame,lgw,Year 2, summer 28, Sunday,5357,16.8
frame,lgw,Year 2, summer 28, Sunday,5358,42.3
frame,lgw,Year 2, summer 28, Sunday,5359,1.6
frame,lgw,Year 2, summer 28, Sunday,5360,7.9
frame,lgw,Year 2, summer 28, Sunday,5361,21.1
frame,lgw,Year 2, summer 28, Sunday,5362,10.4
frame,lgw,Year 2, summer 28, Sunday,5363,16.9
frame,lgw,Year 2, summer 28, Sunday,5364,16.5
frame,lgw,Year 2, summer 28, Sunday,5365,16.9
frame,lgw,Year 2, summer 28, Sunday,5366,16.5
frame,lgw,Year 2, summer 28, Sunday,5367,16.6
frame,lgw,Year 2, summer 28, Sunday,5368,19.2
frame,lgw,Year 2, summer 28, Sunday,5369,14.1
frame,lgw,Year 2, summer 28, Sunday,5370,16.7
frame,lgw,Year 2, summer 28, Sunday,5371,16.7
frame,lgw,Year 2, summer 28, Sunday,5372,17.6
frame,lgw,Year 2, summer 28, Sunday,5373,15.9
frame,lgw,Year 2, summer 28, Sunday,5374,16.5
frame,lgw,Year 2, summer 28, Sunday,5375,16.7
frame,lgw,Year 2, summer 28, Sunday,5376,16.7
frame,lgw,Year 2, summer 28, Sunday,5377,16.7
frame,lgw,Year 2, summer 28, Sunday,5378,16.7
frame,lgw,Year 2, summer 28, Sunday,5379,16.6
frame,lgw,Year 2, summer 28, Sunday,5380,19.2
frame,lgw,Year 2, summer 28, Sunday,5381,14.1
frame,lgw,Year 2, summer 28, Sunday,5382,16.6
frame,lgw,Year 2, summer 28, Sunday,5383,16.6
frame,lgw,Year 2, summer 28, Sunday,5384,16.7
frame,lgw,Year 2, summer 28, Sunday,5385,16.6
frame,lgw,Year 2, summer 28, Sunday,5386,20.2
frame,lgw,Year 2, summer 28, Sunday,5387,13.2
frame,lgw,Year 2, summer 28, Sunday,5388,16.7
frame,lgw,Year 2, summer 28, Sunday,5389,16.6
frame,lgw,Year 2, summer 28, Sunday,5390,16.7
frame,lgw,Year 2, summer 28, Sunday,5391,16.7
frame,lgw,Year 2, summer 28, Sunday,5392,16.7
frame,lgw,Year 2, summer 28, Sunday,5393,16.8
frame,lgw,Year 2, summer 28, Sunday,5394,18.1
frame,lgw,Year 2, summer 28, Sunday,5395,15.1
frame,lgw,Year 2, summer 28, Sunday,5396,16.7
frame,lgw,Year 2, summer 28, Sunday,5397,16.6
frame,lgw,Year 2, summer 28, Sunday,5398,16.8
frame,lgw,Year 2, summer 28, Sunday,5399,16.5
frame,lgw,Year 2, summer 28, Sunday,5400,16.6
frame,lgw,Year 2, summer 28, Sunday,5401,16.8
frame,lgw,Year 2, summer 28, Sunday,5402,16.5
frame,lgw,Year 2, summer 28, Sunday,5403,18.0
frame,lgw,Year 2, summer 28, Sunday,5404,15.4
frame,lgw,Year 2, summer 28, Sunday,5405,16.7
frame,lgw,Year 2, summer 28, Sunday,5406,17.6
frame,lgw,Year 2, summer 28, Sunday,5407,15.7
frame,lgw,Year 2, summer 28, Sunday,5408,16.6
frame,lgw,Year 2, summer 28, Sunday,5409,16.6
frame,lgw,Year 2, summer 28, Sunday,5410,16.8
frame,lgw,Year 2, summer 28, Sunday,5411,16.5
frame,lgw,Year 2, summer 28, Sunday,5412,16.7
frame,lgw,Year 2, summer 28, Sunday,5413,16.7
frame,lgw,Year 2, summer 28, Sunday,5414,17.7
frame,lgw,Year 2, summer 28, Sunday,5415,15.5
frame,lgw,Year 2, summer 28, Sunday,5416,16.7
frame,lgw,Year 2, summer 28, Sunday,5417,19.7
frame,lgw,Year 2, summer 28, Sunday,5418,13.8
frame,lgw,Year 2, summer 28, Sunday,5419,16.5
frame,lgw,Year 2, summer 28, Sunday,5420,16.8
frame,lgw,Year 2, summer 28, Sunday,5421,18.3
frame,lgw,Year 2, summer 28, Sunday,5422,14.9
frame,lgw,Year 2, summer 28, Sunday,5423,16.8
frame,lgw,Year 2, summer 28, Sunday,5424,16.4
frame,lgw,Year 2, summer 28, Sunday,5425,16.8
frame,lgw,Year 2, summer 28, Sunday,5426,16.7
frame,lgw,Year 2, summer 28, Sunday,5427,16.8
frame,lgw,Year 2, summer 28, Sunday,5428,16.7
frame,lgw,Year 2, summer 28, Sunday,5429,16.5
frame,lgw,Year 2, summer 28, Sunday,5430,16.7
frame,lgw,Year 2, summer 28, Sunday,5431,17.3
frame,lgw,Year 2, summer 28, Sunday,5432,16.1
frame,lgw,Year 2, summer 28, Sunday,5433,17.7
frame,lgw,Year 2, summer 28, Sunday,5434,15.6
frame,lgw,Year 2, summer 28, Sunday,5435,16.7
frame,lgw,Year 2, summer 28, Sunday,5436,16.6
frame,lgw,Year 2, summer 28, Sunday,5437,16.9
frame,lgw,Year 2, summer 28, Sunday,5438,16.5
frame,lgw,Year 2, summer 28, Sunday,5439,16.6
frame,lgw,Year 2, summer 28, Sunday,5440,16.7
frame,lgw,Year 2, summer 28, Sunday,5441,16.7
frame,lgw,Year 2, summer 28, Sunday,5442,16.6
frame,lgw,Year 2, summer 28, Sunday,5443,16.9
frame,lgw,Year 2, summer 28, Sunday,5444,16.5
frame,lgw,Year 2, summer 28, Sunday,5445,16.6
frame,lgw,Year 2, summer 28, Sunday,5446,16.7
frame,lgw,Year 2, summer 28, Sunday,5447,16.7
frame,lgw,Year 2, summer 28, Sunday,5448,16.6
frame,lgw,Year 2, summer 28, Sunday,5449,16.7
frame,lgw,Year 2, summer 28, Sunday,5450,16.7
frame,lgw,Year 2, summer 28, Sunday,5451,16.7
frame,lgw,Year 2, summer 28, Sunday,5452,16.7
frame,lgw,Year 2, summer 28, Sunday,5453,16.8
frame,lgw,Year 2, summer 28, Sunday,5454,16.6
frame,lgw,Year 2, summer 28, Sunday,5455,16.7
frame,lgw,Year 2, summer 28, Sunday,5456,16.6
frame,lgw,Year 2, summer 28, Sunday,5457,16.6
frame,lgw,Year 2, summer 28, Sunday,5458,16.8
frame,lgw,Year 2, summer 28, Sunday,5459,16.5
frame,lgw,Year 2, summer 28, Sunday,5460,19.1
frame,lgw,Year 2, summer 28, Sunday,5461,14.2
frame,lgw,Year 2, summer 28, Sunday,5462,16.7
frame,lgw,Year 2, summer 28, Sunday,5463,16.7
frame,lgw,Year 2, summer 28, Sunday,5464,16.5
frame,lgw,Year 2, summer 28, Sunday,5465,16.7
frame,lgw,Year 2, summer 28, Sunday,5466,16.7
frame,lgw,Year 2, summer 28, Sunday,5467,16.7
frame,lgw,Year 2, summer 28, Sunday,5468,16.6
frame,lgw,Year 2, summer 28, Sunday,5469,16.7
frame,lgw,Year 2, summer 28, Sunday,5470,16.6
frame,lgw,Year 2, summer 28, Sunday,5471,16.7
frame,lgw,Year 2, summer 28, Sunday,5472,16.7
frame,lgw,Year 2, summer 28, Sunday,5473,16.7
frame,lgw,Year 2, summer 28, Sunday,5474,16.7
frame,lgw,Year 2, summer 28, Sunday,5475,16.6
frame,lgw,Year 2, summer 28, Sunday,5476,16.7
frame,lgw,Year 2, summer 28, Sunday,5477,16.7
frame,lgw,Year 2, summer 28, Sunday,5478,16.7
frame,lgw,Year 2, summer 28, Sunday,5479,16.7
frame,lgw,Year 2, summer 28, Sunday,5480,16.8
frame,lgw,Year 2, summer 28, Sunday,5481,16.6
frame,lgw,Year 2, summer 28, Sunday,5482,16.7
frame,lgw,Year 2, summer 28, Sunday,5483,16.8
frame,lgw,Year 2, summer 28, Sunday,5484,16.5
frame,lgw,Year 2, summer 28, Sunday,5485,16.7
frame,lgw,Year 2, summer 28, Sunday,5486,16.6
frame,lgw,Year 2, summer 28, Sunday,5487,16.7
frame,lgw,Year 2, summer 28, Sunday,5488,16.9
frame,lgw,Year 2, summer 28, Sunday,5489,16.5
frame,lgw,Year 2, summer 28, Sunday,5490,16.7
frame,lgw,Year 2, summer 28, Sunday,5491,16.6
frame,lgw,Year 2, summer 28, Sunday,5492,16.7
frame,lgw,Year 2, summer 28, Sunday,5493,17.7
frame,lgw,Year 2, summer 28, Sunday,5494,16.3
frame,lgw,Year 2, summer 28, Sunday,5495,16.1
frame,lgw,Year 2, summer 28, Sunday,5496,16.6
frame,lgw,Year 2, summer 28, Sunday,5497,16.7
frame,lgw,Year 2, summer 28, Sunday,5498,16.7
frame,lgw,Year 2, summer 28, Sunday,5499,16.6
frame,lgw,Year 2, summer 28, Sunday,5500,16.6
frame,lgw,Year 2, summer 28, Sunday,5501,16.6
frame,lgw,Year 2, summer 28, Sunday,5502,16.6
frame,lgw,Year 2, summer 28, Sunday,5503,16.7
frame,lgw,Year 2, summer 28, Sunday,5504,16.7
frame,lgw,Year 2, summer 28, Sunday,5505,16.6
frame,lgw,Year 2, summer 28, Sunday,5506,16.7
frame,lgw,Year 2, summer 28, Sunday,5507,16.5
frame,lgw,Year 2, summer 28, Sunday,5508,16.7
frame,lgw,Year 2, summer 28, Sunday,5509,16.7
frame,lgw,Year 2, summer 28, Sunday,5510,16.7
frame,lgw,Year 2, summer 28, Sunday,5511,16.7
frame,lgw,Year 2, summer 28, Sunday,5512,16.7
frame,lgw,Year 2, summer 28, Sunday,5513,16.6
frame,lgw,Year 2, summer 28, Sunday,5514,16.7
frame,lgw,Year 2, summer 28, Sunday,5515,16.7
frame,lgw,Year 2, summer 28, Sunday,5516,16.7
frame,lgw,Year 2, summer 28, Sunday,5517,16.7
frame,lgw,Year 2, summer 28, Sunday,5518,16.7
frame,lgw,Year 2, summer 28, Sunday,5519,16.8
frame,lgw,Year 2, summer 28, Sunday,5520,16.6
frame,lgw,Year 2, summer 28, Sunday,5521,16.7
frame,lgw,Year 2, summer 28, Sunday,5522,16.7
frame,lgw,Year 2, summer 28, Sunday,5523,16.7
frame,lgw,Year 2, summer 28, Sunday,5524,16.7
frame,lgw,Year 2, summer 28, Sunday,5525,16.6
frame,lgw,Year 2, summer 28, Sunday,5526,16.7
frame,lgw,Year 2, summer 28, Sunday,5527,16.7
frame,lgw,Year 2, summer 28, Sunday,5528,16.7
frame,lgw,Year 2, summer 28, Sunday,5529,16.7
frame,lgw,Year 2, summer 28, Sunday,5530,16.7
frame,lgw,Year 2, summer 28, Sunday,5531,16.6
frame,lgw,Year 2, summer 28, Sunday,5532,16.7
frame,lgw,Year 2, summer 28, Sunday,5533,16.6
frame,lgw,Year 2, summer 28, Sunday,5534,16.7
frame,lgw,Year 2, summer 28, Sunday,5535,16.7
frame,lgw,Year 2, summer 28, Sunday,5536,16.7
frame,lgw,Year 2, summer 28, Sunday,5537,16.6
frame,lgw,Year 2, summer 28, Sunday,5538,16.7
frame,lgw,Year 2, summer 28, Sunday,5539,16.7
frame,lgw,Year 2, summer 28, Sunday,5540,16.7
frame,lgw,Year 2, summer 28, Sunday,5541,17.4
frame,lgw,Year 2, summer 28, Sunday,5542,15.9
frame,lgw,Year 2, summer 28, Sunday,5543,16.7
frame,lgw,Year 2, summer 28, Sunday,5544,16.7
frame,lgw,Year 2, summer 28, Sunday,5545,16.7
frame,lgw,Year 2, summer 28, Sunday,5546,20.1
frame,lgw,Year 2, summer 28, Sunday,5547,13.0
frame,lgw,Year 2, summer 28, Sunday,5548,16.6
frame,lgw,Year 2, summer 28, Sunday,5549,16.7
frame,lgw,Year 2, summer 28, Sunday,5550,16.7
frame,lgw,Year 2, summer 28, Sunday,5551,16.6
frame,lgw,Year 2, summer 28, Sunday,5552,16.7
frame,lgw,Year 2, summer 28, Sunday,5553,16.7
frame,lgw,Year 2, summer 28, Sunday,5554,16.7
frame,lgw,Year 2, summer 28, Sunday,5555,16.6
frame,lgw,Year 2, summer 28, Sunday,5556,16.7
frame,lgw,Year 2, summer 28, Sunday,5557,16.8
frame,lgw,Year 2, summer 28, Sunday,5558,16.6
frame,lgw,Year 2, summer 28, Sunday,5559,16.9
frame,lgw,Year 2, summer 28, Sunday,5560,16.5
frame,lgw,Year 2, summer 28, Sunday,5561,16.6
frame,lgw,Year 2, summer 28, Sunday,5562,16.6
frame,lgw,Year 2, summer 28, Sunday,5563,16.7
frame,lgw,Year 2, summer 28, Sunday,5564,16.7
frame,lgw,Year 2, summer 28, Sunday,5565,16.6
frame,lgw,Year 2, summer 28, Sunday,5566,16.7
frame,lgw,Year 2, summer 28, Sunday,5567,16.6
frame,lgw,Year 2, summer 28, Sunday,5568,16.7
frame,lgw,Year 2, summer 28, Sunday,5569,16.8
frame,lgw,Year 2, summer 28, Sunday,5570,16.6
frame,lgw,Year 2, summer 28, Sunday,5571,16.6
frame,lgw,Year 2, summer 28, Sunday,5572,16.9
frame,lgw,Year 2, summer 28, Sunday,5573,16.6
frame,lgw,Year 2, summer 28, Sunday,5574,16.7
frame,lgw,Year 2, summer 28, Sunday,5575,16.7
frame,lgw,Year 2, summer 28, Sunday,5576,16.7
frame,lgw,Year 2, summer 28, Sunday,5577,16.6
frame,lgw,Year 2, summer 28, Sunday,5578,16.7
frame,lgw,Year 2, summer 28, Sunday,5579,16.7
frame,lgw,Year 2, summer 28, Sunday,5580,16.7
frame,lgw,Year 2, summer 28, Sunday,5581,16.7
frame,lgw,Year 2, summer 28, Sunday,5582,16.6
frame,lgw,Year 2, summer 28, Sunday,5583,16.7
frame,lgw,Year 2, summer 28, Sunday,5584,17.9
frame,lgw,Year 2, summer 28, Sunday,5585,15.4
frame,lgw,Year 2, summer 28, Sunday,5586,16.6
frame,lgw,Year 2, summer 28, Sunday,5587,16.6
frame,lgw,Year 2, summer 28, Sunday,5588,16.7
frame,lgw,Year 2, summer 28, Sunday,5589,16.7
frame,lgw,Year 2, summer 28, Sunday,5590,16.6
frame,lgw,Year 2, summer 28, Sunday,5591,16.7
frame,lgw,Year 2, summer 28, Sunday,5592,16.7
frame,lgw,Year 2, summer 28, Sunday,5593,16.7
frame,lgw,Year 2, summer 28, Sunday,5594,16.7
frame,lgw,Year 2, summer 28, Sunday,5595,16.7
frame,lgw,Year 2, summer 28, Sunday,5596,16.7
frame,lgw,Year 2, summer 28, Sunday,5597,16.6
frame,lgw,Year 2, summer 28, Sunday,5598,16.8
frame,lgw,Year 2, summer 28, Sunday,5599,16.6
frame,lgw,Year 2, summer 28, Sunday,5600,16.6
frame,lgw,Year 2, summer 28, Sunday,5601,16.7
frame,lgw,Year 2, summer 28, Sunday,5602,16.7
frame,lgw,Year 2, summer 28, Sunday,5603,16.6
frame,lgw,Year 2, summer 28, Sunday,5604,16.6
frame,lgw,Year 2, summer 28, Sunday,5605,16.8
frame,lgw,Year 2, summer 28, Sunday,5606,80.5
frame,lgw,Year 2, summer 28, Sunday,5607,0.5
frame,lgw,Year 2, summer 28, Sunday,5608,0.4
frame,lgw,Year 2, summer 28, Sunday,5609,0.3
frame,lgw,Year 2, summer 28, Sunday,5610,59.6
frame,lgw,Year 2, summer 28, Sunday,5611,0.4
frame,lgw,Year 2, summer 28, Sunday,5612,0.4
frame,lgw,Year 2, summer 28, Sunday,5613,1.5
frame,lgw,Year 2, summer 28, Sunday,5614,23.2
frame,lgw,Year 2, summer 28, Sunday,5615,0.4
frame,lgw,Year 2, summer 28, Sunday,5616,41.4
frame,lgw,Year 2, summer 28, Sunday,5617,0.5
frame,lgw,Year 2, summer 28, Sunday,5618,23.0
frame,lgw,Year 2, summer 28, Sunday,5619,22.1
frame,lgw,Year 2, summer 28, Sunday,5620,0.4
frame,lgw,Year 2, summer 28, Sunday,5621,22.0
frame,lgw,Year 2, summer 28, Sunday,5622,21.6
frame,lgw,Year 2, summer 28, Sunday,5623,22.5
frame,lgw,Year 2, summer 28, Sunday,5624,0.3
frame,lgw,Year 2, summer 28, Sunday,5625,24.1
frame,lgw,Year 2, summer 28, Sunday,5626,22.2
frame,lgw,Year 2, summer 28, Sunday,5627,0.5
frame,lgw,Year 2, summer 28, Sunday,5628,23.2
frame,lgw,Year 2, summer 28, Sunday,5629,22.2
frame,lgw,Year 2, summer 28, Sunday,5630,22.1
frame,lgw,Year 2, summer 28, Sunday,5631,0.3
frame,lgw,Year 2, summer 28, Sunday,5632,23.5
frame,lgw,Year 2, summer 28, Sunday,5633,22.5
frame,lgw,Year 2, summer 28, Sunday,5634,21.8
frame,lgw,Year 2, summer 28, Sunday,5635,0.3
frame,lgw,Year 2, summer 28, Sunday,5636,21.9
frame,lgw,Year 2, summer 28, Sunday,5637,21.5
frame,lgw,Year 2, summer 28, Sunday,5638,21.6
frame,lgw,Year 2, summer 28, Sunday,5639,0.4
frame,lgw,Year 2, summer 28, Sunday,5640,21.9
frame,lgw,Year 2, summer 28, Sunday,5641,35.1
frame,lgw,Year 2, summer 28, Sunday,5642,0.3
frame,lgw,Year 2, summer 28, Sunday,5643,21.8
frame,lgw,Year 2, summer 28, Sunday,5644,22.2
frame,lgw,Year 2, summer 28, Sunday,5645,0.5
frame,lgw,Year 2, summer 28, Sunday,5646,22.1
frame,lgw,Year 2, summer 28, Sunday,5647,21.9
frame,lgw,Year 2, summer 28, Sunday,5648,22.5
frame,lgw,Year 2, summer 28, Sunday,5649,0.5
frame,lgw,Year 2, summer 28, Sunday,5650,22.2
frame,lgw,Year 2, summer 28, Sunday,5651,21.9
frame,lgw,Year 2, summer 28, Sunday,5652,22.0
frame,lgw,Year 2, summer 28, Sunday,5653,0.3
frame,lgw,Year 2, summer 28, Sunday,5654,22.3
frame,lgw,Year 2, summer 28, Sunday,5655,21.9
frame,lgw,Year 2, summer 28, Sunday,5656,21.9
frame,lgw,Year 2, summer 28, Sunday,5657,0.3
frame,lgw,Year 2, summer 28, Sunday,5658,22.3
frame,lgw,Year 2, summer 28, Sunday,5659,22.0
frame,lgw,Year 2, summer 28, Sunday,5660,21.9
frame,lgw,Year 2, summer 28, Sunday,5661,0.3
frame,lgw,Year 2, summer 28, Sunday,5662,22.7
frame,lgw,Year 2, summer 28, Sunday,5663,21.7
frame,lgw,Year 2, summer 28, Sunday,5664,22.7
frame,lgw,Year 2, summer 28, Sunday,5665,0.8
frame,lgw,Year 2, summer 28, Sunday,5666,22.2
frame,lgw,Year 2, summer 28, Sunday,5667,23.1
frame,lgw,Year 2, summer 28, Sunday,5668,0.7
frame,lgw,Year 2, summer 28, Sunday,5669,22.2
frame,lgw,Year 2, summer 28, Sunday,5670,22.3
frame,lgw,Year 2, summer 28, Sunday,5671,22.5
frame,lgw,Year 2, summer 28, Sunday,5672,0.5
frame,lgw,Year 2, summer 28, Sunday,5673,21.8
frame,lgw,Year 2, summer 28, Sunday,5674,22.0
frame,lgw,Year 2, summer 28, Sunday,5675,22.1
frame,lgw,Year 2, summer 28, Sunday,5676,0.4
frame,lgw,Year 2, summer 28, Sunday,5677,24.8
frame,lgw,Year 2, summer 28, Sunday,5678,22.8
frame,lgw,Year 2, summer 28, Sunday,5679,22.6
frame,lgw,Year 2, summer 28, Sunday,5680,0.4
frame,lgw,Year 2, summer 28, Sunday,5681,23.4
frame,lgw,Year 2, summer 28, Sunday,5682,21.9
frame,lgw,Year 2, summer 28, Sunday,5683,0.4
frame,lgw,Year 2, summer 28, Sunday,5684,21.9
frame,lgw,Year 2, summer 28, Sunday,5685,22.4
frame,lgw,Year 2, summer 28, Sunday,5686,21.8
frame,lgw,Year 2, summer 28, Sunday,5687,3.2
frame,lgw,Year 2, summer 28, Sunday,5688,21.9
frame,lgw,Year 2, summer 28, Sunday,5689,22.3
frame,lgw,Year 2, summer 28, Sunday,5690,21.8
frame,lgw,Year 2, summer 28, Sunday,5691,0.4
frame,lgw,Year 2, summer 28, Sunday,5692,22.2
frame,lgw,Year 2, summer 28, Sunday,5693,22.0
frame,lgw,Year 2, summer 28, Sunday,5694,23.3
frame,lgw,Year 2, summer 28, Sunday,5695,0.6
frame,lgw,Year 2, summer 28, Sunday,5696,22.5
frame,lgw,Year 2, summer 28, Sunday,5697,22.0
frame,lgw,Year 2, summer 28, Sunday,5698,22.7
frame,lgw,Year 2, summer 28, Sunday,5699,0.5
frame,lgw,Year 2, summer 28, Sunday,5700,21.9
frame,lgw,Year 2, summer 28, Sunday,5701,23.0
frame,lgw,Year 2, summer 28, Sunday,5702,0.8
frame,lgw,Year 2, summer 28, Sunday,5703,21.9
frame,lgw,Year 2, summer 28, Sunday,5704,21.8
frame,lgw,Year 2, summer 28, Sunday,5705,22.1
frame,lgw,Year 2, summer 28, Sunday,5706,0.5
frame,lgw,Year 2, summer 28, Sunday,5707,24.2
frame,lgw,Year 2, summer 28, Sunday,5708,23.4
frame,lgw,Year 2, summer 28, Sunday,5709,22.0
frame,lgw,Year 2, summer 28, Sunday,5710,0.4
frame,lgw,Year 2, summer 28, Sunday,5711,22.1
frame,lgw,Year 2, summer 28, Sunday,5712,22.0
frame,lgw,Year 2, summer 28, Sunday,5713,23.9
frame,lgw,Year 2, summer 28, Sunday,5714,0.5
frame,lgw,Year 2, summer 28, Sunday,5715,21.9
frame,lgw,Year 2, summer 28, Sunday,5716,22.1
frame,lgw,Year 2, summer 28, Sunday,5717,0.5
frame,lgw,Year 2, summer 28, Sunday,5718,22.3
frame,lgw,Year 2, summer 28, Sunday,5719,22.5
frame,lgw,Year 2, summer 28, Sunday,5720,22.3
frame,lgw,Year 2, summer 28, Sunday,5721,0.4
frame,lgw,Year 2, summer 28, Sunday,5722,22.3
frame,lgw,Year 2, summer 28, Sunday,5723,22.2
frame,lgw,Year 2, summer 28, Sunday,5724,21.8
frame,lgw,Year 2, summer 28, Sunday,5725,0.4
frame,lgw,Year 2, summer 28, Sunday,5726,23.9
frame,lgw,Year 2, summer 28, Sunday,5727,22.2
frame,lgw,Year 2, summer 28, Sunday,5728,22.5
frame,lgw,Year 2, summer 28, Sunday,5729,0.3
frame,lgw,Year 2, summer 28, Sunday,5730,21.8
frame,lgw,Year 2, summer 28, Sunday,5731,22.0
frame,lgw,Year 2, summer 28, Sunday,5732,24.6
frame,lgw,Year 2, summer 28, Sunday,5733,2.1
frame,lgw,Year 2, summer 28, Sunday,5734,22.1
frame,lgw,Year 2, summer 28, Sunday,5735,21.8
frame,lgw,Year 2, summer 28, Sunday,5736,0.3
frame,lgw,Year 2, summer 28, Sunday,5737,23.9
frame,lgw,Year 2, summer 28, Sunday,5738,21.7
frame,lgw,Year 2, summer 28, Sunday,5739,24.6
frame,lgw,Year 2, summer 28, Sunday,5740,0.3
frame,lgw,Year 2, summer 28, Sunday,5741,21.8
frame,lgw,Year 2, summer 28, Sunday,5742,21.9
frame,lgw,Year 2, summer 28, Sunday,5743,21.9
frame,lgw,Year 2, summer 28, Sunday,5744,0.4
frame,lgw,Year 2, summer 28, Sunday,5745,23.7
frame,lgw,Year 2, summer 28, Sunday,5746,21.8
frame,lgw,Year 2, summer 28, Sunday,5747,0.4
frame,lgw,Year 2, summer 28, Sunday,5748,21.8
frame,lgw,Year 2, summer 28, Sunday,5749,23.4
frame,lgw,Year 2, summer 28, Sunday,5750,21.8
frame,lgw,Year 2, summer 28, Sunday,5751,0.3
frame,lgw,Year 2, summer 28, Sunday,5752,21.6
frame,lgw,Year 2, summer 28, Sunday,5753,22.7
frame,lgw,Year 2, summer 28, Sunday,5754,22.3
frame,lgw,Year 2, summer 28, Sunday,5755,0.3
frame,lgw,Year 2, summer 28, Sunday,5756,23.2
frame,lgw,Year 2, summer 28, Sunday,5757,22.0
frame,lgw,Year 2, summer 28, Sunday,5758,22.7
frame,lgw,Year 2, summer 28, Sunday,5759,0.5
frame,lgw,Year 2, summer 28, Sunday,5760,22.8
frame,lgw,Year 2, summer 28, Sunday,5761,22.8
frame,lgw,Year 2, summer 28, Sunday,5762,21.8
frame,lgw,Year 2, summer 28, Sunday,5763,0.4
frame,lgw,Year 2, summer 28, Sunday,5764,23.4
frame,lgw,Year 2, summer 28, Sunday,5765,22.1
frame,lgw,Year 2, summer 28, Sunday,5766,0.3
frame,lgw,Year 2, summer 28, Sunday,5767,21.6
frame,lgw,Year 2, summer 28, Sunday,5768,22.1
frame,lgw,Year 2, summer 28, Sunday,5769,22.1
frame,lgw,Year 2, summer 28, Sunday,5770,22.2
frame,lgw,Year 2, summer 28, Sunday,5771,0.3
frame,lgw,Year 2, summer 28, Sunday,5772,21.9
frame,lgw,Year 2, summer 28, Sunday,5773,21.9
frame,lgw,Year 2, summer 28, Sunday,5774,21.9
frame,lgw,Year 2, summer 28, Sunday,5775,0.3
frame,lgw,Year 2, summer 28, Sunday,5776,21.9
frame,lgw,Year 2, summer 28, Sunday,5777,22.9
frame,lgw,Year 2, summer 28, Sunday,5778,0.3
frame,lgw,Year 2, summer 28, Sunday,5779,22.1
frame,lgw,Year 2, summer 28, Sunday,5780,26.9
frame,lgw,Year 2, summer 28, Sunday,5781,22.8
frame,lgw,Year 2, summer 28, Sunday,5782,0.3
frame,lgw,Year 2, summer 28, Sunday,5783,23.0
frame,lgw,Year 2, summer 28, Sunday,5784,22.7
frame,lgw,Year 2, summer 28, Sunday,5785,0.4
frame,lgw,Year 2, summer 28, Sunday,5786,22.5
frame,lgw,Year 2, summer 28, Sunday,5787,22.2
frame,lgw,Year 2, summer 28, Sunday,5788,23.6
frame,lgw,Year 2, summer 28, Sunday,5789,0.6
frame,lgw,Year 2, summer 28, Sunday,5790,22.3
frame,lgw,Year 2, summer 28, Sunday,5791,35.8
frame,lgw,Year 2, summer 28, Sunday,5792,0.5
frame,lgw,Year 2, summer 28, Sunday,5793,23.2
frame,lgw,Year 2, summer 28, Sunday,5794,0.5
frame,lgw,Year 2, summer 28, Sunday,5795,21.9
frame,lgw,Year 2, summer 28, Sunday,5796,22.3
frame,lgw,Year 2, summer 28, Sunday,5797,22.7
frame,lgw,Year 2, summer 28, Sunday,5798,0.5
frame,lgw,Year 2, summer 28, Sunday,5799,21.9
frame,lgw,Year 2, summer 28, Sunday,5800,22.0
frame,lgw,Year 2, summer 28, Sunday,5801,22.4
frame,lgw,Year 2, summer 28, Sunday,5802,0.5
frame,lgw,Year 2, summer 28, Sunday,5803,21.7
frame,lgw,Year 2, summer 28, Sunday,5804,22.0
frame,lgw,Year 2, summer 28, Sunday,5805,22.1
frame,lgw,Year 2, summer 28, Sunday,5806,0.5
frame,lgw,Year 2, summer 28, Sunday,5807,22.2
frame,lgw,Year 2, summer 28, Sunday,5808,22.1
frame,lgw,Year 2, summer 28, Sunday,5809,22.3
frame,lgw,Year 2, summer 28, Sunday,5810,0.4
frame,lgw,Year 2, summer 28, Sunday,5811,22.6
frame,lgw,Year 2, summer 28, Sunday,5812,22.3
frame,lgw,Year 2, summer 28, Sunday,5813,22.2
frame,lgw,Year 2, summer 28, Sunday,5814,0.4
frame,lgw,Year 2, summer 28, Sunday,5815,21.7
frame,lgw,Year 2, summer 28, Sunday,5816,22.1
frame,lgw,Year 2, summer 28, Sunday,5817,22.1
frame,lgw,Year 2, summer 28, Sunday,5818,0.4
frame,lgw,Year 2, summer 28, Sunday,5819,23.2
frame,lgw,Year 2, summer 28, Sunday,5820,24.0
frame,lgw,Year 2, summer 28, Sunday,5821,0.6
frame,lgw,Year 2, summer 28, Sunday,5822,22.5
frame,lgw,Year 2, summer 28, Sunday,5823,22.2
frame,lgw,Year 2, summer 28, Sunday,5824,21.8
frame,lgw,Year 2, summer 28, Sunday,5825,0.4
frame,lgw,Year 2, summer 28, Sunday,5826,22.0
frame,lgw,Year 2, summer 28, Sunday,5827,23.1
frame,lgw,Year 2, summer 28, Sunday,5828,22.1
frame,lgw,Year 2, summer 28, Sunday,5829,0.4
frame,lgw,Year 2, summer 28, Sunday,5830,21.7
frame,lgw,Year 2, summer 28, Sunday,5831,21.8
frame,lgw,Year 2, summer 28, Sunday,5832,22.2
frame,lgw,Year 2, summer 28, Sunday,5833,0.4
frame,lgw,Year 2, summer 28, Sunday,5834,22.0
frame,lgw,Year 2, summer 28, Sunday,5835,22.1
frame,lgw,Year 2, summer 28, Sunday,5836,21.9
frame,lgw,Year 2, summer 28, Sunday,5837,0.3
frame,lgw,Year 2, summer 28, Sunday,5838,21.7
frame,lgw,Year 2, summer 28, Sunday,5839,21.9
frame,lgw,Year 2, summer 28, Sunday,5840,21.8
frame,lgw,Year 2, summer 28, Sunday,5841,0.4
frame,lgw,Year 2, summer 28, Sunday,5842,22.3
frame,lgw,Year 2, summer 28, Sunday,5843,22.2
frame,lgw,Year 2, summer 28, Sunday,5844,22.4
frame,lgw,Year 2, summer 28, Sunday,5845,0.3
frame,lgw,Year 2, summer 28, Sunday,5846,22.0
frame,lgw,Year 2, summer 28, Sunday,5847,21.7
frame,lgw,Year 2, summer 28, Sunday,5848,21.8
frame,lgw,Year 2, summer 28, Sunday,5849,0.3
frame,lgw,Year 2, summer 28, Sunday,5850,22.2
frame,lgw,Year 2, summer 28, Sunday,5851,22.4
frame,lgw,Year 2, summer 28, Sunday,5852,22.3
frame,lgw,Year 2, summer 28, Sunday,5853,0.4
frame,lgw,Year 2, summer 28, Sunday,5854,23.6
frame,lgw,Year 2, summer 28, Sunday,5855,21.9
frame,lgw,Year 2, summer 28, Sunday,5856,22.5
frame,lgw,Year 2, summer 28, Sunday,5857,0.4
frame,lgw,Year 2, summer 28, Sunday,5858,22.1
frame,lgw,Year 2, summer 28, Sunday,5859,22.0
frame,lgw,Year 2, summer 28, Sunday,5860,22.7
frame,lgw,Year 2, summer 28, Sunday,5861,0.6
frame,lgw,Year 2, summer 28, Sunday,5862,22.4
frame,lgw,Year 2, summer 28, Sunday,5863,22.5
frame,lgw,Year 2, summer 28, Sunday,5864,22.5
frame,lgw,Year 2, summer 28, Sunday,5865,0.6
frame,lgw,Year 2, summer 28, Sunday,5866,23.0
frame,lgw,Year 2, summer 28, Sunday,5867,22.4
frame,lgw,Year 2, summer 28, Sunday,5868,0.6
frame,lgw,Year 2, summer 28, Sunday,5869,22.4
frame,lgw,Year 2, summer 28, Sunday,5870,22.7
frame,lgw,Year 2, summer 28, Sunday,5871,22.1
frame,lgw,Year 2, summer 28, Sunday,5872,0.4
frame,lgw,Year 2, summer 28, Sunday,5873,22.2
frame,lgw,Year 2, summer 28, Sunday,5874,22.9
frame,lgw,Year 2, summer 28, Sunday,5875,22.2
frame,lgw,Year 2, summer 28, Sunday,5876,0.5
frame,lgw,Year 2, summer 28, Sunday,5877,21.8
frame,lgw,Year 2, summer 28, Sunday,5878,22.3
frame,lgw,Year 2, summer 28, Sunday,5879,22.5
frame,lgw,Year 2, summer 28, Sunday,5880,0.4
frame,lgw,Year 2, summer 28, Sunday,5881,22.3
frame,lgw,Year 2, summer 28, Sunday,5882,22.0
frame,lgw,Year 2, summer 28, Sunday,5883,22.7
frame,lgw,Year 2, summer 28, Sunday,5884,0.4
frame,lgw,Year 2, summer 28, Sunday,5885,21.8
frame,lgw,Year 2, summer 28, Sunday,5886,22.4
frame,lgw,Year 2, summer 28, Sunday,5887,22.0
frame,lgw,Year 2, summer 28, Sunday,5888,0.4
frame,lgw,Year 2, summer 28, Sunday,5889,22.0
frame,lgw,Year 2, summer 28, Sunday,5890,22.2
frame,lgw,Year 2, summer 28, Sunday,5891,22.3
frame,lgw,Year 2, summer 28, Sunday,5892,0.5
frame,lgw,Year 2, summer 28, Sunday,5893,22.0
frame,lgw,Year 2, summer 28, Sunday,5894,22.7
frame,lgw,Year 2, summer 28, Sunday,5895,22.5
frame,lgw,Year 2, summer 28, Sunday,5896,0.5
frame,lgw,Year 2, summer 28, Sunday,5897,22.8
frame,lgw,Year 2, summer 28, Sunday,5898,22.6
frame,lgw,Year 2, summer 28, Sunday,5899,0.7
frame,lgw,Year 2, summer 28, Sunday,5900,22.7
frame,lgw,Year 2, summer 28, Sunday,5901,22.6
frame,lgw,Year 2, summer 28, Sunday,5902,22.8
frame,lgw,Year 2, summer 28, Sunday,5903,0.5
frame,lgw,Year 2, summer 28, Sunday,5904,22.7
frame,lgw,Year 2, summer 28, Sunday,5905,23.0
frame,lgw,Year 2, summer 28, Sunday,5906,22.3
frame,lgw,Year 2, summer 28, Sunday,5907,0.4
frame,lgw,Year 2, summer 28, Sunday,5908,22.5
frame,lgw,Year 2, summer 28, Sunday,5909,22.2
frame,lgw,Year 2, summer 28, Sunday,5910,0.4
frame,lgw,Year 2, summer 28, Sunday,5911,22.6
frame,lgw,Year 2, summer 28, Sunday,5912,22.1
frame,lgw,Year 2, summer 28, Sunday,5913,21.8
frame,lgw,Year 2, summer 28, Sunday,5914,0.3
frame,lgw,Year 2, summer 28, Sunday,5915,22.3
frame,lgw,Year 2, summer 28, Sunday,5916,22.4
frame,lgw,Year 2, summer 28, Sunday,5917,21.7
frame,lgw,Year 2, summer 28, Sunday,5918,0.4
frame,lgw,Year 2, summer 28, Sunday,5919,22.4
frame,lgw,Year 2, summer 28, Sunday,5920,22.5
frame,lgw,Year 2, summer 28, Sunday,5921,22.3
frame,lgw,Year 2, summer 28, Sunday,5922,0.4
frame,lgw,Year 2, summer 28, Sunday,5923,22.2
frame,lgw,Year 2, summer 28, Sunday,5924,22.7
frame,lgw,Year 2, summer 28, Sunday,5925,21.9
frame,lgw,Year 2, summer 28, Sunday,5926,0.4
frame,lgw,Year 2, summer 28, Sunday,5927,22.3
frame,lgw,Year 2, summer 28, Sunday,5928,22.3
frame,lgw,Year 2, summer 28, Sunday,5929,22.5
frame,lgw,Year 2, summer 28, Sunday,5930,0.4
frame,lgw,Year 2, summer 28, Sunday,5931,22.6
frame,lgw,Year 2, summer 28, Sunday,5932,21.9
frame,lgw,Year 2, summer 28, Sunday,5933,22.3
frame,lgw,Year 2, summer 28, Sunday,5934,0.7
frame,lgw,Year 2, summer 28, Sunday,5935,22.0
frame,lgw,Year 2, summer 28, Sunday,5936,21.8
frame,lgw,Year 2, summer 28, Sunday,5937,23.1
frame,lgw,Year 2, summer 28, Sunday,5938,0.4
frame,lgw,Year 2, summer 28, Sunday,5939,29.2
frame,lgw,Year 2, summer 28, Sunday,5940,22.9
frame,lgw,Year 2, summer 28, Sunday,5941,21.1
frame,lgw,Year 2, summer 28, Sunday,5942,22.7
frame,lgw,Year 2, summer 28, Sunday,5943,0.4
frame,lgw,Year 2, summer 28, Sunday,5944,0.3
frame,lgw,Year 2, summer 28, Sunday,5945,23.2
frame,lgw,Year 2, summer 28, Sunday,5946,22.3
frame,lgw,Year 2, summer 28, Sunday,5947,22.1
frame,lgw,Year 2, summer 28, Sunday,5948,0.6
frame,lgw,Year 2, summer 28, Sunday,5949,22.6
frame,lgw,Year 2, summer 28, Sunday,5950,22.3
frame,lgw,Year 2, summer 28, Sunday,5951,23.1
frame,lgw,Year 2, summer 28, Sunday,5952,0.3
frame,lgw,Year 2, summer 28, Sunday,5953,22.4
frame,lgw,Year 2, summer 28, Sunday,5954,21.9
frame,lgw,Year 2, summer 28, Sunday,5955,21.8
frame,lgw,Year 2, summer 28, Sunday,5956,0.4
frame,lgw,Year 2, summer 28, Sunday,5957,21.7
frame,lgw,Year 2, summer 28, Sunday,5958,22.1
frame,lgw,Year 2, summer 28, Sunday,5959,22.0
frame,lgw,Year 2, summer 28, Sunday,5960,0.4
frame,lgw,Year 2, summer 28, Sunday,5961,22.7
frame,lgw,Year 2, summer 28, Sunday,5962,22.5
frame,lgw,Year 2, summer 28, Sunday,5963,21.7
frame,lgw,Year 2, summer 28, Sunday,5964,0.3
frame,lgw,Year 2, summer 28, Sunday,5965,22.0
frame,lgw,Year 2, summer 28, Sunday,5966,22.7
frame,lgw,Year 2, summer 28, Sunday,5967,25.8
frame,lgw,Year 2, summer 28, Sunday,5968,6.8
frame,lgw,Year 2, summer 28, Sunday,5969,24.0
frame,lgw,Year 2, summer 28, Sunday,5970,0.7
frame,lgw,Year 2, summer 28, Sunday,5971,22.4
frame,lgw,Year 2, summer 28, Sunday,5972,23.3
frame,lgw,Year 2, summer 28, Sunday,5973,0.6
frame,lgw,Year 2, summer 28, Sunday,5974,22.4
frame,lgw,Year 2, summer 28, Sunday,5975,22.2
frame,lgw,Year 2, summer 28, Sunday,5976,22.4
frame,lgw,Year 2, summer 28, Sunday,5977,0.5
frame,lgw,Year 2, summer 28, Sunday,5978,22.4
frame,lgw,Year 2, summer 28, Sunday,5979,22.5
frame,lgw,Year 2, summer 28, Sunday,5980,22.5
frame,lgw,Year 2, summer 28, Sunday,5981,0.5
frame,lgw,Year 2, summer 28, Sunday,5982,22.7
frame,lgw,Year 2, summer 28, Sunday,5983,22.3
frame,lgw,Year 2, summer 28, Sunday,5984,22.1
frame,lgw,Year 2, summer 28, Sunday,5985,0.5
frame,lgw,Year 2, summer 28, Sunday,5986,22.5
frame,lgw,Year 2, summer 28, Sunday,5987,22.0
frame,lgw,Year 2, summer 28, Sunday,5988,0.5
frame,lgw,Year 2, summer 28, Sunday,5989,21.9
frame,lgw,Year 2, summer 28, Sunday,5990,22.7
frame,lgw,Year 2, summer 28, Sunday,5991,22.4
frame,lgw,Year 2, summer 28, Sunday,5992,0.4
frame,lgw,Year 2, summer 28, Sunday,5993,22.4
frame,lgw,Year 2, summer 28, Sunday,5994,22.5
frame,lgw,Year 2, summer 28, Sunday,5995,27.0
frame,lgw,Year 2, summer 28, Sunday,5996,0.7
frame,lgw,Year 2, summer 28, Sunday,5997,23.0
frame,lgw,Year 2, summer 28, Sunday,5998,22.4
frame,lgw,Year 2, summer 28, Sunday,5999,0.7
timing,lgw,Year 2, summer 28, Sunday,ProcessAllHoppers,19,10.00,0.526,10.00
timing,lgw,Year 2, summer 28, Sunday,TryFeedMachine,76,8.00,0.105,6.00
lag,lgw,Year 2, summer 28, Sunday,7194,105.9
frame,lgw,Year 2, summer 28, Sunday,7024,22.2
frame,lgw,Year 2, summer 28, Sunday,7025,0.8
frame,lgw,Year 2, summer 28, Sunday,7026,22.5
frame,lgw,Year 2, summer 28, Sunday,7027,23.1
frame,lgw,Year 2, summer 28, Sunday,7028,22.9
frame,lgw,Year 2, summer 28, Sunday,7029,0.5
frame,lgw,Year 2, summer 28, Sunday,7030,22.8
frame,lgw,Year 2, summer 28, Sunday,7031,22.3
frame,lgw,Year 2, summer 28, Sunday,7032,0.4
frame,lgw,Year 2, summer 28, Sunday,7033,22.5
frame,lgw,Year 2, summer 28, Sunday,7034,23.1
frame,lgw,Year 2, summer 28, Sunday,7035,22.2
frame,lgw,Year 2, summer 28, Sunday,7036,0.4
frame,lgw,Year 2, summer 28, Sunday,7037,22.7
frame,lgw,Year 2, summer 28, Sunday,7038,21.9
frame,lgw,Year 2, summer 28, Sunday,7039,22.9
frame,lgw,Year 2, summer 28, Sunday,7040,0.4
frame,lgw,Year 2, summer 28, Sunday,7041,21.8
frame,lgw,Year 2, summer 28, Sunday,7042,22.2
frame,lgw,Year 2, summer 28, Sunday,7043,22.4
frame,lgw,Year 2, summer 28, Sunday,7044,0.5
frame,lgw,Year 2, summer 28, Sunday,7045,22.3
frame,lgw,Year 2, summer 28, Sunday,7046,22.7
frame,lgw,Year 2, summer 28, Sunday,7047,22.4
frame,lgw,Year 2, summer 28, Sunday,7048,0.6
frame,lgw,Year 2, summer 28, Sunday,7049,22.9
frame,lgw,Year 2, summer 28, Sunday,7050,22.3
frame,lgw,Year 2, summer 28, Sunday,7051,0.5
frame,lgw,Year 2, summer 28, Sunday,7052,22.1
frame,lgw,Year 2, summer 28, Sunday,7053,22.6
frame,lgw,Year 2, summer 28, Sunday,7054,22.0
frame,lgw,Year 2, summer 28, Sunday,7055,0.4
frame,lgw,Year 2, summer 28, Sunday,7056,22.5
frame,lgw,Year 2, summer 28, Sunday,7057,22.6
frame,lgw,Year 2, summer 28, Sunday,7058,22.1
frame,lgw,Year 2, summer 28, Sunday,7059,0.7
frame,lgw,Year 2, summer 28, Sunday,7060,22.3
frame,lgw,Year 2, summer 28, Sunday,7061,22.1
frame,lgw,Year 2, summer 28, Sunday,7062,22.7
frame,lgw,Year 2, summer 28, Sunday,7063,0.6
frame,lgw,Year 2, summer 28, Sunday,7064,23.0
frame,lgw,Year 2, summer 28, Sunday,7065,22.2
frame,lgw,Year 2, summer 28, Sunday,7066,22.8
frame,lgw,Year 2, summer 28, Sunday,7067,0.7
frame,lgw,Year 2, summer 28, Sunday,7068,22.8
frame,lgw,Year 2, summer 28, Sunday,7069,23.2
frame,lgw,Year 2, summer 28, Sunday,7070,6.9
frame,lgw,Year 2, summer 28, Sunday,7071,22.4
frame,lgw,Year 2, summer 28, Sunday,7072,22.2
frame,lgw,Year 2, summer 28, Sunday,7073,0.4
frame,lgw,Year 2, summer 28, Sunday,7074,22.0
frame,lgw,Year 2, summer 28, Sunday,7075,22.2
frame,lgw,Year 2, summer 28, Sunday,7076,22.0
frame,lgw,Year 2, summer 28, Sunday,7077,0.4
frame,lgw,Year 2, summer 28, Sunday,7078,22.5
frame,lgw,Year 2, summer 28, Sunday,7079,23.0
frame,lgw,Year 2, summer 28, Sunday,7080,23.3
frame,lgw,Year 2, summer 28, Sunday,7081,0.7
frame,lgw,Year 2, summer 28, Sunday,7082,22.9
frame,lgw,Year 2, summer 28, Sunday,7083,21.8
frame,lgw,Year 2, summer 28, Sunday,7084,0.4
frame,lgw,Year 2, summer 28, Sunday,7085,23.1
frame,lgw,Year 2, summer 28, Sunday,7086,22.4
frame,lgw,Year 2, summer 28, Sunday,7087,22.4
frame,lgw,Year 2, summer 28, Sunday,7088,0.4
frame,lgw,Year 2, summer 28, Sunday,7089,22.0
frame,lgw,Year 2, summer 28, Sunday,7090,21.9
frame,lgw,Year 2, summer 28, Sunday,7091,21.8
frame,lgw,Year 2, summer 28, Sunday,7092,0.6
frame,lgw,Year 2, summer 28, Sunday,7093,22.0
frame,lgw,Year 2, summer 28, Sunday,7094,22.2
frame,lgw,Year 2, summer 28, Sunday,7095,22.1
frame,lgw,Year 2, summer 28, Sunday,7096,0.5
frame,lgw,Year 2, summer 28, Sunday,7097,22.0
frame,lgw,Year 2, summer 28, Sunday,7098,22.0
frame,lgw,Year 2, summer 28, Sunday,7099,22.0
frame,lgw,Year 2, summer 28, Sunday,7100,0.4
frame,lgw,Year 2, summer 28, Sunday,7101,22.5
frame,lgw,Year 2, summer 28, Sunday,7102,22.6
frame,lgw,Year 2, summer 28, Sunday,7103,22.3
frame,lgw,Year 2, summer 28, Sunday,7104,1.1
frame,lgw,Year 2, summer 28, Sunday,7105,22.8
frame,lgw,Year 2, summer 28, Sunday,7106,21.8
frame,lgw,Year 2, summer 28, Sunday,7107,21.9
frame,lgw,Year 2, summer 28, Sunday,7108,0.4
frame,lgw,Year 2, summer 28, Sunday,7109,22.1
frame,lgw,Year 2, summer 28, Sunday,7110,22.1
frame,lgw,Year 2, summer 28, Sunday,7111,22.3
frame,lgw,Year 2, summer 28, Sunday,7112,0.5
frame,lgw,Year 2, summer 28, Sunday,7113,22.0
frame,lgw,Year 2, summer 28, Sunday,7114,22.1
frame,lgw,Year 2, summer 28, Sunday,7115,22.1
frame,lgw,Year 2, summer 28, Sunday,7116,0.6
frame,lgw,Year 2, summer 28, Sunday,7117,22.4
frame,lgw,Year 2, summer 28, Sunday,7118,22.7
frame,lgw,Year 2, summer 28, Sunday,7119,21.9
frame,lgw,Year 2, summer 28, Sunday,7120,0.4
frame,lgw,Year 2, summer 28, Sunday,7121,21.9
frame,lgw,Year 2, summer 28, Sunday,7122,22.0
frame,lgw,Year 2, summer 28, Sunday,7123,22.1
frame,lgw,Year 2, summer 28, Sunday,7124,0.4
frame,lgw,Year 2, summer 28, Sunday,7125,22.6
frame,lgw,Year 2, summer 28, Sunday,7126,22.0
frame,lgw,Year 2, summer 28, Sunday,7127,22.3
frame,lgw,Year 2, summer 28, Sunday,7128,0.4
frame,lgw,Year 2, summer 28, Sunday,7129,22.6
frame,lgw,Year 2, summer 28, Sunday,7130,22.3
frame,lgw,Year 2, summer 28, Sunday,7131,0.6
frame,lgw,Year 2, summer 28, Sunday,7132,22.1
frame,lgw,Year 2, summer 28, Sunday,7133,21.9
frame,lgw,Year 2, summer 28, Sunday,7134,22.6
frame,lgw,Year 2, summer 28, Sunday,7135,0.4
frame,lgw,Year 2, summer 28, Sunday,7136,22.2
frame,lgw,Year 2, summer 28, Sunday,7137,22.5
frame,lgw,Year 2, summer 28, Sunday,7138,22.1
frame,lgw,Year 2, summer 28, Sunday,7139,0.5
frame,lgw,Year 2, summer 28, Sunday,7140,22.5
frame,lgw,Year 2, summer 28, Sunday,7141,38.5
frame,lgw,Year 2, summer 28, Sunday,7142,0.5
frame,lgw,Year 2, summer 28, Sunday,7143,22.4
frame,lgw,Year 2, summer 28, Sunday,7144,0.4
frame,lgw,Year 2, summer 28, Sunday,7145,22.4
frame,lgw,Year 2, summer 28, Sunday,7146,22.3
frame,lgw,Year 2, summer 28, Sunday,7147,22.5
frame,lgw,Year 2, summer 28, Sunday,7148,0.4
frame,lgw,Year 2, summer 28, Sunday,7149,22.0
frame,lgw,Year 2, summer 28, Sunday,7150,22.1
frame,lgw,Year 2, summer 28, Sunday,7151,22.2
frame,lgw,Year 2, summer 28, Sunday,7152,0.4
frame,lgw,Year 2, summer 28, Sunday,7153,22.4
frame,lgw,Year 2, summer 28, Sunday,7154,22.2
frame,lgw,Year 2, summer 28, Sunday,7155,22.1
frame,lgw,Year 2, summer 28, Sunday,7156,0.4
frame,lgw,Year 2, summer 28, Sunday,7157,21.9
frame,lgw,Year 2, summer 28, Sunday,7158,22.1
frame,lgw,Year 2, summer 28, Sunday,7159,22.2
frame,lgw,Year 2, summer 28, Sunday,7160,0.4
frame,lgw,Year 2, summer 28, Sunday,7161,22.3
frame,lgw,Year 2, summer 28, Sunday,7162,24.6
frame,lgw,Year 2, summer 28, Sunday,7163,23.6
frame,lgw,Year 2, summer 28, Sunday,7164,0.4
frame,lgw,Year 2, summer 28, Sunday,7165,22.7
frame,lgw,Year 2, summer 28, Sunday,7166,22.0
frame,lgw,Year 2, summer 28, Sunday,7167,0.4
frame,lgw,Year 2, summer 28, Sunday,7168,22.1
frame,lgw,Year 2, summer 28, Sunday,7169,22.4
frame,lgw,Year 2, summer 28, Sunday,7170,22.2
frame,lgw,Year 2, summer 28, Sunday,7171,0.4
frame,lgw,Year 2, summer 28, Sunday,7172,22.3
frame,lgw,Year 2, summer 28, Sunday,7173,22.3
frame,lgw,Year 2, summer 28, Sunday,7174,22.1
frame,lgw,Year 2, summer 28, Sunday,7175,0.4
frame,lgw,Year 2, summer 28, Sunday,7176,22.0
frame,lgw,Year 2, summer 28, Sunday,7177,21.9
frame,lgw,Year 2, summer 28, Sunday,7178,22.0
frame,lgw,Year 2, summer 28, Sunday,7179,0.4
frame,lgw,Year 2, summer 28, Sunday,7180,22.0
frame,lgw,Year 2, summer 28, Sunday,7181,22.0
frame,lgw,Year 2, summer 28, Sunday,7182,22.6
frame,lgw,Year 2, summer 28, Sunday,7183,0.5
frame,lgw,Year 2, summer 28, Sunday,7184,21.9
frame,lgw,Year 2, summer 28, Sunday,7185,22.3
frame,lgw,Year 2, summer 28, Sunday,7186,22.0
frame,lgw,Year 2, summer 28, Sunday,7187,0.4
frame,lgw,Year 2, summer 28, Sunday,7188,22.3
frame,lgw,Year 2, summer 28, Sunday,7189,22.0
frame,lgw,Year 2, summer 28, Sunday,7190,11.1
frame,lgw,Year 2, summer 28, Sunday,7191,11.3
frame,lgw,Year 2, summer 28, Sunday,7192,12.0
frame,lgw,Year 2, summer 28, Sunday,7193,105.9
frame,lgw,Year 2, summer 28, Sunday,7194,0.6
frame,lgw,Year 2, summer 28, Sunday,7195,0.5
frame,lgw,Year 2, summer 28, Sunday,7196,0.4
frame,lgw,Year 2, summer 28, Sunday,7197,0.6
frame,lgw,Year 2, summer 28, Sunday,7198,0.6
frame,lgw,Year 2, summer 28, Sunday,7199,7.9
frame,lgw,Year 2, summer 28, Sunday,7200,16.7
frame,lgw,Year 2, summer 28, Sunday,7201,16.7
frame,lgw,Year 2, summer 28, Sunday,7202,16.6
frame,lgw,Year 2, summer 28, Sunday,7203,16.6
frame,lgw,Year 2, summer 28, Sunday,7204,16.7
frame,lgw,Year 2, summer 28, Sunday,7205,16.6
frame,lgw,Year 2, summer 28, Sunday,7206,16.7
frame,lgw,Year 2, summer 28, Sunday,7207,16.9
frame,lgw,Year 2, summer 28, Sunday,7208,16.5
frame,lgw,Year 2, summer 28, Sunday,7209,17.1
frame,lgw,Year 2, summer 28, Sunday,7210,16.6
frame,lgw,Year 2, summer 28, Sunday,7211,16.2
frame,lgw,Year 2, summer 28, Sunday,7212,16.7
frame,lgw,Year 2, summer 28, Sunday,7213,16.8
frame,lgw,Year 2, summer 28, Sunday,7214,16.7
frame,lgw,Year 2, summer 28, Sunday,7215,16.4
frame,lgw,Year 2, summer 28, Sunday,7216,16.8
frame,lgw,Year 2, summer 28, Sunday,7217,16.6
frame,lgw,Year 2, summer 28, Sunday,7218,16.6
frame,lgw,Year 2, summer 28, Sunday,7219,16.8
frame,lgw,Year 2, summer 28, Sunday,7220,16.6
frame,lgw,Year 2, summer 28, Sunday,7221,16.6
frame,lgw,Year 2, summer 28, Sunday,7222,16.8
frame,lgw,Year 2, summer 28, Sunday,7223,16.6
frame,lgw,Year 2, summer 28, Sunday,7224,16.9
frame,lgw,Year 2, summer 28, Sunday,7225,16.6
frame,lgw,Year 2, summer 28, Sunday,7226,16.6
frame,lgw,Year 2, summer 28, Sunday,7227,16.7
frame,lgw,Year 2, summer 28, Sunday,7228,16.7
frame,lgw,Year 2, summer 28, Sunday,7229,16.5
frame,lgw,Year 2, summer 28, Sunday,7230,16.7
frame,lgw,Year 2, summer 28, Sunday,7231,16.7
frame,lgw,Year 2, summer 28, Sunday,7232,16.7
frame,lgw,Year 2, summer 28, Sunday,7233,16.7
frame,lgw,Year 2, summer 28, Sunday,7234,16.7
frame,lgw,Year 2, summer 28, Sunday,7235,16.6
frame,lgw,Year 2, summer 28, Sunday,7236,16.6
frame,lgw,Year 2, summer 28, Sunday,7237,16.6
frame,lgw,Year 2, summer 28, Sunday,7238,16.7
frame,lgw,Year 2, summer 28, Sunday,7239,16.7
frame,lgw,Year 2, summer 28, Sunday,7240,17.1
frame,lgw,Year 2, summer 28, Sunday,7241,16.3
frame,lgw,Year 2, summer 28, Sunday,7242,16.7
frame,lgw,Year 2, summer 28, Sunday,7243,16.7
frame,lgw,Year 2, summer 28, Sunday,7244,16.7
frame,lgw,Year 2, summer 28, Sunday,7245,16.5
frame,lgw,Year 2, summer 28, Sunday,7246,16.9
frame,lgw,Year 2, summer 28, Sunday,7247,17.1
frame,lgw,Year 2, summer 28, Sunday,7248,16.0
frame,lgw,Year 2, summer 28, Sunday,7249,16.6
frame,lgw,Year 2, summer 28, Sunday,7250,16.7
frame,lgw,Year 2, summer 28, Sunday,7251,16.6
frame,lgw,Year 2, summer 28, Sunday,7252,16.7
frame,lgw,Year 2, summer 28, Sunday,7253,16.7
frame,lgw,Year 2, summer 28, Sunday,7254,16.6
frame,lgw,Year 2, summer 28, Sunday,7255,16.7
frame,lgw,Year 2, summer 28, Sunday,7256,16.7
frame,lgw,Year 2, summer 28, Sunday,7257,16.8
frame,lgw,Year 2, summer 28, Sunday,7258,16.6
frame,lgw,Year 2, summer 28, Sunday,7259,16.8
frame,lgw,Year 2, summer 28, Sunday,7260,16.6
frame,lgw,Year 2, summer 28, Sunday,7261,16.7
frame,lgw,Year 2, summer 28, Sunday,7262,16.6
frame,lgw,Year 2, summer 28, Sunday,7263,16.6
frame,lgw,Year 2, summer 28, Sunday,7264,16.7
frame,lgw,Year 2, summer 28, Sunday,7265,17.4
frame,lgw,Year 2, summer 28, Sunday,7266,15.9
frame,lgw,Year 2, summer 28, Sunday,7267,16.9
frame,lgw,Year 2, summer 28, Sunday,7268,16.4
frame,lgw,Year 2, summer 28, Sunday,7269,16.8
frame,lgw,Year 2, summer 28, Sunday,7270,16.6
frame,lgw,Year 2, summer 28, Sunday,7271,16.7
frame,lgw,Year 2, summer 28, Sunday,7272,16.7
frame,lgw,Year 2, summer 28, Sunday,7273,16.6
frame,lgw,Year 2, summer 28, Sunday,7274,16.7
frame,lgw,Year 2, summer 28, Sunday,7275,16.6
frame,lgw,Year 2, summer 28, Sunday,7276,16.8
frame,lgw,Year 2, summer 28, Sunday,7277,16.5
frame,lgw,Year 2, summer 28, Sunday,7278,16.7
frame,lgw,Year 2, summer 28, Sunday,7279,16.7
frame,lgw,Year 2, summer 28, Sunday,7280,16.7
frame,lgw,Year 2, summer 28, Sunday,7281,16.6
frame,lgw,Year 2, summer 28, Sunday,7282,16.9
frame,lgw,Year 2, summer 28, Sunday,7283,16.5
frame,lgw,Year 2, summer 28, Sunday,7284,16.7
frame,lgw,Year 2, summer 28, Sunday,7285,17.5
frame,lgw,Year 2, summer 28, Sunday,7286,15.8
frame,lgw,Year 2, summer 28, Sunday,7287,39.3
switch,lgw,Year 1, spring 1, Monday,600,1306.2
switchdetail,lgw,Year 1, spring 1, Monday,610,0,0.0
lag,lgw,Year 1, spring 1, Monday,7289,1306.2
lag,lgw,Year 1, spring 1, Monday,7540,68.6
lag,lgw,Year 1, spring 1, Monday,7995,938.8
lag,lgw,Year 1, spring 1, Monday,8164,237.1
lag,lgw,Year 1, spring 1, Monday,8193,86.1
lag,lgw,Year 1, spring 1, Monday,8204,118.7
lag,lgw,Year 1, spring 1, Monday,8564,66.0
lag,lgw,Year 1, spring 1, Monday,9045,176.3
frame,lgw,Year 1, spring 1, Monday,11384,21.4
frame,lgw,Year 1, spring 1, Monday,11385,21.6
frame,lgw,Year 1, spring 1, Monday,11386,0.1
frame,lgw,Year 1, spring 1, Monday,11387,21.3
frame,lgw,Year 1, spring 1, Monday,11388,21.4
frame,lgw,Year 1, spring 1, Monday,11389,21.1
frame,lgw,Year 1, spring 1, Monday,11390,0.6
frame,lgw,Year 1, spring 1, Monday,11391,20.9
frame,lgw,Year 1, spring 1, Monday,11392,22.4
frame,lgw,Year 1, spring 1, Monday,11393,21.2
frame,lgw,Year 1, spring 1, Monday,11394,21.3
frame,lgw,Year 1, spring 1, Monday,11395,0.2
frame,lgw,Year 1, spring 1, Monday,11396,21.0
frame,lgw,Year 1, spring 1, Monday,11397,20.9
frame,lgw,Year 1, spring 1, Monday,11398,21.6
frame,lgw,Year 1, spring 1, Monday,11399,0.2
frame,lgw,Year 1, spring 1, Monday,11400,21.1
frame,lgw,Year 1, spring 1, Monday,11401,21.0
frame,lgw,Year 1, spring 1, Monday,11402,21.1
frame,lgw,Year 1, spring 1, Monday,11403,21.3
frame,lgw,Year 1, spring 1, Monday,11404,0.1
frame,lgw,Year 1, spring 1, Monday,11405,21.1
frame,lgw,Year 1, spring 1, Monday,11406,21.7
frame,lgw,Year 1, spring 1, Monday,11407,21.9
frame,lgw,Year 1, spring 1, Monday,11408,0.1
frame,lgw,Year 1, spring 1, Monday,11409,21.6
frame,lgw,Year 1, spring 1, Monday,11410,21.7
frame,lgw,Year 1, spring 1, Monday,11411,21.2
frame,lgw,Year 1, spring 1, Monday,11412,21.1
frame,lgw,Year 1, spring 1, Monday,11413,0.1
frame,lgw,Year 1, spring 1, Monday,11414,20.9
frame,lgw,Year 1, spring 1, Monday,11415,22.0
frame,lgw,Year 1, spring 1, Monday,11416,21.9
frame,lgw,Year 1, spring 1, Monday,11417,0.2
frame,lgw,Year 1, spring 1, Monday,11418,24.7
frame,lgw,Year 1, spring 1, Monday,11419,21.7
frame,lgw,Year 1, spring 1, Monday,11420,21.4
frame,lgw,Year 1, spring 1, Monday,11421,0.3
frame,lgw,Year 1, spring 1, Monday,11422,21.6
frame,lgw,Year 1, spring 1, Monday,11423,21.0
frame,lgw,Year 1, spring 1, Monday,11424,21.1
frame,lgw,Year 1, spring 1, Monday,11425,21.4
frame,lgw,Year 1, spring 1, Monday,11426,0.1
frame,lgw,Year 1, spring 1, Monday,11427,21.1
frame,lgw,Year 1, spring 1, Monday,11428,21.5
frame,lgw,Year 1, spring 1, Monday,11429,21.5
frame,lgw,Year 1, spring 1, Monday,11430,0.1
frame,lgw,Year 1, spring 1, Monday,11431,21.2
frame,lgw,Year 1, spring 1, Monday,11432,20.9
frame,lgw,Year 1, spring 1, Monday,11433,20.9
frame,lgw,Year 1, spring 1, Monday,11434,21.3
frame,lgw,Year 1, spring 1, Monday,11435,0.1
frame,lgw,Year 1, spring 1, Monday,11436,21.2
frame,lgw,Year 1, spring 1, Monday,11437,20.9
frame,lgw,Year 1, spring 1, Monday,11438,21.0
frame,lgw,Year 1, spring 1, Monday,11439,21.7
frame,lgw,Year 1, spring 1, Monday,11440,0.1
frame,lgw,Year 1, spring 1, Monday,11441,21.1
frame,lgw,Year 1, spring 1, Monday,11442,21.2
frame,lgw,Year 1, spring 1, Monday,11443,21.2
frame,lgw,Year 1, spring 1, Monday,11444,0.2
frame,lgw,Year 1, spring 1, Monday,11445,20.9
frame,lgw,Year 1, spring 1, Monday,11446,21.9
frame,lgw,Year 1, spring 1, Monday,11447,21.5
frame,lgw,Year 1, spring 1, Monday,11448,20.9
frame,lgw,Year 1, spring 1, Monday,11449,0.1
frame,lgw,Year 1, spring 1, Monday,11450,21.4
frame,lgw,Year 1, spring 1, Monday,11451,21.3
frame,lgw,Year 1, spring 1, Monday,11452,21.3
frame,lgw,Year 1, spring 1, Monday,11453,0.1
frame,lgw,Year 1, spring 1, Monday,11454,21.0
frame,lgw,Year 1, spring 1, Monday,11455,21.1
frame,lgw,Year 1, spring 1, Monday,11456,21.4
frame,lgw,Year 1, spring 1, Monday,11457,21.3
frame,lgw,Year 1, spring 1, Monday,11458,0.1
frame,lgw,Year 1, spring 1, Monday,11459,21.5
frame,lgw,Year 1, spring 1, Monday,11460,20.9
frame,lgw,Year 1, spring 1, Monday,11461,21.2
frame,lgw,Year 1, spring 1, Monday,11462,21.2
frame,lgw,Year 1, spring 1, Monday,11463,0.1
frame,lgw,Year 1, spring 1, Monday,11464,21.0
frame,lgw,Year 1, spring 1, Monday,11465,21.1
frame,lgw,Year 1, spring 1, Monday,11466,21.2
frame,lgw,Year 1, spring 1, Monday,11467,0.1
frame,lgw,Year 1, spring 1, Monday,11468,21.7
frame,lgw,Year 1, spring 1, Monday,11469,21.7
frame,lgw,Year 1, spring 1, Monday,11470,21.3
frame,lgw,Year 1, spring 1, Monday,11471,21.2
frame,lgw,Year 1, spring 1, Monday,11472,0.1
frame,lgw,Year 1, spring 1, Monday,11473,20.8
frame,lgw,Year 1, spring 1, Monday,11474,21.6
frame,lgw,Year 1, spring 1, Monday,11475,21.0
frame,lgw,Year 1, spring 1, Monday,11476,0.1
frame,lgw,Year 1, spring 1, Monday,11477,21.3
frame,lgw,Year 1, spring 1, Monday,11478,21.4
frame,lgw,Year 1, spring 1, Monday,11479,21.0
frame,lgw,Year 1, spring 1, Monday,11480,21.8
frame,lgw,Year 1, spring 1, Monday,11481,0.1
frame,lgw,Year 1, spring 1, Monday,11482,21.7
frame,lgw,Year 1, spring 1, Monday,11483,21.8
frame,lgw,Year 1, spring 1, Monday,11484,21.1
frame,lgw,Year 1, spring 1, Monday,11485,0.1
frame,lgw,Year 1, spring 1, Monday,11486,21.1
frame,lgw,Year 1, spring 1, Monday,11487,21.3
frame,lgw,Year 1, spring 1, Monday,11488,21.7
frame,lgw,Year 1, spring 1, Monday,11489,21.4
frame,lgw,Year 1, spring 1, Monday,11490,0.1
frame,lgw,Year 1, spring 1, Monday,11491,21.1
frame,lgw,Year 1, spring 1, Monday,11492,20.9
frame,lgw,Year 1, spring 1, Monday,11493,21.0
frame,lgw,Year 1, spring 1, Monday,11494,21.8
frame,lgw,Year 1, spring 1, Monday,11495,0.1
frame,lgw,Year 1, spring 1, Monday,11496,21.1
frame,lgw,Year 1, spring 1, Monday,11497,21.5
frame,lgw,Year 1, spring 1, Monday,11498,21.0
frame,lgw,Year 1, spring 1, Monday,11499,0.1
frame,lgw,Year 1, spring 1, Monday,11500,21.1
frame,lgw,Year 1, spring 1, Monday,11501,21.0
frame,lgw,Year 1, spring 1, Monday,11502,21.2
frame,lgw,Year 1, spring 1, Monday,11503,21.6
frame,lgw,Year 1, spring 1, Monday,11504,0.1
frame,lgw,Year 1, spring 1, Monday,11505,21.1
frame,lgw,Year 1, spring 1, Monday,11506,21.1
frame,lgw,Year 1, spring 1, Monday,11507,21.2
frame,lgw,Year 1, spring 1, Monday,11508,0.1
frame,lgw,Year 1, spring 1, Monday,11509,21.3
frame,lgw,Year 1, spring 1, Monday,11510,21.8
frame,lgw,Year 1, spring 1, Monday,11511,21.3
frame,lgw,Year 1, spring 1, Monday,11512,21.0
frame,lgw,Year 1, spring 1, Monday,11513,0.1
frame,lgw,Year 1, spring 1, Monday,11514,21.1
frame,lgw,Year 1, spring 1, Monday,11515,21.0
frame,lgw,Year 1, spring 1, Monday,11516,21.5
frame,lgw,Year 1, spring 1, Monday,11517,22.6
frame,lgw,Year 1, spring 1, Monday,11518,0.2
frame,lgw,Year 1, spring 1, Monday,11519,21.0
frame,lgw,Year 1, spring 1, Monday,11520,21.7
frame,lgw,Year 1, spring 1, Monday,11521,21.4
frame,lgw,Year 1, spring 1, Monday,11522,0.1
frame,lgw,Year 1, spring 1, Monday,11523,21.2
frame,lgw,Year 1, spring 1, Monday,11524,21.8
frame,lgw,Year 1, spring 1, Monday,11525,21.9
frame,lgw,Year 1, spring 1, Monday,11526,0.1
frame,lgw,Year 1, spring 1, Monday,11527,21.3
frame,lgw,Year 1, spring 1, Monday,11528,21.8
frame,lgw,Year 1, spring 1, Monday,11529,21.3
frame,lgw,Year 1, spring 1, Monday,11530,21.3
frame,lgw,Year 1, spring 1, Monday,11531,0.1
frame,lgw,Year 1, spring 1, Monday,11532,21.5
frame,lgw,Year 1, spring 1, Monday,11533,21.2
frame,lgw,Year 1, spring 1, Monday,11534,21.3
frame,lgw,Year 1, spring 1, Monday,11535,0.1
frame,lgw,Year 1, spring 1, Monday,11536,21.6
frame,lgw,Year 1, spring 1, Monday,11537,20.9
frame,lgw,Year 1, spring 1, Monday,11538,20.9
frame,lgw,Year 1, spring 1, Monday,11539,21.4
frame,lgw,Year 1, spring 1, Monday,11540,0.2
frame,lgw,Year 1, spring 1, Monday,11541,21.0
frame,lgw,Year 1, spring 1, Monday,11542,21.0
frame,lgw,Year 1, spring 1, Monday,11543,21.1
frame,lgw,Year 1, spring 1, Monday,11544,0.1
frame,lgw,Year 1, spring 1, Monday,11545,21.1
frame,lgw,Year 1, spring 1, Monday,11546,21.1
frame,lgw,Year 1, spring 1, Monday,11547,21.4
frame,lgw,Year 1, spring 1, Monday,11548,22.1
frame,lgw,Year 1, spring 1, Monday,11549,0.1
frame,lgw,Year 1, spring 1, Monday,11550,21.4
frame,lgw,Year 1, spring 1, Monday,11551,21.3
frame,lgw,Year 1, spring 1, Monday,11552,21.1
frame,lgw,Year 1, spring 1, Monday,11553,21.6
frame,lgw,Year 1, spring 1, Monday,11554,0.1
frame,lgw,Year 1, spring 1, Monday,11555,21.2
frame,lgw,Year 1, spring 1, Monday,11556,21.2
frame,lgw,Year 1, spring 1, Monday,11557,21.1
frame,lgw,Year 1, spring 1, Monday,11558,0.1
frame,lgw,Year 1, spring 1, Monday,11559,21.0
frame,lgw,Year 1, spring 1, Monday,11560,20.9
frame,lgw,Year 1, spring 1, Monday,11561,21.1
frame,lgw,Year 1, spring 1, Monday,11562,21.4
frame,lgw,Year 1, spring 1, Monday,11563,0.1
frame,lgw,Year 1, spring 1, Monday,11564,21.2
frame,lgw,Year 1, spring 1, Monday,11565,22.0
frame,lgw,Year 1, spring 1, Monday,11566,21.3
frame,lgw,Year 1, spring 1, Monday,11567,0.1
frame,lgw,Year 1, spring 1, Monday,11568,21.3
frame,lgw,Year 1, spring 1, Monday,11569,21.3
frame,lgw,Year 1, spring 1, Monday,11570,21.3
frame,lgw,Year 1, spring 1, Monday,11571,21.7
frame,lgw,Year 1, spring 1, Monday,11572,0.1
frame,lgw,Year 1, spring 1, Monday,11573,21.2
frame,lgw,Year 1, spring 1, Monday,11574,21.0
frame,lgw,Year 1, spring 1, Monday,11575,21.5
frame,lgw,Year 1, spring 1, Monday,11576,0.1
frame,lgw,Year 1, spring 1, Monday,11577,22.7
frame,lgw,Year 1, spring 1, Monday,11578,22.0
frame,lgw,Year 1, spring 1, Monday,11579,22.0
frame,lgw,Year 1, spring 1, Monday,11580,21.5
frame,lgw,Year 1, spring 1, Monday,11581,0.3
frame,lgw,Year 1, spring 1, Monday,11582,21.5
frame,lgw,Year 1, spring 1, Monday,11583,21.3
frame,lgw,Year 1, spring 1, Monday,11584,21.4
frame,lgw,Year 1, spring 1, Monday,11585,0.1
frame,lgw,Year 1, spring 1, Monday,11586,21.6
frame,lgw,Year 1, spring 1, Monday,11587,21.6
frame,lgw,Year 1, spring 1, Monday,11588,23.3
frame,lgw,Year 1, spring 1, Monday,11589,0.1
frame,lgw,Year 1, spring 1, Monday,11590,21.1
frame,lgw,Year 1, spring 1, Monday,11591,20.9
frame,lgw,Year 1, spring 1, Monday,11592,23.2
frame,lgw,Year 1, spring 1, Monday,11593,0.1
frame,lgw,Year 1, spring 1, Monday,11594,21.8
frame,lgw,Year 1, spring 1, Monday,11595,21.5
frame,lgw,Year 1, spring 1, Monday,11596,21.8
frame,lgw,Year 1, spring 1, Monday,11597,0.1
frame,lgw,Year 1, spring 1, Monday,11598,21.4
frame,lgw,Year 1, spring 1, Monday,11599,21.2
frame,lgw,Year 1, spring 1, Monday,11600,21.8
frame,lgw,Year 1, spring 1, Monday,11601,20.8
frame,lgw,Year 1, spring 1, Monday,11602,0.1
frame,lgw,Year 1, spring 1, Monday,11603,21.2
frame,lgw,Year 1, spring 1, Monday,11604,21.1
frame,lgw,Year 1, spring 1, Monday,11605,21.3
frame,lgw,Year 1, spring 1, Monday,11606,21.3
frame,lgw,Year 1, spring 1, Monday,11607,0.1
frame,lgw,Year 1, spring 1, Monday,11608,21.6
frame,lgw,Year 1, spring 1, Monday,11609,21.2
frame,lgw,Year 1, spring 1, Monday,11610,21.6
frame,lgw,Year 1, spring 1, Monday,11611,0.3
frame,lgw,Year 1, spring 1, Monday,11612,21.4
frame,lgw,Year 1, spring 1, Monday,11613,21.5
frame,lgw,Year 1, spring 1, Monday,11614,21.6
frame,lgw,Year 1, spring 1, Monday,11615,0.1
frame,lgw,Year 1, spring 1, Monday,11616,21.8
frame,lgw,Year 1, spring 1, Monday,11617,21.1
frame,lgw,Year 1, spring 1, Monday,11618,21.4
frame,lgw,Year 1, spring 1, Monday,11619,21.7
frame,lgw,Year 1, spring 1, Monday,11620,0.2
frame,lgw,Year 1, spring 1, Monday,11621,21.3
frame,lgw,Year 1, spring 1, Monday,11622,21.2
frame,lgw,Year 1, spring 1, Monday,11623,21.5
frame,lgw,Year 1, spring 1, Monday,11624,0.5
frame,lgw,Year 1, spring 1, Monday,11625,21.3
frame,lgw,Year 1, spring 1, Monday,11626,20.8
frame,lgw,Year 1, spring 1, Monday,11627,21.6
frame,lgw,Year 1, spring 1, Monday,11628,21.3
frame,lgw,Year 1, spring 1, Monday,11629,0.5
frame,lgw,Year 1, spring 1, Monday,11630,22.4
frame,lgw,Year 1, spring 1, Monday,11631,21.4
frame,lgw,Year 1, spring 1, Monday,11632,21.1
frame,lgw,Year 1, spring 1, Monday,11633,0.2
frame,lgw,Year 1, spring 1, Monday,11634,21.4
frame,lgw,Year 1, spring 1, Monday,11635,21.0
frame,lgw,Year 1, spring 1, Monday,11636,21.5
frame,lgw,Year 1, spring 1, Monday,11637,21.3
frame,lgw,Year 1, spring 1, Monday,11638,0.1
frame,lgw,Year 1, spring 1, Monday,11639,21.6
frame,lgw,Year 1, spring 1, Monday,11640,21.1
frame,lgw,Year 1, spring 1, Monday,11641,23.4
frame,lgw,Year 1, spring 1, Monday,11642,0.1
frame,lgw,Year 1, spring 1, Monday,11643,21.0
frame,lgw,Year 1, spring 1, Monday,11644,21.1
frame,lgw,Year 1, spring 1, Monday,11645,21.7
frame,lgw,Year 1, spring 1, Monday,11646,0.6
frame,lgw,Year 1, spring 1, Monday,11647,21.3
frame,lgw,Year 1, spring 1, Monday,11648,21.2
frame,lgw,Year 1, spring 1, Monday,11649,21.8
frame,lgw,Year 1, spring 1, Monday,11650,21.1
frame,lgw,Year 1, spring 1, Monday,11651,0.1
frame,lgw,Year 1, spring 1, Monday,11652,26.6
frame,lgw,Year 1, spring 1, Monday,11653,22.5
frame,lgw,Year 1, spring 1, Monday,11654,0.1
frame,lgw,Year 1, spring 1, Monday,11655,20.9
frame,lgw,Year 1, spring 1, Monday,11656,21.4
frame,lgw,Year 1, spring 1, Monday,11657,21.1
frame,lgw,Year 1, spring 1, Monday,11658,21.1
frame,lgw,Year 1, spring 1, Monday,11659,0.3
frame,lgw,Year 1, spring 1, Monday,11660,23.0
frame,lgw,Year 1, spring 1, Monday,11661,21.4
frame,lgw,Year 1, spring 1, Monday,11662,21.0
frame,lgw,Year 1, spring 1, Monday,11663,0.1
frame,lgw,Year 1, spring 1, Monday,11664,21.5
frame,lgw,Year 1, spring 1, Monday,11665,21.2
frame,lgw,Year 1, spring 1, Monday,11666,21.7
frame,lgw,Year 1, spring 1, Monday,11667,21.7
frame,lgw,Year 1, spring 1, Monday,11668,0.1
frame,lgw,Year 1, spring 1, Monday,11669,21.1
frame,lgw,Year 1, spring 1, Monday,11670,21.2
frame,lgw,Year 1, spring 1, Monday,11671,21.6
frame,lgw,Year 1, spring 1, Monday,11672,0.2
frame,lgw,Year 1, spring 1, Monday,11673,21.4
frame,lgw,Year 1, spring 1, Monday,11674,21.0
frame,lgw,Year 1, spring 1, Monday,11675,20.9
frame,lgw,Year 1, spring 1, Monday,11676,21.7
frame,lgw,Year 1, spring 1, Monday,11677,0.1
frame,lgw,Year 1, spring 1, Monday,11678,21.6
frame,lgw,Year 1, spring 1, Monday,11679,21.4
frame,lgw,Year 1, spring 1, Monday,11680,21.7
frame,lgw,Year 1, spring 1, Monday,11681,0.3
frame,lgw,Year 1, spring 1, Monday,11682,21.7
frame,lgw,Year 1, spring 1, Monday,11683,21.5
frame,lgw,Year 1, spring 1, Monday,11684,21.5
frame,lgw,Year 1, spring 1, Monday,11685,0.1
frame,lgw,Year 1, spring 1, Monday,11686,21.1
frame,lgw,Year 1, spring 1, Monday,11687,21.2
frame,lgw,Year 1, spring 1, Monday,11688,21.5
frame,lgw,Year 1, spring 1, Monday,11689,21.1
frame,lgw,Year 1, spring 1, Monday,11690,0.1
frame,lgw,Year 1, spring 1, Monday,11691,21.9
frame,lgw,Year 1, spring 1, Monday,11692,21.5
frame,lgw,Year 1, spring 1, Monday,11693,21.5
frame,lgw,Year 1, spring 1, Monday,11694,0.1
frame,lgw,Year 1, spring 1, Monday,11695,21.1
frame,lgw,Year 1, spring 1, Monday,11696,21.8
frame,lgw,Year 1, spring 1, Monday,11697,20.9
frame,lgw,Year 1, spring 1, Monday,11698,21.6
frame,lgw,Year 1, spring 1, Monday,11699,0.2
frame,lgw,Year 1, spring 1, Monday,11700,21.1
frame,lgw,Year 1, spring 1, Monday,11701,21.1
frame,lgw,Year 1, spring 1, Monday,11702,21.0
frame,lgw,Year 1, spring 1, Monday,11703,21.0
frame,lgw,Year 1, spring 1, Monday,11704,0.1
frame,lgw,Year 1, spring 1, Monday,11705,21.0
frame,lgw,Year 1, spring 1, Monday,11706,21.2
frame,lgw,Year 1, spring 1, Monday,11707,20.9
frame,lgw,Year 1, spring 1, Monday,11708,0.1
frame,lgw,Year 1, spring 1, Monday,11709,21.1
frame,lgw,Year 1, spring 1, Monday,11710,20.9
frame,lgw,Year 1, spring 1, Monday,11711,21.8
frame,lgw,Year 1, spring 1, Monday,11712,21.8
frame,lgw,Year 1, spring 1, Monday,11713,0.1
frame,lgw,Year 1, spring 1, Monday,11714,21.4
frame,lgw,Year 1, spring 1, Monday,11715,21.4
frame,lgw,Year 1, spring 1, Monday,11716,21.8
frame,lgw,Year 1, spring 1, Monday,11717,0.2
frame,lgw,Year 1, spring 1, Monday,11718,21.1
frame,lgw,Year 1, spring 1, Monday,11719,21.2
frame,lgw,Year 1, spring 1, Monday,11720,20.9
frame,lgw,Year 1, spring 1, Monday,11721,21.0
frame,lgw,Year 1, spring 1, Monday,11722,0.1
frame,lgw,Year 1, spring 1, Monday,11723,21.2
frame,lgw,Year 1, spring 1, Monday,11724,21.1
frame,lgw,Year 1, spring 1, Monday,11725,20.8
frame,lgw,Year 1, spring 1, Monday,11726,21.4
frame,lgw,Year 1, spring 1, Monday,11727,0.1
frame,lgw,Year 1, spring 1, Monday,11728,21.8
frame,lgw,Year 1, spring 1, Monday,11729,21.5
frame,lgw,Year 1, spring 1, Monday,11730,21.0
frame,lgw,Year 1, spring 1, Monday,11731,0.1
frame,lgw,Year 1, spring 1, Monday,11732,21.6
frame,lgw,Year 1, spring 1, Monday,11733,21.5
frame,lgw,Year 1, spring 1, Monday,11734,21.8
frame,lgw,Year 1, spring 1, Monday,11735,21.6
frame,lgw,Year 1, spring 1, Monday,11736,0.1
frame,lgw,Year 1, spring 1, Monday,11737,22.7
frame,lgw,Year 1, spring 1, Monday,11738,20.8
frame,lgw,Year 1, spring 1, Monday,11739,20.8
frame,lgw,Year 1, spring 1, Monday,11740,0.1
frame,lgw,Year 1, spring 1, Monday,11741,21.1
frame,lgw,Year 1, spring 1, Monday,11742,21.7
frame,lgw,Year 1, spring 1, Monday,11743,23.9
frame,lgw,Year 1, spring 1, Monday,11744,0.1
frame,lgw,Year 1, spring 1, Monday,11745,21.7
frame,lgw,Year 1, spring 1, Monday,11746,21.2
frame,lgw,Year 1, spring 1, Monday,11747,21.1
frame,lgw,Year 1, spring 1, Monday,11748,21.1
frame,lgw,Year 1, spring 1, Monday,11749,0.1
frame,lgw,Year 1, spring 1, Monday,11750,21.1
frame,lgw,Year 1, spring 1, Monday,11751,21.9
frame,lgw,Year 1, spring 1, Monday,11752,21.2
frame,lgw,Year 1, spring 1, Monday,11753,0.1
frame,lgw,Year 1, spring 1, Monday,11754,21.1
frame,lgw,Year 1, spring 1, Monday,11755,21.3
frame,lgw,Year 1, spring 1, Monday,11756,21.5
frame,lgw,Year 1, spring 1, Monday,11757,21.4
frame,lgw,Year 1, spring 1, Monday,11758,0.1
frame,lgw,Year 1, spring 1, Monday,11759,20.9
frame,lgw,Year 1, spring 1, Monday,11760,21.1
frame,lgw,Year 1, spring 1, Monday,11761,21.0
frame,lgw,Year 1, spring 1, Monday,11762,0.1
frame,lgw,Year 1, spring 1, Monday,11763,21.2
frame,lgw,Year 1, spring 1, Monday,11764,21.4
frame,lgw,Year 1, spring 1, Monday,11765,21.1
frame,lgw,Year 1, spring 1, Monday,11766,20.9
frame,lgw,Year 1, spring 1, Monday,11767,0.1
frame,lgw,Year 1, spring 1, Monday,11768,21.4
frame,lgw,Year 1, spring 1, Monday,11769,22.1
frame,lgw,Year 1, spring 1, Monday,11770,21.4
frame,lgw,Year 1, spring 1, Monday,11771,0.1
frame,lgw,Year 1, spring 1, Monday,11772,21.1
frame,lgw,Year 1, spring 1, Monday,11773,21.6
frame,lgw,Year 1, spring 1, Monday,11774,21.1
frame,lgw,Year 1, spring 1, Monday,11775,21.2
frame,lgw,Year 1, spring 1, Monday,11776,0.2
frame,lgw,Year 1, spring 1, Monday,11777,21.4
frame,lgw,Year 1, spring 1, Monday,11778,21.0
frame,lgw,Year 1, spring 1, Monday,11779,21.1
frame,lgw,Year 1, spring 1, Monday,11780,21.5
frame,lgw,Year 1, spring 1, Monday,11781,0.1
frame,lgw,Year 1, spring 1, Monday,11782,21.3
frame,lgw,Year 1, spring 1, Monday,11783,21.8
frame,lgw,Year 1, spring 1, Monday,11784,21.7
frame,lgw,Year 1, spring 1, Monday,11785,0.2
frame,lgw,Year 1, spring 1, Monday,11786,22.4
frame,lgw,Year 1, spring 1, Monday,11787,22.1
frame,lgw,Year 1, spring 1, Monday,11788,21.5
frame,lgw,Year 1, spring 1, Monday,11789,0.1
frame,lgw,Year 1, spring 1, Monday,11790,21.9
frame,lgw,Year 1, spring 1, Monday,11791,21.5
frame,lgw,Year 1, spring 1, Monday,11792,21.0
frame,lgw,Year 1, spring 1, Monday,11793,21.8
frame,lgw,Year 1, spring 1, Monday,11794,0.1
frame,lgw,Year 1, spring 1, Monday,11795,21.4
frame,lgw,Year 1, spring 1, Monday,11796,21.0
frame,lgw,Year 1, spring 1, Monday,11797,21.0
frame,lgw,Year 1, spring 1, Monday,11798,0.1
frame,lgw,Year 1, spring 1, Monday,11799,21.3
frame,lgw,Year 1, spring 1, Monday,11800,22.0
frame,lgw,Year 1, spring 1, Monday,11801,21.2
frame,lgw,Year 1, spring 1, Monday,11802,21.3
frame,lgw,Year 1, spring 1, Monday,11803,0.2
frame,lgw,Year 1, spring 1, Monday,11804,21.9
frame,lgw,Year 1, spring 1, Monday,11805,21.1
frame,lgw,Year 1, spring 1, Monday,11806,21.0
frame,lgw,Year 1, spring 1, Monday,11807,0.1
frame,lgw,Year 1, spring 1, Monday,11808,21.0
frame,lgw,Year 1, spring 1, Monday,11809,21.3
frame,lgw,Year 1, spring 1, Monday,11810,21.7
frame,lgw,Year 1, spring 1, Monday,11811,21.6
frame,lgw,Year 1, spring 1, Monday,11812,0.1
frame,lgw,Year 1, spring 1, Monday,11813,21.2
frame,lgw,Year 1, spring 1, Monday,11814,21.8
frame,lgw,Year 1, spring 1, Monday,11815,20.9
frame,lgw,Year 1, spring 1, Monday,11816,0.1
frame,lgw,Year 1, spring 1, Monday,11817,21.2
frame,lgw,Year 1, spring 1, Monday,11818,21.1
frame,lgw,Year 1, spring 1, Monday,11819,21.2
frame,lgw,Year 1, spring 1, Monday,11820,21.3
frame,lgw,Year 1, spring 1, Monday,11821,0.2
frame,lgw,Year 1, spring 1, Monday,11822,21.9
frame,lgw,Year 1, spring 1, Monday,11823,21.2
frame,lgw,Year 1, spring 1, Monday,11824,21.5
frame,lgw,Year 1, spring 1, Monday,11825,0.1
frame,lgw,Year 1, spring 1, Monday,11826,21.1
frame,lgw,Year 1, spring 1, Monday,11827,21.7
frame,lgw,Year 1, spring 1, Monday,11828,21.2
frame,lgw,Year 1, spring 1, Monday,11829,21.3
frame,lgw,Year 1, spring 1, Monday,11830,0.3
frame,lgw,Year 1, spring 1, Monday,11831,21.9
frame,lgw,Year 1, spring 1, Monday,11832,21.9
frame,lgw,Year 1, spring 1, Monday,11833,22.1
frame,lgw,Year 1, spring 1, Monday,11834,0.1
frame,lgw,Year 1, spring 1, Monday,11835,20.9
frame,lgw,Year 1, spring 1, Monday,11836,21.1
frame,lgw,Year 1, spring 1, Monday,11837,21.3
frame,lgw,Year 1, spring 1, Monday,11838,21.0
frame,lgw,Year 1, spring 1, Monday,11839,0.1
frame,lgw,Year 1, spring 1, Monday,11840,21.0
frame,lgw,Year 1, spring 1, Monday,11841,21.7
frame,lgw,Year 1, spring 1, Monday,11842,20.9
frame,lgw,Year 1, spring 1, Monday,11843,0.1
frame,lgw,Year 1, spring 1, Monday,11844,21.1
frame,lgw,Year 1, spring 1, Monday,11845,21.1
frame,lgw,Year 1, spring 1, Monday,11846,21.3
frame,lgw,Year 1, spring 1, Monday,11847,21.2
frame,lgw,Year 1, spring 1, Monday,11848,0.1
frame,lgw,Year 1, spring 1, Monday,11849,21.6
frame,lgw,Year 1, spring 1, Monday,11850,21.8
frame,lgw,Year 1, spring 1, Monday,11851,22.2
frame,lgw,Year 1, spring 1, Monday,11852,0.1
frame,lgw,Year 1, spring 1, Monday,11853,21.1
frame,lgw,Year 1, spring 1, Monday,11854,21.9
frame,lgw,Year 1, spring 1, Monday,11855,21.0
frame,lgw,Year 1, spring 1, Monday,11856,21.1
frame,lgw,Year 1, spring 1, Monday,11857,0.1
frame,lgw,Year 1, spring 1, Monday,11858,21.2
frame,lgw,Year 1, spring 1, Monday,11859,22.0
frame,lgw,Year 1, spring 1, Monday,11860,21.5
frame,lgw,Year 1, spring 1, Monday,11861,0.2
frame,lgw,Year 1, spring 1, Monday,11862,21.2
frame,lgw,Year 1, spring 1, Monday,11863,21.1
frame,lgw,Year 1, spring 1, Monday,11864,21.1
frame,lgw,Year 1, spring 1, Monday,11865,21.2
frame,lgw,Year 1, spring 1, Monday,11866,0.1
frame,lgw,Year 1, spring 1, Monday,11867,20.9
frame,lgw,Year 1, spring 1, Monday,11868,21.9
frame,lgw,Year 1, spring 1, Monday,11869,21.0
frame,lgw,Year 1, spring 1, Monday,11870,0.1
frame,lgw,Year 1, spring 1, Monday,11871,21.4
frame,lgw,Year 1, spring 1, Monday,11872,21.2
frame,lgw,Year 1, spring 1, Monday,11873,20.9
frame,lgw,Year 1, spring 1, Monday,11874,21.3
frame,lgw,Year 1, spring 1, Monday,11875,0.1
frame,lgw,Year 1, spring 1, Monday,11876,21.7
frame,lgw,Year 1, spring 1, Monday,11877,21.1
frame,lgw,Year 1, spring 1, Monday,11878,21.2
frame,lgw,Year 1, spring 1, Monday,11879,21.6
frame,lgw,Year 1, spring 1, Monday,11880,0.1
frame,lgw,Year 1, spring 1, Monday,11881,21.1
frame,lgw,Year 1, spring 1, Monday,11882,21.3
frame,lgw,Year 1, spring 1, Monday,11883,21.1
frame,lgw,Year 1, spring 1, Monday,11884,0.1
frame,lgw,Year 1, spring 1, Monday,11885,20.8
frame,lgw,Year 1, spring 1, Monday,11886,21.4
frame,lgw,Year 1, spring 1, Monday,11887,21.0
frame,lgw,Year 1, spring 1, Monday,11888,21.0
frame,lgw,Year 1, spring 1, Monday,11889,0.1
frame,lgw,Year 1, spring 1, Monday,11890,21.3
frame,lgw,Year 1, spring 1, Monday,11891,20.9
frame,lgw,Year 1, spring 1, Monday,11892,21.6
frame,lgw,Year 1, spring 1, Monday,11893,21.2
frame,lgw,Year 1, spring 1, Monday,11894,0.1
frame,lgw,Year 1, spring 1, Monday,11895,21.6
frame,lgw,Year 1, spring 1, Monday,11896,21.0
frame,lgw,Year 1, spring 1, Monday,11897,21.3
frame,lgw,Year 1, spring 1, Monday,11898,0.1
frame,lgw,Year 1, spring 1, Monday,11899,21.2
frame,lgw,Year 1, spring 1, Monday,11900,21.2
frame,lgw,Year 1, spring 1, Monday,11901,21.1
frame,lgw,Year 1, spring 1, Monday,11902,21.2
frame,lgw,Year 1, spring 1, Monday,11903,0.1
frame,lgw,Year 1, spring 1, Monday,11904,21.1
frame,lgw,Year 1, spring 1, Monday,11905,24.8
frame,lgw,Year 1, spring 1, Monday,11906,21.5
frame,lgw,Year 1, spring 1, Monday,11907,0.1
frame,lgw,Year 1, spring 1, Monday,11908,21.1
frame,lgw,Year 1, spring 1, Monday,11909,21.3
frame,lgw,Year 1, spring 1, Monday,11910,21.2
frame,lgw,Year 1, spring 1, Monday,11911,0.1
frame,lgw,Year 1, spring 1, Monday,11912,21.5
frame,lgw,Year 1, spring 1, Monday,11913,21.1
frame,lgw,Year 1, spring 1, Monday,11914,21.5
frame,lgw,Year 1, spring 1, Monday,11915,21.3
frame,lgw,Year 1, spring 1, Monday,11916,0.1
frame,lgw,Year 1, spring 1, Monday,11917,21.4
frame,lgw,Year 1, spring 1, Monday,11918,21.1
frame,lgw,Year 1, spring 1, Monday,11919,21.1
frame,lgw,Year 1, spring 1, Monday,11920,0.1
frame,lgw,Year 1, spring 1, Monday,11921,21.7
frame,lgw,Year 1, spring 1, Monday,11922,21.9
frame,lgw,Year 1, spring 1, Monday,11923,21.2
frame,lgw,Year 1, spring 1, Monday,11924,21.2
frame,lgw,Year 1, spring 1, Monday,11925,0.1
frame,lgw,Year 1, spring 1, Monday,11926,20.9
frame,lgw,Year 1, spring 1, Monday,11927,21.3
frame,lgw,Year 1, spring 1, Monday,11928,21.3
frame,lgw,Year 1, spring 1, Monday,11929,0.1
frame,lgw,Year 1, spring 1, Monday,11930,21.8
frame,lgw,Year 1, spring 1, Monday,11931,21.5
frame,lgw,Year 1, spring 1, Monday,11932,21.1
frame,lgw,Year 1, spring 1, Monday,11933,21.8
frame,lgw,Year 1, spring 1, Monday,11934,0.2
frame,lgw,Year 1, spring 1, Monday,11935,21.9
frame,lgw,Year 1, spring 1, Monday,11936,21.1
frame,lgw,Year 1, spring 1, Monday,11937,21.5
frame,lgw,Year 1, spring 1, Monday,11938,0.1
frame,lgw,Year 1, spring 1, Monday,11939,21.7
frame,lgw,Year 1, spring 1, Monday,11940,21.1
frame,lgw,Year 1, spring 1, Monday,11941,21.2
frame,lgw,Year 1, spring 1, Monday,11942,21.3
frame,lgw,Year 1, spring 1, Monday,11943,0.1
frame,lgw,Year 1, spring 1, Monday,11944,21.6
frame,lgw,Year 1, spring 1, Monday,11945,21.6
frame,lgw,Year 1, spring 1, Monday,11946,20.9
frame,lgw,Year 1, spring 1, Monday,11947,0.1
frame,lgw,Year 1, spring 1, Monday,11948,21.2
frame,lgw,Year 1, spring 1, Monday,11949,21.2
frame,lgw,Year 1, spring 1, Monday,11950,21.3
frame,lgw,Year 1, spring 1, Monday,11951,21.7
frame,lgw,Year 1, spring 1, Monday,11952,0.3
frame,lgw,Year 1, spring 1, Monday,11953,21.3
frame,lgw,Year 1, spring 1, Monday,11954,21.5
frame,lgw,Year 1, spring 1, Monday,11955,20.9
frame,lgw,Year 1, spring 1, Monday,11956,0.2
frame,lgw,Year 1, spring 1, Monday,11957,21.0
frame,lgw,Year 1, spring 1, Monday,11958,21.3
frame,lgw,Year 1, spring 1, Monday,11959,22.2
frame,lgw,Year 1, spring 1, Monday,11960,21.0
frame,lgw,Year 1, spring 1, Monday,11961,0.1
frame,lgw,Year 1, spring 1, Monday,11962,21.2
frame,lgw,Year 1, spring 1, Monday,11963,21.3
frame,lgw,Year 1, spring 1, Monday,11964,21.1
frame,lgw,Year 1, spring 1, Monday,11965,0.1
frame,lgw,Year 1, spring 1, Monday,11966,21.3
frame,lgw,Year 1, spring 1, Monday,11967,20.9
frame,lgw,Year 1, spring 1, Monday,11968,21.4
frame,lgw,Year 1, spring 1, Monday,11969,21.5
frame,lgw,Year 1, spring 1, Monday,11970,0.1
frame,lgw,Year 1, spring 1, Monday,11971,21.0
frame,lgw,Year 1, spring 1, Monday,11972,21.5
frame,lgw,Year 1, spring 1, Monday,11973,21.3
frame,lgw,Year 1, spring 1, Monday,11974,21.1
frame,lgw,Year 1, spring 1, Monday,11975,0.1
frame,lgw,Year 1, spring 1, Monday,11976,21.4
frame,lgw,Year 1, spring 1, Monday,11977,21.3
frame,lgw,Year 1, spring 1, Monday,11978,21.3
frame,lgw,Year 1, spring 1, Monday,11979,0.1
frame,lgw,Year 1, spring 1, Monday,11980,21.6
frame,lgw,Year 1, spring 1, Monday,11981,21.1
frame,lgw,Year 1, spring 1, Monday,11982,21.3
frame,lgw,Year 1, spring 1, Monday,11983,21.1
frame,lgw,Year 1, spring 1, Monday,11984,0.1
frame,lgw,Year 1, spring 1, Monday,11985,21.5
frame,lgw,Year 1, spring 1, Monday,11986,21.2
frame,lgw,Year 1, spring 1, Monday,11987,21.2
frame,lgw,Year 1, spring 1, Monday,11988,0.1
frame,lgw,Year 1, spring 1, Monday,11989,21.0
frame,lgw,Year 1, spring 1, Monday,11990,21.5
frame,lgw,Year 1, spring 1, Monday,11991,21.1
frame,lgw,Year 1, spring 1, Monday,11992,21.3
frame,lgw,Year 1, spring 1, Monday,11993,0.1
frame,lgw,Year 1, spring 1, Monday,11994,21.0
frame,lgw,Year 1, spring 1, Monday,11995,21.2
frame,lgw,Year 1, spring 1, Monday,11996,21.0
frame,lgw,Year 1, spring 1, Monday,11997,21.0
frame,lgw,Year 1, spring 1, Monday,11998,0.1
frame,lgw,Year 1, spring 1, Monday,11999,21.3
switch,lgw,Year 1, spring 1, Monday,610,18.8
switch,lgw,Year 1, spring 1, Monday,620,17.9
switch,lgw,Year 1, spring 1, Monday,630,21.9
switch,lgw,Year 1, spring 1, Monday,640,17.8
switch,lgw,Year 1, spring 1, Monday,650,18.3
switch,lgw,Year 1, spring 1, Monday,700,18.9
switch,lgw,Year 1, spring 1, Monday,710,20.2
switch,lgw,Year 1, spring 1, Monday,720,21.7
switch,lgw,Year 1, spring 1, Monday,730,18.1
switch,lgw,Year 1, spring 1, Monday,740,18.1
switch,lgw,Year 1, spring 1, Monday,750,18.3
switch,lgw,Year 1, spring 1, Monday,800,19.0
switch,lgw,Year 1, spring 1, Monday,810,17.1
switch,lgw,Year 1, spring 1, Monday,820,15.4
switch,lgw,Year 1, spring 1, Monday,830,17.4
switch,lgw,Year 1, spring 1, Monday,840,15.0
switch,lgw,Year 1, spring 1, Monday,850,17.2
switch,lgw,Year 1, spring 1, Monday,900,18.5
switch,lgw,Year 1, spring 1, Monday,910,17.1
switchdetail,lgw,Year 1, spring 1, Monday,600,0,0.0
switchdetail,lgw,Year 1, spring 1, Monday,610,0,0.0
switchdetail,lgw,Year 1, spring 1, Monday,620,0,0.0
switchdetail,lgw,Year 1, spring 1, Monday,630,0,0.0
switchdetail,lgw,Year 1, spring 1, Monday,640,0,0.0
switchdetail,lgw,Year 1, spring 1, Monday,650,0,0.0
switchdetail,lgw,Year 1, spring 1, Monday,700,0,0.0
switchdetail,lgw,Year 1, spring 1, Monday,710,0,0.0
switchdetail,lgw,Year 1, spring 1, Monday,720,0,0.0
switchdetail,lgw,Year 1, spring 1, Monday,730,0,0.0
switchdetail,lgw,Year 1, spring 1, Monday,740,0,0.0
switchdetail,lgw,Year 1, spring 1, Monday,750,0,0.0
switchdetail,lgw,Year 1, spring 1, Monday,800,0,0.0
switchdetail,lgw,Year 1, spring 1, Monday,810,0,0.0
switchdetail,lgw,Year 1, spring 1, Monday,820,0,0.0
switchdetail,lgw,Year 1, spring 1, Monday,830,0,0.0
switchdetail,lgw,Year 1, spring 1, Monday,840,0,0.0
switchdetail,lgw,Year 1, spring 1, Monday,850,0,0.0
switchdetail,lgw,Year 1, spring 1, Monday,900,0,0.0
lag,lgw,Year 1, spring 1, Monday,13423,53.1
frame,lgw,Year 1, spring 1, Monday,17120,16.7
frame,lgw,Year 1, spring 1, Monday,17121,16.8
frame,lgw,Year 1, spring 1, Monday,17122,16.5
frame,lgw,Year 1, spring 1, Monday,17123,16.7
frame,lgw,Year 1, spring 1, Monday,17124,16.6
frame,lgw,Year 1, spring 1, Monday,17125,16.7
frame,lgw,Year 1, spring 1, Monday,17126,17.7
frame,lgw,Year 1, spring 1, Monday,17127,15.6
frame,lgw,Year 1, spring 1, Monday,17128,16.7
frame,lgw,Year 1, spring 1, Monday,17129,16.8
frame,lgw,Year 1, spring 1, Monday,17130,16.6
frame,lgw,Year 1, spring 1, Monday,17131,16.6
frame,lgw,Year 1, spring 1, Monday,17132,16.6
frame,lgw,Year 1, spring 1, Monday,17133,16.7
frame,lgw,Year 1, spring 1, Monday,17134,17.1
frame,lgw,Year 1, spring 1, Monday,17135,16.3
frame,lgw,Year 1, spring 1, Monday,17136,16.6
frame,lgw,Year 1, spring 1, Monday,17137,16.7
frame,lgw,Year 1, spring 1, Monday,17138,16.7
frame,lgw,Year 1, spring 1, Monday,17139,16.7
frame,lgw,Year 1, spring 1, Monday,17140,16.6
frame,lgw,Year 1, spring 1, Monday,17141,16.7
frame,lgw,Year 1, spring 1, Monday,17142,16.7
frame,lgw,Year 1, spring 1, Monday,17143,16.6
frame,lgw,Year 1, spring 1, Monday,17144,16.7
frame,lgw,Year 1, spring 1, Monday,17145,17.0
frame,lgw,Year 1, spring 1, Monday,17146,16.3
frame,lgw,Year 1, spring 1, Monday,17147,16.7
frame,lgw,Year 1, spring 1, Monday,17148,16.7
frame,lgw,Year 1, spring 1, Monday,17149,16.7
frame,lgw,Year 1, spring 1, Monday,17150,16.7
frame,lgw,Year 1, spring 1, Monday,17151,16.6
frame,lgw,Year 1, spring 1, Monday,17152,16.7
frame,lgw,Year 1, spring 1, Monday,17153,16.7
frame,lgw,Year 1, spring 1, Monday,17154,16.7
frame,lgw,Year 1, spring 1, Monday,17155,16.6
frame,lgw,Year 1, spring 1, Monday,17156,16.7
frame,lgw,Year 1, spring 1, Monday,17157,16.6
frame,lgw,Year 1, spring 1, Monday,17158,16.7
frame,lgw,Year 1, spring 1, Monday,17159,16.7
frame,lgw,Year 1, spring 1, Monday,17160,16.6
frame,lgw,Year 1, spring 1, Monday,17161,16.7
frame,lgw,Year 1, spring 1, Monday,17162,16.6
frame,lgw,Year 1, spring 1, Monday,17163,18.9
frame,lgw,Year 1, spring 1, Monday,17164,14.5
frame,lgw,Year 1, spring 1, Monday,17165,16.6
frame,lgw,Year 1, spring 1, Monday,17166,16.6
frame,lgw,Year 1, spring 1, Monday,17167,16.7
frame,lgw,Year 1, spring 1, Monday,17168,16.7
frame,lgw,Year 1, spring 1, Monday,17169,16.7
frame,lgw,Year 1, spring 1, Monday,17170,16.6
frame,lgw,Year 1, spring 1, Monday,17171,16.7
frame,lgw,Year 1, spring 1, Monday,17172,16.7
frame,lgw,Year 1, spring 1, Monday,17173,16.6
frame,lgw,Year 1, spring 1, Monday,17174,16.7
frame,lgw,Year 1, spring 1, Monday,17175,16.7
frame,lgw,Year 1, spring 1, Monday,17176,17.2
frame,lgw,Year 1, spring 1, Monday,17177,16.2
frame,lgw,Year 1, spring 1, Monday,17178,16.6
frame,lgw,Year 1, spring 1, Monday,17179,16.7
frame,lgw,Year 1, spring 1, Monday,17180,16.9
frame,lgw,Year 1, spring 1, Monday,17181,16.4
frame,lgw,Year 1, spring 1, Monday,17182,16.7
frame,lgw,Year 1, spring 1, Monday,17183,16.7
frame,lgw,Year 1, spring 1, Monday,17184,16.6
frame,lgw,Year 1, spring 1, Monday,17185,16.7
frame,lgw,Year 1, spring 1, Monday,17186,16.7
frame,lgw,Year 1, spring 1, Monday,17187,18.2
frame,lgw,Year 1, spring 1, Monday,17188,15.4
frame,lgw,Year 1, spring 1, Monday,17189,16.5
frame,lgw,Year 1, spring 1, Monday,17190,16.6
frame,lgw,Year 1, spring 1, Monday,17191,16.7
frame,lgw,Year 1, spring 1, Monday,17192,16.7
frame,lgw,Year 1, spring 1, Monday,17193,16.6
frame,lgw,Year 1, spring 1, Monday,17194,16.6
frame,lgw,Year 1, spring 1, Monday,17195,16.7
frame,lgw,Year 1, spring 1, Monday,17196,16.7
frame,lgw,Year 1, spring 1, Monday,17197,16.6
frame,lgw,Year 1, spring 1, Monday,17198,16.7
frame,lgw,Year 1, spring 1, Monday,17199,16.7
frame,lgw,Year 1, spring 1, Monday,17200,17.0
frame,lgw,Year 1, spring 1, Monday,17201,16.6
frame,lgw,Year 1, spring 1, Monday,17202,16.6
frame,lgw,Year 1, spring 1, Monday,17203,16.6
frame,lgw,Year 1, spring 1, Monday,17204,16.8
frame,lgw,Year 1, spring 1, Monday,17205,16.6
frame,lgw,Year 1, spring 1, Monday,17206,16.5
frame,lgw,Year 1, spring 1, Monday,17207,16.6
frame,lgw,Year 1, spring 1, Monday,17208,16.8
frame,lgw,Year 1, spring 1, Monday,17209,16.5
frame,lgw,Year 1, spring 1, Monday,17210,16.6
frame,lgw,Year 1, spring 1, Monday,17211,16.7
frame,lgw,Year 1, spring 1, Monday,17212,16.7
frame,lgw,Year 1, spring 1, Monday,17213,16.7
frame,lgw,Year 1, spring 1, Monday,17214,16.7
frame,lgw,Year 1, spring 1, Monday,17215,16.6
frame,lgw,Year 1, spring 1, Monday,17216,16.7
frame,lgw,Year 1, spring 1, Monday,17217,16.6
frame,lgw,Year 1, spring 1, Monday,17218,16.7
frame,lgw,Year 1, spring 1, Monday,17219,16.7
frame,lgw,Year 1, spring 1, Monday,17220,16.8
frame,lgw,Year 1, spring 1, Monday,17221,16.5
frame,lgw,Year 1, spring 1, Monday,17222,16.7
frame,lgw,Year 1, spring 1, Monday,17223,16.7
frame,lgw,Year 1, spring 1, Monday,17224,16.7
frame,lgw,Year 1, spring 1, Monday,17225,16.6
frame,lgw,Year 1, spring 1, Monday,17226,16.6
frame,lgw,Year 1, spring 1, Monday,17227,16.8
frame,lgw,Year 1, spring 1, Monday,17228,16.5
frame,lgw,Year 1, spring 1, Monday,17229,16.7
frame,lgw,Year 1, spring 1, Monday,17230,16.7
frame,lgw,Year 1, spring 1, Monday,17231,16.6
frame,lgw,Year 1, spring 1, Monday,17232,16.7
frame,lgw,Year 1, spring 1, Monday,17233,16.7
frame,lgw,Year 1, spring 1, Monday,17234,16.6
frame,lgw,Year 1, spring 1, Monday,17235,16.7
frame,lgw,Year 1, spring 1, Monday,17236,16.8
frame,lgw,Year 1, spring 1, Monday,17237,16.5
frame,lgw,Year 1, spring 1, Monday,17238,16.7
frame,lgw,Year 1, spring 1, Monday,17239,16.6
frame,lgw,Year 1, spring 1, Monday,17240,16.7
frame,lgw,Year 1, spring 1, Monday,17241,16.6
frame,lgw,Year 1, spring 1, Monday,17242,16.7
frame,lgw,Year 1, spring 1, Monday,17243,16.8
frame,lgw,Year 1, spring 1, Monday,17244,16.5
frame,lgw,Year 1, spring 1, Monday,17245,16.7
frame,lgw,Year 1, spring 1, Monday,17246,16.7
frame,lgw,Year 1, spring 1, Monday,17247,16.7
frame,lgw,Year 1, spring 1, Monday,17248,16.6
frame,lgw,Year 1, spring 1, Monday,17249,16.7
frame,lgw,Year 1, spring 1, Monday,17250,16.6
frame,lgw,Year 1, spring 1, Monday,17251,16.7
frame,lgw,Year 1, spring 1, Monday,17252,16.7
frame,lgw,Year 1, spring 1, Monday,17253,16.7
frame,lgw,Year 1, spring 1, Monday,17254,16.6
frame,lgw,Year 1, spring 1, Monday,17255,17.6
frame,lgw,Year 1, spring 1, Monday,17256,16.0
frame,lgw,Year 1, spring 1, Monday,17257,16.4
frame,lgw,Year 1, spring 1, Monday,17258,16.7
frame,lgw,Year 1, spring 1, Monday,17259,16.6
frame,lgw,Year 1, spring 1, Monday,17260,16.7
frame,lgw,Year 1, spring 1, Monday,17261,16.6
frame,lgw,Year 1, spring 1, Monday,17262,16.7
frame,lgw,Year 1, spring 1, Monday,17263,16.7
frame,lgw,Year 1, spring 1, Monday,17264,16.7
frame,lgw,Year 1, spring 1, Monday,17265,17.9
frame,lgw,Year 1, spring 1, Monday,17266,15.4
frame,lgw,Year 1, spring 1, Monday,17267,16.8
frame,lgw,Year 1, spring 1, Monday,17268,16.5
frame,lgw,Year 1, spring 1, Monday,17269,16.8
frame,lgw,Year 1, spring 1, Monday,17270,16.5
frame,lgw,Year 1, spring 1, Monday,17271,17.4
frame,lgw,Year 1, spring 1, Monday,17272,16.0
frame,lgw,Year 1, spring 1, Monday,17273,16.7
frame,lgw,Year 1, spring 1, Monday,17274,16.6
frame,lgw,Year 1, spring 1, Monday,17275,16.7
frame,lgw,Year 1, spring 1, Monday,17276,19.1
frame,lgw,Year 1, spring 1, Monday,17277,14.3
frame,lgw,Year 1, spring 1, Monday,17278,16.7
frame,lgw,Year 1, spring 1, Monday,17279,16.7
frame,lgw,Year 1, spring 1, Monday,17280,16.6
frame,lgw,Year 1, spring 1, Monday,17281,16.8
frame,lgw,Year 1, spring 1, Monday,17282,18.1
frame,lgw,Year 1, spring 1, Monday,17283,45.2
frame,lgw,Year 1, spring 1, Monday,17284,1.8
frame,lgw,Year 1, spring 1, Monday,17285,1.3
frame,lgw,Year 1, spring 1, Monday,17286,16.8
frame,lgw,Year 1, spring 1, Monday,17287,16.6
frame,lgw,Year 1, spring 1, Monday,17288,16.7
frame,lgw,Year 1, spring 1, Monday,17289,16.7
frame,lgw,Year 1, spring 1, Monday,17290,17.1
frame,lgw,Year 1, spring 1, Monday,17291,16.3
frame,lgw,Year 1, spring 1, Monday,17292,16.7
frame,lgw,Year 1, spring 1, Monday,17293,16.7
frame,lgw,Year 1, spring 1, Monday,17294,16.7
frame,lgw,Year 1, spring 1, Monday,17295,16.6
frame,lgw,Year 1, spring 1, Monday,17296,16.6
frame,lgw,Year 1, spring 1, Monday,17297,17.1
frame,lgw,Year 1, spring 1, Monday,17298,16.2
frame,lgw,Year 1, spring 1, Monday,17299,16.6
frame,lgw,Year 1, spring 1, Monday,17300,16.7
frame,lgw,Year 1, spring 1, Monday,17301,16.7
frame,lgw,Year 1, spring 1, Monday,17302,16.7
frame,lgw,Year 1, spring 1, Monday,17303,16.7
frame,lgw,Year 1, spring 1, Monday,17304,16.6
frame,lgw,Year 1, spring 1, Monday,17305,16.7
frame,lgw,Year 1, spring 1, Monday,17306,16.6
frame,lgw,Year 1, spring 1, Monday,17307,16.9
frame,lgw,Year 1, spring 1, Monday,17308,16.5
frame,lgw,Year 1, spring 1, Monday,17309,16.7
frame,lgw,Year 1, spring 1, Monday,17310,16.6
frame,lgw,Year 1, spring 1, Monday,17311,17.1
frame,lgw,Year 1, spring 1, Monday,17312,16.8
frame,lgw,Year 1, spring 1, Monday,17313,16.4
frame,lgw,Year 1, spring 1, Monday,17314,16.4
frame,lgw,Year 1, spring 1, Monday,17315,16.8
frame,lgw,Year 1, spring 1, Monday,17316,16.6
frame,lgw,Year 1, spring 1, Monday,17317,16.7
frame,lgw,Year 1, spring 1, Monday,17318,16.6
frame,lgw,Year 1, spring 1, Monday,17319,16.7
frame,lgw,Year 1, spring 1, Monday,17320,16.6
frame,lgw,Year 1, spring 1, Monday,17321,16.7
frame,lgw,Year 1, spring 1, Monday,17322,16.5
frame,lgw,Year 1, spring 1, Monday,17323,16.8
frame,lgw,Year 1, spring 1, Monday,17324,16.6
frame,lgw,Year 1, spring 1, Monday,17325,16.7
frame,lgw,Year 1, spring 1, Monday,17326,16.6
frame,lgw,Year 1, spring 1, Monday,17327,16.8
frame,lgw,Year 1, spring 1, Monday,17328,16.6
frame,lgw,Year 1, spring 1, Monday,17329,16.8
frame,lgw,Year 1, spring 1, Monday,17330,16.5
frame,lgw,Year 1, spring 1, Monday,17331,16.7
frame,lgw,Year 1, spring 1, Monday,17332,16.6
frame,lgw,Year 1, spring 1, Monday,17333,16.7
frame,lgw,Year 1, spring 1, Monday,17334,16.7
frame,lgw,Year 1, spring 1, Monday,17335,16.7
frame,lgw,Year 1, spring 1, Monday,17336,16.8
frame,lgw,Year 1, spring 1, Monday,17337,16.6
frame,lgw,Year 1, spring 1, Monday,17338,16.7
frame,lgw,Year 1, spring 1, Monday,17339,16.7
frame,lgw,Year 1, spring 1, Monday,17340,16.6
frame,lgw,Year 1, spring 1, Monday,17341,16.7
frame,lgw,Year 1, spring 1, Monday,17342,16.7
frame,lgw,Year 1, spring 1, Monday,17343,16.6
frame,lgw,Year 1, spring 1, Monday,17344,16.7
frame,lgw,Year 1, spring 1, Monday,17345,17.1
frame,lgw,Year 1, spring 1, Monday,17346,16.3
frame,lgw,Year 1, spring 1, Monday,17347,16.7
frame,lgw,Year 1, spring 1, Monday,17348,17.5
frame,lgw,Year 1, spring 1, Monday,17349,16.9
frame,lgw,Year 1, spring 1, Monday,17350,15.6
frame,lgw,Year 1, spring 1, Monday,17351,16.7
frame,lgw,Year 1, spring 1, Monday,17352,16.7
frame,lgw,Year 1, spring 1, Monday,17353,16.7
frame,lgw,Year 1, spring 1, Monday,17354,16.7
frame,lgw,Year 1, spring 1, Monday,17355,16.6
frame,lgw,Year 1, spring 1, Monday,17356,16.7
frame,lgw,Year 1, spring 1, Monday,17357,16.7
frame,lgw,Year 1, spring 1, Monday,17358,16.6
frame,lgw,Year 1, spring 1, Monday,17359,16.7
frame,lgw,Year 1, spring 1, Monday,17360,16.7
frame,lgw,Year 1, spring 1, Monday,17361,16.6
frame,lgw,Year 1, spring 1, Monday,17362,16.7
frame,lgw,Year 1, spring 1, Monday,17363,16.7
frame,lgw,Year 1, spring 1, Monday,17364,16.7
frame,lgw,Year 1, spring 1, Monday,17365,16.7
frame,lgw,Year 1, spring 1, Monday,17366,16.7
frame,lgw,Year 1, spring 1, Monday,17367,16.6
frame,lgw,Year 1, spring 1, Monday,17368,16.7
frame,lgw,Year 1, spring 1, Monday,17369,16.7
frame,lgw,Year 1, spring 1, Monday,17370,16.6
frame,lgw,Year 1, spring 1, Monday,17371,16.7
frame,lgw,Year 1, spring 1, Monday,17372,16.7
frame,lgw,Year 1, spring 1, Monday,17373,16.7
frame,lgw,Year 1, spring 1, Monday,17374,16.6
frame,lgw,Year 1, spring 1, Monday,17375,16.9
frame,lgw,Year 1, spring 1, Monday,17376,16.7
frame,lgw,Year 1, spring 1, Monday,17377,17.2
frame,lgw,Year 1, spring 1, Monday,17378,15.8
frame,lgw,Year 1, spring 1, Monday,17379,16.7
frame,lgw,Year 1, spring 1, Monday,17380,16.7
frame,lgw,Year 1, spring 1, Monday,17381,16.7
frame,lgw,Year 1, spring 1, Monday,17382,16.7
frame,lgw,Year 1, spring 1, Monday,17383,16.7
frame,lgw,Year 1, spring 1, Monday,17384,16.7
frame,lgw,Year 1, spring 1, Monday,17385,16.6
frame,lgw,Year 1, spring 1, Monday,17386,16.7
frame,lgw,Year 1, spring 1, Monday,17387,16.8
frame,lgw,Year 1, spring 1, Monday,17388,16.7
frame,lgw,Year 1, spring 1, Monday,17389,16.5
frame,lgw,Year 1, spring 1, Monday,17390,16.7
frame,lgw,Year 1, spring 1, Monday,17391,16.7
frame,lgw,Year 1, spring 1, Monday,17392,16.6
frame,lgw,Year 1, spring 1, Monday,17393,16.7
frame,lgw,Year 1, spring 1, Monday,17394,16.6
frame,lgw,Year 1, spring 1, Monday,17395,16.7
frame,lgw,Year 1, spring 1, Monday,17396,16.7
frame,lgw,Year 1, spring 1, Monday,17397,16.6
frame,lgw,Year 1, spring 1, Monday,17398,17.5
frame,lgw,Year 1, spring 1, Monday,17399,15.9
frame,lgw,Year 1, spring 1, Monday,17400,16.7
frame,lgw,Year 1, spring 1, Monday,17401,16.7
frame,lgw,Year 1, spring 1, Monday,17402,16.7
frame,lgw,Year 1, spring 1, Monday,17403,16.6
frame,lgw,Year 1, spring 1, Monday,17404,16.6
frame,lgw,Year 1, spring 1, Monday,17405,17.6
frame,lgw,Year 1, spring 1, Monday,17406,15.8
frame,lgw,Year 1, spring 1, Monday,17407,16.8
frame,lgw,Year 1, spring 1, Monday,17408,16.6
frame,lgw,Year 1, spring 1, Monday,17409,16.7
frame,lgw,Year 1, spring 1, Monday,17410,16.6
frame,lgw,Year 1, spring 1, Monday,17411,16.7
frame,lgw,Year 1, spring 1, Monday,17412,16.6
frame,lgw,Year 1, spring 1, Monday,17413,16.7
frame,lgw,Year 1, spring 1, Monday,17414,18.0
frame,lgw,Year 1, spring 1, Monday,17415,15.4
frame,lgw,Year 1, spring 1, Monday,17416,16.6
frame,lgw,Year 1, spring 1, Monday,17417,16.7
frame,lgw,Year 1, spring 1, Monday,17418,16.7
frame,lgw,Year 1, spring 1, Monday,17419,16.7
frame,lgw,Year 1, spring 1, Monday,17420,16.7
frame,lgw,Year 1, spring 1, Monday,17421,16.6
frame,lgw,Year 1, spring 1, Monday,17422,16.7
frame,lgw,Year 1, spring 1, Monday,17423,16.7
frame,lgw,Year 1, spring 1, Monday,17424,16.6
frame,lgw,Year 1, spring 1, Monday,17425,16.7
frame,lgw,Year 1, spring 1, Monday,17426,16.7
frame,lgw,Year 1, spring 1, Monday,17427,16.9
frame,lgw,Year 1, spring 1, Monday,17428,16.4
frame,lgw,Year 1, spring 1, Monday,17429,16.7
frame,lgw,Year 1, spring 1, Monday,17430,16.7
frame,lgw,Year 1, spring 1, Monday,17431,16.7
frame,lgw,Year 1, spring 1, Monday,17432,16.6
frame,lgw,Year 1, spring 1, Monday,17433,16.7
frame,lgw,Year 1, spring 1, Monday,17434,18.3
frame,lgw,Year 1, spring 1, Monday,17435,15.9
frame,lgw,Year 1, spring 1, Monday,17436,15.8
frame,lgw,Year 1, spring 1, Monday,17437,16.7
frame,lgw,Year 1, spring 1, Monday,17438,16.7
frame,lgw,Year 1, spring 1, Monday,17439,16.6
frame,lgw,Year 1, spring 1, Monday,17440,17.8
frame,lgw,Year 1, spring 1, Monday,17441,15.7
frame,lgw,Year 1, spring 1, Monday,17442,16.5
frame,lgw,Year 1, spring 1, Monday,17443,18.7
frame,lgw,Year 1, spring 1, Monday,17444,14.7
frame,lgw,Year 1, spring 1, Monday,17445,16.6
frame,lgw,Year 1, spring 1, Monday,17446,16.7
frame,lgw,Year 1, spring 1, Monday,17447,16.8
frame,lgw,Year 1, spring 1, Monday,17448,16.5
frame,lgw,Year 1, spring 1, Monday,17449,16.7
frame,lgw,Year 1, spring 1, Monday,17450,16.7
frame,lgw,Year 1, spring 1, Monday,17451,16.7
frame,lgw,Year 1, spring 1, Monday,17452,16.8
frame,lgw,Year 1, spring 1, Monday,17453,16.6
frame,lgw,Year 1, spring 1, Monday,17454,16.6
frame,lgw,Year 1, spring 1, Monday,17455,16.7
frame,lgw,Year 1, spring 1, Monday,17456,16.7
frame,lgw,Year 1, spring 1, Monday,17457,16.7
frame,lgw,Year 1, spring 1, Monday,17458,16.7
frame,lgw,Year 1, spring 1, Monday,17459,17.0
frame,lgw,Year 1, spring 1, Monday,17460,16.4
frame,lgw,Year 1, spring 1, Monday,17461,17.1
frame,lgw,Year 1, spring 1, Monday,17462,16.5
frame,lgw,Year 1, spring 1, Monday,17463,16.4
frame,lgw,Year 1, spring 1, Monday,17464,16.7
frame,lgw,Year 1, spring 1, Monday,17465,16.7
frame,lgw,Year 1, spring 1, Monday,17466,16.6
frame,lgw,Year 1, spring 1, Monday,17467,17.1
frame,lgw,Year 1, spring 1, Monday,17468,16.3
frame,lgw,Year 1, spring 1, Monday,17469,16.4
frame,lgw,Year 1, spring 1, Monday,17470,16.7
frame,lgw,Year 1, spring 1, Monday,17471,16.7
frame,lgw,Year 1, spring 1, Monday,17472,16.8
frame,lgw,Year 1, spring 1, Monday,17473,16.6
frame,lgw,Year 1, spring 1, Monday,17474,16.6
frame,lgw,Year 1, spring 1, Monday,17475,16.6
frame,lgw,Year 1, spring 1, Monday,17476,16.7
frame,lgw,Year 1, spring 1, Monday,17477,16.7
frame,lgw,Year 1, spring 1, Monday,17478,17.0
frame,lgw,Year 1, spring 1, Monday,17479,16.5
frame,lgw,Year 1, spring 1, Monday,17480,16.6
frame,lgw,Year 1, spring 1, Monday,17481,16.6
frame,lgw,Year 1, spring 1, Monday,17482,16.6
frame,lgw,Year 1, spring 1, Monday,17483,16.7
frame,lgw,Year 1, spring 1, Monday,17484,16.6
frame,lgw,Year 1, spring 1, Monday,17485,16.6
frame,lgw,Year 1, spring 1, Monday,17486,16.7
frame,lgw,Year 1, spring 1, Monday,17487,16.7
frame,lgw,Year 1, spring 1, Monday,17488,16.6
frame,lgw,Year 1, spring 1, Monday,17489,16.7
frame,lgw,Year 1, spring 1, Monday,17490,16.6
frame,lgw,Year 1, spring 1, Monday,17491,16.7
frame,lgw,Year 1, spring 1, Monday,17492,16.8
frame,lgw,Year 1, spring 1, Monday,17493,16.6
frame,lgw,Year 1, spring 1, Monday,17494,16.8
frame,lgw,Year 1, spring 1, Monday,17495,16.4
frame,lgw,Year 1, spring 1, Monday,17496,16.8
frame,lgw,Year 1, spring 1, Monday,17497,16.6
frame,lgw,Year 1, spring 1, Monday,17498,16.6
frame,lgw,Year 1, spring 1, Monday,17499,16.7
frame,lgw,Year 1, spring 1, Monday,17500,17.3
frame,lgw,Year 1, spring 1, Monday,17501,16.1
frame,lgw,Year 1, spring 1, Monday,17502,16.7
frame,lgw,Year 1, spring 1, Monday,17503,16.6
frame,lgw,Year 1, spring 1, Monday,17504,16.7
frame,lgw,Year 1, spring 1, Monday,17505,16.6
frame,lgw,Year 1, spring 1, Monday,17506,16.7
frame,lgw,Year 1, spring 1, Monday,17507,16.8
frame,lgw,Year 1, spring 1, Monday,17508,16.5
frame,lgw,Year 1, spring 1, Monday,17509,16.7
frame,lgw,Year 1, spring 1, Monday,17510,16.7
frame,lgw,Year 1, spring 1, Monday,17511,16.6
frame,lgw,Year 1, spring 1, Monday,17512,16.7
frame,lgw,Year 1, spring 1, Monday,17513,16.7
frame,lgw,Year 1, spring 1, Monday,17514,16.6
frame,lgw,Year 1, spring 1, Monday,17515,16.6
frame,lgw,Year 1, spring 1, Monday,17516,16.7
frame,lgw,Year 1, spring 1, Monday,17517,16.6
frame,lgw,Year 1, spring 1, Monday,17518,16.8
frame,lgw,Year 1, spring 1, Monday,17519,16.9
frame,lgw,Year 1, spring 1, Monday,17520,16.5
frame,lgw,Year 1, spring 1, Monday,17521,16.6
frame,lgw,Year 1, spring 1, Monday,17522,16.7
frame,lgw,Year 1, spring 1, Monday,17523,16.6
frame,lgw,Year 1, spring 1, Monday,17524,16.6
frame,lgw,Year 1, spring 1, Monday,17525,16.7
frame,lgw,Year 1, spring 1, Monday,17526,16.7
frame,lgw,Year 1, spring 1, Monday,17527,16.7
frame,lgw,Year 1, spring 1, Monday,17528,16.7
frame,lgw,Year 1, spring 1, Monday,17529,16.6
frame,lgw,Year 1, spring 1, Monday,17530,16.7
frame,lgw,Year 1, spring 1, Monday,17531,16.7
frame,lgw,Year 1, spring 1, Monday,17532,16.7
frame,lgw,Year 1, spring 1, Monday,17533,16.9
frame,lgw,Year 1, spring 1, Monday,17534,16.6
frame,lgw,Year 1, spring 1, Monday,17535,16.6
frame,lgw,Year 1, spring 1, Monday,17536,16.9
frame,lgw,Year 1, spring 1, Monday,17537,16.3
frame,lgw,Year 1, spring 1, Monday,17538,16.7
frame,lgw,Year 1, spring 1, Monday,17539,16.7
frame,lgw,Year 1, spring 1, Monday,17540,16.6
frame,lgw,Year 1, spring 1, Monday,17541,16.8
frame,lgw,Year 1, spring 1, Monday,17542,16.6
frame,lgw,Year 1, spring 1, Monday,17543,16.7
frame,lgw,Year 1, spring 1, Monday,17544,16.6
frame,lgw,Year 1, spring 1, Monday,17545,16.6
frame,lgw,Year 1, spring 1, Monday,17546,16.6
frame,lgw,Year 1, spring 1, Monday,17547,16.6
frame,lgw,Year 1, spring 1, Monday,17548,16.7
frame,lgw,Year 1, spring 1, Monday,17549,16.7
frame,lgw,Year 1, spring 1, Monday,17550,16.6
frame,lgw,Year 1, spring 1, Monday,17551,16.7
frame,lgw,Year 1, spring 1, Monday,17552,16.7
frame,lgw,Year 1, spring 1, Monday,17553,16.6
frame,lgw,Year 1, spring 1, Monday,17554,16.7
frame,lgw,Year 1, spring 1, Monday,17555,16.7
frame,lgw,Year 1, spring 1, Monday,17556,16.7
frame,lgw,Year 1, spring 1, Monday,17557,16.6
frame,lgw,Year 1, spring 1, Monday,17558,16.7
frame,lgw,Year 1, spring 1, Monday,17559,16.7
frame,lgw,Year 1, spring 1, Monday,17560,16.7
frame,lgw,Year 1, spring 1, Monday,17561,16.7
frame,lgw,Year 1, spring 1, Monday,17562,16.8
frame,lgw,Year 1, spring 1, Monday,17563,16.5
frame,lgw,Year 1, spring 1, Monday,17564,16.6
frame,lgw,Year 1, spring 1, Monday,17565,16.7
frame,lgw,Year 1, spring 1, Monday,17566,16.8
frame,lgw,Year 1, spring 1, Monday,17567,17.2
frame,lgw,Year 1, spring 1, Monday,17568,16.1
frame,lgw,Year 1, spring 1, Monday,17569,16.7
frame,lgw,Year 1, spring 1, Monday,17570,16.7
frame,lgw,Year 1, spring 1, Monday,17571,16.6
frame,lgw,Year 1, spring 1, Monday,17572,16.6
frame,lgw,Year 1, spring 1, Monday,17573,16.7
frame,lgw,Year 1, spring 1, Monday,17574,17.1
frame,lgw,Year 1, spring 1, Monday,17575,16.5
frame,lgw,Year 1, spring 1, Monday,17576,16.5
frame,lgw,Year 1, spring 1, Monday,17577,16.6
frame,lgw,Year 1, spring 1, Monday,17578,16.5
frame,lgw,Year 1, spring 1, Monday,17579,16.7
frame,lgw,Year 1, spring 1, Monday,17580,16.6
frame,lgw,Year 1, spring 1, Monday,17581,16.8
frame,lgw,Year 1, spring 1, Monday,17582,16.6
frame,lgw,Year 1, spring 1, Monday,17583,16.6
frame,lgw,Year 1, spring 1, Monday,17584,16.7
frame,lgw,Year 1, spring 1, Monday,17585,16.7
frame,lgw,Year 1, spring 1, Monday,17586,17.8
frame,lgw,Year 1, spring 1, Monday,17587,15.5
frame,lgw,Year 1, spring 1, Monday,17588,16.7
frame,lgw,Year 1, spring 1, Monday,17589,16.7
frame,lgw,Year 1, spring 1, Monday,17590,16.6
frame,lgw,Year 1, spring 1, Monday,17591,16.7
frame,lgw,Year 1, spring 1, Monday,17592,16.7
frame,lgw,Year 1, spring 1, Monday,17593,16.7
frame,lgw,Year 1, spring 1, Monday,17594,16.7
frame,lgw,Year 1, spring 1, Monday,17595,16.6
frame,lgw,Year 1, spring 1, Monday,17596,16.7
frame,lgw,Year 1, spring 1, Monday,17597,16.7
frame,lgw,Year 1, spring 1, Monday,17598,16.6
frame,lgw,Year 1, spring 1, Monday,17599,16.7
frame,lgw,Year 1, spring 1, Monday,17600,16.7
frame,lgw,Year 1, spring 1, Monday,17601,16.7
frame,lgw,Year 1, spring 1, Monday,17602,16.5
frame,lgw,Year 1, spring 1, Monday,17603,16.7
frame,lgw,Year 1, spring 1, Monday,17604,16.9
frame,lgw,Year 1, spring 1, Monday,17605,16.4
frame,lgw,Year 1, spring 1, Monday,17606,16.7
frame,lgw,Year 1, spring 1, Monday,17607,16.6
frame,lgw,Year 1, spring 1, Monday,17608,16.7
frame,lgw,Year 1, spring 1, Monday,17609,16.7
frame,lgw,Year 1, spring 1, Monday,17610,16.7
frame,lgw,Year 1, spring 1, Monday,17611,16.7
frame,lgw,Year 1, spring 1, Monday,17612,16.7
frame,lgw,Year 1, spring 1, Monday,17613,16.7
frame,lgw,Year 1, spring 1, Monday,17614,16.6
frame,lgw,Year 1, spring 1, Monday,17615,16.7
frame,lgw,Year 1, spring 1, Monday,17616,18.0
frame,lgw,Year 1, spring 1, Monday,17617,16.2
frame,lgw,Year 1, spring 1, Monday,17618,15.7
frame,lgw,Year 1, spring 1, Monday,17619,16.6
frame,lgw,Year 1, spring 1, Monday,17620,16.7
frame,lgw,Year 1, spring 1, Monday,17621,16.9
frame,lgw,Year 1, spring 1, Monday,17622,16.5
frame,lgw,Year 1, spring 1, Monday,17623,16.7
frame,lgw,Year 1, spring 1, Monday,17624,16.7
frame,lgw,Year 1, spring 1, Monday,17625,16.6
frame,lgw,Year 1, spring 1, Monday,17626,16.7
frame,lgw,Year 1, spring 1, Monday,17627,16.7
frame,lgw,Year 1, spring 1, Monday,17628,16.6
frame,lgw,Year 1, spring 1, Monday,17629,16.7
frame,lgw,Year 1, spring 1, Monday,17630,16.7
frame,lgw,Year 1, spring 1, Monday,17631,16.7
frame,lgw,Year 1, spring 1, Monday,17632,16.5
frame,lgw,Year 1, spring 1, Monday,17633,16.7
frame,lgw,Year 1, spring 1, Monday,17634,16.6
frame,lgw,Year 1, spring 1, Monday,17635,16.7
frame,lgw,Year 1, spring 1, Monday,17636,16.7
frame,lgw,Year 1, spring 1, Monday,17637,16.6
frame,lgw,Year 1, spring 1, Monday,17638,19.1
frame,lgw,Year 1, spring 1, Monday,17639,14.3
frame,lgw,Year 1, spring 1, Monday,17640,16.7
frame,lgw,Year 1, spring 1, Monday,17641,16.7
frame,lgw,Year 1, spring 1, Monday,17642,16.7
frame,lgw,Year 1, spring 1, Monday,17643,16.8
frame,lgw,Year 1, spring 1, Monday,17644,16.6
frame,lgw,Year 1, spring 1, Monday,17645,18.7
frame,lgw,Year 1, spring 1, Monday,17646,14.6
frame,lgw,Year 1, spring 1, Monday,17647,16.6
frame,lgw,Year 1, spring 1, Monday,17648,16.7
frame,lgw,Year 1, spring 1, Monday,17649,16.6
frame,lgw,Year 1, spring 1, Monday,17650,16.7
frame,lgw,Year 1, spring 1, Monday,17651,16.7
frame,lgw,Year 1, spring 1, Monday,17652,16.6
frame,lgw,Year 1, spring 1, Monday,17653,16.7
frame,lgw,Year 1, spring 1, Monday,17654,18.3
frame,lgw,Year 1, spring 1, Monday,17655,15.0
frame,lgw,Year 1, spring 1, Monday,17656,16.6
frame,lgw,Year 1, spring 1, Monday,17657,16.7
frame,lgw,Year 1, spring 1, Monday,17658,16.8
frame,lgw,Year 1, spring 1, Monday,17659,16.5
frame,lgw,Year 1, spring 1, Monday,17660,16.6
frame,lgw,Year 1, spring 1, Monday,17661,16.7
frame,lgw,Year 1, spring 1, Monday,17662,16.6
frame,lgw,Year 1, spring 1, Monday,17663,16.7
frame,lgw,Year 1, spring 1, Monday,17664,16.7
frame,lgw,Year 1, spring 1, Monday,17665,16.7
frame,lgw,Year 1, spring 1, Monday,17666,16.7
frame,lgw,Year 1, spring 1, Monday,17667,16.9
frame,lgw,Year 1, spring 1, Monday,17668,16.8
frame,lgw,Year 1, spring 1, Monday,17669,16.7
frame,lgw,Year 1, spring 1, Monday,17670,16.4
frame,lgw,Year 1, spring 1, Monday,17671,16.6
frame,lgw,Year 1, spring 1, Monday,17672,16.8
frame,lgw,Year 1, spring 1, Monday,17673,16.6
frame,lgw,Year 1, spring 1, Monday,17674,16.7
frame,lgw,Year 1, spring 1, Monday,17675,16.7
frame,lgw,Year 1, spring 1, Monday,17676,16.7
frame,lgw,Year 1, spring 1, Monday,17677,16.7
frame,lgw,Year 1, spring 1, Monday,17678,16.7
frame,lgw,Year 1, spring 1, Monday,17679,16.6
frame,lgw,Year 1, spring 1, Monday,17680,16.7
frame,lgw,Year 1, spring 1, Monday,17681,16.6
frame,lgw,Year 1, spring 1, Monday,17682,16.6
frame,lgw,Year 1, spring 1, Monday,17683,16.7
frame,lgw,Year 1, spring 1, Monday,17684,16.7
frame,lgw,Year 1, spring 1, Monday,17685,16.7
frame,lgw,Year 1, spring 1, Monday,17686,16.7
frame,lgw,Year 1, spring 1, Monday,17687,16.6
frame,lgw,Year 1, spring 1, Monday,17688,16.7
frame,lgw,Year 1, spring 1, Monday,17689,16.7
frame,lgw,Year 1, spring 1, Monday,17690,16.7
frame,lgw,Year 1, spring 1, Monday,17691,16.6
frame,lgw,Year 1, spring 1, Monday,17692,16.7
frame,lgw,Year 1, spring 1, Monday,17693,16.7
frame,lgw,Year 1, spring 1, Monday,17694,16.6
frame,lgw,Year 1, spring 1, Monday,17695,16.7
frame,lgw,Year 1, spring 1, Monday,17696,16.7
frame,lgw,Year 1, spring 1, Monday,17697,16.6
frame,lgw,Year 1, spring 1, Monday,17698,16.8
frame,lgw,Year 1, spring 1, Monday,17699,16.7
frame,lgw,Year 1, spring 1, Monday,17700,16.6
frame,lgw,Year 1, spring 1, Monday,17701,16.6
frame,lgw,Year 1, spring 1, Monday,17702,16.7
frame,lgw,Year 1, spring 1, Monday,17703,16.6
frame,lgw,Year 1, spring 1, Monday,17704,16.7
frame,lgw,Year 1, spring 1, Monday,17705,16.7
frame,lgw,Year 1, spring 1, Monday,17706,16.8
frame,lgw,Year 1, spring 1, Monday,17707,16.5
frame,lgw,Year 1, spring 1, Monday,17708,16.6
frame,lgw,Year 1, spring 1, Monday,17709,16.6
frame,lgw,Year 1, spring 1, Monday,17710,16.6
frame,lgw,Year 1, spring 1, Monday,17711,16.6
frame,lgw,Year 1, spring 1, Monday,17712,16.7
frame,lgw,Year 1, spring 1, Monday,17713,16.7
frame,lgw,Year 1, spring 1, Monday,17714,16.7
frame,lgw,Year 1, spring 1, Monday,17715,16.7
frame,lgw,Year 1, spring 1, Monday,17716,16.9
frame,lgw,Year 1, spring 1, Monday,17717,16.5
frame,lgw,Year 1, spring 1, Monday,17718,16.8
frame,lgw,Year 1, spring 1, Monday,17719,16.7
frame,lgw,Year 1, spring 1, Monday,17720,16.6
frame,lgw,Year 1, spring 1, Monday,17721,16.7
frame,lgw,Year 1, spring 1, Monday,17722,16.7
frame,lgw,Year 1, spring 1, Monday,17723,16.7
frame,lgw,Year 1, spring 1, Monday,17724,16.7
frame,lgw,Year 1, spring 1, Monday,17725,17.6
frame,lgw,Year 1, spring 1, Monday,17726,15.7
frame,lgw,Year 1, spring 1, Monday,17727,16.6
frame,lgw,Year 1, spring 1, Monday,17728,16.7
frame,lgw,Year 1, spring 1, Monday,17729,16.7
frame,lgw,Year 1, spring 1, Monday,17730,16.7
frame,lgw,Year 1, spring 1, Monday,17731,16.8
frame,lgw,Year 1, spring 1, Monday,17732,16.6
frame,lgw,Year 1, spring 1, Monday,17733,16.8
frame,lgw,Year 1, spring 1, Monday,17734,16.4
frame,lgw,Year 1, spring 1, Monday,17735,16.7
frame,lgw,Year 1, spring 1, Monday,17736,16.7
frame,lgw,Year 1, spring 1, Monday,17737,16.6
frame,lgw,Year 1, spring 1, Monday,17738,16.7
frame,lgw,Year 1, spring 1, Monday,17739,16.7
frame,lgw,Year 1, spring 1, Monday,17740,16.7
frame,lgw,Year 1, spring 1, Monday,17741,16.7
frame,lgw,Year 1, spring 1, Monday,17742,16.6
frame,lgw,Year 1, spring 1, Monday,17743,16.7
frame,lgw,Year 1, spring 1, Monday,17744,16.7
frame,lgw,Year 1, spring 1, Monday,17745,16.7
frame,lgw,Year 1, spring 1, Monday,17746,16.9
frame,lgw,Year 1, spring 1, Monday,17747,16.5
frame,lgw,Year 1, spring 1, Monday,17748,17.2
frame,lgw,Year 1, spring 1, Monday,17749,16.1
frame,lgw,Year 1, spring 1, Monday,17750,16.6
frame,lgw,Year 1, spring 1, Monday,17751,16.7
frame,lgw,Year 1, spring 1, Monday,17752,16.7
frame,lgw,Year 1, spring 1, Monday,17753,16.7
frame,lgw,Year 1, spring 1, Monday,17754,16.7
frame,lgw,Year 1, spring 1, Monday,17755,17.8
frame,lgw,Year 1, spring 1, Monday,17756,15.6
frame,lgw,Year 1, spring 1, Monday,17757,16.7
frame,lgw,Year 1, spring 1, Monday,17758,16.6
frame,lgw,Year 1, spring 1, Monday,17759,16.7
frame,lgw,Year 1, spring 1, Monday,17760,16.6
frame,lgw,Year 1, spring 1, Monday,17761,16.7
frame,lgw,Year 1, spring 1, Monday,17762,16.7
frame,lgw,Year 1, spring 1, Monday,17763,16.7
frame,lgw,Year 1, spring 1, Monday,17764,16.7
frame,lgw,Year 1, spring 1, Monday,17765,16.6
frame,lgw,Year 1, spring 1, Monday,17766,16.7
frame,lgw,Year 1, spring 1, Monday,17767,16.7
frame,lgw,Year 1, spring 1, Monday,17768,16.7
frame,lgw,Year 1, spring 1, Monday,17769,16.8
frame,lgw,Year 1, spring 1, Monday,17770,16.6
frame,lgw,Year 1, spring 1, Monday,17771,16.5
frame,lgw,Year 1, spring 1, Monday,17772,16.6
frame,lgw,Year 1, spring 1, Monday,17773,16.7
frame,lgw,Year 1, spring 1, Monday,17774,16.7
frame,lgw,Year 1, spring 1, Monday,17775,16.7
frame,lgw,Year 1, spring 1, Monday,17776,16.7
frame,lgw,Year 1, spring 1, Monday,17777,16.7
frame,lgw,Year 1, spring 1, Monday,17778,16.6
frame,lgw,Year 1, spring 1, Monday,17779,16.6
frame,lgw,Year 1, spring 1, Monday,17780,16.7
frame,lgw,Year 1, spring 1, Monday,17781,16.6
frame,lgw,Year 1, spring 1, Monday,17782,16.7
frame,lgw,Year 1, spring 1, Monday,17783,17.5
frame,lgw,Year 1, spring 1, Monday,17784,21.8
frame,lgw,Year 1, spring 1, Monday,17785,10.7
frame,lgw,Year 1, spring 1, Monday,17786,16.8
frame,lgw,Year 1, spring 1, Monday,17787,16.5
frame,lgw,Year 1, spring 1, Monday,17788,16.7
frame,lgw,Year 1, spring 1, Monday,17789,16.7
frame,lgw,Year 1, spring 1, Monday,17790,16.6
frame,lgw,Year 1, spring 1, Monday,17791,16.7
frame,lgw,Year 1, spring 1, Monday,17792,17.1
frame,lgw,Year 1, spring 1, Monday,17793,16.3
frame,lgw,Year 1, spring 1, Monday,17794,16.7
frame,lgw,Year 1, spring 1, Monday,17795,16.9
frame,lgw,Year 1, spring 1, Monday,17796,16.4
frame,lgw,Year 1, spring 1, Monday,17797,16.7
frame,lgw,Year 1, spring 1, Monday,17798,17.2
frame,lgw,Year 1, spring 1, Monday,17799,16.1
frame,lgw,Year 1, spring 1, Monday,17800,16.7
frame,lgw,Year 1, spring 1, Monday,17801,16.7
frame,lgw,Year 1, spring 1, Monday,17802,16.7
frame,lgw,Year 1, spring 1, Monday,17803,16.6
frame,lgw,Year 1, spring 1, Monday,17804,16.7
frame,lgw,Year 1, spring 1, Monday,17805,16.6
frame,lgw,Year 1, spring 1, Monday,17806,16.7
frame,lgw,Year 1, spring 1, Monday,17807,16.7
frame,lgw,Year 1, spring 1, Monday,17808,16.7
frame,lgw,Year 1, spring 1, Monday,17809,16.7
frame,lgw,Year 1, spring 1, Monday,17810,16.9
frame,lgw,Year 1, spring 1, Monday,17811,16.7
frame,lgw,Year 1, spring 1, Monday,17812,16.4
frame,lgw,Year 1, spring 1, Monday,17813,17.6
frame,lgw,Year 1, spring 1, Monday,17814,15.7
frame,lgw,Year 1, spring 1, Monday,17815,16.7
frame,lgw,Year 1, spring 1, Monday,17816,16.7
frame,lgw,Year 1, spring 1, Monday,17817,16.7
frame,lgw,Year 1, spring 1, Monday,17818,16.7
frame,lgw,Year 1, spring 1, Monday,17819,16.7
frame,lgw,Year 1, spring 1, Monday,17820,16.6
frame,lgw,Year 1, spring 1, Monday,17821,16.7
frame,lgw,Year 1, spring 1, Monday,17822,16.8
frame,lgw,Year 1, spring 1, Monday,17823,16.6
frame,lgw,Year 1, spring 1, Monday,17824,16.7
frame,lgw,Year 1, spring 1, Monday,17825,16.6
frame,lgw,Year 1, spring 1, Monday,17826,16.7
frame,lgw,Year 1, spring 1, Monday,17827,16.7
frame,lgw,Year 1, spring 1, Monday,17828,16.7
frame,lgw,Year 1, spring 1, Monday,17829,16.7
frame,lgw,Year 1, spring 1, Monday,17830,16.7
frame,lgw,Year 1, spring 1, Monday,17831,16.6
frame,lgw,Year 1, spring 1, Monday,17832,16.6
frame,lgw,Year 1, spring 1, Monday,17833,16.7
frame,lgw,Year 1, spring 1, Monday,17834,16.7
frame,lgw,Year 1, spring 1, Monday,17835,16.7
frame,lgw,Year 1, spring 1, Monday,17836,16.7
frame,lgw,Year 1, spring 1, Monday,17837,16.7
frame,lgw,Year 1, spring 1, Monday,17838,16.7
frame,lgw,Year 1, spring 1, Monday,17839,16.7
frame,lgw,Year 1, spring 1, Monday,17840,16.6
frame,lgw,Year 1, spring 1, Monday,17841,16.6
frame,lgw,Year 1, spring 1, Monday,17842,16.6
frame,lgw,Year 1, spring 1, Monday,17843,16.7
frame,lgw,Year 1, spring 1, Monday,17844,16.6
frame,lgw,Year 1, spring 1, Monday,17845,16.7
frame,lgw,Year 1, spring 1, Monday,17846,16.7
frame,lgw,Year 1, spring 1, Monday,17847,16.6
frame,lgw,Year 1, spring 1, Monday,17848,16.7
frame,lgw,Year 1, spring 1, Monday,17849,16.8
frame,lgw,Year 1, spring 1, Monday,17850,16.6
frame,lgw,Year 1, spring 1, Monday,17851,16.6
frame,lgw,Year 1, spring 1, Monday,17852,16.7
frame,lgw,Year 1, spring 1, Monday,17853,16.6
frame,lgw,Year 1, spring 1, Monday,17854,16.7
frame,lgw,Year 1, spring 1, Monday,17855,16.7
frame,lgw,Year 1, spring 1, Monday,17856,16.6
frame,lgw,Year 1, spring 1, Monday,17857,16.7
frame,lgw,Year 1, spring 1, Monday,17858,16.6
frame,lgw,Year 1, spring 1, Monday,17859,16.7
frame,lgw,Year 1, spring 1, Monday,17860,16.8
frame,lgw,Year 1, spring 1, Monday,17861,16.7
frame,lgw,Year 1, spring 1, Monday,17862,16.6
frame,lgw,Year 1, spring 1, Monday,17863,16.6
frame,lgw,Year 1, spring 1, Monday,17864,16.7
frame,lgw,Year 1, spring 1, Monday,17865,16.6
frame,lgw,Year 1, spring 1, Monday,17866,16.7
frame,lgw,Year 1, spring 1, Monday,17867,16.7
frame,lgw,Year 1, spring 1, Monday,17868,16.6
frame,lgw,Year 1, spring 1, Monday,17869,16.7
frame,lgw,Year 1, spring 1, Monday,17870,16.7
frame,lgw,Year 1, spring 1, Monday,17871,16.7
frame,lgw,Year 1, spring 1, Monday,17872,16.7
frame,lgw,Year 1, spring 1, Monday,17873,16.7
frame,lgw,Year 1, spring 1, Monday,17874,16.6
frame,lgw,Year 1, spring 1, Monday,17875,16.7
frame,lgw,Year 1, spring 1, Monday,17876,16.7
frame,lgw,Year 1, spring 1, Monday,17877,16.7
frame,lgw,Year 1, spring 1, Monday,17878,16.5
frame,lgw,Year 1, spring 1, Monday,17879,17.0
frame,lgw,Year 1, spring 1, Monday,17880,16.3
frame,lgw,Year 1, spring 1, Monday,17881,16.7
frame,lgw,Year 1, spring 1, Monday,17882,16.7
frame,lgw,Year 1, spring 1, Monday,17883,16.6
frame,lgw,Year 1, spring 1, Monday,17884,16.8
frame,lgw,Year 1, spring 1, Monday,17885,16.5
frame,lgw,Year 1, spring 1, Monday,17886,16.6
frame,lgw,Year 1, spring 1, Monday,17887,16.7
frame,lgw,Year 1, spring 1, Monday,17888,16.7
frame,lgw,Year 1, spring 1, Monday,17889,16.7
frame,lgw,Year 1, spring 1, Monday,17890,16.6
frame,lgw,Year 1, spring 1, Monday,17891,16.7
frame,lgw,Year 1, spring 1, Monday,17892,16.6
frame,lgw,Year 1, spring 1, Monday,17893,16.7
frame,lgw,Year 1, spring 1, Monday,17894,16.7
frame,lgw,Year 1, spring 1, Monday,17895,16.7
frame,lgw,Year 1, spring 1, Monday,17896,16.9
frame,lgw,Year 1, spring 1, Monday,17897,16.7
frame,lgw,Year 1, spring 1, Monday,17898,16.6
frame,lgw,Year 1, spring 1, Monday,17899,16.5
frame,lgw,Year 1, spring 1, Monday,17900,16.9
frame,lgw,Year 1, spring 1, Monday,17901,16.5
frame,lgw,Year 1, spring 1, Monday,17902,16.9
frame,lgw,Year 1, spring 1, Monday,17903,16.3
frame,lgw,Year 1, spring 1, Monday,17904,16.8
frame,lgw,Year 1, spring 1, Monday,17905,16.6
frame,lgw,Year 1, spring 1, Monday,17906,16.6
frame,lgw,Year 1, spring 1, Monday,17907,16.7
frame,lgw,Year 1, spring 1, Monday,17908,16.6
frame,lgw,Year 1, spring 1, Monday,17909,23.1
frame,lgw,Year 1, spring 1, Monday,17910,10.3
frame,lgw,Year 1, spring 1, Monday,17911,16.6
frame,lgw,Year 1, spring 1, Monday,17912,17.1
frame,lgw,Year 1, spring 1, Monday,17913,16.5
frame,lgw,Year 1, spring 1, Monday,17914,16.4
frame,lgw,Year 1, spring 1, Monday,17915,16.7
frame,lgw,Year 1, spring 1, Monday,17916,16.7
frame,lgw,Year 1, spring 1, Monday,17917,16.7
frame,lgw,Year 1, spring 1, Monday,17918,16.6
frame,lgw,Year 1, spring 1, Monday,17919,16.7
frame,lgw,Year 1, spring 1, Monday,17920,16.7
frame,lgw,Year 1, spring 1, Monday,17921,16.7
frame,lgw,Year 1, spring 1, Monday,17922,16.6
frame,lgw,Year 1, spring 1, Monday,17923,16.7
frame,lgw,Year 1, spring 1, Monday,17924,16.7
frame,lgw,Year 1, spring 1, Monday,17925,16.8
frame,lgw,Year 1, spring 1, Monday,17926,16.5
frame,lgw,Year 1, spring 1, Monday,17927,16.6
frame,lgw,Year 1, spring 1, Monday,17928,16.7
frame,lgw,Year 1, spring 1, Monday,17929,16.6
frame,lgw,Year 1, spring 1, Monday,17930,16.7
frame,lgw,Year 1, spring 1, Monday,17931,16.7
frame,lgw,Year 1, spring 1, Monday,17932,16.7
frame,lgw,Year 1, spring 1, Monday,17933,16.7
frame,lgw,Year 1, spring 1, Monday,17934,16.7
frame,lgw,Year 1, spring 1, Monday,17935,16.7
frame,lgw,Year 1, spring 1, Monday,17936,16.7
frame,lgw,Year 1, spring 1, Monday,17937,16.7
frame,lgw,Year 1, spring 1, Monday,17938,16.7
frame,lgw,Year 1, spring 1, Monday,17939,16.7
frame,lgw,Year 1, spring 1, Monday,17940,16.9
frame,lgw,Year 1, spring 1, Monday,17941,16.5
frame,lgw,Year 1, spring 1, Monday,17942,16.6
frame,lgw,Year 1, spring 1, Monday,17943,16.7
frame,lgw,Year 1, spring 1, Monday,17944,16.7
frame,lgw,Year 1, spring 1, Monday,17945,16.7
frame,lgw,Year 1, spring 1, Monday,17946,16.7
frame,lgw,Year 1, spring 1, Monday,17947,16.6
frame,lgw,Year 1, spring 1, Monday,17948,16.7
frame,lgw,Year 1, spring 1, Monday,17949,16.6
frame,lgw,Year 1, spring 1, Monday,17950,16.7
frame,lgw,Year 1, spring 1, Monday,17951,16.7
frame,lgw,Year 1, spring 1, Monday,17952,16.8
frame,lgw,Year 1, spring 1, Monday,17953,16.6
frame,lgw,Year 1, spring 1, Monday,17954,16.7
frame,lgw,Year 1, spring 1, Monday,17955,16.5
frame,lgw,Year 1, spring 1, Monday,17956,16.6
frame,lgw,Year 1, spring 1, Monday,17957,16.6
frame,lgw,Year 1, spring 1, Monday,17958,16.7
frame,lgw,Year 1, spring 1, Monday,17959,16.7
frame,lgw,Year 1, spring 1, Monday,17960,16.7
frame,lgw,Year 1, spring 1, Monday,17961,16.6
frame,lgw,Year 1, spring 1, Monday,17962,16.6
frame,lgw,Year 1, spring 1, Monday,17963,16.8
frame,lgw,Year 1, spring 1, Monday,17964,16.5
frame,lgw,Year 1, spring 1, Monday,17965,16.7
frame,lgw,Year 1, spring 1, Monday,17966,16.7
frame,lgw,Year 1, spring 1, Monday,17967,18.8
frame,lgw,Year 1, spring 1, Monday,17968,14.4
frame,lgw,Year 1, spring 1, Monday,17969,16.8
frame,lgw,Year 1, spring 1, Monday,17970,16.6
frame,lgw,Year 1, spring 1, Monday,17971,16.6
frame,lgw,Year 1, spring 1, Monday,17972,16.7
frame,lgw,Year 1, spring 1, Monday,17973,16.7
frame,lgw,Year 1, spring 1, Monday,17974,19.8
frame,lgw,Year 1, spring 1, Monday,17975,13.6
frame,lgw,Year 1, spring 1, Monday,17976,16.5
frame,lgw,Year 1, spring 1, Monday,17977,16.8
frame,lgw,Year 1, spring 1, Monday,17978,16.5
frame,lgw,Year 1, spring 1, Monday,17979,16.7
frame,lgw,Year 1, spring 1, Monday,17980,16.7
frame,lgw,Year 1, spring 1, Monday,17981,17.3
frame,lgw,Year 1, spring 1, Monday,17982,16.0
frame,lgw,Year 1, spring 1, Monday,17983,16.7
frame,lgw,Year 1, spring 1, Monday,17984,16.7
frame,lgw,Year 1, spring 1, Monday,17985,16.7
frame,lgw,Year 1, spring 1, Monday,17986,16.6
frame,lgw,Year 1, spring 1, Monday,17987,16.7
frame,lgw,Year 1, spring 1, Monday,17988,16.7
frame,lgw,Year 1, spring 1, Monday,17989,16.6
frame,lgw,Year 1, spring 1, Monday,17990,16.8
frame,lgw,Year 1, spring 1, Monday,17991,16.6
frame,lgw,Year 1, spring 1, Monday,17992,16.7
frame,lgw,Year 1, spring 1, Monday,17993,16.7
frame,lgw,Year 1, spring 1, Monday,17994,16.6
frame,lgw,Year 1, spring 1, Monday,17995,16.7
frame,lgw,Year 1, spring 1, Monday,17996,18.0
frame,lgw,Year 1, spring 1, Monday,17997,15.5
frame,lgw,Year 1, spring 1, Monday,17998,16.6
frame,lgw,Year 1, spring 1, Monday,17999,16.6
lag,lgw,Year 1, spring 1, Monday,18045,91.0
lag,lgw,Year 1, spring 1, Monday,21621,106.4
lag,lgw,Year 1, spring 1, Monday,21639,109.1
lag,lgw,Year 1, spring 1, Monday,21647,53.8
frame,lgw,Year 1, spring 1, Monday,23120,16.7
frame,lgw,Year 1, spring 1, Monday,23121,16.6
frame,lgw,Year 1, spring 1, Monday,23122,16.7
frame,lgw,Year 1, spring 1, Monday,23123,16.7
frame,lgw,Year 1, spring 1, Monday,23124,16.8
frame,lgw,Year 1, spring 1, Monday,23125,16.6
frame,lgw,Year 1, spring 1, Monday,23126,16.9
frame,lgw,Year 1, spring 1, Monday,23127,16.5
frame,lgw,Year 1, spring 1, Monday,23128,16.8
frame,lgw,Year 1, spring 1, Monday,23129,16.6
frame,lgw,Year 1, spring 1, Monday,23130,16.7
frame,lgw,Year 1, spring 1, Monday,23131,16.6
frame,lgw,Year 1, spring 1, Monday,23132,16.7
frame,lgw,Year 1, spring 1, Monday,23133,16.6
frame,lgw,Year 1, spring 1, Monday,23134,17.0
frame,lgw,Year 1, spring 1, Monday,23135,16.4
frame,lgw,Year 1, spring 1, Monday,23136,16.6
frame,lgw,Year 1, spring 1, Monday,23137,16.7
frame,lgw,Year 1, spring 1, Monday,23138,16.7
frame,lgw,Year 1, spring 1, Monday,23139,16.7
frame,lgw,Year 1, spring 1, Monday,23140,16.6
frame,lgw,Year 1, spring 1, Monday,23141,16.7
frame,lgw,Year 1, spring 1, Monday,23142,16.6
frame,lgw,Year 1, spring 1, Monday,23143,16.7
frame,lgw,Year 1, spring 1, Monday,23144,16.7
frame,lgw,Year 1, spring 1, Monday,23145,16.7
frame,lgw,Year 1, spring 1, Monday,23146,16.7
frame,lgw,Year 1, spring 1, Monday,23147,16.7
frame,lgw,Year 1, spring 1, Monday,23148,16.6
frame,lgw,Year 1, spring 1, Monday,23149,16.7
frame,lgw,Year 1, spring 1, Monday,23150,16.7
frame,lgw,Year 1, spring 1, Monday,23151,16.7
frame,lgw,Year 1, spring 1, Monday,23152,16.8
frame,lgw,Year 1, spring 1, Monday,23153,16.5
frame,lgw,Year 1, spring 1, Monday,23154,16.9
frame,lgw,Year 1, spring 1, Monday,23155,16.4
frame,lgw,Year 1, spring 1, Monday,23156,16.7
frame,lgw,Year 1, spring 1, Monday,23157,16.6
frame,lgw,Year 1, spring 1, Monday,23158,16.7
frame,lgw,Year 1, spring 1, Monday,23159,16.7
frame,lgw,Year 1, spring 1, Monday,23160,16.7
frame,lgw,Year 1, spring 1, Monday,23161,16.7
frame,lgw,Year 1, spring 1, Monday,23162,16.6
frame,lgw,Year 1, spring 1, Monday,23163,16.7
frame,lgw,Year 1, spring 1, Monday,23164,16.7
frame,lgw,Year 1, spring 1, Monday,23165,16.6
frame,lgw,Year 1, spring 1, Monday,23166,16.8
frame,lgw,Year 1, spring 1, Monday,23167,16.7
frame,lgw,Year 1, spring 1, Monday,23168,16.6
frame,lgw,Year 1, spring 1, Monday,23169,16.7
frame,lgw,Year 1, spring 1, Monday,23170,16.7
frame,lgw,Year 1, spring 1, Monday,23171,16.7
frame,lgw,Year 1, spring 1, Monday,23172,16.7
frame,lgw,Year 1, spring 1, Monday,23173,16.6
frame,lgw,Year 1, spring 1, Monday,23174,16.9
frame,lgw,Year 1, spring 1, Monday,23175,16.4
frame,lgw,Year 1, spring 1, Monday,23176,16.7
frame,lgw,Year 1, spring 1, Monday,23177,16.7
frame,lgw,Year 1, spring 1, Monday,23178,17.1
frame,lgw,Year 1, spring 1, Monday,23179,16.3
frame,lgw,Year 1, spring 1, Monday,23180,16.7
frame,lgw,Year 1, spring 1, Monday,23181,16.7
frame,lgw,Year 1, spring 1, Monday,23182,17.3
frame,lgw,Year 1, spring 1, Monday,23183,16.0
frame,lgw,Year 1, spring 1, Monday,23184,16.6
frame,lgw,Year 1, spring 1, Monday,23185,16.7
frame,lgw,Year 1, spring 1, Monday,23186,16.7
frame,lgw,Year 1, spring 1, Monday,23187,16.7
frame,lgw,Year 1, spring 1, Monday,23188,16.7
frame,lgw,Year 1, spring 1, Monday,23189,16.7
frame,lgw,Year 1, spring 1, Monday,23190,16.6
frame,lgw,Year 1, spring 1, Monday,23191,16.7
frame,lgw,Year 1, spring 1, Monday,23192,16.7
frame,lgw,Year 1, spring 1, Monday,23193,16.9
frame,lgw,Year 1, spring 1, Monday,23194,16.4
frame,lgw,Year 1, spring 1, Monday,23195,16.7
frame,lgw,Year 1, spring 1, Monday,23196,16.6
frame,lgw,Year 1, spring 1, Monday,23197,16.6
frame,lgw,Year 1, spring 1, Monday,23198,16.7
frame,lgw,Year 1, spring 1, Monday,23199,16.7
frame,lgw,Year 1, spring 1, Monday,23200,16.7
frame,lgw,Year 1, spring 1, Monday,23201,16.7
frame,lgw,Year 1, spring 1, Monday,23202,16.6
frame,lgw,Year 1, spring 1, Monday,23203,16.7
frame,lgw,Year 1, spring 1, Monday,23204,16.7
frame,lgw,Year 1, spring 1, Monday,23205,16.6
frame,lgw,Year 1, spring 1, Monday,23206,16.6
frame,lgw,Year 1, spring 1, Monday,23207,16.7
frame,lgw,Year 1, spring 1, Monday,23208,16.6
frame,lgw,Year 1, spring 1, Monday,23209,16.7
frame,lgw,Year 1, spring 1, Monday,23210,16.7
frame,lgw,Year 1, spring 1, Monday,23211,16.6
frame,lgw,Year 1, spring 1, Monday,23212,16.7
frame,lgw,Year 1, spring 1, Monday,23213,16.8
frame,lgw,Year 1, spring 1, Monday,23214,16.5
frame,lgw,Year 1, spring 1, Monday,23215,16.7
frame,lgw,Year 1, spring 1, Monday,23216,16.9
frame,lgw,Year 1, spring 1, Monday,23217,16.5
frame,lgw,Year 1, spring 1, Monday,23218,16.6
frame,lgw,Year 1, spring 1, Monday,23219,16.7
frame,lgw,Year 1, spring 1, Monday,23220,16.6
frame,lgw,Year 1, spring 1, Monday,23221,16.7
frame,lgw,Year 1, spring 1, Monday,23222,16.7
frame,lgw,Year 1, spring 1, Monday,23223,16.6
frame,lgw,Year 1, spring 1, Monday,23224,16.7
frame,lgw,Year 1, spring 1, Monday,23225,16.7
frame,lgw,Year 1, spring 1, Monday,23226,16.7
frame,lgw,Year 1, spring 1, Monday,23227,16.6
frame,lgw,Year 1, spring 1, Monday,23228,16.7
frame,lgw,Year 1, spring 1, Monday,23229,16.7
frame,lgw,Year 1, spring 1, Monday,23230,16.7
frame,lgw,Year 1, spring 1, Monday,23231,16.8
frame,lgw,Year 1, spring 1, Monday,23232,16.9
frame,lgw,Year 1, spring 1, Monday,23233,16.4
frame,lgw,Year 1, spring 1, Monday,23234,16.7
frame,lgw,Year 1, spring 1, Monday,23235,16.9
frame,lgw,Year 1, spring 1, Monday,23236,16.3
frame,lgw,Year 1, spring 1, Monday,23237,16.7
frame,lgw,Year 1, spring 1, Monday,23238,16.7
frame,lgw,Year 1, spring 1, Monday,23239,16.7
frame,lgw,Year 1, spring 1, Monday,23240,16.7
frame,lgw,Year 1, spring 1, Monday,23241,16.7
frame,lgw,Year 1, spring 1, Monday,23242,16.9
frame,lgw,Year 1, spring 1, Monday,23243,16.9
frame,lgw,Year 1, spring 1, Monday,23244,16.3
frame,lgw,Year 1, spring 1, Monday,23245,16.8
frame,lgw,Year 1, spring 1, Monday,23246,16.5
frame,lgw,Year 1, spring 1, Monday,23247,16.6
frame,lgw,Year 1, spring 1, Monday,23248,16.7
frame,lgw,Year 1, spring 1, Monday,23249,16.7
frame,lgw,Year 1, spring 1, Monday,23250,16.7
frame,lgw,Year 1, spring 1, Monday,23251,16.6
frame,lgw,Year 1, spring 1, Monday,23252,16.7
frame,lgw,Year 1, spring 1, Monday,23253,16.8
frame,lgw,Year 1, spring 1, Monday,23254,16.5
frame,lgw,Year 1, spring 1, Monday,23255,16.7
frame,lgw,Year 1, spring 1, Monday,23256,16.7
frame,lgw,Year 1, spring 1, Monday,23257,16.9
frame,lgw,Year 1, spring 1, Monday,23258,16.5
frame,lgw,Year 1, spring 1, Monday,23259,16.7
frame,lgw,Year 1, spring 1, Monday,23260,16.9
frame,lgw,Year 1, spring 1, Monday,23261,17.0
frame,lgw,Year 1, spring 1, Monday,23262,16.1
frame,lgw,Year 1, spring 1, Monday,23263,16.7
frame,lgw,Year 1, spring 1, Monday,23264,16.7
frame,lgw,Year 1, spring 1, Monday,23265,16.6
frame,lgw,Year 1, spring 1, Monday,23266,16.6
frame,lgw,Year 1, spring 1, Monday,23267,16.7
frame,lgw,Year 1, spring 1, Monday,23268,16.6
frame,lgw,Year 1, spring 1, Monday,23269,16.7
frame,lgw,Year 1, spring 1, Monday,23270,16.7
frame,lgw,Year 1, spring 1, Monday,23271,16.7
frame,lgw,Year 1, spring 1, Monday,23272,16.5
frame,lgw,Year 1, spring 1, Monday,23273,17.3
frame,lgw,Year 1, spring 1, Monday,23274,16.1
frame,lgw,Year 1, spring 1, Monday,23275,16.7
frame,lgw,Year 1, spring 1, Monday,23276,16.7
frame,lgw,Year 1, spring 1, Monday,23277,16.7
frame,lgw,Year 1, spring 1, Monday,23278,16.9
frame,lgw,Year 1, spring 1, Monday,23279,16.5
frame,lgw,Year 1, spring 1, Monday,23280,16.6
frame,lgw,Year 1, spring 1, Monday,23281,16.7
frame,lgw,Year 1, spring 1, Monday,23282,16.7
frame,lgw,Year 1, spring 1, Monday,23283,16.7
frame,lgw,Year 1, spring 1, Monday,23284,16.7
frame,lgw,Year 1, spring 1, Monday,23285,16.7
frame,lgw,Year 1, spring 1, Monday,23286,16.7
frame,lgw,Year 1, spring 1, Monday,23287,16.6
frame,lgw,Year 1, spring 1, Monday,23288,16.7
frame,lgw,Year 1, spring 1, Monday,23289,16.7
frame,lgw,Year 1, spring 1, Monday,23290,16.7
frame,lgw,Year 1, spring 1, Monday,23291,16.7
frame,lgw,Year 1, spring 1, Monday,23292,16.6
frame,lgw,Year 1, spring 1, Monday,23293,16.9
frame,lgw,Year 1, spring 1, Monday,23294,16.4
frame,lgw,Year 1, spring 1, Monday,23295,16.6
frame,lgw,Year 1, spring 1, Monday,23296,16.7
frame,lgw,Year 1, spring 1, Monday,23297,16.7
frame,lgw,Year 1, spring 1, Monday,23298,16.7
frame,lgw,Year 1, spring 1, Monday,23299,16.7
frame,lgw,Year 1, spring 1, Monday,23300,16.7
frame,lgw,Year 1, spring 1, Monday,23301,16.6
frame,lgw,Year 1, spring 1, Monday,23302,16.8
frame,lgw,Year 1, spring 1, Monday,23303,16.4
frame,lgw,Year 1, spring 1, Monday,23304,16.7
frame,lgw,Year 1, spring 1, Monday,23305,16.6
frame,lgw,Year 1, spring 1, Monday,23306,16.7
frame,lgw,Year 1, spring 1, Monday,23307,16.6
frame,lgw,Year 1, spring 1, Monday,23308,16.7
frame,lgw,Year 1, spring 1, Monday,23309,16.7
frame,lgw,Year 1, spring 1, Monday,23310,16.6
frame,lgw,Year 1, spring 1, Monday,23311,16.8
frame,lgw,Year 1, spring 1, Monday,23312,17.5
frame,lgw,Year 1, spring 1, Monday,23313,15.7
frame,lgw,Year 1, spring 1, Monday,23314,16.6
frame,lgw,Year 1, spring 1, Monday,23315,16.7
frame,lgw,Year 1, spring 1, Monday,23316,17.1
frame,lgw,Year 1, spring 1, Monday,23317,16.2
frame,lgw,Year 1, spring 1, Monday,23318,16.7
frame,lgw,Year 1, spring 1, Monday,23319,16.7
frame,lgw,Year 1, spring 1, Monday,23320,16.7
frame,lgw,Year 1, spring 1, Monday,23321,16.7
frame,lgw,Year 1, spring 1, Monday,23322,16.6
frame,lgw,Year 1, spring 1, Monday,23323,16.7
frame,lgw,Year 1, spring 1, Monday,23324,16.7
frame,lgw,Year 1, spring 1, Monday,23325,16.7
frame,lgw,Year 1, spring 1, Monday,23326,17.8
frame,lgw,Year 1, spring 1, Monday,23327,15.4
frame,lgw,Year 1, spring 1, Monday,23328,16.7
frame,lgw,Year 1, spring 1, Monday,23329,16.7
frame,lgw,Year 1, spring 1, Monday,23330,16.6
frame,lgw,Year 1, spring 1, Monday,23331,16.7
frame,lgw,Year 1, spring 1, Monday,23332,17.1
frame,lgw,Year 1, spring 1, Monday,23333,16.3
frame,lgw,Year 1, spring 1, Monday,23334,16.6
frame,lgw,Year 1, spring 1, Monday,23335,16.7
frame,lgw,Year 1, spring 1, Monday,23336,16.6
frame,lgw,Year 1, spring 1, Monday,23337,16.7
frame,lgw,Year 1, spring 1, Monday,23338,17.4
frame,lgw,Year 1, spring 1, Monday,23339,17.0
frame,lgw,Year 1, spring 1, Monday,23340,16.1
frame,lgw,Year 1, spring 1, Monday,23341,16.3
frame,lgw,Year 1, spring 1, Monday,23342,16.7
frame,lgw,Year 1, spring 1, Monday,23343,16.6
frame,lgw,Year 1, spring 1, Monday,23344,16.7
frame,lgw,Year 1, spring 1, Monday,23345,16.7
frame,lgw,Year 1, spring 1, Monday,23346,16.6
frame,lgw,Year 1, spring 1, Monday,23347,16.7
frame,lgw,Year 1, spring 1, Monday,23348,17.5
frame,lgw,Year 1, spring 1, Monday,23349,15.8
frame,lgw,Year 1, spring 1, Monday,23350,17.0
frame,lgw,Year 1, spring 1, Monday,23351,16.4
frame,lgw,Year 1, spring 1, Monday,23352,16.5
frame,lgw,Year 1, spring 1, Monday,23353,16.7
frame,lgw,Year 1, spring 1, Monday,23354,16.7
frame,lgw,Year 1, spring 1, Monday,23355,16.7
frame,lgw,Year 1, spring 1, Monday,23356,16.7
frame,lgw,Year 1, spring 1, Monday,23357,16.7
frame,lgw,Year 1, spring 1, Monday,23358,16.7
frame,lgw,Year 1, spring 1, Monday,23359,17.5
frame,lgw,Year 1, spring 1, Monday,23360,15.8
frame,lgw,Year 1, spring 1, Monday,23361,17.0
frame,lgw,Year 1, spring 1, Monday,23362,16.3
frame,lgw,Year 1, spring 1, Monday,23363,17.6
frame,lgw,Year 1, spring 1, Monday,23364,15.7
frame,lgw,Year 1, spring 1, Monday,23365,16.7
frame,lgw,Year 1, spring 1, Monday,23366,16.6
frame,lgw,Year 1, spring 1, Monday,23367,16.7
frame,lgw,Year 1, spring 1, Monday,23368,16.6
frame,lgw,Year 1, spring 1, Monday,23369,16.7
frame,lgw,Year 1, spring 1, Monday,23370,16.7
frame,lgw,Year 1, spring 1, Monday,23371,16.7
frame,lgw,Year 1, spring 1, Monday,23372,16.6
frame,lgw,Year 1, spring 1, Monday,23373,16.7
frame,lgw,Year 1, spring 1, Monday,23374,16.7
frame,lgw,Year 1, spring 1, Monday,23375,16.6
frame,lgw,Year 1, spring 1, Monday,23376,16.8
frame,lgw,Year 1, spring 1, Monday,23377,17.0
frame,lgw,Year 1, spring 1, Monday,23378,16.8
frame,lgw,Year 1, spring 1, Monday,23379,16.2
frame,lgw,Year 1, spring 1, Monday,23380,16.7
frame,lgw,Year 1, spring 1, Monday,23381,16.7
frame,lgw,Year 1, spring 1, Monday,23382,17.8
frame,lgw,Year 1, spring 1, Monday,23383,15.5
frame,lgw,Year 1, spring 1, Monday,23384,16.7
frame,lgw,Year 1, spring 1, Monday,23385,16.7
frame,lgw,Year 1, spring 1, Monday,23386,16.6
frame,lgw,Year 1, spring 1, Monday,23387,16.7
frame,lgw,Year 1, spring 1, Monday,23388,16.7
frame,lgw,Year 1, spring 1, Monday,23389,17.0
frame,lgw,Year 1, spring 1, Monday,23390,16.4
frame,lgw,Year 1, spring 1, Monday,23391,16.6
frame,lgw,Year 1, spring 1, Monday,23392,16.6
frame,lgw,Year 1, spring 1, Monday,23393,16.7
frame,lgw,Year 1, spring 1, Monday,23394,16.8
frame,lgw,Year 1, spring 1, Monday,23395,16.6
frame,lgw,Year 1, spring 1, Monday,23396,16.9
frame,lgw,Year 1, spring 1, Monday,23397,16.4
frame,lgw,Year 1, spring 1, Monday,23398,16.7
frame,lgw,Year 1, spring 1, Monday,23399,16.7
frame,lgw,Year 1, spring 1, Monday,23400,16.7
frame,lgw,Year 1, spring 1, Monday,23401,17.1
frame,lgw,Year 1, spring 1, Monday,23402,16.2
frame,lgw,Year 1, spring 1, Monday,23403,16.6
frame,lgw,Year 1, spring 1, Monday,23404,16.7
frame,lgw,Year 1, spring 1, Monday,23405,16.7
frame,lgw,Year 1, spring 1, Monday,23406,16.6
frame,lgw,Year 1, spring 1, Monday,23407,16.7
frame,lgw,Year 1, spring 1, Monday,23408,16.7
frame,lgw,Year 1, spring 1, Monday,23409,17.6
frame,lgw,Year 1, spring 1, Monday,23410,15.7
frame,lgw,Year 1, spring 1, Monday,23411,16.7
frame,lgw,Year 1, spring 1, Monday,23412,16.6
frame,lgw,Year 1, spring 1, Monday,23413,17.0
frame,lgw,Year 1, spring 1, Monday,23414,16.4
frame,lgw,Year 1, spring 1, Monday,23415,16.7
frame,lgw,Year 1, spring 1, Monday,23416,16.9
frame,lgw,Year 1, spring 1, Monday,23417,17.0
frame,lgw,Year 1, spring 1, Monday,23418,16.0
frame,lgw,Year 1, spring 1, Monday,23419,16.7
frame,lgw,Year 1, spring 1, Monday,23420,16.7
frame,lgw,Year 1, spring 1, Monday,23421,16.8
frame,lgw,Year 1, spring 1, Monday,23422,16.6
frame,lgw,Year 1, spring 1, Monday,23423,16.6
frame,lgw,Year 1, spring 1, Monday,23424,16.6
frame,lgw,Year 1, spring 1, Monday,23425,16.6
frame,lgw,Year 1, spring 1, Monday,23426,16.7
frame,lgw,Year 1, spring 1, Monday,23427,16.7
frame,lgw,Year 1, spring 1, Monday,23428,16.7
frame,lgw,Year 1, spring 1, Monday,23429,16.8
frame,lgw,Year 1, spring 1, Monday,23430,16.6
frame,lgw,Year 1, spring 1, Monday,23431,16.6
frame,lgw,Year 1, spring 1, Monday,23432,16.9
frame,lgw,Year 1, spring 1, Monday,23433,16.4
frame,lgw,Year 1, spring 1, Monday,23434,16.7
frame,lgw,Year 1, spring 1, Monday,23435,16.6
frame,lgw,Year 1, spring 1, Monday,23436,17.0
frame,lgw,Year 1, spring 1, Monday,23437,16.4
frame,lgw,Year 1, spring 1, Monday,23438,16.6
frame,lgw,Year 1, spring 1, Monday,23439,16.6
frame,lgw,Year 1, spring 1, Monday,23440,16.7
frame,lgw,Year 1, spring 1, Monday,23441,16.6
frame,lgw,Year 1, spring 1, Monday,23442,16.7
frame,lgw,Year 1, spring 1, Monday,23443,16.9
frame,lgw,Year 1, spring 1, Monday,23444,16.5
frame,lgw,Year 1, spring 1, Monday,23445,16.6
frame,lgw,Year 1, spring 1, Monday,23446,17.6
frame,lgw,Year 1, spring 1, Monday,23447,15.8
frame,lgw,Year 1, spring 1, Monday,23448,16.7
frame,lgw,Year 1, spring 1, Monday,23449,16.6
frame,lgw,Year 1, spring 1, Monday,23450,16.7
frame,lgw,Year 1, spring 1, Monday,23451,16.6
frame,lgw,Year 1, spring 1, Monday,23452,16.7
frame,lgw,Year 1, spring 1, Monday,23453,16.6
frame,lgw,Year 1, spring 1, Monday,23454,16.7
frame,lgw,Year 1, spring 1, Monday,23455,16.7
frame,lgw,Year 1, spring 1, Monday,23456,16.7
frame,lgw,Year 1, spring 1, Monday,23457,16.6
frame,lgw,Year 1, spring 1, Monday,23458,17.4
frame,lgw,Year 1, spring 1, Monday,23459,16.2
frame,lgw,Year 1, spring 1, Monday,23460,16.4
frame,lgw,Year 1, spring 1, Monday,23461,16.7
frame,lgw,Year 1, spring 1, Monday,23462,16.7
frame,lgw,Year 1, spring 1, Monday,23463,16.6
frame,lgw,Year 1, spring 1, Monday,23464,16.7
frame,lgw,Year 1, spring 1, Monday,23465,16.7
frame,lgw,Year 1, spring 1, Monday,23466,16.6
frame,lgw,Year 1, spring 1, Monday,23467,16.7
frame,lgw,Year 1, spring 1, Monday,23468,16.7
frame,lgw,Year 1, spring 1, Monday,23469,16.6
frame,lgw,Year 1, spring 1, Monday,23470,16.7
frame,lgw,Year 1, spring 1, Monday,23471,16.7
frame,lgw,Year 1, spring 1, Monday,23472,16.7
frame,lgw,Year 1, spring 1, Monday,23473,16.7
frame,lgw,Year 1, spring 1, Monday,23474,16.7
frame,lgw,Year 1, spring 1, Monday,23475,16.7
frame,lgw,Year 1, spring 1, Monday,23476,16.6
frame,lgw,Year 1, spring 1, Monday,23477,16.6
frame,lgw,Year 1, spring 1, Monday,23478,16.6
frame,lgw,Year 1, spring 1, Monday,23479,17.0
frame,lgw,Year 1, spring 1, Monday,23480,16.4
frame,lgw,Year 1, spring 1, Monday,23481,16.7
frame,lgw,Year 1, spring 1, Monday,23482,16.6
frame,lgw,Year 1, spring 1, Monday,23483,16.7
frame,lgw,Year 1, spring 1, Monday,23484,16.8
frame,lgw,Year 1, spring 1, Monday,23485,16.5
frame,lgw,Year 1, spring 1, Monday,23486,16.7
frame,lgw,Year 1, spring 1, Monday,23487,16.7
frame,lgw,Year 1, spring 1, Monday,23488,16.6
frame,lgw,Year 1, spring 1, Monday,23489,17.0
frame,lgw,Year 1, spring 1, Monday,23490,16.3
frame,lgw,Year 1, spring 1, Monday,23491,17.4
frame,lgw,Year 1, spring 1, Monday,23492,15.9
frame,lgw,Year 1, spring 1, Monday,23493,16.7
frame,lgw,Year 1, spring 1, Monday,23494,16.7
frame,lgw,Year 1, spring 1, Monday,23495,17.1
frame,lgw,Year 1, spring 1, Monday,23496,16.3
frame,lgw,Year 1, spring 1, Monday,23497,16.7
frame,lgw,Year 1, spring 1, Monday,23498,17.3
frame,lgw,Year 1, spring 1, Monday,23499,16.1
frame,lgw,Year 1, spring 1, Monday,23500,17.1
frame,lgw,Year 1, spring 1, Monday,23501,16.1
frame,lgw,Year 1, spring 1, Monday,23502,16.6
frame,lgw,Year 1, spring 1, Monday,23503,17.2
frame,lgw,Year 1, spring 1, Monday,23504,16.2
frame,lgw,Year 1, spring 1, Monday,23505,17.6
frame,lgw,Year 1, spring 1, Monday,23506,15.8
frame,lgw,Year 1, spring 1, Monday,23507,17.4
frame,lgw,Year 1, spring 1, Monday,23508,16.0
frame,lgw,Year 1, spring 1, Monday,23509,17.7
frame,lgw,Year 1, spring 1, Monday,23510,16.0
frame,lgw,Year 1, spring 1, Monday,23511,16.3
frame,lgw,Year 1, spring 1, Monday,23512,16.8
frame,lgw,Year 1, spring 1, Monday,23513,16.5
frame,lgw,Year 1, spring 1, Monday,23514,16.6
frame,lgw,Year 1, spring 1, Monday,23515,16.9
frame,lgw,Year 1, spring 1, Monday,23516,16.5
frame,lgw,Year 1, spring 1, Monday,23517,17.4
frame,lgw,Year 1, spring 1, Monday,23518,16.0
frame,lgw,Year 1, spring 1, Monday,23519,16.9
frame,lgw,Year 1, spring 1, Monday,23520,17.4
frame,lgw,Year 1, spring 1, Monday,23521,16.8
frame,lgw,Year 1, spring 1, Monday,23522,15.6
frame,lgw,Year 1, spring 1, Monday,23523,16.8
frame,lgw,Year 1, spring 1, Monday,23524,16.7
frame,lgw,Year 1, spring 1, Monday,23525,16.5
frame,lgw,Year 1, spring 1, Monday,23526,16.7
frame,lgw,Year 1, spring 1, Monday,23527,16.7
frame,lgw,Year 1, spring 1, Monday,23528,16.7
frame,lgw,Year 1, spring 1, Monday,23529,16.6
frame,lgw,Year 1, spring 1, Monday,23530,16.9
frame,lgw,Year 1, spring 1, Monday,23531,16.6
frame,lgw,Year 1, spring 1, Monday,23532,16.5
frame,lgw,Year 1, spring 1, Monday,23533,16.6
frame,lgw,Year 1, spring 1, Monday,23534,16.8
frame,lgw,Year 1, spring 1, Monday,23535,16.6
frame,lgw,Year 1, spring 1, Monday,23536,16.7
frame,lgw,Year 1, spring 1, Monday,23537,16.6
frame,lgw,Year 1, spring 1, Monday,23538,16.7
frame,lgw,Year 1, spring 1, Monday,23539,16.8
frame,lgw,Year 1, spring 1, Monday,23540,16.4
frame,lgw,Year 1, spring 1, Monday,23541,16.7
frame,lgw,Year 1, spring 1, Monday,23542,16.7
frame,lgw,Year 1, spring 1, Monday,23543,16.6
frame,lgw,Year 1, spring 1, Monday,23544,16.7
frame,lgw,Year 1, spring 1, Monday,23545,16.7
frame,lgw,Year 1, spring 1, Monday,23546,16.6
frame,lgw,Year 1, spring 1, Monday,23547,16.9
frame,lgw,Year 1, spring 1, Monday,23548,16.5
frame,lgw,Year 1, spring 1, Monday,23549,16.7
frame,lgw,Year 1, spring 1, Monday,23550,16.8
frame,lgw,Year 1, spring 1, Monday,23551,16.4
frame,lgw,Year 1, spring 1, Monday,23552,16.8
frame,lgw,Year 1, spring 1, Monday,23553,17.0
frame,lgw,Year 1, spring 1, Monday,23554,16.2
frame,lgw,Year 1, spring 1, Monday,23555,16.7
frame,lgw,Year 1, spring 1, Monday,23556,16.6
frame,lgw,Year 1, spring 1, Monday,23557,16.7
frame,lgw,Year 1, spring 1, Monday,23558,16.6
frame,lgw,Year 1, spring 1, Monday,23559,16.9
frame,lgw,Year 1, spring 1, Monday,23560,17.5
frame,lgw,Year 1, spring 1, Monday,23561,15.5
frame,lgw,Year 1, spring 1, Monday,23562,16.6
frame,lgw,Year 1, spring 1, Monday,23563,17.4
frame,lgw,Year 1, spring 1, Monday,23564,16.1
frame,lgw,Year 1, spring 1, Monday,23565,16.5
frame,lgw,Year 1, spring 1, Monday,23566,16.7
frame,lgw,Year 1, spring 1, Monday,23567,16.7
frame,lgw,Year 1, spring 1, Monday,23568,16.7
frame,lgw,Year 1, spring 1, Monday,23569,16.7
frame,lgw,Year 1, spring 1, Monday,23570,16.6
frame,lgw,Year 1, spring 1, Monday,23571,16.6
frame,lgw,Year 1, spring 1, Monday,23572,16.7
frame,lgw,Year 1, spring 1, Monday,23573,16.7
frame,lgw,Year 1, spring 1, Monday,23574,16.7
frame,lgw,Year 1, spring 1, Monday,23575,16.7
frame,lgw,Year 1, spring 1, Monday,23576,16.7
frame,lgw,Year 1, spring 1, Monday,23577,16.7
frame,lgw,Year 1, spring 1, Monday,23578,16.6
frame,lgw,Year 1, spring 1, Monday,23579,17.2
frame,lgw,Year 1, spring 1, Monday,23580,16.1
frame,lgw,Year 1, spring 1, Monday,23581,16.6
frame,lgw,Year 1, spring 1, Monday,23582,16.7
frame,lgw,Year 1, spring 1, Monday,23583,16.7
frame,lgw,Year 1, spring 1, Monday,23584,16.7
frame,lgw,Year 1, spring 1, Monday,23585,16.7
frame,lgw,Year 1, spring 1, Monday,23586,16.7
frame,lgw,Year 1, spring 1, Monday,23587,16.7
frame,lgw,Year 1, spring 1, Monday,23588,16.7
frame,lgw,Year 1, spring 1, Monday,23589,16.8
frame,lgw,Year 1, spring 1, Monday,23590,16.6
frame,lgw,Year 1, spring 1, Monday,23591,16.6
frame,lgw,Year 1, spring 1, Monday,23592,16.7
frame,lgw,Year 1, spring 1, Monday,23593,16.6
frame,lgw,Year 1, spring 1, Monday,23594,16.8
frame,lgw,Year 1, spring 1, Monday,23595,16.5
frame,lgw,Year 1, spring 1, Monday,23596,16.7
frame,lgw,Year 1, spring 1, Monday,23597,16.7
frame,lgw,Year 1, spring 1, Monday,23598,16.6
frame,lgw,Year 1, spring 1, Monday,23599,16.9
frame,lgw,Year 1, spring 1, Monday,23600,16.5
frame,lgw,Year 1, spring 1, Monday,23601,16.6
frame,lgw,Year 1, spring 1, Monday,23602,16.7
frame,lgw,Year 1, spring 1, Monday,23603,17.1
frame,lgw,Year 1, spring 1, Monday,23604,16.2
frame,lgw,Year 1, spring 1, Monday,23605,16.7
frame,lgw,Year 1, spring 1, Monday,23606,16.7
frame,lgw,Year 1, spring 1, Monday,23607,16.6
frame,lgw,Year 1, spring 1, Monday,23608,16.7
frame,lgw,Year 1, spring 1, Monday,23609,16.7
frame,lgw,Year 1, spring 1, Monday,23610,16.7
frame,lgw,Year 1, spring 1, Monday,23611,16.6
frame,lgw,Year 1, spring 1, Monday,23612,16.7
frame,lgw,Year 1, spring 1, Monday,23613,16.8
frame,lgw,Year 1, spring 1, Monday,23614,16.6
frame,lgw,Year 1, spring 1, Monday,23615,16.6
frame,lgw,Year 1, spring 1, Monday,23616,16.7
frame,lgw,Year 1, spring 1, Monday,23617,16.6
frame,lgw,Year 1, spring 1, Monday,23618,16.7
frame,lgw,Year 1, spring 1, Monday,23619,16.9
frame,lgw,Year 1, spring 1, Monday,23620,16.4
frame,lgw,Year 1, spring 1, Monday,23621,16.6
frame,lgw,Year 1, spring 1, Monday,23622,16.7
frame,lgw,Year 1, spring 1, Monday,23623,16.7
frame,lgw,Year 1, spring 1, Monday,23624,16.8
frame,lgw,Year 1, spring 1, Monday,23625,16.6
frame,lgw,Year 1, spring 1, Monday,23626,16.6
frame,lgw,Year 1, spring 1, Monday,23627,16.8
frame,lgw,Year 1, spring 1, Monday,23628,16.7
frame,lgw,Year 1, spring 1, Monday,23629,16.5
frame,lgw,Year 1, spring 1, Monday,23630,16.7
frame,lgw,Year 1, spring 1, Monday,23631,16.7
frame,lgw,Year 1, spring 1, Monday,23632,16.6
frame,lgw,Year 1, spring 1, Monday,23633,16.7
frame,lgw,Year 1, spring 1, Monday,23634,16.6
frame,lgw,Year 1, spring 1, Monday,23635,16.7
frame,lgw,Year 1, spring 1, Monday,23636,16.7
frame,lgw,Year 1, spring 1, Monday,23637,16.7
frame,lgw,Year 1, spring 1, Monday,23638,16.8
frame,lgw,Year 1, spring 1, Monday,23639,16.8
frame,lgw,Year 1, spring 1, Monday,23640,16.4
frame,lgw,Year 1, spring 1, Monday,23641,16.6
frame,lgw,Year 1, spring 1, Monday,23642,16.6
frame,lgw,Year 1, spring 1, Monday,23643,16.7
frame,lgw,Year 1, spring 1, Monday,23644,16.6
frame,lgw,Year 1, spring 1, Monday,23645,16.8
frame,lgw,Year 1, spring 1, Monday,23646,16.6
frame,lgw,Year 1, spring 1, Monday,23647,16.7
frame,lgw,Year 1, spring 1, Monday,23648,16.8
frame,lgw,Year 1, spring 1, Monday,23649,17.1
frame,lgw,Year 1, spring 1, Monday,23650,16.1
frame,lgw,Year 1, spring 1, Monday,23651,16.7
frame,lgw,Year 1, spring 1, Monday,23652,16.7
frame,lgw,Year 1, spring 1, Monday,23653,16.7
frame,lgw,Year 1, spring 1, Monday,23654,16.7
frame,lgw,Year 1, spring 1, Monday,23655,16.6
frame,lgw,Year 1, spring 1, Monday,23656,16.7
frame,lgw,Year 1, spring 1, Monday,23657,16.7
frame,lgw,Year 1, spring 1, Monday,23658,16.6
frame,lgw,Year 1, spring 1, Monday,23659,16.9
frame,lgw,Year 1, spring 1, Monday,23660,16.4
frame,lgw,Year 1, spring 1, Monday,23661,16.7
frame,lgw,Year 1, spring 1, Monday,23662,16.8
frame,lgw,Year 1, spring 1, Monday,23663,16.5
frame,lgw,Year 1, spring 1, Monday,23664,16.8
frame,lgw,Year 1, spring 1, Monday,23665,16.5
frame,lgw,Year 1, spring 1, Monday,23666,16.7
frame,lgw,Year 1, spring 1, Monday,23667,16.8
frame,lgw,Year 1, spring 1, Monday,23668,16.6
frame,lgw,Year 1, spring 1, Monday,23669,16.7
frame,lgw,Year 1, spring 1, Monday,23670,16.6
frame,lgw,Year 1, spring 1, Monday,23671,16.7
frame,lgw,Year 1, spring 1, Monday,23672,16.6
frame,lgw,Year 1, spring 1, Monday,23673,16.7
frame,lgw,Year 1, spring 1, Monday,23674,16.7
frame,lgw,Year 1, spring 1, Monday,23675,16.7
frame,lgw,Year 1, spring 1, Monday,23676,16.7
frame,lgw,Year 1, spring 1, Monday,23677,16.6
frame,lgw,Year 1, spring 1, Monday,23678,16.7
frame,lgw,Year 1, spring 1, Monday,23679,16.9
frame,lgw,Year 1, spring 1, Monday,23680,16.4
frame,lgw,Year 1, spring 1, Monday,23681,16.7
frame,lgw,Year 1, spring 1, Monday,23682,16.6
frame,lgw,Year 1, spring 1, Monday,23683,16.7
frame,lgw,Year 1, spring 1, Monday,23684,16.6
frame,lgw,Year 1, spring 1, Monday,23685,16.7
frame,lgw,Year 1, spring 1, Monday,23686,16.7
frame,lgw,Year 1, spring 1, Monday,23687,16.6
frame,lgw,Year 1, spring 1, Monday,23688,16.8
frame,lgw,Year 1, spring 1, Monday,23689,16.8
frame,lgw,Year 1, spring 1, Monday,23690,16.6
frame,lgw,Year 1, spring 1, Monday,23691,16.5
frame,lgw,Year 1, spring 1, Monday,23692,16.6
frame,lgw,Year 1, spring 1, Monday,23693,16.7
frame,lgw,Year 1, spring 1, Monday,23694,16.6
frame,lgw,Year 1, spring 1, Monday,23695,16.8
frame,lgw,Year 1, spring 1, Monday,23696,16.7
frame,lgw,Year 1, spring 1, Monday,23697,16.7
frame,lgw,Year 1, spring 1, Monday,23698,16.7
frame,lgw,Year 1, spring 1, Monday,23699,16.9
frame,lgw,Year 1, spring 1, Monday,23700,16.4
frame,lgw,Year 1, spring 1, Monday,23701,16.7
frame,lgw,Year 1, spring 1, Monday,23702,16.8
frame,lgw,Year 1, spring 1, Monday,23703,16.6
frame,lgw,Year 1, spring 1, Monday,23704,18.3
frame,lgw,Year 1, spring 1, Monday,23705,15.0
frame,lgw,Year 1, spring 1, Monday,23706,16.6
frame,lgw,Year 1, spring 1, Monday,23707,16.7
frame,lgw,Year 1, spring 1, Monday,23708,16.6
frame,lgw,Year 1, spring 1, Monday,23709,16.7
frame,lgw,Year 1, spring 1, Monday,23710,16.9
frame,lgw,Year 1, spring 1, Monday,23711,16.5
frame,lgw,Year 1, spring 1, Monday,23712,16.6
frame,lgw,Year 1, spring 1, Monday,23713,16.7
frame,lgw,Year 1, spring 1, Monday,23714,16.7
frame,lgw,Year 1, spring 1, Monday,23715,16.7
frame,lgw,Year 1, spring 1, Monday,23716,16.7
frame,lgw,Year 1, spring 1, Monday,23717,16.6
frame,lgw,Year 1, spring 1, Monday,23718,16.6
frame,lgw,Year 1, spring 1, Monday,23719,16.9
frame,lgw,Year 1, spring 1, Monday,23720,16.5
frame,lgw,Year 1, spring 1, Monday,23721,16.7
frame,lgw,Year 1, spring 1, Monday,23722,16.6
frame,lgw,Year 1, spring 1, Monday,23723,17.6
frame,lgw,Year 1, spring 1, Monday,23724,15.8
frame,lgw,Year 1, spring 1, Monday,23725,16.6
frame,lgw,Year 1, spring 1, Monday,23726,16.7
frame,lgw,Year 1, spring 1, Monday,23727,16.6
frame,lgw,Year 1, spring 1, Monday,23728,16.7
frame,lgw,Year 1, spring 1, Monday,23729,16.8
frame,lgw,Year 1, spring 1, Monday,23730,16.6
frame,lgw,Year 1, spring 1, Monday,23731,16.7
frame,lgw,Year 1, spring 1, Monday,23732,16.7
frame,lgw,Year 1, spring 1, Monday,23733,16.5
frame,lgw,Year 1, spring 1, Monday,23734,16.6
frame,lgw,Year 1, spring 1, Monday,23735,16.7
frame,lgw,Year 1, spring 1, Monday,23736,16.8
frame,lgw,Year 1, spring 1, Monday,23737,16.6
frame,lgw,Year 1, spring 1, Monday,23738,16.6
frame,lgw,Year 1, spring 1, Monday,23739,16.9
frame,lgw,Year 1, spring 1, Monday,23740,16.5
frame,lgw,Year 1, spring 1, Monday,23741,16.6
frame,lgw,Year 1, spring 1, Monday,23742,16.7
frame,lgw,Year 1, spring 1, Monday,23743,16.7
frame,lgw,Year 1, spring 1, Monday,23744,16.7
frame,lgw,Year 1, spring 1, Monday,23745,16.6
frame,lgw,Year 1, spring 1, Monday,23746,16.7
frame,lgw,Year 1, spring 1, Monday,23747,16.8
frame,lgw,Year 1, spring 1, Monday,23748,16.7
frame,lgw,Year 1, spring 1, Monday,23749,16.6
frame,lgw,Year 1, spring 1, Monday,23750,16.7
frame,lgw,Year 1, spring 1, Monday,23751,16.6
frame,lgw,Year 1, spring 1, Monday,23752,16.7
frame,lgw,Year 1, spring 1, Monday,23753,16.7
frame,lgw,Year 1, spring 1, Monday,23754,16.6
frame,lgw,Year 1, spring 1, Monday,23755,16.7
frame,lgw,Year 1, spring 1, Monday,23756,16.7
frame,lgw,Year 1, spring 1, Monday,23757,16.7
frame,lgw,Year 1, spring 1, Monday,23758,16.8
frame,lgw,Year 1, spring 1, Monday,23759,17.0
frame,lgw,Year 1, spring 1, Monday,23760,16.1
frame,lgw,Year 1, spring 1, Monday,23761,16.7
frame,lgw,Year 1, spring 1, Monday,23762,16.6
frame,lgw,Year 1, spring 1, Monday,23763,16.7
frame,lgw,Year 1, spring 1, Monday,23764,16.7
frame,lgw,Year 1, spring 1, Monday,23765,16.7
frame,lgw,Year 1, spring 1, Monday,23766,16.6
frame,lgw,Year 1, spring 1, Monday,23767,17.0
frame,lgw,Year 1, spring 1, Monday,23768,16.4
frame,lgw,Year 1, spring 1, Monday,23769,16.7
frame,lgw,Year 1, spring 1, Monday,23770,17.2
frame,lgw,Year 1, spring 1, Monday,23771,16.1
frame,lgw,Year 1, spring 1, Monday,23772,16.6
frame,lgw,Year 1, spring 1, Monday,23773,16.7
frame,lgw,Year 1, spring 1, Monday,23774,16.7
frame,lgw,Year 1, spring 1, Monday,23775,16.6
frame,lgw,Year 1, spring 1, Monday,23776,16.7
frame,lgw,Year 1, spring 1, Monday,23777,17.2
frame,lgw,Year 1, spring 1, Monday,23778,16.2
frame,lgw,Year 1, spring 1, Monday,23779,16.6
frame,lgw,Year 1, spring 1, Monday,23780,17.1
frame,lgw,Year 1, spring 1, Monday,23781,16.3
frame,lgw,Year 1, spring 1, Monday,23782,16.6
frame,lgw,Year 1, spring 1, Monday,23783,16.7
frame,lgw,Year 1, spring 1, Monday,23784,17.3
frame,lgw,Year 1, spring 1, Monday,23785,16.1
frame,lgw,Year 1, spring 1, Monday,23786,16.6
frame,lgw,Year 1, spring 1, Monday,23787,16.7
frame,lgw,Year 1, spring 1, Monday,23788,16.7
frame,lgw,Year 1, spring 1, Monday,23789,16.8
frame,lgw,Year 1, spring 1, Monday,23790,16.7
frame,lgw,Year 1, spring 1, Monday,23791,16.5
frame,lgw,Year 1, spring 1, Monday,23792,16.7
frame,lgw,Year 1, spring 1, Monday,23793,16.6
frame,lgw,Year 1, spring 1, Monday,23794,16.8
frame,lgw,Year 1, spring 1, Monday,23795,16.6
frame,lgw,Year 1, spring 1, Monday,23796,16.6
frame,lgw,Year 1, spring 1, Monday,23797,16.7
frame,lgw,Year 1, spring 1, Monday,23798,16.7
frame,lgw,Year 1, spring 1, Monday,23799,16.7
frame,lgw,Year 1, spring 1, Monday,23800,16.7
frame,lgw,Year 1, spring 1, Monday,23801,16.6
frame,lgw,Year 1, spring 1, Monday,23802,16.7
frame,lgw,Year 1, spring 1, Monday,23803,17.1
frame,lgw,Year 1, spring 1, Monday,23804,16.4
frame,lgw,Year 1, spring 1, Monday,23805,16.4
frame,lgw,Year 1, spring 1, Monday,23806,16.6
frame,lgw,Year 1, spring 1, Monday,23807,16.6
frame,lgw,Year 1, spring 1, Monday,23808,16.7
frame,lgw,Year 1, spring 1, Monday,23809,16.7
frame,lgw,Year 1, spring 1, Monday,23810,16.9
frame,lgw,Year 1, spring 1, Monday,23811,16.4
frame,lgw,Year 1, spring 1, Monday,23812,16.6
frame,lgw,Year 1, spring 1, Monday,23813,16.7
frame,lgw,Year 1, spring 1, Monday,23814,16.7
frame,lgw,Year 1, spring 1, Monday,23815,16.6
frame,lgw,Year 1, spring 1, Monday,23816,17.1
frame,lgw,Year 1, spring 1, Monday,23817,16.2
frame,lgw,Year 1, spring 1, Monday,23818,17.0
frame,lgw,Year 1, spring 1, Monday,23819,16.5
frame,lgw,Year 1, spring 1, Monday,23820,16.6
frame,lgw,Year 1, spring 1, Monday,23821,16.7
frame,lgw,Year 1, spring 1, Monday,23822,16.7
frame,lgw,Year 1, spring 1, Monday,23823,16.7
frame,lgw,Year 1, spring 1, Monday,23824,16.7
frame,lgw,Year 1, spring 1, Monday,23825,16.6
frame,lgw,Year 1, spring 1, Monday,23826,16.7
frame,lgw,Year 1, spring 1, Monday,23827,16.7
frame,lgw,Year 1, spring 1, Monday,23828,16.7
frame,lgw,Year 1, spring 1, Monday,23829,16.6
frame,lgw,Year 1, spring 1, Monday,23830,16.6
frame,lgw,Year 1, spring 1, Monday,23831,17.0
frame,lgw,Year 1, spring 1, Monday,23832,16.4
frame,lgw,Year 1, spring 1, Monday,23833,16.6
frame,lgw,Year 1, spring 1, Monday,23834,16.7
frame,lgw,Year 1, spring 1, Monday,23835,16.7
frame,lgw,Year 1, spring 1, Monday,23836,16.6
frame,lgw,Year 1, spring 1, Monday,23837,16.8
frame,lgw,Year 1, spring 1, Monday,23838,16.6
frame,lgw,Year 1, spring 1, Monday,23839,16.6
frame,lgw,Year 1, spring 1, Monday,23840,16.7
frame,lgw,Year 1, spring 1, Monday,23841,16.7
frame,lgw,Year 1, spring 1, Monday,23842,16.7
frame,lgw,Year 1, spring 1, Monday,23843,16.6
frame,lgw,Year 1, spring 1, Monday,23844,16.7
frame,lgw,Year 1, spring 1, Monday,23845,16.8
frame,lgw,Year 1, spring 1, Monday,23846,16.7
frame,lgw,Year 1, spring 1, Monday,23847,16.5
frame,lgw,Year 1, spring 1, Monday,23848,17.1
frame,lgw,Year 1, spring 1, Monday,23849,16.3
frame,lgw,Year 1, spring 1, Monday,23850,16.6
frame,lgw,Year 1, spring 1, Monday,23851,16.9
frame,lgw,Year 1, spring 1, Monday,23852,16.4
frame,lgw,Year 1, spring 1, Monday,23853,16.7
frame,lgw,Year 1, spring 1, Monday,23854,16.6
frame,lgw,Year 1, spring 1, Monday,23855,16.7
frame,lgw,Year 1, spring 1, Monday,23856,16.7
frame,lgw,Year 1, spring 1, Monday,23857,16.7
frame,lgw,Year 1, spring 1, Monday,23858,16.6
frame,lgw,Year 1, spring 1, Monday,23859,16.6
frame,lgw,Year 1, spring 1, Monday,23860,16.8
frame,lgw,Year 1, spring 1, Monday,23861,16.6
frame,lgw,Year 1, spring 1, Monday,23862,16.6
frame,lgw,Year 1, spring 1, Monday,23863,16.7
frame,lgw,Year 1, spring 1, Monday,23864,16.7
frame,lgw,Year 1, spring 1, Monday,23865,16.7
frame,lgw,Year 1, spring 1, Monday,23866,16.7
frame,lgw,Year 1, spring 1, Monday,23867,16.9
frame,lgw,Year 1, spring 1, Monday,23868,16.6
frame,lgw,Year 1, spring 1, Monday,23869,16.5
frame,lgw,Year 1, spring 1, Monday,23870,16.6
frame,lgw,Year 1, spring 1, Monday,23871,16.8
frame,lgw,Year 1, spring 1, Monday,23872,16.4
frame,lgw,Year 1, spring 1, Monday,23873,16.9
frame,lgw,Year 1, spring 1, Monday,23874,16.5
frame,lgw,Year 1, spring 1, Monday,23875,16.6
frame,lgw,Year 1, spring 1, Monday,23876,16.7
frame,lgw,Year 1, spring 1, Monday,23877,16.7
frame,lgw,Year 1, spring 1, Monday,23878,16.7
frame,lgw,Year 1, spring 1, Monday,23879,16.6
frame,lgw,Year 1, spring 1, Monday,23880,17.1
frame,lgw,Year 1, spring 1, Monday,23881,16.3
frame,lgw,Year 1, spring 1, Monday,23882,16.6
frame,lgw,Year 1, spring 1, Monday,23883,16.7
frame,lgw,Year 1, spring 1, Monday,23884,16.6
frame,lgw,Year 1, spring 1, Monday,23885,16.6
frame,lgw,Year 1, spring 1, Monday,23886,16.7
frame,lgw,Year 1, spring 1, Monday,23887,16.7
frame,lgw,Year 1, spring 1, Monday,23888,16.7
frame,lgw,Year 1, spring 1, Monday,23889,16.7
frame,lgw,Year 1, spring 1, Monday,23890,16.9
frame,lgw,Year 1, spring 1, Monday,23891,16.8
frame,lgw,Year 1, spring 1, Monday,23892,16.4
frame,lgw,Year 1, spring 1, Monday,23893,16.7
frame,lgw,Year 1, spring 1, Monday,23894,16.8
frame,lgw,Year 1, spring 1, Monday,23895,16.6
frame,lgw,Year 1, spring 1, Monday,23896,16.6
frame,lgw,Year 1, spring 1, Monday,23897,17.3
frame,lgw,Year 1, spring 1, Monday,23898,16.1
frame,lgw,Year 1, spring 1, Monday,23899,16.7
frame,lgw,Year 1, spring 1, Monday,23900,16.7
frame,lgw,Year 1, spring 1, Monday,23901,16.6
frame,lgw,Year 1, spring 1, Monday,23902,16.6
frame,lgw,Year 1, spring 1, Monday,23903,16.8
frame,lgw,Year 1, spring 1, Monday,23904,16.6
frame,lgw,Year 1, spring 1, Monday,23905,16.7
frame,lgw,Year 1, spring 1, Monday,23906,16.6
frame,lgw,Year 1, spring 1, Monday,23907,16.8
frame,lgw,Year 1, spring 1, Monday,23908,16.6
frame,lgw,Year 1, spring 1, Monday,23909,16.7
frame,lgw,Year 1, spring 1, Monday,23910,16.6
frame,lgw,Year 1, spring 1, Monday,23911,16.7
frame,lgw,Year 1, spring 1, Monday,23912,16.6
frame,lgw,Year 1, spring 1, Monday,23913,16.7
frame,lgw,Year 1, spring 1, Monday,23914,16.6
frame,lgw,Year 1, spring 1, Monday,23915,16.7
frame,lgw,Year 1, spring 1, Monday,23916,16.6
frame,lgw,Year 1, spring 1, Monday,23917,16.7
frame,lgw,Year 1, spring 1, Monday,23918,17.0
frame,lgw,Year 1, spring 1, Monday,23919,16.4
frame,lgw,Year 1, spring 1, Monday,23920,16.7
frame,lgw,Year 1, spring 1, Monday,23921,16.7
frame,lgw,Year 1, spring 1, Monday,23922,16.6
frame,lgw,Year 1, spring 1, Monday,23923,16.7
frame,lgw,Year 1, spring 1, Monday,23924,16.6
frame,lgw,Year 1, spring 1, Monday,23925,16.7
frame,lgw,Year 1, spring 1, Monday,23926,16.7
frame,lgw,Year 1, spring 1, Monday,23927,16.7
frame,lgw,Year 1, spring 1, Monday,23928,16.6
frame,lgw,Year 1, spring 1, Monday,23929,16.7
frame,lgw,Year 1, spring 1, Monday,23930,16.7
frame,lgw,Year 1, spring 1, Monday,23931,16.7
frame,lgw,Year 1, spring 1, Monday,23932,16.6
frame,lgw,Year 1, spring 1, Monday,23933,16.6
frame,lgw,Year 1, spring 1, Monday,23934,16.8
frame,lgw,Year 1, spring 1, Monday,23935,17.0
frame,lgw,Year 1, spring 1, Monday,23936,16.4
frame,lgw,Year 1, spring 1, Monday,23937,16.5
frame,lgw,Year 1, spring 1, Monday,23938,16.9
frame,lgw,Year 1, spring 1, Monday,23939,16.4
frame,lgw,Year 1, spring 1, Monday,23940,16.7
frame,lgw,Year 1, spring 1, Monday,23941,16.7
frame,lgw,Year 1, spring 1, Monday,23942,16.7
frame,lgw,Year 1, spring 1, Monday,23943,16.7
frame,lgw,Year 1, spring 1, Monday,23944,17.0
frame,lgw,Year 1, spring 1, Monday,23945,16.3
frame,lgw,Year 1, spring 1, Monday,23946,16.6
frame,lgw,Year 1, spring 1, Monday,23947,16.6
frame,lgw,Year 1, spring 1, Monday,23948,17.0
frame,lgw,Year 1, spring 1, Monday,23949,16.5
frame,lgw,Year 1, spring 1, Monday,23950,16.7
frame,lgw,Year 1, spring 1, Monday,23951,16.6
frame,lgw,Year 1, spring 1, Monday,23952,16.7
frame,lgw,Year 1, spring 1, Monday,23953,16.9
frame,lgw,Year 1, spring 1, Monday,23954,16.4
frame,lgw,Year 1, spring 1, Monday,23955,16.7
frame,lgw,Year 1, spring 1, Monday,23956,16.7
frame,lgw,Year 1, spring 1, Monday,23957,16.7
frame,lgw,Year 1, spring 1, Monday,23958,16.6
frame,lgw,Year 1, spring 1, Monday,23959,16.7
frame,lgw,Year 1, spring 1, Monday,23960,16.7
frame,lgw,Year 1, spring 1, Monday,23961,16.7
frame,lgw,Year 1, spring 1, Monday,23962,16.7
frame,lgw,Year 1, spring 1, Monday,23963,16.8
frame,lgw,Year 1, spring 1, Monday,23964,16.5
frame,lgw,Year 1, spring 1, Monday,23965,16.7
frame,lgw,Year 1, spring 1, Monday,23966,16.7
frame,lgw,Year 1, spring 1, Monday,23967,16.9
frame,lgw,Year 1, spring 1, Monday,23968,16.7
frame,lgw,Year 1, spring 1, Monday,23969,16.5
frame,lgw,Year 1, spring 1, Monday,23970,16.8
frame,lgw,Year 1, spring 1, Monday,23971,16.5
frame,lgw,Year 1, spring 1, Monday,23972,16.6
frame,lgw,Year 1, spring 1, Monday,23973,16.9
frame,lgw,Year 1, spring 1, Monday,23974,16.3
frame,lgw,Year 1, spring 1, Monday,23975,16.7
frame,lgw,Year 1, spring 1, Monday,23976,16.7
frame,lgw,Year 1, spring 1, Monday,23977,16.7
frame,lgw,Year 1, spring 1, Monday,23978,17.1
frame,lgw,Year 1, spring 1, Monday,23979,16.2
frame,lgw,Year 1, spring 1, Monday,23980,16.7
frame,lgw,Year 1, spring 1, Monday,23981,16.8
frame,lgw,Year 1, spring 1, Monday,23982,16.4
frame,lgw,Year 1, spring 1, Monday,23983,16.7
frame,lgw,Year 1, spring 1, Monday,23984,16.6
frame,lgw,Year 1, spring 1, Monday,23985,16.6
frame,lgw,Year 1, spring 1, Monday,23986,16.7
frame,lgw,Year 1, spring 1, Monday,23987,17.2
frame,lgw,Year 1, spring 1, Monday,23988,16.2
frame,lgw,Year 1, spring 1, Monday,23989,16.7
frame,lgw,Year 1, spring 1, Monday,23990,16.7
frame,lgw,Year 1, spring 1, Monday,23991,16.6
frame,lgw,Year 1, spring 1, Monday,23992,16.7
frame,lgw,Year 1, spring 1, Monday,23993,16.7
frame,lgw,Year 1, spring 1, Monday,23994,16.7
frame,lgw,Year 1, spring 1, Monday,23995,16.5
frame,lgw,Year 1, spring 1, Monday,23996,16.8
frame,lgw,Year 1, spring 1, Monday,23997,16.7
frame,lgw,Year 1, spring 1, Monday,23998,16.7
frame,lgw,Year 1, spring 1, Monday,23999,16.6
lag,lgw,Year 1, spring 1, Monday,29561,148.5
frame,lgw,Year 1, spring 1, Monday,29120,16.7
frame,lgw,Year 1, spring 1, Monday,29121,16.7
frame,lgw,Year 1, spring 1, Monday,29122,17.9
frame,lgw,Year 1, spring 1, Monday,29123,15.4
frame,lgw,Year 1, spring 1, Monday,29124,16.6
frame,lgw,Year 1, spring 1, Monday,29125,16.7
frame,lgw,Year 1, spring 1, Monday,29126,16.7
frame,lgw,Year 1, spring 1, Monday,29127,16.6
frame,lgw,Year 1, spring 1, Monday,29128,16.7
frame,lgw,Year 1, spring 1, Monday,29129,16.7
frame,lgw,Year 1, spring 1, Monday,29130,16.7
frame,lgw,Year 1, spring 1, Monday,29131,16.6
frame,lgw,Year 1, spring 1, Monday,29132,16.7
frame,lgw,Year 1, spring 1, Monday,29133,17.7
frame,lgw,Year 1, spring 1, Monday,29134,15.5
frame,lgw,Year 1, spring 1, Monday,29135,16.9
frame,lgw,Year 1, spring 1, Monday,29136,20.0
frame,lgw,Year 1, spring 1, Monday,29137,13.3
frame,lgw,Year 1, spring 1, Monday,29138,16.5
frame,lgw,Year 1, spring 1, Monday,29139,16.7
frame,lgw,Year 1, spring 1, Monday,29140,16.7
frame,lgw,Year 1, spring 1, Monday,29141,16.7
frame,lgw,Year 1, spring 1, Monday,29142,16.7
frame,lgw,Year 1, spring 1, Monday,29143,16.6
frame,lgw,Year 1, spring 1, Monday,29144,16.6
frame,lgw,Year 1, spring 1, Monday,29145,16.7
frame,lgw,Year 1, spring 1, Monday,29146,16.6
frame,lgw,Year 1, spring 1, Monday,29147,16.7
frame,lgw,Year 1, spring 1, Monday,29148,16.8
frame,lgw,Year 1, spring 1, Monday,29149,16.5
frame,lgw,Year 1, spring 1, Monday,29150,16.8
frame,lgw,Year 1, spring 1, Monday,29151,16.6
frame,lgw,Year 1, spring 1, Monday,29152,16.6
frame,lgw,Year 1, spring 1, Monday,29153,16.9
frame,lgw,Year 1, spring 1, Monday,29154,16.4
frame,lgw,Year 1, spring 1, Monday,29155,16.7
frame,lgw,Year 1, spring 1, Monday,29156,16.6
frame,lgw,Year 1, spring 1, Monday,29157,16.7
frame,lgw,Year 1, spring 1, Monday,29158,16.7
frame,lgw,Year 1, spring 1, Monday,29159,16.6
frame,lgw,Year 1, spring 1, Monday,29160,16.7
frame,lgw,Year 1, spring 1, Monday,29161,16.7
frame,lgw,Year 1, spring 1, Monday,29162,16.7
frame,lgw,Year 1, spring 1, Monday,29163,16.6
frame,lgw,Year 1, spring 1, Monday,29164,16.6
frame,lgw,Year 1, spring 1, Monday,29165,16.7
frame,lgw,Year 1, spring 1, Monday,29166,16.6
frame,lgw,Year 1, spring 1, Monday,29167,16.7
frame,lgw,Year 1, spring 1, Monday,29168,16.7
frame,lgw,Year 1, spring 1, Monday,29169,16.7
frame,lgw,Year 1, spring 1, Monday,29170,16.7
frame,lgw,Year 1, spring 1, Monday,29171,16.7
frame,lgw,Year 1, spring 1, Monday,29172,16.6
frame,lgw,Year 1, spring 1, Monday,29173,16.9
frame,lgw,Year 1, spring 1, Monday,29174,16.5
frame,lgw,Year 1, spring 1, Monday,29175,16.7
frame,lgw,Year 1, spring 1, Monday,29176,16.7
frame,lgw,Year 1, spring 1, Monday,29177,16.7
frame,lgw,Year 1, spring 1, Monday,29178,17.8
frame,lgw,Year 1, spring 1, Monday,29179,15.6
frame,lgw,Year 1, spring 1, Monday,29180,16.6
frame,lgw,Year 1, spring 1, Monday,29181,16.7
frame,lgw,Year 1, spring 1, Monday,29182,16.7
frame,lgw,Year 1, spring 1, Monday,29183,16.7
frame,lgw,Year 1, spring 1, Monday,29184,16.6
frame,lgw,Year 1, spring 1, Monday,29185,17.5
frame,lgw,Year 1, spring 1, Monday,29186,15.9
frame,lgw,Year 1, spring 1, Monday,29187,16.6
frame,lgw,Year 1, spring 1, Monday,29188,17.9
frame,lgw,Year 1, spring 1, Monday,29189,15.7
frame,lgw,Year 1, spring 1, Monday,29190,16.4
frame,lgw,Year 1, spring 1, Monday,29191,16.7
frame,lgw,Year 1, spring 1, Monday,29192,16.7
frame,lgw,Year 1, spring 1, Monday,29193,16.9
frame,lgw,Year 1, spring 1, Monday,29194,16.4
frame,lgw,Year 1, spring 1, Monday,29195,18.7
frame,lgw,Year 1, spring 1, Monday,29196,14.7
frame,lgw,Year 1, spring 1, Monday,29197,16.7
frame,lgw,Year 1, spring 1, Monday,29198,16.7
frame,lgw,Year 1, spring 1, Monday,29199,16.6
frame,lgw,Year 1, spring 1, Monday,29200,16.7
frame,lgw,Year 1, spring 1, Monday,29201,16.7
frame,lgw,Year 1, spring 1, Monday,29202,17.4
frame,lgw,Year 1, spring 1, Monday,29203,15.9
frame,lgw,Year 1, spring 1, Monday,29204,16.7
frame,lgw,Year 1, spring 1, Monday,29205,16.7
frame,lgw,Year 1, spring 1, Monday,29206,16.6
frame,lgw,Year 1, spring 1, Monday,29207,16.7
frame,lgw,Year 1, spring 1, Monday,29208,16.7
frame,lgw,Year 1, spring 1, Monday,29209,16.6
frame,lgw,Year 1, spring 1, Monday,29210,16.7
frame,lgw,Year 1, spring 1, Monday,29211,16.7
frame,lgw,Year 1, spring 1, Monday,29212,16.6
frame,lgw,Year 1, spring 1, Monday,29213,17.0
frame,lgw,Year 1, spring 1, Monday,29214,16.3
frame,lgw,Year 1, spring 1, Monday,29215,16.7
frame,lgw,Year 1, spring 1, Monday,29216,16.9
frame,lgw,Year 1, spring 1, Monday,29217,16.4
frame,lgw,Year 1, spring 1, Monday,29218,16.7
frame,lgw,Year 1, spring 1, Monday,29219,16.7
frame,lgw,Year 1, spring 1, Monday,29220,16.6
frame,lgw,Year 1, spring 1, Monday,29221,16.7
frame,lgw,Year 1, spring 1, Monday,29222,16.6
frame,lgw,Year 1, spring 1, Monday,29223,16.7
frame,lgw,Year 1, spring 1, Monday,29224,16.7
frame,lgw,Year 1, spring 1, Monday,29225,16.7
frame,lgw,Year 1, spring 1, Monday,29226,16.7
frame,lgw,Year 1, spring 1, Monday,29227,17.4
frame,lgw,Year 1, spring 1, Monday,29228,16.1
frame,lgw,Year 1, spring 1, Monday,29229,16.7
frame,lgw,Year 1, spring 1, Monday,29230,16.4
frame,lgw,Year 1, spring 1, Monday,29231,16.6
frame,lgw,Year 1, spring 1, Monday,29232,16.7
frame,lgw,Year 1, spring 1, Monday,29233,17.3
frame,lgw,Year 1, spring 1, Monday,29234,16.2
frame,lgw,Year 1, spring 1, Monday,29235,16.5
frame,lgw,Year 1, spring 1, Monday,29236,16.7
frame,lgw,Year 1, spring 1, Monday,29237,16.6
frame,lgw,Year 1, spring 1, Monday,29238,16.7
frame,lgw,Year 1, spring 1, Monday,29239,16.7
frame,lgw,Year 1, spring 1, Monday,29240,16.7
frame,lgw,Year 1, spring 1, Monday,29241,16.8
frame,lgw,Year 1, spring 1, Monday,29242,16.6
frame,lgw,Year 1, spring 1, Monday,29243,16.5
frame,lgw,Year 1, spring 1, Monday,29244,16.7
frame,lgw,Year 1, spring 1, Monday,29245,16.7
frame,lgw,Year 1, spring 1, Monday,29246,16.7
frame,lgw,Year 1, spring 1, Monday,29247,16.7
frame,lgw,Year 1, spring 1, Monday,29248,16.7
frame,lgw,Year 1, spring 1, Monday,29249,16.7
frame,lgw,Year 1, spring 1, Monday,29250,16.7
frame,lgw,Year 1, spring 1, Monday,29251,17.6
frame,lgw,Year 1, spring 1, Monday,29252,15.7
frame,lgw,Year 1, spring 1, Monday,29253,16.9
frame,lgw,Year 1, spring 1, Monday,29254,16.4
frame,lgw,Year 1, spring 1, Monday,29255,16.7
frame,lgw,Year 1, spring 1, Monday,29256,16.9
frame,lgw,Year 1, spring 1, Monday,29257,18.8
frame,lgw,Year 1, spring 1, Monday,29258,14.4
frame,lgw,Year 1, spring 1, Monday,29259,17.3
frame,lgw,Year 1, spring 1, Monday,29260,16.0
frame,lgw,Year 1, spring 1, Monday,29261,16.7
frame,lgw,Year 1, spring 1, Monday,29262,16.6
frame,lgw,Year 1, spring 1, Monday,29263,16.7
frame,lgw,Year 1, spring 1, Monday,29264,17.2
frame,lgw,Year 1, spring 1, Monday,29265,16.1
frame,lgw,Year 1, spring 1, Monday,29266,16.7
frame,lgw,Year 1, spring 1, Monday,29267,16.8
frame,lgw,Year 1, spring 1, Monday,29268,17.9
frame,lgw,Year 1, spring 1, Monday,29269,15.3
frame,lgw,Year 1, spring 1, Monday,29270,16.8
frame,lgw,Year 1, spring 1, Monday,29271,16.5
frame,lgw,Year 1, spring 1, Monday,29272,16.7
frame,lgw,Year 1, spring 1, Monday,29273,16.9
frame,lgw,Year 1, spring 1, Monday,29274,16.4
frame,lgw,Year 1, spring 1, Monday,29275,16.7
frame,lgw,Year 1, spring 1, Monday,29276,16.6
frame,lgw,Year 1, spring 1, Monday,29277,16.6
frame,lgw,Year 1, spring 1, Monday,29278,16.7
frame,lgw,Year 1, spring 1, Monday,29279,16.6
frame,lgw,Year 1, spring 1, Monday,29280,16.8
frame,lgw,Year 1, spring 1, Monday,29281,16.8
frame,lgw,Year 1, spring 1, Monday,29282,16.5
frame,lgw,Year 1, spring 1, Monday,29283,16.6
frame,lgw,Year 1, spring 1, Monday,29284,16.6
frame,lgw,Year 1, spring 1, Monday,29285,16.7
frame,lgw,Year 1, spring 1, Monday,29286,16.8
frame,lgw,Year 1, spring 1, Monday,29287,16.6
frame,lgw,Year 1, spring 1, Monday,29288,16.7
frame,lgw,Year 1, spring 1, Monday,29289,16.6
frame,lgw,Year 1, spring 1, Monday,29290,16.7
frame,lgw,Year 1, spring 1, Monday,29291,16.7
frame,lgw,Year 1, spring 1, Monday,29292,16.6
frame,lgw,Year 1, spring 1, Monday,29293,16.9
frame,lgw,Year 1, spring 1, Monday,29294,17.1
frame,lgw,Year 1, spring 1, Monday,29295,16.0
frame,lgw,Year 1, spring 1, Monday,29296,17.0
frame,lgw,Year 1, spring 1, Monday,29297,16.3
frame,lgw,Year 1, spring 1, Monday,29298,16.7
frame,lgw,Year 1, spring 1, Monday,29299,16.7
frame,lgw,Year 1, spring 1, Monday,29300,16.6
frame,lgw,Year 1, spring 1, Monday,29301,16.7
frame,lgw,Year 1, spring 1, Monday,29302,16.7
frame,lgw,Year 1, spring 1, Monday,29303,16.6
frame,lgw,Year 1, spring 1, Monday,29304,16.7
frame,lgw,Year 1, spring 1, Monday,29305,16.7
frame,lgw,Year 1, spring 1, Monday,29306,16.7
frame,lgw,Year 1, spring 1, Monday,29307,16.8
frame,lgw,Year 1, spring 1, Monday,29308,16.8
frame,lgw,Year 1, spring 1, Monday,29309,16.5
frame,lgw,Year 1, spring 1, Monday,29310,16.6
frame,lgw,Year 1, spring 1, Monday,29311,16.5
frame,lgw,Year 1, spring 1, Monday,29312,16.7
frame,lgw,Year 1, spring 1, Monday,29313,16.9
frame,lgw,Year 1, spring 1, Monday,29314,16.4
frame,lgw,Year 1, spring 1, Monday,29315,16.7
frame,lgw,Year 1, spring 1, Monday,29316,16.7
frame,lgw,Year 1, spring 1, Monday,29317,16.7
frame,lgw,Year 1, spring 1, Monday,29318,16.7
frame,lgw,Year 1, spring 1, Monday,29319,16.6
frame,lgw,Year 1, spring 1, Monday,29320,17.3
frame,lgw,Year 1, spring 1, Monday,29321,16.0
frame,lgw,Year 1, spring 1, Monday,29322,16.7
frame,lgw,Year 1, spring 1, Monday,29323,16.6
frame,lgw,Year 1, spring 1, Monday,29324,16.7
frame,lgw,Year 1, spring 1, Monday,29325,16.7
frame,lgw,Year 1, spring 1, Monday,29326,16.7
frame,lgw,Year 1, spring 1, Monday,29327,16.7
frame,lgw,Year 1, spring 1, Monday,29328,16.7
frame,lgw,Year 1, spring 1, Monday,29329,16.6
frame,lgw,Year 1, spring 1, Monday,29330,16.6
frame,lgw,Year 1, spring 1, Monday,29331,16.7
frame,lgw,Year 1, spring 1, Monday,29332,16.7
frame,lgw,Year 1, spring 1, Monday,29333,17.1
frame,lgw,Year 1, spring 1, Monday,29334,16.3
frame,lgw,Year 1, spring 1, Monday,29335,16.7
frame,lgw,Year 1, spring 1, Monday,29336,16.6
frame,lgw,Year 1, spring 1, Monday,29337,16.6
frame,lgw,Year 1, spring 1, Monday,29338,16.7
frame,lgw,Year 1, spring 1, Monday,29339,16.7
frame,lgw,Year 1, spring 1, Monday,29340,16.7
frame,lgw,Year 1, spring 1, Monday,29341,16.6
frame,lgw,Year 1, spring 1, Monday,29342,16.7
frame,lgw,Year 1, spring 1, Monday,29343,16.6
frame,lgw,Year 1, spring 1, Monday,29344,16.7
frame,lgw,Year 1, spring 1, Monday,29345,16.6
frame,lgw,Year 1, spring 1, Monday,29346,16.7
frame,lgw,Year 1, spring 1, Monday,29347,16.7
frame,lgw,Year 1, spring 1, Monday,29348,16.6
frame,lgw,Year 1, spring 1, Monday,29349,16.7
frame,lgw,Year 1, spring 1, Monday,29350,16.6
frame,lgw,Year 1, spring 1, Monday,29351,16.8
frame,lgw,Year 1, spring 1, Monday,29352,16.5
frame,lgw,Year 1, spring 1, Monday,29353,16.8
frame,lgw,Year 1, spring 1, Monday,29354,16.9
frame,lgw,Year 1, spring 1, Monday,29355,16.3
frame,lgw,Year 1, spring 1, Monday,29356,16.7
frame,lgw,Year 1, spring 1, Monday,29357,16.7
frame,lgw,Year 1, spring 1, Monday,29358,16.6
frame,lgw,Year 1, spring 1, Monday,29359,16.6
frame,lgw,Year 1, spring 1, Monday,29360,16.7
frame,lgw,Year 1, spring 1, Monday,29361,16.7
frame,lgw,Year 1, spring 1, Monday,29362,16.7
frame,lgw,Year 1, spring 1, Monday,29363,16.6
frame,lgw,Year 1, spring 1, Monday,29364,16.7
frame,lgw,Year 1, spring 1, Monday,29365,16.6
frame,lgw,Year 1, spring 1, Monday,29366,16.6
frame,lgw,Year 1, spring 1, Monday,29367,16.7
frame,lgw,Year 1, spring 1, Monday,29368,16.7
frame,lgw,Year 1, spring 1, Monday,29369,16.7
frame,lgw,Year 1, spring 1, Monday,29370,16.6
frame,lgw,Year 1, spring 1, Monday,29371,16.7
frame,lgw,Year 1, spring 1, Monday,29372,16.6
frame,lgw,Year 1, spring 1, Monday,29373,17.0
frame,lgw,Year 1, spring 1, Monday,29374,16.4
frame,lgw,Year 1, spring 1, Monday,29375,16.5
frame,lgw,Year 1, spring 1, Monday,29376,16.7
frame,lgw,Year 1, spring 1, Monday,29377,16.7
frame,lgw,Year 1, spring 1, Monday,29378,16.7
frame,lgw,Year 1, spring 1, Monday,29379,16.7
frame,lgw,Year 1, spring 1, Monday,29380,16.6
frame,lgw,Year 1, spring 1, Monday,29381,16.7
frame,lgw,Year 1, spring 1, Monday,29382,16.7
frame,lgw,Year 1, spring 1, Monday,29383,16.6
frame,lgw,Year 1, spring 1, Monday,29384,16.6
frame,lgw,Year 1, spring 1, Monday,29385,16.6
frame,lgw,Year 1, spring 1, Monday,29386,16.7
frame,lgw,Year 1, spring 1, Monday,29387,16.6
frame,lgw,Year 1, spring 1, Monday,29388,19.1
frame,lgw,Year 1, spring 1, Monday,29389,14.3
frame,lgw,Year 1, spring 1, Monday,29390,16.7
frame,lgw,Year 1, spring 1, Monday,29391,16.6
frame,lgw,Year 1, spring 1, Monday,29392,16.7
frame,lgw,Year 1, spring 1, Monday,29393,16.7
frame,lgw,Year 1, spring 1, Monday,29394,16.9
frame,lgw,Year 1, spring 1, Monday,29395,16.4
frame,lgw,Year 1, spring 1, Monday,29396,16.7
frame,lgw,Year 1, spring 1, Monday,29397,16.7
frame,lgw,Year 1, spring 1, Monday,29398,16.7
frame,lgw,Year 1, spring 1, Monday,29399,16.6
frame,lgw,Year 1, spring 1, Monday,29400,16.9
frame,lgw,Year 1, spring 1, Monday,29401,16.6
frame,lgw,Year 1, spring 1, Monday,29402,16.5
frame,lgw,Year 1, spring 1, Monday,29403,16.6
frame,lgw,Year 1, spring 1, Monday,29404,16.6
frame,lgw,Year 1, spring 1, Monday,29405,16.7
frame,lgw,Year 1, spring 1, Monday,29406,16.7
frame,lgw,Year 1, spring 1, Monday,29407,16.7
frame,lgw,Year 1, spring 1, Monday,29408,16.7
frame,lgw,Year 1, spring 1, Monday,29409,16.6
frame,lgw,Year 1, spring 1, Monday,29410,16.7
frame,lgw,Year 1, spring 1, Monday,29411,16.6
frame,lgw,Year 1, spring 1, Monday,29412,16.9
frame,lgw,Year 1, spring 1, Monday,29413,16.5
frame,lgw,Year 1, spring 1, Monday,29414,16.7
frame,lgw,Year 1, spring 1, Monday,29415,16.7
frame,lgw,Year 1, spring 1, Monday,29416,16.5
frame,lgw,Year 1, spring 1, Monday,29417,16.7
frame,lgw,Year 1, spring 1, Monday,29418,16.6
frame,lgw,Year 1, spring 1, Monday,29419,16.7
frame,lgw,Year 1, spring 1, Monday,29420,16.7
frame,lgw,Year 1, spring 1, Monday,29421,16.6
frame,lgw,Year 1, spring 1, Monday,29422,16.7
frame,lgw,Year 1, spring 1, Monday,29423,16.7
frame,lgw,Year 1, spring 1, Monday,29424,16.6
frame,lgw,Year 1, spring 1, Monday,29425,16.7
frame,lgw,Year 1, spring 1, Monday,29426,16.6
frame,lgw,Year 1, spring 1, Monday,29427,16.7
frame,lgw,Year 1, spring 1, Monday,29428,16.7
frame,lgw,Year 1, spring 1, Monday,29429,16.6
frame,lgw,Year 1, spring 1, Monday,29430,16.6
frame,lgw,Year 1, spring 1, Monday,29431,16.7
frame,lgw,Year 1, spring 1, Monday,29432,16.9
frame,lgw,Year 1, spring 1, Monday,29433,16.5
frame,lgw,Year 1, spring 1, Monday,29434,16.7
frame,lgw,Year 1, spring 1, Monday,29435,16.7
frame,lgw,Year 1, spring 1, Monday,29436,16.6
frame,lgw,Year 1, spring 1, Monday,29437,16.7
frame,lgw,Year 1, spring 1, Monday,29438,16.7
frame,lgw,Year 1, spring 1, Monday,29439,16.6
frame,lgw,Year 1, spring 1, Monday,29440,16.7
frame,lgw,Year 1, spring 1, Monday,29441,16.7
frame,lgw,Year 1, spring 1, Monday,29442,16.6
frame,lgw,Year 1, spring 1, Monday,29443,16.8
frame,lgw,Year 1, spring 1, Monday,29444,16.7
frame,lgw,Year 1, spring 1, Monday,29445,16.6
frame,lgw,Year 1, spring 1, Monday,29446,16.7
frame,lgw,Year 1, spring 1, Monday,29447,16.7
frame,lgw,Year 1, spring 1, Monday,29448,16.7
frame,lgw,Year 1, spring 1, Monday,29449,16.6
frame,lgw,Year 1, spring 1, Monday,29450,16.7
frame,lgw,Year 1, spring 1, Monday,29451,16.7
frame,lgw,Year 1, spring 1, Monday,29452,16.9
frame,lgw,Year 1, spring 1, Monday,29453,16.4
frame,lgw,Year 1, spring 1, Monday,29454,16.7
frame,lgw,Year 1, spring 1, Monday,29455,16.7
frame,lgw,Year 1, spring 1, Monday,29456,18.6
frame,lgw,Year 1, spring 1, Monday,29457,14.7
frame,lgw,Year 1, spring 1, Monday,29458,16.7
frame,lgw,Year 1, spring 1, Monday,29459,16.6
frame,lgw,Year 1, spring 1, Monday,29460,16.6
frame,lgw,Year 1, spring 1, Monday,29461,16.7
frame,lgw,Year 1, spring 1, Monday,29462,16.6
frame,lgw,Year 1, spring 1, Monday,29463,16.7
frame,lgw,Year 1, spring 1, Monday,29464,16.7
frame,lgw,Year 1, spring 1, Monday,29465,16.7
frame,lgw,Year 1, spring 1, Monday,29466,16.6
frame,lgw,Year 1, spring 1, Monday,29467,16.7
frame,lgw,Year 1, spring 1, Monday,29468,16.7
frame,lgw,Year 1, spring 1, Monday,29469,16.7
frame,lgw,Year 1, spring 1, Monday,29470,16.7
frame,lgw,Year 1, spring 1, Monday,29471,16.6
frame,lgw,Year 1, spring 1, Monday,29472,16.9
frame,lgw,Year 1, spring 1, Monday,29473,16.5
frame,lgw,Year 1, spring 1, Monday,29474,16.6
frame,lgw,Year 1, spring 1, Monday,29475,16.6
frame,lgw,Year 1, spring 1, Monday,29476,16.7
frame,lgw,Year 1, spring 1, Monday,29477,16.6
frame,lgw,Year 1, spring 1, Monday,29478,16.7
frame,lgw,Year 1, spring 1, Monday,29479,16.7
frame,lgw,Year 1, spring 1, Monday,29480,16.7
frame,lgw,Year 1, spring 1, Monday,29481,16.7
frame,lgw,Year 1, spring 1, Monday,29482,16.7
frame,lgw,Year 1, spring 1, Monday,29483,16.7
frame,lgw,Year 1, spring 1, Monday,29484,16.8
frame,lgw,Year 1, spring 1, Monday,29485,16.5
frame,lgw,Year 1, spring 1, Monday,29486,16.8
frame,lgw,Year 1, spring 1, Monday,29487,16.5
frame,lgw,Year 1, spring 1, Monday,29488,16.7
frame,lgw,Year 1, spring 1, Monday,29489,16.6
frame,lgw,Year 1, spring 1, Monday,29490,16.7
frame,lgw,Year 1, spring 1, Monday,29491,16.7
frame,lgw,Year 1, spring 1, Monday,29492,16.9
frame,lgw,Year 1, spring 1, Monday,29493,16.4
frame,lgw,Year 1, spring 1, Monday,29494,16.7
frame,lgw,Year 1, spring 1, Monday,29495,16.6
frame,lgw,Year 1, spring 1, Monday,29496,16.7
frame,lgw,Year 1, spring 1, Monday,29497,16.8
frame,lgw,Year 1, spring 1, Monday,29498,16.6
frame,lgw,Year 1, spring 1, Monday,29499,16.7
frame,lgw,Year 1, spring 1, Monday,29500,16.6
frame,lgw,Year 1, spring 1, Monday,29501,16.7
frame,lgw,Year 1, spring 1, Monday,29502,16.7
frame,lgw,Year 1, spring 1, Monday,29503,16.6
frame,lgw,Year 1, spring 1, Monday,29504,16.6
frame,lgw,Year 1, spring 1, Monday,29505,16.7
frame,lgw,Year 1, spring 1, Monday,29506,16.6
frame,lgw,Year 1, spring 1, Monday,29507,16.7
frame,lgw,Year 1, spring 1, Monday,29508,16.7
frame,lgw,Year 1, spring 1, Monday,29509,16.8
frame,lgw,Year 1, spring 1, Monday,29510,16.8
frame,lgw,Year 1, spring 1, Monday,29511,16.4
frame,lgw,Year 1, spring 1, Monday,29512,16.8
frame,lgw,Year 1, spring 1, Monday,29513,16.5
frame,lgw,Year 1, spring 1, Monday,29514,16.7
frame,lgw,Year 1, spring 1, Monday,29515,16.7
frame,lgw,Year 1, spring 1, Monday,29516,16.7
frame,lgw,Year 1, spring 1, Monday,29517,16.6
frame,lgw,Year 1, spring 1, Monday,29518,16.7
frame,lgw,Year 1, spring 1, Monday,29519,16.6
frame,lgw,Year 1, spring 1, Monday,29520,16.7
frame,lgw,Year 1, spring 1, Monday,29521,16.6
frame,lgw,Year 1, spring 1, Monday,29522,16.8
frame,lgw,Year 1, spring 1, Monday,29523,16.7
frame,lgw,Year 1, spring 1, Monday,29524,16.6
frame,lgw,Year 1, spring 1, Monday,29525,16.7
frame,lgw,Year 1, spring 1, Monday,29526,16.7
frame,lgw,Year 1, spring 1, Monday,29527,16.7
frame,lgw,Year 1, spring 1, Monday,29528,16.7
frame,lgw,Year 1, spring 1, Monday,29529,16.7
frame,lgw,Year 1, spring 1, Monday,29530,16.7
frame,lgw,Year 1, spring 1, Monday,29531,16.7
frame,lgw,Year 1, spring 1, Monday,29532,16.7
frame,lgw,Year 1, spring 1, Monday,29533,16.6
frame,lgw,Year 1, spring 1, Monday,29534,16.7
frame,lgw,Year 1, spring 1, Monday,29535,16.6
frame,lgw,Year 1, spring 1, Monday,29536,16.7
frame,lgw,Year 1, spring 1, Monday,29537,16.6
frame,lgw,Year 1, spring 1, Monday,29538,16.6
frame,lgw,Year 1, spring 1, Monday,29539,16.6
frame,lgw,Year 1, spring 1, Monday,29540,16.7
frame,lgw,Year 1, spring 1, Monday,29541,16.7
frame,lgw,Year 1, spring 1, Monday,29542,16.7
frame,lgw,Year 1, spring 1, Monday,29543,16.7
frame,lgw,Year 1, spring 1, Monday,29544,16.6
frame,lgw,Year 1, spring 1, Monday,29545,16.9
frame,lgw,Year 1, spring 1, Monday,29546,16.5
frame,lgw,Year 1, spring 1, Monday,29547,16.7
frame,lgw,Year 1, spring 1, Monday,29548,16.7
frame,lgw,Year 1, spring 1, Monday,29549,16.7
frame,lgw,Year 1, spring 1, Monday,29550,17.2
frame,lgw,Year 1, spring 1, Monday,29551,16.1
frame,lgw,Year 1, spring 1, Monday,29552,16.9
frame,lgw,Year 1, spring 1, Monday,29553,16.4
frame,lgw,Year 1, spring 1, Monday,29554,16.7
frame,lgw,Year 1, spring 1, Monday,29555,16.7
frame,lgw,Year 1, spring 1, Monday,29556,16.6
frame,lgw,Year 1, spring 1, Monday,29557,16.6
frame,lgw,Year 1, spring 1, Monday,29558,16.7
frame,lgw,Year 1, spring 1, Monday,29559,16.6
frame,lgw,Year 1, spring 1, Monday,29560,148.5
frame,lgw,Year 1, spring 1, Monday,29561,0.2
frame,lgw,Year 1, spring 1, Monday,29562,0.2
frame,lgw,Year 1, spring 1, Monday,29563,0.1
frame,lgw,Year 1, spring 1, Monday,29564,0.1
frame,lgw,Year 1, spring 1, Monday,29565,0.1
frame,lgw,Year 1, spring 1, Monday,29566,0.1
frame,lgw,Year 1, spring 1, Monday,29567,0.1
frame,lgw,Year 1, spring 1, Monday,29568,1.1
frame,lgw,Year 1, spring 1, Monday,29569,16.0
frame,lgw,Year 1, spring 1, Monday,29570,16.7
frame,lgw,Year 1, spring 1, Monday,29571,16.7
frame,lgw,Year 1, spring 1, Monday,29572,16.9
frame,lgw,Year 1, spring 1, Monday,29573,16.6
frame,lgw,Year 1, spring 1, Monday,29574,16.6
frame,lgw,Year 1, spring 1, Monday,29575,16.7
frame,lgw,Year 1, spring 1, Monday,29576,16.5
frame,lgw,Year 1, spring 1, Monday,29577,16.6
frame,lgw,Year 1, spring 1, Monday,29578,16.7
frame,lgw,Year 1, spring 1, Monday,29579,16.7
frame,lgw,Year 1, spring 1, Monday,29580,17.6
frame,lgw,Year 1, spring 1, Monday,29581,15.8
frame,lgw,Year 1, spring 1, Monday,29582,16.7
frame,lgw,Year 1, spring 1, Monday,29583,16.6
frame,lgw,Year 1, spring 1, Monday,29584,16.7
frame,lgw,Year 1, spring 1, Monday,29585,16.7
frame,lgw,Year 1, spring 1, Monday,29586,16.6
frame,lgw,Year 1, spring 1, Monday,29587,16.6
frame,lgw,Year 1, spring 1, Monday,29588,16.6
frame,lgw,Year 1, spring 1, Monday,29589,16.7
frame,lgw,Year 1, spring 1, Monday,29590,16.7
frame,lgw,Year 1, spring 1, Monday,29591,16.6
frame,lgw,Year 1, spring 1, Monday,29592,16.8
frame,lgw,Year 1, spring 1, Monday,29593,16.5
frame,lgw,Year 1, spring 1, Monday,29594,16.7
frame,lgw,Year 1, spring 1, Monday,29595,16.7
frame,lgw,Year 1, spring 1, Monday,29596,16.7
frame,lgw,Year 1, spring 1, Monday,29597,16.7
frame,lgw,Year 1, spring 1, Monday,29598,16.7
frame,lgw,Year 1, spring 1, Monday,29599,16.6
frame,lgw,Year 1, spring 1, Monday,29600,16.6
frame,lgw,Year 1, spring 1, Monday,29601,16.6
frame,lgw,Year 1, spring 1, Monday,29602,16.8
frame,lgw,Year 1, spring 1, Monday,29603,16.6
frame,lgw,Year 1, spring 1, Monday,29604,16.6
frame,lgw,Year 1, spring 1, Monday,29605,16.7
frame,lgw,Year 1, spring 1, Monday,29606,16.7
frame,lgw,Year 1, spring 1, Monday,29607,16.6
frame,lgw,Year 1, spring 1, Monday,29608,16.7
frame,lgw,Year 1, spring 1, Monday,29609,16.7
frame,lgw,Year 1, spring 1, Monday,29610,16.7
frame,lgw,Year 1, spring 1, Monday,29611,16.7
frame,lgw,Year 1, spring 1, Monday,29612,16.6
frame,lgw,Year 1, spring 1, Monday,29613,16.6
frame,lgw,Year 1, spring 1, Monday,29614,16.7
frame,lgw,Year 1, spring 1, Monday,29615,16.7
frame,lgw,Year 1, spring 1, Monday,29616,16.6
frame,lgw,Year 1, spring 1, Monday,29617,16.7
frame,lgw,Year 1, spring 1, Monday,29618,16.7
frame,lgw,Year 1, spring 1, Monday,29619,16.7
frame,lgw,Year 1, spring 1, Monday,29620,16.6
frame,lgw,Year 1, spring 1, Monday,29621,16.7
frame,lgw,Year 1, spring 1, Monday,29622,16.6
frame,lgw,Year 1, spring 1, Monday,29623,16.7
frame,lgw,Year 1, spring 1, Monday,29624,16.7
frame,lgw,Year 1, spring 1, Monday,29625,16.6
frame,lgw,Year 1, spring 1, Monday,29626,16.7
frame,lgw,Year 1, spring 1, Monday,29627,16.8
frame,lgw,Year 1, spring 1, Monday,29628,16.6
frame,lgw,Year 1, spring 1, Monday,29629,16.6
frame,lgw,Year 1, spring 1, Monday,29630,16.7
frame,lgw,Year 1, spring 1, Monday,29631,18.9
frame,lgw,Year 1, spring 1, Monday,29632,15.3
frame,lgw,Year 1, spring 1, Monday,29633,15.9
frame,lgw,Year 1, spring 1, Monday,29634,16.7
frame,lgw,Year 1, spring 1, Monday,29635,16.6
frame,lgw,Year 1, spring 1, Monday,29636,18.0
frame,lgw,Year 1, spring 1, Monday,29637,15.3
frame,lgw,Year 1, spring 1, Monday,29638,16.7
frame,lgw,Year 1, spring 1, Monday,29639,16.7
frame,lgw,Year 1, spring 1, Monday,29640,16.6
frame,lgw,Year 1, spring 1, Monday,29641,16.7
frame,lgw,Year 1, spring 1, Monday,29642,16.6
frame,lgw,Year 1, spring 1, Monday,29643,16.7
frame,lgw,Year 1, spring 1, Monday,29644,16.9
frame,lgw,Year 1, spring 1, Monday,29645,16.4
frame,lgw,Year 1, spring 1, Monday,29646,16.7
frame,lgw,Year 1, spring 1, Monday,29647,16.7
frame,lgw,Year 1, spring 1, Monday,29648,16.7
frame,lgw,Year 1, spring 1, Monday,29649,16.6
frame,lgw,Year 1, spring 1, Monday,29650,16.7
frame,lgw,Year 1, spring 1, Monday,29651,16.6
frame,lgw,Year 1, spring 1, Monday,29652,16.7
frame,lgw,Year 1, spring 1, Monday,29653,16.7
frame,lgw,Year 1, spring 1, Monday,29654,16.7
frame,lgw,Year 1, spring 1, Monday,29655,16.7
frame,lgw,Year 1, spring 1, Monday,29656,16.7
frame,lgw,Year 1, spring 1, Monday,29657,16.6
frame,lgw,Year 1, spring 1, Monday,29658,16.7
frame,lgw,Year 1, spring 1, Monday,29659,16.7
frame,lgw,Year 1, spring 1, Monday,29660,16.6
frame,lgw,Year 1, spring 1, Monday,29661,16.6
frame,lgw,Year 1, spring 1, Monday,29662,16.7
frame,lgw,Year 1, spring 1, Monday,29663,16.8
frame,lgw,Year 1, spring 1, Monday,29664,16.6
frame,lgw,Year 1, spring 1, Monday,29665,16.5
frame,lgw,Year 1, spring 1, Monday,29666,16.7
frame,lgw,Year 1, spring 1, Monday,29667,16.6
frame,lgw,Year 1, spring 1, Monday,29668,16.6
frame,lgw,Year 1, spring 1, Monday,29669,16.7
frame,lgw,Year 1, spring 1, Monday,29670,16.6
frame,lgw,Year 1, spring 1, Monday,29671,16.7
frame,lgw,Year 1, spring 1, Monday,29672,16.7
frame,lgw,Year 1, spring 1, Monday,29673,16.7
frame,lgw,Year 1, spring 1, Monday,29674,16.7
frame,lgw,Year 1, spring 1, Monday,29675,16.7
frame,lgw,Year 1, spring 1, Monday,29676,16.7
frame,lgw,Year 1, spring 1, Monday,29677,16.7
frame,lgw,Year 1, spring 1, Monday,29678,16.6
frame,lgw,Year 1, spring 1, Monday,29679,16.7
frame,lgw,Year 1, spring 1, Monday,29680,16.7
frame,lgw,Year 1, spring 1, Monday,29681,16.6
frame,lgw,Year 1, spring 1, Monday,29682,16.6
frame,lgw,Year 1, spring 1, Monday,29683,16.7
frame,lgw,Year 1, spring 1, Monday,29684,16.7
frame,lgw,Year 1, spring 1, Monday,29685,16.6
frame,lgw,Year 1, spring 1, Monday,29686,16.7
frame,lgw,Year 1, spring 1, Monday,29687,16.7
frame,lgw,Year 1, spring 1, Monday,29688,16.8
frame,lgw,Year 1, spring 1, Monday,29689,16.7
frame,lgw,Year 1, spring 1, Monday,29690,16.5
frame,lgw,Year 1, spring 1, Monday,29691,16.9
frame,lgw,Year 1, spring 1, Monday,29692,16.6
frame,lgw,Year 1, spring 1, Monday,29693,16.9
frame,lgw,Year 1, spring 1, Monday,29694,16.4
frame,lgw,Year 1, spring 1, Monday,29695,16.6
frame,lgw,Year 1, spring 1, Monday,29696,16.6
frame,lgw,Year 1, spring 1, Monday,29697,16.6
frame,lgw,Year 1, spring 1, Monday,29698,16.7
frame,lgw,Year 1, spring 1, Monday,29699,16.7
frame,lgw,Year 1, spring 1, Monday,29700,16.8
frame,lgw,Year 1, spring 1, Monday,29701,16.6
frame,lgw,Year 1, spring 1, Monday,29702,16.7
frame,lgw,Year 1, spring 1, Monday,29703,16.5
frame,lgw,Year 1, spring 1, Monday,29704,16.7
frame,lgw,Year 1, spring 1, Monday,29705,16.9
frame,lgw,Year 1, spring 1, Monday,29706,16.5
frame,lgw,Year 1, spring 1, Monday,29707,16.6
frame,lgw,Year 1, spring 1, Monday,29708,16.6
frame,lgw,Year 1, spring 1, Monday,29709,16.6
frame,lgw,Year 1, spring 1, Monday,29710,17.0
frame,lgw,Year 1, spring 1, Monday,29711,16.6
frame,lgw,Year 1, spring 1, Monday,29712,16.5
frame,lgw,Year 1, spring 1, Monday,29713,18.2
frame,lgw,Year 1, spring 1, Monday,29714,15.2
frame,lgw,Year 1, spring 1, Monday,29715,16.6
frame,lgw,Year 1, spring 1, Monday,29716,17.0
frame,lgw,Year 1, spring 1, Monday,29717,16.4
frame,lgw,Year 1, spring 1, Monday,29718,16.6
frame,lgw,Year 1, spring 1, Monday,29719,16.8
frame,lgw,Year 1, spring 1, Monday,29720,16.6
frame,lgw,Year 1, spring 1, Monday,29721,16.6
frame,lgw,Year 1, spring 1, Monday,29722,16.7
frame,lgw,Year 1, spring 1, Monday,29723,16.7
frame,lgw,Year 1, spring 1, Monday,29724,16.6
frame,lgw,Year 1, spring 1, Monday,29725,16.7
frame,lgw,Year 1, spring 1, Monday,29726,16.7
frame,lgw,Year 1, spring 1, Monday,29727,16.7
frame,lgw,Year 1, spring 1, Monday,29728,16.6
frame,lgw,Year 1, spring 1, Monday,29729,16.7
frame,lgw,Year 1, spring 1, Monday,29730,16.8
frame,lgw,Year 1, spring 1, Monday,29731,16.7
frame,lgw,Year 1, spring 1, Monday,29732,16.7
frame,lgw,Year 1, spring 1, Monday,29733,16.8
frame,lgw,Year 1, spring 1, Monday,29734,16.5
frame,lgw,Year 1, spring 1, Monday,29735,16.7
frame,lgw,Year 1, spring 1, Monday,29736,16.7
frame,lgw,Year 1, spring 1, Monday,29737,16.6
frame,lgw,Year 1, spring 1, Monday,29738,16.8
frame,lgw,Year 1, spring 1, Monday,29739,16.7
frame,lgw,Year 1, spring 1, Monday,29740,16.6
frame,lgw,Year 1, spring 1, Monday,29741,16.6
frame,lgw,Year 1, spring 1, Monday,29742,16.6
frame,lgw,Year 1, spring 1, Monday,29743,16.7
frame,lgw,Year 1, spring 1, Monday,29744,16.7
frame,lgw,Year 1, spring 1, Monday,29745,16.6
frame,lgw,Year 1, spring 1, Monday,29746,16.7
frame,lgw,Year 1, spring 1, Monday,29747,16.7
frame,lgw,Year 1, spring 1, Monday,29748,16.7
frame,lgw,Year 1, spring 1, Monday,29749,16.7
frame,lgw,Year 1, spring 1, Monday,29750,16.8
frame,lgw,Year 1, spring 1, Monday,29751,16.6
frame,lgw,Year 1, spring 1, Monday,29752,16.6
frame,lgw,Year 1, spring 1, Monday,29753,16.9
frame,lgw,Year 1, spring 1, Monday,29754,16.4
frame,lgw,Year 1, spring 1, Monday,29755,16.7
frame,lgw,Year 1, spring 1, Monday,29756,16.6
frame,lgw,Year 1, spring 1, Monday,29757,16.6
frame,lgw,Year 1, spring 1, Monday,29758,16.8
frame,lgw,Year 1, spring 1, Monday,29759,16.7
frame,lgw,Year 1, spring 1, Monday,29760,16.6
frame,lgw,Year 1, spring 1, Monday,29761,16.7
frame,lgw,Year 1, spring 1, Monday,29762,16.7
frame,lgw,Year 1, spring 1, Monday,29763,16.6
frame,lgw,Year 1, spring 1, Monday,29764,16.7
frame,lgw,Year 1, spring 1, Monday,29765,16.6
frame,lgw,Year 1, spring 1, Monday,29766,16.9
frame,lgw,Year 1, spring 1, Monday,29767,17.3
frame,lgw,Year 1, spring 1, Monday,29768,15.8
frame,lgw,Year 1, spring 1, Monday,29769,16.7
frame,lgw,Year 1, spring 1, Monday,29770,16.6
frame,lgw,Year 1, spring 1, Monday,29771,16.7
frame,lgw,Year 1, spring 1, Monday,29772,16.8
frame,lgw,Year 1, spring 1, Monday,29773,16.9
frame,lgw,Year 1, spring 1, Monday,29774,16.4
frame,lgw,Year 1, spring 1, Monday,29775,16.6
frame,lgw,Year 1, spring 1, Monday,29776,16.7
frame,lgw,Year 1, spring 1, Monday,29777,16.6
frame,lgw,Year 1, spring 1, Monday,29778,16.7
frame,lgw,Year 1, spring 1, Monday,29779,16.8
frame,lgw,Year 1, spring 1, Monday,29780,17.4
frame,lgw,Year 1, spring 1, Monday,29781,15.8
frame,lgw,Year 1, spring 1, Monday,29782,16.7
frame,lgw,Year 1, spring 1, Monday,29783,16.7
frame,lgw,Year 1, spring 1, Monday,29784,16.7
frame,lgw,Year 1, spring 1, Monday,29785,16.7
frame,lgw,Year 1, spring 1, Monday,29786,16.7
frame,lgw,Year 1, spring 1, Monday,29787,16.6
frame,lgw,Year 1, spring 1, Monday,29788,16.7
frame,lgw,Year 1, spring 1, Monday,29789,16.5
frame,lgw,Year 1, spring 1, Monday,29790,17.0
frame,lgw,Year 1, spring 1, Monday,29791,16.3
frame,lgw,Year 1, spring 1, Monday,29792,16.9
frame,lgw,Year 1, spring 1, Monday,29793,16.7
frame,lgw,Year 1, spring 1, Monday,29794,16.5
frame,lgw,Year 1, spring 1, Monday,29795,16.7
frame,lgw,Year 1, spring 1, Monday,29796,16.6
frame,lgw,Year 1, spring 1, Monday,29797,16.7
frame,lgw,Year 1, spring 1, Monday,29798,16.6
frame,lgw,Year 1, spring 1, Monday,29799,16.6
frame,lgw,Year 1, spring 1, Monday,29800,16.7
frame,lgw,Year 1, spring 1, Monday,29801,16.6
frame,lgw,Year 1, spring 1, Monday,29802,16.7
frame,lgw,Year 1, spring 1, Monday,29803,16.7
frame,lgw,Year 1, spring 1, Monday,29804,16.7
frame,lgw,Year 1, spring 1, Monday,29805,16.7
frame,lgw,Year 1, spring 1, Monday,29806,16.8
frame,lgw,Year 1, spring 1, Monday,29807,16.6
frame,lgw,Year 1, spring 1, Monday,29808,16.7
frame,lgw,Year 1, spring 1, Monday,29809,16.7
frame,lgw,Year 1, spring 1, Monday,29810,16.8
frame,lgw,Year 1, spring 1, Monday,29811,16.6
frame,lgw,Year 1, spring 1, Monday,29812,16.6
frame,lgw,Year 1, spring 1, Monday,29813,16.6
frame,lgw,Year 1, spring 1, Monday,29814,16.8
frame,lgw,Year 1, spring 1, Monday,29815,16.7
frame,lgw,Year 1, spring 1, Monday,29816,16.6
frame,lgw,Year 1, spring 1, Monday,29817,16.5
frame,lgw,Year 1, spring 1, Monday,29818,16.7
frame,lgw,Year 1, spring 1, Monday,29819,16.7
frame,lgw,Year 1, spring 1, Monday,29820,16.6
frame,lgw,Year 1, spring 1, Monday,29821,16.8
frame,lgw,Year 1, spring 1, Monday,29822,16.6
frame,lgw,Year 1, spring 1, Monday,29823,16.7
frame,lgw,Year 1, spring 1, Monday,29824,16.6
frame,lgw,Year 1, spring 1, Monday,29825,16.6
frame,lgw,Year 1, spring 1, Monday,29826,16.8
frame,lgw,Year 1, spring 1, Monday,29827,16.6
frame,lgw,Year 1, spring 1, Monday,29828,16.7
frame,lgw,Year 1, spring 1, Monday,29829,16.7
frame,lgw,Year 1, spring 1, Monday,29830,16.8
frame,lgw,Year 1, spring 1, Monday,29831,16.6
frame,lgw,Year 1, spring 1, Monday,29832,16.7
frame,lgw,Year 1, spring 1, Monday,29833,16.6
frame,lgw,Year 1, spring 1, Monday,29834,16.9
frame,lgw,Year 1, spring 1, Monday,29835,16.4
frame,lgw,Year 1, spring 1, Monday,29836,16.9
frame,lgw,Year 1, spring 1, Monday,29837,16.5
frame,lgw,Year 1, spring 1, Monday,29838,16.8
frame,lgw,Year 1, spring 1, Monday,29839,16.5
frame,lgw,Year 1, spring 1, Monday,29840,16.6
frame,lgw,Year 1, spring 1, Monday,29841,16.8
frame,lgw,Year 1, spring 1, Monday,29842,16.6
frame,lgw,Year 1, spring 1, Monday,29843,16.6
frame,lgw,Year 1, spring 1, Monday,29844,16.7
frame,lgw,Year 1, spring 1, Monday,29845,16.7
frame,lgw,Year 1, spring 1, Monday,29846,16.7
frame,lgw,Year 1, spring 1, Monday,29847,16.8
frame,lgw,Year 1, spring 1, Monday,29848,16.4
frame,lgw,Year 1, spring 1, Monday,29849,16.7
frame,lgw,Year 1, spring 1, Monday,29850,16.7
frame,lgw,Year 1, spring 1, Monday,29851,16.7
frame,lgw,Year 1, spring 1, Monday,29852,16.6
frame,lgw,Year 1, spring 1, Monday,29853,16.7
frame,lgw,Year 1, spring 1, Monday,29854,16.9
frame,lgw,Year 1, spring 1, Monday,29855,16.5
frame,lgw,Year 1, spring 1, Monday,29856,16.6
frame,lgw,Year 1, spring 1, Monday,29857,16.7
frame,lgw,Year 1, spring 1, Monday,29858,17.4
frame,lgw,Year 1, spring 1, Monday,29859,16.1
frame,lgw,Year 1, spring 1, Monday,29860,16.6
frame,lgw,Year 1, spring 1, Monday,29861,16.9
frame,lgw,Year 1, spring 1, Monday,29862,16.5
frame,lgw,Year 1, spring 1, Monday,29863,16.6
frame,lgw,Year 1, spring 1, Monday,29864,16.6
frame,lgw,Year 1, spring 1, Monday,29865,16.6
frame,lgw,Year 1, spring 1, Monday,29866,16.7
frame,lgw,Year 1, spring 1, Monday,29867,16.6
frame,lgw,Year 1, spring 1, Monday,29868,16.7
frame,lgw,Year 1, spring 1, Monday,29869,16.7
frame,lgw,Year 1, spring 1, Monday,29870,16.7
frame,lgw,Year 1, spring 1, Monday,29871,16.7
frame,lgw,Year 1, spring 1, Monday,29872,16.8
frame,lgw,Year 1, spring 1, Monday,29873,16.7
frame,lgw,Year 1, spring 1, Monday,29874,16.8
frame,lgw,Year 1, spring 1, Monday,29875,16.5
frame,lgw,Year 1, spring 1, Monday,29876,16.6
frame,lgw,Year 1, spring 1, Monday,29877,16.7
frame,lgw,Year 1, spring 1, Monday,29878,16.6
frame,lgw,Year 1, spring 1, Monday,29879,16.6
frame,lgw,Year 1, spring 1, Monday,29880,16.6
frame,lgw,Year 1, spring 1, Monday,29881,16.7
frame,lgw,Year 1, spring 1, Monday,29882,16.8
frame,lgw,Year 1, spring 1, Monday,29883,16.6
frame,lgw,Year 1, spring 1, Monday,29884,16.7
frame,lgw,Year 1, spring 1, Monday,29885,16.7
frame,lgw,Year 1, spring 1, Monday,29886,16.6
frame,lgw,Year 1, spring 1, Monday,29887,17.1
frame,lgw,Year 1, spring 1, Monday,29888,16.5
frame,lgw,Year 1, spring 1, Monday,29889,16.5
frame,lgw,Year 1, spring 1, Monday,29890,17.9
frame,lgw,Year 1, spring 1, Monday,29891,15.3
frame,lgw,Year 1, spring 1, Monday,29892,16.6
frame,lgw,Year 1, spring 1, Monday,29893,16.6
frame,lgw,Year 1, spring 1, Monday,29894,16.9
frame,lgw,Year 1, spring 1, Monday,29895,16.4
frame,lgw,Year 1, spring 1, Monday,29896,16.8
frame,lgw,Year 1, spring 1, Monday,29897,16.6
frame,lgw,Year 1, spring 1, Monday,29898,16.9
frame,lgw,Year 1, spring 1, Monday,29899,16.5
frame,lgw,Year 1, spring 1, Monday,29900,16.9
frame,lgw,Year 1, spring 1, Monday,29901,16.3
frame,lgw,Year 1, spring 1, Monday,29902,16.7
frame,lgw,Year 1, spring 1, Monday,29903,16.8
frame,lgw,Year 1, spring 1, Monday,29904,16.5
frame,lgw,Year 1, spring 1, Monday,29905,16.6
frame,lgw,Year 1, spring 1, Monday,29906,16.6
frame,lgw,Year 1, spring 1, Monday,29907,16.7
frame,lgw,Year 1, spring 1, Monday,29908,16.7
frame,lgw,Year 1, spring 1, Monday,29909,16.6
frame,lgw,Year 1, spring 1, Monday,29910,16.7
frame,lgw,Year 1, spring 1, Monday,29911,16.7
frame,lgw,Year 1, spring 1, Monday,29912,16.9
frame,lgw,Year 1, spring 1, Monday,29913,16.5
frame,lgw,Year 1, spring 1, Monday,29914,17.3
frame,lgw,Year 1, spring 1, Monday,29915,18.2
frame,lgw,Year 1, spring 1, Monday,29916,14.7
frame,lgw,Year 1, spring 1, Monday,29917,16.6
frame,lgw,Year 1, spring 1, Monday,29918,16.6
frame,lgw,Year 1, spring 1, Monday,29919,16.6
frame,lgw,Year 1, spring 1, Monday,29920,16.7
frame,lgw,Year 1, spring 1, Monday,29921,16.7
frame,lgw,Year 1, spring 1, Monday,29922,16.6
frame,lgw,Year 1, spring 1, Monday,29923,16.7
frame,lgw,Year 1, spring 1, Monday,29924,16.6
frame,lgw,Year 1, spring 1, Monday,29925,16.7
frame,lgw,Year 1, spring 1, Monday,29926,16.8
frame,lgw,Year 1, spring 1, Monday,29927,16.6
frame,lgw,Year 1, spring 1, Monday,29928,16.7
frame,lgw,Year 1, spring 1, Monday,29929,16.7
frame,lgw,Year 1, spring 1, Monday,29930,16.6
frame,lgw,Year 1, spring 1, Monday,29931,16.7
frame,lgw,Year 1, spring 1, Monday,29932,16.7
frame,lgw,Year 1, spring 1, Monday,29933,16.7
frame,lgw,Year 1, spring 1, Monday,29934,16.8
frame,lgw,Year 1, spring 1, Monday,29935,16.5
frame,lgw,Year 1, spring 1, Monday,29936,16.8
frame,lgw,Year 1, spring 1, Monday,29937,16.6
frame,lgw,Year 1, spring 1, Monday,29938,18.2
frame,lgw,Year 1, spring 1, Monday,29939,16.0
frame,lgw,Year 1, spring 1, Monday,29940,16.1
frame,lgw,Year 1, spring 1, Monday,29941,16.4
frame,lgw,Year 1, spring 1, Monday,29942,16.7
frame,lgw,Year 1, spring 1, Monday,29943,16.6
frame,lgw,Year 1, spring 1, Monday,29944,16.6
frame,lgw,Year 1, spring 1, Monday,29945,16.6
frame,lgw,Year 1, spring 1, Monday,29946,16.7
frame,lgw,Year 1, spring 1, Monday,29947,16.7
frame,lgw,Year 1, spring 1, Monday,29948,16.8
frame,lgw,Year 1, spring 1, Monday,29949,16.6
frame,lgw,Year 1, spring 1, Monday,29950,16.7
frame,lgw,Year 1, spring 1, Monday,29951,16.6
frame,lgw,Year 1, spring 1, Monday,29952,16.9
frame,lgw,Year 1, spring 1, Monday,29953,16.5
frame,lgw,Year 1, spring 1, Monday,29954,16.9
frame,lgw,Year 1, spring 1, Monday,29955,16.4
frame,lgw,Year 1, spring 1, Monday,29956,16.6
frame,lgw,Year 1, spring 1, Monday,29957,16.6
frame,lgw,Year 1, spring 1, Monday,29958,16.7
frame,lgw,Year 1, spring 1, Monday,29959,16.7
frame,lgw,Year 1, spring 1, Monday,29960,16.6
frame,lgw,Year 1, spring 1, Monday,29961,16.6
frame,lgw,Year 1, spring 1, Monday,29962,18.0
frame,lgw,Year 1, spring 1, Monday,29963,15.5
frame,lgw,Year 1, spring 1, Monday,29964,16.7
frame,lgw,Year 1, spring 1, Monday,29965,16.7
frame,lgw,Year 1, spring 1, Monday,29966,16.6
frame,lgw,Year 1, spring 1, Monday,29967,16.6
frame,lgw,Year 1, spring 1, Monday,29968,16.7
frame,lgw,Year 1, spring 1, Monday,29969,16.6
frame,lgw,Year 1, spring 1, Monday,29970,16.7
frame,lgw,Year 1, spring 1, Monday,29971,16.7
frame,lgw,Year 1, spring 1, Monday,29972,16.6
frame,lgw,Year 1, spring 1, Monday,29973,16.6
frame,lgw,Year 1, spring 1, Monday,29974,16.8
frame,lgw,Year 1, spring 1, Monday,29975,16.5
frame,lgw,Year 1, spring 1, Monday,29976,16.7
frame,lgw,Year 1, spring 1, Monday,29977,16.6
frame,lgw,Year 1, spring 1, Monday,29978,16.7
frame,lgw,Year 1, spring 1, Monday,29979,16.7
frame,lgw,Year 1, spring 1, Monday,29980,16.7
frame,lgw,Year 1, spring 1, Monday,29981,16.8
frame,lgw,Year 1, spring 1, Monday,29982,16.4
frame,lgw,Year 1, spring 1, Monday,29983,16.6
frame,lgw,Year 1, spring 1, Monday,29984,16.7
frame,lgw,Year 1, spring 1, Monday,29985,16.7
frame,lgw,Year 1, spring 1, Monday,29986,16.7
frame,lgw,Year 1, spring 1, Monday,29987,16.7
frame,lgw,Year 1, spring 1, Monday,29988,16.7
frame,lgw,Year 1, spring 1, Monday,29989,16.6
frame,lgw,Year 1, spring 1, Monday,29990,16.7
frame,lgw,Year 1, spring 1, Monday,29991,16.7
frame,lgw,Year 1, spring 1, Monday,29992,16.7
frame,lgw,Year 1, spring 1, Monday,29993,16.7
frame,lgw,Year 1, spring 1, Monday,29994,16.9
frame,lgw,Year 1, spring 1, Monday,29995,16.5
frame,lgw,Year 1, spring 1, Monday,29996,16.6
frame,lgw,Year 1, spring 1, Monday,29997,16.6
frame,lgw,Year 1, spring 1, Monday,29998,16.6
frame,lgw,Year 1, spring 1, Monday,29999,16.6
switch,lgw,Year 1, spring 1, Monday,920,17.3
switch,lgw,Year 1, spring 1, Monday,930,17.1
switchdetail,lgw,Year 1, spring 1, Monday,910,0,0.0
switchdetail,lgw,Year 1, spring 1, Monday,920,0,0.0
frame,lgw,Year 1, spring 1, Monday,30000,17.1
frame,lgw,Year 1, spring 1, Monday,30001,16.4
frame,lgw,Year 1, spring 1, Monday,30002,16.6
frame,lgw,Year 1, spring 1, Monday,30003,16.8
frame,lgw,Year 1, spring 1, Monday,30004,16.6
frame,lgw,Year 1, spring 1, Monday,30005,16.6
frame,lgw,Year 1, spring 1, Monday,30006,16.8
frame,lgw,Year 1, spring 1, Monday,30007,16.7
frame,lgw,Year 1, spring 1, Monday,30008,16.8
frame,lgw,Year 1, spring 1, Monday,30009,16.5
frame,lgw,Year 1, spring 1, Monday,30010,16.7
frame,lgw,Year 1, spring 1, Monday,30011,16.6
frame,lgw,Year 1, spring 1, Monday,30012,16.6
frame,lgw,Year 1, spring 1, Monday,30013,16.7
frame,lgw,Year 1, spring 1, Monday,30014,17.0
frame,lgw,Year 1, spring 1, Monday,30015,16.4
frame,lgw,Year 1, spring 1, Monday,30016,16.8
frame,lgw,Year 1, spring 1, Monday,30017,17.8
frame,lgw,Year 1, spring 1, Monday,30018,15.6
frame,lgw,Year 1, spring 1, Monday,30019,16.7
frame,lgw,Year 1, spring 1, Monday,30020,16.5
frame,lgw,Year 1, spring 1, Monday,30021,16.7
frame,lgw,Year 1, spring 1, Monday,30022,16.6
frame,lgw,Year 1, spring 1, Monday,30023,16.6
frame,lgw,Year 1, spring 1, Monday,30024,16.7
frame,lgw,Year 1, spring 1, Monday,30025,16.8
frame,lgw,Year 1, spring 1, Monday,30026,16.6
frame,lgw,Year 1, spring 1, Monday,30027,16.6
frame,lgw,Year 1, spring 1, Monday,30028,16.7
frame,lgw,Year 1, spring 1, Monday,30029,16.7
frame,lgw,Year 1, spring 1, Monday,30030,16.6
frame,lgw,Year 1, spring 1, Monday,30031,16.7
frame,lgw,Year 1, spring 1, Monday,30032,16.7
frame,lgw,Year 1, spring 1, Monday,30033,16.8
frame,lgw,Year 1, spring 1, Monday,30034,16.5
frame,lgw,Year 1, spring 1, Monday,30035,16.7
frame,lgw,Year 1, spring 1, Monday,30036,16.6
frame,lgw,Year 1, spring 1, Monday,30037,16.7
frame,lgw,Year 1, spring 1, Monday,30038,16.6
frame,lgw,Year 1, spring 1, Monday,30039,17.8
frame,lgw,Year 1, spring 1, Monday,30040,15.6
frame,lgw,Year 1, spring 1, Monday,30041,16.7
frame,lgw,Year 1, spring 1, Monday,30042,16.7
frame,lgw,Year 1, spring 1, Monday,30043,16.6
frame,lgw,Year 1, spring 1, Monday,30044,16.7
frame,lgw,Year 1, spring 1, Monday,30045,16.7
frame,lgw,Year 1, spring 1, Monday,30046,16.6
frame,lgw,Year 1, spring 1, Monday,30047,16.8
frame,lgw,Year 1, spring 1, Monday,30048,16.6
frame,lgw,Year 1, spring 1, Monday,30049,16.7
frame,lgw,Year 1, spring 1, Monday,30050,16.6
frame,lgw,Year 1, spring 1, Monday,30051,16.6
frame,lgw,Year 1, spring 1, Monday,30052,16.7
frame,lgw,Year 1, spring 1, Monday,30053,16.9
frame,lgw,Year 1, spring 1, Monday,30054,16.5
frame,lgw,Year 1, spring 1, Monday,30055,16.8
frame,lgw,Year 1, spring 1, Monday,30056,16.6
frame,lgw,Year 1, spring 1, Monday,30057,16.9
frame,lgw,Year 1, spring 1, Monday,30058,16.6
frame,lgw,Year 1, spring 1, Monday,30059,16.8
frame,lgw,Year 1, spring 1, Monday,30060,16.5
frame,lgw,Year 1, spring 1, Monday,30061,16.6
frame,lgw,Year 1, spring 1, Monday,30062,16.9
frame,lgw,Year 1, spring 1, Monday,30063,16.3
frame,lgw,Year 1, spring 1, Monday,30064,16.6
frame,lgw,Year 1, spring 1, Monday,30065,16.7
frame,lgw,Year 1, spring 1, Monday,30066,16.8
frame,lgw,Year 1, spring 1, Monday,30067,16.7
frame,lgw,Year 1, spring 1, Monday,30068,16.7
frame,lgw,Year 1, spring 1, Monday,30069,16.7
frame,lgw,Year 1, spring 1, Monday,30070,16.6
frame,lgw,Year 1, spring 1, Monday,30071,16.7
frame,lgw,Year 1, spring 1, Monday,30072,16.7
frame,lgw,Year 1, spring 1, Monday,30073,16.9
frame,lgw,Year 1, spring 1, Monday,30074,16.6
frame,lgw,Year 1, spring 1, Monday,30075,16.5
frame,lgw,Year 1, spring 1, Monday,30076,16.6
frame,lgw,Year 1, spring 1, Monday,30077,16.6
frame,lgw,Year 1, spring 1, Monday,30078,16.6
frame,lgw,Year 1, spring 1, Monday,30079,16.7
frame,lgw,Year 1, spring 1, Monday,30080,16.6
frame,lgw,Year 1, spring 1, Monday,30081,16.7
frame,lgw,Year 1, spring 1, Monday,30082,16.7
frame,lgw,Year 1, spring 1, Monday,30083,16.7
frame,lgw,Year 1, spring 1, Monday,30084,16.6
frame,lgw,Year 1, spring 1, Monday,30085,16.6
frame,lgw,Year 1, spring 1, Monday,30086,16.7
frame,lgw,Year 1, spring 1, Monday,30087,16.6
frame,lgw,Year 1, spring 1, Monday,30088,16.7
frame,lgw,Year 1, spring 1, Monday,30089,16.6
frame,lgw,Year 1, spring 1, Monday,30090,16.6
frame,lgw,Year 1, spring 1, Monday,30091,16.7
frame,lgw,Year 1, spring 1, Monday,30092,16.7
frame,lgw,Year 1, spring 1, Monday,30093,16.8
frame,lgw,Year 1, spring 1, Monday,30094,16.5
frame,lgw,Year 1, spring 1, Monday,30095,16.7
frame,lgw,Year 1, spring 1, Monday,30096,17.7
frame,lgw,Year 1, spring 1, Monday,30097,15.7
frame,lgw,Year 1, spring 1, Monday,30098,16.7
frame,lgw,Year 1, spring 1, Monday,30099,16.6
frame,lgw,Year 1, spring 1, Monday,30100,16.8
frame,lgw,Year 1, spring 1, Monday,30101,16.7
frame,lgw,Year 1, spring 1, Monday,30102,16.5
frame,lgw,Year 1, spring 1, Monday,30103,16.6
frame,lgw,Year 1, spring 1, Monday,30104,16.6
frame,lgw,Year 1, spring 1, Monday,30105,16.7
frame,lgw,Year 1, spring 1, Monday,30106,16.7
frame,lgw,Year 1, spring 1, Monday,30107,16.7
frame,lgw,Year 1, spring 1, Monday,30108,16.9
frame,lgw,Year 1, spring 1, Monday,30109,16.7
frame,lgw,Year 1, spring 1, Monday,30110,16.6
frame,lgw,Year 1, spring 1, Monday,30111,16.6
frame,lgw,Year 1, spring 1, Monday,30112,16.7
frame,lgw,Year 1, spring 1, Monday,30113,16.7
frame,lgw,Year 1, spring 1, Monday,30114,16.4
frame,lgw,Year 1, spring 1, Monday,30115,16.6
frame,lgw,Year 1, spring 1, Monday,30116,16.7
frame,lgw,Year 1, spring 1, Monday,30117,16.7
frame,lgw,Year 1, spring 1, Monday,30118,16.7
frame,lgw,Year 1, spring 1, Monday,30119,16.6
frame,lgw,Year 1, spring 1, Monday,30120,16.8
frame,lgw,Year 1, spring 1, Monday,30121,16.6
frame,lgw,Year 1, spring 1, Monday,30122,16.6
frame,lgw,Year 1, spring 1, Monday,30123,16.6
frame,lgw,Year 1, spring 1, Monday,30124,16.7
frame,lgw,Year 1, spring 1, Monday,30125,17.0
frame,lgw,Year 1, spring 1, Monday,30126,16.3
frame,lgw,Year 1, spring 1, Monday,30127,16.7
frame,lgw,Year 1, spring 1, Monday,30128,16.7
frame,lgw,Year 1, spring 1, Monday,30129,16.6
frame,lgw,Year 1, spring 1, Monday,30130,19.2
frame,lgw,Year 1, spring 1, Monday,30131,14.2
frame,lgw,Year 1, spring 1, Monday,30132,16.6
frame,lgw,Year 1, spring 1, Monday,30133,16.9
frame,lgw,Year 1, spring 1, Monday,30134,16.5
frame,lgw,Year 1, spring 1, Monday,30135,16.6
frame,lgw,Year 1, spring 1, Monday,30136,16.8
frame,lgw,Year 1, spring 1, Monday,30137,16.6
frame,lgw,Year 1, spring 1, Monday,30138,16.7
frame,lgw,Year 1, spring 1, Monday,30139,16.6
frame,lgw,Year 1, spring 1, Monday,30140,16.6
frame,lgw,Year 1, spring 1, Monday,30141,16.6
frame,lgw,Year 1, spring 1, Monday,30142,16.7
frame,lgw,Year 1, spring 1, Monday,30143,16.7
frame,lgw,Year 1, spring 1, Monday,30144,16.6
frame,lgw,Year 1, spring 1, Monday,30145,16.7
frame,lgw,Year 1, spring 1, Monday,30146,16.7
frame,lgw,Year 1, spring 1, Monday,30147,17.3
frame,lgw,Year 1, spring 1, Monday,30148,16.3
frame,lgw,Year 1, spring 1, Monday,30149,16.3
frame,lgw,Year 1, spring 1, Monday,30150,16.7
frame,lgw,Year 1, spring 1, Monday,30151,16.9
frame,lgw,Year 1, spring 1, Monday,30152,16.7
frame,lgw,Year 1, spring 1, Monday,30153,16.7
frame,lgw,Year 1, spring 1, Monday,30154,16.5
frame,lgw,Year 1, spring 1, Monday,30155,16.6
frame,lgw,Year 1, spring 1, Monday,30156,16.7
frame,lgw,Year 1, spring 1, Monday,30157,16.7
frame,lgw,Year 1, spring 1, Monday,30158,16.7
frame,lgw,Year 1, spring 1, Monday,30159,16.6
frame,lgw,Year 1, spring 1, Monday,30160,16.7
frame,lgw,Year 1, spring 1, Monday,30161,16.6
frame,lgw,Year 1, spring 1, Monday,30162,16.7
frame,lgw,Year 1, spring 1, Monday,30163,16.9
frame,lgw,Year 1, spring 1, Monday,30164,16.5
frame,lgw,Year 1, spring 1, Monday,30165,16.7
frame,lgw,Year 1, spring 1, Monday,30166,16.6
frame,lgw,Year 1, spring 1, Monday,30167,16.8
frame,lgw,Year 1, spring 1, Monday,30168,16.6
frame,lgw,Year 1, spring 1, Monday,30169,16.6
frame,lgw,Year 1, spring 1, Monday,30170,16.7
frame,lgw,Year 1, spring 1, Monday,30171,16.7
frame,lgw,Year 1, spring 1, Monday,30172,16.6
frame,lgw,Year 1, spring 1, Monday,30173,16.7
frame,lgw,Year 1, spring 1, Monday,30174,16.6
frame,lgw,Year 1, spring 1, Monday,30175,16.7
frame,lgw,Year 1, spring 1, Monday,30176,16.7
frame,lgw,Year 1, spring 1, Monday,30177,16.8
frame,lgw,Year 1, spring 1, Monday,30178,16.6
frame,lgw,Year 1, spring 1, Monday,30179,17.2
frame,lgw,Year 1, spring 1, Monday,30180,16.1
frame,lgw,Year 1, spring 1, Monday,30181,16.6
frame,lgw,Year 1, spring 1, Monday,30182,16.7
frame,lgw,Year 1, spring 1, Monday,30183,16.7
frame,lgw,Year 1, spring 1, Monday,30184,16.8
frame,lgw,Year 1, spring 1, Monday,30185,16.6
frame,lgw,Year 1, spring 1, Monday,30186,16.6
frame,lgw,Year 1, spring 1, Monday,30187,16.6
frame,lgw,Year 1, spring 1, Monday,30188,16.8
frame,lgw,Year 1, spring 1, Monday,30189,16.5
frame,lgw,Year 1, spring 1, Monday,30190,16.7
frame,lgw,Year 1, spring 1, Monday,30191,16.7
frame,lgw,Year 1, spring 1, Monday,30192,16.6
frame,lgw,Year 1, spring 1, Monday,30193,16.9
frame,lgw,Year 1, spring 1, Monday,30194,16.4
frame,lgw,Year 1, spring 1, Monday,30195,16.8
frame,lgw,Year 1, spring 1, Monday,30196,16.6
frame,lgw,Year 1, spring 1, Monday,30197,16.7
frame,lgw,Year 1, spring 1, Monday,30198,16.6
frame,lgw,Year 1, spring 1, Monday,30199,16.6
frame,lgw,Year 1, spring 1, Monday,30200,16.7
frame,lgw,Year 1, spring 1, Monday,30201,16.7
frame,lgw,Year 1, spring 1, Monday,30202,16.6
frame,lgw,Year 1, spring 1, Monday,30203,16.7
frame,lgw,Year 1, spring 1, Monday,30204,16.7
frame,lgw,Year 1, spring 1, Monday,30205,16.7
frame,lgw,Year 1, spring 1, Monday,30206,16.8
frame,lgw,Year 1, spring 1, Monday,30207,16.6
frame,lgw,Year 1, spring 1, Monday,30208,16.7
frame,lgw,Year 1, spring 1, Monday,30209,16.7
frame,lgw,Year 1, spring 1, Monday,30210,16.6
frame,lgw,Year 1, spring 1, Monday,30211,17.1
frame,lgw,Year 1, spring 1, Monday,30212,16.7
frame,lgw,Year 1, spring 1, Monday,30213,16.2
frame,lgw,Year 1, spring 1, Monday,30214,16.6
frame,lgw,Year 1, spring 1, Monday,30215,16.6
frame,lgw,Year 1, spring 1, Monday,30216,16.6
frame,lgw,Year 1, spring 1, Monday,30217,16.7
frame,lgw,Year 1, spring 1, Monday,30218,16.9
frame,lgw,Year 1, spring 1, Monday,30219,16.5
frame,lgw,Year 1, spring 1, Monday,30220,16.8
frame,lgw,Year 1, spring 1, Monday,30221,16.6
frame,lgw,Year 1, spring 1, Monday,30222,16.6
frame,lgw,Year 1, spring 1, Monday,30223,16.7
frame,lgw,Year 1, spring 1, Monday,30224,16.7
frame,lgw,Year 1, spring 1, Monday,30225,16.6
frame,lgw,Year 1, spring 1, Monday,30226,16.6
frame,lgw,Year 1, spring 1, Monday,30227,16.7
frame,lgw,Year 1, spring 1, Monday,30228,16.6
frame,lgw,Year 1, spring 1, Monday,30229,16.7
frame,lgw,Year 1, spring 1, Monday,30230,16.7
frame,lgw,Year 1, spring 1, Monday,30231,16.7
frame,lgw,Year 1, spring 1, Monday,30232,16.7
frame,lgw,Year 1, spring 1, Monday,30233,16.6
frame,lgw,Year 1, spring 1, Monday,30234,16.6
frame,lgw,Year 1, spring 1, Monday,30235,16.7
frame,lgw,Year 1, spring 1, Monday,30236,16.8
frame,lgw,Year 1, spring 1, Monday,30237,16.6
frame,lgw,Year 1, spring 1, Monday,30238,16.8
frame,lgw,Year 1, spring 1, Monday,30239,16.6
frame,lgw,Year 1, spring 1, Monday,30240,16.6
frame,lgw,Year 1, spring 1, Monday,30241,16.7
frame,lgw,Year 1, spring 1, Monday,30242,16.7
frame,lgw,Year 1, spring 1, Monday,30243,16.7
frame,lgw,Year 1, spring 1, Monday,30244,16.7
frame,lgw,Year 1, spring 1, Monday,30245,16.7
frame,lgw,Year 1, spring 1, Monday,30246,16.8
frame,lgw,Year 1, spring 1, Monday,30247,16.6
frame,lgw,Year 1, spring 1, Monday,30248,16.6
frame,lgw,Year 1, spring 1, Monday,30249,18.0
frame,lgw,Year 1, spring 1, Monday,30250,15.5
frame,lgw,Year 1, spring 1, Monday,30251,16.4
frame,lgw,Year 1, spring 1, Monday,30252,16.8
frame,lgw,Year 1, spring 1, Monday,30253,16.7
frame,lgw,Year 1, spring 1, Monday,30254,16.6
frame,lgw,Year 1, spring 1, Monday,30255,16.6
frame,lgw,Year 1, spring 1, Monday,30256,16.7
frame,lgw,Year 1, spring 1, Monday,30257,16.7
frame,lgw,Year 1, spring 1, Monday,30258,16.7
frame,lgw,Year 1, spring 1, Monday,30259,16.6
frame,lgw,Year 1, spring 1, Monday,30260,16.7
frame,lgw,Year 1, spring 1, Monday,30261,16.6
frame,lgw,Year 1, spring 1, Monday,30262,16.6
frame,lgw,Year 1, spring 1, Monday,30263,16.7
frame,lgw,Year 1, spring 1, Monday,30264,16.7
frame,lgw,Year 1, spring 1, Monday,30265,16.7
frame,lgw,Year 1, spring 1, Monday,30266,16.6
frame,lgw,Year 1, spring 1, Monday,30267,16.7
frame,lgw,Year 1, spring 1, Monday,30268,16.7
frame,lgw,Year 1, spring 1, Monday,30269,16.7
frame,lgw,Year 1, spring 1, Monday,30270,16.7
frame,lgw,Year 1, spring 1, Monday,30271,16.8
frame,lgw,Year 1, spring 1, Monday,30272,16.5
frame,lgw,Year 1, spring 1, Monday,30273,16.7
frame,lgw,Year 1, spring 1, Monday,30274,16.7
frame,lgw,Year 1, spring 1, Monday,30275,16.7
frame,lgw,Year 1, spring 1, Monday,30276,16.6
frame,lgw,Year 1, spring 1, Monday,30277,16.7
frame,lgw,Year 1, spring 1, Monday,30278,16.7
frame,lgw,Year 1, spring 1, Monday,30279,16.7
frame,lgw,Year 1, spring 1, Monday,30280,16.7
frame,lgw,Year 1, spring 1, Monday,30281,16.7
frame,lgw,Year 1, spring 1, Monday,30282,16.7
frame,lgw,Year 1, spring 1, Monday,30283,16.6
frame,lgw,Year 1, spring 1, Monday,30284,16.7
frame,lgw,Year 1, spring 1, Monday,30285,16.7
frame,lgw,Year 1, spring 1, Monday,30286,16.6
frame,lgw,Year 1, spring 1, Monday,30287,16.7
frame,lgw,Year 1, spring 1, Monday,30288,16.6
frame,lgw,Year 1, spring 1, Monday,30289,16.7
frame,lgw,Year 1, spring 1, Monday,30290,16.7
frame,lgw,Year 1, spring 1, Monday,30291,16.7
frame,lgw,Year 1, spring 1, Monday,30292,16.7
frame,lgw,Year 1, spring 1, Monday,30293,16.7
frame,lgw,Year 1, spring 1, Monday,30294,16.7
frame,lgw,Year 1, spring 1, Monday,30295,16.7
frame,lgw,Year 1, spring 1, Monday,30296,17.6
frame,lgw,Year 1, spring 1, Monday,30297,15.7
frame,lgw,Year 1, spring 1, Monday,30298,16.7
frame,lgw,Year 1, spring 1, Monday,30299,16.7
frame,lgw,Year 1, spring 1, Monday,30300,16.6
frame,lgw,Year 1, spring 1, Monday,30301,16.6
frame,lgw,Year 1, spring 1, Monday,30302,16.7
frame,lgw,Year 1, spring 1, Monday,30303,16.7
frame,lgw,Year 1, spring 1, Monday,30304,16.7
frame,lgw,Year 1, spring 1, Monday,30305,16.7
frame,lgw,Year 1, spring 1, Monday,30306,16.6
frame,lgw,Year 1, spring 1, Monday,30307,16.7
frame,lgw,Year 1, spring 1, Monday,30308,16.8
frame,lgw,Year 1, spring 1, Monday,30309,16.5
frame,lgw,Year 1, spring 1, Monday,30310,16.7
frame,lgw,Year 1, spring 1, Monday,30311,16.9
frame,lgw,Year 1, spring 1, Monday,30312,16.5
frame,lgw,Year 1, spring 1, Monday,30313,16.6
frame,lgw,Year 1, spring 1, Monday,30314,16.7
frame,lgw,Year 1, spring 1, Monday,30315,16.7
frame,lgw,Year 1, spring 1, Monday,30316,16.7
frame,lgw,Year 1, spring 1, Monday,30317,16.6
frame,lgw,Year 1, spring 1, Monday,30318,16.7
frame,lgw,Year 1, spring 1, Monday,30319,16.6
frame,lgw,Year 1, spring 1, Monday,30320,16.7
frame,lgw,Year 1, spring 1, Monday,30321,16.6
frame,lgw,Year 1, spring 1, Monday,30322,16.6
frame,lgw,Year 1, spring 1, Monday,30323,16.6
frame,lgw,Year 1, spring 1, Monday,30324,16.7
frame,lgw,Year 1, spring 1, Monday,30325,16.7
frame,lgw,Year 1, spring 1, Monday,30326,16.7
frame,lgw,Year 1, spring 1, Monday,30327,16.7
frame,lgw,Year 1, spring 1, Monday,30328,16.7
frame,lgw,Year 1, spring 1, Monday,30329,16.7
frame,lgw,Year 1, spring 1, Monday,30330,16.6
frame,lgw,Year 1, spring 1, Monday,30331,17.1
frame,lgw,Year 1, spring 1, Monday,30332,16.4
frame,lgw,Year 1, spring 1, Monday,30333,16.7
frame,lgw,Year 1, spring 1, Monday,30334,16.7
frame,lgw,Year 1, spring 1, Monday,30335,16.6
frame,lgw,Year 1, spring 1, Monday,30336,16.6
frame,lgw,Year 1, spring 1, Monday,30337,16.7
frame,lgw,Year 1, spring 1, Monday,30338,16.7
frame,lgw,Year 1, spring 1, Monday,30339,16.6
frame,lgw,Year 1, spring 1, Monday,30340,16.7
frame,lgw,Year 1, spring 1, Monday,30341,16.6
frame,lgw,Year 1, spring 1, Monday,30342,16.7
frame,lgw,Year 1, spring 1, Monday,30343,16.7
frame,lgw,Year 1, spring 1, Monday,30344,16.7
frame,lgw,Year 1, spring 1, Monday,30345,16.6
frame,lgw,Year 1, spring 1, Monday,30346,16.7
frame,lgw,Year 1, spring 1, Monday,30347,16.6
frame,lgw,Year 1, spring 1, Monday,30348,16.7
frame,lgw,Year 1, spring 1, Monday,30349,16.7
frame,lgw,Year 1, spring 1, Monday,30350,16.7
frame,lgw,Year 1, spring 1, Monday,30351,16.8
frame,lgw,Year 1, spring 1, Monday,30352,16.5
frame,lgw,Year 1, spring 1, Monday,30353,16.6
frame,lgw,Year 1, spring 1, Monday,30354,16.7
frame,lgw,Year 1, spring 1, Monday,30355,16.7
frame,lgw,Year 1, spring 1, Monday,30356,16.7
frame,lgw,Year 1, spring 1, Monday,30357,16.7
frame,lgw,Year 1, spring 1, Monday,30358,16.7
frame,lgw,Year 1, spring 1, Monday,30359,16.7
frame,lgw,Year 1, spring 1, Monday,30360,16.6
frame,lgw,Year 1, spring 1, Monday,30361,16.7
frame,lgw,Year 1, spring 1, Monday,30362,16.7
frame,lgw,Year 1, spring 1, Monday,30363,16.7
frame,lgw,Year 1, spring 1, Monday,30364,16.7
frame,lgw,Year 1, spring 1, Monday,30365,16.7
frame,lgw,Year 1, spring 1, Monday,30366,16.7
frame,lgw,Year 1, spring 1, Monday,30367,16.7
frame,lgw,Year 1, spring 1, Monday,30368,16.7
frame,lgw,Year 1, spring 1, Monday,30369,16.6
frame,lgw,Year 1, spring 1, Monday,30370,16.6
frame,lgw,Year 1, spring 1, Monday,30371,16.8
frame,lgw,Year 1, spring 1, Monday,30372,16.5
frame,lgw,Year 1, spring 1, Monday,30373,16.8
frame,lgw,Year 1, spring 1, Monday,30374,16.7
frame,lgw,Year 1, spring 1, Monday,30375,16.6
frame,lgw,Year 1, spring 1, Monday,30376,16.7
frame,lgw,Year 1, spring 1, Monday,30377,16.7
frame,lgw,Year 1, spring 1, Monday,30378,16.8
frame,lgw,Year 1, spring 1, Monday,30379,16.5
frame,lgw,Year 1, spring 1, Monday,30380,16.7
frame,lgw,Year 1, spring 1, Monday,30381,16.7
frame,lgw,Year 1, spring 1, Monday,30382,16.6
frame,lgw,Year 1, spring 1, Monday,30383,16.6
frame,lgw,Year 1, spring 1, Monday,30384,16.6
frame,lgw,Year 1, spring 1, Monday,30385,17.0
frame,lgw,Year 1, spring 1, Monday,30386,16.5
frame,lgw,Year 1, spring 1, Monday,30387,16.4
frame,lgw,Year 1, spring 1, Monday,30388,16.7
frame,lgw,Year 1, spring 1, Monday,30389,16.7
frame,lgw,Year 1, spring 1, Monday,30390,16.7
frame,lgw,Year 1, spring 1, Monday,30391,16.7
frame,lgw,Year 1, spring 1, Monday,30392,16.8
frame,lgw,Year 1, spring 1, Monday,30393,16.4
frame,lgw,Year 1, spring 1, Monday,30394,16.7
frame,lgw,Year 1, spring 1, Monday,30395,16.7
frame,lgw,Year 1, spring 1, Monday,30396,16.7
frame,lgw,Year 1, spring 1, Monday,30397,16.7
frame,lgw,Year 1, spring 1, Monday,30398,16.7
frame,lgw,Year 1, spring 1, Monday,30399,16.8
frame,lgw,Year 1, spring 1, Monday,30400,16.7
frame,lgw,Year 1, spring 1, Monday,30401,16.6
frame,lgw,Year 1, spring 1, Monday,30402,16.6
frame,lgw,Year 1, spring 1, Monday,30403,16.7
frame,lgw,Year 1, spring 1, Monday,30404,16.7
frame,lgw,Year 1, spring 1, Monday,30405,16.6
frame,lgw,Year 1, spring 1, Monday,30406,16.7
frame,lgw,Year 1, spring 1, Monday,30407,16.7
frame,lgw,Year 1, spring 1, Monday,30408,16.6
frame,lgw,Year 1, spring 1, Monday,30409,16.7
frame,lgw,Year 1, spring 1, Monday,30410,16.7
frame,lgw,Year 1, spring 1, Monday,30411,16.7
frame,lgw,Year 1, spring 1, Monday,30412,16.7
frame,lgw,Year 1, spring 1, Monday,30413,16.6
frame,lgw,Year 1, spring 1, Monday,30414,16.8
frame,lgw,Year 1, spring 1, Monday,30415,16.6
frame,lgw,Year 1, spring 1, Monday,30416,16.7
frame,lgw,Year 1, spring 1, Monday,30417,16.7
frame,lgw,Year 1, spring 1, Monday,30418,16.6
frame,lgw,Year 1, spring 1, Monday,30419,16.7
frame,lgw,Year 1, spring 1, Monday,30420,16.6
frame,lgw,Year 1, spring 1, Monday,30421,16.6
frame,lgw,Year 1, spring 1, Monday,30422,16.7
frame,lgw,Year 1, spring 1, Monday,30423,16.6
frame,lgw,Year 1, spring 1, Monday,30424,22.6
frame,lgw,Year 1, spring 1, Monday,30425,12.2
frame,lgw,Year 1, spring 1, Monday,30426,15.2
frame,lgw,Year 1, spring 1, Monday,30427,16.7
frame,lgw,Year 1, spring 1, Monday,30428,16.9
frame,lgw,Year 1, spring 1, Monday,30429,16.5
frame,lgw,Year 1, spring 1, Monday,30430,16.6
frame,lgw,Year 1, spring 1, Monday,30431,16.7
frame,lgw,Year 1, spring 1, Monday,30432,16.6
frame,lgw,Year 1, spring 1, Monday,30433,16.8
frame,lgw,Year 1, spring 1, Monday,30434,16.6
frame,lgw,Year 1, spring 1, Monday,30435,16.7
frame,lgw,Year 1, spring 1, Monday,30436,16.7
frame,lgw,Year 1, spring 1, Monday,30437,16.7
frame,lgw,Year 1, spring 1, Monday,30438,16.7
frame,lgw,Year 1, spring 1, Monday,30439,16.6
frame,lgw,Year 1, spring 1, Monday,30440,16.6
frame,lgw,Year 1, spring 1, Monday,30441,16.7
frame,lgw,Year 1, spring 1, Monday,30442,16.7
frame,lgw,Year 1, spring 1, Monday,30443,16.6
frame,lgw,Year 1, spring 1, Monday,30444,16.6
frame,lgw,Year 1, spring 1, Monday,30445,16.7
frame,lgw,Year 1, spring 1, Monday,30446,16.7
frame,lgw,Year 1, spring 1, Monday,30447,16.7
frame,lgw,Year 1, spring 1, Monday,30448,16.7
frame,lgw,Year 1, spring 1, Monday,30449,16.6
frame,lgw,Year 1, spring 1, Monday,30450,16.7
frame,lgw,Year 1, spring 1, Monday,30451,16.7
frame,lgw,Year 1, spring 1, Monday,30452,16.6
frame,lgw,Year 1, spring 1, Monday,30453,16.8
frame,lgw,Year 1, spring 1, Monday,30454,16.7
frame,lgw,Year 1, spring 1, Monday,30455,16.5
frame,lgw,Year 1, spring 1, Monday,30456,16.7
frame,lgw,Year 1, spring 1, Monday,30457,16.7
frame,lgw,Year 1, spring 1, Monday,30458,16.7
frame,lgw,Year 1, spring 1, Monday,30459,16.7
frame,lgw,Year 1, spring 1, Monday,30460,16.6
frame,lgw,Year 1, spring 1, Monday,30461,16.6
frame,lgw,Year 1, spring 1, Monday,30462,16.7
frame,lgw,Year 1, spring 1, Monday,30463,16.7
frame,lgw,Year 1, spring 1, Monday,30464,16.6
frame,lgw,Year 1, spring 1, Monday,30465,16.7
frame,lgw,Year 1, spring 1, Monday,30466,16.6
frame,lgw,Year 1, spring 1, Monday,30467,16.7
frame,lgw,Year 1, spring 1, Monday,30468,16.7
frame,lgw,Year 1, spring 1, Monday,30469,16.7
frame,lgw,Year 1, spring 1, Monday,30470,16.6
frame,lgw,Year 1, spring 1, Monday,30471,16.7
frame,lgw,Year 1, spring 1, Monday,30472,16.6
frame,lgw,Year 1, spring 1, Monday,30473,16.6
frame,lgw,Year 1, spring 1, Monday,30474,16.6
frame,lgw,Year 1, spring 1, Monday,30475,16.8
frame,lgw,Year 1, spring 1, Monday,30476,16.6
frame,lgw,Year 1, spring 1, Monday,30477,16.6
frame,lgw,Year 1, spring 1, Monday,30478,16.7
frame,lgw,Year 1, spring 1, Monday,30479,16.7
frame,lgw,Year 1, spring 1, Monday,30480,16.8
frame,lgw,Year 1, spring 1, Monday,30481,16.6
frame,lgw,Year 1, spring 1, Monday,30482,16.6
frame,lgw,Year 1, spring 1, Monday,30483,16.7
frame,lgw,Year 1, spring 1, Monday,30484,16.7
frame,lgw,Year 1, spring 1, Monday,30485,16.6
frame,lgw,Year 1, spring 1, Monday,30486,16.7
frame,lgw,Year 1, spring 1, Monday,30487,16.6
frame,lgw,Year 1, spring 1, Monday,30488,16.8
frame,lgw,Year 1, spring 1, Monday,30489,16.6
frame,lgw,Year 1, spring 1, Monday,30490,16.7
frame,lgw,Year 1, spring 1, Monday,30491,16.8
frame,lgw,Year 1, spring 1, Monday,30492,16.6
frame,lgw,Year 1, spring 1, Monday,30493,16.6
frame,lgw,Year 1, spring 1, Monday,30494,16.7
frame,lgw,Year 1, spring 1, Monday,30495,16.7
frame,lgw,Year 1, spring 1, Monday,30496,16.7
frame,lgw,Year 1, spring 1, Monday,30497,16.6
frame,lgw,Year 1, spring 1, Monday,30498,16.6
