kind,player,date,name,calls,total_ms,avg_ms,max_ms
switch,lgw,Year 1, spring 24, Wednesday,610,72.0
switch,lgw,Year 1, spring 24, Wednesday,620,18.5
switch,lgw,Year 1, spring 24, Wednesday,630,18.5
switch,lgw,Year 1, spring 24, Wednesday,640,17.9
switchdetail,lgw,Year 1, spring 24, Wednesday,600,0,0.0
switchdetail,lgw,Year 1, spring 24, Wednesday,610,0,0.0
switchdetail,lgw,Year 1, spring 24, Wednesday,620,0,0.0
switchdetail,lgw,Year 1, spring 24, Wednesday,630,0,0.0
lag,lgw,Year 1, spring 24, Wednesday,2,241.8
lag,lgw,Year 1, spring 24, Wednesday,7,58.7
lag,lgw,Year 1, spring 24, Wednesday,23,338.1
lag,lgw,Year 1, spring 24, Wednesday,53,64.3
lag,lgw,Year 1, spring 24, Wednesday,68,60.1
lag,lgw,Year 1, spring 24, Wednesday,1720,133.5
lag,lgw,Year 1, spring 24, Wednesday,1879,641.3
lag,lgw,Year 1, spring 24, Wednesday,1909,104.1
lag,lgw,Year 1, spring 24, Wednesday,2166,3721.7
lag,lgw,Year 1, spring 24, Wednesday,2167,118.7
lag,lgw,Year 1, spring 24, Wednesday,2170,98.3
lag,lgw,Year 1, spring 24, Wednesday,2874,56.3
lag,lgw,Year 1, spring 24, Wednesday,2875,90.6
lag,lgw,Year 1, spring 24, Wednesday,2932,72.0
lag,lgw,Year 1, spring 24, Wednesday,4981,74.5
lag,lgw,Year 1, spring 24, Wednesday,5060,72.7
lag,lgw,Year 1, spring 24, Wednesday,5162,96.9
lag,lgw,Year 1, spring 24, Wednesday,5178,75.8
lag,lgw,Year 1, spring 24, Wednesday,5523,602.1
frame,lgw,Year 1, spring 24, Wednesday,5120,22.4
frame,lgw,Year 1, spring 24, Wednesday,5121,22.8
frame,lgw,Year 1, spring 24, Wednesday,5122,1.1
frame,lgw,Year 1, spring 24, Wednesday,5123,21.8
frame,lgw,Year 1, spring 24, Wednesday,5124,24.8
frame,lgw,Year 1, spring 24, Wednesday,5125,22.4
frame,lgw,Year 1, spring 24, Wednesday,5126,4.4
frame,lgw,Year 1, spring 24, Wednesday,5127,22.5
frame,lgw,Year 1, spring 24, Wednesday,5128,23.3
frame,lgw,Year 1, spring 24, Wednesday,5129,1.8
frame,lgw,Year 1, spring 24, Wednesday,5130,22.4
frame,lgw,Year 1, spring 24, Wednesday,5131,24.9
frame,lgw,Year 1, spring 24, Wednesday,5132,2.5
frame,lgw,Year 1, spring 24, Wednesday,5133,26.2
frame,lgw,Year 1, spring 24, Wednesday,5134,21.6
frame,lgw,Year 1, spring 24, Wednesday,5135,1.7
frame,lgw,Year 1, spring 24, Wednesday,5136,24.3
frame,lgw,Year 1, spring 24, Wednesday,5137,23.4
frame,lgw,Year 1, spring 24, Wednesday,5138,0.8
frame,lgw,Year 1, spring 24, Wednesday,5139,24.5
frame,lgw,Year 1, spring 24, Wednesday,5140,23.1
frame,lgw,Year 1, spring 24, Wednesday,5141,3.9
frame,lgw,Year 1, spring 24, Wednesday,5142,23.1
frame,lgw,Year 1, spring 24, Wednesday,5143,26.7
frame,lgw,Year 1, spring 24, Wednesday,5144,1.3
frame,lgw,Year 1, spring 24, Wednesday,5145,23.2
frame,lgw,Year 1, spring 24, Wednesday,5146,23.9
frame,lgw,Year 1, spring 24, Wednesday,5147,1.4
frame,lgw,Year 1, spring 24, Wednesday,5148,24.1
frame,lgw,Year 1, spring 24, Wednesday,5149,21.9
frame,lgw,Year 1, spring 24, Wednesday,5150,1.3
frame,lgw,Year 1, spring 24, Wednesday,5151,24.2
frame,lgw,Year 1, spring 24, Wednesday,5152,22.2
frame,lgw,Year 1, spring 24, Wednesday,5153,23.4
frame,lgw,Year 1, spring 24, Wednesday,5154,1.1
frame,lgw,Year 1, spring 24, Wednesday,5155,22.0
frame,lgw,Year 1, spring 24, Wednesday,5156,24.5
frame,lgw,Year 1, spring 24, Wednesday,5157,2.0
frame,lgw,Year 1, spring 24, Wednesday,5158,24.1
frame,lgw,Year 1, spring 24, Wednesday,5159,21.3
frame,lgw,Year 1, spring 24, Wednesday,5160,6.5
frame,lgw,Year 1, spring 24, Wednesday,5161,96.9
frame,lgw,Year 1, spring 24, Wednesday,5162,0.9
frame,lgw,Year 1, spring 24, Wednesday,5163,0.6
frame,lgw,Year 1, spring 24, Wednesday,5164,0.7
frame,lgw,Year 1, spring 24, Wednesday,5165,0.5
frame,lgw,Year 1, spring 24, Wednesday,5166,1.3
frame,lgw,Year 1, spring 24, Wednesday,5167,8.8
frame,lgw,Year 1, spring 24, Wednesday,5168,17.1
frame,lgw,Year 1, spring 24, Wednesday,5169,18.4
frame,lgw,Year 1, spring 24, Wednesday,5170,14.5
frame,lgw,Year 1, spring 24, Wednesday,5171,16.4
frame,lgw,Year 1, spring 24, Wednesday,5172,16.8
frame,lgw,Year 1, spring 24, Wednesday,5173,16.4
frame,lgw,Year 1, spring 24, Wednesday,5174,17.3
frame,lgw,Year 1, spring 24, Wednesday,5175,17.1
frame,lgw,Year 1, spring 24, Wednesday,5176,15.8
frame,lgw,Year 1, spring 24, Wednesday,5177,75.8
frame,lgw,Year 1, spring 24, Wednesday,5178,1.0
frame,lgw,Year 1, spring 24, Wednesday,5179,0.8
frame,lgw,Year 1, spring 24, Wednesday,5180,1.3
frame,lgw,Year 1, spring 24, Wednesday,5181,24.6
frame,lgw,Year 1, spring 24, Wednesday,5182,0.9
frame,lgw,Year 1, spring 24, Wednesday,5183,24.1
frame,lgw,Year 1, spring 24, Wednesday,5184,27.0
frame,lgw,Year 1, spring 24, Wednesday,5185,1.0
frame,lgw,Year 1, spring 24, Wednesday,5186,23.9
frame,lgw,Year 1, spring 24, Wednesday,5187,23.2
frame,lgw,Year 1, spring 24, Wednesday,5188,0.7
frame,lgw,Year 1, spring 24, Wednesday,5189,23.8
frame,lgw,Year 1, spring 24, Wednesday,5190,21.7
frame,lgw,Year 1, spring 24, Wednesday,5191,23.8
frame,lgw,Year 1, spring 24, Wednesday,5192,1.5
frame,lgw,Year 1, spring 24, Wednesday,5193,22.5
frame,lgw,Year 1, spring 24, Wednesday,5194,24.2
frame,lgw,Year 1, spring 24, Wednesday,5195,1.4
frame,lgw,Year 1, spring 24, Wednesday,5196,24.3
frame,lgw,Year 1, spring 24, Wednesday,5197,22.6
frame,lgw,Year 1, spring 24, Wednesday,5198,0.9
frame,lgw,Year 1, spring 24, Wednesday,5199,24.0
frame,lgw,Year 1, spring 24, Wednesday,5200,22.5
frame,lgw,Year 1, spring 24, Wednesday,5201,2.0
frame,lgw,Year 1, spring 24, Wednesday,5202,25.1
frame,lgw,Year 1, spring 24, Wednesday,5203,22.4
frame,lgw,Year 1, spring 24, Wednesday,5204,0.8
frame,lgw,Year 1, spring 24, Wednesday,5205,23.6
frame,lgw,Year 1, spring 24, Wednesday,5206,22.5
frame,lgw,Year 1, spring 24, Wednesday,5207,24.4
frame,lgw,Year 1, spring 24, Wednesday,5208,1.0
frame,lgw,Year 1, spring 24, Wednesday,5209,24.1
frame,lgw,Year 1, spring 24, Wednesday,5210,23.8
frame,lgw,Year 1, spring 24, Wednesday,5211,1.3
frame,lgw,Year 1, spring 24, Wednesday,5212,21.9
frame,lgw,Year 1, spring 24, Wednesday,5213,21.8
frame,lgw,Year 1, spring 24, Wednesday,5214,26.0
frame,lgw,Year 1, spring 24, Wednesday,5215,1.5
frame,lgw,Year 1, spring 24, Wednesday,5216,21.6
frame,lgw,Year 1, spring 24, Wednesday,5217,23.6
frame,lgw,Year 1, spring 24, Wednesday,5218,1.5
frame,lgw,Year 1, spring 24, Wednesday,5219,22.1
frame,lgw,Year 1, spring 24, Wednesday,5220,26.0
frame,lgw,Year 1, spring 24, Wednesday,5221,0.9
frame,lgw,Year 1, spring 24, Wednesday,5222,22.6
frame,lgw,Year 1, spring 24, Wednesday,5223,22.6
frame,lgw,Year 1, spring 24, Wednesday,5224,1.0
frame,lgw,Year 1, spring 24, Wednesday,5225,22.0
frame,lgw,Year 1, spring 24, Wednesday,5226,24.2
frame,lgw,Year 1, spring 24, Wednesday,5227,23.0
frame,lgw,Year 1, spring 24, Wednesday,5228,1.9
frame,lgw,Year 1, spring 24, Wednesday,5229,22.4
frame,lgw,Year 1, spring 24, Wednesday,5230,23.6
frame,lgw,Year 1, spring 24, Wednesday,5231,1.9
frame,lgw,Year 1, spring 24, Wednesday,5232,22.5
frame,lgw,Year 1, spring 24, Wednesday,5233,24.2
frame,lgw,Year 1, spring 24, Wednesday,5234,22.3
frame,lgw,Year 1, spring 24, Wednesday,5235,1.4
frame,lgw,Year 1, spring 24, Wednesday,5236,22.8
frame,lgw,Year 1, spring 24, Wednesday,5237,21.8
frame,lgw,Year 1, spring 24, Wednesday,5238,1.4
frame,lgw,Year 1, spring 24, Wednesday,5239,24.0
frame,lgw,Year 1, spring 24, Wednesday,5240,23.0
frame,lgw,Year 1, spring 24, Wednesday,5241,1.1
frame,lgw,Year 1, spring 24, Wednesday,5242,24.6
frame,lgw,Year 1, spring 24, Wednesday,5243,22.1
frame,lgw,Year 1, spring 24, Wednesday,5244,23.5
frame,lgw,Year 1, spring 24, Wednesday,5245,0.7
frame,lgw,Year 1, spring 24, Wednesday,5246,21.9
frame,lgw,Year 1, spring 24, Wednesday,5247,23.6
frame,lgw,Year 1, spring 24, Wednesday,5248,1.9
frame,lgw,Year 1, spring 24, Wednesday,5249,22.6
frame,lgw,Year 1, spring 24, Wednesday,5250,26.9
frame,lgw,Year 1, spring 24, Wednesday,5251,22.7
frame,lgw,Year 1, spring 24, Wednesday,5252,0.8
frame,lgw,Year 1, spring 24, Wednesday,5253,22.8
frame,lgw,Year 1, spring 24, Wednesday,5254,24.3
frame,lgw,Year 1, spring 24, Wednesday,5255,2.1
frame,lgw,Year 1, spring 24, Wednesday,5256,22.5
frame,lgw,Year 1, spring 24, Wednesday,5257,24.8
frame,lgw,Year 1, spring 24, Wednesday,5258,3.2
frame,lgw,Year 1, spring 24, Wednesday,5259,25.0
frame,lgw,Year 1, spring 24, Wednesday,5260,23.5
frame,lgw,Year 1, spring 24, Wednesday,5261,1.1
frame,lgw,Year 1, spring 24, Wednesday,5262,25.8
frame,lgw,Year 1, spring 24, Wednesday,5263,1.2
frame,lgw,Year 1, spring 24, Wednesday,5264,22.5
frame,lgw,Year 1, spring 24, Wednesday,5265,22.7
frame,lgw,Year 1, spring 24, Wednesday,5266,22.3
frame,lgw,Year 1, spring 24, Wednesday,5267,2.9
frame,lgw,Year 1, spring 24, Wednesday,5268,22.1
frame,lgw,Year 1, spring 24, Wednesday,5269,23.4
frame,lgw,Year 1, spring 24, Wednesday,5270,1.0
frame,lgw,Year 1, spring 24, Wednesday,5271,22.3
frame,lgw,Year 1, spring 24, Wednesday,5272,21.8
frame,lgw,Year 1, spring 24, Wednesday,5273,22.9
frame,lgw,Year 1, spring 24, Wednesday,5274,1.0
frame,lgw,Year 1, spring 24, Wednesday,5275,24.4
frame,lgw,Year 1, spring 24, Wednesday,5276,22.4
frame,lgw,Year 1, spring 24, Wednesday,5277,0.9
frame,lgw,Year 1, spring 24, Wednesday,5278,23.9
frame,lgw,Year 1, spring 24, Wednesday,5279,21.9
frame,lgw,Year 1, spring 24, Wednesday,5280,23.5
frame,lgw,Year 1, spring 24, Wednesday,5281,1.2
frame,lgw,Year 1, spring 24, Wednesday,5282,22.2
frame,lgw,Year 1, spring 24, Wednesday,5283,23.4
frame,lgw,Year 1, spring 24, Wednesday,5284,1.3
frame,lgw,Year 1, spring 24, Wednesday,5285,22.1
frame,lgw,Year 1, spring 24, Wednesday,5286,24.9
frame,lgw,Year 1, spring 24, Wednesday,5287,22.1
frame,lgw,Year 1, spring 24, Wednesday,5288,0.8
frame,lgw,Year 1, spring 24, Wednesday,5289,23.6
frame,lgw,Year 1, spring 24, Wednesday,5290,22.0
frame,lgw,Year 1, spring 24, Wednesday,5291,0.9
frame,lgw,Year 1, spring 24, Wednesday,5292,22.8
frame,lgw,Year 1, spring 24, Wednesday,5293,22.8
frame,lgw,Year 1, spring 24, Wednesday,5294,23.8
frame,lgw,Year 1, spring 24, Wednesday,5295,0.7
frame,lgw,Year 1, spring 24, Wednesday,5296,22.6
frame,lgw,Year 1, spring 24, Wednesday,5297,24.8
frame,lgw,Year 1, spring 24, Wednesday,5298,1.0
frame,lgw,Year 1, spring 24, Wednesday,5299,22.5
frame,lgw,Year 1, spring 24, Wednesday,5300,23.6
frame,lgw,Year 1, spring 24, Wednesday,5301,22.2
frame,lgw,Year 1, spring 24, Wednesday,5302,0.7
frame,lgw,Year 1, spring 24, Wednesday,5303,23.2
frame,lgw,Year 1, spring 24, Wednesday,5304,21.4
frame,lgw,Year 1, spring 24, Wednesday,5305,0.8
frame,lgw,Year 1, spring 24, Wednesday,5306,22.4
frame,lgw,Year 1, spring 24, Wednesday,5307,22.7
frame,lgw,Year 1, spring 24, Wednesday,5308,23.0
frame,lgw,Year 1, spring 24, Wednesday,5309,1.0
frame,lgw,Year 1, spring 24, Wednesday,5310,22.5
frame,lgw,Year 1, spring 24, Wednesday,5311,22.1
frame,lgw,Year 1, spring 24, Wednesday,5312,23.7
frame,lgw,Year 1, spring 24, Wednesday,5313,1.1
frame,lgw,Year 1, spring 24, Wednesday,5314,22.6
frame,lgw,Year 1, spring 24, Wednesday,5315,22.9
frame,lgw,Year 1, spring 24, Wednesday,5316,1.7
frame,lgw,Year 1, spring 24, Wednesday,5317,21.7
frame,lgw,Year 1, spring 24, Wednesday,5318,22.6
frame,lgw,Year 1, spring 24, Wednesday,5319,21.5
frame,lgw,Year 1, spring 24, Wednesday,5320,0.7
frame,lgw,Year 1, spring 24, Wednesday,5321,22.6
frame,lgw,Year 1, spring 24, Wednesday,5322,22.7
frame,lgw,Year 1, spring 24, Wednesday,5323,24.0
frame,lgw,Year 1, spring 24, Wednesday,5324,1.4
frame,lgw,Year 1, spring 24, Wednesday,5325,21.7
frame,lgw,Year 1, spring 24, Wednesday,5326,23.0
frame,lgw,Year 1, spring 24, Wednesday,5327,1.1
frame,lgw,Year 1, spring 24, Wednesday,5328,21.5
frame,lgw,Year 1, spring 24, Wednesday,5329,24.9
frame,lgw,Year 1, spring 24, Wednesday,5330,22.1
frame,lgw,Year 1, spring 24, Wednesday,5331,1.2
frame,lgw,Year 1, spring 24, Wednesday,5332,23.8
frame,lgw,Year 1, spring 24, Wednesday,5333,21.8
frame,lgw,Year 1, spring 24, Wednesday,5334,1.1
frame,lgw,Year 1, spring 24, Wednesday,5335,23.4
frame,lgw,Year 1, spring 24, Wednesday,5336,22.7
frame,lgw,Year 1, spring 24, Wednesday,5337,23.9
frame,lgw,Year 1, spring 24, Wednesday,5338,1.1
frame,lgw,Year 1, spring 24, Wednesday,5339,21.6
frame,lgw,Year 1, spring 24, Wednesday,5340,24.4
frame,lgw,Year 1, spring 24, Wednesday,5341,0.9
frame,lgw,Year 1, spring 24, Wednesday,5342,21.7
frame,lgw,Year 1, spring 24, Wednesday,5343,24.1
frame,lgw,Year 1, spring 24, Wednesday,5344,22.6
frame,lgw,Year 1, spring 24, Wednesday,5345,0.8
frame,lgw,Year 1, spring 24, Wednesday,5346,22.5
frame,lgw,Year 1, spring 24, Wednesday,5347,21.8
frame,lgw,Year 1, spring 24, Wednesday,5348,1.2
frame,lgw,Year 1, spring 24, Wednesday,5349,23.2
frame,lgw,Year 1, spring 24, Wednesday,5350,21.9
frame,lgw,Year 1, spring 24, Wednesday,5351,24.7
frame,lgw,Year 1, spring 24, Wednesday,5352,1.3
frame,lgw,Year 1, spring 24, Wednesday,5353,21.6
frame,lgw,Year 1, spring 24, Wednesday,5354,22.1
frame,lgw,Year 1, spring 24, Wednesday,5355,0.7
frame,lgw,Year 1, spring 24, Wednesday,5356,21.8
frame,lgw,Year 1, spring 24, Wednesday,5357,23.4
frame,lgw,Year 1, spring 24, Wednesday,5358,25.0
frame,lgw,Year 1, spring 24, Wednesday,5359,0.8
frame,lgw,Year 1, spring 24, Wednesday,5360,22.2
frame,lgw,Year 1, spring 24, Wednesday,5361,21.9
frame,lgw,Year 1, spring 24, Wednesday,5362,0.7
frame,lgw,Year 1, spring 24, Wednesday,5363,22.6
frame,lgw,Year 1, spring 24, Wednesday,5364,22.4
frame,lgw,Year 1, spring 24, Wednesday,5365,21.8
frame,lgw,Year 1, spring 24, Wednesday,5366,2.1
frame,lgw,Year 1, spring 24, Wednesday,5367,22.5
frame,lgw,Year 1, spring 24, Wednesday,5368,22.2
frame,lgw,Year 1, spring 24, Wednesday,5369,24.5
frame,lgw,Year 1, spring 24, Wednesday,5370,0.8
frame,lgw,Year 1, spring 24, Wednesday,5371,23.4
frame,lgw,Year 1, spring 24, Wednesday,5372,21.7
frame,lgw,Year 1, spring 24, Wednesday,5373,0.6
frame,lgw,Year 1, spring 24, Wednesday,5374,23.0
frame,lgw,Year 1, spring 24, Wednesday,5375,22.2
frame,lgw,Year 1, spring 24, Wednesday,5376,23.4
frame,lgw,Year 1, spring 24, Wednesday,5377,0.6
frame,lgw,Year 1, spring 24, Wednesday,5378,22.4
frame,lgw,Year 1, spring 24, Wednesday,5379,24.4
frame,lgw,Year 1, spring 24, Wednesday,5380,22.0
frame,lgw,Year 1, spring 24, Wednesday,5381,1.2
frame,lgw,Year 1, spring 24, Wednesday,5382,23.2
frame,lgw,Year 1, spring 24, Wednesday,5383,22.8
frame,lgw,Year 1, spring 24, Wednesday,5384,1.6
frame,lgw,Year 1, spring 24, Wednesday,5385,22.6
frame,lgw,Year 1, spring 24, Wednesday,5386,22.3
frame,lgw,Year 1, spring 24, Wednesday,5387,0.7
frame,lgw,Year 1, spring 24, Wednesday,5388,23.0
frame,lgw,Year 1, spring 24, Wednesday,5389,21.7
frame,lgw,Year 1, spring 24, Wednesday,5390,21.7
frame,lgw,Year 1, spring 24, Wednesday,5391,0.6
frame,lgw,Year 1, spring 24, Wednesday,5392,22.9
frame,lgw,Year 1, spring 24, Wednesday,5393,23.2
frame,lgw,Year 1, spring 24, Wednesday,5394,23.3
frame,lgw,Year 1, spring 24, Wednesday,5395,0.7
frame,lgw,Year 1, spring 24, Wednesday,5396,21.8
frame,lgw,Year 1, spring 24, Wednesday,5397,22.7
frame,lgw,Year 1, spring 24, Wednesday,5398,23.3
frame,lgw,Year 1, spring 24, Wednesday,5399,0.7
frame,lgw,Year 1, spring 24, Wednesday,5400,23.3
frame,lgw,Year 1, spring 24, Wednesday,5401,22.9
frame,lgw,Year 1, spring 24, Wednesday,5402,1.0
frame,lgw,Year 1, spring 24, Wednesday,5403,23.4
frame,lgw,Year 1, spring 24, Wednesday,5404,22.9
frame,lgw,Year 1, spring 24, Wednesday,5405,23.7
frame,lgw,Year 1, spring 24, Wednesday,5406,1.8
frame,lgw,Year 1, spring 24, Wednesday,5407,22.1
frame,lgw,Year 1, spring 24, Wednesday,5408,23.2
frame,lgw,Year 1, spring 24, Wednesday,5409,0.8
frame,lgw,Year 1, spring 24, Wednesday,5410,21.8
frame,lgw,Year 1, spring 24, Wednesday,5411,22.8
frame,lgw,Year 1, spring 24, Wednesday,5412,22.2
frame,lgw,Year 1, spring 24, Wednesday,5413,0.7
frame,lgw,Year 1, spring 24, Wednesday,5414,23.1
frame,lgw,Year 1, spring 24, Wednesday,5415,22.7
frame,lgw,Year 1, spring 24, Wednesday,5416,0.7
frame,lgw,Year 1, spring 24, Wednesday,5417,23.8
frame,lgw,Year 1, spring 24, Wednesday,5418,21.9
frame,lgw,Year 1, spring 24, Wednesday,5419,23.7
frame,lgw,Year 1, spring 24, Wednesday,5420,0.7
frame,lgw,Year 1, spring 24, Wednesday,5421,22.0
frame,lgw,Year 1, spring 24, Wednesday,5422,22.8
frame,lgw,Year 1, spring 24, Wednesday,5423,0.9
frame,lgw,Year 1, spring 24, Wednesday,5424,21.6
frame,lgw,Year 1, spring 24, Wednesday,5425,23.3
frame,lgw,Year 1, spring 24, Wednesday,5426,22.1
frame,lgw,Year 1, spring 24, Wednesday,5427,0.8
frame,lgw,Year 1, spring 24, Wednesday,5428,23.1
frame,lgw,Year 1, spring 24, Wednesday,5429,24.1
frame,lgw,Year 1, spring 24, Wednesday,5430,23.8
frame,lgw,Year 1, spring 24, Wednesday,5431,1.9
frame,lgw,Year 1, spring 24, Wednesday,5432,22.2
frame,lgw,Year 1, spring 24, Wednesday,5433,23.4
frame,lgw,Year 1, spring 24, Wednesday,5434,1.4
frame,lgw,Year 1, spring 24, Wednesday,5435,23.8
frame,lgw,Year 1, spring 24, Wednesday,5436,24.4
frame,lgw,Year 1, spring 24, Wednesday,5437,0.6
frame,lgw,Year 1, spring 24, Wednesday,5438,23.7
frame,lgw,Year 1, spring 24, Wednesday,5439,22.2
frame,lgw,Year 1, spring 24, Wednesday,5440,0.8
frame,lgw,Year 1, spring 24, Wednesday,5441,24.3
frame,lgw,Year 1, spring 24, Wednesday,5442,23.1
frame,lgw,Year 1, spring 24, Wednesday,5443,22.9
frame,lgw,Year 1, spring 24, Wednesday,5444,1.0
frame,lgw,Year 1, spring 24, Wednesday,5445,21.9
frame,lgw,Year 1, spring 24, Wednesday,5446,26.1
frame,lgw,Year 1, spring 24, Wednesday,5447,23.6
frame,lgw,Year 1, spring 24, Wednesday,5448,0.8
frame,lgw,Year 1, spring 24, Wednesday,5449,22.6
frame,lgw,Year 1, spring 24, Wednesday,5450,0.6
frame,lgw,Year 1, spring 24, Wednesday,5451,21.6
frame,lgw,Year 1, spring 24, Wednesday,5452,23.5
frame,lgw,Year 1, spring 24, Wednesday,5453,22.1
frame,lgw,Year 1, spring 24, Wednesday,5454,1.1
frame,lgw,Year 1, spring 24, Wednesday,5455,23.2
frame,lgw,Year 1, spring 24, Wednesday,5456,22.6
frame,lgw,Year 1, spring 24, Wednesday,5457,22.9
frame,lgw,Year 1, spring 24, Wednesday,5458,0.7
frame,lgw,Year 1, spring 24, Wednesday,5459,21.9
frame,lgw,Year 1, spring 24, Wednesday,5460,23.4
frame,lgw,Year 1, spring 24, Wednesday,5461,22.8
frame,lgw,Year 1, spring 24, Wednesday,5462,1.1
frame,lgw,Year 1, spring 24, Wednesday,5463,21.7
frame,lgw,Year 1, spring 24, Wednesday,5464,22.2
frame,lgw,Year 1, spring 24, Wednesday,5465,0.9
frame,lgw,Year 1, spring 24, Wednesday,5466,22.3
frame,lgw,Year 1, spring 24, Wednesday,5467,21.7
frame,lgw,Year 1, spring 24, Wednesday,5468,22.0
frame,lgw,Year 1, spring 24, Wednesday,5469,3.5
frame,lgw,Year 1, spring 24, Wednesday,5470,22.2
frame,lgw,Year 1, spring 24, Wednesday,5471,22.9
frame,lgw,Year 1, spring 24, Wednesday,5472,0.6
frame,lgw,Year 1, spring 24, Wednesday,5473,21.5
frame,lgw,Year 1, spring 24, Wednesday,5474,23.7
frame,lgw,Year 1, spring 24, Wednesday,5475,22.8
frame,lgw,Year 1, spring 24, Wednesday,5476,1.1
frame,lgw,Year 1, spring 24, Wednesday,5477,22.6
frame,lgw,Year 1, spring 24, Wednesday,5478,22.2
frame,lgw,Year 1, spring 24, Wednesday,5479,25.2
frame,lgw,Year 1, spring 24, Wednesday,5480,1.9
frame,lgw,Year 1, spring 24, Wednesday,5481,22.9
frame,lgw,Year 1, spring 24, Wednesday,5482,22.5
frame,lgw,Year 1, spring 24, Wednesday,5483,0.6
frame,lgw,Year 1, spring 24, Wednesday,5484,22.1
frame,lgw,Year 1, spring 24, Wednesday,5485,23.3
frame,lgw,Year 1, spring 24, Wednesday,5486,22.7
frame,lgw,Year 1, spring 24, Wednesday,5487,1.3
frame,lgw,Year 1, spring 24, Wednesday,5488,22.8
frame,lgw,Year 1, spring 24, Wednesday,5489,22.0
frame,lgw,Year 1, spring 24, Wednesday,5490,1.2
frame,lgw,Year 1, spring 24, Wednesday,5491,23.0
frame,lgw,Year 1, spring 24, Wednesday,5492,22.1
frame,lgw,Year 1, spring 24, Wednesday,5493,22.5
frame,lgw,Year 1, spring 24, Wednesday,5494,0.7
frame,lgw,Year 1, spring 24, Wednesday,5495,22.3
frame,lgw,Year 1, spring 24, Wednesday,5496,24.1
frame,lgw,Year 1, spring 24, Wednesday,5497,0.6
frame,lgw,Year 1, spring 24, Wednesday,5498,21.8
frame,lgw,Year 1, spring 24, Wednesday,5499,23.0
frame,lgw,Year 1, spring 24, Wednesday,5500,21.2
frame,lgw,Year 1, spring 24, Wednesday,5501,0.7
frame,lgw,Year 1, spring 24, Wednesday,5502,22.2
frame,lgw,Year 1, spring 24, Wednesday,5503,22.6
frame,lgw,Year 1, spring 24, Wednesday,5504,21.5
frame,lgw,Year 1, spring 24, Wednesday,5505,0.9
frame,lgw,Year 1, spring 24, Wednesday,5506,23.2
frame,lgw,Year 1, spring 24, Wednesday,5507,22.6
frame,lgw,Year 1, spring 24, Wednesday,5508,22.3
frame,lgw,Year 1, spring 24, Wednesday,5509,0.5
frame,lgw,Year 1, spring 24, Wednesday,5510,23.8
frame,lgw,Year 1, spring 24, Wednesday,5511,22.4
frame,lgw,Year 1, spring 24, Wednesday,5512,0.7
frame,lgw,Year 1, spring 24, Wednesday,5513,22.2
frame,lgw,Year 1, spring 24, Wednesday,5514,22.9
frame,lgw,Year 1, spring 24, Wednesday,5515,23.7
frame,lgw,Year 1, spring 24, Wednesday,5516,1.0
frame,lgw,Year 1, spring 24, Wednesday,5517,23.2
frame,lgw,Year 1, spring 24, Wednesday,5518,21.5
frame,lgw,Year 1, spring 24, Wednesday,5519,0.6
frame,lgw,Year 1, spring 24, Wednesday,5520,23.1
frame,lgw,Year 1, spring 24, Wednesday,5521,22.6
frame,lgw,Year 1, spring 24, Wednesday,5522,500.0
frame,lgw,Year 1, spring 24, Wednesday,5523,1.2
frame,lgw,Year 1, spring 24, Wednesday,5524,24.2
frame,lgw,Year 1, spring 24, Wednesday,5525,1.6
frame,lgw,Year 1, spring 24, Wednesday,5526,0.9
frame,lgw,Year 1, spring 24, Wednesday,5527,1.1
frame,lgw,Year 1, spring 24, Wednesday,5528,0.8
frame,lgw,Year 1, spring 24, Wednesday,5529,0.6
frame,lgw,Year 1, spring 24, Wednesday,5530,0.7
frame,lgw,Year 1, spring 24, Wednesday,5531,0.6
frame,lgw,Year 1, spring 24, Wednesday,5532,0.6
frame,lgw,Year 1, spring 24, Wednesday,5533,0.7
frame,lgw,Year 1, spring 24, Wednesday,5534,0.6
frame,lgw,Year 1, spring 24, Wednesday,5535,0.5
frame,lgw,Year 1, spring 24, Wednesday,5536,0.5
frame,lgw,Year 1, spring 24, Wednesday,5537,0.4
frame,lgw,Year 1, spring 24, Wednesday,5538,0.4
frame,lgw,Year 1, spring 24, Wednesday,5539,0.3
frame,lgw,Year 1, spring 24, Wednesday,5540,0.8
frame,lgw,Year 1, spring 24, Wednesday,5541,0.6
frame,lgw,Year 1, spring 24, Wednesday,5542,0.8
frame,lgw,Year 1, spring 24, Wednesday,5543,0.5
frame,lgw,Year 1, spring 24, Wednesday,5544,2.6
frame,lgw,Year 1, spring 24, Wednesday,5545,0.6
frame,lgw,Year 1, spring 24, Wednesday,5546,0.8
frame,lgw,Year 1, spring 24, Wednesday,5547,0.7
frame,lgw,Year 1, spring 24, Wednesday,5548,0.9
frame,lgw,Year 1, spring 24, Wednesday,5549,1.1
frame,lgw,Year 1, spring 24, Wednesday,5550,0.7
frame,lgw,Year 1, spring 24, Wednesday,5551,0.7
frame,lgw,Year 1, spring 24, Wednesday,5552,0.6
frame,lgw,Year 1, spring 24, Wednesday,5553,22.1
frame,lgw,Year 1, spring 24, Wednesday,5554,2.2
frame,lgw,Year 1, spring 24, Wednesday,5555,1.1
frame,lgw,Year 1, spring 24, Wednesday,5556,22.1
frame,lgw,Year 1, spring 24, Wednesday,5557,0.5
frame,lgw,Year 1, spring 24, Wednesday,5558,22.9
frame,lgw,Year 1, spring 24, Wednesday,5559,22.3
frame,lgw,Year 1, spring 24, Wednesday,5560,0.8
frame,lgw,Year 1, spring 24, Wednesday,5561,24.0
frame,lgw,Year 1, spring 24, Wednesday,5562,22.5
frame,lgw,Year 1, spring 24, Wednesday,5563,22.1
frame,lgw,Year 1, spring 24, Wednesday,5564,1.9
frame,lgw,Year 1, spring 24, Wednesday,5565,22.2
frame,lgw,Year 1, spring 24, Wednesday,5566,22.4
frame,lgw,Year 1, spring 24, Wednesday,5567,26.9
frame,lgw,Year 1, spring 24, Wednesday,5568,1.1
frame,lgw,Year 1, spring 24, Wednesday,5569,23.7
frame,lgw,Year 1, spring 24, Wednesday,5570,1.0
frame,lgw,Year 1, spring 24, Wednesday,5571,23.3
frame,lgw,Year 1, spring 24, Wednesday,5572,22.8
frame,lgw,Year 1, spring 24, Wednesday,5573,22.5
frame,lgw,Year 1, spring 24, Wednesday,5574,1.0
frame,lgw,Year 1, spring 24, Wednesday,5575,23.8
frame,lgw,Year 1, spring 24, Wednesday,5576,22.9
frame,lgw,Year 1, spring 24, Wednesday,5577,1.0
frame,lgw,Year 1, spring 24, Wednesday,5578,22.2
frame,lgw,Year 1, spring 24, Wednesday,5579,22.1
frame,lgw,Year 1, spring 24, Wednesday,5580,24.4
frame,lgw,Year 1, spring 24, Wednesday,5581,1.2
frame,lgw,Year 1, spring 24, Wednesday,5582,22.9
frame,lgw,Year 1, spring 24, Wednesday,5583,22.9
frame,lgw,Year 1, spring 24, Wednesday,5584,1.6
frame,lgw,Year 1, spring 24, Wednesday,5585,22.2
frame,lgw,Year 1, spring 24, Wednesday,5586,23.5
frame,lgw,Year 1, spring 24, Wednesday,5587,21.7
frame,lgw,Year 1, spring 24, Wednesday,5588,0.6
frame,lgw,Year 1, spring 24, Wednesday,5589,24.9
frame,lgw,Year 1, spring 24, Wednesday,5590,22.7
frame,lgw,Year 1, spring 24, Wednesday,5591,3.3
frame,lgw,Year 1, spring 24, Wednesday,5592,23.8
frame,lgw,Year 1, spring 24, Wednesday,5593,24.4
frame,lgw,Year 1, spring 24, Wednesday,5594,1.2
frame,lgw,Year 1, spring 24, Wednesday,5595,23.9
frame,lgw,Year 1, spring 24, Wednesday,5596,23.7
frame,lgw,Year 1, spring 24, Wednesday,5597,2.6
frame,lgw,Year 1, spring 24, Wednesday,5598,24.2
frame,lgw,Year 1, spring 24, Wednesday,5599,23.1
frame,lgw,Year 1, spring 24, Wednesday,5600,2.3
frame,lgw,Year 1, spring 24, Wednesday,5601,23.5
frame,lgw,Year 1, spring 24, Wednesday,5602,24.0
frame,lgw,Year 1, spring 24, Wednesday,5603,24.6
frame,lgw,Year 1, spring 24, Wednesday,5604,1.4
frame,lgw,Year 1, spring 24, Wednesday,5605,24.2
frame,lgw,Year 1, spring 24, Wednesday,5606,1.0
frame,lgw,Year 1, spring 24, Wednesday,5607,22.2
frame,lgw,Year 1, spring 24, Wednesday,5608,26.4
frame,lgw,Year 1, spring 24, Wednesday,5609,0.6
frame,lgw,Year 1, spring 24, Wednesday,5610,22.9
frame,lgw,Year 1, spring 24, Wednesday,5611,24.1
frame,lgw,Year 1, spring 24, Wednesday,5612,22.0
frame,lgw,Year 1, spring 24, Wednesday,5613,0.6
frame,lgw,Year 1, spring 24, Wednesday,5614,22.8
frame,lgw,Year 1, spring 24, Wednesday,5615,23.0
frame,lgw,Year 1, spring 24, Wednesday,5616,1.4
frame,lgw,Year 1, spring 24, Wednesday,5617,23.9
frame,lgw,Year 1, spring 24, Wednesday,5618,24.0
frame,lgw,Year 1, spring 24, Wednesday,5619,0.8
frame,lgw,Year 1, spring 24, Wednesday,5620,24.0
frame,lgw,Year 1, spring 24, Wednesday,5621,24.6
frame,lgw,Year 1, spring 24, Wednesday,5622,23.0
frame,lgw,Year 1, spring 24, Wednesday,5623,1.2
frame,lgw,Year 1, spring 24, Wednesday,5624,23.5
frame,lgw,Year 1, spring 24, Wednesday,5625,22.2
frame,lgw,Year 1, spring 24, Wednesday,5626,0.5
frame,lgw,Year 1, spring 24, Wednesday,5627,22.3
frame,lgw,Year 1, spring 24, Wednesday,5628,21.9
frame,lgw,Year 1, spring 24, Wednesday,5629,21.5
frame,lgw,Year 1, spring 24, Wednesday,5630,0.9
frame,lgw,Year 1, spring 24, Wednesday,5631,23.7
frame,lgw,Year 1, spring 24, Wednesday,5632,22.6
frame,lgw,Year 1, spring 24, Wednesday,5633,23.4
frame,lgw,Year 1, spring 24, Wednesday,5634,0.9
frame,lgw,Year 1, spring 24, Wednesday,5635,21.6
frame,lgw,Year 1, spring 24, Wednesday,5636,23.0
frame,lgw,Year 1, spring 24, Wednesday,5637,1.5
frame,lgw,Year 1, spring 24, Wednesday,5638,22.9
frame,lgw,Year 1, spring 24, Wednesday,5639,22.2
frame,lgw,Year 1, spring 24, Wednesday,5640,22.8
frame,lgw,Year 1, spring 24, Wednesday,5641,1.4
frame,lgw,Year 1, spring 24, Wednesday,5642,22.0
frame,lgw,Year 1, spring 24, Wednesday,5643,21.9
frame,lgw,Year 1, spring 24, Wednesday,5644,0.7
frame,lgw,Year 1, spring 24, Wednesday,5645,23.0
frame,lgw,Year 1, spring 24, Wednesday,5646,21.4
frame,lgw,Year 1, spring 24, Wednesday,5647,23.8
frame,lgw,Year 1, spring 24, Wednesday,5648,1.3
frame,lgw,Year 1, spring 24, Wednesday,5649,22.7
frame,lgw,Year 1, spring 24, Wednesday,5650,23.9
frame,lgw,Year 1, spring 24, Wednesday,5651,22.6
frame,lgw,Year 1, spring 24, Wednesday,5652,1.3
frame,lgw,Year 1, spring 24, Wednesday,5653,22.7
frame,lgw,Year 1, spring 24, Wednesday,5654,22.1
frame,lgw,Year 1, spring 24, Wednesday,5655,0.5
frame,lgw,Year 1, spring 24, Wednesday,5656,27.2
frame,lgw,Year 1, spring 24, Wednesday,5657,23.9
frame,lgw,Year 1, spring 24, Wednesday,5658,0.8
frame,lgw,Year 1, spring 24, Wednesday,5659,24.5
frame,lgw,Year 1, spring 24, Wednesday,5660,22.4
frame,lgw,Year 1, spring 24, Wednesday,5661,3.6
frame,lgw,Year 1, spring 24, Wednesday,5662,24.7
frame,lgw,Year 1, spring 24, Wednesday,5663,26.1
frame,lgw,Year 1, spring 24, Wednesday,5664,1.6
frame,lgw,Year 1, spring 24, Wednesday,5665,23.4
frame,lgw,Year 1, spring 24, Wednesday,5666,22.4
frame,lgw,Year 1, spring 24, Wednesday,5667,0.8
frame,lgw,Year 1, spring 24, Wednesday,5668,24.7
frame,lgw,Year 1, spring 24, Wednesday,5669,22.4
frame,lgw,Year 1, spring 24, Wednesday,5670,1.3
frame,lgw,Year 1, spring 24, Wednesday,5671,23.1
frame,lgw,Year 1, spring 24, Wednesday,5672,22.3
frame,lgw,Year 1, spring 24, Wednesday,5673,23.4
frame,lgw,Year 1, spring 24, Wednesday,5674,1.1
frame,lgw,Year 1, spring 24, Wednesday,5675,22.2
frame,lgw,Year 1, spring 24, Wednesday,5676,23.1
frame,lgw,Year 1, spring 24, Wednesday,5677,1.4
frame,lgw,Year 1, spring 24, Wednesday,5678,22.3
frame,lgw,Year 1, spring 24, Wednesday,5679,23.9
frame,lgw,Year 1, spring 24, Wednesday,5680,22.1
frame,lgw,Year 1, spring 24, Wednesday,5681,1.0
frame,lgw,Year 1, spring 24, Wednesday,5682,23.7
frame,lgw,Year 1, spring 24, Wednesday,5683,21.9
frame,lgw,Year 1, spring 24, Wednesday,5684,1.1
frame,lgw,Year 1, spring 24, Wednesday,5685,23.4
frame,lgw,Year 1, spring 24, Wednesday,5686,22.9
frame,lgw,Year 1, spring 24, Wednesday,5687,23.2
frame,lgw,Year 1, spring 24, Wednesday,5688,1.2
frame,lgw,Year 1, spring 24, Wednesday,5689,22.0
frame,lgw,Year 1, spring 24, Wednesday,5690,23.5
frame,lgw,Year 1, spring 24, Wednesday,5691,1.1
frame,lgw,Year 1, spring 24, Wednesday,5692,21.9
frame,lgw,Year 1, spring 24, Wednesday,5693,22.4
frame,lgw,Year 1, spring 24, Wednesday,5694,22.7
frame,lgw,Year 1, spring 24, Wednesday,5695,0.6
frame,lgw,Year 1, spring 24, Wednesday,5696,23.5
frame,lgw,Year 1, spring 24, Wednesday,5697,22.2
frame,lgw,Year 1, spring 24, Wednesday,5698,23.5
frame,lgw,Year 1, spring 24, Wednesday,5699,1.8
frame,lgw,Year 1, spring 24, Wednesday,5700,22.5
frame,lgw,Year 1, spring 24, Wednesday,5701,22.9
frame,lgw,Year 1, spring 24, Wednesday,5702,1.4
frame,lgw,Year 1, spring 24, Wednesday,5703,22.5
frame,lgw,Year 1, spring 24, Wednesday,5704,23.1
frame,lgw,Year 1, spring 24, Wednesday,5705,23.2
frame,lgw,Year 1, spring 24, Wednesday,5706,1.7
frame,lgw,Year 1, spring 24, Wednesday,5707,25.2
frame,lgw,Year 1, spring 24, Wednesday,5708,21.4
frame,lgw,Year 1, spring 24, Wednesday,5709,2.7
frame,lgw,Year 1, spring 24, Wednesday,5710,22.2
frame,lgw,Year 1, spring 24, Wednesday,5711,23.4
frame,lgw,Year 1, spring 24, Wednesday,5712,0.8
frame,lgw,Year 1, spring 24, Wednesday,5713,21.4
frame,lgw,Year 1, spring 24, Wednesday,5714,25.1
frame,lgw,Year 1, spring 24, Wednesday,5715,23.8
frame,lgw,Year 1, spring 24, Wednesday,5716,1.3
frame,lgw,Year 1, spring 24, Wednesday,5717,22.2
frame,lgw,Year 1, spring 24, Wednesday,5718,22.6
frame,lgw,Year 1, spring 24, Wednesday,5719,1.4
frame,lgw,Year 1, spring 24, Wednesday,5720,24.2
frame,lgw,Year 1, spring 24, Wednesday,5721,22.0
frame,lgw,Year 1, spring 24, Wednesday,5722,1.4
frame,lgw,Year 1, spring 24, Wednesday,5723,23.1
frame,lgw,Year 1, spring 24, Wednesday,5724,22.3
frame,lgw,Year 1, spring 24, Wednesday,5725,22.8
frame,lgw,Year 1, spring 24, Wednesday,5726,1.2
frame,lgw,Year 1, spring 24, Wednesday,5727,22.2
frame,lgw,Year 1, spring 24, Wednesday,5728,23.0
frame,lgw,Year 1, spring 24, Wednesday,5729,1.0
frame,lgw,Year 1, spring 24, Wednesday,5730,22.0
frame,lgw,Year 1, spring 24, Wednesday,5731,23.2
frame,lgw,Year 1, spring 24, Wednesday,5732,22.3
frame,lgw,Year 1, spring 24, Wednesday,5733,1.4
frame,lgw,Year 1, spring 24, Wednesday,5734,22.8
frame,lgw,Year 1, spring 24, Wednesday,5735,22.0
frame,lgw,Year 1, spring 24, Wednesday,5736,23.6
frame,lgw,Year 1, spring 24, Wednesday,5737,0.8
frame,lgw,Year 1, spring 24, Wednesday,5738,22.1
frame,lgw,Year 1, spring 24, Wednesday,5739,23.0
frame,lgw,Year 1, spring 24, Wednesday,5740,0.8
frame,lgw,Year 1, spring 24, Wednesday,5741,22.2
frame,lgw,Year 1, spring 24, Wednesday,5742,25.2
frame,lgw,Year 1, spring 24, Wednesday,5743,22.3
frame,lgw,Year 1, spring 24, Wednesday,5744,1.7
frame,lgw,Year 1, spring 24, Wednesday,5745,23.3
frame,lgw,Year 1, spring 24, Wednesday,5746,22.6
frame,lgw,Year 1, spring 24, Wednesday,5747,0.8
frame,lgw,Year 1, spring 24, Wednesday,5748,23.0
frame,lgw,Year 1, spring 24, Wednesday,5749,22.4
frame,lgw,Year 1, spring 24, Wednesday,5750,23.1
frame,lgw,Year 1, spring 24, Wednesday,5751,0.9
frame,lgw,Year 1, spring 24, Wednesday,5752,21.8
frame,lgw,Year 1, spring 24, Wednesday,5753,23.0
frame,lgw,Year 1, spring 24, Wednesday,5754,1.1
frame,lgw,Year 1, spring 24, Wednesday,5755,22.4
frame,lgw,Year 1, spring 24, Wednesday,5756,23.2
frame,lgw,Year 1, spring 24, Wednesday,5757,21.9
frame,lgw,Year 1, spring 24, Wednesday,5758,0.7
frame,lgw,Year 1, spring 24, Wednesday,5759,23.1
frame,lgw,Year 1, spring 24, Wednesday,5760,22.4
frame,lgw,Year 1, spring 24, Wednesday,5761,23.0
frame,lgw,Year 1, spring 24, Wednesday,5762,0.8
frame,lgw,Year 1, spring 24, Wednesday,5763,21.8
frame,lgw,Year 1, spring 24, Wednesday,5764,23.8
frame,lgw,Year 1, spring 24, Wednesday,5765,1.0
frame,lgw,Year 1, spring 24, Wednesday,5766,22.2
frame,lgw,Year 1, spring 24, Wednesday,5767,25.0
frame,lgw,Year 1, spring 24, Wednesday,5768,22.7
frame,lgw,Year 1, spring 24, Wednesday,5769,0.9
frame,lgw,Year 1, spring 24, Wednesday,5770,22.5
frame,lgw,Year 1, spring 24, Wednesday,5771,22.7
frame,lgw,Year 1, spring 24, Wednesday,5772,0.9
frame,lgw,Year 1, spring 24, Wednesday,5773,23.6
frame,lgw,Year 1, spring 24, Wednesday,5774,22.7
frame,lgw,Year 1, spring 24, Wednesday,5775,23.4
frame,lgw,Year 1, spring 24, Wednesday,5776,0.8
frame,lgw,Year 1, spring 24, Wednesday,5777,22.7
frame,lgw,Year 1, spring 24, Wednesday,5778,23.0
frame,lgw,Year 1, spring 24, Wednesday,5779,0.7
frame,lgw,Year 1, spring 24, Wednesday,5780,21.9
frame,lgw,Year 1, spring 24, Wednesday,5781,24.3
frame,lgw,Year 1, spring 24, Wednesday,5782,23.6
frame,lgw,Year 1, spring 24, Wednesday,5783,1.4
frame,lgw,Year 1, spring 24, Wednesday,5784,22.9
frame,lgw,Year 1, spring 24, Wednesday,5785,22.1
frame,lgw,Year 1, spring 24, Wednesday,5786,0.9
frame,lgw,Year 1, spring 24, Wednesday,5787,23.4
frame,lgw,Year 1, spring 24, Wednesday,5788,22.6
frame,lgw,Year 1, spring 24, Wednesday,5789,0.6
frame,lgw,Year 1, spring 24, Wednesday,5790,24.3
frame,lgw,Year 1, spring 24, Wednesday,5791,23.0
frame,lgw,Year 1, spring 24, Wednesday,5792,23.7
frame,lgw,Year 1, spring 24, Wednesday,5793,1.1
frame,lgw,Year 1, spring 24, Wednesday,5794,22.4
frame,lgw,Year 1, spring 24, Wednesday,5795,23.5
frame,lgw,Year 1, spring 24, Wednesday,5796,1.1
frame,lgw,Year 1, spring 24, Wednesday,5797,23.9
frame,lgw,Year 1, spring 24, Wednesday,5798,22.3
frame,lgw,Year 1, spring 24, Wednesday,5799,22.1
frame,lgw,Year 1, spring 24, Wednesday,5800,2.3
frame,lgw,Year 1, spring 24, Wednesday,5801,22.3
frame,lgw,Year 1, spring 24, Wednesday,5802,22.0
frame,lgw,Year 1, spring 24, Wednesday,5803,3.3
frame,lgw,Year 1, spring 24, Wednesday,5804,22.6
frame,lgw,Year 1, spring 24, Wednesday,5805,22.6
frame,lgw,Year 1, spring 24, Wednesday,5806,22.5
frame,lgw,Year 1, spring 24, Wednesday,5807,1.1
frame,lgw,Year 1, spring 24, Wednesday,5808,23.8
frame,lgw,Year 1, spring 24, Wednesday,5809,22.3
frame,lgw,Year 1, spring 24, Wednesday,5810,1.2
frame,lgw,Year 1, spring 24, Wednesday,5811,25.6
frame,lgw,Year 1, spring 24, Wednesday,5812,22.1
frame,lgw,Year 1, spring 24, Wednesday,5813,1.5
frame,lgw,Year 1, spring 24, Wednesday,5814,23.0
frame,lgw,Year 1, spring 24, Wednesday,5815,22.3
frame,lgw,Year 1, spring 24, Wednesday,5816,23.6
frame,lgw,Year 1, spring 24, Wednesday,5817,1.0
frame,lgw,Year 1, spring 24, Wednesday,5818,21.8
frame,lgw,Year 1, spring 24, Wednesday,5819,22.6
frame,lgw,Year 1, spring 24, Wednesday,5820,1.6
frame,lgw,Year 1, spring 24, Wednesday,5821,22.6
frame,lgw,Year 1, spring 24, Wednesday,5822,23.2
frame,lgw,Year 1, spring 24, Wednesday,5823,21.6
frame,lgw,Year 1, spring 24, Wednesday,5824,0.9
frame,lgw,Year 1, spring 24, Wednesday,5825,23.0
frame,lgw,Year 1, spring 24, Wednesday,5826,22.0
frame,lgw,Year 1, spring 24, Wednesday,5827,23.4
frame,lgw,Year 1, spring 24, Wednesday,5828,1.7
frame,lgw,Year 1, spring 24, Wednesday,5829,22.2
frame,lgw,Year 1, spring 24, Wednesday,5830,23.4
frame,lgw,Year 1, spring 24, Wednesday,5831,0.9
frame,lgw,Year 1, spring 24, Wednesday,5832,23.3
frame,lgw,Year 1, spring 24, Wednesday,5833,23.2
frame,lgw,Year 1, spring 24, Wednesday,5834,0.9
frame,lgw,Year 1, spring 24, Wednesday,5835,23.0
frame,lgw,Year 1, spring 24, Wednesday,5836,24.0
frame,lgw,Year 1, spring 24, Wednesday,5837,23.0
frame,lgw,Year 1, spring 24, Wednesday,5838,2.0
frame,lgw,Year 1, spring 24, Wednesday,5839,22.6
frame,lgw,Year 1, spring 24, Wednesday,5840,23.1
frame,lgw,Year 1, spring 24, Wednesday,5841,1.1
frame,lgw,Year 1, spring 24, Wednesday,5842,22.0
frame,lgw,Year 1, spring 24, Wednesday,5843,23.6
frame,lgw,Year 1, spring 24, Wednesday,5844,22.0
frame,lgw,Year 1, spring 24, Wednesday,5845,1.2
frame,lgw,Year 1, spring 24, Wednesday,5846,23.2
frame,lgw,Year 1, spring 24, Wednesday,5847,21.9
frame,lgw,Year 1, spring 24, Wednesday,5848,0.9
frame,lgw,Year 1, spring 24, Wednesday,5849,23.3
frame,lgw,Year 1, spring 24, Wednesday,5850,22.0
frame,lgw,Year 1, spring 24, Wednesday,5851,22.0
frame,lgw,Year 1, spring 24, Wednesday,5852,3.0
frame,lgw,Year 1, spring 24, Wednesday,5853,22.4
frame,lgw,Year 1, spring 24, Wednesday,5854,23.8
frame,lgw,Year 1, spring 24, Wednesday,5855,0.8
frame,lgw,Year 1, spring 24, Wednesday,5856,22.0
frame,lgw,Year 1, spring 24, Wednesday,5857,23.8
frame,lgw,Year 1, spring 24, Wednesday,5858,21.6
frame,lgw,Year 1, spring 24, Wednesday,5859,0.6
frame,lgw,Year 1, spring 24, Wednesday,5860,22.8
frame,lgw,Year 1, spring 24, Wednesday,5861,22.7
frame,lgw,Year 1, spring 24, Wednesday,5862,21.8
frame,lgw,Year 1, spring 24, Wednesday,5863,3.2
frame,lgw,Year 1, spring 24, Wednesday,5864,23.5
frame,lgw,Year 1, spring 24, Wednesday,5865,22.8
frame,lgw,Year 1, spring 24, Wednesday,5866,0.5
frame,lgw,Year 1, spring 24, Wednesday,5867,22.1
frame,lgw,Year 1, spring 24, Wednesday,5868,22.9
frame,lgw,Year 1, spring 24, Wednesday,5869,22.6
frame,lgw,Year 1, spring 24, Wednesday,5870,0.7
frame,lgw,Year 1, spring 24, Wednesday,5871,22.8
frame,lgw,Year 1, spring 24, Wednesday,5872,22.1
frame,lgw,Year 1, spring 24, Wednesday,5873,0.8
frame,lgw,Year 1, spring 24, Wednesday,5874,22.5
frame,lgw,Year 1, spring 24, Wednesday,5875,22.5
frame,lgw,Year 1, spring 24, Wednesday,5876,23.4
frame,lgw,Year 1, spring 24, Wednesday,5877,0.6
frame,lgw,Year 1, spring 24, Wednesday,5878,22.1
frame,lgw,Year 1, spring 24, Wednesday,5879,23.1
frame,lgw,Year 1, spring 24, Wednesday,5880,21.7
frame,lgw,Year 1, spring 24, Wednesday,5881,0.8
frame,lgw,Year 1, spring 24, Wednesday,5882,22.8
frame,lgw,Year 1, spring 24, Wednesday,5883,22.9
frame,lgw,Year 1, spring 24, Wednesday,5884,0.9
frame,lgw,Year 1, spring 24, Wednesday,5885,23.6
frame,lgw,Year 1, spring 24, Wednesday,5886,25.5
frame,lgw,Year 1, spring 24, Wednesday,5887,23.7
frame,lgw,Year 1, spring 24, Wednesday,5888,1.3
frame,lgw,Year 1, spring 24, Wednesday,5889,22.9
frame,lgw,Year 1, spring 24, Wednesday,5890,24.1
frame,lgw,Year 1, spring 24, Wednesday,5891,0.8
frame,lgw,Year 1, spring 24, Wednesday,5892,23.2
frame,lgw,Year 1, spring 24, Wednesday,5893,23.9
frame,lgw,Year 1, spring 24, Wednesday,5894,1.1
frame,lgw,Year 1, spring 24, Wednesday,5895,22.7
frame,lgw,Year 1, spring 24, Wednesday,5896,24.0
frame,lgw,Year 1, spring 24, Wednesday,5897,1.8
frame,lgw,Year 1, spring 24, Wednesday,5898,22.6
frame,lgw,Year 1, spring 24, Wednesday,5899,23.9
frame,lgw,Year 1, spring 24, Wednesday,5900,21.9
frame,lgw,Year 1, spring 24, Wednesday,5901,1.2
frame,lgw,Year 1, spring 24, Wednesday,5902,23.3
frame,lgw,Year 1, spring 24, Wednesday,5903,22.5
frame,lgw,Year 1, spring 24, Wednesday,5904,0.9
frame,lgw,Year 1, spring 24, Wednesday,5905,22.8
frame,lgw,Year 1, spring 24, Wednesday,5906,22.4
frame,lgw,Year 1, spring 24, Wednesday,5907,35.7
frame,lgw,Year 1, spring 24, Wednesday,5908,7.6
frame,lgw,Year 1, spring 24, Wednesday,5909,27.6
frame,lgw,Year 1, spring 24, Wednesday,5910,2.4
frame,lgw,Year 1, spring 24, Wednesday,5911,1.7
frame,lgw,Year 1, spring 24, Wednesday,5912,25.0
frame,lgw,Year 1, spring 24, Wednesday,5913,24.1
frame,lgw,Year 1, spring 24, Wednesday,5914,3.3
frame,lgw,Year 1, spring 24, Wednesday,5915,23.0
frame,lgw,Year 1, spring 24, Wednesday,5916,25.8
frame,lgw,Year 1, spring 24, Wednesday,5917,1.6
frame,lgw,Year 1, spring 24, Wednesday,5918,24.2
frame,lgw,Year 1, spring 24, Wednesday,5919,25.1
frame,lgw,Year 1, spring 24, Wednesday,5920,1.7
frame,lgw,Year 1, spring 24, Wednesday,5921,23.2
frame,lgw,Year 1, spring 24, Wednesday,5922,1.1
frame,lgw,Year 1, spring 24, Wednesday,5923,22.6
frame,lgw,Year 1, spring 24, Wednesday,5924,23.0
frame,lgw,Year 1, spring 24, Wednesday,5925,23.0
frame,lgw,Year 1, spring 24, Wednesday,5926,1.1
frame,lgw,Year 1, spring 24, Wednesday,5927,23.4
frame,lgw,Year 1, spring 24, Wednesday,5928,22.4
frame,lgw,Year 1, spring 24, Wednesday,5929,0.8
frame,lgw,Year 1, spring 24, Wednesday,5930,23.1
frame,lgw,Year 1, spring 24, Wednesday,5931,22.3
frame,lgw,Year 1, spring 24, Wednesday,5932,24.2
frame,lgw,Year 1, spring 24, Wednesday,5933,1.7
frame,lgw,Year 1, spring 24, Wednesday,5934,24.2
frame,lgw,Year 1, spring 24, Wednesday,5935,22.5
frame,lgw,Year 1, spring 24, Wednesday,5936,0.9
frame,lgw,Year 1, spring 24, Wednesday,5937,24.2
frame,lgw,Year 1, spring 24, Wednesday,5938,22.0
frame,lgw,Year 1, spring 24, Wednesday,5939,0.8
frame,lgw,Year 1, spring 24, Wednesday,5940,23.6
frame,lgw,Year 1, spring 24, Wednesday,5941,22.9
frame,lgw,Year 1, spring 24, Wednesday,5942,23.6
frame,lgw,Year 1, spring 24, Wednesday,5943,1.6
frame,lgw,Year 1, spring 24, Wednesday,5944,21.6
frame,lgw,Year 1, spring 24, Wednesday,5945,24.0
frame,lgw,Year 1, spring 24, Wednesday,5946,22.4
frame,lgw,Year 1, spring 24, Wednesday,5947,0.6
frame,lgw,Year 1, spring 24, Wednesday,5948,22.4
frame,lgw,Year 1, spring 24, Wednesday,5949,22.2
frame,lgw,Year 1, spring 24, Wednesday,5950,0.6
frame,lgw,Year 1, spring 24, Wednesday,5951,24.0
frame,lgw,Year 1, spring 24, Wednesday,5952,23.4
frame,lgw,Year 1, spring 24, Wednesday,5953,1.8
frame,lgw,Year 1, spring 24, Wednesday,5954,23.7
frame,lgw,Year 1, spring 24, Wednesday,5955,22.5
frame,lgw,Year 1, spring 24, Wednesday,5956,24.6
frame,lgw,Year 1, spring 24, Wednesday,5957,1.7
frame,lgw,Year 1, spring 24, Wednesday,5958,22.9
frame,lgw,Year 1, spring 24, Wednesday,5959,24.6
frame,lgw,Year 1, spring 24, Wednesday,5960,1.4
frame,lgw,Year 1, spring 24, Wednesday,5961,22.1
frame,lgw,Year 1, spring 24, Wednesday,5962,22.4
frame,lgw,Year 1, spring 24, Wednesday,5963,1.2
frame,lgw,Year 1, spring 24, Wednesday,5964,23.9
frame,lgw,Year 1, spring 24, Wednesday,5965,23.4
frame,lgw,Year 1, spring 24, Wednesday,5966,0.7
frame,lgw,Year 1, spring 24, Wednesday,5967,23.2
frame,lgw,Year 1, spring 24, Wednesday,5968,21.9
frame,lgw,Year 1, spring 24, Wednesday,5969,22.9
frame,lgw,Year 1, spring 24, Wednesday,5970,1.0
frame,lgw,Year 1, spring 24, Wednesday,5971,21.9
frame,lgw,Year 1, spring 24, Wednesday,5972,26.2
frame,lgw,Year 1, spring 24, Wednesday,5973,23.1
frame,lgw,Year 1, spring 24, Wednesday,5974,1.4
frame,lgw,Year 1, spring 24, Wednesday,5975,25.7
frame,lgw,Year 1, spring 24, Wednesday,5976,22.7
frame,lgw,Year 1, spring 24, Wednesday,5977,0.8
frame,lgw,Year 1, spring 24, Wednesday,5978,24.0
frame,lgw,Year 1, spring 24, Wednesday,5979,22.6
frame,lgw,Year 1, spring 24, Wednesday,5980,2.7
frame,lgw,Year 1, spring 24, Wednesday,5981,23.3
frame,lgw,Year 1, spring 24, Wednesday,5982,25.5
frame,lgw,Year 1, spring 24, Wednesday,5983,1.4
frame,lgw,Year 1, spring 24, Wednesday,5984,23.3
frame,lgw,Year 1, spring 24, Wednesday,5985,26.1
frame,lgw,Year 1, spring 24, Wednesday,5986,1.1
frame,lgw,Year 1, spring 24, Wednesday,5987,23.3
frame,lgw,Year 1, spring 24, Wednesday,5988,23.7
frame,lgw,Year 1, spring 24, Wednesday,5989,1.1
frame,lgw,Year 1, spring 24, Wednesday,5990,23.9
frame,lgw,Year 1, spring 24, Wednesday,5991,23.6
frame,lgw,Year 1, spring 24, Wednesday,5992,1.0
frame,lgw,Year 1, spring 24, Wednesday,5993,25.9
frame,lgw,Year 1, spring 24, Wednesday,5994,23.7
frame,lgw,Year 1, spring 24, Wednesday,5995,1.1
frame,lgw,Year 1, spring 24, Wednesday,5996,22.5
frame,lgw,Year 1, spring 24, Wednesday,5997,25.3
frame,lgw,Year 1, spring 24, Wednesday,5998,1.6
frame,lgw,Year 1, spring 24, Wednesday,5999,23.0
switch,lgw,Year 1, spring 24, Wednesday,650,22.6
switchdetail,lgw,Year 1, spring 24, Wednesday,640,0,0.0
lag,lgw,Year 1, spring 24, Wednesday,6001,66.6
lag,lgw,Year 1, spring 24, Wednesday,8266,168.9
lag,lgw,Year 1, spring 24, Wednesday,8588,59.5
lag,lgw,Year 1, spring 24, Wednesday,9312,67.5
lag,lgw,Year 1, spring 24, Wednesday,9385,56.6
lag,lgw,Year 1, spring 24, Wednesday,9415,82.4
lag,lgw,Year 1, spring 24, Wednesday,9502,68.4
lag,lgw,Year 1, spring 24, Wednesday,9508,54.8
frame,lgw,Year 1, spring 24, Wednesday,11120,23.4
frame,lgw,Year 1, spring 24, Wednesday,11121,1.9
frame,lgw,Year 1, spring 24, Wednesday,11122,24.6
frame,lgw,Year 1, spring 24, Wednesday,11123,22.6
frame,lgw,Year 1, spring 24, Wednesday,11124,1.0
frame,lgw,Year 1, spring 24, Wednesday,11125,27.0
frame,lgw,Year 1, spring 24, Wednesday,11126,25.0
frame,lgw,Year 1, spring 24, Wednesday,11127,1.7
frame,lgw,Year 1, spring 24, Wednesday,11128,26.5
frame,lgw,Year 1, spring 24, Wednesday,11129,24.6
frame,lgw,Year 1, spring 24, Wednesday,11130,2.8
frame,lgw,Year 1, spring 24, Wednesday,11131,30.2
frame,lgw,Year 1, spring 24, Wednesday,11132,2.4
frame,lgw,Year 1, spring 24, Wednesday,11133,23.4
frame,lgw,Year 1, spring 24, Wednesday,11134,0.9
frame,lgw,Year 1, spring 24, Wednesday,11135,24.6
frame,lgw,Year 1, spring 24, Wednesday,11136,25.6
frame,lgw,Year 1, spring 24, Wednesday,11137,2.9
frame,lgw,Year 1, spring 24, Wednesday,11138,27.0
frame,lgw,Year 1, spring 24, Wednesday,11139,22.5
frame,lgw,Year 1, spring 24, Wednesday,11140,2.8
frame,lgw,Year 1, spring 24, Wednesday,11141,26.8
frame,lgw,Year 1, spring 24, Wednesday,11142,1.8
frame,lgw,Year 1, spring 24, Wednesday,11143,22.8
frame,lgw,Year 1, spring 24, Wednesday,11144,25.2
frame,lgw,Year 1, spring 24, Wednesday,11145,1.4
frame,lgw,Year 1, spring 24, Wednesday,11146,23.2
frame,lgw,Year 1, spring 24, Wednesday,11147,25.9
frame,lgw,Year 1, spring 24, Wednesday,11148,1.0
frame,lgw,Year 1, spring 24, Wednesday,11149,25.7
frame,lgw,Year 1, spring 24, Wednesday,11150,22.7
frame,lgw,Year 1, spring 24, Wednesday,11151,1.2
frame,lgw,Year 1, spring 24, Wednesday,11152,24.7
frame,lgw,Year 1, spring 24, Wednesday,11153,22.5
frame,lgw,Year 1, spring 24, Wednesday,11154,0.6
frame,lgw,Year 1, spring 24, Wednesday,11155,23.8
frame,lgw,Year 1, spring 24, Wednesday,11156,22.1
frame,lgw,Year 1, spring 24, Wednesday,11157,24.4
frame,lgw,Year 1, spring 24, Wednesday,11158,1.9
frame,lgw,Year 1, spring 24, Wednesday,11159,25.1
frame,lgw,Year 1, spring 24, Wednesday,11160,23.9
frame,lgw,Year 1, spring 24, Wednesday,11161,1.6
frame,lgw,Year 1, spring 24, Wednesday,11162,25.7
frame,lgw,Year 1, spring 24, Wednesday,11163,25.2
frame,lgw,Year 1, spring 24, Wednesday,11164,2.3
frame,lgw,Year 1, spring 24, Wednesday,11165,23.3
frame,lgw,Year 1, spring 24, Wednesday,11166,1.0
frame,lgw,Year 1, spring 24, Wednesday,11167,26.0
frame,lgw,Year 1, spring 24, Wednesday,11168,22.7
frame,lgw,Year 1, spring 24, Wednesday,11169,2.5
frame,lgw,Year 1, spring 24, Wednesday,11170,24.0
frame,lgw,Year 1, spring 24, Wednesday,11171,24.9
frame,lgw,Year 1, spring 24, Wednesday,11172,1.1
frame,lgw,Year 1, spring 24, Wednesday,11173,23.5
frame,lgw,Year 1, spring 24, Wednesday,11174,23.4
frame,lgw,Year 1, spring 24, Wednesday,11175,23.0
frame,lgw,Year 1, spring 24, Wednesday,11176,1.2
frame,lgw,Year 1, spring 24, Wednesday,11177,23.5
frame,lgw,Year 1, spring 24, Wednesday,11178,23.9
frame,lgw,Year 1, spring 24, Wednesday,11179,4.4
frame,lgw,Year 1, spring 24, Wednesday,11180,22.7
frame,lgw,Year 1, spring 24, Wednesday,11181,25.2
frame,lgw,Year 1, spring 24, Wednesday,11182,1.5
frame,lgw,Year 1, spring 24, Wednesday,11183,22.3
frame,lgw,Year 1, spring 24, Wednesday,11184,24.8
frame,lgw,Year 1, spring 24, Wednesday,11185,1.5
frame,lgw,Year 1, spring 24, Wednesday,11186,25.2
frame,lgw,Year 1, spring 24, Wednesday,11187,23.4
frame,lgw,Year 1, spring 24, Wednesday,11188,2.1
frame,lgw,Year 1, spring 24, Wednesday,11189,25.9
frame,lgw,Year 1, spring 24, Wednesday,11190,25.9
frame,lgw,Year 1, spring 24, Wednesday,11191,1.4
frame,lgw,Year 1, spring 24, Wednesday,11192,23.8
frame,lgw,Year 1, spring 24, Wednesday,11193,5.6
frame,lgw,Year 1, spring 24, Wednesday,11194,22.8
frame,lgw,Year 1, spring 24, Wednesday,11195,24.3
frame,lgw,Year 1, spring 24, Wednesday,11196,1.4
frame,lgw,Year 1, spring 24, Wednesday,11197,23.1
frame,lgw,Year 1, spring 24, Wednesday,11198,24.9
frame,lgw,Year 1, spring 24, Wednesday,11199,1.2
frame,lgw,Year 1, spring 24, Wednesday,11200,22.3
frame,lgw,Year 1, spring 24, Wednesday,11201,26.1
frame,lgw,Year 1, spring 24, Wednesday,11202,2.1
frame,lgw,Year 1, spring 24, Wednesday,11203,23.5
frame,lgw,Year 1, spring 24, Wednesday,11204,22.7
frame,lgw,Year 1, spring 24, Wednesday,11205,1.7
frame,lgw,Year 1, spring 24, Wednesday,11206,24.4
frame,lgw,Year 1, spring 24, Wednesday,11207,24.8
frame,lgw,Year 1, spring 24, Wednesday,11208,4.4
frame,lgw,Year 1, spring 24, Wednesday,11209,24.3
frame,lgw,Year 1, spring 24, Wednesday,11210,27.0
frame,lgw,Year 1, spring 24, Wednesday,11211,1.6
frame,lgw,Year 1, spring 24, Wednesday,11212,23.2
frame,lgw,Year 1, spring 24, Wednesday,11213,22.4
frame,lgw,Year 1, spring 24, Wednesday,11214,1.9
frame,lgw,Year 1, spring 24, Wednesday,11215,23.9
frame,lgw,Year 1, spring 24, Wednesday,11216,24.9
frame,lgw,Year 1, spring 24, Wednesday,11217,5.5
frame,lgw,Year 1, spring 24, Wednesday,11218,22.9
frame,lgw,Year 1, spring 24, Wednesday,11219,2.0
frame,lgw,Year 1, spring 24, Wednesday,11220,27.4
frame,lgw,Year 1, spring 24, Wednesday,11221,22.6
frame,lgw,Year 1, spring 24, Wednesday,11222,1.9
frame,lgw,Year 1, spring 24, Wednesday,11223,22.6
frame,lgw,Year 1, spring 24, Wednesday,11224,27.4
frame,lgw,Year 1, spring 24, Wednesday,11225,1.4
frame,lgw,Year 1, spring 24, Wednesday,11226,22.5
frame,lgw,Year 1, spring 24, Wednesday,11227,25.5
frame,lgw,Year 1, spring 24, Wednesday,11228,2.3
frame,lgw,Year 1, spring 24, Wednesday,11229,23.1
frame,lgw,Year 1, spring 24, Wednesday,11230,22.0
frame,lgw,Year 1, spring 24, Wednesday,11231,0.7
frame,lgw,Year 1, spring 24, Wednesday,11232,24.1
frame,lgw,Year 1, spring 24, Wednesday,11233,22.5
frame,lgw,Year 1, spring 24, Wednesday,11234,24.4
frame,lgw,Year 1, spring 24, Wednesday,11235,1.6
frame,lgw,Year 1, spring 24, Wednesday,11236,22.6
frame,lgw,Year 1, spring 24, Wednesday,11237,23.6
frame,lgw,Year 1, spring 24, Wednesday,11238,1.0
frame,lgw,Year 1, spring 24, Wednesday,11239,22.6
frame,lgw,Year 1, spring 24, Wednesday,11240,24.3
frame,lgw,Year 1, spring 24, Wednesday,11241,1.9
frame,lgw,Year 1, spring 24, Wednesday,11242,24.7
frame,lgw,Year 1, spring 24, Wednesday,11243,23.7
frame,lgw,Year 1, spring 24, Wednesday,11244,1.7
frame,lgw,Year 1, spring 24, Wednesday,11245,23.6
frame,lgw,Year 1, spring 24, Wednesday,11246,22.5
frame,lgw,Year 1, spring 24, Wednesday,11247,1.4
frame,lgw,Year 1, spring 24, Wednesday,11248,23.9
frame,lgw,Year 1, spring 24, Wednesday,11249,23.0
frame,lgw,Year 1, spring 24, Wednesday,11250,24.0
frame,lgw,Year 1, spring 24, Wednesday,11251,1.2
frame,lgw,Year 1, spring 24, Wednesday,11252,25.4
frame,lgw,Year 1, spring 24, Wednesday,11253,22.5
frame,lgw,Year 1, spring 24, Wednesday,11254,1.3
frame,lgw,Year 1, spring 24, Wednesday,11255,23.6
frame,lgw,Year 1, spring 24, Wednesday,11256,22.7
frame,lgw,Year 1, spring 24, Wednesday,11257,1.1
frame,lgw,Year 1, spring 24, Wednesday,11258,24.6
frame,lgw,Year 1, spring 24, Wednesday,11259,23.5
frame,lgw,Year 1, spring 24, Wednesday,11260,0.8
frame,lgw,Year 1, spring 24, Wednesday,11261,24.1
frame,lgw,Year 1, spring 24, Wednesday,11262,21.8
frame,lgw,Year 1, spring 24, Wednesday,11263,24.6
frame,lgw,Year 1, spring 24, Wednesday,11264,1.8
frame,lgw,Year 1, spring 24, Wednesday,11265,24.4
frame,lgw,Year 1, spring 24, Wednesday,11266,23.9
frame,lgw,Year 1, spring 24, Wednesday,11267,1.6
frame,lgw,Year 1, spring 24, Wednesday,11268,24.4
frame,lgw,Year 1, spring 24, Wednesday,11269,22.6
frame,lgw,Year 1, spring 24, Wednesday,11270,5.4
frame,lgw,Year 1, spring 24, Wednesday,11271,24.0
frame,lgw,Year 1, spring 24, Wednesday,11272,5.5
frame,lgw,Year 1, spring 24, Wednesday,11273,26.2
frame,lgw,Year 1, spring 24, Wednesday,11274,25.6
frame,lgw,Year 1, spring 24, Wednesday,11275,6.0
frame,lgw,Year 1, spring 24, Wednesday,11276,25.2
frame,lgw,Year 1, spring 24, Wednesday,11277,1.5
frame,lgw,Year 1, spring 24, Wednesday,11278,24.9
frame,lgw,Year 1, spring 24, Wednesday,11279,22.5
frame,lgw,Year 1, spring 24, Wednesday,11280,1.5
frame,lgw,Year 1, spring 24, Wednesday,11281,25.3
frame,lgw,Year 1, spring 24, Wednesday,11282,22.6
frame,lgw,Year 1, spring 24, Wednesday,11283,0.8
frame,lgw,Year 1, spring 24, Wednesday,11284,23.7
frame,lgw,Year 1, spring 24, Wednesday,11285,22.3
frame,lgw,Year 1, spring 24, Wednesday,11286,0.8
frame,lgw,Year 1, spring 24, Wednesday,11287,24.1
frame,lgw,Year 1, spring 24, Wednesday,11288,22.0
frame,lgw,Year 1, spring 24, Wednesday,11289,24.3
frame,lgw,Year 1, spring 24, Wednesday,11290,0.9
frame,lgw,Year 1, spring 24, Wednesday,11291,22.2
frame,lgw,Year 1, spring 24, Wednesday,11292,25.3
frame,lgw,Year 1, spring 24, Wednesday,11293,1.2
frame,lgw,Year 1, spring 24, Wednesday,11294,23.3
frame,lgw,Year 1, spring 24, Wednesday,11295,22.4
frame,lgw,Year 1, spring 24, Wednesday,11296,1.3
frame,lgw,Year 1, spring 24, Wednesday,11297,23.9
frame,lgw,Year 1, spring 24, Wednesday,11298,21.9
frame,lgw,Year 1, spring 24, Wednesday,11299,23.4
frame,lgw,Year 1, spring 24, Wednesday,11300,0.8
frame,lgw,Year 1, spring 24, Wednesday,11301,22.7
frame,lgw,Year 1, spring 24, Wednesday,11302,22.8
frame,lgw,Year 1, spring 24, Wednesday,11303,1.2
frame,lgw,Year 1, spring 24, Wednesday,11304,23.6
frame,lgw,Year 1, spring 24, Wednesday,11305,26.5
frame,lgw,Year 1, spring 24, Wednesday,11306,22.7
frame,lgw,Year 1, spring 24, Wednesday,11307,4.1
frame,lgw,Year 1, spring 24, Wednesday,11308,22.8
frame,lgw,Year 1, spring 24, Wednesday,11309,1.3
frame,lgw,Year 1, spring 24, Wednesday,11310,24.7
frame,lgw,Year 1, spring 24, Wednesday,11311,22.9
frame,lgw,Year 1, spring 24, Wednesday,11312,1.0
frame,lgw,Year 1, spring 24, Wednesday,11313,24.4
frame,lgw,Year 1, spring 24, Wednesday,11314,22.6
frame,lgw,Year 1, spring 24, Wednesday,11315,23.4
frame,lgw,Year 1, spring 24, Wednesday,11316,1.1
frame,lgw,Year 1, spring 24, Wednesday,11317,24.3
frame,lgw,Year 1, spring 24, Wednesday,11318,22.0
frame,lgw,Year 1, spring 24, Wednesday,11319,1.2
frame,lgw,Year 1, spring 24, Wednesday,11320,25.3
frame,lgw,Year 1, spring 24, Wednesday,11321,22.7
frame,lgw,Year 1, spring 24, Wednesday,11322,1.9
frame,lgw,Year 1, spring 24, Wednesday,11323,23.4
frame,lgw,Year 1, spring 24, Wednesday,11324,22.6
frame,lgw,Year 1, spring 24, Wednesday,11325,0.8
frame,lgw,Year 1, spring 24, Wednesday,11326,23.2
frame,lgw,Year 1, spring 24, Wednesday,11327,22.0
frame,lgw,Year 1, spring 24, Wednesday,11328,23.4
frame,lgw,Year 1, spring 24, Wednesday,11329,1.1
frame,lgw,Year 1, spring 24, Wednesday,11330,22.5
frame,lgw,Year 1, spring 24, Wednesday,11331,24.3
frame,lgw,Year 1, spring 24, Wednesday,11332,22.7
frame,lgw,Year 1, spring 24, Wednesday,11333,3.0
frame,lgw,Year 1, spring 24, Wednesday,11334,22.1
frame,lgw,Year 1, spring 24, Wednesday,11335,24.9
frame,lgw,Year 1, spring 24, Wednesday,11336,2.3
frame,lgw,Year 1, spring 24, Wednesday,11337,22.4
frame,lgw,Year 1, spring 24, Wednesday,11338,26.9
frame,lgw,Year 1, spring 24, Wednesday,11339,1.3
frame,lgw,Year 1, spring 24, Wednesday,11340,25.2
frame,lgw,Year 1, spring 24, Wednesday,11341,24.2
frame,lgw,Year 1, spring 24, Wednesday,11342,1.0
frame,lgw,Year 1, spring 24, Wednesday,11343,26.4
frame,lgw,Year 1, spring 24, Wednesday,11344,1.4
frame,lgw,Year 1, spring 24, Wednesday,11345,23.6
frame,lgw,Year 1, spring 24, Wednesday,11346,23.9
frame,lgw,Year 1, spring 24, Wednesday,11347,1.5
frame,lgw,Year 1, spring 24, Wednesday,11348,23.5
frame,lgw,Year 1, spring 24, Wednesday,11349,22.8
frame,lgw,Year 1, spring 24, Wednesday,11350,2.0
frame,lgw,Year 1, spring 24, Wednesday,11351,28.2
frame,lgw,Year 1, spring 24, Wednesday,11352,25.8
frame,lgw,Year 1, spring 24, Wednesday,11353,2.7
frame,lgw,Year 1, spring 24, Wednesday,11354,26.4
frame,lgw,Year 1, spring 24, Wednesday,11355,24.8
frame,lgw,Year 1, spring 24, Wednesday,11356,1.5
frame,lgw,Year 1, spring 24, Wednesday,11357,22.1
frame,lgw,Year 1, spring 24, Wednesday,11358,1.4
frame,lgw,Year 1, spring 24, Wednesday,11359,23.3
frame,lgw,Year 1, spring 24, Wednesday,11360,27.3
frame,lgw,Year 1, spring 24, Wednesday,11361,23.0
frame,lgw,Year 1, spring 24, Wednesday,11362,1.1
frame,lgw,Year 1, spring 24, Wednesday,11363,22.9
frame,lgw,Year 1, spring 24, Wednesday,11364,1.3
frame,lgw,Year 1, spring 24, Wednesday,11365,22.7
frame,lgw,Year 1, spring 24, Wednesday,11366,23.3
frame,lgw,Year 1, spring 24, Wednesday,11367,23.0
frame,lgw,Year 1, spring 24, Wednesday,11368,1.4
frame,lgw,Year 1, spring 24, Wednesday,11369,21.6
frame,lgw,Year 1, spring 24, Wednesday,11370,24.7
frame,lgw,Year 1, spring 24, Wednesday,11371,22.1
frame,lgw,Year 1, spring 24, Wednesday,11372,0.6
frame,lgw,Year 1, spring 24, Wednesday,11373,23.6
frame,lgw,Year 1, spring 24, Wednesday,11374,24.2
frame,lgw,Year 1, spring 24, Wednesday,11375,0.7
frame,lgw,Year 1, spring 24, Wednesday,11376,25.5
frame,lgw,Year 1, spring 24, Wednesday,11377,25.8
frame,lgw,Year 1, spring 24, Wednesday,11378,2.0
frame,lgw,Year 1, spring 24, Wednesday,11379,22.6
frame,lgw,Year 1, spring 24, Wednesday,11380,25.3
frame,lgw,Year 1, spring 24, Wednesday,11381,1.4
frame,lgw,Year 1, spring 24, Wednesday,11382,24.5
frame,lgw,Year 1, spring 24, Wednesday,11383,22.9
frame,lgw,Year 1, spring 24, Wednesday,11384,0.8
frame,lgw,Year 1, spring 24, Wednesday,11385,25.6
frame,lgw,Year 1, spring 24, Wednesday,11386,24.5
frame,lgw,Year 1, spring 24, Wednesday,11387,4.2
frame,lgw,Year 1, spring 24, Wednesday,11388,23.7
frame,lgw,Year 1, spring 24, Wednesday,11389,0.6
frame,lgw,Year 1, spring 24, Wednesday,11390,24.0
frame,lgw,Year 1, spring 24, Wednesday,11391,23.8
frame,lgw,Year 1, spring 24, Wednesday,11392,25.0
frame,lgw,Year 1, spring 24, Wednesday,11393,1.7
frame,lgw,Year 1, spring 24, Wednesday,11394,24.2
frame,lgw,Year 1, spring 24, Wednesday,11395,24.4
frame,lgw,Year 1, spring 24, Wednesday,11396,1.7
frame,lgw,Year 1, spring 24, Wednesday,11397,23.1
frame,lgw,Year 1, spring 24, Wednesday,11398,23.2
frame,lgw,Year 1, spring 24, Wednesday,11399,1.3
frame,lgw,Year 1, spring 24, Wednesday,11400,25.2
frame,lgw,Year 1, spring 24, Wednesday,11401,22.8
frame,lgw,Year 1, spring 24, Wednesday,11402,3.0
frame,lgw,Year 1, spring 24, Wednesday,11403,23.2
frame,lgw,Year 1, spring 24, Wednesday,11404,24.4
frame,lgw,Year 1, spring 24, Wednesday,11405,0.8
frame,lgw,Year 1, spring 24, Wednesday,11406,23.5
frame,lgw,Year 1, spring 24, Wednesday,11407,23.3
frame,lgw,Year 1, spring 24, Wednesday,11408,1.1
frame,lgw,Year 1, spring 24, Wednesday,11409,21.8
frame,lgw,Year 1, spring 24, Wednesday,11410,23.5
frame,lgw,Year 1, spring 24, Wednesday,11411,22.3
frame,lgw,Year 1, spring 24, Wednesday,11412,0.6
frame,lgw,Year 1, spring 24, Wednesday,11413,23.8
frame,lgw,Year 1, spring 24, Wednesday,11414,22.8
frame,lgw,Year 1, spring 24, Wednesday,11415,1.7
frame,lgw,Year 1, spring 24, Wednesday,11416,23.3
frame,lgw,Year 1, spring 24, Wednesday,11417,23.7
frame,lgw,Year 1, spring 24, Wednesday,11418,2.9
frame,lgw,Year 1, spring 24, Wednesday,11419,22.1
frame,lgw,Year 1, spring 24, Wednesday,11420,25.3
frame,lgw,Year 1, spring 24, Wednesday,11421,21.9
frame,lgw,Year 1, spring 24, Wednesday,11422,1.4
frame,lgw,Year 1, spring 24, Wednesday,11423,23.2
frame,lgw,Year 1, spring 24, Wednesday,11424,22.2
frame,lgw,Year 1, spring 24, Wednesday,11425,1.5
frame,lgw,Year 1, spring 24, Wednesday,11426,25.2
frame,lgw,Year 1, spring 24, Wednesday,11427,22.3
frame,lgw,Year 1, spring 24, Wednesday,11428,1.7
frame,lgw,Year 1, spring 24, Wednesday,11429,23.4
frame,lgw,Year 1, spring 24, Wednesday,11430,22.6
frame,lgw,Year 1, spring 24, Wednesday,11431,2.6
frame,lgw,Year 1, spring 24, Wednesday,11432,22.7
frame,lgw,Year 1, spring 24, Wednesday,11433,23.6
frame,lgw,Year 1, spring 24, Wednesday,11434,23.6
frame,lgw,Year 1, spring 24, Wednesday,11435,2.2
frame,lgw,Year 1, spring 24, Wednesday,11436,24.0
frame,lgw,Year 1, spring 24, Wednesday,11437,23.7
frame,lgw,Year 1, spring 24, Wednesday,11438,5.8
frame,lgw,Year 1, spring 24, Wednesday,11439,22.9
frame,lgw,Year 1, spring 24, Wednesday,11440,0.6
frame,lgw,Year 1, spring 24, Wednesday,11441,24.5
frame,lgw,Year 1, spring 24, Wednesday,11442,22.7
frame,lgw,Year 1, spring 24, Wednesday,11443,24.0
frame,lgw,Year 1, spring 24, Wednesday,11444,3.5
frame,lgw,Year 1, spring 24, Wednesday,11445,27.2
frame,lgw,Year 1, spring 24, Wednesday,11446,1.4
frame,lgw,Year 1, spring 24, Wednesday,11447,21.7
frame,lgw,Year 1, spring 24, Wednesday,11448,29.5
frame,lgw,Year 1, spring 24, Wednesday,11449,1.7
frame,lgw,Year 1, spring 24, Wednesday,11450,23.4
frame,lgw,Year 1, spring 24, Wednesday,11451,24.0
frame,lgw,Year 1, spring 24, Wednesday,11452,5.3
frame,lgw,Year 1, spring 24, Wednesday,11453,22.3
frame,lgw,Year 1, spring 24, Wednesday,11454,1.7
frame,lgw,Year 1, spring 24, Wednesday,11455,25.5
frame,lgw,Year 1, spring 24, Wednesday,11456,23.1
frame,lgw,Year 1, spring 24, Wednesday,11457,2.6
frame,lgw,Year 1, spring 24, Wednesday,11458,23.9
frame,lgw,Year 1, spring 24, Wednesday,11459,25.5
frame,lgw,Year 1, spring 24, Wednesday,11460,1.7
frame,lgw,Year 1, spring 24, Wednesday,11461,22.3
frame,lgw,Year 1, spring 24, Wednesday,11462,23.9
frame,lgw,Year 1, spring 24, Wednesday,11463,22.7
frame,lgw,Year 1, spring 24, Wednesday,11464,1.3
frame,lgw,Year 1, spring 24, Wednesday,11465,24.0
frame,lgw,Year 1, spring 24, Wednesday,11466,22.0
frame,lgw,Year 1, spring 24, Wednesday,11467,1.0
frame,lgw,Year 1, spring 24, Wednesday,11468,24.8
frame,lgw,Year 1, spring 24, Wednesday,11469,22.4
frame,lgw,Year 1, spring 24, Wednesday,11470,3.3
frame,lgw,Year 1, spring 24, Wednesday,11471,21.9
frame,lgw,Year 1, spring 24, Wednesday,11472,24.3
frame,lgw,Year 1, spring 24, Wednesday,11473,22.0
frame,lgw,Year 1, spring 24, Wednesday,11474,0.6
frame,lgw,Year 1, spring 24, Wednesday,11475,24.4
frame,lgw,Year 1, spring 24, Wednesday,11476,22.0
frame,lgw,Year 1, spring 24, Wednesday,11477,1.2
frame,lgw,Year 1, spring 24, Wednesday,11478,23.0
frame,lgw,Year 1, spring 24, Wednesday,11479,23.0
frame,lgw,Year 1, spring 24, Wednesday,11480,1.2
frame,lgw,Year 1, spring 24, Wednesday,11481,23.8
frame,lgw,Year 1, spring 24, Wednesday,11482,22.2
frame,lgw,Year 1, spring 24, Wednesday,11483,24.1
frame,lgw,Year 1, spring 24, Wednesday,11484,0.8
frame,lgw,Year 1, spring 24, Wednesday,11485,22.7
frame,lgw,Year 1, spring 24, Wednesday,11486,24.5
frame,lgw,Year 1, spring 24, Wednesday,11487,1.8
frame,lgw,Year 1, spring 24, Wednesday,11488,22.4
frame,lgw,Year 1, spring 24, Wednesday,11489,23.8
frame,lgw,Year 1, spring 24, Wednesday,11490,1.3
frame,lgw,Year 1, spring 24, Wednesday,11491,24.5
frame,lgw,Year 1, spring 24, Wednesday,11492,23.3
frame,lgw,Year 1, spring 24, Wednesday,11493,1.2
frame,lgw,Year 1, spring 24, Wednesday,11494,23.1
frame,lgw,Year 1, spring 24, Wednesday,11495,22.7
frame,lgw,Year 1, spring 24, Wednesday,11496,23.5
frame,lgw,Year 1, spring 24, Wednesday,11497,1.5
frame,lgw,Year 1, spring 24, Wednesday,11498,22.2
frame,lgw,Year 1, spring 24, Wednesday,11499,23.7
frame,lgw,Year 1, spring 24, Wednesday,11500,1.4
frame,lgw,Year 1, spring 24, Wednesday,11501,22.4
frame,lgw,Year 1, spring 24, Wednesday,11502,23.3
frame,lgw,Year 1, spring 24, Wednesday,11503,22.3
frame,lgw,Year 1, spring 24, Wednesday,11504,1.0
frame,lgw,Year 1, spring 24, Wednesday,11505,23.3
frame,lgw,Year 1, spring 24, Wednesday,11506,22.7
frame,lgw,Year 1, spring 24, Wednesday,11507,1.1
frame,lgw,Year 1, spring 24, Wednesday,11508,24.1
frame,lgw,Year 1, spring 24, Wednesday,11509,22.3
frame,lgw,Year 1, spring 24, Wednesday,11510,23.6
frame,lgw,Year 1, spring 24, Wednesday,11511,1.1
frame,lgw,Year 1, spring 24, Wednesday,11512,22.3
frame,lgw,Year 1, spring 24, Wednesday,11513,22.9
frame,lgw,Year 1, spring 24, Wednesday,11514,0.7
frame,lgw,Year 1, spring 24, Wednesday,11515,22.9
frame,lgw,Year 1, spring 24, Wednesday,11516,23.5
frame,lgw,Year 1, spring 24, Wednesday,11517,25.2
frame,lgw,Year 1, spring 24, Wednesday,11518,1.5
frame,lgw,Year 1, spring 24, Wednesday,11519,23.9
frame,lgw,Year 1, spring 24, Wednesday,11520,22.3
frame,lgw,Year 1, spring 24, Wednesday,11521,0.6
frame,lgw,Year 1, spring 24, Wednesday,11522,22.6
frame,lgw,Year 1, spring 24, Wednesday,11523,23.8
frame,lgw,Year 1, spring 24, Wednesday,11524,2.3
frame,lgw,Year 1, spring 24, Wednesday,11525,23.6
frame,lgw,Year 1, spring 24, Wednesday,11526,25.8
frame,lgw,Year 1, spring 24, Wednesday,11527,1.0
frame,lgw,Year 1, spring 24, Wednesday,11528,23.8
frame,lgw,Year 1, spring 24, Wednesday,11529,21.6
frame,lgw,Year 1, spring 24, Wednesday,11530,1.2
frame,lgw,Year 1, spring 24, Wednesday,11531,24.3
frame,lgw,Year 1, spring 24, Wednesday,11532,22.7
frame,lgw,Year 1, spring 24, Wednesday,11533,24.7
frame,lgw,Year 1, spring 24, Wednesday,11534,1.1
frame,lgw,Year 1, spring 24, Wednesday,11535,22.5
frame,lgw,Year 1, spring 24, Wednesday,11536,22.9
frame,lgw,Year 1, spring 24, Wednesday,11537,0.8
frame,lgw,Year 1, spring 24, Wednesday,11538,21.7
frame,lgw,Year 1, spring 24, Wednesday,11539,23.1
frame,lgw,Year 1, spring 24, Wednesday,11540,22.8
frame,lgw,Year 1, spring 24, Wednesday,11541,1.6
frame,lgw,Year 1, spring 24, Wednesday,11542,28.1
frame,lgw,Year 1, spring 24, Wednesday,11543,23.6
frame,lgw,Year 1, spring 24, Wednesday,11544,1.8
frame,lgw,Year 1, spring 24, Wednesday,11545,23.4
frame,lgw,Year 1, spring 24, Wednesday,11546,26.6
frame,lgw,Year 1, spring 24, Wednesday,11547,0.9
frame,lgw,Year 1, spring 24, Wednesday,11548,24.4
frame,lgw,Year 1, spring 24, Wednesday,11549,2.3
frame,lgw,Year 1, spring 24, Wednesday,11550,23.5
frame,lgw,Year 1, spring 24, Wednesday,11551,24.1
frame,lgw,Year 1, spring 24, Wednesday,11552,1.0
frame,lgw,Year 1, spring 24, Wednesday,11553,22.9
frame,lgw,Year 1, spring 24, Wednesday,11554,24.4
frame,lgw,Year 1, spring 24, Wednesday,11555,23.7
frame,lgw,Year 1, spring 24, Wednesday,11556,3.3
frame,lgw,Year 1, spring 24, Wednesday,11557,22.5
frame,lgw,Year 1, spring 24, Wednesday,11558,1.1
frame,lgw,Year 1, spring 24, Wednesday,11559,23.3
frame,lgw,Year 1, spring 24, Wednesday,11560,21.6
frame,lgw,Year 1, spring 24, Wednesday,11561,24.6
frame,lgw,Year 1, spring 24, Wednesday,11562,1.8
frame,lgw,Year 1, spring 24, Wednesday,11563,22.2
frame,lgw,Year 1, spring 24, Wednesday,11564,24.2
frame,lgw,Year 1, spring 24, Wednesday,11565,1.0
frame,lgw,Year 1, spring 24, Wednesday,11566,23.5
frame,lgw,Year 1, spring 24, Wednesday,11567,24.9
frame,lgw,Year 1, spring 24, Wednesday,11568,25.8
frame,lgw,Year 1, spring 24, Wednesday,11569,1.8
frame,lgw,Year 1, spring 24, Wednesday,11570,23.3
frame,lgw,Year 1, spring 24, Wednesday,11571,1.2
frame,lgw,Year 1, spring 24, Wednesday,11572,24.3
frame,lgw,Year 1, spring 24, Wednesday,11573,22.8
frame,lgw,Year 1, spring 24, Wednesday,11574,0.8
frame,lgw,Year 1, spring 24, Wednesday,11575,28.3
frame,lgw,Year 1, spring 24, Wednesday,11576,24.6
frame,lgw,Year 1, spring 24, Wednesday,11577,2.2
frame,lgw,Year 1, spring 24, Wednesday,11578,22.6
frame,lgw,Year 1, spring 24, Wednesday,11579,24.4
frame,lgw,Year 1, spring 24, Wednesday,11580,0.7
frame,lgw,Year 1, spring 24, Wednesday,11581,22.0
frame,lgw,Year 1, spring 24, Wednesday,11582,25.7
frame,lgw,Year 1, spring 24, Wednesday,11583,0.7
frame,lgw,Year 1, spring 24, Wednesday,11584,25.7
frame,lgw,Year 1, spring 24, Wednesday,11585,22.2
frame,lgw,Year 1, spring 24, Wednesday,11586,1.3
frame,lgw,Year 1, spring 24, Wednesday,11587,23.9
frame,lgw,Year 1, spring 24, Wednesday,11588,23.1
frame,lgw,Year 1, spring 24, Wednesday,11589,27.6
frame,lgw,Year 1, spring 24, Wednesday,11590,3.3
frame,lgw,Year 1, spring 24, Wednesday,11591,24.0
frame,lgw,Year 1, spring 24, Wednesday,11592,1.2
frame,lgw,Year 1, spring 24, Wednesday,11593,27.9
frame,lgw,Year 1, spring 24, Wednesday,11594,22.6
frame,lgw,Year 1, spring 24, Wednesday,11595,0.7
frame,lgw,Year 1, spring 24, Wednesday,11596,25.5
frame,lgw,Year 1, spring 24, Wednesday,11597,23.4
frame,lgw,Year 1, spring 24, Wednesday,11598,0.9
frame,lgw,Year 1, spring 24, Wednesday,11599,23.7
frame,lgw,Year 1, spring 24, Wednesday,11600,22.7
frame,lgw,Year 1, spring 24, Wednesday,11601,0.8
frame,lgw,Year 1, spring 24, Wednesday,11602,23.4
frame,lgw,Year 1, spring 24, Wednesday,11603,22.8
frame,lgw,Year 1, spring 24, Wednesday,11604,24.5
frame,lgw,Year 1, spring 24, Wednesday,11605,2.8
frame,lgw,Year 1, spring 24, Wednesday,11606,23.1
frame,lgw,Year 1, spring 24, Wednesday,11607,21.9
frame,lgw,Year 1, spring 24, Wednesday,11608,0.5
frame,lgw,Year 1, spring 24, Wednesday,11609,24.3
frame,lgw,Year 1, spring 24, Wednesday,11610,22.8
frame,lgw,Year 1, spring 24, Wednesday,11611,1.5
frame,lgw,Year 1, spring 24, Wednesday,11612,23.7
frame,lgw,Year 1, spring 24, Wednesday,11613,22.1
frame,lgw,Year 1, spring 24, Wednesday,11614,0.7
frame,lgw,Year 1, spring 24, Wednesday,11615,23.5
frame,lgw,Year 1, spring 24, Wednesday,11616,22.7
frame,lgw,Year 1, spring 24, Wednesday,11617,22.3
frame,lgw,Year 1, spring 24, Wednesday,11618,0.5
frame,lgw,Year 1, spring 24, Wednesday,11619,23.1
frame,lgw,Year 1, spring 24, Wednesday,11620,23.7
frame,lgw,Year 1, spring 24, Wednesday,11621,22.6
frame,lgw,Year 1, spring 24, Wednesday,11622,0.5
frame,lgw,Year 1, spring 24, Wednesday,11623,23.6
frame,lgw,Year 1, spring 24, Wednesday,11624,22.6
frame,lgw,Year 1, spring 24, Wednesday,11625,0.8
frame,lgw,Year 1, spring 24, Wednesday,11626,23.2
frame,lgw,Year 1, spring 24, Wednesday,11627,22.7
frame,lgw,Year 1, spring 24, Wednesday,11628,23.8
frame,lgw,Year 1, spring 24, Wednesday,11629,0.8
frame,lgw,Year 1, spring 24, Wednesday,11630,22.4
frame,lgw,Year 1, spring 24, Wednesday,11631,25.3
frame,lgw,Year 1, spring 24, Wednesday,11632,1.4
frame,lgw,Year 1, spring 24, Wednesday,11633,22.1
frame,lgw,Year 1, spring 24, Wednesday,11634,24.2
frame,lgw,Year 1, spring 24, Wednesday,11635,1.4
frame,lgw,Year 1, spring 24, Wednesday,11636,25.4
frame,lgw,Year 1, spring 24, Wednesday,11637,23.1
frame,lgw,Year 1, spring 24, Wednesday,11638,2.2
frame,lgw,Year 1, spring 24, Wednesday,11639,23.8
frame,lgw,Year 1, spring 24, Wednesday,11640,22.4
frame,lgw,Year 1, spring 24, Wednesday,11641,1.1
frame,lgw,Year 1, spring 24, Wednesday,11642,23.7
frame,lgw,Year 1, spring 24, Wednesday,11643,22.6
frame,lgw,Year 1, spring 24, Wednesday,11644,24.0
frame,lgw,Year 1, spring 24, Wednesday,11645,0.9
frame,lgw,Year 1, spring 24, Wednesday,11646,23.1
frame,lgw,Year 1, spring 24, Wednesday,11647,23.2
frame,lgw,Year 1, spring 24, Wednesday,11648,1.2
frame,lgw,Year 1, spring 24, Wednesday,11649,22.2
frame,lgw,Year 1, spring 24, Wednesday,11650,23.3
frame,lgw,Year 1, spring 24, Wednesday,11651,22.7
frame,lgw,Year 1, spring 24, Wednesday,11652,0.7
frame,lgw,Year 1, spring 24, Wednesday,11653,24.1
frame,lgw,Year 1, spring 24, Wednesday,11654,23.0
frame,lgw,Year 1, spring 24, Wednesday,11655,2.5
frame,lgw,Year 1, spring 24, Wednesday,11656,24.2
frame,lgw,Year 1, spring 24, Wednesday,11657,25.6
frame,lgw,Year 1, spring 24, Wednesday,11658,0.8
frame,lgw,Year 1, spring 24, Wednesday,11659,28.1
frame,lgw,Year 1, spring 24, Wednesday,11660,22.8
frame,lgw,Year 1, spring 24, Wednesday,11661,1.0
frame,lgw,Year 1, spring 24, Wednesday,11662,25.1
frame,lgw,Year 1, spring 24, Wednesday,11663,22.1
frame,lgw,Year 1, spring 24, Wednesday,11664,0.7
frame,lgw,Year 1, spring 24, Wednesday,11665,25.4
frame,lgw,Year 1, spring 24, Wednesday,11666,25.0
frame,lgw,Year 1, spring 24, Wednesday,11667,0.8
frame,lgw,Year 1, spring 24, Wednesday,11668,23.6
frame,lgw,Year 1, spring 24, Wednesday,11669,23.9
frame,lgw,Year 1, spring 24, Wednesday,11670,1.0
frame,lgw,Year 1, spring 24, Wednesday,11671,22.6
frame,lgw,Year 1, spring 24, Wednesday,11672,23.5
frame,lgw,Year 1, spring 24, Wednesday,11673,0.8
frame,lgw,Year 1, spring 24, Wednesday,11674,22.7
frame,lgw,Year 1, spring 24, Wednesday,11675,23.0
frame,lgw,Year 1, spring 24, Wednesday,11676,22.8
frame,lgw,Year 1, spring 24, Wednesday,11677,2.5
frame,lgw,Year 1, spring 24, Wednesday,11678,23.7
frame,lgw,Year 1, spring 24, Wednesday,11679,22.3
frame,lgw,Year 1, spring 24, Wednesday,11680,1.3
frame,lgw,Year 1, spring 24, Wednesday,11681,25.8
frame,lgw,Year 1, spring 24, Wednesday,11682,24.6
frame,lgw,Year 1, spring 24, Wednesday,11683,1.1
frame,lgw,Year 1, spring 24, Wednesday,11684,22.4
frame,lgw,Year 1, spring 24, Wednesday,11685,24.9
frame,lgw,Year 1, spring 24, Wednesday,11686,3.2
frame,lgw,Year 1, spring 24, Wednesday,11687,26.2
frame,lgw,Year 1, spring 24, Wednesday,11688,22.3
frame,lgw,Year 1, spring 24, Wednesday,11689,0.9
frame,lgw,Year 1, spring 24, Wednesday,11690,24.7
frame,lgw,Year 1, spring 24, Wednesday,11691,22.5
frame,lgw,Year 1, spring 24, Wednesday,11692,0.9
frame,lgw,Year 1, spring 24, Wednesday,11693,22.7
frame,lgw,Year 1, spring 24, Wednesday,11694,23.2
frame,lgw,Year 1, spring 24, Wednesday,11695,23.1
frame,lgw,Year 1, spring 24, Wednesday,11696,0.7
frame,lgw,Year 1, spring 24, Wednesday,11697,22.0
frame,lgw,Year 1, spring 24, Wednesday,11698,24.2
frame,lgw,Year 1, spring 24, Wednesday,11699,1.5
frame,lgw,Year 1, spring 24, Wednesday,11700,23.6
frame,lgw,Year 1, spring 24, Wednesday,11701,24.7
frame,lgw,Year 1, spring 24, Wednesday,11702,2.1
frame,lgw,Year 1, spring 24, Wednesday,11703,24.1
frame,lgw,Year 1, spring 24, Wednesday,11704,24.0
frame,lgw,Year 1, spring 24, Wednesday,11705,1.4
frame,lgw,Year 1, spring 24, Wednesday,11706,23.7
frame,lgw,Year 1, spring 24, Wednesday,11707,25.7
frame,lgw,Year 1, spring 24, Wednesday,11708,4.3
frame,lgw,Year 1, spring 24, Wednesday,11709,23.3
frame,lgw,Year 1, spring 24, Wednesday,11710,26.8
frame,lgw,Year 1, spring 24, Wednesday,11711,1.9
frame,lgw,Year 1, spring 24, Wednesday,11712,24.6
frame,lgw,Year 1, spring 24, Wednesday,11713,22.4
frame,lgw,Year 1, spring 24, Wednesday,11714,2.3
frame,lgw,Year 1, spring 24, Wednesday,11715,23.8
frame,lgw,Year 1, spring 24, Wednesday,11716,22.1
frame,lgw,Year 1, spring 24, Wednesday,11717,0.8
frame,lgw,Year 1, spring 24, Wednesday,11718,23.9
frame,lgw,Year 1, spring 24, Wednesday,11719,22.6
frame,lgw,Year 1, spring 24, Wednesday,11720,0.7
frame,lgw,Year 1, spring 24, Wednesday,11721,23.3
frame,lgw,Year 1, spring 24, Wednesday,11722,23.6
frame,lgw,Year 1, spring 24, Wednesday,11723,23.4
frame,lgw,Year 1, spring 24, Wednesday,11724,3.3
frame,lgw,Year 1, spring 24, Wednesday,11725,25.2
frame,lgw,Year 1, spring 24, Wednesday,11726,24.1
frame,lgw,Year 1, spring 24, Wednesday,11727,1.7
frame,lgw,Year 1, spring 24, Wednesday,11728,25.1
frame,lgw,Year 1, spring 24, Wednesday,11729,2.4
frame,lgw,Year 1, spring 24, Wednesday,11730,24.6
frame,lgw,Year 1, spring 24, Wednesday,11731,23.2
frame,lgw,Year 1, spring 24, Wednesday,11732,1.8
frame,lgw,Year 1, spring 24, Wednesday,11733,27.0
frame,lgw,Year 1, spring 24, Wednesday,11734,23.7
frame,lgw,Year 1, spring 24, Wednesday,11735,1.2
frame,lgw,Year 1, spring 24, Wednesday,11736,23.4
frame,lgw,Year 1, spring 24, Wednesday,11737,24.3
frame,lgw,Year 1, spring 24, Wednesday,11738,1.8
frame,lgw,Year 1, spring 24, Wednesday,11739,24.7
frame,lgw,Year 1, spring 24, Wednesday,11740,28.2
frame,lgw,Year 1, spring 24, Wednesday,11741,1.0
frame,lgw,Year 1, spring 24, Wednesday,11742,21.7
frame,lgw,Year 1, spring 24, Wednesday,11743,23.1
frame,lgw,Year 1, spring 24, Wednesday,11744,0.8
frame,lgw,Year 1, spring 24, Wednesday,11745,24.5
frame,lgw,Year 1, spring 24, Wednesday,11746,23.1
frame,lgw,Year 1, spring 24, Wednesday,11747,1.9
frame,lgw,Year 1, spring 24, Wednesday,11748,22.7
frame,lgw,Year 1, spring 24, Wednesday,11749,24.4
frame,lgw,Year 1, spring 24, Wednesday,11750,0.8
frame,lgw,Year 1, spring 24, Wednesday,11751,22.5
frame,lgw,Year 1, spring 24, Wednesday,11752,22.9
frame,lgw,Year 1, spring 24, Wednesday,11753,22.8
frame,lgw,Year 1, spring 24, Wednesday,11754,0.8
frame,lgw,Year 1, spring 24, Wednesday,11755,26.0
frame,lgw,Year 1, spring 24, Wednesday,11756,24.1
frame,lgw,Year 1, spring 24, Wednesday,11757,4.1
frame,lgw,Year 1, spring 24, Wednesday,11758,23.7
frame,lgw,Year 1, spring 24, Wednesday,11759,22.7
frame,lgw,Year 1, spring 24, Wednesday,11760,0.6
frame,lgw,Year 1, spring 24, Wednesday,11761,23.5
frame,lgw,Year 1, spring 24, Wednesday,11762,23.0
frame,lgw,Year 1, spring 24, Wednesday,11763,1.3
frame,lgw,Year 1, spring 24, Wednesday,11764,22.9
frame,lgw,Year 1, spring 24, Wednesday,11765,23.4
frame,lgw,Year 1, spring 24, Wednesday,11766,0.8
frame,lgw,Year 1, spring 24, Wednesday,11767,22.5
frame,lgw,Year 1, spring 24, Wednesday,11768,26.3
frame,lgw,Year 1, spring 24, Wednesday,11769,27.0
frame,lgw,Year 1, spring 24, Wednesday,11770,2.2
frame,lgw,Year 1, spring 24, Wednesday,11771,22.9
frame,lgw,Year 1, spring 24, Wednesday,11772,3.2
frame,lgw,Year 1, spring 24, Wednesday,11773,22.7
frame,lgw,Year 1, spring 24, Wednesday,11774,25.4
frame,lgw,Year 1, spring 24, Wednesday,11775,1.5
frame,lgw,Year 1, spring 24, Wednesday,11776,21.7
frame,lgw,Year 1, spring 24, Wednesday,11777,24.2
frame,lgw,Year 1, spring 24, Wednesday,11778,23.2
frame,lgw,Year 1, spring 24, Wednesday,11779,0.9
frame,lgw,Year 1, spring 24, Wednesday,11780,22.9
frame,lgw,Year 1, spring 24, Wednesday,11781,22.0
frame,lgw,Year 1, spring 24, Wednesday,11782,0.8
frame,lgw,Year 1, spring 24, Wednesday,11783,22.4
frame,lgw,Year 1, spring 24, Wednesday,11784,22.8
frame,lgw,Year 1, spring 24, Wednesday,11785,24.7
frame,lgw,Year 1, spring 24, Wednesday,11786,1.2
frame,lgw,Year 1, spring 24, Wednesday,11787,23.1
frame,lgw,Year 1, spring 24, Wednesday,11788,27.0
frame,lgw,Year 1, spring 24, Wednesday,11789,0.8
frame,lgw,Year 1, spring 24, Wednesday,11790,22.1
frame,lgw,Year 1, spring 24, Wednesday,11791,23.6
frame,lgw,Year 1, spring 24, Wednesday,11792,0.9
frame,lgw,Year 1, spring 24, Wednesday,11793,24.6
frame,lgw,Year 1, spring 24, Wednesday,11794,22.2
frame,lgw,Year 1, spring 24, Wednesday,11795,0.8
frame,lgw,Year 1, spring 24, Wednesday,11796,23.1
frame,lgw,Year 1, spring 24, Wednesday,11797,22.2
frame,lgw,Year 1, spring 24, Wednesday,11798,23.9
frame,lgw,Year 1, spring 24, Wednesday,11799,0.7
frame,lgw,Year 1, spring 24, Wednesday,11800,21.8
frame,lgw,Year 1, spring 24, Wednesday,11801,23.2
frame,lgw,Year 1, spring 24, Wednesday,11802,0.8
frame,lgw,Year 1, spring 24, Wednesday,11803,22.5
frame,lgw,Year 1, spring 24, Wednesday,11804,24.0
frame,lgw,Year 1, spring 24, Wednesday,11805,24.8
frame,lgw,Year 1, spring 24, Wednesday,11806,4.5
frame,lgw,Year 1, spring 24, Wednesday,11807,23.1
frame,lgw,Year 1, spring 24, Wednesday,11808,1.8
frame,lgw,Year 1, spring 24, Wednesday,11809,25.3
frame,lgw,Year 1, spring 24, Wednesday,11810,22.9
frame,lgw,Year 1, spring 24, Wednesday,11811,1.7
frame,lgw,Year 1, spring 24, Wednesday,11812,23.6
frame,lgw,Year 1, spring 24, Wednesday,11813,24.3
frame,lgw,Year 1, spring 24, Wednesday,11814,0.5
frame,lgw,Year 1, spring 24, Wednesday,11815,21.9
frame,lgw,Year 1, spring 24, Wednesday,11816,24.5
frame,lgw,Year 1, spring 24, Wednesday,11817,23.8
frame,lgw,Year 1, spring 24, Wednesday,11818,0.9
frame,lgw,Year 1, spring 24, Wednesday,11819,24.3
frame,lgw,Year 1, spring 24, Wednesday,11820,22.3
frame,lgw,Year 1, spring 24, Wednesday,11821,0.6
frame,lgw,Year 1, spring 24, Wednesday,11822,23.4
frame,lgw,Year 1, spring 24, Wednesday,11823,23.6
frame,lgw,Year 1, spring 24, Wednesday,11824,1.0
frame,lgw,Year 1, spring 24, Wednesday,11825,24.7
frame,lgw,Year 1, spring 24, Wednesday,11826,22.7
frame,lgw,Year 1, spring 24, Wednesday,11827,23.8
frame,lgw,Year 1, spring 24, Wednesday,11828,1.6
frame,lgw,Year 1, spring 24, Wednesday,11829,26.1
frame,lgw,Year 1, spring 24, Wednesday,11830,22.1
frame,lgw,Year 1, spring 24, Wednesday,11831,1.7
frame,lgw,Year 1, spring 24, Wednesday,11832,23.6
frame,lgw,Year 1, spring 24, Wednesday,11833,23.8
frame,lgw,Year 1, spring 24, Wednesday,11834,1.7
frame,lgw,Year 1, spring 24, Wednesday,11835,24.4
frame,lgw,Year 1, spring 24, Wednesday,11836,26.2
frame,lgw,Year 1, spring 24, Wednesday,11837,1.2
frame,lgw,Year 1, spring 24, Wednesday,11838,22.5
frame,lgw,Year 1, spring 24, Wednesday,11839,22.4
frame,lgw,Year 1, spring 24, Wednesday,11840,0.8
frame,lgw,Year 1, spring 24, Wednesday,11841,22.6
frame,lgw,Year 1, spring 24, Wednesday,11842,23.8
frame,lgw,Year 1, spring 24, Wednesday,11843,22.1
frame,lgw,Year 1, spring 24, Wednesday,11844,1.1
frame,lgw,Year 1, spring 24, Wednesday,11845,24.8
frame,lgw,Year 1, spring 24, Wednesday,11846,23.2
frame,lgw,Year 1, spring 24, Wednesday,11847,0.9
frame,lgw,Year 1, spring 24, Wednesday,11848,24.0
frame,lgw,Year 1, spring 24, Wednesday,11849,22.6
frame,lgw,Year 1, spring 24, Wednesday,11850,1.0
frame,lgw,Year 1, spring 24, Wednesday,11851,24.2
frame,lgw,Year 1, spring 24, Wednesday,11852,26.8
frame,lgw,Year 1, spring 24, Wednesday,11853,0.9
frame,lgw,Year 1, spring 24, Wednesday,11854,22.2
frame,lgw,Year 1, spring 24, Wednesday,11855,23.9
frame,lgw,Year 1, spring 24, Wednesday,11856,0.6
frame,lgw,Year 1, spring 24, Wednesday,11857,21.7
frame,lgw,Year 1, spring 24, Wednesday,11858,23.4
frame,lgw,Year 1, spring 24, Wednesday,11859,22.6
frame,lgw,Year 1, spring 24, Wednesday,11860,1.2
frame,lgw,Year 1, spring 24, Wednesday,11861,24.2
frame,lgw,Year 1, spring 24, Wednesday,11862,23.9
frame,lgw,Year 1, spring 24, Wednesday,11863,0.5
frame,lgw,Year 1, spring 24, Wednesday,11864,26.5
frame,lgw,Year 1, spring 24, Wednesday,11865,23.8
frame,lgw,Year 1, spring 24, Wednesday,11866,2.5
frame,lgw,Year 1, spring 24, Wednesday,11867,24.2
frame,lgw,Year 1, spring 24, Wednesday,11868,25.8
frame,lgw,Year 1, spring 24, Wednesday,11869,1.3
frame,lgw,Year 1, spring 24, Wednesday,11870,25.9
frame,lgw,Year 1, spring 24, Wednesday,11871,23.1
frame,lgw,Year 1, spring 24, Wednesday,11872,1.4
frame,lgw,Year 1, spring 24, Wednesday,11873,26.7
frame,lgw,Year 1, spring 24, Wednesday,11874,23.1
frame,lgw,Year 1, spring 24, Wednesday,11875,0.6
frame,lgw,Year 1, spring 24, Wednesday,11876,23.4
frame,lgw,Year 1, spring 24, Wednesday,11877,24.7
frame,lgw,Year 1, spring 24, Wednesday,11878,0.8
frame,lgw,Year 1, spring 24, Wednesday,11879,22.9
frame,lgw,Year 1, spring 24, Wednesday,11880,23.5
frame,lgw,Year 1, spring 24, Wednesday,11881,2.3
frame,lgw,Year 1, spring 24, Wednesday,11882,26.7
frame,lgw,Year 1, spring 24, Wednesday,11883,22.9
frame,lgw,Year 1, spring 24, Wednesday,11884,1.3
frame,lgw,Year 1, spring 24, Wednesday,11885,26.2
frame,lgw,Year 1, spring 24, Wednesday,11886,22.0
frame,lgw,Year 1, spring 24, Wednesday,11887,2.2
frame,lgw,Year 1, spring 24, Wednesday,11888,23.0
frame,lgw,Year 1, spring 24, Wednesday,11889,24.1
frame,lgw,Year 1, spring 24, Wednesday,11890,1.1
frame,lgw,Year 1, spring 24, Wednesday,11891,22.5
frame,lgw,Year 1, spring 24, Wednesday,11892,24.3
frame,lgw,Year 1, spring 24, Wednesday,11893,1.5
frame,lgw,Year 1, spring 24, Wednesday,11894,22.2
frame,lgw,Year 1, spring 24, Wednesday,11895,23.4
frame,lgw,Year 1, spring 24, Wednesday,11896,23.4
frame,lgw,Year 1, spring 24, Wednesday,11897,2.4
frame,lgw,Year 1, spring 24, Wednesday,11898,25.1
frame,lgw,Year 1, spring 24, Wednesday,11899,23.3
frame,lgw,Year 1, spring 24, Wednesday,11900,3.1
frame,lgw,Year 1, spring 24, Wednesday,11901,21.9
frame,lgw,Year 1, spring 24, Wednesday,11902,24.7
frame,lgw,Year 1, spring 24, Wednesday,11903,1.0
frame,lgw,Year 1, spring 24, Wednesday,11904,22.4
frame,lgw,Year 1, spring 24, Wednesday,11905,22.5
frame,lgw,Year 1, spring 24, Wednesday,11906,0.7
frame,lgw,Year 1, spring 24, Wednesday,11907,22.7
frame,lgw,Year 1, spring 24, Wednesday,11908,25.2
frame,lgw,Year 1, spring 24, Wednesday,11909,23.3
frame,lgw,Year 1, spring 24, Wednesday,11910,1.6
frame,lgw,Year 1, spring 24, Wednesday,11911,22.5
frame,lgw,Year 1, spring 24, Wednesday,11912,22.6
frame,lgw,Year 1, spring 24, Wednesday,11913,1.0
frame,lgw,Year 1, spring 24, Wednesday,11914,22.5
frame,lgw,Year 1, spring 24, Wednesday,11915,23.2
frame,lgw,Year 1, spring 24, Wednesday,11916,1.5
frame,lgw,Year 1, spring 24, Wednesday,11917,25.4
frame,lgw,Year 1, spring 24, Wednesday,11918,23.8
frame,lgw,Year 1, spring 24, Wednesday,11919,1.6
frame,lgw,Year 1, spring 24, Wednesday,11920,23.5
frame,lgw,Year 1, spring 24, Wednesday,11921,24.2
frame,lgw,Year 1, spring 24, Wednesday,11922,22.6
frame,lgw,Year 1, spring 24, Wednesday,11923,2.3
frame,lgw,Year 1, spring 24, Wednesday,11924,25.5
frame,lgw,Year 1, spring 24, Wednesday,11925,22.7
frame,lgw,Year 1, spring 24, Wednesday,11926,3.2
frame,lgw,Year 1, spring 24, Wednesday,11927,23.1
frame,lgw,Year 1, spring 24, Wednesday,11928,1.6
frame,lgw,Year 1, spring 24, Wednesday,11929,23.8
frame,lgw,Year 1, spring 24, Wednesday,11930,22.2
frame,lgw,Year 1, spring 24, Wednesday,11931,26.9
frame,lgw,Year 1, spring 24, Wednesday,11932,1.3
frame,lgw,Year 1, spring 24, Wednesday,11933,24.5
frame,lgw,Year 1, spring 24, Wednesday,11934,22.1
frame,lgw,Year 1, spring 24, Wednesday,11935,1.4
frame,lgw,Year 1, spring 24, Wednesday,11936,24.1
frame,lgw,Year 1, spring 24, Wednesday,11937,25.4
frame,lgw,Year 1, spring 24, Wednesday,11938,8.2
frame,lgw,Year 1, spring 24, Wednesday,11939,22.8
frame,lgw,Year 1, spring 24, Wednesday,11940,3.7
frame,lgw,Year 1, spring 24, Wednesday,11941,26.9
frame,lgw,Year 1, spring 24, Wednesday,11942,22.1
frame,lgw,Year 1, spring 24, Wednesday,11943,0.7
frame,lgw,Year 1, spring 24, Wednesday,11944,22.9
frame,lgw,Year 1, spring 24, Wednesday,11945,23.7
frame,lgw,Year 1, spring 24, Wednesday,11946,1.8
frame,lgw,Year 1, spring 24, Wednesday,11947,23.1
frame,lgw,Year 1, spring 24, Wednesday,11948,23.6
frame,lgw,Year 1, spring 24, Wednesday,11949,1.2
frame,lgw,Year 1, spring 24, Wednesday,11950,26.4
frame,lgw,Year 1, spring 24, Wednesday,11951,22.0
frame,lgw,Year 1, spring 24, Wednesday,11952,0.5
frame,lgw,Year 1, spring 24, Wednesday,11953,23.9
frame,lgw,Year 1, spring 24, Wednesday,11954,22.2
frame,lgw,Year 1, spring 24, Wednesday,11955,24.6
frame,lgw,Year 1, spring 24, Wednesday,11956,1.5
frame,lgw,Year 1, spring 24, Wednesday,11957,22.1
frame,lgw,Year 1, spring 24, Wednesday,11958,22.6
frame,lgw,Year 1, spring 24, Wednesday,11959,1.1
frame,lgw,Year 1, spring 24, Wednesday,11960,22.0
frame,lgw,Year 1, spring 24, Wednesday,11961,23.2
frame,lgw,Year 1, spring 24, Wednesday,11962,22.9
frame,lgw,Year 1, spring 24, Wednesday,11963,1.5
frame,lgw,Year 1, spring 24, Wednesday,11964,23.7
frame,lgw,Year 1, spring 24, Wednesday,11965,22.7
frame,lgw,Year 1, spring 24, Wednesday,11966,1.5
frame,lgw,Year 1, spring 24, Wednesday,11967,24.4
frame,lgw,Year 1, spring 24, Wednesday,11968,22.1
frame,lgw,Year 1, spring 24, Wednesday,11969,1.0
frame,lgw,Year 1, spring 24, Wednesday,11970,24.0
frame,lgw,Year 1, spring 24, Wednesday,11971,24.4
frame,lgw,Year 1, spring 24, Wednesday,11972,22.2
frame,lgw,Year 1, spring 24, Wednesday,11973,1.7
frame,lgw,Year 1, spring 24, Wednesday,11974,24.8
frame,lgw,Year 1, spring 24, Wednesday,11975,22.7
frame,lgw,Year 1, spring 24, Wednesday,11976,1.8
frame,lgw,Year 1, spring 24, Wednesday,11977,23.7
frame,lgw,Year 1, spring 24, Wednesday,11978,21.9
frame,lgw,Year 1, spring 24, Wednesday,11979,0.6
frame,lgw,Year 1, spring 24, Wednesday,11980,24.4
frame,lgw,Year 1, spring 24, Wednesday,11981,22.0
frame,lgw,Year 1, spring 24, Wednesday,11982,1.7
frame,lgw,Year 1, spring 24, Wednesday,11983,23.7
frame,lgw,Year 1, spring 24, Wednesday,11984,22.5
frame,lgw,Year 1, spring 24, Wednesday,11985,25.7
frame,lgw,Year 1, spring 24, Wednesday,11986,2.4
frame,lgw,Year 1, spring 24, Wednesday,11987,23.8
frame,lgw,Year 1, spring 24, Wednesday,11988,22.3
frame,lgw,Year 1, spring 24, Wednesday,11989,2.1
frame,lgw,Year 1, spring 24, Wednesday,11990,26.5
frame,lgw,Year 1, spring 24, Wednesday,11991,27.3
frame,lgw,Year 1, spring 24, Wednesday,11992,1.7
frame,lgw,Year 1, spring 24, Wednesday,11993,23.3
frame,lgw,Year 1, spring 24, Wednesday,11994,4.7
frame,lgw,Year 1, spring 24, Wednesday,11995,24.1
frame,lgw,Year 1, spring 24, Wednesday,11996,25.8
frame,lgw,Year 1, spring 24, Wednesday,11997,3.4
frame,lgw,Year 1, spring 24, Wednesday,11998,23.5
frame,lgw,Year 1, spring 24, Wednesday,11999,0.9
switch,lgw,Year 1, spring 24, Wednesday,700,21.7
switch,lgw,Year 1, spring 24, Wednesday,710,17.3
switch,lgw,Year 1, spring 24, Wednesday,720,19.8
switchdetail,lgw,Year 1, spring 24, Wednesday,650,0,0.0
switchdetail,lgw,Year 1, spring 24, Wednesday,700,0,0.0
switchdetail,lgw,Year 1, spring 24, Wednesday,710,0,0.0
lag,lgw,Year 1, spring 24, Wednesday,14236,108.1
frame,lgw,Year 1, spring 24, Wednesday,14048,24.2
frame,lgw,Year 1, spring 24, Wednesday,14049,4.5
frame,lgw,Year 1, spring 24, Wednesday,14050,22.8
frame,lgw,Year 1, spring 24, Wednesday,14051,3.7
frame,lgw,Year 1, spring 24, Wednesday,14052,25.7
frame,lgw,Year 1, spring 24, Wednesday,14053,24.2
frame,lgw,Year 1, spring 24, Wednesday,14054,4.2
frame,lgw,Year 1, spring 24, Wednesday,14055,27.4
frame,lgw,Year 1, spring 24, Wednesday,14056,1.6
frame,lgw,Year 1, spring 24, Wednesday,14057,22.5
frame,lgw,Year 1, spring 24, Wednesday,14058,24.3
frame,lgw,Year 1, spring 24, Wednesday,14059,1.7
frame,lgw,Year 1, spring 24, Wednesday,14060,22.1
frame,lgw,Year 1, spring 24, Wednesday,14061,26.7
frame,lgw,Year 1, spring 24, Wednesday,14062,23.5
frame,lgw,Year 1, spring 24, Wednesday,14063,2.1
frame,lgw,Year 1, spring 24, Wednesday,14064,22.6
frame,lgw,Year 1, spring 24, Wednesday,14065,3.0
frame,lgw,Year 1, spring 24, Wednesday,14066,24.0
frame,lgw,Year 1, spring 24, Wednesday,14067,22.3
frame,lgw,Year 1, spring 24, Wednesday,14068,0.7
frame,lgw,Year 1, spring 24, Wednesday,14069,27.0
frame,lgw,Year 1, spring 24, Wednesday,14070,23.5
frame,lgw,Year 1, spring 24, Wednesday,14071,2.9
frame,lgw,Year 1, spring 24, Wednesday,14072,27.6
frame,lgw,Year 1, spring 24, Wednesday,14073,23.9
frame,lgw,Year 1, spring 24, Wednesday,14074,3.2
frame,lgw,Year 1, spring 24, Wednesday,14075,23.8
frame,lgw,Year 1, spring 24, Wednesday,14076,23.8
frame,lgw,Year 1, spring 24, Wednesday,14077,2.2
frame,lgw,Year 1, spring 24, Wednesday,14078,22.5
frame,lgw,Year 1, spring 24, Wednesday,14079,25.9
frame,lgw,Year 1, spring 24, Wednesday,14080,1.5
frame,lgw,Year 1, spring 24, Wednesday,14081,23.2
frame,lgw,Year 1, spring 24, Wednesday,14082,1.8
frame,lgw,Year 1, spring 24, Wednesday,14083,29.6
frame,lgw,Year 1, spring 24, Wednesday,14084,24.1
frame,lgw,Year 1, spring 24, Wednesday,14085,1.9
frame,lgw,Year 1, spring 24, Wednesday,14086,25.4
frame,lgw,Year 1, spring 24, Wednesday,14087,26.2
frame,lgw,Year 1, spring 24, Wednesday,14088,3.5
frame,lgw,Year 1, spring 24, Wednesday,14089,25.8
frame,lgw,Year 1, spring 24, Wednesday,14090,0.8
frame,lgw,Year 1, spring 24, Wednesday,14091,24.3
frame,lgw,Year 1, spring 24, Wednesday,14092,28.7
frame,lgw,Year 1, spring 24, Wednesday,14093,1.3
frame,lgw,Year 1, spring 24, Wednesday,14094,23.2
frame,lgw,Year 1, spring 24, Wednesday,14095,28.7
frame,lgw,Year 1, spring 24, Wednesday,14096,2.0
frame,lgw,Year 1, spring 24, Wednesday,14097,25.4
frame,lgw,Year 1, spring 24, Wednesday,14098,3.7
frame,lgw,Year 1, spring 24, Wednesday,14099,27.8
frame,lgw,Year 1, spring 24, Wednesday,14100,22.8
frame,lgw,Year 1, spring 24, Wednesday,14101,5.4
frame,lgw,Year 1, spring 24, Wednesday,14102,23.3
frame,lgw,Year 1, spring 24, Wednesday,14103,2.4
frame,lgw,Year 1, spring 24, Wednesday,14104,23.6
frame,lgw,Year 1, spring 24, Wednesday,14105,23.4
frame,lgw,Year 1, spring 24, Wednesday,14106,6.1
frame,lgw,Year 1, spring 24, Wednesday,14107,23.6
frame,lgw,Year 1, spring 24, Wednesday,14108,5.9
frame,lgw,Year 1, spring 24, Wednesday,14109,23.1
frame,lgw,Year 1, spring 24, Wednesday,14110,23.3
frame,lgw,Year 1, spring 24, Wednesday,14111,1.3
frame,lgw,Year 1, spring 24, Wednesday,14112,22.3
frame,lgw,Year 1, spring 24, Wednesday,14113,24.6
frame,lgw,Year 1, spring 24, Wednesday,14114,0.7
frame,lgw,Year 1, spring 24, Wednesday,14115,23.9
frame,lgw,Year 1, spring 24, Wednesday,14116,27.3
frame,lgw,Year 1, spring 24, Wednesday,14117,1.5
frame,lgw,Year 1, spring 24, Wednesday,14118,22.6
frame,lgw,Year 1, spring 24, Wednesday,14119,22.9
frame,lgw,Year 1, spring 24, Wednesday,14120,1.7
frame,lgw,Year 1, spring 24, Wednesday,14121,24.1
frame,lgw,Year 1, spring 24, Wednesday,14122,23.0
frame,lgw,Year 1, spring 24, Wednesday,14123,23.7
frame,lgw,Year 1, spring 24, Wednesday,14124,2.1
frame,lgw,Year 1, spring 24, Wednesday,14125,25.9
frame,lgw,Year 1, spring 24, Wednesday,14126,23.5
frame,lgw,Year 1, spring 24, Wednesday,14127,1.6
frame,lgw,Year 1, spring 24, Wednesday,14128,25.9
frame,lgw,Year 1, spring 24, Wednesday,14129,23.5
frame,lgw,Year 1, spring 24, Wednesday,14130,3.6
frame,lgw,Year 1, spring 24, Wednesday,14131,23.1
frame,lgw,Year 1, spring 24, Wednesday,14132,3.7
frame,lgw,Year 1, spring 24, Wednesday,14133,25.0
frame,lgw,Year 1, spring 24, Wednesday,14134,24.4
frame,lgw,Year 1, spring 24, Wednesday,14135,1.2
frame,lgw,Year 1, spring 24, Wednesday,14136,22.8
frame,lgw,Year 1, spring 24, Wednesday,14137,24.7
frame,lgw,Year 1, spring 24, Wednesday,14138,0.9
frame,lgw,Year 1, spring 24, Wednesday,14139,22.3
frame,lgw,Year 1, spring 24, Wednesday,14140,23.5
frame,lgw,Year 1, spring 24, Wednesday,14141,1.7
frame,lgw,Year 1, spring 24, Wednesday,14142,23.1
frame,lgw,Year 1, spring 24, Wednesday,14143,26.0
frame,lgw,Year 1, spring 24, Wednesday,14144,2.5
frame,lgw,Year 1, spring 24, Wednesday,14145,23.7
frame,lgw,Year 1, spring 24, Wednesday,14146,23.1
frame,lgw,Year 1, spring 24, Wednesday,14147,1.5
frame,lgw,Year 1, spring 24, Wednesday,14148,24.9
frame,lgw,Year 1, spring 24, Wednesday,14149,30.0
frame,lgw,Year 1, spring 24, Wednesday,14150,2.2
frame,lgw,Year 1, spring 24, Wednesday,14151,25.0
frame,lgw,Year 1, spring 24, Wednesday,14152,24.9
frame,lgw,Year 1, spring 24, Wednesday,14153,1.3
frame,lgw,Year 1, spring 24, Wednesday,14154,24.4
frame,lgw,Year 1, spring 24, Wednesday,14155,3.3
frame,lgw,Year 1, spring 24, Wednesday,14156,26.6
frame,lgw,Year 1, spring 24, Wednesday,14157,23.4
frame,lgw,Year 1, spring 24, Wednesday,14158,6.0
frame,lgw,Year 1, spring 24, Wednesday,14159,23.1
frame,lgw,Year 1, spring 24, Wednesday,14160,2.2
frame,lgw,Year 1, spring 24, Wednesday,14161,25.8
frame,lgw,Year 1, spring 24, Wednesday,14162,23.2
frame,lgw,Year 1, spring 24, Wednesday,14163,6.6
frame,lgw,Year 1, spring 24, Wednesday,14164,23.4
frame,lgw,Year 1, spring 24, Wednesday,14165,26.9
frame,lgw,Year 1, spring 24, Wednesday,14166,1.7
frame,lgw,Year 1, spring 24, Wednesday,14167,23.7
frame,lgw,Year 1, spring 24, Wednesday,14168,4.5
frame,lgw,Year 1, spring 24, Wednesday,14169,29.3
frame,lgw,Year 1, spring 24, Wednesday,14170,27.7
frame,lgw,Year 1, spring 24, Wednesday,14171,3.4
frame,lgw,Year 1, spring 24, Wednesday,14172,22.2
frame,lgw,Year 1, spring 24, Wednesday,14173,4.0
frame,lgw,Year 1, spring 24, Wednesday,14174,22.5
frame,lgw,Year 1, spring 24, Wednesday,14175,27.5
frame,lgw,Year 1, spring 24, Wednesday,14176,1.0
frame,lgw,Year 1, spring 24, Wednesday,14177,24.9
frame,lgw,Year 1, spring 24, Wednesday,14178,1.3
frame,lgw,Year 1, spring 24, Wednesday,14179,24.7
frame,lgw,Year 1, spring 24, Wednesday,14180,26.7
frame,lgw,Year 1, spring 24, Wednesday,14181,1.4
frame,lgw,Year 1, spring 24, Wednesday,14182,27.0
frame,lgw,Year 1, spring 24, Wednesday,14183,23.8
frame,lgw,Year 1, spring 24, Wednesday,14184,6.0
frame,lgw,Year 1, spring 24, Wednesday,14185,22.2
frame,lgw,Year 1, spring 24, Wednesday,14186,3.9
frame,lgw,Year 1, spring 24, Wednesday,14187,22.2
frame,lgw,Year 1, spring 24, Wednesday,14188,22.5
frame,lgw,Year 1, spring 24, Wednesday,14189,24.0
frame,lgw,Year 1, spring 24, Wednesday,14190,0.8
frame,lgw,Year 1, spring 24, Wednesday,14191,21.9
frame,lgw,Year 1, spring 24, Wednesday,14192,22.5
frame,lgw,Year 1, spring 24, Wednesday,14193,1.5
frame,lgw,Year 1, spring 24, Wednesday,14194,22.9
frame,lgw,Year 1, spring 24, Wednesday,14195,25.1
frame,lgw,Year 1, spring 24, Wednesday,14196,23.1
frame,lgw,Year 1, spring 24, Wednesday,14197,4.0
frame,lgw,Year 1, spring 24, Wednesday,14198,24.3
frame,lgw,Year 1, spring 24, Wednesday,14199,1.0
frame,lgw,Year 1, spring 24, Wednesday,14200,22.7
frame,lgw,Year 1, spring 24, Wednesday,14201,22.7
frame,lgw,Year 1, spring 24, Wednesday,14202,22.5
frame,lgw,Year 1, spring 24, Wednesday,14203,1.4
frame,lgw,Year 1, spring 24, Wednesday,14204,21.8
frame,lgw,Year 1, spring 24, Wednesday,14205,24.1
frame,lgw,Year 1, spring 24, Wednesday,14206,1.1
frame,lgw,Year 1, spring 24, Wednesday,14207,22.3
frame,lgw,Year 1, spring 24, Wednesday,14208,24.4
frame,lgw,Year 1, spring 24, Wednesday,14209,23.8
frame,lgw,Year 1, spring 24, Wednesday,14210,3.6
frame,lgw,Year 1, spring 24, Wednesday,14211,21.8
frame,lgw,Year 1, spring 24, Wednesday,14212,0.5
frame,lgw,Year 1, spring 24, Wednesday,14213,23.5
frame,lgw,Year 1, spring 24, Wednesday,14214,22.7
frame,lgw,Year 1, spring 24, Wednesday,14215,24.5
frame,lgw,Year 1, spring 24, Wednesday,14216,0.9
frame,lgw,Year 1, spring 24, Wednesday,14217,21.9
frame,lgw,Year 1, spring 24, Wednesday,14218,25.5
frame,lgw,Year 1, spring 24, Wednesday,14219,1.7
frame,lgw,Year 1, spring 24, Wednesday,14220,23.0
frame,lgw,Year 1, spring 24, Wednesday,14221,24.5
frame,lgw,Year 1, spring 24, Wednesday,14222,2.4
frame,lgw,Year 1, spring 24, Wednesday,14223,22.3
frame,lgw,Year 1, spring 24, Wednesday,14224,23.6
frame,lgw,Year 1, spring 24, Wednesday,14225,0.8
frame,lgw,Year 1, spring 24, Wednesday,14226,24.0
frame,lgw,Year 1, spring 24, Wednesday,14227,22.1
frame,lgw,Year 1, spring 24, Wednesday,14228,27.3
frame,lgw,Year 1, spring 24, Wednesday,14229,1.1
frame,lgw,Year 1, spring 24, Wednesday,14230,25.6
frame,lgw,Year 1, spring 24, Wednesday,14231,21.9
frame,lgw,Year 1, spring 24, Wednesday,14232,1.7
frame,lgw,Year 1, spring 24, Wednesday,14233,14.4
frame,lgw,Year 1, spring 24, Wednesday,14234,10.5
frame,lgw,Year 1, spring 24, Wednesday,14235,108.1
frame,lgw,Year 1, spring 24, Wednesday,14236,1.1
frame,lgw,Year 1, spring 24, Wednesday,14237,0.9
frame,lgw,Year 1, spring 24, Wednesday,14238,0.6
frame,lgw,Year 1, spring 24, Wednesday,14239,1.2
frame,lgw,Year 1, spring 24, Wednesday,14240,1.3
frame,lgw,Year 1, spring 24, Wednesday,14241,2.8
frame,lgw,Year 1, spring 24, Wednesday,14242,17.3
frame,lgw,Year 1, spring 24, Wednesday,14243,18.8
frame,lgw,Year 1, spring 24, Wednesday,14244,15.7
frame,lgw,Year 1, spring 24, Wednesday,14245,15.6
frame,lgw,Year 1, spring 24, Wednesday,14246,16.3
frame,lgw,Year 1, spring 24, Wednesday,14247,17.1
frame,lgw,Year 1, spring 24, Wednesday,14248,16.4
frame,lgw,Year 1, spring 24, Wednesday,14249,16.7
frame,lgw,Year 1, spring 24, Wednesday,14250,17.0
frame,lgw,Year 1, spring 24, Wednesday,14251,16.5
frame,lgw,Year 1, spring 24, Wednesday,14252,16.3
frame,lgw,Year 1, spring 24, Wednesday,14253,16.6
frame,lgw,Year 1, spring 24, Wednesday,14254,17.5
frame,lgw,Year 1, spring 24, Wednesday,14255,15.8
frame,lgw,Year 1, spring 24, Wednesday,14256,18.7
frame,lgw,Year 1, spring 24, Wednesday,14257,17.1
frame,lgw,Year 1, spring 24, Wednesday,14258,14.5
frame,lgw,Year 1, spring 24, Wednesday,14259,17.3
frame,lgw,Year 1, spring 24, Wednesday,14260,15.9
frame,lgw,Year 1, spring 24, Wednesday,14261,16.8
frame,lgw,Year 1, spring 24, Wednesday,14262,16.4
frame,lgw,Year 1, spring 24, Wednesday,14263,17.9
frame,lgw,Year 1, spring 24, Wednesday,14264,15.4
frame,lgw,Year 1, spring 24, Wednesday,14265,16.8
frame,lgw,Year 1, spring 24, Wednesday,14266,16.9
frame,lgw,Year 1, spring 24, Wednesday,14267,16.4
frame,lgw,Year 1, spring 24, Wednesday,14268,16.8
frame,lgw,Year 1, spring 24, Wednesday,14269,19.8
frame,lgw,Year 1, spring 24, Wednesday,14270,15.0
frame,lgw,Year 1, spring 24, Wednesday,14271,18.6
frame,lgw,Year 1, spring 24, Wednesday,14272,13.7
frame,lgw,Year 1, spring 24, Wednesday,14273,16.6
frame,lgw,Year 1, spring 24, Wednesday,14274,16.3
frame,lgw,Year 1, spring 24, Wednesday,14275,16.9
frame,lgw,Year 1, spring 24, Wednesday,14276,16.2
frame,lgw,Year 1, spring 24, Wednesday,14277,16.6
frame,lgw,Year 1, spring 24, Wednesday,14278,17.1
frame,lgw,Year 1, spring 24, Wednesday,14279,16.4
frame,lgw,Year 1, spring 24, Wednesday,14280,16.6
frame,lgw,Year 1, spring 24, Wednesday,14281,19.8
frame,lgw,Year 1, spring 24, Wednesday,14282,14.7
frame,lgw,Year 1, spring 24, Wednesday,14283,17.2
frame,lgw,Year 1, spring 24, Wednesday,14284,15.8
frame,lgw,Year 1, spring 24, Wednesday,14285,16.2
frame,lgw,Year 1, spring 24, Wednesday,14286,16.8
frame,lgw,Year 1, spring 24, Wednesday,14287,16.2
frame,lgw,Year 1, spring 24, Wednesday,14288,16.8
frame,lgw,Year 1, spring 24, Wednesday,14289,17.6
frame,lgw,Year 1, spring 24, Wednesday,14290,16.1
frame,lgw,Year 1, spring 24, Wednesday,14291,17.6
frame,lgw,Year 1, spring 24, Wednesday,14292,15.8
frame,lgw,Year 1, spring 24, Wednesday,14293,16.0
frame,lgw,Year 1, spring 24, Wednesday,14294,19.9
frame,lgw,Year 1, spring 24, Wednesday,14295,15.3
frame,lgw,Year 1, spring 24, Wednesday,14296,15.7
frame,lgw,Year 1, spring 24, Wednesday,14297,16.9
frame,lgw,Year 1, spring 24, Wednesday,14298,16.2
frame,lgw,Year 1, spring 24, Wednesday,14299,16.7
frame,lgw,Year 1, spring 24, Wednesday,14300,16.8
frame,lgw,Year 1, spring 24, Wednesday,14301,16.5
frame,lgw,Year 1, spring 24, Wednesday,14302,17.0
frame,lgw,Year 1, spring 24, Wednesday,14303,15.9
frame,lgw,Year 1, spring 24, Wednesday,14304,16.8
frame,lgw,Year 1, spring 24, Wednesday,14305,16.4
frame,lgw,Year 1, spring 24, Wednesday,14306,20.3
frame,lgw,Year 1, spring 24, Wednesday,14307,16.4
frame,lgw,Year 1, spring 24, Wednesday,14308,13.2
frame,lgw,Year 1, spring 24, Wednesday,14309,20.2
frame,lgw,Year 1, spring 24, Wednesday,14310,13.1
frame,lgw,Year 1, spring 24, Wednesday,14311,17.1
frame,lgw,Year 1, spring 24, Wednesday,14312,17.2
frame,lgw,Year 1, spring 24, Wednesday,14313,16.9
frame,lgw,Year 1, spring 24, Wednesday,14314,15.9
frame,lgw,Year 1, spring 24, Wednesday,14315,16.9
frame,lgw,Year 1, spring 24, Wednesday,14316,16.2
frame,lgw,Year 1, spring 24, Wednesday,14317,16.8
frame,lgw,Year 1, spring 24, Wednesday,14318,17.6
frame,lgw,Year 1, spring 24, Wednesday,14319,16.4
frame,lgw,Year 1, spring 24, Wednesday,14320,16.0
frame,lgw,Year 1, spring 24, Wednesday,14321,22.2
frame,lgw,Year 1, spring 24, Wednesday,14322,11.5
frame,lgw,Year 1, spring 24, Wednesday,14323,17.3
frame,lgw,Year 1, spring 24, Wednesday,14324,15.8
frame,lgw,Year 1, spring 24, Wednesday,14325,18.6
frame,lgw,Year 1, spring 24, Wednesday,14326,14.9
frame,lgw,Year 1, spring 24, Wednesday,14327,16.3
frame,lgw,Year 1, spring 24, Wednesday,14328,16.9
frame,lgw,Year 1, spring 24, Wednesday,14329,16.4
frame,lgw,Year 1, spring 24, Wednesday,14330,17.7
frame,lgw,Year 1, spring 24, Wednesday,14331,16.2
frame,lgw,Year 1, spring 24, Wednesday,14332,16.2
frame,lgw,Year 1, spring 24, Wednesday,14333,17.0
frame,lgw,Year 1, spring 24, Wednesday,14334,16.5
frame,lgw,Year 1, spring 24, Wednesday,14335,18.4
frame,lgw,Year 1, spring 24, Wednesday,14336,17.2
frame,lgw,Year 1, spring 24, Wednesday,14337,16.3
frame,lgw,Year 1, spring 24, Wednesday,14338,15.2
frame,lgw,Year 1, spring 24, Wednesday,14339,16.4
frame,lgw,Year 1, spring 24, Wednesday,14340,16.1
frame,lgw,Year 1, spring 24, Wednesday,14341,17.1
frame,lgw,Year 1, spring 24, Wednesday,14342,17.1
frame,lgw,Year 1, spring 24, Wednesday,14343,16.0
frame,lgw,Year 1, spring 24, Wednesday,14344,16.9
frame,lgw,Year 1, spring 24, Wednesday,14345,17.0
frame,lgw,Year 1, spring 24, Wednesday,14346,16.8
frame,lgw,Year 1, spring 24, Wednesday,14347,16.4
frame,lgw,Year 1, spring 24, Wednesday,14348,19.1
frame,lgw,Year 1, spring 24, Wednesday,14349,14.8
frame,lgw,Year 1, spring 24, Wednesday,14350,16.7
frame,lgw,Year 1, spring 24, Wednesday,14351,16.2
frame,lgw,Year 1, spring 24, Wednesday,14352,16.0
frame,lgw,Year 1, spring 24, Wednesday,14353,16.4
frame,lgw,Year 1, spring 24, Wednesday,14354,17.1
frame,lgw,Year 1, spring 24, Wednesday,14355,17.0
frame,lgw,Year 1, spring 24, Wednesday,14356,16.3
frame,lgw,Year 1, spring 24, Wednesday,14357,16.8
frame,lgw,Year 1, spring 24, Wednesday,14358,16.6
frame,lgw,Year 1, spring 24, Wednesday,14359,16.8
frame,lgw,Year 1, spring 24, Wednesday,14360,17.4
frame,lgw,Year 1, spring 24, Wednesday,14361,16.1
frame,lgw,Year 1, spring 24, Wednesday,14362,17.0
frame,lgw,Year 1, spring 24, Wednesday,14363,15.2
frame,lgw,Year 1, spring 24, Wednesday,14364,16.6
frame,lgw,Year 1, spring 24, Wednesday,14365,16.5
frame,lgw,Year 1, spring 24, Wednesday,14366,16.7
frame,lgw,Year 1, spring 24, Wednesday,14367,16.6
frame,lgw,Year 1, spring 24, Wednesday,14368,16.7
frame,lgw,Year 1, spring 24, Wednesday,14369,16.6
frame,lgw,Year 1, spring 24, Wednesday,14370,16.7
frame,lgw,Year 1, spring 24, Wednesday,14371,16.6
frame,lgw,Year 1, spring 24, Wednesday,14372,16.9
frame,lgw,Year 1, spring 24, Wednesday,14373,16.6
frame,lgw,Year 1, spring 24, Wednesday,14374,16.7
frame,lgw,Year 1, spring 24, Wednesday,14375,16.6
frame,lgw,Year 1, spring 24, Wednesday,14376,16.7
frame,lgw,Year 1, spring 24, Wednesday,14377,16.6
frame,lgw,Year 1, spring 24, Wednesday,14378,16.7
frame,lgw,Year 1, spring 24, Wednesday,14379,16.7
frame,lgw,Year 1, spring 24, Wednesday,14380,16.7
frame,lgw,Year 1, spring 24, Wednesday,14381,16.7
frame,lgw,Year 1, spring 24, Wednesday,14382,16.6
frame,lgw,Year 1, spring 24, Wednesday,14383,16.6
frame,lgw,Year 1, spring 24, Wednesday,14384,16.7
frame,lgw,Year 1, spring 24, Wednesday,14385,16.7
frame,lgw,Year 1, spring 24, Wednesday,14386,16.7
frame,lgw,Year 1, spring 24, Wednesday,14387,16.8
frame,lgw,Year 1, spring 24, Wednesday,14388,16.7
frame,lgw,Year 1, spring 24, Wednesday,14389,16.7
frame,lgw,Year 1, spring 24, Wednesday,14390,16.5
frame,lgw,Year 1, spring 24, Wednesday,14391,16.7
frame,lgw,Year 1, spring 24, Wednesday,14392,16.9
frame,lgw,Year 1, spring 24, Wednesday,14393,16.4
frame,lgw,Year 1, spring 24, Wednesday,14394,16.7
frame,lgw,Year 1, spring 24, Wednesday,14395,16.8
frame,lgw,Year 1, spring 24, Wednesday,14396,16.7
frame,lgw,Year 1, spring 24, Wednesday,14397,16.6
frame,lgw,Year 1, spring 24, Wednesday,14398,16.7
frame,lgw,Year 1, spring 24, Wednesday,14399,16.7
frame,lgw,Year 1, spring 24, Wednesday,14400,16.6
frame,lgw,Year 1, spring 24, Wednesday,14401,16.7
frame,lgw,Year 1, spring 24, Wednesday,14402,16.6
frame,lgw,Year 1, spring 24, Wednesday,14403,16.8
frame,lgw,Year 1, spring 24, Wednesday,14404,16.9
frame,lgw,Year 1, spring 24, Wednesday,14405,16.4
frame,lgw,Year 1, spring 24, Wednesday,14406,16.7
frame,lgw,Year 1, spring 24, Wednesday,14407,16.7
frame,lgw,Year 1, spring 24, Wednesday,14408,16.6
frame,lgw,Year 1, spring 24, Wednesday,14409,16.7
frame,lgw,Year 1, spring 24, Wednesday,14410,16.8
frame,lgw,Year 1, spring 24, Wednesday,14411,16.7
frame,lgw,Year 1, spring 24, Wednesday,14412,16.7
frame,lgw,Year 1, spring 24, Wednesday,14413,16.7
frame,lgw,Year 1, spring 24, Wednesday,14414,16.7
frame,lgw,Year 1, spring 24, Wednesday,14415,16.5
frame,lgw,Year 1, spring 24, Wednesday,14416,16.8
frame,lgw,Year 1, spring 24, Wednesday,14417,16.8
frame,lgw,Year 1, spring 24, Wednesday,14418,16.5
frame,lgw,Year 1, spring 24, Wednesday,14419,16.6
frame,lgw,Year 1, spring 24, Wednesday,14420,16.7
frame,lgw,Year 1, spring 24, Wednesday,14421,16.7
frame,lgw,Year 1, spring 24, Wednesday,14422,16.6
frame,lgw,Year 1, spring 24, Wednesday,14423,17.2
frame,lgw,Year 1, spring 24, Wednesday,14424,16.2
frame,lgw,Year 1, spring 24, Wednesday,14425,16.8
frame,lgw,Year 1, spring 24, Wednesday,14426,16.8
frame,lgw,Year 1, spring 24, Wednesday,14427,16.7
frame,lgw,Year 1, spring 24, Wednesday,14428,16.5
frame,lgw,Year 1, spring 24, Wednesday,14429,16.6
frame,lgw,Year 1, spring 24, Wednesday,14430,16.7
frame,lgw,Year 1, spring 24, Wednesday,14431,16.5
frame,lgw,Year 1, spring 24, Wednesday,14432,16.8
frame,lgw,Year 1, spring 24, Wednesday,14433,16.9
frame,lgw,Year 1, spring 24, Wednesday,14434,16.5
frame,lgw,Year 1, spring 24, Wednesday,14435,16.7
frame,lgw,Year 1, spring 24, Wednesday,14436,16.6
frame,lgw,Year 1, spring 24, Wednesday,14437,16.6
frame,lgw,Year 1, spring 24, Wednesday,14438,16.8
frame,lgw,Year 1, spring 24, Wednesday,14439,16.6
frame,lgw,Year 1, spring 24, Wednesday,14440,16.9
frame,lgw,Year 1, spring 24, Wednesday,14441,16.4
frame,lgw,Year 1, spring 24, Wednesday,14442,16.6
frame,lgw,Year 1, spring 24, Wednesday,14443,17.0
frame,lgw,Year 1, spring 24, Wednesday,14444,16.4
frame,lgw,Year 1, spring 24, Wednesday,14445,16.8
frame,lgw,Year 1, spring 24, Wednesday,14446,16.7
frame,lgw,Year 1, spring 24, Wednesday,14447,21.7
frame,lgw,Year 1, spring 24, Wednesday,14448,11.9
frame,lgw,Year 1, spring 24, Wednesday,14449,16.4
frame,lgw,Year 1, spring 24, Wednesday,14450,16.6
frame,lgw,Year 1, spring 24, Wednesday,14451,16.7
frame,lgw,Year 1, spring 24, Wednesday,14452,16.7
frame,lgw,Year 1, spring 24, Wednesday,14453,16.6
frame,lgw,Year 1, spring 24, Wednesday,14454,16.8
frame,lgw,Year 1, spring 24, Wednesday,14455,16.6
frame,lgw,Year 1, spring 24, Wednesday,14456,16.6
frame,lgw,Year 1, spring 24, Wednesday,14457,16.6
frame,lgw,Year 1, spring 24, Wednesday,14458,16.7
frame,lgw,Year 1, spring 24, Wednesday,14459,16.6
frame,lgw,Year 1, spring 24, Wednesday,14460,17.0
frame,lgw,Year 1, spring 24, Wednesday,14461,17.0
frame,lgw,Year 1, spring 24, Wednesday,14462,16.1
frame,lgw,Year 1, spring 24, Wednesday,14463,16.7
frame,lgw,Year 1, spring 24, Wednesday,14464,16.7
frame,lgw,Year 1, spring 24, Wednesday,14465,16.6
frame,lgw,Year 1, spring 24, Wednesday,14466,16.7
frame,lgw,Year 1, spring 24, Wednesday,14467,16.7
frame,lgw,Year 1, spring 24, Wednesday,14468,16.7
frame,lgw,Year 1, spring 24, Wednesday,14469,16.6
frame,lgw,Year 1, spring 24, Wednesday,14470,16.7
frame,lgw,Year 1, spring 24, Wednesday,14471,16.7
frame,lgw,Year 1, spring 24, Wednesday,14472,16.7
frame,lgw,Year 1, spring 24, Wednesday,14473,16.5
frame,lgw,Year 1, spring 24, Wednesday,14474,16.7
frame,lgw,Year 1, spring 24, Wednesday,14475,16.8
frame,lgw,Year 1, spring 24, Wednesday,14476,16.7
frame,lgw,Year 1, spring 24, Wednesday,14477,16.6
frame,lgw,Year 1, spring 24, Wednesday,14478,16.7
frame,lgw,Year 1, spring 24, Wednesday,14479,16.6
frame,lgw,Year 1, spring 24, Wednesday,14480,16.9
frame,lgw,Year 1, spring 24, Wednesday,14481,16.6
frame,lgw,Year 1, spring 24, Wednesday,14482,17.0
frame,lgw,Year 1, spring 24, Wednesday,14483,16.2
frame,lgw,Year 1, spring 24, Wednesday,14484,16.9
frame,lgw,Year 1, spring 24, Wednesday,14485,16.7
frame,lgw,Year 1, spring 24, Wednesday,14486,16.7
frame,lgw,Year 1, spring 24, Wednesday,14487,16.5
frame,lgw,Year 1, spring 24, Wednesday,14488,16.6
frame,lgw,Year 1, spring 24, Wednesday,14489,16.7
frame,lgw,Year 1, spring 24, Wednesday,14490,16.7
frame,lgw,Year 1, spring 24, Wednesday,14491,16.7
frame,lgw,Year 1, spring 24, Wednesday,14492,16.7
frame,lgw,Year 1, spring 24, Wednesday,14493,16.7
frame,lgw,Year 1, spring 24, Wednesday,14494,16.7
frame,lgw,Year 1, spring 24, Wednesday,14495,16.7
frame,lgw,Year 1, spring 24, Wednesday,14496,16.6
frame,lgw,Year 1, spring 24, Wednesday,14497,16.8
frame,lgw,Year 1, spring 24, Wednesday,14498,16.6
frame,lgw,Year 1, spring 24, Wednesday,14499,16.5
frame,lgw,Year 1, spring 24, Wednesday,14500,16.7
frame,lgw,Year 1, spring 24, Wednesday,14501,16.6
frame,lgw,Year 1, spring 24, Wednesday,14502,16.6
frame,lgw,Year 1, spring 24, Wednesday,14503,16.6
frame,lgw,Year 1, spring 24, Wednesday,14504,16.7
frame,lgw,Year 1, spring 24, Wednesday,14505,16.7
frame,lgw,Year 1, spring 24, Wednesday,14506,16.8
frame,lgw,Year 1, spring 24, Wednesday,14507,16.8
frame,lgw,Year 1, spring 24, Wednesday,14508,16.5
frame,lgw,Year 1, spring 24, Wednesday,14509,16.6
frame,lgw,Year 1, spring 24, Wednesday,14510,16.6
frame,lgw,Year 1, spring 24, Wednesday,14511,17.3
frame,lgw,Year 1, spring 24, Wednesday,14512,16.3
frame,lgw,Year 1, spring 24, Wednesday,14513,16.5
frame,lgw,Year 1, spring 24, Wednesday,14514,16.6
frame,lgw,Year 1, spring 24, Wednesday,14515,16.7
frame,lgw,Year 1, spring 24, Wednesday,14516,16.6
frame,lgw,Year 1, spring 24, Wednesday,14517,16.6
frame,lgw,Year 1, spring 24, Wednesday,14518,16.9
frame,lgw,Year 1, spring 24, Wednesday,14519,16.6
frame,lgw,Year 1, spring 24, Wednesday,14520,16.7
frame,lgw,Year 1, spring 24, Wednesday,14521,16.5
frame,lgw,Year 1, spring 24, Wednesday,14522,16.7
frame,lgw,Year 1, spring 24, Wednesday,14523,16.7
frame,lgw,Year 1, spring 24, Wednesday,14524,16.7
frame,lgw,Year 1, spring 24, Wednesday,14525,16.7
frame,lgw,Year 1, spring 24, Wednesday,14526,16.6
frame,lgw,Year 1, spring 24, Wednesday,14527,16.7
frame,lgw,Year 1, spring 24, Wednesday,14528,16.6
frame,lgw,Year 1, spring 24, Wednesday,14529,16.6
frame,lgw,Year 1, spring 24, Wednesday,14530,17.1
frame,lgw,Year 1, spring 24, Wednesday,14531,16.4
frame,lgw,Year 1, spring 24, Wednesday,14532,16.8
frame,lgw,Year 1, spring 24, Wednesday,14533,16.6
frame,lgw,Year 1, spring 24, Wednesday,14534,16.7
frame,lgw,Year 1, spring 24, Wednesday,14535,16.5
frame,lgw,Year 1, spring 24, Wednesday,14536,16.7
frame,lgw,Year 1, spring 24, Wednesday,14537,16.7
frame,lgw,Year 1, spring 24, Wednesday,14538,16.7
frame,lgw,Year 1, spring 24, Wednesday,14539,16.8
frame,lgw,Year 1, spring 24, Wednesday,14540,16.8
frame,lgw,Year 1, spring 24, Wednesday,14541,16.4
frame,lgw,Year 1, spring 24, Wednesday,14542,16.6
frame,lgw,Year 1, spring 24, Wednesday,14543,16.7
frame,lgw,Year 1, spring 24, Wednesday,14544,16.6
frame,lgw,Year 1, spring 24, Wednesday,14545,16.7
frame,lgw,Year 1, spring 24, Wednesday,14546,16.9
frame,lgw,Year 1, spring 24, Wednesday,14547,16.5
frame,lgw,Year 1, spring 24, Wednesday,14548,16.6
frame,lgw,Year 1, spring 24, Wednesday,14549,17.0
frame,lgw,Year 1, spring 24, Wednesday,14550,16.4
frame,lgw,Year 1, spring 24, Wednesday,14551,16.6
frame,lgw,Year 1, spring 24, Wednesday,14552,16.8
frame,lgw,Year 1, spring 24, Wednesday,14553,16.6
frame,lgw,Year 1, spring 24, Wednesday,14554,16.7
frame,lgw,Year 1, spring 24, Wednesday,14555,16.7
frame,lgw,Year 1, spring 24, Wednesday,14556,16.6
frame,lgw,Year 1, spring 24, Wednesday,14557,16.6
frame,lgw,Year 1, spring 24, Wednesday,14558,16.8
frame,lgw,Year 1, spring 24, Wednesday,14559,16.6
frame,lgw,Year 1, spring 24, Wednesday,14560,16.7
frame,lgw,Year 1, spring 24, Wednesday,14561,16.7
frame,lgw,Year 1, spring 24, Wednesday,14562,16.8
frame,lgw,Year 1, spring 24, Wednesday,14563,16.5
frame,lgw,Year 1, spring 24, Wednesday,14564,16.7
frame,lgw,Year 1, spring 24, Wednesday,14565,17.0
frame,lgw,Year 1, spring 24, Wednesday,14566,16.4
frame,lgw,Year 1, spring 24, Wednesday,14567,16.7
frame,lgw,Year 1, spring 24, Wednesday,14568,16.6
frame,lgw,Year 1, spring 24, Wednesday,14569,17.1
frame,lgw,Year 1, spring 24, Wednesday,14570,16.2
frame,lgw,Year 1, spring 24, Wednesday,14571,16.7
frame,lgw,Year 1, spring 24, Wednesday,14572,16.6
frame,lgw,Year 1, spring 24, Wednesday,14573,17.0
frame,lgw,Year 1, spring 24, Wednesday,14574,16.4
frame,lgw,Year 1, spring 24, Wednesday,14575,16.6
frame,lgw,Year 1, spring 24, Wednesday,14576,16.7
frame,lgw,Year 1, spring 24, Wednesday,14577,16.7
frame,lgw,Year 1, spring 24, Wednesday,14578,16.6
frame,lgw,Year 1, spring 24, Wednesday,14579,16.7
frame,lgw,Year 1, spring 24, Wednesday,14580,16.6
frame,lgw,Year 1, spring 24, Wednesday,14581,16.8
frame,lgw,Year 1, spring 24, Wednesday,14582,16.6
frame,lgw,Year 1, spring 24, Wednesday,14583,16.6
frame,lgw,Year 1, spring 24, Wednesday,14584,16.6
frame,lgw,Year 1, spring 24, Wednesday,14585,16.7
frame,lgw,Year 1, spring 24, Wednesday,14586,16.7
frame,lgw,Year 1, spring 24, Wednesday,14587,16.6
frame,lgw,Year 1, spring 24, Wednesday,14588,16.7
frame,lgw,Year 1, spring 24, Wednesday,14589,16.7
frame,lgw,Year 1, spring 24, Wednesday,14590,16.7
frame,lgw,Year 1, spring 24, Wednesday,14591,16.7
frame,lgw,Year 1, spring 24, Wednesday,14592,16.7
frame,lgw,Year 1, spring 24, Wednesday,14593,16.7
frame,lgw,Year 1, spring 24, Wednesday,14594,16.6
frame,lgw,Year 1, spring 24, Wednesday,14595,16.6
frame,lgw,Year 1, spring 24, Wednesday,14596,16.6
frame,lgw,Year 1, spring 24, Wednesday,14597,16.7
frame,lgw,Year 1, spring 24, Wednesday,14598,16.6
frame,lgw,Year 1, spring 24, Wednesday,14599,16.7
frame,lgw,Year 1, spring 24, Wednesday,14600,16.8
frame,lgw,Year 1, spring 24, Wednesday,14601,16.6
frame,lgw,Year 1, spring 24, Wednesday,14602,17.0
frame,lgw,Year 1, spring 24, Wednesday,14603,16.4
frame,lgw,Year 1, spring 24, Wednesday,14604,16.6
frame,lgw,Year 1, spring 24, Wednesday,14605,16.7
frame,lgw,Year 1, spring 24, Wednesday,14606,16.7
frame,lgw,Year 1, spring 24, Wednesday,14607,16.7
frame,lgw,Year 1, spring 24, Wednesday,14608,16.8
frame,lgw,Year 1, spring 24, Wednesday,14609,16.7
frame,lgw,Year 1, spring 24, Wednesday,14610,20.4
frame,lgw,Year 1, spring 24, Wednesday,14611,13.1
frame,lgw,Year 1, spring 24, Wednesday,14612,16.3
frame,lgw,Year 1, spring 24, Wednesday,14613,16.8
frame,lgw,Year 1, spring 24, Wednesday,14614,16.6
frame,lgw,Year 1, spring 24, Wednesday,14615,16.7
frame,lgw,Year 1, spring 24, Wednesday,14616,16.6
frame,lgw,Year 1, spring 24, Wednesday,14617,16.7
frame,lgw,Year 1, spring 24, Wednesday,14618,16.6
frame,lgw,Year 1, spring 24, Wednesday,14619,16.6
frame,lgw,Year 1, spring 24, Wednesday,14620,16.6
frame,lgw,Year 1, spring 24, Wednesday,14621,16.7
frame,lgw,Year 1, spring 24, Wednesday,14622,16.7
frame,lgw,Year 1, spring 24, Wednesday,14623,16.6
frame,lgw,Year 1, spring 24, Wednesday,14624,16.7
frame,lgw,Year 1, spring 24, Wednesday,14625,16.7
frame,lgw,Year 1, spring 24, Wednesday,14626,16.9
frame,lgw,Year 1, spring 24, Wednesday,14627,16.5
frame,lgw,Year 1, spring 24, Wednesday,14628,16.6
frame,lgw,Year 1, spring 24, Wednesday,14629,16.6
frame,lgw,Year 1, spring 24, Wednesday,14630,16.6
frame,lgw,Year 1, spring 24, Wednesday,14631,17.5
frame,lgw,Year 1, spring 24, Wednesday,14632,15.9
frame,lgw,Year 1, spring 24, Wednesday,14633,16.7
frame,lgw,Year 1, spring 24, Wednesday,14634,16.6
frame,lgw,Year 1, spring 24, Wednesday,14635,16.7
frame,lgw,Year 1, spring 24, Wednesday,14636,16.6
frame,lgw,Year 1, spring 24, Wednesday,14637,16.6
frame,lgw,Year 1, spring 24, Wednesday,14638,16.7
frame,lgw,Year 1, spring 24, Wednesday,14639,17.6
frame,lgw,Year 1, spring 24, Wednesday,14640,15.8
frame,lgw,Year 1, spring 24, Wednesday,14641,16.7
frame,lgw,Year 1, spring 24, Wednesday,14642,16.6
frame,lgw,Year 1, spring 24, Wednesday,14643,16.8
frame,lgw,Year 1, spring 24, Wednesday,14644,16.6
frame,lgw,Year 1, spring 24, Wednesday,14645,16.6
frame,lgw,Year 1, spring 24, Wednesday,14646,16.7
frame,lgw,Year 1, spring 24, Wednesday,14647,16.6
frame,lgw,Year 1, spring 24, Wednesday,14648,16.7
frame,lgw,Year 1, spring 24, Wednesday,14649,16.7
frame,lgw,Year 1, spring 24, Wednesday,14650,16.7
frame,lgw,Year 1, spring 24, Wednesday,14651,16.7
frame,lgw,Year 1, spring 24, Wednesday,14652,16.8
frame,lgw,Year 1, spring 24, Wednesday,14653,16.7
frame,lgw,Year 1, spring 24, Wednesday,14654,16.9
frame,lgw,Year 1, spring 24, Wednesday,14655,16.3
frame,lgw,Year 1, spring 24, Wednesday,14656,16.8
frame,lgw,Year 1, spring 24, Wednesday,14657,16.6
frame,lgw,Year 1, spring 24, Wednesday,14658,16.7
frame,lgw,Year 1, spring 24, Wednesday,14659,16.6
frame,lgw,Year 1, spring 24, Wednesday,14660,16.7
frame,lgw,Year 1, spring 24, Wednesday,14661,16.8
frame,lgw,Year 1, spring 24, Wednesday,14662,16.6
frame,lgw,Year 1, spring 24, Wednesday,14663,16.6
frame,lgw,Year 1, spring 24, Wednesday,14664,16.9
frame,lgw,Year 1, spring 24, Wednesday,14665,16.5
frame,lgw,Year 1, spring 24, Wednesday,14666,16.6
frame,lgw,Year 1, spring 24, Wednesday,14667,16.7
frame,lgw,Year 1, spring 24, Wednesday,14668,16.6
frame,lgw,Year 1, spring 24, Wednesday,14669,16.8
frame,lgw,Year 1, spring 24, Wednesday,14670,16.7
frame,lgw,Year 1, spring 24, Wednesday,14671,16.6
frame,lgw,Year 1, spring 24, Wednesday,14672,16.9
frame,lgw,Year 1, spring 24, Wednesday,14673,19.8
frame,lgw,Year 1, spring 24, Wednesday,14674,13.5
frame,lgw,Year 1, spring 24, Wednesday,14675,16.7
frame,lgw,Year 1, spring 24, Wednesday,14676,16.4
frame,lgw,Year 1, spring 24, Wednesday,14677,16.8
frame,lgw,Year 1, spring 24, Wednesday,14678,16.7
frame,lgw,Year 1, spring 24, Wednesday,14679,16.6
frame,lgw,Year 1, spring 24, Wednesday,14680,16.6
frame,lgw,Year 1, spring 24, Wednesday,14681,16.7
frame,lgw,Year 1, spring 24, Wednesday,14682,16.7
frame,lgw,Year 1, spring 24, Wednesday,14683,16.6
frame,lgw,Year 1, spring 24, Wednesday,14684,16.6
frame,lgw,Year 1, spring 24, Wednesday,14685,16.6
frame,lgw,Year 1, spring 24, Wednesday,14686,16.7
frame,lgw,Year 1, spring 24, Wednesday,14687,16.6
frame,lgw,Year 1, spring 24, Wednesday,14688,16.7
frame,lgw,Year 1, spring 24, Wednesday,14689,16.6
frame,lgw,Year 1, spring 24, Wednesday,14690,16.8
frame,lgw,Year 1, spring 24, Wednesday,14691,16.6
frame,lgw,Year 1, spring 24, Wednesday,14692,16.8
frame,lgw,Year 1, spring 24, Wednesday,14693,16.7
frame,lgw,Year 1, spring 24, Wednesday,14694,16.7
frame,lgw,Year 1, spring 24, Wednesday,14695,16.9
frame,lgw,Year 1, spring 24, Wednesday,14696,16.5
frame,lgw,Year 1, spring 24, Wednesday,14697,16.7
frame,lgw,Year 1, spring 24, Wednesday,14698,16.7
frame,lgw,Year 1, spring 24, Wednesday,14699,16.8
frame,lgw,Year 1, spring 24, Wednesday,14700,16.6
frame,lgw,Year 1, spring 24, Wednesday,14701,17.3
frame,lgw,Year 1, spring 24, Wednesday,14702,16.0
frame,lgw,Year 1, spring 24, Wednesday,14703,16.9
frame,lgw,Year 1, spring 24, Wednesday,14704,16.4
frame,lgw,Year 1, spring 24, Wednesday,14705,17.2
frame,lgw,Year 1, spring 24, Wednesday,14706,16.3
frame,lgw,Year 1, spring 24, Wednesday,14707,16.6
frame,lgw,Year 1, spring 24, Wednesday,14708,16.7
frame,lgw,Year 1, spring 24, Wednesday,14709,16.6
frame,lgw,Year 1, spring 24, Wednesday,14710,16.7
frame,lgw,Year 1, spring 24, Wednesday,14711,16.7
frame,lgw,Year 1, spring 24, Wednesday,14712,16.8
frame,lgw,Year 1, spring 24, Wednesday,14713,16.6
frame,lgw,Year 1, spring 24, Wednesday,14714,16.6
frame,lgw,Year 1, spring 24, Wednesday,14715,16.6
frame,lgw,Year 1, spring 24, Wednesday,14716,16.7
frame,lgw,Year 1, spring 24, Wednesday,14717,16.8
frame,lgw,Year 1, spring 24, Wednesday,14718,16.6
frame,lgw,Year 1, spring 24, Wednesday,14719,16.8
frame,lgw,Year 1, spring 24, Wednesday,14720,16.7
frame,lgw,Year 1, spring 24, Wednesday,14721,16.7
frame,lgw,Year 1, spring 24, Wednesday,14722,16.6
frame,lgw,Year 1, spring 24, Wednesday,14723,16.7
frame,lgw,Year 1, spring 24, Wednesday,14724,16.7
frame,lgw,Year 1, spring 24, Wednesday,14725,16.7
frame,lgw,Year 1, spring 24, Wednesday,14726,16.6
frame,lgw,Year 1, spring 24, Wednesday,14727,16.7
frame,lgw,Year 1, spring 24, Wednesday,14728,16.8
frame,lgw,Year 1, spring 24, Wednesday,14729,16.8
frame,lgw,Year 1, spring 24, Wednesday,14730,16.9
frame,lgw,Year 1, spring 24, Wednesday,14731,16.3
frame,lgw,Year 1, spring 24, Wednesday,14732,16.7
frame,lgw,Year 1, spring 24, Wednesday,14733,16.6
frame,lgw,Year 1, spring 24, Wednesday,14734,16.6
frame,lgw,Year 1, spring 24, Wednesday,14735,16.6
frame,lgw,Year 1, spring 24, Wednesday,14736,16.7
frame,lgw,Year 1, spring 24, Wednesday,14737,16.6
frame,lgw,Year 1, spring 24, Wednesday,14738,16.8
frame,lgw,Year 1, spring 24, Wednesday,14739,16.7
frame,lgw,Year 1, spring 24, Wednesday,14740,16.8
frame,lgw,Year 1, spring 24, Wednesday,14741,16.5
frame,lgw,Year 1, spring 24, Wednesday,14742,16.8
frame,lgw,Year 1, spring 24, Wednesday,14743,16.6
frame,lgw,Year 1, spring 24, Wednesday,14744,16.5
frame,lgw,Year 1, spring 24, Wednesday,14745,16.7
frame,lgw,Year 1, spring 24, Wednesday,14746,16.7
frame,lgw,Year 1, spring 24, Wednesday,14747,16.9
frame,lgw,Year 1, spring 24, Wednesday,14748,16.5
frame,lgw,Year 1, spring 24, Wednesday,14749,16.6
frame,lgw,Year 1, spring 24, Wednesday,14750,16.7
frame,lgw,Year 1, spring 24, Wednesday,14751,31.6
frame,lgw,Year 1, spring 24, Wednesday,14752,8.8
frame,lgw,Year 1, spring 24, Wednesday,14753,9.4
frame,lgw,Year 1, spring 24, Wednesday,14754,16.7
frame,lgw,Year 1, spring 24, Wednesday,14755,16.7
frame,lgw,Year 1, spring 24, Wednesday,14756,16.8
frame,lgw,Year 1, spring 24, Wednesday,14757,16.6
frame,lgw,Year 1, spring 24, Wednesday,14758,16.6
frame,lgw,Year 1, spring 24, Wednesday,14759,16.7
frame,lgw,Year 1, spring 24, Wednesday,14760,16.7
frame,lgw,Year 1, spring 24, Wednesday,14761,16.6
frame,lgw,Year 1, spring 24, Wednesday,14762,16.8
frame,lgw,Year 1, spring 24, Wednesday,14763,16.7
frame,lgw,Year 1, spring 24, Wednesday,14764,16.6
frame,lgw,Year 1, spring 24, Wednesday,14765,16.7
frame,lgw,Year 1, spring 24, Wednesday,14766,19.7
frame,lgw,Year 1, spring 24, Wednesday,14767,13.6
frame,lgw,Year 1, spring 24, Wednesday,14768,16.7
frame,lgw,Year 1, spring 24, Wednesday,14769,16.8
frame,lgw,Year 1, spring 24, Wednesday,14770,16.6
frame,lgw,Year 1, spring 24, Wednesday,14771,16.7
frame,lgw,Year 1, spring 24, Wednesday,14772,16.8
frame,lgw,Year 1, spring 24, Wednesday,14773,16.7
frame,lgw,Year 1, spring 24, Wednesday,14774,16.4
frame,lgw,Year 1, spring 24, Wednesday,14775,16.6
frame,lgw,Year 1, spring 24, Wednesday,14776,16.7
frame,lgw,Year 1, spring 24, Wednesday,14777,16.7
frame,lgw,Year 1, spring 24, Wednesday,14778,16.7
frame,lgw,Year 1, spring 24, Wednesday,14779,16.6
frame,lgw,Year 1, spring 24, Wednesday,14780,16.7
frame,lgw,Year 1, spring 24, Wednesday,14781,16.6
frame,lgw,Year 1, spring 24, Wednesday,14782,40.8
frame,lgw,Year 1, spring 24, Wednesday,14783,2.4
frame,lgw,Year 1, spring 24, Wednesday,14784,6.7
frame,lgw,Year 1, spring 24, Wednesday,14785,16.8
frame,lgw,Year 1, spring 24, Wednesday,14786,16.7
frame,lgw,Year 1, spring 24, Wednesday,14787,16.8
frame,lgw,Year 1, spring 24, Wednesday,14788,16.5
frame,lgw,Year 1, spring 24, Wednesday,14789,16.6
frame,lgw,Year 1, spring 24, Wednesday,14790,16.7
frame,lgw,Year 1, spring 24, Wednesday,14791,16.7
frame,lgw,Year 1, spring 24, Wednesday,14792,16.7
frame,lgw,Year 1, spring 24, Wednesday,14793,16.7
frame,lgw,Year 1, spring 24, Wednesday,14794,16.7
frame,lgw,Year 1, spring 24, Wednesday,14795,16.7
frame,lgw,Year 1, spring 24, Wednesday,14796,16.8
frame,lgw,Year 1, spring 24, Wednesday,14797,16.6
frame,lgw,Year 1, spring 24, Wednesday,14798,16.7
frame,lgw,Year 1, spring 24, Wednesday,14799,16.7
frame,lgw,Year 1, spring 24, Wednesday,14800,16.6
frame,lgw,Year 1, spring 24, Wednesday,14801,16.8
frame,lgw,Year 1, spring 24, Wednesday,14802,16.5
frame,lgw,Year 1, spring 24, Wednesday,14803,16.7
frame,lgw,Year 1, spring 24, Wednesday,14804,16.7
frame,lgw,Year 1, spring 24, Wednesday,14805,16.7
frame,lgw,Year 1, spring 24, Wednesday,14806,16.7
frame,lgw,Year 1, spring 24, Wednesday,14807,16.6
frame,lgw,Year 1, spring 24, Wednesday,14808,16.7
frame,lgw,Year 1, spring 24, Wednesday,14809,16.7
frame,lgw,Year 1, spring 24, Wednesday,14810,16.5
frame,lgw,Year 1, spring 24, Wednesday,14811,16.7
frame,lgw,Year 1, spring 24, Wednesday,14812,16.7
frame,lgw,Year 1, spring 24, Wednesday,14813,16.7
frame,lgw,Year 1, spring 24, Wednesday,14814,16.7
frame,lgw,Year 1, spring 24, Wednesday,14815,16.7
frame,lgw,Year 1, spring 24, Wednesday,14816,16.6
frame,lgw,Year 1, spring 24, Wednesday,14817,16.7
frame,lgw,Year 1, spring 24, Wednesday,14818,16.7
frame,lgw,Year 1, spring 24, Wednesday,14819,16.8
frame,lgw,Year 1, spring 24, Wednesday,14820,16.6
frame,lgw,Year 1, spring 24, Wednesday,14821,16.7
frame,lgw,Year 1, spring 24, Wednesday,14822,16.6
frame,lgw,Year 1, spring 24, Wednesday,14823,17.5
frame,lgw,Year 1, spring 24, Wednesday,14824,15.9
frame,lgw,Year 1, spring 24, Wednesday,14825,17.3
frame,lgw,Year 1, spring 24, Wednesday,14826,16.0
frame,lgw,Year 1, spring 24, Wednesday,14827,16.7
frame,lgw,Year 1, spring 24, Wednesday,14828,16.7
frame,lgw,Year 1, spring 24, Wednesday,14829,16.6
frame,lgw,Year 1, spring 24, Wednesday,14830,16.7
frame,lgw,Year 1, spring 24, Wednesday,14831,16.6
frame,lgw,Year 1, spring 24, Wednesday,14832,16.7
frame,lgw,Year 1, spring 24, Wednesday,14833,16.7
frame,lgw,Year 1, spring 24, Wednesday,14834,16.7
frame,lgw,Year 1, spring 24, Wednesday,14835,16.7
frame,lgw,Year 1, spring 24, Wednesday,14836,16.6
frame,lgw,Year 1, spring 24, Wednesday,14837,16.7
frame,lgw,Year 1, spring 24, Wednesday,14838,16.6
frame,lgw,Year 1, spring 24, Wednesday,14839,16.6
frame,lgw,Year 1, spring 24, Wednesday,14840,16.7
frame,lgw,Year 1, spring 24, Wednesday,14841,16.6
frame,lgw,Year 1, spring 24, Wednesday,14842,16.7
frame,lgw,Year 1, spring 24, Wednesday,14843,16.7
frame,lgw,Year 1, spring 24, Wednesday,14844,16.7
frame,lgw,Year 1, spring 24, Wednesday,14845,16.8
frame,lgw,Year 1, spring 24, Wednesday,14846,16.6
frame,lgw,Year 1, spring 24, Wednesday,14847,16.6
frame,lgw,Year 1, spring 24, Wednesday,14848,16.6
frame,lgw,Year 1, spring 24, Wednesday,14849,16.7
frame,lgw,Year 1, spring 24, Wednesday,14850,16.7
frame,lgw,Year 1, spring 24, Wednesday,14851,16.6
frame,lgw,Year 1, spring 24, Wednesday,14852,16.7
frame,lgw,Year 1, spring 24, Wednesday,14853,16.6
frame,lgw,Year 1, spring 24, Wednesday,14854,16.7
frame,lgw,Year 1, spring 24, Wednesday,14855,16.6
frame,lgw,Year 1, spring 24, Wednesday,14856,16.7
switch,lgw,Year 1, spring 25, Thursday,600,331.2
switchdetail,lgw,Year 1, spring 25, Thursday,720,0,0.0
lag,lgw,Year 1, spring 25, Thursday,14859,331.2
lag,lgw,Year 1, spring 25, Thursday,14860,2135.7
frame,lgw,Year 1, spring 25, Thursday,14857,19.3
frame,lgw,Year 1, spring 25, Thursday,14858,331.2
frame,lgw,Year 1, spring 25, Thursday,14859,500.0
frame,lgw,Year 1, spring 25, Thursday,14860,4.8
frame,lgw,Year 1, spring 25, Thursday,14861,16.7
frame,lgw,Year 1, spring 25, Thursday,14862,16.7
frame,lgw,Year 1, spring 25, Thursday,14863,16.7
frame,lgw,Year 1, spring 25, Thursday,14864,17.0
frame,lgw,Year 1, spring 25, Thursday,14865,16.4
frame,lgw,Year 1, spring 25, Thursday,14866,16.6
frame,lgw,Year 1, spring 25, Thursday,14867,16.7
frame,lgw,Year 1, spring 25, Thursday,14868,16.7
frame,lgw,Year 1, spring 25, Thursday,14869,16.7
frame,lgw,Year 1, spring 25, Thursday,14870,16.6
frame,lgw,Year 1, spring 25, Thursday,14871,16.6
frame,lgw,Year 1, spring 25, Thursday,14872,16.7
frame,lgw,Year 1, spring 25, Thursday,14873,16.7
frame,lgw,Year 1, spring 25, Thursday,14874,16.6
frame,lgw,Year 1, spring 25, Thursday,14875,16.6
frame,lgw,Year 1, spring 25, Thursday,14876,16.7
frame,lgw,Year 1, spring 25, Thursday,14877,16.7
frame,lgw,Year 1, spring 25, Thursday,14878,16.7
frame,lgw,Year 1, spring 25, Thursday,14879,16.8
frame,lgw,Year 1, spring 25, Thursday,14880,16.6
frame,lgw,Year 1, spring 25, Thursday,14881,16.6
frame,lgw,Year 1, spring 25, Thursday,14882,16.7
frame,lgw,Year 1, spring 25, Thursday,14883,16.7
frame,lgw,Year 1, spring 25, Thursday,14884,16.7
frame,lgw,Year 1, spring 25, Thursday,14885,16.7
frame,lgw,Year 1, spring 25, Thursday,14886,16.7
frame,lgw,Year 1, spring 25, Thursday,14887,16.6
frame,lgw,Year 1, spring 25, Thursday,14888,16.7
frame,lgw,Year 1, spring 25, Thursday,14889,16.6
frame,lgw,Year 1, spring 25, Thursday,14890,16.7
frame,lgw,Year 1, spring 25, Thursday,14891,16.7
frame,lgw,Year 1, spring 25, Thursday,14892,16.7
frame,lgw,Year 1, spring 25, Thursday,14893,16.6
frame,lgw,Year 1, spring 25, Thursday,14894,16.8
frame,lgw,Year 1, spring 25, Thursday,14895,16.6
frame,lgw,Year 1, spring 25, Thursday,14896,16.6
frame,lgw,Year 1, spring 25, Thursday,14897,16.7
frame,lgw,Year 1, spring 25, Thursday,14898,16.7
frame,lgw,Year 1, spring 25, Thursday,14899,16.7
frame,lgw,Year 1, spring 25, Thursday,14900,16.7
frame,lgw,Year 1, spring 25, Thursday,14901,16.6
frame,lgw,Year 1, spring 25, Thursday,14902,16.7
frame,lgw,Year 1, spring 25, Thursday,14903,16.6
frame,lgw,Year 1, spring 25, Thursday,14904,16.7
frame,lgw,Year 1, spring 25, Thursday,14905,16.8
frame,lgw,Year 1, spring 25, Thursday,14906,18.4
frame,lgw,Year 1, spring 25, Thursday,14907,14.8
frame,lgw,Year 1, spring 25, Thursday,14908,16.6
frame,lgw,Year 1, spring 25, Thursday,14909,16.7
frame,lgw,Year 1, spring 25, Thursday,14910,16.7
frame,lgw,Year 1, spring 25, Thursday,14911,16.7
frame,lgw,Year 1, spring 25, Thursday,14912,16.7
frame,lgw,Year 1, spring 25, Thursday,14913,16.6
frame,lgw,Year 1, spring 25, Thursday,14914,16.7
frame,lgw,Year 1, spring 25, Thursday,14915,16.6
frame,lgw,Year 1, spring 25, Thursday,14916,16.7
frame,lgw,Year 1, spring 25, Thursday,14917,16.8
frame,lgw,Year 1, spring 25, Thursday,14918,17.5
frame,lgw,Year 1, spring 25, Thursday,14919,15.8
frame,lgw,Year 1, spring 25, Thursday,14920,16.7
frame,lgw,Year 1, spring 25, Thursday,14921,16.6
frame,lgw,Year 1, spring 25, Thursday,14922,16.7
frame,lgw,Year 1, spring 25, Thursday,14923,17.7
frame,lgw,Year 1, spring 25, Thursday,14924,15.7
frame,lgw,Year 1, spring 25, Thursday,14925,16.9
frame,lgw,Year 1, spring 25, Thursday,14926,16.4
frame,lgw,Year 1, spring 25, Thursday,14927,16.6
frame,lgw,Year 1, spring 25, Thursday,14928,16.7
frame,lgw,Year 1, spring 25, Thursday,14929,16.7
frame,lgw,Year 1, spring 25, Thursday,14930,16.7
frame,lgw,Year 1, spring 25, Thursday,14931,16.7
frame,lgw,Year 1, spring 25, Thursday,14932,16.7
frame,lgw,Year 1, spring 25, Thursday,14933,16.6
frame,lgw,Year 1, spring 25, Thursday,14934,16.7
frame,lgw,Year 1, spring 25, Thursday,14935,16.7
frame,lgw,Year 1, spring 25, Thursday,14936,16.7
frame,lgw,Year 1, spring 25, Thursday,14937,16.9
frame,lgw,Year 1, spring 25, Thursday,14938,16.5
frame,lgw,Year 1, spring 25, Thursday,14939,16.7
frame,lgw,Year 1, spring 25, Thursday,14940,17.8
frame,lgw,Year 1, spring 25, Thursday,14941,15.5
frame,lgw,Year 1, spring 25, Thursday,14942,16.7
frame,lgw,Year 1, spring 25, Thursday,14943,16.6
frame,lgw,Year 1, spring 25, Thursday,14944,16.6
frame,lgw,Year 1, spring 25, Thursday,14945,16.7
frame,lgw,Year 1, spring 25, Thursday,14946,16.9
frame,lgw,Year 1, spring 25, Thursday,14947,16.5
frame,lgw,Year 1, spring 25, Thursday,14948,16.7
frame,lgw,Year 1, spring 25, Thursday,14949,16.6
frame,lgw,Year 1, spring 25, Thursday,14950,16.7
frame,lgw,Year 1, spring 25, Thursday,14951,16.6
frame,lgw,Year 1, spring 25, Thursday,14952,16.7
frame,lgw,Year 1, spring 25, Thursday,14953,16.6
frame,lgw,Year 1, spring 25, Thursday,14954,16.7
frame,lgw,Year 1, spring 25, Thursday,14955,16.6
frame,lgw,Year 1, spring 25, Thursday,14956,16.7
frame,lgw,Year 1, spring 25, Thursday,14957,19.6
frame,lgw,Year 1, spring 25, Thursday,14958,13.8
frame,lgw,Year 1, spring 25, Thursday,14959,16.9
frame,lgw,Year 1, spring 25, Thursday,14960,16.5
frame,lgw,Year 1, spring 25, Thursday,14961,16.6
frame,lgw,Year 1, spring 25, Thursday,14962,16.7
frame,lgw,Year 1, spring 25, Thursday,14963,16.7
frame,lgw,Year 1, spring 25, Thursday,14964,16.7
frame,lgw,Year 1, spring 25, Thursday,14965,16.6
frame,lgw,Year 1, spring 25, Thursday,14966,16.7
frame,lgw,Year 1, spring 25, Thursday,14967,16.6
frame,lgw,Year 1, spring 25, Thursday,14968,16.7
frame,lgw,Year 1, spring 25, Thursday,14969,16.6
frame,lgw,Year 1, spring 25, Thursday,14970,16.7
frame,lgw,Year 1, spring 25, Thursday,14971,16.6
frame,lgw,Year 1, spring 25, Thursday,14972,20.5
frame,lgw,Year 1, spring 25, Thursday,14973,13.0
frame,lgw,Year 1, spring 25, Thursday,14974,16.5
frame,lgw,Year 1, spring 25, Thursday,14975,16.6
frame,lgw,Year 1, spring 25, Thursday,14976,16.7
frame,lgw,Year 1, spring 25, Thursday,14977,16.6
frame,lgw,Year 1, spring 25, Thursday,14978,16.7
frame,lgw,Year 1, spring 25, Thursday,14979,16.6
frame,lgw,Year 1, spring 25, Thursday,14980,16.6
frame,lgw,Year 1, spring 25, Thursday,14981,16.7
frame,lgw,Year 1, spring 25, Thursday,14982,16.9
frame,lgw,Year 1, spring 25, Thursday,14983,16.6
frame,lgw,Year 1, spring 25, Thursday,14984,16.5
frame,lgw,Year 1, spring 25, Thursday,14985,16.7
frame,lgw,Year 1, spring 25, Thursday,14986,18.2
frame,lgw,Year 1, spring 25, Thursday,14987,15.1
frame,lgw,Year 1, spring 25, Thursday,14988,16.7
frame,lgw,Year 1, spring 25, Thursday,14989,16.6
frame,lgw,Year 1, spring 25, Thursday,14990,16.7
frame,lgw,Year 1, spring 25, Thursday,14991,16.6
frame,lgw,Year 1, spring 25, Thursday,14992,16.6
frame,lgw,Year 1, spring 25, Thursday,14993,16.6
frame,lgw,Year 1, spring 25, Thursday,14994,16.7
frame,lgw,Year 1, spring 25, Thursday,14995,16.7
frame,lgw,Year 1, spring 25, Thursday,14996,17.2
frame,lgw,Year 1, spring 25, Thursday,14997,16.3
frame,lgw,Year 1, spring 25, Thursday,14998,16.7
frame,lgw,Year 1, spring 25, Thursday,14999,16.6
frame,lgw,Year 1, spring 25, Thursday,15000,16.7
frame,lgw,Year 1, spring 25, Thursday,15001,16.6
frame,lgw,Year 1, spring 25, Thursday,15002,16.8
frame,lgw,Year 1, spring 25, Thursday,15003,16.5
frame,lgw,Year 1, spring 25, Thursday,15004,16.7
frame,lgw,Year 1, spring 25, Thursday,15005,16.7
frame,lgw,Year 1, spring 25, Thursday,15006,16.6
frame,lgw,Year 1, spring 25, Thursday,15007,16.7
frame,lgw,Year 1, spring 25, Thursday,15008,16.6
frame,lgw,Year 1, spring 25, Thursday,15009,16.7
frame,lgw,Year 1, spring 25, Thursday,15010,16.7
frame,lgw,Year 1, spring 25, Thursday,15011,16.6
frame,lgw,Year 1, spring 25, Thursday,15012,16.7
frame,lgw,Year 1, spring 25, Thursday,15013,16.6
frame,lgw,Year 1, spring 25, Thursday,15014,16.7
frame,lgw,Year 1, spring 25, Thursday,15015,16.7
frame,lgw,Year 1, spring 25, Thursday,15016,16.7
frame,lgw,Year 1, spring 25, Thursday,15017,16.7
frame,lgw,Year 1, spring 25, Thursday,15018,16.6
frame,lgw,Year 1, spring 25, Thursday,15019,16.6
frame,lgw,Year 1, spring 25, Thursday,15020,16.7
frame,lgw,Year 1, spring 25, Thursday,15021,16.6
frame,lgw,Year 1, spring 25, Thursday,15022,16.7
frame,lgw,Year 1, spring 25, Thursday,15023,16.6
frame,lgw,Year 1, spring 25, Thursday,15024,16.8
frame,lgw,Year 1, spring 25, Thursday,15025,16.6
frame,lgw,Year 1, spring 25, Thursday,15026,16.6
frame,lgw,Year 1, spring 25, Thursday,15027,16.7
frame,lgw,Year 1, spring 25, Thursday,15028,16.6
frame,lgw,Year 1, spring 25, Thursday,15029,16.8
frame,lgw,Year 1, spring 25, Thursday,15030,16.5
frame,lgw,Year 1, spring 25, Thursday,15031,16.7
lag,lgw,Year 1, spring 26, Friday,15034,178.5
lag,lgw,Year 1, spring 26, Friday,15035,1994.6
frame,lgw,Year 1, spring 26, Friday,15032,17.1
frame,lgw,Year 1, spring 26, Friday,15033,178.5
frame,lgw,Year 1, spring 26, Friday,15034,500.0
frame,lgw,Year 1, spring 26, Friday,15035,9.7
frame,lgw,Year 1, spring 26, Friday,15036,16.6
frame,lgw,Year 1, spring 26, Friday,15037,16.7
frame,lgw,Year 1, spring 26, Friday,15038,16.7
frame,lgw,Year 1, spring 26, Friday,15039,16.7
frame,lgw,Year 1, spring 26, Friday,15040,17.0
frame,lgw,Year 1, spring 26, Friday,15041,16.5
frame,lgw,Year 1, spring 26, Friday,15042,16.6
frame,lgw,Year 1, spring 26, Friday,15043,16.5
frame,lgw,Year 1, spring 26, Friday,15044,16.8
frame,lgw,Year 1, spring 26, Friday,15045,16.6
frame,lgw,Year 1, spring 26, Friday,15046,16.6
frame,lgw,Year 1, spring 26, Friday,15047,16.7
frame,lgw,Year 1, spring 26, Friday,15048,16.7
frame,lgw,Year 1, spring 26, Friday,15049,16.6
frame,lgw,Year 1, spring 26, Friday,15050,16.7
frame,lgw,Year 1, spring 26, Friday,15051,16.6
frame,lgw,Year 1, spring 26, Friday,15052,17.0
frame,lgw,Year 1, spring 26, Friday,15053,16.4
frame,lgw,Year 1, spring 26, Friday,15054,16.6
frame,lgw,Year 1, spring 26, Friday,15055,16.6
frame,lgw,Year 1, spring 26, Friday,15056,16.7
frame,lgw,Year 1, spring 26, Friday,15057,16.6
frame,lgw,Year 1, spring 26, Friday,15058,16.6
frame,lgw,Year 1, spring 26, Friday,15059,16.7
frame,lgw,Year 1, spring 26, Friday,15060,16.7
frame,lgw,Year 1, spring 26, Friday,15061,16.6
frame,lgw,Year 1, spring 26, Friday,15062,16.7
frame,lgw,Year 1, spring 26, Friday,15063,16.6
frame,lgw,Year 1, spring 26, Friday,15064,16.6
frame,lgw,Year 1, spring 26, Friday,15065,16.7
frame,lgw,Year 1, spring 26, Friday,15066,16.7
frame,lgw,Year 1, spring 26, Friday,15067,16.7
frame,lgw,Year 1, spring 26, Friday,15068,16.7
frame,lgw,Year 1, spring 26, Friday,15069,16.6
frame,lgw,Year 1, spring 26, Friday,15070,16.9
frame,lgw,Year 1, spring 26, Friday,15071,16.4
frame,lgw,Year 1, spring 26, Friday,15072,16.7
frame,lgw,Year 1, spring 26, Friday,15073,16.6
frame,lgw,Year 1, spring 26, Friday,15074,16.7
frame,lgw,Year 1, spring 26, Friday,15075,16.8
frame,lgw,Year 1, spring 26, Friday,15076,16.6
frame,lgw,Year 1, spring 26, Friday,15077,16.6
frame,lgw,Year 1, spring 26, Friday,15078,16.7
frame,lgw,Year 1, spring 26, Friday,15079,16.7
frame,lgw,Year 1, spring 26, Friday,15080,16.7
frame,lgw,Year 1, spring 26, Friday,15081,16.7
frame,lgw,Year 1, spring 26, Friday,15082,16.6
frame,lgw,Year 1, spring 26, Friday,15083,16.7
frame,lgw,Year 1, spring 26, Friday,15084,16.7
frame,lgw,Year 1, spring 26, Friday,15085,16.7
frame,lgw,Year 1, spring 26, Friday,15086,16.6
frame,lgw,Year 1, spring 26, Friday,15087,16.7
frame,lgw,Year 1, spring 26, Friday,15088,16.6
frame,lgw,Year 1, spring 26, Friday,15089,16.7
frame,lgw,Year 1, spring 26, Friday,15090,16.6
frame,lgw,Year 1, spring 26, Friday,15091,16.7
frame,lgw,Year 1, spring 26, Friday,15092,16.7
frame,lgw,Year 1, spring 26, Friday,15093,16.8
frame,lgw,Year 1, spring 26, Friday,15094,16.5
frame,lgw,Year 1, spring 26, Friday,15095,16.6
frame,lgw,Year 1, spring 26, Friday,15096,17.6
frame,lgw,Year 1, spring 26, Friday,15097,15.7
frame,lgw,Year 1, spring 26, Friday,15098,16.7
frame,lgw,Year 1, spring 26, Friday,15099,16.7
frame,lgw,Year 1, spring 26, Friday,15100,16.7
frame,lgw,Year 1, spring 26, Friday,15101,16.6
frame,lgw,Year 1, spring 26, Friday,15102,16.6
frame,lgw,Year 1, spring 26, Friday,15103,16.7
frame,lgw,Year 1, spring 26, Friday,15104,16.7
frame,lgw,Year 1, spring 26, Friday,15105,16.8
frame,lgw,Year 1, spring 26, Friday,15106,16.5
frame,lgw,Year 1, spring 26, Friday,15107,16.7
frame,lgw,Year 1, spring 26, Friday,15108,16.6
frame,lgw,Year 1, spring 26, Friday,15109,16.7
frame,lgw,Year 1, spring 26, Friday,15110,16.6
frame,lgw,Year 1, spring 26, Friday,15111,16.7
frame,lgw,Year 1, spring 26, Friday,15112,16.7
frame,lgw,Year 1, spring 26, Friday,15113,16.6
frame,lgw,Year 1, spring 26, Friday,15114,16.7
frame,lgw,Year 1, spring 26, Friday,15115,16.7
frame,lgw,Year 1, spring 26, Friday,15116,16.7
frame,lgw,Year 1, spring 26, Friday,15117,16.6
frame,lgw,Year 1, spring 26, Friday,15118,16.7
frame,lgw,Year 1, spring 26, Friday,15119,16.8
frame,lgw,Year 1, spring 26, Friday,15120,16.8
frame,lgw,Year 1, spring 26, Friday,15121,16.7
frame,lgw,Year 1, spring 26, Friday,15122,16.6
frame,lgw,Year 1, spring 26, Friday,15123,17.9
frame,lgw,Year 1, spring 26, Friday,15124,15.5
frame,lgw,Year 1, spring 26, Friday,15125,16.6
frame,lgw,Year 1, spring 26, Friday,15126,16.7
frame,lgw,Year 1, spring 26, Friday,15127,16.5
frame,lgw,Year 1, spring 26, Friday,15128,16.7
frame,lgw,Year 1, spring 26, Friday,15129,16.7
frame,lgw,Year 1, spring 26, Friday,15130,16.7
frame,lgw,Year 1, spring 26, Friday,15131,16.6
frame,lgw,Year 1, spring 26, Friday,15132,16.7
frame,lgw,Year 1, spring 26, Friday,15133,16.7
frame,lgw,Year 1, spring 26, Friday,15134,16.7
frame,lgw,Year 1, spring 26, Friday,15135,16.6
frame,lgw,Year 1, spring 26, Friday,15136,16.7
frame,lgw,Year 1, spring 26, Friday,15137,16.6
frame,lgw,Year 1, spring 26, Friday,15138,16.7
frame,lgw,Year 1, spring 26, Friday,15139,16.5
frame,lgw,Year 1, spring 26, Friday,15140,16.8
frame,lgw,Year 1, spring 26, Friday,15141,16.8
frame,lgw,Year 1, spring 26, Friday,15142,16.5
frame,lgw,Year 1, spring 26, Friday,15143,16.7
frame,lgw,Year 1, spring 26, Friday,15144,16.6
frame,lgw,Year 1, spring 26, Friday,15145,16.8
frame,lgw,Year 1, spring 26, Friday,15146,17.0
frame,lgw,Year 1, spring 26, Friday,15147,16.3
frame,lgw,Year 1, spring 26, Friday,15148,16.5
frame,lgw,Year 1, spring 26, Friday,15149,16.7
frame,lgw,Year 1, spring 26, Friday,15150,16.6
frame,lgw,Year 1, spring 26, Friday,15151,16.7
frame,lgw,Year 1, spring 26, Friday,15152,16.6
frame,lgw,Year 1, spring 26, Friday,15153,16.8
frame,lgw,Year 1, spring 26, Friday,15154,16.6
frame,lgw,Year 1, spring 26, Friday,15155,16.6
frame,lgw,Year 1, spring 26, Friday,15156,16.7
frame,lgw,Year 1, spring 26, Friday,15157,16.7
frame,lgw,Year 1, spring 26, Friday,15158,19.0
frame,lgw,Year 1, spring 26, Friday,15159,14.4
frame,lgw,Year 1, spring 26, Friday,15160,17.5
frame,lgw,Year 1, spring 26, Friday,15161,15.7
frame,lgw,Year 1, spring 26, Friday,15162,16.7
frame,lgw,Year 1, spring 26, Friday,15163,16.6
frame,lgw,Year 1, spring 26, Friday,15164,16.7
frame,lgw,Year 1, spring 26, Friday,15165,16.7
frame,lgw,Year 1, spring 26, Friday,15166,17.2
frame,lgw,Year 1, spring 26, Friday,15167,16.3
frame,lgw,Year 1, spring 26, Friday,15168,16.5
frame,lgw,Year 1, spring 26, Friday,15169,16.6
frame,lgw,Year 1, spring 26, Friday,15170,16.8
frame,lgw,Year 1, spring 26, Friday,15171,16.6
frame,lgw,Year 1, spring 26, Friday,15172,16.7
frame,lgw,Year 1, spring 26, Friday,15173,16.7
frame,lgw,Year 1, spring 26, Friday,15174,16.6
frame,lgw,Year 1, spring 26, Friday,15175,16.7
frame,lgw,Year 1, spring 26, Friday,15176,16.6
frame,lgw,Year 1, spring 26, Friday,15177,16.7
frame,lgw,Year 1, spring 26, Friday,15178,16.8
frame,lgw,Year 1, spring 26, Friday,15179,16.7
frame,lgw,Year 1, spring 26, Friday,15180,16.6
frame,lgw,Year 1, spring 26, Friday,15181,16.7
frame,lgw,Year 1, spring 26, Friday,15182,16.7
frame,lgw,Year 1, spring 26, Friday,15183,16.6
frame,lgw,Year 1, spring 26, Friday,15184,16.7
frame,lgw,Year 1, spring 26, Friday,15185,16.7
frame,lgw,Year 1, spring 26, Friday,15186,16.6
frame,lgw,Year 1, spring 26, Friday,15187,16.6
frame,lgw,Year 1, spring 26, Friday,15188,16.7
frame,lgw,Year 1, spring 26, Friday,15189,16.6
frame,lgw,Year 1, spring 26, Friday,15190,16.7
frame,lgw,Year 1, spring 26, Friday,15191,16.6
frame,lgw,Year 1, spring 26, Friday,15192,16.7
frame,lgw,Year 1, spring 26, Friday,15193,16.6
frame,lgw,Year 1, spring 26, Friday,15194,17.4
frame,lgw,Year 1, spring 26, Friday,15195,16.1
frame,lgw,Year 1, spring 26, Friday,15196,17.0
frame,lgw,Year 1, spring 26, Friday,15197,16.3
frame,lgw,Year 1, spring 26, Friday,15198,16.7
frame,lgw,Year 1, spring 26, Friday,15199,16.6
frame,lgw,Year 1, spring 26, Friday,15200,16.7
frame,lgw,Year 1, spring 26, Friday,15201,16.6
frame,lgw,Year 1, spring 26, Friday,15202,16.7
frame,lgw,Year 1, spring 26, Friday,15203,16.7
frame,lgw,Year 1, spring 26, Friday,15204,16.9
frame,lgw,Year 1, spring 26, Friday,15205,16.4
frame,lgw,Year 1, spring 26, Friday,15206,16.7
frame,lgw,Year 1, spring 26, Friday,15207,16.7
frame,lgw,Year 1, spring 26, Friday,15208,16.7
frame,lgw,Year 1, spring 26, Friday,15209,16.7
frame,lgw,Year 1, spring 26, Friday,15210,17.2
frame,lgw,Year 1, spring 26, Friday,15211,16.1
frame,lgw,Year 1, spring 26, Friday,15212,16.7
frame,lgw,Year 1, spring 26, Friday,15213,16.7
frame,lgw,Year 1, spring 26, Friday,15214,16.6
frame,lgw,Year 1, spring 26, Friday,15215,16.6
frame,lgw,Year 1, spring 26, Friday,15216,17.3
frame,lgw,Year 1, spring 26, Friday,15217,16.1
frame,lgw,Year 1, spring 26, Friday,15218,16.7
frame,lgw,Year 1, spring 26, Friday,15219,16.6
frame,lgw,Year 1, spring 26, Friday,15220,17.4
frame,lgw,Year 1, spring 26, Friday,15221,16.0
frame,lgw,Year 1, spring 26, Friday,15222,16.6
frame,lgw,Year 1, spring 26, Friday,15223,16.7
frame,lgw,Year 1, spring 26, Friday,15224,16.6
frame,lgw,Year 1, spring 26, Friday,15225,16.8
frame,lgw,Year 1, spring 26, Friday,15226,16.6
frame,lgw,Year 1, spring 26, Friday,15227,16.7
frame,lgw,Year 1, spring 26, Friday,15228,16.7
frame,lgw,Year 1, spring 26, Friday,15229,16.6
frame,lgw,Year 1, spring 26, Friday,15230,16.7
frame,lgw,Year 1, spring 26, Friday,15231,16.7
frame,lgw,Year 1, spring 26, Friday,15232,16.7
lag,lgw,Year 1, spring 27, Saturday,15235,150.3
lag,lgw,Year 1, spring 27, Saturday,15236,2025.0
frame,lgw,Year 1, spring 27, Saturday,15233,17.1
frame,lgw,Year 1, spring 27, Saturday,15234,150.3
frame,lgw,Year 1, spring 27, Saturday,15235,500.0
frame,lgw,Year 1, spring 27, Saturday,15236,7.5
frame,lgw,Year 1, spring 27, Saturday,15237,16.8
frame,lgw,Year 1, spring 27, Saturday,15238,16.6
frame,lgw,Year 1, spring 27, Saturday,15239,16.6
frame,lgw,Year 1, spring 27, Saturday,15240,16.8
frame,lgw,Year 1, spring 27, Saturday,15241,16.5
frame,lgw,Year 1, spring 27, Saturday,15242,16.7
frame,lgw,Year 1, spring 27, Saturday,15243,16.6
frame,lgw,Year 1, spring 27, Saturday,15244,16.7
frame,lgw,Year 1, spring 27, Saturday,15245,16.7
frame,lgw,Year 1, spring 27, Saturday,15246,16.7
frame,lgw,Year 1, spring 27, Saturday,15247,16.6
frame,lgw,Year 1, spring 27, Saturday,15248,16.7
frame,lgw,Year 1, spring 27, Saturday,15249,16.7
frame,lgw,Year 1, spring 27, Saturday,15250,16.8
frame,lgw,Year 1, spring 27, Saturday,15251,16.6
frame,lgw,Year 1, spring 27, Saturday,15252,16.6
frame,lgw,Year 1, spring 27, Saturday,15253,16.7
frame,lgw,Year 1, spring 27, Saturday,15254,16.7
frame,lgw,Year 1, spring 27, Saturday,15255,16.7
frame,lgw,Year 1, spring 27, Saturday,15256,16.7
frame,lgw,Year 1, spring 27, Saturday,15257,16.6
frame,lgw,Year 1, spring 27, Saturday,15258,16.7
frame,lgw,Year 1, spring 27, Saturday,15259,16.7
frame,lgw,Year 1, spring 27, Saturday,15260,16.6
frame,lgw,Year 1, spring 27, Saturday,15261,16.7
frame,lgw,Year 1, spring 27, Saturday,15262,16.7
frame,lgw,Year 1, spring 27, Saturday,15263,16.7
frame,lgw,Year 1, spring 27, Saturday,15264,16.7
frame,lgw,Year 1, spring 27, Saturday,15265,16.8
frame,lgw,Year 1, spring 27, Saturday,15266,16.5
frame,lgw,Year 1, spring 27, Saturday,15267,16.7
frame,lgw,Year 1, spring 27, Saturday,15268,16.7
frame,lgw,Year 1, spring 27, Saturday,15269,16.6
frame,lgw,Year 1, spring 27, Saturday,15270,16.6
frame,lgw,Year 1, spring 27, Saturday,15271,16.7
frame,lgw,Year 1, spring 27, Saturday,15272,16.7
frame,lgw,Year 1, spring 27, Saturday,15273,16.7
frame,lgw,Year 1, spring 27, Saturday,15274,16.8
frame,lgw,Year 1, spring 27, Saturday,15275,16.6
frame,lgw,Year 1, spring 27, Saturday,15276,16.7
frame,lgw,Year 1, spring 27, Saturday,15277,16.6
frame,lgw,Year 1, spring 27, Saturday,15278,16.6
frame,lgw,Year 1, spring 27, Saturday,15279,16.8
frame,lgw,Year 1, spring 27, Saturday,15280,16.6
frame,lgw,Year 1, spring 27, Saturday,15281,17.0
frame,lgw,Year 1, spring 27, Saturday,15282,16.4
frame,lgw,Year 1, spring 27, Saturday,15283,16.7
frame,lgw,Year 1, spring 27, Saturday,15284,16.8
frame,lgw,Year 1, spring 27, Saturday,15285,16.6
frame,lgw,Year 1, spring 27, Saturday,15286,16.7
frame,lgw,Year 1, spring 27, Saturday,15287,16.7
frame,lgw,Year 1, spring 27, Saturday,15288,16.6
frame,lgw,Year 1, spring 27, Saturday,15289,16.7
frame,lgw,Year 1, spring 27, Saturday,15290,16.8
frame,lgw,Year 1, spring 27, Saturday,15291,16.7
frame,lgw,Year 1, spring 27, Saturday,15292,16.7
frame,lgw,Year 1, spring 27, Saturday,15293,16.5
frame,lgw,Year 1, spring 27, Saturday,15294,16.9
frame,lgw,Year 1, spring 27, Saturday,15295,16.4
frame,lgw,Year 1, spring 27, Saturday,15296,16.7
frame,lgw,Year 1, spring 27, Saturday,15297,16.7
frame,lgw,Year 1, spring 27, Saturday,15298,16.7
frame,lgw,Year 1, spring 27, Saturday,15299,16.6
frame,lgw,Year 1, spring 27, Saturday,15300,16.7
frame,lgw,Year 1, spring 27, Saturday,15301,16.7
frame,lgw,Year 1, spring 27, Saturday,15302,16.6
frame,lgw,Year 1, spring 27, Saturday,15303,16.6
frame,lgw,Year 1, spring 27, Saturday,15304,16.7
frame,lgw,Year 1, spring 27, Saturday,15305,16.6
frame,lgw,Year 1, spring 27, Saturday,15306,16.7
frame,lgw,Year 1, spring 27, Saturday,15307,16.7
frame,lgw,Year 1, spring 27, Saturday,15308,16.7
frame,lgw,Year 1, spring 27, Saturday,15309,16.6
frame,lgw,Year 1, spring 27, Saturday,15310,16.7
frame,lgw,Year 1, spring 27, Saturday,15311,16.7
frame,lgw,Year 1, spring 27, Saturday,15312,16.6
frame,lgw,Year 1, spring 27, Saturday,15313,16.7
frame,lgw,Year 1, spring 27, Saturday,15314,16.7
frame,lgw,Year 1, spring 27, Saturday,15315,16.7
frame,lgw,Year 1, spring 27, Saturday,15316,16.7
frame,lgw,Year 1, spring 27, Saturday,15317,16.7
frame,lgw,Year 1, spring 27, Saturday,15318,16.7
frame,lgw,Year 1, spring 27, Saturday,15319,16.7
frame,lgw,Year 1, spring 27, Saturday,15320,17.2
frame,lgw,Year 1, spring 27, Saturday,15321,16.2
frame,lgw,Year 1, spring 27, Saturday,15322,16.6
frame,lgw,Year 1, spring 27, Saturday,15323,16.6
frame,lgw,Year 1, spring 27, Saturday,15324,16.7
frame,lgw,Year 1, spring 27, Saturday,15325,16.7
frame,lgw,Year 1, spring 27, Saturday,15326,16.6
frame,lgw,Year 1, spring 27, Saturday,15327,16.6
frame,lgw,Year 1, spring 27, Saturday,15328,16.7
frame,lgw,Year 1, spring 27, Saturday,15329,16.6
frame,lgw,Year 1, spring 27, Saturday,15330,19.0
frame,lgw,Year 1, spring 27, Saturday,15331,14.4
frame,lgw,Year 1, spring 27, Saturday,15332,16.6
frame,lgw,Year 1, spring 27, Saturday,15333,16.7
frame,lgw,Year 1, spring 27, Saturday,15334,16.8
frame,lgw,Year 1, spring 27, Saturday,15335,16.5
frame,lgw,Year 1, spring 27, Saturday,15336,16.7
frame,lgw,Year 1, spring 27, Saturday,15337,16.7
frame,lgw,Year 1, spring 27, Saturday,15338,16.6
frame,lgw,Year 1, spring 27, Saturday,15339,16.7
frame,lgw,Year 1, spring 27, Saturday,15340,16.8
frame,lgw,Year 1, spring 27, Saturday,15341,16.6
frame,lgw,Year 1, spring 27, Saturday,15342,16.6
frame,lgw,Year 1, spring 27, Saturday,15343,16.6
frame,lgw,Year 1, spring 27, Saturday,15344,16.6
frame,lgw,Year 1, spring 27, Saturday,15345,16.7
frame,lgw,Year 1, spring 27, Saturday,15346,16.7
frame,lgw,Year 1, spring 27, Saturday,15347,16.7
frame,lgw,Year 1, spring 27, Saturday,15348,16.5
frame,lgw,Year 1, spring 27, Saturday,15349,16.7
frame,lgw,Year 1, spring 27, Saturday,15350,16.8
frame,lgw,Year 1, spring 27, Saturday,15351,16.7
frame,lgw,Year 1, spring 27, Saturday,15352,16.7
frame,lgw,Year 1, spring 27, Saturday,15353,16.8
frame,lgw,Year 1, spring 27, Saturday,15354,16.5
frame,lgw,Year 1, spring 27, Saturday,15355,16.7
frame,lgw,Year 1, spring 27, Saturday,15356,16.6
frame,lgw,Year 1, spring 27, Saturday,15357,16.7
frame,lgw,Year 1, spring 27, Saturday,15358,16.7
frame,lgw,Year 1, spring 27, Saturday,15359,16.7
frame,lgw,Year 1, spring 27, Saturday,15360,16.7
frame,lgw,Year 1, spring 27, Saturday,15361,16.6
frame,lgw,Year 1, spring 27, Saturday,15362,16.7
frame,lgw,Year 1, spring 27, Saturday,15363,16.7
frame,lgw,Year 1, spring 27, Saturday,15364,16.7
frame,lgw,Year 1, spring 27, Saturday,15365,16.7
frame,lgw,Year 1, spring 27, Saturday,15366,16.6
frame,lgw,Year 1, spring 27, Saturday,15367,16.7
frame,lgw,Year 1, spring 27, Saturday,15368,16.6
frame,lgw,Year 1, spring 27, Saturday,15369,16.7
frame,lgw,Year 1, spring 27, Saturday,15370,16.6
frame,lgw,Year 1, spring 27, Saturday,15371,16.7
frame,lgw,Year 1, spring 27, Saturday,15372,16.7
frame,lgw,Year 1, spring 27, Saturday,15373,16.5
frame,lgw,Year 1, spring 27, Saturday,15374,16.7
frame,lgw,Year 1, spring 27, Saturday,15375,16.9
frame,lgw,Year 1, spring 27, Saturday,15376,16.5
frame,lgw,Year 1, spring 27, Saturday,15377,16.7
frame,lgw,Year 1, spring 27, Saturday,15378,16.6
frame,lgw,Year 1, spring 27, Saturday,15379,16.7
frame,lgw,Year 1, spring 27, Saturday,15380,16.6
frame,lgw,Year 1, spring 27, Saturday,15381,16.6
frame,lgw,Year 1, spring 27, Saturday,15382,16.7
frame,lgw,Year 1, spring 27, Saturday,15383,16.7
frame,lgw,Year 1, spring 27, Saturday,15384,16.6
frame,lgw,Year 1, spring 27, Saturday,15385,16.7
frame,lgw,Year 1, spring 27, Saturday,15386,16.6
frame,lgw,Year 1, spring 27, Saturday,15387,16.8
frame,lgw,Year 1, spring 27, Saturday,15388,16.5
frame,lgw,Year 1, spring 27, Saturday,15389,16.7
frame,lgw,Year 1, spring 27, Saturday,15390,16.6
frame,lgw,Year 1, spring 27, Saturday,15391,16.7
frame,lgw,Year 1, spring 27, Saturday,15392,16.7
frame,lgw,Year 1, spring 27, Saturday,15393,16.7
frame,lgw,Year 1, spring 27, Saturday,15394,16.6
frame,lgw,Year 1, spring 27, Saturday,15395,16.7
frame,lgw,Year 1, spring 27, Saturday,15396,16.6
frame,lgw,Year 1, spring 27, Saturday,15397,16.7
frame,lgw,Year 1, spring 27, Saturday,15398,16.8
frame,lgw,Year 1, spring 27, Saturday,15399,16.8
frame,lgw,Year 1, spring 27, Saturday,15400,16.7
frame,lgw,Year 1, spring 27, Saturday,15401,16.5
frame,lgw,Year 1, spring 27, Saturday,15402,16.6
frame,lgw,Year 1, spring 27, Saturday,15403,16.6
frame,lgw,Year 1, spring 27, Saturday,15404,16.7
lag,lgw,Year 1, spring 28, Sunday,15407,311.0
lag,lgw,Year 1, spring 28, Sunday,15408,1865.1
frame,lgw,Year 1, spring 28, Sunday,15405,17.2
frame,lgw,Year 1, spring 28, Sunday,15406,311.0
frame,lgw,Year 1, spring 28, Sunday,15407,500.0
frame,lgw,Year 1, spring 28, Sunday,15408,6.6
frame,lgw,Year 1, spring 28, Sunday,15409,16.7
frame,lgw,Year 1, spring 28, Sunday,15410,16.6
frame,lgw,Year 1, spring 28, Sunday,15411,16.7
frame,lgw,Year 1, spring 28, Sunday,15412,16.8
frame,lgw,Year 1, spring 28, Sunday,15413,16.7
frame,lgw,Year 1, spring 28, Sunday,15414,16.8
frame,lgw,Year 1, spring 28, Sunday,15415,16.5
frame,lgw,Year 1, spring 28, Sunday,15416,16.7
frame,lgw,Year 1, spring 28, Sunday,15417,16.6
frame,lgw,Year 1, spring 28, Sunday,15418,16.6
frame,lgw,Year 1, spring 28, Sunday,15419,16.7
frame,lgw,Year 1, spring 28, Sunday,15420,16.6
frame,lgw,Year 1, spring 28, Sunday,15421,16.6
frame,lgw,Year 1, spring 28, Sunday,15422,16.7
frame,lgw,Year 1, spring 28, Sunday,15423,16.6
frame,lgw,Year 1, spring 28, Sunday,15424,16.7
frame,lgw,Year 1, spring 28, Sunday,15425,16.8
frame,lgw,Year 1, spring 28, Sunday,15426,16.5
frame,lgw,Year 1, spring 28, Sunday,15427,17.1
frame,lgw,Year 1, spring 28, Sunday,15428,16.2
frame,lgw,Year 1, spring 28, Sunday,15429,16.8
frame,lgw,Year 1, spring 28, Sunday,15430,16.6
frame,lgw,Year 1, spring 28, Sunday,15431,16.7
frame,lgw,Year 1, spring 28, Sunday,15432,16.7
frame,lgw,Year 1, spring 28, Sunday,15433,16.6
frame,lgw,Year 1, spring 28, Sunday,15434,16.6
frame,lgw,Year 1, spring 28, Sunday,15435,16.7
frame,lgw,Year 1, spring 28, Sunday,15436,16.6
frame,lgw,Year 1, spring 28, Sunday,15437,16.7
frame,lgw,Year 1, spring 28, Sunday,15438,16.7
frame,lgw,Year 1, spring 28, Sunday,15439,16.6
frame,lgw,Year 1, spring 28, Sunday,15440,16.8
frame,lgw,Year 1, spring 28, Sunday,15441,16.6
frame,lgw,Year 1, spring 28, Sunday,15442,16.7
frame,lgw,Year 1, spring 28, Sunday,15443,16.7
frame,lgw,Year 1, spring 28, Sunday,15444,16.7
frame,lgw,Year 1, spring 28, Sunday,15445,16.6
frame,lgw,Year 1, spring 28, Sunday,15446,16.7
frame,lgw,Year 1, spring 28, Sunday,15447,16.7
frame,lgw,Year 1, spring 28, Sunday,15448,16.8
frame,lgw,Year 1, spring 28, Sunday,15449,16.6
frame,lgw,Year 1, spring 28, Sunday,15450,16.7
frame,lgw,Year 1, spring 28, Sunday,15451,16.6
frame,lgw,Year 1, spring 28, Sunday,15452,16.6
frame,lgw,Year 1, spring 28, Sunday,15453,16.8
frame,lgw,Year 1, spring 28, Sunday,15454,16.7
frame,lgw,Year 1, spring 28, Sunday,15455,16.7
frame,lgw,Year 1, spring 28, Sunday,15456,16.6
frame,lgw,Year 1, spring 28, Sunday,15457,16.6
frame,lgw,Year 1, spring 28, Sunday,15458,16.7
frame,lgw,Year 1, spring 28, Sunday,15459,16.7
frame,lgw,Year 1, spring 28, Sunday,15460,16.6
frame,lgw,Year 1, spring 28, Sunday,15461,16.7
frame,lgw,Year 1, spring 28, Sunday,15462,16.8
frame,lgw,Year 1, spring 28, Sunday,15463,16.6
frame,lgw,Year 1, spring 28, Sunday,15464,16.6
frame,lgw,Year 1, spring 28, Sunday,15465,17.0
frame,lgw,Year 1, spring 28, Sunday,15466,16.4
frame,lgw,Year 1, spring 28, Sunday,15467,16.5
frame,lgw,Year 1, spring 28, Sunday,15468,16.8
frame,lgw,Year 1, spring 28, Sunday,15469,16.6
frame,lgw,Year 1, spring 28, Sunday,15470,16.6
frame,lgw,Year 1, spring 28, Sunday,15471,16.7
frame,lgw,Year 1, spring 28, Sunday,15472,16.6
frame,lgw,Year 1, spring 28, Sunday,15473,16.7
frame,lgw,Year 1, spring 28, Sunday,15474,16.9
frame,lgw,Year 1, spring 28, Sunday,15475,16.4
frame,lgw,Year 1, spring 28, Sunday,15476,16.7
frame,lgw,Year 1, spring 28, Sunday,15477,16.6
frame,lgw,Year 1, spring 28, Sunday,15478,16.8
frame,lgw,Year 1, spring 28, Sunday,15479,16.8
frame,lgw,Year 1, spring 28, Sunday,15480,16.5
frame,lgw,Year 1, spring 28, Sunday,15481,16.6
frame,lgw,Year 1, spring 28, Sunday,15482,17.0
frame,lgw,Year 1, spring 28, Sunday,15483,16.2
frame,lgw,Year 1, spring 28, Sunday,15484,16.6
frame,lgw,Year 1, spring 28, Sunday,15485,16.7
frame,lgw,Year 1, spring 28, Sunday,15486,16.6
frame,lgw,Year 1, spring 28, Sunday,15487,16.7
frame,lgw,Year 1, spring 28, Sunday,15488,16.7
frame,lgw,Year 1, spring 28, Sunday,15489,16.6
frame,lgw,Year 1, spring 28, Sunday,15490,16.6
frame,lgw,Year 1, spring 28, Sunday,15491,16.7
frame,lgw,Year 1, spring 28, Sunday,15492,16.7
frame,lgw,Year 1, spring 28, Sunday,15493,16.6
frame,lgw,Year 1, spring 28, Sunday,15494,16.9
frame,lgw,Year 1, spring 28, Sunday,15495,16.4
frame,lgw,Year 1, spring 28, Sunday,15496,16.7
frame,lgw,Year 1, spring 28, Sunday,15497,16.6
frame,lgw,Year 1, spring 28, Sunday,15498,16.7
frame,lgw,Year 1, spring 28, Sunday,15499,16.6
frame,lgw,Year 1, spring 28, Sunday,15500,16.7
frame,lgw,Year 1, spring 28, Sunday,15501,16.6
frame,lgw,Year 1, spring 28, Sunday,15502,16.7
frame,lgw,Year 1, spring 28, Sunday,15503,16.7
frame,lgw,Year 1, spring 28, Sunday,15504,16.7
frame,lgw,Year 1, spring 28, Sunday,15505,16.7
frame,lgw,Year 1, spring 28, Sunday,15506,16.7
frame,lgw,Year 1, spring 28, Sunday,15507,17.1
frame,lgw,Year 1, spring 28, Sunday,15508,16.1
frame,lgw,Year 1, spring 28, Sunday,15509,16.7
frame,lgw,Year 1, spring 28, Sunday,15510,16.7
frame,lgw,Year 1, spring 28, Sunday,15511,16.7
frame,lgw,Year 1, spring 28, Sunday,15512,19.2
frame,lgw,Year 1, spring 28, Sunday,15513,14.2
frame,lgw,Year 1, spring 28, Sunday,15514,16.6
frame,lgw,Year 1, spring 28, Sunday,15515,16.8
frame,lgw,Year 1, spring 28, Sunday,15516,17.4
frame,lgw,Year 1, spring 28, Sunday,15517,15.7
frame,lgw,Year 1, spring 28, Sunday,15518,16.7
frame,lgw,Year 1, spring 28, Sunday,15519,16.7
frame,lgw,Year 1, spring 28, Sunday,15520,16.7
frame,lgw,Year 1, spring 28, Sunday,15521,16.7
frame,lgw,Year 1, spring 28, Sunday,15522,16.7
frame,lgw,Year 1, spring 28, Sunday,15523,16.7
frame,lgw,Year 1, spring 28, Sunday,15524,16.7
frame,lgw,Year 1, spring 28, Sunday,15525,16.6
frame,lgw,Year 1, spring 28, Sunday,15526,16.8
frame,lgw,Year 1, spring 28, Sunday,15527,16.6
frame,lgw,Year 1, spring 28, Sunday,15528,16.6
frame,lgw,Year 1, spring 28, Sunday,15529,16.8
frame,lgw,Year 1, spring 28, Sunday,15530,16.6
frame,lgw,Year 1, spring 28, Sunday,15531,16.8
frame,lgw,Year 1, spring 28, Sunday,15532,16.5
frame,lgw,Year 1, spring 28, Sunday,15533,16.7
frame,lgw,Year 1, spring 28, Sunday,15534,16.6
frame,lgw,Year 1, spring 28, Sunday,15535,16.6
frame,lgw,Year 1, spring 28, Sunday,15536,16.7
frame,lgw,Year 1, spring 28, Sunday,15537,16.6
frame,lgw,Year 1, spring 28, Sunday,15538,16.7
frame,lgw,Year 1, spring 28, Sunday,15539,16.8
frame,lgw,Year 1, spring 28, Sunday,15540,16.7
frame,lgw,Year 1, spring 28, Sunday,15541,16.6
frame,lgw,Year 1, spring 28, Sunday,15542,16.7
frame,lgw,Year 1, spring 28, Sunday,15543,16.8
frame,lgw,Year 1, spring 28, Sunday,15544,16.8
frame,lgw,Year 1, spring 28, Sunday,15545,16.5
frame,lgw,Year 1, spring 28, Sunday,15546,16.7
frame,lgw,Year 1, spring 28, Sunday,15547,16.6
frame,lgw,Year 1, spring 28, Sunday,15548,16.7
frame,lgw,Year 1, spring 28, Sunday,15549,16.7
frame,lgw,Year 1, spring 28, Sunday,15550,16.7
frame,lgw,Year 1, spring 28, Sunday,15551,16.8
frame,lgw,Year 1, spring 28, Sunday,15552,16.5
frame,lgw,Year 1, spring 28, Sunday,15553,16.6
frame,lgw,Year 1, spring 28, Sunday,15554,16.7
frame,lgw,Year 1, spring 28, Sunday,15555,16.7
frame,lgw,Year 1, spring 28, Sunday,15556,16.7
frame,lgw,Year 1, spring 28, Sunday,15557,16.7
frame,lgw,Year 1, spring 28, Sunday,15558,16.7
frame,lgw,Year 1, spring 28, Sunday,15559,16.7
frame,lgw,Year 1, spring 28, Sunday,15560,17.1
frame,lgw,Year 1, spring 28, Sunday,15561,16.2
frame,lgw,Year 1, spring 28, Sunday,15562,16.7
frame,lgw,Year 1, spring 28, Sunday,15563,16.6
frame,lgw,Year 1, spring 28, Sunday,15564,16.7
frame,lgw,Year 1, spring 28, Sunday,15565,16.9
frame,lgw,Year 1, spring 28, Sunday,15566,16.5
frame,lgw,Year 1, spring 28, Sunday,15567,16.6
frame,lgw,Year 1, spring 28, Sunday,15568,16.7
frame,lgw,Year 1, spring 28, Sunday,15569,16.8
frame,lgw,Year 1, spring 28, Sunday,15570,16.9
frame,lgw,Year 1, spring 28, Sunday,15571,16.4
frame,lgw,Year 1, spring 28, Sunday,15572,16.6
frame,lgw,Year 1, spring 28, Sunday,15573,16.7
frame,lgw,Year 1, spring 28, Sunday,15574,16.7
frame,lgw,Year 1, spring 28, Sunday,15575,16.7
frame,lgw,Year 1, spring 28, Sunday,15576,16.6
frame,lgw,Year 1, spring 28, Sunday,15577,16.9
frame,lgw,Year 1, spring 28, Sunday,15578,16.5
frame,lgw,Year 1, spring 28, Sunday,15579,16.6
frame,lgw,Year 1, spring 28, Sunday,15580,16.7
frame,lgw,Year 1, spring 28, Sunday,15581,16.7
frame,lgw,Year 1, spring 28, Sunday,15582,16.6
frame,lgw,Year 1, spring 28, Sunday,15583,16.6
frame,lgw,Year 1, spring 28, Sunday,15584,16.8
frame,lgw,Year 1, spring 28, Sunday,15585,16.6
frame,lgw,Year 1, spring 28, Sunday,15586,16.6
switch,lgw,Year 1, summer 1, Monday,610,17.2
switch,lgw,Year 1, summer 1, Monday,620,17.4
switch,lgw,Year 1, summer 1, Monday,630,17.4
switch,lgw,Year 1, summer 1, Monday,640,17.2
switch,lgw,Year 1, summer 1, Monday,650,17.4
switch,lgw,Year 1, summer 1, Monday,700,17.4
switchdetail,lgw,Year 1, summer 1, Monday,600,0,0.0
switchdetail,lgw,Year 1, summer 1, Monday,610,0,0.0
switchdetail,lgw,Year 1, summer 1, Monday,620,0,0.0
switchdetail,lgw,Year 1, summer 1, Monday,630,0,0.0
switchdetail,lgw,Year 1, summer 1, Monday,640,0,0.0
switchdetail,lgw,Year 1, summer 1, Monday,650,0,0.0
lag,lgw,Year 1, summer 1, Monday,15589,228.5
lag,lgw,Year 1, summer 1, Monday,15590,1950.9
frame,lgw,Year 1, summer 1, Monday,16611,17.0
frame,lgw,Year 1, summer 1, Monday,16612,16.6
frame,lgw,Year 1, summer 1, Monday,16613,16.8
frame,lgw,Year 1, summer 1, Monday,16614,19.1
frame,lgw,Year 1, summer 1, Monday,16615,13.7
frame,lgw,Year 1, summer 1, Monday,16616,17.9
frame,lgw,Year 1, summer 1, Monday,16617,15.4
frame,lgw,Year 1, summer 1, Monday,16618,16.5
frame,lgw,Year 1, summer 1, Monday,16619,17.2
frame,lgw,Year 1, summer 1, Monday,16620,16.6
frame,lgw,Year 1, summer 1, Monday,16621,17.4
frame,lgw,Year 1, summer 1, Monday,16622,16.3
frame,lgw,Year 1, summer 1, Monday,16623,16.9
frame,lgw,Year 1, summer 1, Monday,16624,16.4
frame,lgw,Year 1, summer 1, Monday,16625,16.9
frame,lgw,Year 1, summer 1, Monday,16626,20.2
frame,lgw,Year 1, summer 1, Monday,16627,13.1
frame,lgw,Year 1, summer 1, Monday,16628,16.6
frame,lgw,Year 1, summer 1, Monday,16629,16.2
frame,lgw,Year 1, summer 1, Monday,16630,16.4
frame,lgw,Year 1, summer 1, Monday,16631,16.8
frame,lgw,Year 1, summer 1, Monday,16632,16.4
frame,lgw,Year 1, summer 1, Monday,16633,17.0
frame,lgw,Year 1, summer 1, Monday,16634,16.6
frame,lgw,Year 1, summer 1, Monday,16635,16.7
frame,lgw,Year 1, summer 1, Monday,16636,16.9
frame,lgw,Year 1, summer 1, Monday,16637,16.4
frame,lgw,Year 1, summer 1, Monday,16638,19.3
frame,lgw,Year 1, summer 1, Monday,16639,14.6
frame,lgw,Year 1, summer 1, Monday,16640,16.1
frame,lgw,Year 1, summer 1, Monday,16641,17.2
frame,lgw,Year 1, summer 1, Monday,16642,16.0
frame,lgw,Year 1, summer 1, Monday,16643,16.9
frame,lgw,Year 1, summer 1, Monday,16644,16.3
frame,lgw,Year 1, summer 1, Monday,16645,17.0
frame,lgw,Year 1, summer 1, Monday,16646,16.6
frame,lgw,Year 1, summer 1, Monday,16647,17.1
frame,lgw,Year 1, summer 1, Monday,16648,16.3
frame,lgw,Year 1, summer 1, Monday,16649,16.6
frame,lgw,Year 1, summer 1, Monday,16650,24.3
frame,lgw,Year 1, summer 1, Monday,16651,12.4
frame,lgw,Year 1, summer 1, Monday,16652,14.3
frame,lgw,Year 1, summer 1, Monday,16653,15.6
frame,lgw,Year 1, summer 1, Monday,16654,17.0
frame,lgw,Year 1, summer 1, Monday,16655,16.9
frame,lgw,Year 1, summer 1, Monday,16656,16.3
frame,lgw,Year 1, summer 1, Monday,16657,16.7
frame,lgw,Year 1, summer 1, Monday,16658,16.9
frame,lgw,Year 1, summer 1, Monday,16659,16.7
frame,lgw,Year 1, summer 1, Monday,16660,17.4
frame,lgw,Year 1, summer 1, Monday,16661,15.8
frame,lgw,Year 1, summer 1, Monday,16662,16.5
frame,lgw,Year 1, summer 1, Monday,16663,16.7
frame,lgw,Year 1, summer 1, Monday,16664,17.8
frame,lgw,Year 1, summer 1, Monday,16665,16.5
frame,lgw,Year 1, summer 1, Monday,16666,15.7
frame,lgw,Year 1, summer 1, Monday,16667,17.3
frame,lgw,Year 1, summer 1, Monday,16668,15.6
frame,lgw,Year 1, summer 1, Monday,16669,16.9
frame,lgw,Year 1, summer 1, Monday,16670,16.8
frame,lgw,Year 1, summer 1, Monday,16671,16.7
frame,lgw,Year 1, summer 1, Monday,16672,18.3
frame,lgw,Year 1, summer 1, Monday,16673,15.2
frame,lgw,Year 1, summer 1, Monday,16674,16.8
frame,lgw,Year 1, summer 1, Monday,16675,16.7
frame,lgw,Year 1, summer 1, Monday,16676,16.6
frame,lgw,Year 1, summer 1, Monday,16677,18.4
frame,lgw,Year 1, summer 1, Monday,16678,15.0
frame,lgw,Year 1, summer 1, Monday,16679,16.9
frame,lgw,Year 1, summer 1, Monday,16680,16.7
frame,lgw,Year 1, summer 1, Monday,16681,16.6
frame,lgw,Year 1, summer 1, Monday,16682,16.1
frame,lgw,Year 1, summer 1, Monday,16683,16.9
frame,lgw,Year 1, summer 1, Monday,16684,16.3
frame,lgw,Year 1, summer 1, Monday,16685,17.1
frame,lgw,Year 1, summer 1, Monday,16686,16.2
frame,lgw,Year 1, summer 1, Monday,16687,16.8
frame,lgw,Year 1, summer 1, Monday,16688,16.9
frame,lgw,Year 1, summer 1, Monday,16689,16.1
frame,lgw,Year 1, summer 1, Monday,16690,19.4
frame,lgw,Year 1, summer 1, Monday,16691,14.7
frame,lgw,Year 1, summer 1, Monday,16692,17.9
frame,lgw,Year 1, summer 1, Monday,16693,15.4
frame,lgw,Year 1, summer 1, Monday,16694,16.7
frame,lgw,Year 1, summer 1, Monday,16695,17.1
frame,lgw,Year 1, summer 1, Monday,16696,15.7
frame,lgw,Year 1, summer 1, Monday,16697,16.7
frame,lgw,Year 1, summer 1, Monday,16698,17.0
frame,lgw,Year 1, summer 1, Monday,16699,16.9
frame,lgw,Year 1, summer 1, Monday,16700,15.9
frame,lgw,Year 1, summer 1, Monday,16701,16.8
frame,lgw,Year 1, summer 1, Monday,16702,19.9
frame,lgw,Year 1, summer 1, Monday,16703,15.1
frame,lgw,Year 1, summer 1, Monday,16704,15.7
frame,lgw,Year 1, summer 1, Monday,16705,15.8
frame,lgw,Year 1, summer 1, Monday,16706,16.8
frame,lgw,Year 1, summer 1, Monday,16707,16.8
frame,lgw,Year 1, summer 1, Monday,16708,16.5
frame,lgw,Year 1, summer 1, Monday,16709,16.9
frame,lgw,Year 1, summer 1, Monday,16710,16.5
frame,lgw,Year 1, summer 1, Monday,16711,17.1
frame,lgw,Year 1, summer 1, Monday,16712,16.3
frame,lgw,Year 1, summer 1, Monday,16713,17.3
frame,lgw,Year 1, summer 1, Monday,16714,15.9
frame,lgw,Year 1, summer 1, Monday,16715,20.1
frame,lgw,Year 1, summer 1, Monday,16716,14.4
frame,lgw,Year 1, summer 1, Monday,16717,17.9
frame,lgw,Year 1, summer 1, Monday,16718,15.5
frame,lgw,Year 1, summer 1, Monday,16719,15.7
frame,lgw,Year 1, summer 1, Monday,16720,16.6
frame,lgw,Year 1, summer 1, Monday,16721,16.5
frame,lgw,Year 1, summer 1, Monday,16722,17.4
frame,lgw,Year 1, summer 1, Monday,16723,15.6
frame,lgw,Year 1, summer 1, Monday,16724,16.9
frame,lgw,Year 1, summer 1, Monday,16725,16.9
frame,lgw,Year 1, summer 1, Monday,16726,17.0
frame,lgw,Year 1, summer 1, Monday,16727,17.2
frame,lgw,Year 1, summer 1, Monday,16728,18.8
frame,lgw,Year 1, summer 1, Monday,16729,15.1
frame,lgw,Year 1, summer 1, Monday,16730,15.7
frame,lgw,Year 1, summer 1, Monday,16731,15.9
frame,lgw,Year 1, summer 1, Monday,16732,17.0
frame,lgw,Year 1, summer 1, Monday,16733,16.4
frame,lgw,Year 1, summer 1, Monday,16734,16.9
frame,lgw,Year 1, summer 1, Monday,16735,17.4
frame,lgw,Year 1, summer 1, Monday,16736,16.7
frame,lgw,Year 1, summer 1, Monday,16737,16.3
frame,lgw,Year 1, summer 1, Monday,16738,17.4
frame,lgw,Year 1, summer 1, Monday,16739,16.3
frame,lgw,Year 1, summer 1, Monday,16740,16.1
frame,lgw,Year 1, summer 1, Monday,16741,20.1
frame,lgw,Year 1, summer 1, Monday,16742,15.0
frame,lgw,Year 1, summer 1, Monday,16743,14.9
frame,lgw,Year 1, summer 1, Monday,16744,17.6
frame,lgw,Year 1, summer 1, Monday,16745,15.9
frame,lgw,Year 1, summer 1, Monday,16746,16.4
frame,lgw,Year 1, summer 1, Monday,16747,17.0
frame,lgw,Year 1, summer 1, Monday,16748,17.0
frame,lgw,Year 1, summer 1, Monday,16749,16.0
frame,lgw,Year 1, summer 1, Monday,16750,16.7
frame,lgw,Year 1, summer 1, Monday,16751,16.9
frame,lgw,Year 1, summer 1, Monday,16752,16.7
frame,lgw,Year 1, summer 1, Monday,16753,17.1
frame,lgw,Year 1, summer 1, Monday,16754,20.0
frame,lgw,Year 1, summer 1, Monday,16755,12.7
frame,lgw,Year 1, summer 1, Monday,16756,17.4
frame,lgw,Year 1, summer 1, Monday,16757,15.8
frame,lgw,Year 1, summer 1, Monday,16758,16.9
frame,lgw,Year 1, summer 1, Monday,16759,16.3
frame,lgw,Year 1, summer 1, Monday,16760,18.2
frame,lgw,Year 1, summer 1, Monday,16761,15.3
frame,lgw,Year 1, summer 1, Monday,16762,17.6
frame,lgw,Year 1, summer 1, Monday,16763,16.0
frame,lgw,Year 1, summer 1, Monday,16764,16.8
frame,lgw,Year 1, summer 1, Monday,16765,16.7
frame,lgw,Year 1, summer 1, Monday,16766,16.8
frame,lgw,Year 1, summer 1, Monday,16767,20.2
frame,lgw,Year 1, summer 1, Monday,16768,13.1
frame,lgw,Year 1, summer 1, Monday,16769,16.2
frame,lgw,Year 1, summer 1, Monday,16770,17.0
frame,lgw,Year 1, summer 1, Monday,16771,16.9
frame,lgw,Year 1, summer 1, Monday,16772,16.4
frame,lgw,Year 1, summer 1, Monday,16773,16.6
frame,lgw,Year 1, summer 1, Monday,16774,17.3
frame,lgw,Year 1, summer 1, Monday,16775,16.0
frame,lgw,Year 1, summer 1, Monday,16776,17.4
frame,lgw,Year 1, summer 1, Monday,16777,16.3
frame,lgw,Year 1, summer 1, Monday,16778,16.4
frame,lgw,Year 1, summer 1, Monday,16779,16.6
frame,lgw,Year 1, summer 1, Monday,16780,21.3
frame,lgw,Year 1, summer 1, Monday,16781,14.1
frame,lgw,Year 1, summer 1, Monday,16782,15.3
frame,lgw,Year 1, summer 1, Monday,16783,15.5
frame,lgw,Year 1, summer 1, Monday,16784,16.8
frame,lgw,Year 1, summer 1, Monday,16785,16.9
frame,lgw,Year 1, summer 1, Monday,16786,16.9
frame,lgw,Year 1, summer 1, Monday,16787,16.3
frame,lgw,Year 1, summer 1, Monday,16788,16.6
frame,lgw,Year 1, summer 1, Monday,16789,17.1
frame,lgw,Year 1, summer 1, Monday,16790,16.4
frame,lgw,Year 1, summer 1, Monday,16791,16.8
frame,lgw,Year 1, summer 1, Monday,16792,16.4
frame,lgw,Year 1, summer 1, Monday,16793,16.0
frame,lgw,Year 1, summer 1, Monday,16794,16.7
frame,lgw,Year 1, summer 1, Monday,16795,16.6
frame,lgw,Year 1, summer 1, Monday,16796,16.8
frame,lgw,Year 1, summer 1, Monday,16797,16.6
frame,lgw,Year 1, summer 1, Monday,16798,16.6
frame,lgw,Year 1, summer 1, Monday,16799,16.7
frame,lgw,Year 1, summer 1, Monday,16800,16.7
frame,lgw,Year 1, summer 1, Monday,16801,16.7
frame,lgw,Year 1, summer 1, Monday,16802,16.7
frame,lgw,Year 1, summer 1, Monday,16803,16.6
frame,lgw,Year 1, summer 1, Monday,16804,16.7
frame,lgw,Year 1, summer 1, Monday,16805,16.7
frame,lgw,Year 1, summer 1, Monday,16806,16.6
frame,lgw,Year 1, summer 1, Monday,16807,16.9
frame,lgw,Year 1, summer 1, Monday,16808,16.5
frame,lgw,Year 1, summer 1, Monday,16809,16.7
frame,lgw,Year 1, summer 1, Monday,16810,16.6
frame,lgw,Year 1, summer 1, Monday,16811,16.7
frame,lgw,Year 1, summer 1, Monday,16812,16.7
frame,lgw,Year 1, summer 1, Monday,16813,16.6
frame,lgw,Year 1, summer 1, Monday,16814,16.7
frame,lgw,Year 1, summer 1, Monday,16815,16.6
frame,lgw,Year 1, summer 1, Monday,16816,16.7
frame,lgw,Year 1, summer 1, Monday,16817,16.7
frame,lgw,Year 1, summer 1, Monday,16818,16.7
frame,lgw,Year 1, summer 1, Monday,16819,16.7
frame,lgw,Year 1, summer 1, Monday,16820,16.7
frame,lgw,Year 1, summer 1, Monday,16821,16.7
frame,lgw,Year 1, summer 1, Monday,16822,17.1
frame,lgw,Year 1, summer 1, Monday,16823,16.3
frame,lgw,Year 1, summer 1, Monday,16824,16.6
frame,lgw,Year 1, summer 1, Monday,16825,16.6
frame,lgw,Year 1, summer 1, Monday,16826,16.7
frame,lgw,Year 1, summer 1, Monday,16827,16.7
frame,lgw,Year 1, summer 1, Monday,16828,16.7
frame,lgw,Year 1, summer 1, Monday,16829,16.7
frame,lgw,Year 1, summer 1, Monday,16830,16.6
frame,lgw,Year 1, summer 1, Monday,16831,16.7
frame,lgw,Year 1, summer 1, Monday,16832,16.6
frame,lgw,Year 1, summer 1, Monday,16833,16.8
frame,lgw,Year 1, summer 1, Monday,16834,16.8
frame,lgw,Year 1, summer 1, Monday,16835,16.6
frame,lgw,Year 1, summer 1, Monday,16836,16.6
frame,lgw,Year 1, summer 1, Monday,16837,16.6
frame,lgw,Year 1, summer 1, Monday,16838,16.7
frame,lgw,Year 1, summer 1, Monday,16839,16.6
frame,lgw,Year 1, summer 1, Monday,16840,16.7
frame,lgw,Year 1, summer 1, Monday,16841,17.2
frame,lgw,Year 1, summer 1, Monday,16842,16.1
frame,lgw,Year 1, summer 1, Monday,16843,16.7
frame,lgw,Year 1, summer 1, Monday,16844,16.7
frame,lgw,Year 1, summer 1, Monday,16845,16.7
frame,lgw,Year 1, summer 1, Monday,16846,16.8
frame,lgw,Year 1, summer 1, Monday,16847,16.7
frame,lgw,Year 1, summer 1, Monday,16848,16.5
frame,lgw,Year 1, summer 1, Monday,16849,16.6
frame,lgw,Year 1, summer 1, Monday,16850,16.7
frame,lgw,Year 1, summer 1, Monday,16851,16.6
frame,lgw,Year 1, summer 1, Monday,16852,16.7
frame,lgw,Year 1, summer 1, Monday,16853,16.9
frame,lgw,Year 1, summer 1, Monday,16854,16.4
frame,lgw,Year 1, summer 1, Monday,16855,16.7
frame,lgw,Year 1, summer 1, Monday,16856,16.8
frame,lgw,Year 1, summer 1, Monday,16857,16.6
frame,lgw,Year 1, summer 1, Monday,16858,16.7
frame,lgw,Year 1, summer 1, Monday,16859,16.6
frame,lgw,Year 1, summer 1, Monday,16860,16.7
frame,lgw,Year 1, summer 1, Monday,16861,16.7
frame,lgw,Year 1, summer 1, Monday,16862,16.6
frame,lgw,Year 1, summer 1, Monday,16863,16.6
frame,lgw,Year 1, summer 1, Monday,16864,16.7
frame,lgw,Year 1, summer 1, Monday,16865,16.8
frame,lgw,Year 1, summer 1, Monday,16866,16.6
frame,lgw,Year 1, summer 1, Monday,16867,16.6
frame,lgw,Year 1, summer 1, Monday,16868,16.7
frame,lgw,Year 1, summer 1, Monday,16869,16.6
frame,lgw,Year 1, summer 1, Monday,16870,16.9
frame,lgw,Year 1, summer 1, Monday,16871,16.5
frame,lgw,Year 1, summer 1, Monday,16872,16.6
frame,lgw,Year 1, summer 1, Monday,16873,16.7
frame,lgw,Year 1, summer 1, Monday,16874,16.9
frame,lgw,Year 1, summer 1, Monday,16875,16.4
frame,lgw,Year 1, summer 1, Monday,16876,16.6
frame,lgw,Year 1, summer 1, Monday,16877,16.7
frame,lgw,Year 1, summer 1, Monday,16878,16.7
frame,lgw,Year 1, summer 1, Monday,16879,16.6
frame,lgw,Year 1, summer 1, Monday,16880,16.6
frame,lgw,Year 1, summer 1, Monday,16881,16.7
frame,lgw,Year 1, summer 1, Monday,16882,16.7
frame,lgw,Year 1, summer 1, Monday,16883,16.7
frame,lgw,Year 1, summer 1, Monday,16884,16.6
frame,lgw,Year 1, summer 1, Monday,16885,16.7
frame,lgw,Year 1, summer 1, Monday,16886,16.7
frame,lgw,Year 1, summer 1, Monday,16887,16.6
frame,lgw,Year 1, summer 1, Monday,16888,16.7
frame,lgw,Year 1, summer 1, Monday,16889,17.4
frame,lgw,Year 1, summer 1, Monday,16890,17.2
frame,lgw,Year 1, summer 1, Monday,16891,15.8
frame,lgw,Year 1, summer 1, Monday,16892,16.3
frame,lgw,Year 1, summer 1, Monday,16893,16.6
frame,lgw,Year 1, summer 1, Monday,16894,16.7
frame,lgw,Year 1, summer 1, Monday,16895,16.7
frame,lgw,Year 1, summer 1, Monday,16896,16.7
frame,lgw,Year 1, summer 1, Monday,16897,16.7
frame,lgw,Year 1, summer 1, Monday,16898,16.6
frame,lgw,Year 1, summer 1, Monday,16899,16.7
frame,lgw,Year 1, summer 1, Monday,16900,16.8
frame,lgw,Year 1, summer 1, Monday,16901,16.5
frame,lgw,Year 1, summer 1, Monday,16902,16.6
frame,lgw,Year 1, summer 1, Monday,16903,16.7
frame,lgw,Year 1, summer 1, Monday,16904,16.6
frame,lgw,Year 1, summer 1, Monday,16905,16.7
frame,lgw,Year 1, summer 1, Monday,16906,16.7
frame,lgw,Year 1, summer 1, Monday,16907,16.7
frame,lgw,Year 1, summer 1, Monday,16908,16.7
frame,lgw,Year 1, summer 1, Monday,16909,16.6
frame,lgw,Year 1, summer 1, Monday,16910,16.9
frame,lgw,Year 1, summer 1, Monday,16911,16.5
frame,lgw,Year 1, summer 1, Monday,16912,16.6
frame,lgw,Year 1, summer 1, Monday,16913,16.6
frame,lgw,Year 1, summer 1, Monday,16914,17.1
frame,lgw,Year 1, summer 1, Monday,16915,16.2
frame,lgw,Year 1, summer 1, Monday,16916,16.9
frame,lgw,Year 1, summer 1, Monday,16917,16.9
frame,lgw,Year 1, summer 1, Monday,16918,16.2
frame,lgw,Year 1, summer 1, Monday,16919,16.7
frame,lgw,Year 1, summer 1, Monday,16920,16.7
frame,lgw,Year 1, summer 1, Monday,16921,16.7
frame,lgw,Year 1, summer 1, Monday,16922,16.6
frame,lgw,Year 1, summer 1, Monday,16923,16.8
frame,lgw,Year 1, summer 1, Monday,16924,16.7
frame,lgw,Year 1, summer 1, Monday,16925,16.7
frame,lgw,Year 1, summer 1, Monday,16926,16.7
frame,lgw,Year 1, summer 1, Monday,16927,16.6
frame,lgw,Year 1, summer 1, Monday,16928,16.6
frame,lgw,Year 1, summer 1, Monday,16929,16.6
frame,lgw,Year 1, summer 1, Monday,16930,16.9
frame,lgw,Year 1, summer 1, Monday,16931,16.4
frame,lgw,Year 1, summer 1, Monday,16932,16.8
frame,lgw,Year 1, summer 1, Monday,16933,16.6
frame,lgw,Year 1, summer 1, Monday,16934,16.7
frame,lgw,Year 1, summer 1, Monday,16935,16.7
frame,lgw,Year 1, summer 1, Monday,16936,16.7
frame,lgw,Year 1, summer 1, Monday,16937,16.6
frame,lgw,Year 1, summer 1, Monday,16938,16.9
frame,lgw,Year 1, summer 1, Monday,16939,16.6
frame,lgw,Year 1, summer 1, Monday,16940,16.7
frame,lgw,Year 1, summer 1, Monday,16941,16.6
frame,lgw,Year 1, summer 1, Monday,16942,16.6
frame,lgw,Year 1, summer 1, Monday,16943,16.7
frame,lgw,Year 1, summer 1, Monday,16944,17.2
frame,lgw,Year 1, summer 1, Monday,16945,16.2
frame,lgw,Year 1, summer 1, Monday,16946,17.1
frame,lgw,Year 1, summer 1, Monday,16947,16.2
frame,lgw,Year 1, summer 1, Monday,16948,16.7
frame,lgw,Year 1, summer 1, Monday,16949,16.7
frame,lgw,Year 1, summer 1, Monday,16950,17.0
frame,lgw,Year 1, summer 1, Monday,16951,16.6
frame,lgw,Year 1, summer 1, Monday,16952,16.5
frame,lgw,Year 1, summer 1, Monday,16953,16.6
frame,lgw,Year 1, summer 1, Monday,16954,17.4
frame,lgw,Year 1, summer 1, Monday,16955,16.5
frame,lgw,Year 1, summer 1, Monday,16956,16.2
frame,lgw,Year 1, summer 1, Monday,16957,17.1
frame,lgw,Year 1, summer 1, Monday,16958,16.3
frame,lgw,Year 1, summer 1, Monday,16959,16.7
frame,lgw,Year 1, summer 1, Monday,16960,16.7
frame,lgw,Year 1, summer 1, Monday,16961,16.7
frame,lgw,Year 1, summer 1, Monday,16962,16.7
frame,lgw,Year 1, summer 1, Monday,16963,16.6
frame,lgw,Year 1, summer 1, Monday,16964,16.7
frame,lgw,Year 1, summer 1, Monday,16965,16.6
frame,lgw,Year 1, summer 1, Monday,16966,16.6
frame,lgw,Year 1, summer 1, Monday,16967,16.7
frame,lgw,Year 1, summer 1, Monday,16968,16.7
frame,lgw,Year 1, summer 1, Monday,16969,17.9
frame,lgw,Year 1, summer 1, Monday,16970,15.6
frame,lgw,Year 1, summer 1, Monday,16971,16.5
frame,lgw,Year 1, summer 1, Monday,16972,16.7
frame,lgw,Year 1, summer 1, Monday,16973,16.5
frame,lgw,Year 1, summer 1, Monday,16974,16.7
frame,lgw,Year 1, summer 1, Monday,16975,16.6
frame,lgw,Year 1, summer 1, Monday,16976,16.7
frame,lgw,Year 1, summer 1, Monday,16977,16.9
frame,lgw,Year 1, summer 1, Monday,16978,16.5
frame,lgw,Year 1, summer 1, Monday,16979,16.6
frame,lgw,Year 1, summer 1, Monday,16980,16.6
frame,lgw,Year 1, summer 1, Monday,16981,16.7
frame,lgw,Year 1, summer 1, Monday,16982,16.6
frame,lgw,Year 1, summer 1, Monday,16983,16.7
frame,lgw,Year 1, summer 1, Monday,16984,16.7
frame,lgw,Year 1, summer 1, Monday,16985,16.6
frame,lgw,Year 1, summer 1, Monday,16986,16.7
frame,lgw,Year 1, summer 1, Monday,16987,16.7
frame,lgw,Year 1, summer 1, Monday,16988,16.7
frame,lgw,Year 1, summer 1, Monday,16989,16.6
frame,lgw,Year 1, summer 1, Monday,16990,17.0
frame,lgw,Year 1, summer 1, Monday,16991,16.5
frame,lgw,Year 1, summer 1, Monday,16992,16.5
frame,lgw,Year 1, summer 1, Monday,16993,16.8
frame,lgw,Year 1, summer 1, Monday,16994,16.6
frame,lgw,Year 1, summer 1, Monday,16995,16.7
frame,lgw,Year 1, summer 1, Monday,16996,16.6
frame,lgw,Year 1, summer 1, Monday,16997,16.6
frame,lgw,Year 1, summer 1, Monday,16998,16.6
frame,lgw,Year 1, summer 1, Monday,16999,16.7
frame,lgw,Year 1, summer 1, Monday,17000,16.6
frame,lgw,Year 1, summer 1, Monday,17001,16.7
frame,lgw,Year 1, summer 1, Monday,17002,16.8
frame,lgw,Year 1, summer 1, Monday,17003,17.0
frame,lgw,Year 1, summer 1, Monday,17004,16.3
frame,lgw,Year 1, summer 1, Monday,17005,16.7
frame,lgw,Year 1, summer 1, Monday,17006,17.2
frame,lgw,Year 1, summer 1, Monday,17007,16.1
frame,lgw,Year 1, summer 1, Monday,17008,16.7
frame,lgw,Year 1, summer 1, Monday,17009,16.7
frame,lgw,Year 1, summer 1, Monday,17010,16.7
frame,lgw,Year 1, summer 1, Monday,17011,16.8
frame,lgw,Year 1, summer 1, Monday,17012,16.3
frame,lgw,Year 1, summer 1, Monday,17013,16.6
frame,lgw,Year 1, summer 1, Monday,17014,16.7
frame,lgw,Year 1, summer 1, Monday,17015,16.7
frame,lgw,Year 1, summer 1, Monday,17016,16.7
frame,lgw,Year 1, summer 1, Monday,17017,16.6
frame,lgw,Year 1, summer 1, Monday,17018,16.7
frame,lgw,Year 1, summer 1, Monday,17019,16.7
frame,lgw,Year 1, summer 1, Monday,17020,16.7
frame,lgw,Year 1, summer 1, Monday,17021,16.6
frame,lgw,Year 1, summer 1, Monday,17022,16.7
frame,lgw,Year 1, summer 1, Monday,17023,17.0
frame,lgw,Year 1, summer 1, Monday,17024,16.4
frame,lgw,Year 1, summer 1, Monday,17025,16.6
frame,lgw,Year 1, summer 1, Monday,17026,16.7
frame,lgw,Year 1, summer 1, Monday,17027,16.7
frame,lgw,Year 1, summer 1, Monday,17028,16.6
frame,lgw,Year 1, summer 1, Monday,17029,16.9
frame,lgw,Year 1, summer 1, Monday,17030,16.5
frame,lgw,Year 1, summer 1, Monday,17031,16.6
frame,lgw,Year 1, summer 1, Monday,17032,16.7
frame,lgw,Year 1, summer 1, Monday,17033,16.6
frame,lgw,Year 1, summer 1, Monday,17034,16.7
frame,lgw,Year 1, summer 1, Monday,17035,16.6
frame,lgw,Year 1, summer 1, Monday,17036,16.6
frame,lgw,Year 1, summer 1, Monday,17037,16.7
frame,lgw,Year 1, summer 1, Monday,17038,16.6
frame,lgw,Year 1, summer 1, Monday,17039,16.7
frame,lgw,Year 1, summer 1, Monday,17040,16.6
frame,lgw,Year 1, summer 1, Monday,17041,16.8
frame,lgw,Year 1, summer 1, Monday,17042,16.5
frame,lgw,Year 1, summer 1, Monday,17043,16.6
frame,lgw,Year 1, summer 1, Monday,17044,16.7
frame,lgw,Year 1, summer 1, Monday,17045,16.6
frame,lgw,Year 1, summer 1, Monday,17046,16.8
frame,lgw,Year 1, summer 1, Monday,17047,16.7
frame,lgw,Year 1, summer 1, Monday,17048,17.6
frame,lgw,Year 1, summer 1, Monday,17049,15.9
frame,lgw,Year 1, summer 1, Monday,17050,16.3
frame,lgw,Year 1, summer 1, Monday,17051,16.7
frame,lgw,Year 1, summer 1, Monday,17052,16.7
frame,lgw,Year 1, summer 1, Monday,17053,16.6
frame,lgw,Year 1, summer 1, Monday,17054,16.6
frame,lgw,Year 1, summer 1, Monday,17055,16.7
frame,lgw,Year 1, summer 1, Monday,17056,16.6
frame,lgw,Year 1, summer 1, Monday,17057,16.6
frame,lgw,Year 1, summer 1, Monday,17058,16.7
frame,lgw,Year 1, summer 1, Monday,17059,16.7
frame,lgw,Year 1, summer 1, Monday,17060,16.6
frame,lgw,Year 1, summer 1, Monday,17061,16.7
frame,lgw,Year 1, summer 1, Monday,17062,16.7
frame,lgw,Year 1, summer 1, Monday,17063,17.9
frame,lgw,Year 1, summer 1, Monday,17064,16.1
frame,lgw,Year 1, summer 1, Monday,17065,16.4
frame,lgw,Year 1, summer 1, Monday,17066,16.5
frame,lgw,Year 1, summer 1, Monday,17067,16.7
frame,lgw,Year 1, summer 1, Monday,17068,16.5
frame,lgw,Year 1, summer 1, Monday,17069,16.7
frame,lgw,Year 1, summer 1, Monday,17070,16.7
frame,lgw,Year 1, summer 1, Monday,17071,16.7
frame,lgw,Year 1, summer 1, Monday,17072,16.6
frame,lgw,Year 1, summer 1, Monday,17073,16.7
frame,lgw,Year 1, summer 1, Monday,17074,16.7
frame,lgw,Year 1, summer 1, Monday,17075,16.8
frame,lgw,Year 1, summer 1, Monday,17076,16.5
frame,lgw,Year 1, summer 1, Monday,17077,16.7
frame,lgw,Year 1, summer 1, Monday,17078,16.6
frame,lgw,Year 1, summer 1, Monday,17079,16.7
frame,lgw,Year 1, summer 1, Monday,17080,16.6
frame,lgw,Year 1, summer 1, Monday,17081,16.7
frame,lgw,Year 1, summer 1, Monday,17082,16.7
frame,lgw,Year 1, summer 1, Monday,17083,16.6
frame,lgw,Year 1, summer 1, Monday,17084,16.6
frame,lgw,Year 1, summer 1, Monday,17085,16.7
frame,lgw,Year 1, summer 1, Monday,17086,16.7
frame,lgw,Year 1, summer 1, Monday,17087,16.7
frame,lgw,Year 1, summer 1, Monday,17088,16.7
frame,lgw,Year 1, summer 1, Monday,17089,16.7
frame,lgw,Year 1, summer 1, Monday,17090,16.6
frame,lgw,Year 1, summer 1, Monday,17091,16.8
frame,lgw,Year 1, summer 1, Monday,17092,16.7
frame,lgw,Year 1, summer 1, Monday,17093,16.6
frame,lgw,Year 1, summer 1, Monday,17094,16.7
frame,lgw,Year 1, summer 1, Monday,17095,16.7
frame,lgw,Year 1, summer 1, Monday,17096,16.6
frame,lgw,Year 1, summer 1, Monday,17097,16.7
frame,lgw,Year 1, summer 1, Monday,17098,16.6
frame,lgw,Year 1, summer 1, Monday,17099,17.7
frame,lgw,Year 1, summer 1, Monday,17100,15.6
frame,lgw,Year 1, summer 1, Monday,17101,16.7
frame,lgw,Year 1, summer 1, Monday,17102,16.7
frame,lgw,Year 1, summer 1, Monday,17103,16.7
frame,lgw,Year 1, summer 1, Monday,17104,16.6
frame,lgw,Year 1, summer 1, Monday,17105,16.6
frame,lgw,Year 1, summer 1, Monday,17106,16.7
frame,lgw,Year 1, summer 1, Monday,17107,16.7
frame,lgw,Year 1, summer 1, Monday,17108,16.6
frame,lgw,Year 1, summer 1, Monday,17109,16.7
frame,lgw,Year 1, summer 1, Monday,17110,16.8
frame,lgw,Year 1, summer 1, Monday,17111,16.5
frame,lgw,Year 1, summer 1, Monday,17112,16.7
frame,lgw,Year 1, summer 1, Monday,17113,16.7
frame,lgw,Year 1, summer 1, Monday,17114,16.7
frame,lgw,Year 1, summer 1, Monday,17115,16.7
frame,lgw,Year 1, summer 1, Monday,17116,16.7
frame,lgw,Year 1, summer 1, Monday,17117,16.7
frame,lgw,Year 1, summer 1, Monday,17118,16.7
frame,lgw,Year 1, summer 1, Monday,17119,16.6
frame,lgw,Year 1, summer 1, Monday,17120,16.6
frame,lgw,Year 1, summer 1, Monday,17121,16.6
frame,lgw,Year 1, summer 1, Monday,17122,16.6
frame,lgw,Year 1, summer 1, Monday,17123,18.0
frame,lgw,Year 1, summer 1, Monday,17124,15.3
frame,lgw,Year 1, summer 1, Monday,17125,16.7
frame,lgw,Year 1, summer 1, Monday,17126,16.7
frame,lgw,Year 1, summer 1, Monday,17127,16.7
frame,lgw,Year 1, summer 1, Monday,17128,16.7
frame,lgw,Year 1, summer 1, Monday,17129,16.7
frame,lgw,Year 1, summer 1, Monday,17130,17.7
frame,lgw,Year 1, summer 1, Monday,17131,15.6
frame,lgw,Year 1, summer 1, Monday,17132,16.7
frame,lgw,Year 1, summer 1, Monday,17133,16.6
frame,lgw,Year 1, summer 1, Monday,17134,16.7
frame,lgw,Year 1, summer 1, Monday,17135,16.7
frame,lgw,Year 1, summer 1, Monday,17136,17.2
frame,lgw,Year 1, summer 1, Monday,17137,16.1
frame,lgw,Year 1, summer 1, Monday,17138,16.7
frame,lgw,Year 1, summer 1, Monday,17139,16.8
frame,lgw,Year 1, summer 1, Monday,17140,16.6
frame,lgw,Year 1, summer 1, Monday,17141,16.6
frame,lgw,Year 1, summer 1, Monday,17142,16.6
frame,lgw,Year 1, summer 1, Monday,17143,16.6
frame,lgw,Year 1, summer 1, Monday,17144,16.7
frame,lgw,Year 1, summer 1, Monday,17145,16.6
frame,lgw,Year 1, summer 1, Monday,17146,16.7
frame,lgw,Year 1, summer 1, Monday,17147,16.7
frame,lgw,Year 1, summer 1, Monday,17148,16.6
frame,lgw,Year 1, summer 1, Monday,17149,16.7
frame,lgw,Year 1, summer 1, Monday,17150,16.9
frame,lgw,Year 1, summer 1, Monday,17151,16.5
frame,lgw,Year 1, summer 1, Monday,17152,16.6
frame,lgw,Year 1, summer 1, Monday,17153,16.7
frame,lgw,Year 1, summer 1, Monday,17154,16.7
frame,lgw,Year 1, summer 1, Monday,17155,16.6
frame,lgw,Year 1, summer 1, Monday,17156,16.6
frame,lgw,Year 1, summer 1, Monday,17157,16.7
frame,lgw,Year 1, summer 1, Monday,17158,16.7
frame,lgw,Year 1, summer 1, Monday,17159,16.8
frame,lgw,Year 1, summer 1, Monday,17160,16.5
frame,lgw,Year 1, summer 1, Monday,17161,16.6
frame,lgw,Year 1, summer 1, Monday,17162,16.6
frame,lgw,Year 1, summer 1, Monday,17163,16.6
frame,lgw,Year 1, summer 1, Monday,17164,16.7
frame,lgw,Year 1, summer 1, Monday,17165,16.6
frame,lgw,Year 1, summer 1, Monday,17166,16.7
frame,lgw,Year 1, summer 1, Monday,17167,16.6
frame,lgw,Year 1, summer 1, Monday,17168,16.7
frame,lgw,Year 1, summer 1, Monday,17169,16.6
frame,lgw,Year 1, summer 1, Monday,17170,16.8
frame,lgw,Year 1, summer 1, Monday,17171,16.6
frame,lgw,Year 1, summer 1, Monday,17172,16.7
frame,lgw,Year 1, summer 1, Monday,17173,16.7
frame,lgw,Year 1, summer 1, Monday,17174,16.6
frame,lgw,Year 1, summer 1, Monday,17175,16.7
frame,lgw,Year 1, summer 1, Monday,17176,16.7
frame,lgw,Year 1, summer 1, Monday,17177,16.6
frame,lgw,Year 1, summer 1, Monday,17178,16.9
frame,lgw,Year 1, summer 1, Monday,17179,16.4
frame,lgw,Year 1, summer 1, Monday,17180,16.7
frame,lgw,Year 1, summer 1, Monday,17181,17.4
frame,lgw,Year 1, summer 1, Monday,17182,16.3
frame,lgw,Year 1, summer 1, Monday,17183,16.4
frame,lgw,Year 1, summer 1, Monday,17184,16.6
frame,lgw,Year 1, summer 1, Monday,17185,16.8
frame,lgw,Year 1, summer 1, Monday,17186,17.4
frame,lgw,Year 1, summer 1, Monday,17187,15.8
frame,lgw,Year 1, summer 1, Monday,17188,16.7
frame,lgw,Year 1, summer 1, Monday,17189,16.7
frame,lgw,Year 1, summer 1, Monday,17190,16.8
frame,lgw,Year 1, summer 1, Monday,17191,16.5
frame,lgw,Year 1, summer 1, Monday,17192,16.7
frame,lgw,Year 1, summer 1, Monday,17193,16.7
frame,lgw,Year 1, summer 1, Monday,17194,16.6
frame,lgw,Year 1, summer 1, Monday,17195,16.7
frame,lgw,Year 1, summer 1, Monday,17196,17.8
frame,lgw,Year 1, summer 1, Monday,17197,15.5
frame,lgw,Year 1, summer 1, Monday,17198,16.7
frame,lgw,Year 1, summer 1, Monday,17199,16.8
frame,lgw,Year 1, summer 1, Monday,17200,16.4
frame,lgw,Year 1, summer 1, Monday,17201,16.6
frame,lgw,Year 1, summer 1, Monday,17202,17.5
frame,lgw,Year 1, summer 1, Monday,17203,15.8
frame,lgw,Year 1, summer 1, Monday,17204,16.6
frame,lgw,Year 1, summer 1, Monday,17205,16.7
frame,lgw,Year 1, summer 1, Monday,17206,16.7
frame,lgw,Year 1, summer 1, Monday,17207,16.7
frame,lgw,Year 1, summer 1, Monday,17208,16.6
frame,lgw,Year 1, summer 1, Monday,17209,16.7
frame,lgw,Year 1, summer 1, Monday,17210,16.7
frame,lgw,Year 1, summer 1, Monday,17211,16.7
frame,lgw,Year 1, summer 1, Monday,17212,16.6
frame,lgw,Year 1, summer 1, Monday,17213,17.7
frame,lgw,Year 1, summer 1, Monday,17214,15.9
frame,lgw,Year 1, summer 1, Monday,17215,16.4
frame,lgw,Year 1, summer 1, Monday,17216,17.0
frame,lgw,Year 1, summer 1, Monday,17217,16.2
frame,lgw,Year 1, summer 1, Monday,17218,16.7
frame,lgw,Year 1, summer 1, Monday,17219,16.7
frame,lgw,Year 1, summer 1, Monday,17220,16.7
frame,lgw,Year 1, summer 1, Monday,17221,16.6
frame,lgw,Year 1, summer 1, Monday,17222,16.7
frame,lgw,Year 1, summer 1, Monday,17223,16.7
frame,lgw,Year 1, summer 1, Monday,17224,16.6
frame,lgw,Year 1, summer 1, Monday,17225,17.4
frame,lgw,Year 1, summer 1, Monday,17226,15.9
frame,lgw,Year 1, summer 1, Monday,17227,16.7
frame,lgw,Year 1, summer 1, Monday,17228,16.7
frame,lgw,Year 1, summer 1, Monday,17229,19.9
frame,lgw,Year 1, summer 1, Monday,17230,13.4
frame,lgw,Year 1, summer 1, Monday,17231,16.7
frame,lgw,Year 1, summer 1, Monday,17232,16.7
frame,lgw,Year 1, summer 1, Monday,17233,16.7
frame,lgw,Year 1, summer 1, Monday,17234,16.6
frame,lgw,Year 1, summer 1, Monday,17235,16.7
frame,lgw,Year 1, summer 1, Monday,17236,17.0
frame,lgw,Year 1, summer 1, Monday,17237,16.3
frame,lgw,Year 1, summer 1, Monday,17238,16.7
frame,lgw,Year 1, summer 1, Monday,17239,17.5
frame,lgw,Year 1, summer 1, Monday,17240,15.8
frame,lgw,Year 1, summer 1, Monday,17241,16.6
frame,lgw,Year 1, summer 1, Monday,17242,16.7
frame,lgw,Year 1, summer 1, Monday,17243,16.6
frame,lgw,Year 1, summer 1, Monday,17244,16.7
frame,lgw,Year 1, summer 1, Monday,17245,16.6
frame,lgw,Year 1, summer 1, Monday,17246,16.7
frame,lgw,Year 1, summer 1, Monday,17247,16.7
frame,lgw,Year 1, summer 1, Monday,17248,16.7
frame,lgw,Year 1, summer 1, Monday,17249,16.6
frame,lgw,Year 1, summer 1, Monday,17250,16.7
frame,lgw,Year 1, summer 1, Monday,17251,16.7
frame,lgw,Year 1, summer 1, Monday,17252,16.7
frame,lgw,Year 1, summer 1, Monday,17253,16.6
frame,lgw,Year 1, summer 1, Monday,17254,16.7
frame,lgw,Year 1, summer 1, Monday,17255,16.7
frame,lgw,Year 1, summer 1, Monday,17256,16.6
frame,lgw,Year 1, summer 1, Monday,17257,16.7
frame,lgw,Year 1, summer 1, Monday,17258,17.0
frame,lgw,Year 1, summer 1, Monday,17259,18.5
frame,lgw,Year 1, summer 1, Monday,17260,14.6
frame,lgw,Year 1, summer 1, Monday,17261,16.6
frame,lgw,Year 1, summer 1, Monday,17262,16.6
frame,lgw,Year 1, summer 1, Monday,17263,16.7
frame,lgw,Year 1, summer 1, Monday,17264,16.7
frame,lgw,Year 1, summer 1, Monday,17265,16.6
frame,lgw,Year 1, summer 1, Monday,17266,16.7
frame,lgw,Year 1, summer 1, Monday,17267,16.7
frame,lgw,Year 1, summer 1, Monday,17268,16.7
frame,lgw,Year 1, summer 1, Monday,17269,16.7
frame,lgw,Year 1, summer 1, Monday,17270,16.6
frame,lgw,Year 1, summer 1, Monday,17271,16.9
frame,lgw,Year 1, summer 1, Monday,17272,16.5
frame,lgw,Year 1, summer 1, Monday,17273,16.7
frame,lgw,Year 1, summer 1, Monday,17274,16.7
frame,lgw,Year 1, summer 1, Monday,17275,16.7
frame,lgw,Year 1, summer 1, Monday,17276,16.6
frame,lgw,Year 1, summer 1, Monday,17277,16.7
frame,lgw,Year 1, summer 1, Monday,17278,16.7
frame,lgw,Year 1, summer 1, Monday,17279,16.6
frame,lgw,Year 1, summer 1, Monday,17280,16.7
frame,lgw,Year 1, summer 1, Monday,17281,16.7
frame,lgw,Year 1, summer 1, Monday,17282,16.6
frame,lgw,Year 1, summer 1, Monday,17283,16.9
frame,lgw,Year 1, summer 1, Monday,17284,16.5
frame,lgw,Year 1, summer 1, Monday,17285,16.7
frame,lgw,Year 1, summer 1, Monday,17286,16.7
frame,lgw,Year 1, summer 1, Monday,17287,16.7
frame,lgw,Year 1, summer 1, Monday,17288,17.4
frame,lgw,Year 1, summer 1, Monday,17289,15.9
frame,lgw,Year 1, summer 1, Monday,17290,16.7
frame,lgw,Year 1, summer 1, Monday,17291,16.6
frame,lgw,Year 1, summer 1, Monday,17292,16.7
frame,lgw,Year 1, summer 1, Monday,17293,16.7
frame,lgw,Year 1, summer 1, Monday,17294,16.8
frame,lgw,Year 1, summer 1, Monday,17295,16.6
frame,lgw,Year 1, summer 1, Monday,17296,16.6
frame,lgw,Year 1, summer 1, Monday,17297,16.7
frame,lgw,Year 1, summer 1, Monday,17298,16.6
frame,lgw,Year 1, summer 1, Monday,17299,16.7
frame,lgw,Year 1, summer 1, Monday,17300,16.7
frame,lgw,Year 1, summer 1, Monday,17301,16.7
frame,lgw,Year 1, summer 1, Monday,17302,16.6
frame,lgw,Year 1, summer 1, Monday,17303,16.7
switch,lgw,Year 1, summer 2, Tuesday,600,137.3
switch,lgw,Year 1, summer 2, Tuesday,610,18.3
switch,lgw,Year 1, summer 2, Tuesday,620,17.0
switchdetail,lgw,Year 1, summer 2, Tuesday,700,0,0.0
switchdetail,lgw,Year 1, summer 2, Tuesday,600,0,0.0
switchdetail,lgw,Year 1, summer 2, Tuesday,610,0,0.0
lag,lgw,Year 1, summer 2, Tuesday,17306,137.3
lag,lgw,Year 1, summer 2, Tuesday,17307,2037.6
frame,lgw,Year 1, summer 2, Tuesday,17304,18.4
frame,lgw,Year 1, summer 2, Tuesday,17305,137.3
frame,lgw,Year 1, summer 2, Tuesday,17306,500.0
frame,lgw,Year 1, summer 2, Tuesday,17307,6.7
frame,lgw,Year 1, summer 2, Tuesday,17308,16.7
frame,lgw,Year 1, summer 2, Tuesday,17309,16.6
frame,lgw,Year 1, summer 2, Tuesday,17310,16.6
frame,lgw,Year 1, summer 2, Tuesday,17311,16.9
frame,lgw,Year 1, summer 2, Tuesday,17312,16.5
frame,lgw,Year 1, summer 2, Tuesday,17313,16.7
frame,lgw,Year 1, summer 2, Tuesday,17314,16.6
frame,lgw,Year 1, summer 2, Tuesday,17315,16.7
frame,lgw,Year 1, summer 2, Tuesday,17316,16.6
frame,lgw,Year 1, summer 2, Tuesday,17317,17.2
frame,lgw,Year 1, summer 2, Tuesday,17318,16.2
frame,lgw,Year 1, summer 2, Tuesday,17319,16.7
frame,lgw,Year 1, summer 2, Tuesday,17320,16.7
frame,lgw,Year 1, summer 2, Tuesday,17321,16.7
frame,lgw,Year 1, summer 2, Tuesday,17322,16.7
frame,lgw,Year 1, summer 2, Tuesday,17323,16.7
frame,lgw,Year 1, summer 2, Tuesday,17324,16.6
frame,lgw,Year 1, summer 2, Tuesday,17325,16.7
frame,lgw,Year 1, summer 2, Tuesday,17326,16.6
frame,lgw,Year 1, summer 2, Tuesday,17327,16.7
frame,lgw,Year 1, summer 2, Tuesday,17328,16.7
frame,lgw,Year 1, summer 2, Tuesday,17329,16.6
frame,lgw,Year 1, summer 2, Tuesday,17330,16.7
frame,lgw,Year 1, summer 2, Tuesday,17331,16.7
frame,lgw,Year 1, summer 2, Tuesday,17332,17.6
frame,lgw,Year 1, summer 2, Tuesday,17333,15.8
frame,lgw,Year 1, summer 2, Tuesday,17334,16.7
frame,lgw,Year 1, summer 2, Tuesday,17335,16.6
frame,lgw,Year 1, summer 2, Tuesday,17336,16.8
frame,lgw,Year 1, summer 2, Tuesday,17337,16.7
frame,lgw,Year 1, summer 2, Tuesday,17338,17.3
frame,lgw,Year 1, summer 2, Tuesday,17339,16.0
frame,lgw,Year 1, summer 2, Tuesday,17340,16.7
frame,lgw,Year 1, summer 2, Tuesday,17341,16.6
frame,lgw,Year 1, summer 2, Tuesday,17342,16.6
frame,lgw,Year 1, summer 2, Tuesday,17343,16.7
frame,lgw,Year 1, summer 2, Tuesday,17344,16.9
frame,lgw,Year 1, summer 2, Tuesday,17345,16.5
frame,lgw,Year 1, summer 2, Tuesday,17346,16.7
frame,lgw,Year 1, summer 2, Tuesday,17347,16.6
frame,lgw,Year 1, summer 2, Tuesday,17348,16.8
frame,lgw,Year 1, summer 2, Tuesday,17349,16.6
frame,lgw,Year 1, summer 2, Tuesday,17350,16.7
frame,lgw,Year 1, summer 2, Tuesday,17351,16.6
frame,lgw,Year 1, summer 2, Tuesday,17352,16.7
frame,lgw,Year 1, summer 2, Tuesday,17353,16.7
frame,lgw,Year 1, summer 2, Tuesday,17354,16.7
frame,lgw,Year 1, summer 2, Tuesday,17355,16.7
frame,lgw,Year 1, summer 2, Tuesday,17356,16.7
frame,lgw,Year 1, summer 2, Tuesday,17357,16.7
frame,lgw,Year 1, summer 2, Tuesday,17358,16.6
frame,lgw,Year 1, summer 2, Tuesday,17359,16.7
frame,lgw,Year 1, summer 2, Tuesday,17360,17.5
frame,lgw,Year 1, summer 2, Tuesday,17361,16.0
frame,lgw,Year 1, summer 2, Tuesday,17362,16.6
frame,lgw,Year 1, summer 2, Tuesday,17363,17.3
frame,lgw,Year 1, summer 2, Tuesday,17364,16.0
frame,lgw,Year 1, summer 2, Tuesday,17365,16.7
frame,lgw,Year 1, summer 2, Tuesday,17366,16.6
frame,lgw,Year 1, summer 2, Tuesday,17367,16.7
frame,lgw,Year 1, summer 2, Tuesday,17368,16.6
frame,lgw,Year 1, summer 2, Tuesday,17369,16.6
frame,lgw,Year 1, summer 2, Tuesday,17370,16.7
frame,lgw,Year 1, summer 2, Tuesday,17371,16.6
frame,lgw,Year 1, summer 2, Tuesday,17372,16.7
frame,lgw,Year 1, summer 2, Tuesday,17373,16.7
frame,lgw,Year 1, summer 2, Tuesday,17374,16.7
frame,lgw,Year 1, summer 2, Tuesday,17375,16.6
frame,lgw,Year 1, summer 2, Tuesday,17376,16.8
frame,lgw,Year 1, summer 2, Tuesday,17377,16.6
frame,lgw,Year 1, summer 2, Tuesday,17378,16.9
frame,lgw,Year 1, summer 2, Tuesday,17379,16.4
frame,lgw,Year 1, summer 2, Tuesday,17380,17.3
frame,lgw,Year 1, summer 2, Tuesday,17381,16.0
frame,lgw,Year 1, summer 2, Tuesday,17382,16.7
frame,lgw,Year 1, summer 2, Tuesday,17383,16.6
frame,lgw,Year 1, summer 2, Tuesday,17384,16.7
frame,lgw,Year 1, summer 2, Tuesday,17385,16.7
frame,lgw,Year 1, summer 2, Tuesday,17386,16.6
frame,lgw,Year 1, summer 2, Tuesday,17387,16.7
frame,lgw,Year 1, summer 2, Tuesday,17388,16.7
frame,lgw,Year 1, summer 2, Tuesday,17389,16.6
frame,lgw,Year 1, summer 2, Tuesday,17390,16.6
frame,lgw,Year 1, summer 2, Tuesday,17391,16.6
frame,lgw,Year 1, summer 2, Tuesday,17392,16.7
frame,lgw,Year 1, summer 2, Tuesday,17393,16.6
frame,lgw,Year 1, summer 2, Tuesday,17394,16.7
frame,lgw,Year 1, summer 2, Tuesday,17395,16.6
frame,lgw,Year 1, summer 2, Tuesday,17396,16.8
frame,lgw,Year 1, summer 2, Tuesday,17397,16.6
frame,lgw,Year 1, summer 2, Tuesday,17398,16.6
frame,lgw,Year 1, summer 2, Tuesday,17399,16.7
frame,lgw,Year 1, summer 2, Tuesday,17400,16.8
frame,lgw,Year 1, summer 2, Tuesday,17401,16.6
frame,lgw,Year 1, summer 2, Tuesday,17402,16.7
frame,lgw,Year 1, summer 2, Tuesday,17403,16.6
frame,lgw,Year 1, summer 2, Tuesday,17404,16.6
frame,lgw,Year 1, summer 2, Tuesday,17405,16.7
frame,lgw,Year 1, summer 2, Tuesday,17406,17.5
frame,lgw,Year 1, summer 2, Tuesday,17407,15.9
frame,lgw,Year 1, summer 2, Tuesday,17408,17.2
frame,lgw,Year 1, summer 2, Tuesday,17409,16.2
frame,lgw,Year 1, summer 2, Tuesday,17410,16.6
frame,lgw,Year 1, summer 2, Tuesday,17411,16.7
frame,lgw,Year 1, summer 2, Tuesday,17412,16.6
frame,lgw,Year 1, summer 2, Tuesday,17413,16.6
frame,lgw,Year 1, summer 2, Tuesday,17414,16.7
frame,lgw,Year 1, summer 2, Tuesday,17415,16.6
frame,lgw,Year 1, summer 2, Tuesday,17416,16.8
frame,lgw,Year 1, summer 2, Tuesday,17417,16.6
frame,lgw,Year 1, summer 2, Tuesday,17418,16.6
frame,lgw,Year 1, summer 2, Tuesday,17419,16.7
frame,lgw,Year 1, summer 2, Tuesday,17420,16.7
frame,lgw,Year 1, summer 2, Tuesday,17421,17.3
frame,lgw,Year 1, summer 2, Tuesday,17422,16.0
frame,lgw,Year 1, summer 2, Tuesday,17423,16.6
frame,lgw,Year 1, summer 2, Tuesday,17424,16.7
frame,lgw,Year 1, summer 2, Tuesday,17425,16.7
frame,lgw,Year 1, summer 2, Tuesday,17426,16.7
frame,lgw,Year 1, summer 2, Tuesday,17427,16.8
frame,lgw,Year 1, summer 2, Tuesday,17428,16.6
frame,lgw,Year 1, summer 2, Tuesday,17429,16.6
frame,lgw,Year 1, summer 2, Tuesday,17430,16.7
frame,lgw,Year 1, summer 2, Tuesday,17431,16.6
frame,lgw,Year 1, summer 2, Tuesday,17432,16.7
frame,lgw,Year 1, summer 2, Tuesday,17433,16.7
frame,lgw,Year 1, summer 2, Tuesday,17434,16.8
frame,lgw,Year 1, summer 2, Tuesday,17435,16.7
frame,lgw,Year 1, summer 2, Tuesday,17436,16.6
frame,lgw,Year 1, summer 2, Tuesday,17437,16.6
frame,lgw,Year 1, summer 2, Tuesday,17438,16.6
frame,lgw,Year 1, summer 2, Tuesday,17439,16.7
frame,lgw,Year 1, summer 2, Tuesday,17440,16.7
frame,lgw,Year 1, summer 2, Tuesday,17441,16.7
frame,lgw,Year 1, summer 2, Tuesday,17442,16.7
frame,lgw,Year 1, summer 2, Tuesday,17443,16.6
frame,lgw,Year 1, summer 2, Tuesday,17444,16.7
frame,lgw,Year 1, summer 2, Tuesday,17445,16.6
frame,lgw,Year 1, summer 2, Tuesday,17446,16.7
frame,lgw,Year 1, summer 2, Tuesday,17447,16.6
frame,lgw,Year 1, summer 2, Tuesday,17448,16.6
frame,lgw,Year 1, summer 2, Tuesday,17449,16.7
frame,lgw,Year 1, summer 2, Tuesday,17450,16.6
frame,lgw,Year 1, summer 2, Tuesday,17451,16.7
frame,lgw,Year 1, summer 2, Tuesday,17452,16.7
frame,lgw,Year 1, summer 2, Tuesday,17453,16.7
frame,lgw,Year 1, summer 2, Tuesday,17454,16.7
frame,lgw,Year 1, summer 2, Tuesday,17455,16.6
frame,lgw,Year 1, summer 2, Tuesday,17456,16.6
frame,lgw,Year 1, summer 2, Tuesday,17457,16.7
frame,lgw,Year 1, summer 2, Tuesday,17458,16.7
frame,lgw,Year 1, summer 2, Tuesday,17459,16.7
frame,lgw,Year 1, summer 2, Tuesday,17460,16.6
frame,lgw,Year 1, summer 2, Tuesday,17461,16.7
frame,lgw,Year 1, summer 2, Tuesday,17462,16.7
frame,lgw,Year 1, summer 2, Tuesday,17463,16.6
frame,lgw,Year 1, summer 2, Tuesday,17464,16.9
frame,lgw,Year 1, summer 2, Tuesday,17465,16.4
frame,lgw,Year 1, summer 2, Tuesday,17466,16.7
frame,lgw,Year 1, summer 2, Tuesday,17467,16.6
frame,lgw,Year 1, summer 2, Tuesday,17468,16.7
frame,lgw,Year 1, summer 2, Tuesday,17469,16.6
frame,lgw,Year 1, summer 2, Tuesday,17470,16.7
frame,lgw,Year 1, summer 2, Tuesday,17471,16.7
frame,lgw,Year 1, summer 2, Tuesday,17472,16.7
frame,lgw,Year 1, summer 2, Tuesday,17473,16.7
frame,lgw,Year 1, summer 2, Tuesday,17474,16.7
frame,lgw,Year 1, summer 2, Tuesday,17475,16.7
frame,lgw,Year 1, summer 2, Tuesday,17476,16.8
frame,lgw,Year 1, summer 2, Tuesday,17477,16.6
frame,lgw,Year 1, summer 2, Tuesday,17478,16.5
frame,lgw,Year 1, summer 2, Tuesday,17479,16.6
frame,lgw,Year 1, summer 2, Tuesday,17480,16.7
frame,lgw,Year 1, summer 2, Tuesday,17481,16.7
frame,lgw,Year 1, summer 2, Tuesday,17482,16.7
frame,lgw,Year 1, summer 2, Tuesday,17483,16.6
frame,lgw,Year 1, summer 2, Tuesday,17484,16.7
frame,lgw,Year 1, summer 2, Tuesday,17485,16.7
frame,lgw,Year 1, summer 2, Tuesday,17486,17.7
frame,lgw,Year 1, summer 2, Tuesday,17487,16.2
frame,lgw,Year 1, summer 2, Tuesday,17488,16.5
frame,lgw,Year 1, summer 2, Tuesday,17489,16.5
frame,lgw,Year 1, summer 2, Tuesday,17490,16.6
frame,lgw,Year 1, summer 2, Tuesday,17491,16.6
frame,lgw,Year 1, summer 2, Tuesday,17492,16.7
frame,lgw,Year 1, summer 2, Tuesday,17493,16.6
frame,lgw,Year 1, summer 2, Tuesday,17494,16.8
frame,lgw,Year 1, summer 2, Tuesday,17495,16.6
frame,lgw,Year 1, summer 2, Tuesday,17496,16.7
frame,lgw,Year 1, summer 2, Tuesday,17497,16.6
frame,lgw,Year 1, summer 2, Tuesday,17498,16.6
frame,lgw,Year 1, summer 2, Tuesday,17499,16.6
frame,lgw,Year 1, summer 2, Tuesday,17500,16.7
frame,lgw,Year 1, summer 2, Tuesday,17501,16.7
frame,lgw,Year 1, summer 2, Tuesday,17502,16.8
frame,lgw,Year 1, summer 2, Tuesday,17503,16.5
frame,lgw,Year 1, summer 2, Tuesday,17504,16.7
frame,lgw,Year 1, summer 2, Tuesday,17505,16.7
frame,lgw,Year 1, summer 2, Tuesday,17506,16.6
frame,lgw,Year 1, summer 2, Tuesday,17507,16.6
frame,lgw,Year 1, summer 2, Tuesday,17508,16.7
frame,lgw,Year 1, summer 2, Tuesday,17509,16.7
frame,lgw,Year 1, summer 2, Tuesday,17510,16.7
frame,lgw,Year 1, summer 2, Tuesday,17511,16.7
frame,lgw,Year 1, summer 2, Tuesday,17512,16.7
frame,lgw,Year 1, summer 2, Tuesday,17513,16.7
frame,lgw,Year 1, summer 2, Tuesday,17514,16.5
frame,lgw,Year 1, summer 2, Tuesday,17515,16.8
frame,lgw,Year 1, summer 2, Tuesday,17516,16.6
frame,lgw,Year 1, summer 2, Tuesday,17517,16.6
frame,lgw,Year 1, summer 2, Tuesday,17518,16.7
frame,lgw,Year 1, summer 2, Tuesday,17519,16.7
frame,lgw,Year 1, summer 2, Tuesday,17520,16.6
frame,lgw,Year 1, summer 2, Tuesday,17521,16.6
frame,lgw,Year 1, summer 2, Tuesday,17522,16.7
frame,lgw,Year 1, summer 2, Tuesday,17523,16.7
frame,lgw,Year 1, summer 2, Tuesday,17524,16.7
frame,lgw,Year 1, summer 2, Tuesday,17525,16.8
frame,lgw,Year 1, summer 2, Tuesday,17526,16.6
frame,lgw,Year 1, summer 2, Tuesday,17527,16.6
frame,lgw,Year 1, summer 2, Tuesday,17528,16.8
frame,lgw,Year 1, summer 2, Tuesday,17529,16.6
frame,lgw,Year 1, summer 2, Tuesday,17530,17.1
frame,lgw,Year 1, summer 2, Tuesday,17531,16.2
frame,lgw,Year 1, summer 2, Tuesday,17532,16.7
frame,lgw,Year 1, summer 2, Tuesday,17533,16.6
frame,lgw,Year 1, summer 2, Tuesday,17534,16.7
frame,lgw,Year 1, summer 2, Tuesday,17535,16.7
frame,lgw,Year 1, summer 2, Tuesday,17536,16.6
frame,lgw,Year 1, summer 2, Tuesday,17537,16.8
frame,lgw,Year 1, summer 2, Tuesday,17538,16.6
frame,lgw,Year 1, summer 2, Tuesday,17539,16.9
frame,lgw,Year 1, summer 2, Tuesday,17540,16.5
frame,lgw,Year 1, summer 2, Tuesday,17541,16.8
frame,lgw,Year 1, summer 2, Tuesday,17542,16.5
frame,lgw,Year 1, summer 2, Tuesday,17543,16.8
frame,lgw,Year 1, summer 2, Tuesday,17544,16.6
frame,lgw,Year 1, summer 2, Tuesday,17545,16.7
frame,lgw,Year 1, summer 2, Tuesday,17546,16.8
frame,lgw,Year 1, summer 2, Tuesday,17547,16.6
frame,lgw,Year 1, summer 2, Tuesday,17548,16.6
frame,lgw,Year 1, summer 2, Tuesday,17549,16.8
frame,lgw,Year 1, summer 2, Tuesday,17550,16.5
frame,lgw,Year 1, summer 2, Tuesday,17551,16.6
frame,lgw,Year 1, summer 2, Tuesday,17552,16.7
frame,lgw,Year 1, summer 2, Tuesday,17553,16.7
frame,lgw,Year 1, summer 2, Tuesday,17554,16.8
frame,lgw,Year 1, summer 2, Tuesday,17555,16.6
frame,lgw,Year 1, summer 2, Tuesday,17556,16.6
frame,lgw,Year 1, summer 2, Tuesday,17557,16.6
frame,lgw,Year 1, summer 2, Tuesday,17558,16.7
frame,lgw,Year 1, summer 2, Tuesday,17559,16.7
frame,lgw,Year 1, summer 2, Tuesday,17560,16.6
frame,lgw,Year 1, summer 2, Tuesday,17561,16.7
frame,lgw,Year 1, summer 2, Tuesday,17562,16.6
frame,lgw,Year 1, summer 2, Tuesday,17563,16.7
frame,lgw,Year 1, summer 2, Tuesday,17564,16.7
frame,lgw,Year 1, summer 2, Tuesday,17565,16.7
frame,lgw,Year 1, summer 2, Tuesday,17566,16.6
frame,lgw,Year 1, summer 2, Tuesday,17567,16.7
frame,lgw,Year 1, summer 2, Tuesday,17568,16.7
frame,lgw,Year 1, summer 2, Tuesday,17569,16.8
frame,lgw,Year 1, summer 2, Tuesday,17570,16.5
frame,lgw,Year 1, summer 2, Tuesday,17571,16.7
frame,lgw,Year 1, summer 2, Tuesday,17572,16.6
frame,lgw,Year 1, summer 2, Tuesday,17573,16.8
frame,lgw,Year 1, summer 2, Tuesday,17574,16.6
frame,lgw,Year 1, summer 2, Tuesday,17575,16.7
frame,lgw,Year 1, summer 2, Tuesday,17576,16.8
frame,lgw,Year 1, summer 2, Tuesday,17577,16.6
frame,lgw,Year 1, summer 2, Tuesday,17578,16.6
frame,lgw,Year 1, summer 2, Tuesday,17579,16.7
frame,lgw,Year 1, summer 2, Tuesday,17580,16.7
frame,lgw,Year 1, summer 2, Tuesday,17581,16.6
frame,lgw,Year 1, summer 2, Tuesday,17582,16.6
frame,lgw,Year 1, summer 2, Tuesday,17583,16.7
frame,lgw,Year 1, summer 2, Tuesday,17584,16.7
frame,lgw,Year 1, summer 2, Tuesday,17585,18.3
frame,lgw,Year 1, summer 2, Tuesday,17586,15.3
frame,lgw,Year 1, summer 2, Tuesday,17587,16.4
frame,lgw,Year 1, summer 2, Tuesday,17588,16.6
frame,lgw,Year 1, summer 2, Tuesday,17589,16.8
frame,lgw,Year 1, summer 2, Tuesday,17590,16.6
frame,lgw,Year 1, summer 2, Tuesday,17591,16.6
frame,lgw,Year 1, summer 2, Tuesday,17592,16.6
frame,lgw,Year 1, summer 2, Tuesday,17593,16.7
frame,lgw,Year 1, summer 2, Tuesday,17594,16.8
frame,lgw,Year 1, summer 2, Tuesday,17595,16.4
frame,lgw,Year 1, summer 2, Tuesday,17596,16.6
frame,lgw,Year 1, summer 2, Tuesday,17597,16.8
frame,lgw,Year 1, summer 2, Tuesday,17598,16.7
frame,lgw,Year 1, summer 2, Tuesday,17599,16.6
frame,lgw,Year 1, summer 2, Tuesday,17600,16.7
frame,lgw,Year 1, summer 2, Tuesday,17601,16.6
frame,lgw,Year 1, summer 2, Tuesday,17602,16.9
frame,lgw,Year 1, summer 2, Tuesday,17603,16.5
frame,lgw,Year 1, summer 2, Tuesday,17604,16.6
frame,lgw,Year 1, summer 2, Tuesday,17605,16.7
frame,lgw,Year 1, summer 2, Tuesday,17606,16.6
frame,lgw,Year 1, summer 2, Tuesday,17607,16.7
frame,lgw,Year 1, summer 2, Tuesday,17608,16.6
frame,lgw,Year 1, summer 2, Tuesday,17609,16.8
frame,lgw,Year 1, summer 2, Tuesday,17610,16.5
frame,lgw,Year 1, summer 2, Tuesday,17611,16.6
frame,lgw,Year 1, summer 2, Tuesday,17612,16.7
frame,lgw,Year 1, summer 2, Tuesday,17613,16.7
frame,lgw,Year 1, summer 2, Tuesday,17614,16.7
frame,lgw,Year 1, summer 2, Tuesday,17615,16.8
frame,lgw,Year 1, summer 2, Tuesday,17616,16.7
frame,lgw,Year 1, summer 2, Tuesday,17617,16.6
frame,lgw,Year 1, summer 2, Tuesday,17618,16.6
frame,lgw,Year 1, summer 2, Tuesday,17619,16.7
frame,lgw,Year 1, summer 2, Tuesday,17620,16.8
frame,lgw,Year 1, summer 2, Tuesday,17621,16.6
frame,lgw,Year 1, summer 2, Tuesday,17622,16.6
frame,lgw,Year 1, summer 2, Tuesday,17623,16.7
frame,lgw,Year 1, summer 2, Tuesday,17624,16.7
frame,lgw,Year 1, summer 2, Tuesday,17625,16.7
frame,lgw,Year 1, summer 2, Tuesday,17626,16.7
frame,lgw,Year 1, summer 2, Tuesday,17627,16.7
frame,lgw,Year 1, summer 2, Tuesday,17628,16.8
frame,lgw,Year 1, summer 2, Tuesday,17629,16.4
frame,lgw,Year 1, summer 2, Tuesday,17630,16.7
frame,lgw,Year 1, summer 2, Tuesday,17631,16.6
frame,lgw,Year 1, summer 2, Tuesday,17632,16.7
frame,lgw,Year 1, summer 2, Tuesday,17633,17.0
frame,lgw,Year 1, summer 2, Tuesday,17634,16.5
frame,lgw,Year 1, summer 2, Tuesday,17635,16.6
frame,lgw,Year 1, summer 2, Tuesday,17636,16.7
frame,lgw,Year 1, summer 2, Tuesday,17637,16.6
frame,lgw,Year 1, summer 2, Tuesday,17638,16.6
frame,lgw,Year 1, summer 2, Tuesday,17639,16.8
frame,lgw,Year 1, summer 2, Tuesday,17640,16.6
frame,lgw,Year 1, summer 2, Tuesday,17641,16.7
frame,lgw,Year 1, summer 2, Tuesday,17642,16.6
frame,lgw,Year 1, summer 2, Tuesday,17643,16.6
frame,lgw,Year 1, summer 2, Tuesday,17644,16.7
frame,lgw,Year 1, summer 2, Tuesday,17645,16.7
frame,lgw,Year 1, summer 2, Tuesday,17646,16.8
frame,lgw,Year 1, summer 2, Tuesday,17647,16.6
frame,lgw,Year 1, summer 2, Tuesday,17648,16.8
frame,lgw,Year 1, summer 2, Tuesday,17649,17.0
frame,lgw,Year 1, summer 2, Tuesday,17650,16.3
frame,lgw,Year 1, summer 2, Tuesday,17651,16.4
frame,lgw,Year 1, summer 2, Tuesday,17652,16.8
frame,lgw,Year 1, summer 2, Tuesday,17653,16.6
frame,lgw,Year 1, summer 2, Tuesday,17654,16.7
frame,lgw,Year 1, summer 2, Tuesday,17655,16.6
frame,lgw,Year 1, summer 2, Tuesday,17656,16.7
frame,lgw,Year 1, summer 2, Tuesday,17657,16.6
frame,lgw,Year 1, summer 2, Tuesday,17658,16.7
frame,lgw,Year 1, summer 2, Tuesday,17659,16.8
frame,lgw,Year 1, summer 2, Tuesday,17660,16.5
frame,lgw,Year 1, summer 2, Tuesday,17661,16.7
frame,lgw,Year 1, summer 2, Tuesday,17662,16.6
frame,lgw,Year 1, summer 2, Tuesday,17663,16.7
frame,lgw,Year 1, summer 2, Tuesday,17664,17.4
frame,lgw,Year 1, summer 2, Tuesday,17665,15.8
frame,lgw,Year 1, summer 2, Tuesday,17666,16.8
frame,lgw,Year 1, summer 2, Tuesday,17667,16.7
frame,lgw,Year 1, summer 2, Tuesday,17668,16.6
frame,lgw,Year 1, summer 2, Tuesday,17669,16.8
frame,lgw,Year 1, summer 2, Tuesday,17670,16.6
frame,lgw,Year 1, summer 2, Tuesday,17671,16.6
frame,lgw,Year 1, summer 2, Tuesday,17672,16.8
frame,lgw,Year 1, summer 2, Tuesday,17673,16.5
frame,lgw,Year 1, summer 2, Tuesday,17674,16.7
frame,lgw,Year 1, summer 2, Tuesday,17675,16.8
frame,lgw,Year 1, summer 2, Tuesday,17676,16.6
frame,lgw,Year 1, summer 2, Tuesday,17677,16.6
frame,lgw,Year 1, summer 2, Tuesday,17678,16.7
frame,lgw,Year 1, summer 2, Tuesday,17679,16.6
frame,lgw,Year 1, summer 2, Tuesday,17680,16.7
frame,lgw,Year 1, summer 2, Tuesday,17681,16.6
frame,lgw,Year 1, summer 2, Tuesday,17682,16.8
frame,lgw,Year 1, summer 2, Tuesday,17683,16.6
frame,lgw,Year 1, summer 2, Tuesday,17684,16.7
frame,lgw,Year 1, summer 2, Tuesday,17685,16.7
frame,lgw,Year 1, summer 2, Tuesday,17686,16.6
frame,lgw,Year 1, summer 2, Tuesday,17687,16.7
frame,lgw,Year 1, summer 2, Tuesday,17688,16.6
frame,lgw,Year 1, summer 2, Tuesday,17689,16.9
frame,lgw,Year 1, summer 2, Tuesday,17690,16.5
frame,lgw,Year 1, summer 2, Tuesday,17691,16.7
frame,lgw,Year 1, summer 2, Tuesday,17692,16.7
frame,lgw,Year 1, summer 2, Tuesday,17693,16.6
frame,lgw,Year 1, summer 2, Tuesday,17694,16.8
frame,lgw,Year 1, summer 2, Tuesday,17695,16.7
frame,lgw,Year 1, summer 2, Tuesday,17696,16.4
frame,lgw,Year 1, summer 2, Tuesday,17697,16.8
frame,lgw,Year 1, summer 2, Tuesday,17698,16.5
frame,lgw,Year 1, summer 2, Tuesday,17699,16.7
frame,lgw,Year 1, summer 2, Tuesday,17700,16.8
frame,lgw,Year 1, summer 2, Tuesday,17701,16.6
frame,lgw,Year 1, summer 2, Tuesday,17702,16.6
frame,lgw,Year 1, summer 2, Tuesday,17703,16.6
frame,lgw,Year 1, summer 2, Tuesday,17704,16.7
frame,lgw,Year 1, summer 2, Tuesday,17705,17.0
frame,lgw,Year 1, summer 2, Tuesday,17706,16.5
frame,lgw,Year 1, summer 2, Tuesday,17707,16.6
frame,lgw,Year 1, summer 2, Tuesday,17708,16.6
frame,lgw,Year 1, summer 2, Tuesday,17709,16.7
frame,lgw,Year 1, summer 2, Tuesday,17710,16.7
frame,lgw,Year 1, summer 2, Tuesday,17711,16.6
frame,lgw,Year 1, summer 2, Tuesday,17712,16.7
frame,lgw,Year 1, summer 2, Tuesday,17713,16.7
frame,lgw,Year 1, summer 2, Tuesday,17714,16.6
frame,lgw,Year 1, summer 2, Tuesday,17715,16.7
frame,lgw,Year 1, summer 2, Tuesday,17716,16.6
frame,lgw,Year 1, summer 2, Tuesday,17717,16.7
frame,lgw,Year 1, summer 2, Tuesday,17718,16.8
frame,lgw,Year 1, summer 2, Tuesday,17719,16.6
frame,lgw,Year 1, summer 2, Tuesday,17720,16.7
frame,lgw,Year 1, summer 2, Tuesday,17721,16.7
frame,lgw,Year 1, summer 2, Tuesday,17722,16.7
frame,lgw,Year 1, summer 2, Tuesday,17723,16.7
frame,lgw,Year 1, summer 2, Tuesday,17724,16.6
frame,lgw,Year 1, summer 2, Tuesday,17725,16.6
frame,lgw,Year 1, summer 2, Tuesday,17726,16.7
frame,lgw,Year 1, summer 2, Tuesday,17727,16.7
frame,lgw,Year 1, summer 2, Tuesday,17728,16.6
frame,lgw,Year 1, summer 2, Tuesday,17729,16.7
frame,lgw,Year 1, summer 2, Tuesday,17730,16.7
frame,lgw,Year 1, summer 2, Tuesday,17731,16.7
frame,lgw,Year 1, summer 2, Tuesday,17732,19.2
frame,lgw,Year 1, summer 2, Tuesday,17733,15.1
frame,lgw,Year 1, summer 2, Tuesday,17734,16.7
frame,lgw,Year 1, summer 2, Tuesday,17735,17.3
frame,lgw,Year 1, summer 2, Tuesday,17736,17.0
frame,lgw,Year 1, summer 2, Tuesday,17737,15.4
frame,lgw,Year 1, summer 2, Tuesday,17738,16.2
frame,lgw,Year 1, summer 2, Tuesday,17739,17.0
frame,lgw,Year 1, summer 2, Tuesday,17740,16.6
frame,lgw,Year 1, summer 2, Tuesday,17741,16.7
frame,lgw,Year 1, summer 2, Tuesday,17742,17.3
frame,lgw,Year 1, summer 2, Tuesday,17743,16.0
frame,lgw,Year 1, summer 2, Tuesday,17744,16.4
frame,lgw,Year 1, summer 2, Tuesday,17745,17.2
frame,lgw,Year 1, summer 2, Tuesday,17746,16.4
frame,lgw,Year 1, summer 2, Tuesday,17747,19.4
frame,lgw,Year 1, summer 2, Tuesday,17748,14.1
frame,lgw,Year 1, summer 2, Tuesday,17749,16.2
frame,lgw,Year 1, summer 2, Tuesday,17750,17.0
frame,lgw,Year 1, summer 2, Tuesday,17751,16.7
frame,lgw,Year 1, summer 2, Tuesday,17752,16.6
frame,lgw,Year 1, summer 2, Tuesday,17753,16.8
frame,lgw,Year 1, summer 2, Tuesday,17754,17.0
frame,lgw,Year 1, summer 2, Tuesday,17755,17.1
frame,lgw,Year 1, summer 2, Tuesday,17756,16.2
frame,lgw,Year 1, summer 2, Tuesday,17757,16.4
frame,lgw,Year 1, summer 2, Tuesday,17758,17.2
frame,lgw,Year 1, summer 2, Tuesday,17759,17.8
frame,lgw,Year 1, summer 2, Tuesday,17760,16.1
frame,lgw,Year 1, summer 2, Tuesday,17761,15.8
frame,lgw,Year 1, summer 2, Tuesday,17762,16.4
frame,lgw,Year 1, summer 2, Tuesday,17763,16.5
frame,lgw,Year 1, summer 2, Tuesday,17764,16.7
frame,lgw,Year 1, summer 2, Tuesday,17765,16.4
frame,lgw,Year 1, summer 2, Tuesday,17766,17.0
frame,lgw,Year 1, summer 2, Tuesday,17767,16.5
frame,lgw,Year 1, summer 2, Tuesday,17768,17.8
frame,lgw,Year 1, summer 2, Tuesday,17769,15.5
frame,lgw,Year 1, summer 2, Tuesday,17770,16.5
frame,lgw,Year 1, summer 2, Tuesday,17771,16.9
frame,lgw,Year 1, summer 2, Tuesday,17772,18.7
frame,lgw,Year 1, summer 2, Tuesday,17773,16.3
frame,lgw,Year 1, summer 2, Tuesday,17774,15.8
frame,lgw,Year 1, summer 2, Tuesday,17775,15.9
frame,lgw,Year 1, summer 2, Tuesday,17776,17.0
frame,lgw,Year 1, summer 2, Tuesday,17777,16.7
frame,lgw,Year 1, summer 2, Tuesday,17778,16.4
frame,lgw,Year 1, summer 2, Tuesday,17779,17.0
frame,lgw,Year 1, summer 2, Tuesday,17780,17.1
frame,lgw,Year 1, summer 2, Tuesday,17781,17.6
frame,lgw,Year 1, summer 2, Tuesday,17782,15.9
frame,lgw,Year 1, summer 2, Tuesday,17783,16.2
frame,lgw,Year 1, summer 2, Tuesday,17784,16.9
frame,lgw,Year 1, summer 2, Tuesday,17785,19.2
frame,lgw,Year 1, summer 2, Tuesday,17786,21.0
frame,lgw,Year 1, summer 2, Tuesday,17787,9.3
frame,lgw,Year 1, summer 2, Tuesday,17788,17.2
frame,lgw,Year 1, summer 2, Tuesday,17789,15.8
frame,lgw,Year 1, summer 2, Tuesday,17790,16.7
frame,lgw,Year 1, summer 2, Tuesday,17791,16.9
frame,lgw,Year 1, summer 2, Tuesday,17792,16.5
frame,lgw,Year 1, summer 2, Tuesday,17793,16.5
frame,lgw,Year 1, summer 2, Tuesday,17794,17.0
frame,lgw,Year 1, summer 2, Tuesday,17795,17.2
frame,lgw,Year 1, summer 2, Tuesday,17796,15.8
frame,lgw,Year 1, summer 2, Tuesday,17797,16.9
frame,lgw,Year 1, summer 2, Tuesday,17798,18.0
frame,lgw,Year 1, summer 2, Tuesday,17799,15.8
frame,lgw,Year 1, summer 2, Tuesday,17800,15.9
frame,lgw,Year 1, summer 2, Tuesday,17801,17.0
frame,lgw,Year 1, summer 2, Tuesday,17802,16.3
frame,lgw,Year 1, summer 2, Tuesday,17803,16.7
frame,lgw,Year 1, summer 2, Tuesday,17804,16.9
frame,lgw,Year 1, summer 2, Tuesday,17805,16.7
frame,lgw,Year 1, summer 2, Tuesday,17806,16.8
frame,lgw,Year 1, summer 2, Tuesday,17807,16.7
frame,lgw,Year 1, summer 2, Tuesday,17808,16.5
frame,lgw,Year 1, summer 2, Tuesday,17809,17.0
frame,lgw,Year 1, summer 2, Tuesday,17810,16.3
frame,lgw,Year 1, summer 2, Tuesday,17811,17.8
frame,lgw,Year 1, summer 2, Tuesday,17812,15.3
frame,lgw,Year 1, summer 2, Tuesday,17813,16.5
frame,lgw,Year 1, summer 2, Tuesday,17814,16.7
frame,lgw,Year 1, summer 2, Tuesday,17815,16.7
frame,lgw,Year 1, summer 2, Tuesday,17816,16.4
frame,lgw,Year 1, summer 2, Tuesday,17817,16.8
frame,lgw,Year 1, summer 2, Tuesday,17818,16.9
frame,lgw,Year 1, summer 2, Tuesday,17819,16.6
frame,lgw,Year 1, summer 2, Tuesday,17820,16.6
frame,lgw,Year 1, summer 2, Tuesday,17821,16.8
frame,lgw,Year 1, summer 2, Tuesday,17822,16.5
frame,lgw,Year 1, summer 2, Tuesday,17823,16.7
frame,lgw,Year 1, summer 2, Tuesday,17824,18.9
frame,lgw,Year 1, summer 2, Tuesday,17825,14.9
frame,lgw,Year 1, summer 2, Tuesday,17826,16.2
frame,lgw,Year 1, summer 2, Tuesday,17827,17.0
frame,lgw,Year 1, summer 2, Tuesday,17828,16.6
frame,lgw,Year 1, summer 2, Tuesday,17829,16.8
frame,lgw,Year 1, summer 2, Tuesday,17830,17.3
frame,lgw,Year 1, summer 2, Tuesday,17831,15.9
frame,lgw,Year 1, summer 2, Tuesday,17832,17.2
frame,lgw,Year 1, summer 2, Tuesday,17833,16.1
frame,lgw,Year 1, summer 2, Tuesday,17834,16.5
frame,lgw,Year 1, summer 2, Tuesday,17835,16.7
frame,lgw,Year 1, summer 2, Tuesday,17836,16.7
frame,lgw,Year 1, summer 2, Tuesday,17837,17.4
frame,lgw,Year 1, summer 2, Tuesday,17838,18.9
frame,lgw,Year 1, summer 2, Tuesday,17839,14.8
frame,lgw,Year 1, summer 2, Tuesday,17840,16.0
frame,lgw,Year 1, summer 2, Tuesday,17841,16.6
frame,lgw,Year 1, summer 2, Tuesday,17842,16.5
frame,lgw,Year 1, summer 2, Tuesday,17843,16.8
frame,lgw,Year 1, summer 2, Tuesday,17844,16.4
frame,lgw,Year 1, summer 2, Tuesday,17845,17.7
frame,lgw,Year 1, summer 2, Tuesday,17846,15.4
frame,lgw,Year 1, summer 2, Tuesday,17847,17.7
frame,lgw,Year 1, summer 2, Tuesday,17848,16.0
frame,lgw,Year 1, summer 2, Tuesday,17849,17.0
frame,lgw,Year 1, summer 2, Tuesday,17850,18.8
frame,lgw,Year 1, summer 2, Tuesday,17851,14.1
frame,lgw,Year 1, summer 2, Tuesday,17852,16.4
frame,lgw,Year 1, summer 2, Tuesday,17853,16.8
frame,lgw,Year 1, summer 2, Tuesday,17854,16.8
frame,lgw,Year 1, summer 2, Tuesday,17855,16.5
frame,lgw,Year 1, summer 2, Tuesday,17856,17.1
frame,lgw,Year 1, summer 2, Tuesday,17857,16.4
frame,lgw,Year 1, summer 2, Tuesday,17858,16.6
frame,lgw,Year 1, summer 2, Tuesday,17859,16.8
frame,lgw,Year 1, summer 2, Tuesday,17860,17.2
frame,lgw,Year 1, summer 2, Tuesday,17861,15.8
frame,lgw,Year 1, summer 2, Tuesday,17862,16.9
frame,lgw,Year 1, summer 2, Tuesday,17863,19.1
frame,lgw,Year 1, summer 2, Tuesday,17864,14.8
frame,lgw,Year 1, summer 2, Tuesday,17865,15.7
frame,lgw,Year 1, summer 2, Tuesday,17866,16.8
frame,lgw,Year 1, summer 2, Tuesday,17867,17.1
frame,lgw,Year 1, summer 2, Tuesday,17868,16.7
frame,lgw,Year 1, summer 2, Tuesday,17869,16.5
frame,lgw,Year 1, summer 2, Tuesday,17870,17.0
frame,lgw,Year 1, summer 2, Tuesday,17871,16.6
frame,lgw,Year 1, summer 2, Tuesday,17872,16.5
frame,lgw,Year 1, summer 2, Tuesday,17873,16.7
frame,lgw,Year 1, summer 2, Tuesday,17874,16.8
frame,lgw,Year 1, summer 2, Tuesday,17875,18.4
frame,lgw,Year 1, summer 2, Tuesday,17876,14.2
frame,lgw,Year 1, summer 2, Tuesday,17877,18.0
frame,lgw,Year 1, summer 2, Tuesday,17878,15.7
frame,lgw,Year 1, summer 2, Tuesday,17879,16.6
frame,lgw,Year 1, summer 2, Tuesday,17880,16.9
frame,lgw,Year 1, summer 2, Tuesday,17881,17.0
frame,lgw,Year 1, summer 2, Tuesday,17882,16.2
frame,lgw,Year 1, summer 2, Tuesday,17883,17.1
frame,lgw,Year 1, summer 2, Tuesday,17884,16.1
frame,lgw,Year 1, summer 2, Tuesday,17885,16.7
frame,lgw,Year 1, summer 2, Tuesday,17886,17.1
frame,lgw,Year 1, summer 2, Tuesday,17887,16.6
frame,lgw,Year 1, summer 2, Tuesday,17888,18.0
frame,lgw,Year 1, summer 2, Tuesday,17889,15.5
frame,lgw,Year 1, summer 2, Tuesday,17890,15.9
frame,lgw,Year 1, summer 2, Tuesday,17891,16.9
frame,lgw,Year 1, summer 2, Tuesday,17892,16.9
frame,lgw,Year 1, summer 2, Tuesday,17893,16.7
frame,lgw,Year 1, summer 2, Tuesday,17894,16.8
frame,lgw,Year 1, summer 2, Tuesday,17895,16.4
frame,lgw,Year 1, summer 2, Tuesday,17896,16.9
frame,lgw,Year 1, summer 2, Tuesday,17897,16.5
frame,lgw,Year 1, summer 2, Tuesday,17898,17.0
frame,lgw,Year 1, summer 2, Tuesday,17899,16.8
frame,lgw,Year 1, summer 2, Tuesday,17900,16.1
frame,lgw,Year 1, summer 2, Tuesday,17901,19.2
frame,lgw,Year 1, summer 2, Tuesday,17902,15.1
frame,lgw,Year 1, summer 2, Tuesday,17903,15.8
frame,lgw,Year 1, summer 2, Tuesday,17904,17.0
frame,lgw,Year 1, summer 2, Tuesday,17905,16.4
frame,lgw,Year 1, summer 2, Tuesday,17906,16.3
frame,lgw,Year 1, summer 2, Tuesday,17907,17.0
frame,lgw,Year 1, summer 2, Tuesday,17908,16.7
frame,lgw,Year 1, summer 2, Tuesday,17909,16.8
frame,lgw,Year 1, summer 2, Tuesday,17910,16.5
frame,lgw,Year 1, summer 2, Tuesday,17911,16.5
frame,lgw,Year 1, summer 2, Tuesday,17912,19.7
frame,lgw,Year 1, summer 2, Tuesday,17913,15.0
frame,lgw,Year 1, summer 2, Tuesday,17914,15.4
frame,lgw,Year 1, summer 2, Tuesday,17915,16.8
frame,lgw,Year 1, summer 2, Tuesday,17916,17.0
frame,lgw,Year 1, summer 2, Tuesday,17917,16.3
frame,lgw,Year 1, summer 2, Tuesday,17918,16.8
frame,lgw,Year 1, summer 2, Tuesday,17919,16.4
frame,lgw,Year 1, summer 2, Tuesday,17920,16.7
frame,lgw,Year 1, summer 2, Tuesday,17921,17.3
frame,lgw,Year 1, summer 2, Tuesday,17922,16.2
frame,lgw,Year 1, summer 2, Tuesday,17923,16.8
frame,lgw,Year 1, summer 2, Tuesday,17924,16.6
frame,lgw,Year 1, summer 2, Tuesday,17925,18.8
frame,lgw,Year 1, summer 2, Tuesday,17926,15.8
frame,lgw,Year 1, summer 2, Tuesday,17927,16.9
frame,lgw,Year 1, summer 2, Tuesday,17928,15.2
frame,lgw,Year 1, summer 2, Tuesday,17929,16.4
frame,lgw,Year 1, summer 2, Tuesday,17930,17.4
frame,lgw,Year 1, summer 2, Tuesday,17931,15.9
frame,lgw,Year 1, summer 2, Tuesday,17932,16.7
frame,lgw,Year 1, summer 2, Tuesday,17933,16.8
frame,lgw,Year 1, summer 2, Tuesday,17934,16.6
frame,lgw,Year 1, summer 2, Tuesday,17935,16.7
frame,lgw,Year 1, summer 2, Tuesday,17936,17.0
frame,lgw,Year 1, summer 2, Tuesday,17937,17.2
frame,lgw,Year 1, summer 2, Tuesday,17938,15.5
frame,lgw,Year 1, summer 2, Tuesday,17939,18.3
frame,lgw,Year 1, summer 2, Tuesday,17940,16.5
frame,lgw,Year 1, summer 2, Tuesday,17941,15.3
frame,lgw,Year 1, summer 2, Tuesday,17942,16.6
frame,lgw,Year 1, summer 2, Tuesday,17943,16.7
frame,lgw,Year 1, summer 2, Tuesday,17944,16.6
frame,lgw,Year 1, summer 2, Tuesday,17945,16.6
frame,lgw,Year 1, summer 2, Tuesday,17946,17.3
frame,lgw,Year 1, summer 2, Tuesday,17947,16.3
frame,lgw,Year 1, summer 2, Tuesday,17948,17.0
frame,lgw,Year 1, summer 2, Tuesday,17949,16.2
frame,lgw,Year 1, summer 2, Tuesday,17950,16.7
frame,lgw,Year 1, summer 2, Tuesday,17951,17.1
frame,lgw,Year 1, summer 2, Tuesday,17952,19.4
frame,lgw,Year 1, summer 2, Tuesday,17953,14.7
frame,lgw,Year 1, summer 2, Tuesday,17954,16.4
frame,lgw,Year 1, summer 2, Tuesday,17955,15.9
frame,lgw,Year 1, summer 2, Tuesday,17956,16.2
frame,lgw,Year 1, summer 2, Tuesday,17957,17.0
frame,lgw,Year 1, summer 2, Tuesday,17958,16.6
frame,lgw,Year 1, summer 2, Tuesday,17959,16.4
frame,lgw,Year 1, summer 2, Tuesday,17960,17.1
frame,lgw,Year 1, summer 2, Tuesday,17961,19.1
frame,lgw,Year 1, summer 2, Tuesday,17962,15.3
frame,lgw,Year 1, summer 2, Tuesday,17963,16.3
frame,lgw,Year 1, summer 2, Tuesday,17964,16.2
frame,lgw,Year 1, summer 2, Tuesday,17965,19.2
frame,lgw,Year 1, summer 2, Tuesday,17966,14.9
frame,lgw,Year 1, summer 2, Tuesday,17967,16.5
frame,lgw,Year 1, summer 2, Tuesday,17968,15.4
frame,lgw,Year 1, summer 2, Tuesday,17969,16.7
frame,lgw,Year 1, summer 2, Tuesday,17970,16.9
frame,lgw,Year 1, summer 2, Tuesday,17971,16.6
frame,lgw,Year 1, summer 2, Tuesday,17972,16.5
frame,lgw,Year 1, summer 2, Tuesday,17973,16.8
frame,lgw,Year 1, summer 2, Tuesday,17974,17.4
frame,lgw,Year 1, summer 2, Tuesday,17975,16.1
frame,lgw,Year 1, summer 2, Tuesday,17976,17.0
frame,lgw,Year 1, summer 2, Tuesday,17977,20.0
frame,lgw,Year 1, summer 2, Tuesday,17978,15.9
frame,lgw,Year 1, summer 2, Tuesday,17979,14.0
frame,lgw,Year 1, summer 2, Tuesday,17980,16.3
frame,lgw,Year 1, summer 2, Tuesday,17981,17.0
frame,lgw,Year 1, summer 2, Tuesday,17982,16.7
frame,lgw,Year 1, summer 2, Tuesday,17983,16.5
frame,lgw,Year 1, summer 2, Tuesday,17984,16.6
frame,lgw,Year 1, summer 2, Tuesday,17985,16.6
frame,lgw,Year 1, summer 2, Tuesday,17986,16.7
frame,lgw,Year 1, summer 2, Tuesday,17987,16.6
frame,lgw,Year 1, summer 2, Tuesday,17988,17.6
frame,lgw,Year 1, summer 2, Tuesday,17989,16.3
frame,lgw,Year 1, summer 2, Tuesday,17990,17.0
frame,lgw,Year 1, summer 2, Tuesday,17991,15.8
frame,lgw,Year 1, summer 2, Tuesday,17992,19.6
frame,lgw,Year 1, summer 2, Tuesday,17993,16.1
frame,lgw,Year 1, summer 2, Tuesday,17994,14.5
frame,lgw,Year 1, summer 2, Tuesday,17995,16.3
frame,lgw,Year 1, summer 2, Tuesday,17996,17.6
frame,lgw,Year 1, summer 2, Tuesday,17997,15.9
frame,lgw,Year 1, summer 2, Tuesday,17998,16.9
frame,lgw,Year 1, summer 2, Tuesday,17999,16.3
lag,lgw,Year 1, summer 2, Tuesday,19003,67.7
lag,lgw,Year 1, summer 2, Tuesday,19076,208.8
lag,lgw,Year 1, summer 2, Tuesday,19113,79.0
lag,lgw,Year 1, summer 2, Tuesday,19233,91.9
frame,lgw,Year 1, summer 2, Tuesday,23120,21.6
frame,lgw,Year 1, summer 2, Tuesday,23121,21.7
frame,lgw,Year 1, summer 2, Tuesday,23122,22.4
frame,lgw,Year 1, summer 2, Tuesday,23123,0.2
frame,lgw,Year 1, summer 2, Tuesday,23124,22.1
frame,lgw,Year 1, summer 2, Tuesday,23125,21.8
frame,lgw,Year 1, summer 2, Tuesday,23126,21.3
frame,lgw,Year 1, summer 2, Tuesday,23127,0.1
frame,lgw,Year 1, summer 2, Tuesday,23128,21.6
frame,lgw,Year 1, summer 2, Tuesday,23129,21.8
frame,lgw,Year 1, summer 2, Tuesday,23130,21.6
frame,lgw,Year 1, summer 2, Tuesday,23131,0.2
frame,lgw,Year 1, summer 2, Tuesday,23132,21.9
frame,lgw,Year 1, summer 2, Tuesday,23133,20.9
frame,lgw,Year 1, summer 2, Tuesday,23134,21.3
frame,lgw,Year 1, summer 2, Tuesday,23135,0.1
frame,lgw,Year 1, summer 2, Tuesday,23136,21.9
frame,lgw,Year 1, summer 2, Tuesday,23137,21.4
frame,lgw,Year 1, summer 2, Tuesday,23138,21.3
frame,lgw,Year 1, summer 2, Tuesday,23139,21.3
frame,lgw,Year 1, summer 2, Tuesday,23140,0.1
frame,lgw,Year 1, summer 2, Tuesday,23141,21.6
frame,lgw,Year 1, summer 2, Tuesday,23142,21.8
frame,lgw,Year 1, summer 2, Tuesday,23143,22.3
frame,lgw,Year 1, summer 2, Tuesday,23144,0.2
frame,lgw,Year 1, summer 2, Tuesday,23145,21.8
frame,lgw,Year 1, summer 2, Tuesday,23146,21.5
frame,lgw,Year 1, summer 2, Tuesday,23147,21.9
frame,lgw,Year 1, summer 2, Tuesday,23148,0.1
frame,lgw,Year 1, summer 2, Tuesday,23149,22.1
frame,lgw,Year 1, summer 2, Tuesday,23150,21.6
frame,lgw,Year 1, summer 2, Tuesday,23151,21.2
frame,lgw,Year 1, summer 2, Tuesday,23152,21.9
frame,lgw,Year 1, summer 2, Tuesday,23153,0.1
frame,lgw,Year 1, summer 2, Tuesday,23154,21.2
frame,lgw,Year 1, summer 2, Tuesday,23155,21.5
frame,lgw,Year 1, summer 2, Tuesday,23156,22.2
frame,lgw,Year 1, summer 2, Tuesday,23157,0.1
frame,lgw,Year 1, summer 2, Tuesday,23158,21.8
frame,lgw,Year 1, summer 2, Tuesday,23159,21.7
frame,lgw,Year 1, summer 2, Tuesday,23160,21.3
frame,lgw,Year 1, summer 2, Tuesday,23161,0.1
frame,lgw,Year 1, summer 2, Tuesday,23162,21.7
frame,lgw,Year 1, summer 2, Tuesday,23163,21.6
frame,lgw,Year 1, summer 2, Tuesday,23164,21.8
frame,lgw,Year 1, summer 2, Tuesday,23165,21.6
frame,lgw,Year 1, summer 2, Tuesday,23166,0.1
frame,lgw,Year 1, summer 2, Tuesday,23167,22.0
frame,lgw,Year 1, summer 2, Tuesday,23168,21.6
frame,lgw,Year 1, summer 2, Tuesday,23169,21.3
frame,lgw,Year 1, summer 2, Tuesday,23170,0.1
frame,lgw,Year 1, summer 2, Tuesday,23171,21.9
frame,lgw,Year 1, summer 2, Tuesday,23172,21.5
frame,lgw,Year 1, summer 2, Tuesday,23173,21.3
frame,lgw,Year 1, summer 2, Tuesday,23174,0.1
frame,lgw,Year 1, summer 2, Tuesday,23175,21.5
frame,lgw,Year 1, summer 2, Tuesday,23176,21.8
frame,lgw,Year 1, summer 2, Tuesday,23177,21.9
frame,lgw,Year 1, summer 2, Tuesday,23178,21.6
frame,lgw,Year 1, summer 2, Tuesday,23179,0.1
frame,lgw,Year 1, summer 2, Tuesday,23180,22.4
frame,lgw,Year 1, summer 2, Tuesday,23181,22.1
frame,lgw,Year 1, summer 2, Tuesday,23182,21.7
frame,lgw,Year 1, summer 2, Tuesday,23183,0.1
frame,lgw,Year 1, summer 2, Tuesday,23184,21.3
frame,lgw,Year 1, summer 2, Tuesday,23185,22.4
frame,lgw,Year 1, summer 2, Tuesday,23186,21.6
frame,lgw,Year 1, summer 2, Tuesday,23187,0.1
frame,lgw,Year 1, summer 2, Tuesday,23188,21.5
frame,lgw,Year 1, summer 2, Tuesday,23189,21.5
frame,lgw,Year 1, summer 2, Tuesday,23190,21.9
frame,lgw,Year 1, summer 2, Tuesday,23191,0.1
frame,lgw,Year 1, summer 2, Tuesday,23192,21.8
frame,lgw,Year 1, summer 2, Tuesday,23193,21.5
frame,lgw,Year 1, summer 2, Tuesday,23194,22.0
frame,lgw,Year 1, summer 2, Tuesday,23195,0.2
frame,lgw,Year 1, summer 2, Tuesday,23196,21.8
frame,lgw,Year 1, summer 2, Tuesday,23197,21.9
frame,lgw,Year 1, summer 2, Tuesday,23198,21.5
frame,lgw,Year 1, summer 2, Tuesday,23199,21.7
frame,lgw,Year 1, summer 2, Tuesday,23200,0.1
frame,lgw,Year 1, summer 2, Tuesday,23201,21.7
frame,lgw,Year 1, summer 2, Tuesday,23202,21.6
frame,lgw,Year 1, summer 2, Tuesday,23203,21.7
frame,lgw,Year 1, summer 2, Tuesday,23204,0.1
frame,lgw,Year 1, summer 2, Tuesday,23205,21.9
frame,lgw,Year 1, summer 2, Tuesday,23206,21.9
frame,lgw,Year 1, summer 2, Tuesday,23207,21.4
frame,lgw,Year 1, summer 2, Tuesday,23208,0.1
frame,lgw,Year 1, summer 2, Tuesday,23209,22.1
frame,lgw,Year 1, summer 2, Tuesday,23210,21.5
frame,lgw,Year 1, summer 2, Tuesday,23211,22.3
frame,lgw,Year 1, summer 2, Tuesday,23212,0.1
frame,lgw,Year 1, summer 2, Tuesday,23213,21.6
frame,lgw,Year 1, summer 2, Tuesday,23214,22.5
frame,lgw,Year 1, summer 2, Tuesday,23215,21.3
frame,lgw,Year 1, summer 2, Tuesday,23216,21.4
frame,lgw,Year 1, summer 2, Tuesday,23217,0.1
frame,lgw,Year 1, summer 2, Tuesday,23218,21.6
frame,lgw,Year 1, summer 2, Tuesday,23219,22.3
frame,lgw,Year 1, summer 2, Tuesday,23220,21.9
frame,lgw,Year 1, summer 2, Tuesday,23221,0.1
frame,lgw,Year 1, summer 2, Tuesday,23222,21.5
frame,lgw,Year 1, summer 2, Tuesday,23223,22.1
frame,lgw,Year 1, summer 2, Tuesday,23224,22.1
frame,lgw,Year 1, summer 2, Tuesday,23225,0.2
frame,lgw,Year 1, summer 2, Tuesday,23226,22.1
frame,lgw,Year 1, summer 2, Tuesday,23227,21.9
frame,lgw,Year 1, summer 2, Tuesday,23228,21.7
frame,lgw,Year 1, summer 2, Tuesday,23229,0.1
frame,lgw,Year 1, summer 2, Tuesday,23230,21.7
frame,lgw,Year 1, summer 2, Tuesday,23231,21.7
frame,lgw,Year 1, summer 2, Tuesday,23232,22.3
frame,lgw,Year 1, summer 2, Tuesday,23233,0.1
frame,lgw,Year 1, summer 2, Tuesday,23234,21.7
frame,lgw,Year 1, summer 2, Tuesday,23235,22.1
frame,lgw,Year 1, summer 2, Tuesday,23236,22.1
frame,lgw,Year 1, summer 2, Tuesday,23237,0.3
frame,lgw,Year 1, summer 2, Tuesday,23238,22.0
frame,lgw,Year 1, summer 2, Tuesday,23239,22.2
frame,lgw,Year 1, summer 2, Tuesday,23240,21.8
frame,lgw,Year 1, summer 2, Tuesday,23241,21.4
frame,lgw,Year 1, summer 2, Tuesday,23242,0.3
frame,lgw,Year 1, summer 2, Tuesday,23243,21.5
frame,lgw,Year 1, summer 2, Tuesday,23244,22.2
frame,lgw,Year 1, summer 2, Tuesday,23245,22.7
frame,lgw,Year 1, summer 2, Tuesday,23246,0.2
frame,lgw,Year 1, summer 2, Tuesday,23247,21.6
frame,lgw,Year 1, summer 2, Tuesday,23248,22.6
frame,lgw,Year 1, summer 2, Tuesday,23249,21.6
frame,lgw,Year 1, summer 2, Tuesday,23250,0.2
frame,lgw,Year 1, summer 2, Tuesday,23251,22.5
frame,lgw,Year 1, summer 2, Tuesday,23252,22.4
frame,lgw,Year 1, summer 2, Tuesday,23253,21.9
frame,lgw,Year 1, summer 2, Tuesday,23254,0.5
frame,lgw,Year 1, summer 2, Tuesday,23255,22.0
frame,lgw,Year 1, summer 2, Tuesday,23256,22.4
frame,lgw,Year 1, summer 2, Tuesday,23257,22.1
frame,lgw,Year 1, summer 2, Tuesday,23258,0.3
frame,lgw,Year 1, summer 2, Tuesday,23259,22.2
frame,lgw,Year 1, summer 2, Tuesday,23260,22.0
frame,lgw,Year 1, summer 2, Tuesday,23261,22.0
frame,lgw,Year 1, summer 2, Tuesday,23262,0.1
frame,lgw,Year 1, summer 2, Tuesday,23263,21.5
frame,lgw,Year 1, summer 2, Tuesday,23264,22.1
frame,lgw,Year 1, summer 2, Tuesday,23265,22.1
frame,lgw,Year 1, summer 2, Tuesday,23266,0.1
frame,lgw,Year 1, summer 2, Tuesday,23267,22.7
frame,lgw,Year 1, summer 2, Tuesday,23268,21.9
frame,lgw,Year 1, summer 2, Tuesday,23269,22.3
frame,lgw,Year 1, summer 2, Tuesday,23270,0.2
frame,lgw,Year 1, summer 2, Tuesday,23271,22.0
frame,lgw,Year 1, summer 2, Tuesday,23272,21.5
frame,lgw,Year 1, summer 2, Tuesday,23273,21.4
frame,lgw,Year 1, summer 2, Tuesday,23274,0.3
frame,lgw,Year 1, summer 2, Tuesday,23275,22.8
frame,lgw,Year 1, summer 2, Tuesday,23276,21.8
frame,lgw,Year 1, summer 2, Tuesday,23277,21.6
frame,lgw,Year 1, summer 2, Tuesday,23278,0.1
frame,lgw,Year 1, summer 2, Tuesday,23279,21.5
frame,lgw,Year 1, summer 2, Tuesday,23280,22.5
frame,lgw,Year 1, summer 2, Tuesday,23281,21.7
frame,lgw,Year 1, summer 2, Tuesday,23282,0.3
frame,lgw,Year 1, summer 2, Tuesday,23283,22.0
frame,lgw,Year 1, summer 2, Tuesday,23284,22.1
frame,lgw,Year 1, summer 2, Tuesday,23285,21.5
frame,lgw,Year 1, summer 2, Tuesday,23286,0.1
frame,lgw,Year 1, summer 2, Tuesday,23287,21.6
frame,lgw,Year 1, summer 2, Tuesday,23288,22.1
frame,lgw,Year 1, summer 2, Tuesday,23289,21.8
frame,lgw,Year 1, summer 2, Tuesday,23290,21.4
frame,lgw,Year 1, summer 2, Tuesday,23291,0.3
frame,lgw,Year 1, summer 2, Tuesday,23292,22.1
frame,lgw,Year 1, summer 2, Tuesday,23293,22.3
frame,lgw,Year 1, summer 2, Tuesday,23294,21.8
frame,lgw,Year 1, summer 2, Tuesday,23295,0.2
frame,lgw,Year 1, summer 2, Tuesday,23296,21.7
frame,lgw,Year 1, summer 2, Tuesday,23297,21.3
frame,lgw,Year 1, summer 2, Tuesday,23298,21.5
frame,lgw,Year 1, summer 2, Tuesday,23299,0.3
frame,lgw,Year 1, summer 2, Tuesday,23300,22.2
frame,lgw,Year 1, summer 2, Tuesday,23301,22.6
frame,lgw,Year 1, summer 2, Tuesday,23302,21.7
frame,lgw,Year 1, summer 2, Tuesday,23303,0.2
frame,lgw,Year 1, summer 2, Tuesday,23304,22.3
frame,lgw,Year 1, summer 2, Tuesday,23305,21.7
frame,lgw,Year 1, summer 2, Tuesday,23306,21.3
frame,lgw,Year 1, summer 2, Tuesday,23307,0.1
frame,lgw,Year 1, summer 2, Tuesday,23308,21.9
frame,lgw,Year 1, summer 2, Tuesday,23309,21.5
frame,lgw,Year 1, summer 2, Tuesday,23310,22.2
frame,lgw,Year 1, summer 2, Tuesday,23311,22.4
frame,lgw,Year 1, summer 2, Tuesday,23312,0.1
frame,lgw,Year 1, summer 2, Tuesday,23313,21.8
frame,lgw,Year 1, summer 2, Tuesday,23314,21.7
frame,lgw,Year 1, summer 2, Tuesday,23315,21.3
frame,lgw,Year 1, summer 2, Tuesday,23316,0.2
frame,lgw,Year 1, summer 2, Tuesday,23317,22.2
frame,lgw,Year 1, summer 2, Tuesday,23318,21.5
frame,lgw,Year 1, summer 2, Tuesday,23319,21.7
frame,lgw,Year 1, summer 2, Tuesday,23320,0.1
frame,lgw,Year 1, summer 2, Tuesday,23321,21.3
frame,lgw,Year 1, summer 2, Tuesday,23322,21.3
frame,lgw,Year 1, summer 2, Tuesday,23323,21.8
frame,lgw,Year 1, summer 2, Tuesday,23324,0.1
frame,lgw,Year 1, summer 2, Tuesday,23325,21.8
frame,lgw,Year 1, summer 2, Tuesday,23326,22.0
frame,lgw,Year 1, summer 2, Tuesday,23327,21.4
frame,lgw,Year 1, summer 2, Tuesday,23328,22.1
frame,lgw,Year 1, summer 2, Tuesday,23329,0.1
frame,lgw,Year 1, summer 2, Tuesday,23330,21.7
frame,lgw,Year 1, summer 2, Tuesday,23331,22.2
frame,lgw,Year 1, summer 2, Tuesday,23332,21.7
frame,lgw,Year 1, summer 2, Tuesday,23333,0.1
frame,lgw,Year 1, summer 2, Tuesday,23334,21.2
frame,lgw,Year 1, summer 2, Tuesday,23335,21.4
frame,lgw,Year 1, summer 2, Tuesday,23336,22.4
frame,lgw,Year 1, summer 2, Tuesday,23337,0.1
frame,lgw,Year 1, summer 2, Tuesday,23338,21.2
frame,lgw,Year 1, summer 2, Tuesday,23339,21.5
frame,lgw,Year 1, summer 2, Tuesday,23340,21.6
frame,lgw,Year 1, summer 2, Tuesday,23341,0.3
frame,lgw,Year 1, summer 2, Tuesday,23342,22.2
frame,lgw,Year 1, summer 2, Tuesday,23343,22.4
frame,lgw,Year 1, summer 2, Tuesday,23344,22.0
frame,lgw,Year 1, summer 2, Tuesday,23345,0.2
frame,lgw,Year 1, summer 2, Tuesday,23346,21.7
frame,lgw,Year 1, summer 2, Tuesday,23347,22.6
frame,lgw,Year 1, summer 2, Tuesday,23348,21.7
frame,lgw,Year 1, summer 2, Tuesday,23349,22.4
frame,lgw,Year 1, summer 2, Tuesday,23350,0.1
frame,lgw,Year 1, summer 2, Tuesday,23351,21.3
frame,lgw,Year 1, summer 2, Tuesday,23352,21.3
frame,lgw,Year 1, summer 2, Tuesday,23353,21.3
frame,lgw,Year 1, summer 2, Tuesday,23354,0.1
frame,lgw,Year 1, summer 2, Tuesday,23355,21.6
frame,lgw,Year 1, summer 2, Tuesday,23356,21.9
frame,lgw,Year 1, summer 2, Tuesday,23357,22.3
frame,lgw,Year 1, summer 2, Tuesday,23358,0.2
frame,lgw,Year 1, summer 2, Tuesday,23359,21.6
frame,lgw,Year 1, summer 2, Tuesday,23360,21.6
frame,lgw,Year 1, summer 2, Tuesday,23361,21.5
frame,lgw,Year 1, summer 2, Tuesday,23362,0.2
frame,lgw,Year 1, summer 2, Tuesday,23363,21.4
frame,lgw,Year 1, summer 2, Tuesday,23364,22.3
frame,lgw,Year 1, summer 2, Tuesday,23365,21.6
frame,lgw,Year 1, summer 2, Tuesday,23366,21.3
frame,lgw,Year 1, summer 2, Tuesday,23367,0.1
frame,lgw,Year 1, summer 2, Tuesday,23368,21.7
frame,lgw,Year 1, summer 2, Tuesday,23369,21.4
frame,lgw,Year 1, summer 2, Tuesday,23370,21.7
frame,lgw,Year 1, summer 2, Tuesday,23371,0.1
frame,lgw,Year 1, summer 2, Tuesday,23372,21.1
frame,lgw,Year 1, summer 2, Tuesday,23373,21.8
frame,lgw,Year 1, summer 2, Tuesday,23374,21.3
frame,lgw,Year 1, summer 2, Tuesday,23375,21.7
frame,lgw,Year 1, summer 2, Tuesday,23376,0.1
frame,lgw,Year 1, summer 2, Tuesday,23377,21.4
frame,lgw,Year 1, summer 2, Tuesday,23378,22.0
frame,lgw,Year 1, summer 2, Tuesday,23379,21.1
frame,lgw,Year 1, summer 2, Tuesday,23380,0.1
frame,lgw,Year 1, summer 2, Tuesday,23381,21.4
frame,lgw,Year 1, summer 2, Tuesday,23382,21.3
frame,lgw,Year 1, summer 2, Tuesday,23383,22.1
frame,lgw,Year 1, summer 2, Tuesday,23384,0.1
frame,lgw,Year 1, summer 2, Tuesday,23385,22.1
frame,lgw,Year 1, summer 2, Tuesday,23386,21.4
frame,lgw,Year 1, summer 2, Tuesday,23387,21.8
frame,lgw,Year 1, summer 2, Tuesday,23388,22.0
frame,lgw,Year 1, summer 2, Tuesday,23389,0.1
frame,lgw,Year 1, summer 2, Tuesday,23390,22.1
frame,lgw,Year 1, summer 2, Tuesday,23391,21.4
frame,lgw,Year 1, summer 2, Tuesday,23392,21.7
frame,lgw,Year 1, summer 2, Tuesday,23393,0.1
frame,lgw,Year 1, summer 2, Tuesday,23394,21.4
frame,lgw,Year 1, summer 2, Tuesday,23395,21.6
frame,lgw,Year 1, summer 2, Tuesday,23396,22.6
frame,lgw,Year 1, summer 2, Tuesday,23397,0.1
frame,lgw,Year 1, summer 2, Tuesday,23398,21.4
frame,lgw,Year 1, summer 2, Tuesday,23399,22.3
frame,lgw,Year 1, summer 2, Tuesday,23400,22.3
frame,lgw,Year 1, summer 2, Tuesday,23401,0.1
frame,lgw,Year 1, summer 2, Tuesday,23402,22.5
frame,lgw,Year 1, summer 2, Tuesday,23403,21.3
frame,lgw,Year 1, summer 2, Tuesday,23404,21.5
frame,lgw,Year 1, summer 2, Tuesday,23405,0.1
frame,lgw,Year 1, summer 2, Tuesday,23406,21.4
frame,lgw,Year 1, summer 2, Tuesday,23407,21.5
frame,lgw,Year 1, summer 2, Tuesday,23408,21.6
frame,lgw,Year 1, summer 2, Tuesday,23409,21.6
frame,lgw,Year 1, summer 2, Tuesday,23410,0.1
frame,lgw,Year 1, summer 2, Tuesday,23411,22.0
frame,lgw,Year 1, summer 2, Tuesday,23412,21.8
frame,lgw,Year 1, summer 2, Tuesday,23413,21.4
frame,lgw,Year 1, summer 2, Tuesday,23414,0.1
frame,lgw,Year 1, summer 2, Tuesday,23415,22.0
frame,lgw,Year 1, summer 2, Tuesday,23416,21.3
frame,lgw,Year 1, summer 2, Tuesday,23417,21.4
frame,lgw,Year 1, summer 2, Tuesday,23418,0.1
frame,lgw,Year 1, summer 2, Tuesday,23419,21.7
frame,lgw,Year 1, summer 2, Tuesday,23420,21.0
frame,lgw,Year 1, summer 2, Tuesday,23421,21.3
frame,lgw,Year 1, summer 2, Tuesday,23422,21.2
frame,lgw,Year 1, summer 2, Tuesday,23423,0.2
frame,lgw,Year 1, summer 2, Tuesday,23424,21.5
frame,lgw,Year 1, summer 2, Tuesday,23425,21.8
frame,lgw,Year 1, summer 2, Tuesday,23426,22.1
frame,lgw,Year 1, summer 2, Tuesday,23427,0.1
frame,lgw,Year 1, summer 2, Tuesday,23428,21.3
frame,lgw,Year 1, summer 2, Tuesday,23429,21.3
frame,lgw,Year 1, summer 2, Tuesday,23430,21.6
frame,lgw,Year 1, summer 2, Tuesday,23431,22.7
frame,lgw,Year 1, summer 2, Tuesday,23432,0.1
frame,lgw,Year 1, summer 2, Tuesday,23433,22.7
frame,lgw,Year 1, summer 2, Tuesday,23434,21.8
frame,lgw,Year 1, summer 2, Tuesday,23435,21.1
frame,lgw,Year 1, summer 2, Tuesday,23436,0.1
frame,lgw,Year 1, summer 2, Tuesday,23437,21.4
frame,lgw,Year 1, summer 2, Tuesday,23438,21.3
frame,lgw,Year 1, summer 2, Tuesday,23439,22.3
frame,lgw,Year 1, summer 2, Tuesday,23440,0.1
frame,lgw,Year 1, summer 2, Tuesday,23441,21.8
frame,lgw,Year 1, summer 2, Tuesday,23442,22.1
frame,lgw,Year 1, summer 2, Tuesday,23443,21.3
frame,lgw,Year 1, summer 2, Tuesday,23444,0.1
frame,lgw,Year 1, summer 2, Tuesday,23445,22.2
frame,lgw,Year 1, summer 2, Tuesday,23446,21.8
frame,lgw,Year 1, summer 2, Tuesday,23447,22.2
frame,lgw,Year 1, summer 2, Tuesday,23448,0.1
frame,lgw,Year 1, summer 2, Tuesday,23449,21.7
frame,lgw,Year 1, summer 2, Tuesday,23450,21.4
frame,lgw,Year 1, summer 2, Tuesday,23451,22.1
frame,lgw,Year 1, summer 2, Tuesday,23452,21.8
frame,lgw,Year 1, summer 2, Tuesday,23453,0.1
frame,lgw,Year 1, summer 2, Tuesday,23454,21.7
frame,lgw,Year 1, summer 2, Tuesday,23455,21.6
frame,lgw,Year 1, summer 2, Tuesday,23456,22.0
frame,lgw,Year 1, summer 2, Tuesday,23457,0.1
frame,lgw,Year 1, summer 2, Tuesday,23458,21.4
frame,lgw,Year 1, summer 2, Tuesday,23459,21.2
frame,lgw,Year 1, summer 2, Tuesday,23460,21.5
frame,lgw,Year 1, summer 2, Tuesday,23461,0.1
frame,lgw,Year 1, summer 2, Tuesday,23462,21.4
frame,lgw,Year 1, summer 2, Tuesday,23463,21.3
frame,lgw,Year 1, summer 2, Tuesday,23464,21.4
frame,lgw,Year 1, summer 2, Tuesday,23465,21.7
frame,lgw,Year 1, summer 2, Tuesday,23466,0.1
frame,lgw,Year 1, summer 2, Tuesday,23467,21.5
frame,lgw,Year 1, summer 2, Tuesday,23468,21.6
frame,lgw,Year 1, summer 2, Tuesday,23469,21.5
frame,lgw,Year 1, summer 2, Tuesday,23470,0.1
frame,lgw,Year 1, summer 2, Tuesday,23471,22.0
frame,lgw,Year 1, summer 2, Tuesday,23472,21.3
frame,lgw,Year 1, summer 2, Tuesday,23473,21.9
frame,lgw,Year 1, summer 2, Tuesday,23474,21.7
frame,lgw,Year 1, summer 2, Tuesday,23475,0.1
frame,lgw,Year 1, summer 2, Tuesday,23476,21.3
frame,lgw,Year 1, summer 2, Tuesday,23477,22.1
frame,lgw,Year 1, summer 2, Tuesday,23478,21.2
frame,lgw,Year 1, summer 2, Tuesday,23479,0.1
frame,lgw,Year 1, summer 2, Tuesday,23480,21.1
frame,lgw,Year 1, summer 2, Tuesday,23481,21.6
frame,lgw,Year 1, summer 2, Tuesday,23482,21.3
frame,lgw,Year 1, summer 2, Tuesday,23483,0.1
frame,lgw,Year 1, summer 2, Tuesday,23484,21.7
frame,lgw,Year 1, summer 2, Tuesday,23485,21.7
frame,lgw,Year 1, summer 2, Tuesday,23486,21.7
frame,lgw,Year 1, summer 2, Tuesday,23487,21.3
frame,lgw,Year 1, summer 2, Tuesday,23488,0.1
frame,lgw,Year 1, summer 2, Tuesday,23489,21.2
frame,lgw,Year 1, summer 2, Tuesday,23490,21.3
frame,lgw,Year 1, summer 2, Tuesday,23491,21.2
frame,lgw,Year 1, summer 2, Tuesday,23492,0.1
frame,lgw,Year 1, summer 2, Tuesday,23493,21.5
frame,lgw,Year 1, summer 2, Tuesday,23494,21.4
frame,lgw,Year 1, summer 2, Tuesday,23495,21.7
frame,lgw,Year 1, summer 2, Tuesday,23496,21.4
frame,lgw,Year 1, summer 2, Tuesday,23497,0.1
frame,lgw,Year 1, summer 2, Tuesday,23498,21.0
frame,lgw,Year 1, summer 2, Tuesday,23499,21.6
frame,lgw,Year 1, summer 2, Tuesday,23500,21.2
frame,lgw,Year 1, summer 2, Tuesday,23501,0.1
frame,lgw,Year 1, summer 2, Tuesday,23502,21.7
frame,lgw,Year 1, summer 2, Tuesday,23503,21.8
frame,lgw,Year 1, summer 2, Tuesday,23504,21.7
frame,lgw,Year 1, summer 2, Tuesday,23505,22.2
frame,lgw,Year 1, summer 2, Tuesday,23506,0.1
frame,lgw,Year 1, summer 2, Tuesday,23507,22.0
frame,lgw,Year 1, summer 2, Tuesday,23508,21.2
frame,lgw,Year 1, summer 2, Tuesday,23509,21.4
frame,lgw,Year 1, summer 2, Tuesday,23510,0.1
frame,lgw,Year 1, summer 2, Tuesday,23511,21.2
frame,lgw,Year 1, summer 2, Tuesday,23512,21.3
frame,lgw,Year 1, summer 2, Tuesday,23513,21.4
frame,lgw,Year 1, summer 2, Tuesday,23514,0.1
frame,lgw,Year 1, summer 2, Tuesday,23515,22.3
frame,lgw,Year 1, summer 2, Tuesday,23516,21.7
frame,lgw,Year 1, summer 2, Tuesday,23517,21.7
frame,lgw,Year 1, summer 2, Tuesday,23518,21.6
frame,lgw,Year 1, summer 2, Tuesday,23519,0.1
frame,lgw,Year 1, summer 2, Tuesday,23520,21.4
frame,lgw,Year 1, summer 2, Tuesday,23521,21.9
frame,lgw,Year 1, summer 2, Tuesday,23522,21.5
frame,lgw,Year 1, summer 2, Tuesday,23523,0.1
frame,lgw,Year 1, summer 2, Tuesday,23524,21.4
frame,lgw,Year 1, summer 2, Tuesday,23525,21.4
frame,lgw,Year 1, summer 2, Tuesday,23526,21.3
frame,lgw,Year 1, summer 2, Tuesday,23527,0.1
frame,lgw,Year 1, summer 2, Tuesday,23528,21.2
frame,lgw,Year 1, summer 2, Tuesday,23529,21.7
frame,lgw,Year 1, summer 2, Tuesday,23530,21.6
frame,lgw,Year 1, summer 2, Tuesday,23531,21.7
frame,lgw,Year 1, summer 2, Tuesday,23532,0.1
frame,lgw,Year 1, summer 2, Tuesday,23533,21.7
frame,lgw,Year 1, summer 2, Tuesday,23534,21.1
frame,lgw,Year 1, summer 2, Tuesday,23535,21.8
frame,lgw,Year 1, summer 2, Tuesday,23536,0.1
frame,lgw,Year 1, summer 2, Tuesday,23537,21.5
frame,lgw,Year 1, summer 2, Tuesday,23538,21.8
frame,lgw,Year 1, summer 2, Tuesday,23539,21.7
frame,lgw,Year 1, summer 2, Tuesday,23540,21.8
frame,lgw,Year 1, summer 2, Tuesday,23541,0.1
frame,lgw,Year 1, summer 2, Tuesday,23542,21.4
frame,lgw,Year 1, summer 2, Tuesday,23543,21.6
frame,lgw,Year 1, summer 2, Tuesday,23544,22.6
frame,lgw,Year 1, summer 2, Tuesday,23545,0.1
frame,lgw,Year 1, summer 2, Tuesday,23546,22.3
frame,lgw,Year 1, summer 2, Tuesday,23547,21.6
frame,lgw,Year 1, summer 2, Tuesday,23548,22.2
frame,lgw,Year 1, summer 2, Tuesday,23549,0.1
frame,lgw,Year 1, summer 2, Tuesday,23550,21.3
frame,lgw,Year 1, summer 2, Tuesday,23551,21.4
frame,lgw,Year 1, summer 2, Tuesday,23552,21.7
frame,lgw,Year 1, summer 2, Tuesday,23553,0.7
frame,lgw,Year 1, summer 2, Tuesday,23554,22.0
frame,lgw,Year 1, summer 2, Tuesday,23555,21.4
frame,lgw,Year 1, summer 2, Tuesday,23556,21.5
frame,lgw,Year 1, summer 2, Tuesday,23557,0.1
frame,lgw,Year 1, summer 2, Tuesday,23558,21.2
frame,lgw,Year 1, summer 2, Tuesday,23559,21.6
frame,lgw,Year 1, summer 2, Tuesday,23560,21.3
frame,lgw,Year 1, summer 2, Tuesday,23561,21.5
frame,lgw,Year 1, summer 2, Tuesday,23562,0.1
frame,lgw,Year 1, summer 2, Tuesday,23563,21.6
frame,lgw,Year 1, summer 2, Tuesday,23564,21.4
frame,lgw,Year 1, summer 2, Tuesday,23565,21.2
frame,lgw,Year 1, summer 2, Tuesday,23566,0.1
frame,lgw,Year 1, summer 2, Tuesday,23567,22.0
frame,lgw,Year 1, summer 2, Tuesday,23568,21.6
frame,lgw,Year 1, summer 2, Tuesday,23569,21.7
frame,lgw,Year 1, summer 2, Tuesday,23570,21.3
frame,lgw,Year 1, summer 2, Tuesday,23571,0.1
frame,lgw,Year 1, summer 2, Tuesday,23572,21.2
frame,lgw,Year 1, summer 2, Tuesday,23573,21.5
frame,lgw,Year 1, summer 2, Tuesday,23574,21.3
frame,lgw,Year 1, summer 2, Tuesday,23575,0.1
frame,lgw,Year 1, summer 2, Tuesday,23576,21.3
frame,lgw,Year 1, summer 2, Tuesday,23577,21.2
frame,lgw,Year 1, summer 2, Tuesday,23578,21.2
frame,lgw,Year 1, summer 2, Tuesday,23579,21.6
frame,lgw,Year 1, summer 2, Tuesday,23580,0.1
frame,lgw,Year 1, summer 2, Tuesday,23581,21.5
frame,lgw,Year 1, summer 2, Tuesday,23582,21.6
frame,lgw,Year 1, summer 2, Tuesday,23583,21.5
frame,lgw,Year 1, summer 2, Tuesday,23584,0.1
frame,lgw,Year 1, summer 2, Tuesday,23585,21.1
frame,lgw,Year 1, summer 2, Tuesday,23586,21.8
frame,lgw,Year 1, summer 2, Tuesday,23587,21.4
frame,lgw,Year 1, summer 2, Tuesday,23588,21.3
frame,lgw,Year 1, summer 2, Tuesday,23589,0.1
frame,lgw,Year 1, summer 2, Tuesday,23590,21.7
frame,lgw,Year 1, summer 2, Tuesday,23591,21.1
frame,lgw,Year 1, summer 2, Tuesday,23592,21.8
frame,lgw,Year 1, summer 2, Tuesday,23593,0.1
frame,lgw,Year 1, summer 2, Tuesday,23594,21.7
frame,lgw,Year 1, summer 2, Tuesday,23595,22.1
frame,lgw,Year 1, summer 2, Tuesday,23596,21.6
frame,lgw,Year 1, summer 2, Tuesday,23597,0.1
frame,lgw,Year 1, summer 2, Tuesday,23598,21.5
frame,lgw,Year 1, summer 2, Tuesday,23599,22.3
frame,lgw,Year 1, summer 2, Tuesday,23600,21.0
frame,lgw,Year 1, summer 2, Tuesday,23601,21.0
frame,lgw,Year 1, summer 2, Tuesday,23602,0.1
frame,lgw,Year 1, summer 2, Tuesday,23603,21.7
frame,lgw,Year 1, summer 2, Tuesday,23604,21.4
frame,lgw,Year 1, summer 2, Tuesday,23605,21.4
frame,lgw,Year 1, summer 2, Tuesday,23606,0.2
frame,lgw,Year 1, summer 2, Tuesday,23607,21.9
frame,lgw,Year 1, summer 2, Tuesday,23608,21.5
frame,lgw,Year 1, summer 2, Tuesday,23609,21.2
frame,lgw,Year 1, summer 2, Tuesday,23610,21.5
frame,lgw,Year 1, summer 2, Tuesday,23611,0.1
frame,lgw,Year 1, summer 2, Tuesday,23612,21.5
frame,lgw,Year 1, summer 2, Tuesday,23613,21.5
frame,lgw,Year 1, summer 2, Tuesday,23614,21.4
frame,lgw,Year 1, summer 2, Tuesday,23615,0.1
frame,lgw,Year 1, summer 2, Tuesday,23616,22.5
frame,lgw,Year 1, summer 2, Tuesday,23617,22.2
frame,lgw,Year 1, summer 2, Tuesday,23618,21.0
frame,lgw,Year 1, summer 2, Tuesday,23619,0.1
frame,lgw,Year 1, summer 2, Tuesday,23620,21.4
frame,lgw,Year 1, summer 2, Tuesday,23621,21.3
frame,lgw,Year 1, summer 2, Tuesday,23622,21.3
frame,lgw,Year 1, summer 2, Tuesday,23623,21.4
frame,lgw,Year 1, summer 2, Tuesday,23624,0.1
frame,lgw,Year 1, summer 2, Tuesday,23625,21.6
frame,lgw,Year 1, summer 2, Tuesday,23626,21.1
frame,lgw,Year 1, summer 2, Tuesday,23627,21.2
frame,lgw,Year 1, summer 2, Tuesday,23628,0.1
frame,lgw,Year 1, summer 2, Tuesday,23629,21.1
frame,lgw,Year 1, summer 2, Tuesday,23630,22.0
frame,lgw,Year 1, summer 2, Tuesday,23631,21.4
frame,lgw,Year 1, summer 2, Tuesday,23632,21.8
frame,lgw,Year 1, summer 2, Tuesday,23633,0.1
frame,lgw,Year 1, summer 2, Tuesday,23634,21.9
frame,lgw,Year 1, summer 2, Tuesday,23635,21.0
frame,lgw,Year 1, summer 2, Tuesday,23636,22.9
frame,lgw,Year 1, summer 2, Tuesday,23637,0.1
frame,lgw,Year 1, summer 2, Tuesday,23638,21.1
frame,lgw,Year 1, summer 2, Tuesday,23639,21.4
frame,lgw,Year 1, summer 2, Tuesday,23640,21.5
frame,lgw,Year 1, summer 2, Tuesday,23641,21.5
frame,lgw,Year 1, summer 2, Tuesday,23642,0.1
frame,lgw,Year 1, summer 2, Tuesday,23643,21.2
frame,lgw,Year 1, summer 2, Tuesday,23644,22.1
frame,lgw,Year 1, summer 2, Tuesday,23645,21.6
frame,lgw,Year 1, summer 2, Tuesday,23646,0.2
frame,lgw,Year 1, summer 2, Tuesday,23647,21.5
frame,lgw,Year 1, summer 2, Tuesday,23648,21.5
frame,lgw,Year 1, summer 2, Tuesday,23649,21.9
frame,lgw,Year 1, summer 2, Tuesday,23650,0.1
frame,lgw,Year 1, summer 2, Tuesday,23651,21.1
frame,lgw,Year 1, summer 2, Tuesday,23652,21.6
frame,lgw,Year 1, summer 2, Tuesday,23653,21.8
frame,lgw,Year 1, summer 2, Tuesday,23654,21.3
frame,lgw,Year 1, summer 2, Tuesday,23655,0.1
frame,lgw,Year 1, summer 2, Tuesday,23656,21.2
frame,lgw,Year 1, summer 2, Tuesday,23657,22.1
frame,lgw,Year 1, summer 2, Tuesday,23658,21.1
frame,lgw,Year 1, summer 2, Tuesday,23659,0.1
frame,lgw,Year 1, summer 2, Tuesday,23660,21.4
frame,lgw,Year 1, summer 2, Tuesday,23661,21.1
frame,lgw,Year 1, summer 2, Tuesday,23662,21.3
frame,lgw,Year 1, summer 2, Tuesday,23663,21.4
frame,lgw,Year 1, summer 2, Tuesday,23664,0.1
frame,lgw,Year 1, summer 2, Tuesday,23665,21.4
frame,lgw,Year 1, summer 2, Tuesday,23666,21.6
frame,lgw,Year 1, summer 2, Tuesday,23667,21.6
frame,lgw,Year 1, summer 2, Tuesday,23668,0.1
frame,lgw,Year 1, summer 2, Tuesday,23669,21.5
frame,lgw,Year 1, summer 2, Tuesday,23670,21.7
frame,lgw,Year 1, summer 2, Tuesday,23671,21.4
frame,lgw,Year 1, summer 2, Tuesday,23672,0.1
frame,lgw,Year 1, summer 2, Tuesday,23673,21.4
frame,lgw,Year 1, summer 2, Tuesday,23674,22.1
frame,lgw,Year 1, summer 2, Tuesday,23675,21.8
frame,lgw,Year 1, summer 2, Tuesday,23676,21.8
frame,lgw,Year 1, summer 2, Tuesday,23677,0.2
frame,lgw,Year 1, summer 2, Tuesday,23678,21.6
frame,lgw,Year 1, summer 2, Tuesday,23679,21.5
frame,lgw,Year 1, summer 2, Tuesday,23680,21.6
frame,lgw,Year 1, summer 2, Tuesday,23681,0.1
frame,lgw,Year 1, summer 2, Tuesday,23682,22.0
frame,lgw,Year 1, summer 2, Tuesday,23683,21.2
frame,lgw,Year 1, summer 2, Tuesday,23684,21.0
frame,lgw,Year 1, summer 2, Tuesday,23685,21.5
frame,lgw,Year 1, summer 2, Tuesday,23686,0.1
frame,lgw,Year 1, summer 2, Tuesday,23687,21.7
frame,lgw,Year 1, summer 2, Tuesday,23688,21.5
frame,lgw,Year 1, summer 2, Tuesday,23689,21.3
frame,lgw,Year 1, summer 2, Tuesday,23690,0.1
frame,lgw,Year 1, summer 2, Tuesday,23691,21.4
frame,lgw,Year 1, summer 2, Tuesday,23692,21.3
frame,lgw,Year 1, summer 2, Tuesday,23693,21.6
frame,lgw,Year 1, summer 2, Tuesday,23694,0.1
frame,lgw,Year 1, summer 2, Tuesday,23695,21.6
frame,lgw,Year 1, summer 2, Tuesday,23696,21.6
frame,lgw,Year 1, summer 2, Tuesday,23697,21.4
frame,lgw,Year 1, summer 2, Tuesday,23698,21.8
frame,lgw,Year 1, summer 2, Tuesday,23699,0.1
frame,lgw,Year 1, summer 2, Tuesday,23700,21.9
frame,lgw,Year 1, summer 2, Tuesday,23701,21.3
frame,lgw,Year 1, summer 2, Tuesday,23702,21.0
frame,lgw,Year 1, summer 2, Tuesday,23703,0.1
frame,lgw,Year 1, summer 2, Tuesday,23704,21.5
frame,lgw,Year 1, summer 2, Tuesday,23705,21.8
frame,lgw,Year 1, summer 2, Tuesday,23706,21.3
frame,lgw,Year 1, summer 2, Tuesday,23707,21.8
frame,lgw,Year 1, summer 2, Tuesday,23708,0.1
frame,lgw,Year 1, summer 2, Tuesday,23709,21.5
frame,lgw,Year 1, summer 2, Tuesday,23710,22.2
frame,lgw,Year 1, summer 2, Tuesday,23711,21.4
frame,lgw,Year 1, summer 2, Tuesday,23712,0.1
frame,lgw,Year 1, summer 2, Tuesday,23713,21.9
frame,lgw,Year 1, summer 2, Tuesday,23714,21.4
frame,lgw,Year 1, summer 2, Tuesday,23715,21.5
frame,lgw,Year 1, summer 2, Tuesday,23716,0.1
frame,lgw,Year 1, summer 2, Tuesday,23717,21.2
frame,lgw,Year 1, summer 2, Tuesday,23718,21.2
frame,lgw,Year 1, summer 2, Tuesday,23719,21.9
frame,lgw,Year 1, summer 2, Tuesday,23720,21.6
frame,lgw,Year 1, summer 2, Tuesday,23721,0.1
frame,lgw,Year 1, summer 2, Tuesday,23722,21.0
frame,lgw,Year 1, summer 2, Tuesday,23723,21.8
frame,lgw,Year 1, summer 2, Tuesday,23724,21.3
frame,lgw,Year 1, summer 2, Tuesday,23725,0.1
frame,lgw,Year 1, summer 2, Tuesday,23726,21.5
frame,lgw,Year 1, summer 2, Tuesday,23727,22.2
frame,lgw,Year 1, summer 2, Tuesday,23728,21.5
frame,lgw,Year 1, summer 2, Tuesday,23729,0.1
frame,lgw,Year 1, summer 2, Tuesday,23730,21.4
frame,lgw,Year 1, summer 2, Tuesday,23731,21.6
frame,lgw,Year 1, summer 2, Tuesday,23732,22.0
frame,lgw,Year 1, summer 2, Tuesday,23733,21.8
frame,lgw,Year 1, summer 2, Tuesday,23734,0.1
frame,lgw,Year 1, summer 2, Tuesday,23735,21.3
frame,lgw,Year 1, summer 2, Tuesday,23736,21.2
frame,lgw,Year 1, summer 2, Tuesday,23737,21.1
frame,lgw,Year 1, summer 2, Tuesday,23738,0.1
frame,lgw,Year 1, summer 2, Tuesday,23739,22.2
frame,lgw,Year 1, summer 2, Tuesday,23740,21.2
frame,lgw,Year 1, summer 2, Tuesday,23741,21.6
frame,lgw,Year 1, summer 2, Tuesday,23742,21.6
frame,lgw,Year 1, summer 2, Tuesday,23743,0.1
frame,lgw,Year 1, summer 2, Tuesday,23744,22.1
frame,lgw,Year 1, summer 2, Tuesday,23745,22.0
frame,lgw,Year 1, summer 2, Tuesday,23746,21.9
frame,lgw,Year 1, summer 2, Tuesday,23747,0.2
frame,lgw,Year 1, summer 2, Tuesday,23748,21.6
frame,lgw,Year 1, summer 2, Tuesday,23749,21.4
frame,lgw,Year 1, summer 2, Tuesday,23750,21.7
frame,lgw,Year 1, summer 2, Tuesday,23751,0.2
frame,lgw,Year 1, summer 2, Tuesday,23752,21.4
frame,lgw,Year 1, summer 2, Tuesday,23753,21.3
frame,lgw,Year 1, summer 2, Tuesday,23754,21.4
frame,lgw,Year 1, summer 2, Tuesday,23755,21.3
frame,lgw,Year 1, summer 2, Tuesday,23756,0.1
frame,lgw,Year 1, summer 2, Tuesday,23757,21.6
frame,lgw,Year 1, summer 2, Tuesday,23758,22.2
frame,lgw,Year 1, summer 2, Tuesday,23759,21.7
frame,lgw,Year 1, summer 2, Tuesday,23760,0.1
frame,lgw,Year 1, summer 2, Tuesday,23761,21.9
frame,lgw,Year 1, summer 2, Tuesday,23762,21.5
frame,lgw,Year 1, summer 2, Tuesday,23763,21.5
frame,lgw,Year 1, summer 2, Tuesday,23764,0.1
frame,lgw,Year 1, summer 2, Tuesday,23765,21.5
frame,lgw,Year 1, summer 2, Tuesday,23766,21.1
frame,lgw,Year 1, summer 2, Tuesday,23767,21.3
frame,lgw,Year 1, summer 2, Tuesday,23768,21.5
frame,lgw,Year 1, summer 2, Tuesday,23769,0.1
frame,lgw,Year 1, summer 2, Tuesday,23770,21.5
frame,lgw,Year 1, summer 2, Tuesday,23771,21.5
frame,lgw,Year 1, summer 2, Tuesday,23772,22.0
frame,lgw,Year 1, summer 2, Tuesday,23773,0.1
frame,lgw,Year 1, summer 2, Tuesday,23774,21.2
frame,lgw,Year 1, summer 2, Tuesday,23775,21.1
frame,lgw,Year 1, summer 2, Tuesday,23776,22.2
frame,lgw,Year 1, summer 2, Tuesday,23777,21.2
frame,lgw,Year 1, summer 2, Tuesday,23778,0.1
frame,lgw,Year 1, summer 2, Tuesday,23779,21.7
frame,lgw,Year 1, summer 2, Tuesday,23780,22.6
frame,lgw,Year 1, summer 2, Tuesday,23781,21.3
frame,lgw,Year 1, summer 2, Tuesday,23782,0.1
frame,lgw,Year 1, summer 2, Tuesday,23783,21.8
frame,lgw,Year 1, summer 2, Tuesday,23784,22.2
frame,lgw,Year 1, summer 2, Tuesday,23785,21.3
frame,lgw,Year 1, summer 2, Tuesday,23786,0.1
frame,lgw,Year 1, summer 2, Tuesday,23787,22.0
frame,lgw,Year 1, summer 2, Tuesday,23788,21.8
frame,lgw,Year 1, summer 2, Tuesday,23789,21.9
frame,lgw,Year 1, summer 2, Tuesday,23790,0.1
frame,lgw,Year 1, summer 2, Tuesday,23791,21.8
frame,lgw,Year 1, summer 2, Tuesday,23792,21.3
frame,lgw,Year 1, summer 2, Tuesday,23793,21.5
frame,lgw,Year 1, summer 2, Tuesday,23794,21.0
frame,lgw,Year 1, summer 2, Tuesday,23795,0.1
frame,lgw,Year 1, summer 2, Tuesday,23796,21.5
frame,lgw,Year 1, summer 2, Tuesday,23797,21.5
frame,lgw,Year 1, summer 2, Tuesday,23798,21.2
frame,lgw,Year 1, summer 2, Tuesday,23799,0.1
frame,lgw,Year 1, summer 2, Tuesday,23800,22.2
frame,lgw,Year 1, summer 2, Tuesday,23801,21.3
frame,lgw,Year 1, summer 2, Tuesday,23802,21.3
frame,lgw,Year 1, summer 2, Tuesday,23803,21.4
frame,lgw,Year 1, summer 2, Tuesday,23804,0.1
frame,lgw,Year 1, summer 2, Tuesday,23805,21.5
frame,lgw,Year 1, summer 2, Tuesday,23806,21.5
frame,lgw,Year 1, summer 2, Tuesday,23807,21.6
frame,lgw,Year 1, summer 2, Tuesday,23808,0.1
frame,lgw,Year 1, summer 2, Tuesday,23809,21.3
frame,lgw,Year 1, summer 2, Tuesday,23810,21.1
frame,lgw,Year 1, summer 2, Tuesday,23811,21.4
frame,lgw,Year 1, summer 2, Tuesday,23812,21.1
frame,lgw,Year 1, summer 2, Tuesday,23813,0.1
frame,lgw,Year 1, summer 2, Tuesday,23814,21.3
frame,lgw,Year 1, summer 2, Tuesday,23815,21.5
frame,lgw,Year 1, summer 2, Tuesday,23816,21.9
frame,lgw,Year 1, summer 2, Tuesday,23817,0.1
frame,lgw,Year 1, summer 2, Tuesday,23818,21.1
frame,lgw,Year 1, summer 2, Tuesday,23819,21.3
frame,lgw,Year 1, summer 2, Tuesday,23820,21.2
frame,lgw,Year 1, summer 2, Tuesday,23821,21.6
frame,lgw,Year 1, summer 2, Tuesday,23822,0.2
frame,lgw,Year 1, summer 2, Tuesday,23823,21.8
frame,lgw,Year 1, summer 2, Tuesday,23824,21.3
frame,lgw,Year 1, summer 2, Tuesday,23825,21.6
frame,lgw,Year 1, summer 2, Tuesday,23826,0.2
frame,lgw,Year 1, summer 2, Tuesday,23827,22.4
frame,lgw,Year 1, summer 2, Tuesday,23828,21.5
frame,lgw,Year 1, summer 2, Tuesday,23829,21.1
frame,lgw,Year 1, summer 2, Tuesday,23830,0.1
frame,lgw,Year 1, summer 2, Tuesday,23831,22.1
frame,lgw,Year 1, summer 2, Tuesday,23832,21.9
frame,lgw,Year 1, summer 2, Tuesday,23833,21.6
frame,lgw,Year 1, summer 2, Tuesday,23834,22.3
frame,lgw,Year 1, summer 2, Tuesday,23835,0.1
frame,lgw,Year 1, summer 2, Tuesday,23836,21.4
frame,lgw,Year 1, summer 2, Tuesday,23837,22.0
frame,lgw,Year 1, summer 2, Tuesday,23838,21.4
frame,lgw,Year 1, summer 2, Tuesday,23839,0.1
frame,lgw,Year 1, summer 2, Tuesday,23840,22.7
frame,lgw,Year 1, summer 2, Tuesday,23841,22.3
frame,lgw,Year 1, summer 2, Tuesday,23842,22.2
frame,lgw,Year 1, summer 2, Tuesday,23843,0.1
frame,lgw,Year 1, summer 2, Tuesday,23844,22.6
frame,lgw,Year 1, summer 2, Tuesday,23845,21.6
frame,lgw,Year 1, summer 2, Tuesday,23846,21.7
frame,lgw,Year 1, summer 2, Tuesday,23847,0.1
frame,lgw,Year 1, summer 2, Tuesday,23848,22.2
frame,lgw,Year 1, summer 2, Tuesday,23849,22.4
frame,lgw,Year 1, summer 2, Tuesday,23850,22.6
frame,lgw,Year 1, summer 2, Tuesday,23851,0.2
frame,lgw,Year 1, summer 2, Tuesday,23852,21.3
frame,lgw,Year 1, summer 2, Tuesday,23853,21.7
frame,lgw,Year 1, summer 2, Tuesday,23854,21.4
frame,lgw,Year 1, summer 2, Tuesday,23855,0.3
frame,lgw,Year 1, summer 2, Tuesday,23856,23.1
frame,lgw,Year 1, summer 2, Tuesday,23857,22.1
frame,lgw,Year 1, summer 2, Tuesday,23858,21.5
frame,lgw,Year 1, summer 2, Tuesday,23859,0.1
frame,lgw,Year 1, summer 2, Tuesday,23860,21.3
frame,lgw,Year 1, summer 2, Tuesday,23861,22.0
frame,lgw,Year 1, summer 2, Tuesday,23862,21.3
frame,lgw,Year 1, summer 2, Tuesday,23863,0.1
frame,lgw,Year 1, summer 2, Tuesday,23864,21.5
frame,lgw,Year 1, summer 2, Tuesday,23865,21.4
frame,lgw,Year 1, summer 2, Tuesday,23866,21.7
frame,lgw,Year 1, summer 2, Tuesday,23867,21.2
frame,lgw,Year 1, summer 2, Tuesday,23868,0.1
frame,lgw,Year 1, summer 2, Tuesday,23869,21.9
frame,lgw,Year 1, summer 2, Tuesday,23870,21.5
frame,lgw,Year 1, summer 2, Tuesday,23871,21.5
frame,lgw,Year 1, summer 2, Tuesday,23872,0.1
frame,lgw,Year 1, summer 2, Tuesday,23873,21.2
frame,lgw,Year 1, summer 2, Tuesday,23874,22.1
frame,lgw,Year 1, summer 2, Tuesday,23875,21.1
frame,lgw,Year 1, summer 2, Tuesday,23876,21.6
frame,lgw,Year 1, summer 2, Tuesday,23877,0.1
frame,lgw,Year 1, summer 2, Tuesday,23878,21.7
frame,lgw,Year 1, summer 2, Tuesday,23879,21.7
frame,lgw,Year 1, summer 2, Tuesday,23880,21.4
frame,lgw,Year 1, summer 2, Tuesday,23881,0.1
frame,lgw,Year 1, summer 2, Tuesday,23882,21.7
frame,lgw,Year 1, summer 2, Tuesday,23883,21.3
frame,lgw,Year 1, summer 2, Tuesday,23884,21.9
frame,lgw,Year 1, summer 2, Tuesday,23885,0.1
frame,lgw,Year 1, summer 2, Tuesday,23886,21.6
frame,lgw,Year 1, summer 2, Tuesday,23887,22.0
frame,lgw,Year 1, summer 2, Tuesday,23888,21.6
frame,lgw,Year 1, summer 2, Tuesday,23889,22.1
frame,lgw,Year 1, summer 2, Tuesday,23890,0.1
frame,lgw,Year 1, summer 2, Tuesday,23891,22.8
frame,lgw,Year 1, summer 2, Tuesday,23892,21.5
frame,lgw,Year 1, summer 2, Tuesday,23893,22.6
frame,lgw,Year 1, summer 2, Tuesday,23894,0.1
frame,lgw,Year 1, summer 2, Tuesday,23895,22.6
frame,lgw,Year 1, summer 2, Tuesday,23896,21.7
frame,lgw,Year 1, summer 2, Tuesday,23897,21.4
frame,lgw,Year 1, summer 2, Tuesday,23898,0.1
frame,lgw,Year 1, summer 2, Tuesday,23899,21.6
frame,lgw,Year 1, summer 2, Tuesday,23900,21.2
frame,lgw,Year 1, summer 2, Tuesday,23901,21.3
frame,lgw,Year 1, summer 2, Tuesday,23902,0.1
frame,lgw,Year 1, summer 2, Tuesday,23903,21.0
frame,lgw,Year 1, summer 2, Tuesday,23904,21.3
frame,lgw,Year 1, summer 2, Tuesday,23905,21.5
frame,lgw,Year 1, summer 2, Tuesday,23906,21.7
frame,lgw,Year 1, summer 2, Tuesday,23907,0.1
frame,lgw,Year 1, summer 2, Tuesday,23908,21.3
frame,lgw,Year 1, summer 2, Tuesday,23909,21.2
frame,lgw,Year 1, summer 2, Tuesday,23910,21.2
frame,lgw,Year 1, summer 2, Tuesday,23911,0.1
frame,lgw,Year 1, summer 2, Tuesday,23912,21.5
frame,lgw,Year 1, summer 2, Tuesday,23913,21.2
frame,lgw,Year 1, summer 2, Tuesday,23914,21.3
frame,lgw,Year 1, summer 2, Tuesday,23915,21.3
frame,lgw,Year 1, summer 2, Tuesday,23916,0.1
frame,lgw,Year 1, summer 2, Tuesday,23917,21.9
frame,lgw,Year 1, summer 2, Tuesday,23918,21.8
frame,lgw,Year 1, summer 2, Tuesday,23919,21.6
frame,lgw,Year 1, summer 2, Tuesday,23920,0.1
frame,lgw,Year 1, summer 2, Tuesday,23921,21.9
frame,lgw,Year 1, summer 2, Tuesday,23922,21.4
frame,lgw,Year 1, summer 2, Tuesday,23923,21.2
frame,lgw,Year 1, summer 2, Tuesday,23924,0.1
frame,lgw,Year 1, summer 2, Tuesday,23925,21.2
frame,lgw,Year 1, summer 2, Tuesday,23926,21.5
frame,lgw,Year 1, summer 2, Tuesday,23927,21.3
frame,lgw,Year 1, summer 2, Tuesday,23928,21.4
frame,lgw,Year 1, summer 2, Tuesday,23929,0.1
frame,lgw,Year 1, summer 2, Tuesday,23930,21.4
frame,lgw,Year 1, summer 2, Tuesday,23931,21.4
frame,lgw,Year 1, summer 2, Tuesday,23932,21.8
frame,lgw,Year 1, summer 2, Tuesday,23933,0.1
frame,lgw,Year 1, summer 2, Tuesday,23934,21.1
frame,lgw,Year 1, summer 2, Tuesday,23935,21.3
frame,lgw,Year 1, summer 2, Tuesday,23936,21.6
frame,lgw,Year 1, summer 2, Tuesday,23937,21.7
frame,lgw,Year 1, summer 2, Tuesday,23938,0.1
frame,lgw,Year 1, summer 2, Tuesday,23939,21.6
frame,lgw,Year 1, summer 2, Tuesday,23940,21.4
frame,lgw,Year 1, summer 2, Tuesday,23941,21.2
frame,lgw,Year 1, summer 2, Tuesday,23942,0.1
frame,lgw,Year 1, summer 2, Tuesday,23943,22.3
frame,lgw,Year 1, summer 2, Tuesday,23944,21.3
frame,lgw,Year 1, summer 2, Tuesday,23945,21.3
frame,lgw,Year 1, summer 2, Tuesday,23946,22.5
frame,lgw,Year 1, summer 2, Tuesday,23947,0.1
frame,lgw,Year 1, summer 2, Tuesday,23948,21.8
frame,lgw,Year 1, summer 2, Tuesday,23949,21.4
frame,lgw,Year 1, summer 2, Tuesday,23950,22.3
frame,lgw,Year 1, summer 2, Tuesday,23951,0.3
frame,lgw,Year 1, summer 2, Tuesday,23952,21.2
frame,lgw,Year 1, summer 2, Tuesday,23953,21.4
frame,lgw,Year 1, summer 2, Tuesday,23954,21.9
frame,lgw,Year 1, summer 2, Tuesday,23955,0.1
frame,lgw,Year 1, summer 2, Tuesday,23956,21.3
frame,lgw,Year 1, summer 2, Tuesday,23957,21.5
frame,lgw,Year 1, summer 2, Tuesday,23958,21.7
frame,lgw,Year 1, summer 2, Tuesday,23959,22.0
frame,lgw,Year 1, summer 2, Tuesday,23960,0.1
frame,lgw,Year 1, summer 2, Tuesday,23961,21.6
frame,lgw,Year 1, summer 2, Tuesday,23962,21.9
frame,lgw,Year 1, summer 2, Tuesday,23963,21.7
frame,lgw,Year 1, summer 2, Tuesday,23964,0.1
frame,lgw,Year 1, summer 2, Tuesday,23965,22.0
frame,lgw,Year 1, summer 2, Tuesday,23966,21.9
frame,lgw,Year 1, summer 2, Tuesday,23967,21.7
frame,lgw,Year 1, summer 2, Tuesday,23968,0.1
frame,lgw,Year 1, summer 2, Tuesday,23969,21.5
frame,lgw,Year 1, summer 2, Tuesday,23970,21.7
frame,lgw,Year 1, summer 2, Tuesday,23971,21.3
frame,lgw,Year 1, summer 2, Tuesday,23972,0.1
frame,lgw,Year 1, summer 2, Tuesday,23973,22.2
frame,lgw,Year 1, summer 2, Tuesday,23974,21.2
frame,lgw,Year 1, summer 2, Tuesday,23975,21.3
frame,lgw,Year 1, summer 2, Tuesday,23976,21.7
frame,lgw,Year 1, summer 2, Tuesday,23977,0.1
frame,lgw,Year 1, summer 2, Tuesday,23978,21.2
frame,lgw,Year 1, summer 2, Tuesday,23979,21.3
frame,lgw,Year 1, summer 2, Tuesday,23980,21.6
frame,lgw,Year 1, summer 2, Tuesday,23981,0.1
frame,lgw,Year 1, summer 2, Tuesday,23982,21.5
frame,lgw,Year 1, summer 2, Tuesday,23983,21.5
frame,lgw,Year 1, summer 2, Tuesday,23984,21.3
frame,lgw,Year 1, summer 2, Tuesday,23985,21.0
frame,lgw,Year 1, summer 2, Tuesday,23986,0.1
frame,lgw,Year 1, summer 2, Tuesday,23987,21.6
frame,lgw,Year 1, summer 2, Tuesday,23988,21.2
frame,lgw,Year 1, summer 2, Tuesday,23989,21.2
frame,lgw,Year 1, summer 2, Tuesday,23990,0.1
frame,lgw,Year 1, summer 2, Tuesday,23991,21.6
frame,lgw,Year 1, summer 2, Tuesday,23992,21.5
frame,lgw,Year 1, summer 2, Tuesday,23993,21.5
frame,lgw,Year 1, summer 2, Tuesday,23994,23.0
frame,lgw,Year 1, summer 2, Tuesday,23995,0.1
frame,lgw,Year 1, summer 2, Tuesday,23996,21.4
frame,lgw,Year 1, summer 2, Tuesday,23997,21.5
frame,lgw,Year 1, summer 2, Tuesday,23998,21.2
frame,lgw,Year 1, summer 2, Tuesday,23999,0.1
lag,lgw,Year 1, summer 2, Tuesday,28829,50.6
lag,lgw,Year 1, summer 2, Tuesday,28875,152.7
frame,lgw,Year 1, summer 2, Tuesday,29120,16.7
frame,lgw,Year 1, summer 2, Tuesday,29121,16.6
frame,lgw,Year 1, summer 2, Tuesday,29122,16.7
frame,lgw,Year 1, summer 2, Tuesday,29123,16.6
frame,lgw,Year 1, summer 2, Tuesday,29124,16.7
frame,lgw,Year 1, summer 2, Tuesday,29125,16.7
frame,lgw,Year 1, summer 2, Tuesday,29126,16.7
frame,lgw,Year 1, summer 2, Tuesday,29127,17.2
frame,lgw,Year 1, summer 2, Tuesday,29128,16.1
frame,lgw,Year 1, summer 2, Tuesday,29129,16.7
frame,lgw,Year 1, summer 2, Tuesday,29130,16.7
frame,lgw,Year 1, summer 2, Tuesday,29131,16.7
frame,lgw,Year 1, summer 2, Tuesday,29132,16.6
frame,lgw,Year 1, summer 2, Tuesday,29133,16.6
frame,lgw,Year 1, summer 2, Tuesday,29134,16.7
frame,lgw,Year 1, summer 2, Tuesday,29135,16.6
frame,lgw,Year 1, summer 2, Tuesday,29136,16.7
frame,lgw,Year 1, summer 2, Tuesday,29137,16.7
frame,lgw,Year 1, summer 2, Tuesday,29138,16.7
frame,lgw,Year 1, summer 2, Tuesday,29139,16.7
frame,lgw,Year 1, summer 2, Tuesday,29140,16.7
frame,lgw,Year 1, summer 2, Tuesday,29141,16.7
frame,lgw,Year 1, summer 2, Tuesday,29142,16.7
frame,lgw,Year 1, summer 2, Tuesday,29143,16.6
frame,lgw,Year 1, summer 2, Tuesday,29144,16.6
frame,lgw,Year 1, summer 2, Tuesday,29145,16.7
frame,lgw,Year 1, summer 2, Tuesday,29146,16.7
frame,lgw,Year 1, summer 2, Tuesday,29147,16.7
frame,lgw,Year 1, summer 2, Tuesday,29148,16.7
frame,lgw,Year 1, summer 2, Tuesday,29149,16.7
frame,lgw,Year 1, summer 2, Tuesday,29150,16.6
frame,lgw,Year 1, summer 2, Tuesday,29151,16.6
frame,lgw,Year 1, summer 2, Tuesday,29152,16.7
frame,lgw,Year 1, summer 2, Tuesday,29153,16.6
frame,lgw,Year 1, summer 2, Tuesday,29154,16.7
frame,lgw,Year 1, summer 2, Tuesday,29155,16.7
frame,lgw,Year 1, summer 2, Tuesday,29156,16.8
frame,lgw,Year 1, summer 2, Tuesday,29157,16.7
frame,lgw,Year 1, summer 2, Tuesday,29158,16.6
frame,lgw,Year 1, summer 2, Tuesday,29159,16.7
frame,lgw,Year 1, summer 2, Tuesday,29160,16.7
frame,lgw,Year 1, summer 2, Tuesday,29161,16.6
frame,lgw,Year 1, summer 2, Tuesday,29162,16.7
frame,lgw,Year 1, summer 2, Tuesday,29163,16.6
frame,lgw,Year 1, summer 2, Tuesday,29164,16.7
frame,lgw,Year 1, summer 2, Tuesday,29165,16.6
frame,lgw,Year 1, summer 2, Tuesday,29166,16.7
frame,lgw,Year 1, summer 2, Tuesday,29167,16.7
frame,lgw,Year 1, summer 2, Tuesday,29168,16.6
frame,lgw,Year 1, summer 2, Tuesday,29169,16.6
frame,lgw,Year 1, summer 2, Tuesday,29170,16.7
frame,lgw,Year 1, summer 2, Tuesday,29171,16.7
frame,lgw,Year 1, summer 2, Tuesday,29172,16.8
frame,lgw,Year 1, summer 2, Tuesday,29173,16.6
frame,lgw,Year 1, summer 2, Tuesday,29174,16.6
frame,lgw,Year 1, summer 2, Tuesday,29175,16.6
frame,lgw,Year 1, summer 2, Tuesday,29176,16.7
frame,lgw,Year 1, summer 2, Tuesday,29177,16.7
frame,lgw,Year 1, summer 2, Tuesday,29178,16.6
frame,lgw,Year 1, summer 2, Tuesday,29179,16.7
frame,lgw,Year 1, summer 2, Tuesday,29180,16.7
frame,lgw,Year 1, summer 2, Tuesday,29181,16.7
frame,lgw,Year 1, summer 2, Tuesday,29182,16.6
frame,lgw,Year 1, summer 2, Tuesday,29183,16.6
frame,lgw,Year 1, summer 2, Tuesday,29184,16.7
frame,lgw,Year 1, summer 2, Tuesday,29185,16.7
frame,lgw,Year 1, summer 2, Tuesday,29186,16.7
frame,lgw,Year 1, summer 2, Tuesday,29187,16.7
frame,lgw,Year 1, summer 2, Tuesday,29188,16.6
frame,lgw,Year 1, summer 2, Tuesday,29189,16.7
frame,lgw,Year 1, summer 2, Tuesday,29190,16.7
frame,lgw,Year 1, summer 2, Tuesday,29191,16.7
frame,lgw,Year 1, summer 2, Tuesday,29192,16.6
frame,lgw,Year 1, summer 2, Tuesday,29193,16.7
frame,lgw,Year 1, summer 2, Tuesday,29194,16.6
frame,lgw,Year 1, summer 2, Tuesday,29195,16.7
frame,lgw,Year 1, summer 2, Tuesday,29196,16.6
frame,lgw,Year 1, summer 2, Tuesday,29197,16.7
frame,lgw,Year 1, summer 2, Tuesday,29198,16.6
frame,lgw,Year 1, summer 2, Tuesday,29199,16.6
frame,lgw,Year 1, summer 2, Tuesday,29200,16.7
frame,lgw,Year 1, summer 2, Tuesday,29201,16.7
frame,lgw,Year 1, summer 2, Tuesday,29202,16.7
frame,lgw,Year 1, summer 2, Tuesday,29203,16.7
frame,lgw,Year 1, summer 2, Tuesday,29204,16.6
frame,lgw,Year 1, summer 2, Tuesday,29205,16.7
frame,lgw,Year 1, summer 2, Tuesday,29206,16.6
frame,lgw,Year 1, summer 2, Tuesday,29207,16.6
frame,lgw,Year 1, summer 2, Tuesday,29208,16.7
frame,lgw,Year 1, summer 2, Tuesday,29209,16.6
frame,lgw,Year 1, summer 2, Tuesday,29210,16.6
frame,lgw,Year 1, summer 2, Tuesday,29211,16.7
frame,lgw,Year 1, summer 2, Tuesday,29212,16.7
frame,lgw,Year 1, summer 2, Tuesday,29213,16.7
frame,lgw,Year 1, summer 2, Tuesday,29214,16.7
frame,lgw,Year 1, summer 2, Tuesday,29215,16.7
frame,lgw,Year 1, summer 2, Tuesday,29216,16.7
frame,lgw,Year 1, summer 2, Tuesday,29217,16.9
frame,lgw,Year 1, summer 2, Tuesday,29218,16.5
frame,lgw,Year 1, summer 2, Tuesday,29219,16.5
frame,lgw,Year 1, summer 2, Tuesday,29220,16.6
frame,lgw,Year 1, summer 2, Tuesday,29221,16.7
frame,lgw,Year 1, summer 2, Tuesday,29222,16.7
frame,lgw,Year 1, summer 2, Tuesday,29223,16.7
frame,lgw,Year 1, summer 2, Tuesday,29224,16.7
frame,lgw,Year 1, summer 2, Tuesday,29225,16.6
frame,lgw,Year 1, summer 2, Tuesday,29226,16.7
frame,lgw,Year 1, summer 2, Tuesday,29227,16.6
frame,lgw,Year 1, summer 2, Tuesday,29228,16.8
frame,lgw,Year 1, summer 2, Tuesday,29229,16.6
frame,lgw,Year 1, summer 2, Tuesday,29230,16.6
frame,lgw,Year 1, summer 2, Tuesday,29231,16.7
frame,lgw,Year 1, summer 2, Tuesday,29232,16.8
frame,lgw,Year 1, summer 2, Tuesday,29233,16.6
frame,lgw,Year 1, summer 2, Tuesday,29234,16.6
frame,lgw,Year 1, summer 2, Tuesday,29235,16.7
frame,lgw,Year 1, summer 2, Tuesday,29236,16.6
frame,lgw,Year 1, summer 2, Tuesday,29237,16.7
frame,lgw,Year 1, summer 2, Tuesday,29238,16.7
frame,lgw,Year 1, summer 2, Tuesday,29239,16.6
frame,lgw,Year 1, summer 2, Tuesday,29240,16.7
frame,lgw,Year 1, summer 2, Tuesday,29241,16.6
frame,lgw,Year 1, summer 2, Tuesday,29242,17.0
frame,lgw,Year 1, summer 2, Tuesday,29243,16.4
frame,lgw,Year 1, summer 2, Tuesday,29244,16.6
frame,lgw,Year 1, summer 2, Tuesday,29245,16.6
frame,lgw,Year 1, summer 2, Tuesday,29246,17.0
frame,lgw,Year 1, summer 2, Tuesday,29247,16.4
frame,lgw,Year 1, summer 2, Tuesday,29248,16.6
frame,lgw,Year 1, summer 2, Tuesday,29249,16.7
frame,lgw,Year 1, summer 2, Tuesday,29250,16.6
frame,lgw,Year 1, summer 2, Tuesday,29251,16.7
frame,lgw,Year 1, summer 2, Tuesday,29252,16.7
frame,lgw,Year 1, summer 2, Tuesday,29253,16.7
frame,lgw,Year 1, summer 2, Tuesday,29254,16.9
frame,lgw,Year 1, summer 2, Tuesday,29255,16.4
frame,lgw,Year 1, summer 2, Tuesday,29256,16.6
frame,lgw,Year 1, summer 2, Tuesday,29257,16.7
frame,lgw,Year 1, summer 2, Tuesday,29258,16.8
frame,lgw,Year 1, summer 2, Tuesday,29259,17.0
frame,lgw,Year 1, summer 2, Tuesday,29260,16.4
frame,lgw,Year 1, summer 2, Tuesday,29261,16.5
frame,lgw,Year 1, summer 2, Tuesday,29262,16.6
frame,lgw,Year 1, summer 2, Tuesday,29263,16.7
frame,lgw,Year 1, summer 2, Tuesday,29264,17.0
frame,lgw,Year 1, summer 2, Tuesday,29265,16.3
frame,lgw,Year 1, summer 2, Tuesday,29266,16.7
frame,lgw,Year 1, summer 2, Tuesday,29267,16.8
frame,lgw,Year 1, summer 2, Tuesday,29268,16.6
frame,lgw,Year 1, summer 2, Tuesday,29269,17.2
frame,lgw,Year 1, summer 2, Tuesday,29270,16.0
frame,lgw,Year 1, summer 2, Tuesday,29271,16.9
frame,lgw,Year 1, summer 2, Tuesday,29272,16.5
frame,lgw,Year 1, summer 2, Tuesday,29273,16.6
frame,lgw,Year 1, summer 2, Tuesday,29274,16.7
frame,lgw,Year 1, summer 2, Tuesday,29275,17.0
frame,lgw,Year 1, summer 2, Tuesday,29276,16.5
frame,lgw,Year 1, summer 2, Tuesday,29277,16.6
frame,lgw,Year 1, summer 2, Tuesday,29278,16.6
frame,lgw,Year 1, summer 2, Tuesday,29279,16.8
frame,lgw,Year 1, summer 2, Tuesday,29280,16.6
frame,lgw,Year 1, summer 2, Tuesday,29281,16.6
frame,lgw,Year 1, summer 2, Tuesday,29282,16.7
frame,lgw,Year 1, summer 2, Tuesday,29283,16.8
frame,lgw,Year 1, summer 2, Tuesday,29284,16.7
frame,lgw,Year 1, summer 2, Tuesday,29285,16.6
frame,lgw,Year 1, summer 2, Tuesday,29286,16.7
frame,lgw,Year 1, summer 2, Tuesday,29287,16.7
frame,lgw,Year 1, summer 2, Tuesday,29288,16.6
frame,lgw,Year 1, summer 2, Tuesday,29289,16.6
frame,lgw,Year 1, summer 2, Tuesday,29290,16.7
frame,lgw,Year 1, summer 2, Tuesday,29291,16.9
frame,lgw,Year 1, summer 2, Tuesday,29292,17.0
frame,lgw,Year 1, summer 2, Tuesday,29293,16.2
frame,lgw,Year 1, summer 2, Tuesday,29294,16.6
frame,lgw,Year 1, summer 2, Tuesday,29295,16.5
frame,lgw,Year 1, summer 2, Tuesday,29296,16.7
frame,lgw,Year 1, summer 2, Tuesday,29297,16.9
frame,lgw,Year 1, summer 2, Tuesday,29298,16.4
frame,lgw,Year 1, summer 2, Tuesday,29299,16.6
frame,lgw,Year 1, summer 2, Tuesday,29300,16.6
frame,lgw,Year 1, summer 2, Tuesday,29301,16.7
frame,lgw,Year 1, summer 2, Tuesday,29302,16.7
frame,lgw,Year 1, summer 2, Tuesday,29303,16.7
frame,lgw,Year 1, summer 2, Tuesday,29304,16.7
frame,lgw,Year 1, summer 2, Tuesday,29305,16.6
frame,lgw,Year 1, summer 2, Tuesday,29306,16.7
frame,lgw,Year 1, summer 2, Tuesday,29307,16.8
frame,lgw,Year 1, summer 2, Tuesday,29308,16.6
frame,lgw,Year 1, summer 2, Tuesday,29309,16.8
frame,lgw,Year 1, summer 2, Tuesday,29310,16.8
frame,lgw,Year 1, summer 2, Tuesday,29311,16.4
frame,lgw,Year 1, summer 2, Tuesday,29312,16.7
frame,lgw,Year 1, summer 2, Tuesday,29313,16.7
frame,lgw,Year 1, summer 2, Tuesday,29314,16.7
frame,lgw,Year 1, summer 2, Tuesday,29315,16.6
frame,lgw,Year 1, summer 2, Tuesday,29316,16.9
frame,lgw,Year 1, summer 2, Tuesday,29317,16.9
frame,lgw,Year 1, summer 2, Tuesday,29318,16.4
frame,lgw,Year 1, summer 2, Tuesday,29319,16.6
frame,lgw,Year 1, summer 2, Tuesday,29320,16.6
frame,lgw,Year 1, summer 2, Tuesday,29321,16.7
frame,lgw,Year 1, summer 2, Tuesday,29322,16.6
frame,lgw,Year 1, summer 2, Tuesday,29323,16.6
frame,lgw,Year 1, summer 2, Tuesday,29324,16.7
frame,lgw,Year 1, summer 2, Tuesday,29325,16.7
frame,lgw,Year 1, summer 2, Tuesday,29326,16.6
frame,lgw,Year 1, summer 2, Tuesday,29327,16.7
frame,lgw,Year 1, summer 2, Tuesday,29328,16.7
frame,lgw,Year 1, summer 2, Tuesday,29329,17.4
frame,lgw,Year 1, summer 2, Tuesday,29330,15.9
frame,lgw,Year 1, summer 2, Tuesday,29331,16.7
frame,lgw,Year 1, summer 2, Tuesday,29332,16.6
frame,lgw,Year 1, summer 2, Tuesday,29333,16.9
frame,lgw,Year 1, summer 2, Tuesday,29334,16.6
frame,lgw,Year 1, summer 2, Tuesday,29335,16.5
frame,lgw,Year 1, summer 2, Tuesday,29336,16.7
frame,lgw,Year 1, summer 2, Tuesday,29337,16.6
frame,lgw,Year 1, summer 2, Tuesday,29338,16.7
frame,lgw,Year 1, summer 2, Tuesday,29339,16.6
frame,lgw,Year 1, summer 2, Tuesday,29340,16.7
frame,lgw,Year 1, summer 2, Tuesday,29341,16.7
frame,lgw,Year 1, summer 2, Tuesday,29342,16.6
frame,lgw,Year 1, summer 2, Tuesday,29343,16.8
frame,lgw,Year 1, summer 2, Tuesday,29344,16.6
frame,lgw,Year 1, summer 2, Tuesday,29345,16.7
frame,lgw,Year 1, summer 2, Tuesday,29346,16.6
frame,lgw,Year 1, summer 2, Tuesday,29347,16.6
frame,lgw,Year 1, summer 2, Tuesday,29348,16.8
frame,lgw,Year 1, summer 2, Tuesday,29349,16.5
frame,lgw,Year 1, summer 2, Tuesday,29350,16.6
frame,lgw,Year 1, summer 2, Tuesday,29351,16.7
frame,lgw,Year 1, summer 2, Tuesday,29352,16.7
frame,lgw,Year 1, summer 2, Tuesday,29353,16.6
frame,lgw,Year 1, summer 2, Tuesday,29354,16.8
frame,lgw,Year 1, summer 2, Tuesday,29355,16.6
frame,lgw,Year 1, summer 2, Tuesday,29356,16.6
frame,lgw,Year 1, summer 2, Tuesday,29357,16.7
frame,lgw,Year 1, summer 2, Tuesday,29358,16.7
frame,lgw,Year 1, summer 2, Tuesday,29359,16.6
frame,lgw,Year 1, summer 2, Tuesday,29360,16.7
frame,lgw,Year 1, summer 2, Tuesday,29361,16.6
frame,lgw,Year 1, summer 2, Tuesday,29362,16.6
frame,lgw,Year 1, summer 2, Tuesday,29363,16.7
frame,lgw,Year 1, summer 2, Tuesday,29364,16.9
frame,lgw,Year 1, summer 2, Tuesday,29365,16.6
frame,lgw,Year 1, summer 2, Tuesday,29366,16.6
frame,lgw,Year 1, summer 2, Tuesday,29367,16.7
frame,lgw,Year 1, summer 2, Tuesday,29368,16.7
frame,lgw,Year 1, summer 2, Tuesday,29369,16.7
frame,lgw,Year 1, summer 2, Tuesday,29370,16.7
frame,lgw,Year 1, summer 2, Tuesday,29371,16.6
frame,lgw,Year 1, summer 2, Tuesday,29372,16.7
frame,lgw,Year 1, summer 2, Tuesday,29373,16.7
frame,lgw,Year 1, summer 2, Tuesday,29374,16.6
frame,lgw,Year 1, summer 2, Tuesday,29375,16.7
frame,lgw,Year 1, summer 2, Tuesday,29376,16.6
frame,lgw,Year 1, summer 2, Tuesday,29377,16.7
frame,lgw,Year 1, summer 2, Tuesday,29378,16.7
frame,lgw,Year 1, summer 2, Tuesday,29379,16.7
frame,lgw,Year 1, summer 2, Tuesday,29380,16.7
frame,lgw,Year 1, summer 2, Tuesday,29381,16.7
frame,lgw,Year 1, summer 2, Tuesday,29382,16.6
frame,lgw,Year 1, summer 2, Tuesday,29383,16.7
frame,lgw,Year 1, summer 2, Tuesday,29384,16.7
frame,lgw,Year 1, summer 2, Tuesday,29385,16.8
frame,lgw,Year 1, summer 2, Tuesday,29386,16.7
frame,lgw,Year 1, summer 2, Tuesday,29387,16.6
frame,lgw,Year 1, summer 2, Tuesday,29388,16.6
frame,lgw,Year 1, summer 2, Tuesday,29389,16.6
frame,lgw,Year 1, summer 2, Tuesday,29390,16.7
frame,lgw,Year 1, summer 2, Tuesday,29391,16.7
frame,lgw,Year 1, summer 2, Tuesday,29392,16.6
frame,lgw,Year 1, summer 2, Tuesday,29393,16.8
frame,lgw,Year 1, summer 2, Tuesday,29394,16.6
frame,lgw,Year 1, summer 2, Tuesday,29395,16.6
frame,lgw,Year 1, summer 2, Tuesday,29396,16.7
frame,lgw,Year 1, summer 2, Tuesday,29397,16.7
frame,lgw,Year 1, summer 2, Tuesday,29398,16.6
frame,lgw,Year 1, summer 2, Tuesday,29399,16.8
frame,lgw,Year 1, summer 2, Tuesday,29400,16.6
frame,lgw,Year 1, summer 2, Tuesday,29401,16.7
frame,lgw,Year 1, summer 2, Tuesday,29402,16.7
frame,lgw,Year 1, summer 2, Tuesday,29403,16.7
frame,lgw,Year 1, summer 2, Tuesday,29404,16.6
frame,lgw,Year 1, summer 2, Tuesday,29405,16.7
frame,lgw,Year 1, summer 2, Tuesday,29406,16.7
frame,lgw,Year 1, summer 2, Tuesday,29407,16.6
frame,lgw,Year 1, summer 2, Tuesday,29408,16.7
frame,lgw,Year 1, summer 2, Tuesday,29409,16.6
frame,lgw,Year 1, summer 2, Tuesday,29410,16.9
frame,lgw,Year 1, summer 2, Tuesday,29411,16.6
frame,lgw,Year 1, summer 2, Tuesday,29412,16.7
frame,lgw,Year 1, summer 2, Tuesday,29413,16.6
frame,lgw,Year 1, summer 2, Tuesday,29414,16.7
frame,lgw,Year 1, summer 2, Tuesday,29415,16.7
frame,lgw,Year 1, summer 2, Tuesday,29416,16.7
frame,lgw,Year 1, summer 2, Tuesday,29417,16.7
frame,lgw,Year 1, summer 2, Tuesday,29418,16.7
frame,lgw,Year 1, summer 2, Tuesday,29419,16.6
frame,lgw,Year 1, summer 2, Tuesday,29420,16.8
frame,lgw,Year 1, summer 2, Tuesday,29421,16.6
frame,lgw,Year 1, summer 2, Tuesday,29422,16.9
frame,lgw,Year 1, summer 2, Tuesday,29423,16.5
frame,lgw,Year 1, summer 2, Tuesday,29424,16.7
frame,lgw,Year 1, summer 2, Tuesday,29425,16.6
frame,lgw,Year 1, summer 2, Tuesday,29426,16.6
frame,lgw,Year 1, summer 2, Tuesday,29427,16.9
frame,lgw,Year 1, summer 2, Tuesday,29428,16.5
frame,lgw,Year 1, summer 2, Tuesday,29429,16.7
frame,lgw,Year 1, summer 2, Tuesday,29430,16.6
frame,lgw,Year 1, summer 2, Tuesday,29431,16.7
frame,lgw,Year 1, summer 2, Tuesday,29432,16.7
frame,lgw,Year 1, summer 2, Tuesday,29433,16.7
frame,lgw,Year 1, summer 2, Tuesday,29434,16.7
frame,lgw,Year 1, summer 2, Tuesday,29435,16.7
frame,lgw,Year 1, summer 2, Tuesday,29436,16.7
frame,lgw,Year 1, summer 2, Tuesday,29437,17.5
frame,lgw,Year 1, summer 2, Tuesday,29438,15.9
frame,lgw,Year 1, summer 2, Tuesday,29439,16.6
frame,lgw,Year 1, summer 2, Tuesday,29440,16.7
frame,lgw,Year 1, summer 2, Tuesday,29441,16.6
frame,lgw,Year 1, summer 2, Tuesday,29442,16.7
frame,lgw,Year 1, summer 2, Tuesday,29443,16.7
frame,lgw,Year 1, summer 2, Tuesday,29444,16.7
frame,lgw,Year 1, summer 2, Tuesday,29445,16.7
frame,lgw,Year 1, summer 2, Tuesday,29446,16.7
frame,lgw,Year 1, summer 2, Tuesday,29447,16.7
frame,lgw,Year 1, summer 2, Tuesday,29448,16.6
frame,lgw,Year 1, summer 2, Tuesday,29449,16.6
frame,lgw,Year 1, summer 2, Tuesday,29450,16.7
frame,lgw,Year 1, summer 2, Tuesday,29451,16.7
frame,lgw,Year 1, summer 2, Tuesday,29452,16.7
frame,lgw,Year 1, summer 2, Tuesday,29453,16.7
frame,lgw,Year 1, summer 2, Tuesday,29454,16.7
frame,lgw,Year 1, summer 2, Tuesday,29455,16.6
frame,lgw,Year 1, summer 2, Tuesday,29456,16.7
frame,lgw,Year 1, summer 2, Tuesday,29457,16.7
frame,lgw,Year 1, summer 2, Tuesday,29458,16.7
frame,lgw,Year 1, summer 2, Tuesday,29459,16.6
frame,lgw,Year 1, summer 2, Tuesday,29460,16.6
frame,lgw,Year 1, summer 2, Tuesday,29461,16.7
frame,lgw,Year 1, summer 2, Tuesday,29462,16.7
frame,lgw,Year 1, summer 2, Tuesday,29463,16.7
frame,lgw,Year 1, summer 2, Tuesday,29464,16.7
frame,lgw,Year 1, summer 2, Tuesday,29465,16.6
frame,lgw,Year 1, summer 2, Tuesday,29466,16.7
frame,lgw,Year 1, summer 2, Tuesday,29467,16.7
frame,lgw,Year 1, summer 2, Tuesday,29468,16.7
frame,lgw,Year 1, summer 2, Tuesday,29469,16.7
frame,lgw,Year 1, summer 2, Tuesday,29470,16.6
frame,lgw,Year 1, summer 2, Tuesday,29471,16.7
frame,lgw,Year 1, summer 2, Tuesday,29472,16.8
frame,lgw,Year 1, summer 2, Tuesday,29473,16.6
frame,lgw,Year 1, summer 2, Tuesday,29474,16.6
frame,lgw,Year 1, summer 2, Tuesday,29475,16.8
frame,lgw,Year 1, summer 2, Tuesday,29476,16.6
frame,lgw,Year 1, summer 2, Tuesday,29477,16.8
frame,lgw,Year 1, summer 2, Tuesday,29478,17.6
frame,lgw,Year 1, summer 2, Tuesday,29479,15.6
frame,lgw,Year 1, summer 2, Tuesday,29480,16.6
frame,lgw,Year 1, summer 2, Tuesday,29481,16.7
frame,lgw,Year 1, summer 2, Tuesday,29482,16.6
frame,lgw,Year 1, summer 2, Tuesday,29483,16.7
frame,lgw,Year 1, summer 2, Tuesday,29484,16.7
frame,lgw,Year 1, summer 2, Tuesday,29485,16.7
frame,lgw,Year 1, summer 2, Tuesday,29486,16.7
frame,lgw,Year 1, summer 2, Tuesday,29487,16.7
frame,lgw,Year 1, summer 2, Tuesday,29488,16.6
frame,lgw,Year 1, summer 2, Tuesday,29489,17.1
frame,lgw,Year 1, summer 2, Tuesday,29490,16.5
frame,lgw,Year 1, summer 2, Tuesday,29491,16.5
frame,lgw,Year 1, summer 2, Tuesday,29492,16.6
frame,lgw,Year 1, summer 2, Tuesday,29493,16.6
frame,lgw,Year 1, summer 2, Tuesday,29494,16.6
frame,lgw,Year 1, summer 2, Tuesday,29495,16.7
frame,lgw,Year 1, summer 2, Tuesday,29496,16.7
frame,lgw,Year 1, summer 2, Tuesday,29497,16.7
frame,lgw,Year 1, summer 2, Tuesday,29498,16.7
frame,lgw,Year 1, summer 2, Tuesday,29499,16.6
frame,lgw,Year 1, summer 2, Tuesday,29500,16.9
frame,lgw,Year 1, summer 2, Tuesday,29501,16.6
frame,lgw,Year 1, summer 2, Tuesday,29502,16.7
frame,lgw,Year 1, summer 2, Tuesday,29503,16.5
frame,lgw,Year 1, summer 2, Tuesday,29504,16.6
frame,lgw,Year 1, summer 2, Tuesday,29505,16.7
frame,lgw,Year 1, summer 2, Tuesday,29506,16.7
frame,lgw,Year 1, summer 2, Tuesday,29507,16.6
frame,lgw,Year 1, summer 2, Tuesday,29508,16.7
frame,lgw,Year 1, summer 2, Tuesday,29509,16.7
frame,lgw,Year 1, summer 2, Tuesday,29510,16.7
frame,lgw,Year 1, summer 2, Tuesday,29511,16.7
frame,lgw,Year 1, summer 2, Tuesday,29512,16.7
frame,lgw,Year 1, summer 2, Tuesday,29513,16.7
frame,lgw,Year 1, summer 2, Tuesday,29514,16.7
frame,lgw,Year 1, summer 2, Tuesday,29515,16.7
frame,lgw,Year 1, summer 2, Tuesday,29516,16.8
frame,lgw,Year 1, summer 2, Tuesday,29517,16.5
frame,lgw,Year 1, summer 2, Tuesday,29518,16.6
frame,lgw,Year 1, summer 2, Tuesday,29519,16.7
frame,lgw,Year 1, summer 2, Tuesday,29520,16.7
frame,lgw,Year 1, summer 2, Tuesday,29521,16.7
frame,lgw,Year 1, summer 2, Tuesday,29522,16.6
frame,lgw,Year 1, summer 2, Tuesday,29523,16.7
frame,lgw,Year 1, summer 2, Tuesday,29524,16.8
frame,lgw,Year 1, summer 2, Tuesday,29525,16.7
frame,lgw,Year 1, summer 2, Tuesday,29526,16.7
frame,lgw,Year 1, summer 2, Tuesday,29527,16.7
frame,lgw,Year 1, summer 2, Tuesday,29528,16.7
frame,lgw,Year 1, summer 2, Tuesday,29529,17.1
frame,lgw,Year 1, summer 2, Tuesday,29530,16.2
frame,lgw,Year 1, summer 2, Tuesday,29531,16.7
frame,lgw,Year 1, summer 2, Tuesday,29532,16.7
frame,lgw,Year 1, summer 2, Tuesday,29533,16.7
frame,lgw,Year 1, summer 2, Tuesday,29534,16.7
frame,lgw,Year 1, summer 2, Tuesday,29535,16.6
frame,lgw,Year 1, summer 2, Tuesday,29536,16.6
frame,lgw,Year 1, summer 2, Tuesday,29537,16.6
frame,lgw,Year 1, summer 2, Tuesday,29538,16.8
frame,lgw,Year 1, summer 2, Tuesday,29539,16.8
frame,lgw,Year 1, summer 2, Tuesday,29540,16.6
frame,lgw,Year 1, summer 2, Tuesday,29541,16.8
frame,lgw,Year 1, summer 2, Tuesday,29542,16.5
frame,lgw,Year 1, summer 2, Tuesday,29543,16.7
frame,lgw,Year 1, summer 2, Tuesday,29544,16.7
frame,lgw,Year 1, summer 2, Tuesday,29545,16.7
frame,lgw,Year 1, summer 2, Tuesday,29546,16.6
frame,lgw,Year 1, summer 2, Tuesday,29547,16.7
frame,lgw,Year 1, summer 2, Tuesday,29548,16.6
frame,lgw,Year 1, summer 2, Tuesday,29549,16.6
frame,lgw,Year 1, summer 2, Tuesday,29550,16.7
frame,lgw,Year 1, summer 2, Tuesday,29551,16.6
frame,lgw,Year 1, summer 2, Tuesday,29552,16.6
frame,lgw,Year 1, summer 2, Tuesday,29553,16.7
frame,lgw,Year 1, summer 2, Tuesday,29554,16.7
frame,lgw,Year 1, summer 2, Tuesday,29555,16.6
frame,lgw,Year 1, summer 2, Tuesday,29556,16.7
frame,lgw,Year 1, summer 2, Tuesday,29557,16.6
frame,lgw,Year 1, summer 2, Tuesday,29558,16.7
frame,lgw,Year 1, summer 2, Tuesday,29559,16.6
frame,lgw,Year 1, summer 2, Tuesday,29560,16.7
frame,lgw,Year 1, summer 2, Tuesday,29561,16.6
frame,lgw,Year 1, summer 2, Tuesday,29562,16.7
frame,lgw,Year 1, summer 2, Tuesday,29563,16.6
frame,lgw,Year 1, summer 2, Tuesday,29564,16.7
frame,lgw,Year 1, summer 2, Tuesday,29565,16.6
frame,lgw,Year 1, summer 2, Tuesday,29566,16.7
frame,lgw,Year 1, summer 2, Tuesday,29567,16.8
frame,lgw,Year 1, summer 2, Tuesday,29568,16.5
frame,lgw,Year 1, summer 2, Tuesday,29569,16.7
frame,lgw,Year 1, summer 2, Tuesday,29570,16.6
frame,lgw,Year 1, summer 2, Tuesday,29571,16.7
frame,lgw,Year 1, summer 2, Tuesday,29572,16.7
frame,lgw,Year 1, summer 2, Tuesday,29573,16.6
frame,lgw,Year 1, summer 2, Tuesday,29574,16.7
frame,lgw,Year 1, summer 2, Tuesday,29575,16.6
frame,lgw,Year 1, summer 2, Tuesday,29576,16.8
frame,lgw,Year 1, summer 2, Tuesday,29577,16.6
frame,lgw,Year 1, summer 2, Tuesday,29578,16.6
frame,lgw,Year 1, summer 2, Tuesday,29579,16.6
frame,lgw,Year 1, summer 2, Tuesday,29580,16.6
frame,lgw,Year 1, summer 2, Tuesday,29581,16.8
frame,lgw,Year 1, summer 2, Tuesday,29582,16.7
frame,lgw,Year 1, summer 2, Tuesday,29583,16.6
frame,lgw,Year 1, summer 2, Tuesday,29584,16.6
frame,lgw,Year 1, summer 2, Tuesday,29585,16.6
frame,lgw,Year 1, summer 2, Tuesday,29586,16.8
frame,lgw,Year 1, summer 2, Tuesday,29587,16.6
frame,lgw,Year 1, summer 2, Tuesday,29588,16.7
frame,lgw,Year 1, summer 2, Tuesday,29589,16.8
frame,lgw,Year 1, summer 2, Tuesday,29590,16.5
frame,lgw,Year 1, summer 2, Tuesday,29591,16.7
frame,lgw,Year 1, summer 2, Tuesday,29592,16.7
frame,lgw,Year 1, summer 2, Tuesday,29593,16.6
frame,lgw,Year 1, summer 2, Tuesday,29594,16.7
frame,lgw,Year 1, summer 2, Tuesday,29595,16.8
frame,lgw,Year 1, summer 2, Tuesday,29596,16.5
frame,lgw,Year 1, summer 2, Tuesday,29597,16.7
frame,lgw,Year 1, summer 2, Tuesday,29598,16.7
frame,lgw,Year 1, summer 2, Tuesday,29599,16.7
frame,lgw,Year 1, summer 2, Tuesday,29600,16.6
frame,lgw,Year 1, summer 2, Tuesday,29601,16.6
frame,lgw,Year 1, summer 2, Tuesday,29602,16.8
frame,lgw,Year 1, summer 2, Tuesday,29603,16.6
frame,lgw,Year 1, summer 2, Tuesday,29604,16.6
frame,lgw,Year 1, summer 2, Tuesday,29605,16.7
frame,lgw,Year 1, summer 2, Tuesday,29606,16.6
frame,lgw,Year 1, summer 2, Tuesday,29607,16.8
frame,lgw,Year 1, summer 2, Tuesday,29608,16.9
frame,lgw,Year 1, summer 2, Tuesday,29609,16.4
frame,lgw,Year 1, summer 2, Tuesday,29610,16.7
frame,lgw,Year 1, summer 2, Tuesday,29611,16.6
frame,lgw,Year 1, summer 2, Tuesday,29612,16.6
frame,lgw,Year 1, summer 2, Tuesday,29613,16.7
frame,lgw,Year 1, summer 2, Tuesday,29614,16.7
frame,lgw,Year 1, summer 2, Tuesday,29615,16.6
frame,lgw,Year 1, summer 2, Tuesday,29616,16.7
frame,lgw,Year 1, summer 2, Tuesday,29617,16.6
frame,lgw,Year 1, summer 2, Tuesday,29618,16.7
frame,lgw,Year 1, summer 2, Tuesday,29619,16.7
frame,lgw,Year 1, summer 2, Tuesday,29620,16.6
frame,lgw,Year 1, summer 2, Tuesday,29621,16.8
frame,lgw,Year 1, summer 2, Tuesday,29622,16.6
frame,lgw,Year 1, summer 2, Tuesday,29623,16.6
frame,lgw,Year 1, summer 2, Tuesday,29624,16.7
frame,lgw,Year 1, summer 2, Tuesday,29625,16.6
frame,lgw,Year 1, summer 2, Tuesday,29626,16.7
frame,lgw,Year 1, summer 2, Tuesday,29627,16.7
frame,lgw,Year 1, summer 2, Tuesday,29628,16.7
frame,lgw,Year 1, summer 2, Tuesday,29629,16.7
frame,lgw,Year 1, summer 2, Tuesday,29630,16.6
frame,lgw,Year 1, summer 2, Tuesday,29631,16.7
frame,lgw,Year 1, summer 2, Tuesday,29632,16.6
frame,lgw,Year 1, summer 2, Tuesday,29633,16.7
frame,lgw,Year 1, summer 2, Tuesday,29634,16.7
frame,lgw,Year 1, summer 2, Tuesday,29635,16.7
frame,lgw,Year 1, summer 2, Tuesday,29636,16.7
frame,lgw,Year 1, summer 2, Tuesday,29637,16.6
frame,lgw,Year 1, summer 2, Tuesday,29638,16.6
frame,lgw,Year 1, summer 2, Tuesday,29639,16.7
frame,lgw,Year 1, summer 2, Tuesday,29640,16.6
frame,lgw,Year 1, summer 2, Tuesday,29641,16.7
frame,lgw,Year 1, summer 2, Tuesday,29642,16.6
frame,lgw,Year 1, summer 2, Tuesday,29643,16.6
frame,lgw,Year 1, summer 2, Tuesday,29644,16.6
frame,lgw,Year 1, summer 2, Tuesday,29645,16.8
frame,lgw,Year 1, summer 2, Tuesday,29646,16.6
frame,lgw,Year 1, summer 2, Tuesday,29647,16.7
frame,lgw,Year 1, summer 2, Tuesday,29648,16.6
frame,lgw,Year 1, summer 2, Tuesday,29649,16.7
frame,lgw,Year 1, summer 2, Tuesday,29650,16.7
frame,lgw,Year 1, summer 2, Tuesday,29651,16.6
frame,lgw,Year 1, summer 2, Tuesday,29652,16.7
frame,lgw,Year 1, summer 2, Tuesday,29653,16.6
frame,lgw,Year 1, summer 2, Tuesday,29654,16.6
frame,lgw,Year 1, summer 2, Tuesday,29655,16.7
frame,lgw,Year 1, summer 2, Tuesday,29656,16.7
frame,lgw,Year 1, summer 2, Tuesday,29657,16.7
frame,lgw,Year 1, summer 2, Tuesday,29658,16.7
frame,lgw,Year 1, summer 2, Tuesday,29659,16.7
frame,lgw,Year 1, summer 2, Tuesday,29660,16.7
frame,lgw,Year 1, summer 2, Tuesday,29661,16.7
frame,lgw,Year 1, summer 2, Tuesday,29662,16.7
frame,lgw,Year 1, summer 2, Tuesday,29663,16.7
frame,lgw,Year 1, summer 2, Tuesday,29664,16.6
frame,lgw,Year 1, summer 2, Tuesday,29665,16.7
frame,lgw,Year 1, summer 2, Tuesday,29666,16.6
frame,lgw,Year 1, summer 2, Tuesday,29667,16.7
frame,lgw,Year 1, summer 2, Tuesday,29668,16.6
frame,lgw,Year 1, summer 2, Tuesday,29669,16.8
frame,lgw,Year 1, summer 2, Tuesday,29670,16.6
frame,lgw,Year 1, summer 2, Tuesday,29671,16.8
frame,lgw,Year 1, summer 2, Tuesday,29672,16.7
frame,lgw,Year 1, summer 2, Tuesday,29673,16.6
frame,lgw,Year 1, summer 2, Tuesday,29674,16.6
frame,lgw,Year 1, summer 2, Tuesday,29675,16.7
frame,lgw,Year 1, summer 2, Tuesday,29676,16.6
frame,lgw,Year 1, summer 2, Tuesday,29677,17.0
frame,lgw,Year 1, summer 2, Tuesday,29678,16.4
frame,lgw,Year 1, summer 2, Tuesday,29679,16.6
frame,lgw,Year 1, summer 2, Tuesday,29680,16.7
frame,lgw,Year 1, summer 2, Tuesday,29681,16.7
frame,lgw,Year 1, summer 2, Tuesday,29682,16.7
frame,lgw,Year 1, summer 2, Tuesday,29683,16.6
frame,lgw,Year 1, summer 2, Tuesday,29684,16.7
frame,lgw,Year 1, summer 2, Tuesday,29685,16.7
frame,lgw,Year 1, summer 2, Tuesday,29686,16.7
frame,lgw,Year 1, summer 2, Tuesday,29687,16.7
frame,lgw,Year 1, summer 2, Tuesday,29688,16.7
frame,lgw,Year 1, summer 2, Tuesday,29689,16.8
frame,lgw,Year 1, summer 2, Tuesday,29690,16.6
frame,lgw,Year 1, summer 2, Tuesday,29691,16.7
frame,lgw,Year 1, summer 2, Tuesday,29692,16.7
frame,lgw,Year 1, summer 2, Tuesday,29693,16.7
frame,lgw,Year 1, summer 2, Tuesday,29694,16.7
frame,lgw,Year 1, summer 2, Tuesday,29695,16.6
frame,lgw,Year 1, summer 2, Tuesday,29696,16.7
frame,lgw,Year 1, summer 2, Tuesday,29697,16.7
frame,lgw,Year 1, summer 2, Tuesday,29698,16.6
frame,lgw,Year 1, summer 2, Tuesday,29699,16.7
frame,lgw,Year 1, summer 2, Tuesday,29700,16.6
frame,lgw,Year 1, summer 2, Tuesday,29701,16.6
frame,lgw,Year 1, summer 2, Tuesday,29702,16.7
frame,lgw,Year 1, summer 2, Tuesday,29703,16.9
frame,lgw,Year 1, summer 2, Tuesday,29704,16.4
frame,lgw,Year 1, summer 2, Tuesday,29705,16.7
frame,lgw,Year 1, summer 2, Tuesday,29706,16.7
frame,lgw,Year 1, summer 2, Tuesday,29707,16.7
frame,lgw,Year 1, summer 2, Tuesday,29708,16.7
frame,lgw,Year 1, summer 2, Tuesday,29709,16.6
frame,lgw,Year 1, summer 2, Tuesday,29710,16.8
frame,lgw,Year 1, summer 2, Tuesday,29711,16.6
frame,lgw,Year 1, summer 2, Tuesday,29712,16.6
frame,lgw,Year 1, summer 2, Tuesday,29713,16.7
frame,lgw,Year 1, summer 2, Tuesday,29714,16.7
frame,lgw,Year 1, summer 2, Tuesday,29715,16.8
frame,lgw,Year 1, summer 2, Tuesday,29716,16.6
frame,lgw,Year 1, summer 2, Tuesday,29717,16.7
frame,lgw,Year 1, summer 2, Tuesday,29718,16.6
frame,lgw,Year 1, summer 2, Tuesday,29719,16.7
frame,lgw,Year 1, summer 2, Tuesday,29720,16.7
frame,lgw,Year 1, summer 2, Tuesday,29721,16.6
frame,lgw,Year 1, summer 2, Tuesday,29722,16.7
frame,lgw,Year 1, summer 2, Tuesday,29723,16.7
frame,lgw,Year 1, summer 2, Tuesday,29724,16.6
frame,lgw,Year 1, summer 2, Tuesday,29725,16.7
frame,lgw,Year 1, summer 2, Tuesday,29726,16.7
frame,lgw,Year 1, summer 2, Tuesday,29727,16.7
frame,lgw,Year 1, summer 2, Tuesday,29728,16.8
frame,lgw,Year 1, summer 2, Tuesday,29729,17.1
frame,lgw,Year 1, summer 2, Tuesday,29730,16.3
frame,lgw,Year 1, summer 2, Tuesday,29731,16.5
frame,lgw,Year 1, summer 2, Tuesday,29732,16.7
frame,lgw,Year 1, summer 2, Tuesday,29733,16.6
frame,lgw,Year 1, summer 2, Tuesday,29734,16.7
frame,lgw,Year 1, summer 2, Tuesday,29735,16.8
frame,lgw,Year 1, summer 2, Tuesday,29736,16.6
frame,lgw,Year 1, summer 2, Tuesday,29737,16.6
frame,lgw,Year 1, summer 2, Tuesday,29738,16.6
frame,lgw,Year 1, summer 2, Tuesday,29739,16.7
frame,lgw,Year 1, summer 2, Tuesday,29740,16.7
frame,lgw,Year 1, summer 2, Tuesday,29741,16.7
frame,lgw,Year 1, summer 2, Tuesday,29742,16.7
frame,lgw,Year 1, summer 2, Tuesday,29743,16.6
frame,lgw,Year 1, summer 2, Tuesday,29744,16.7
frame,lgw,Year 1, summer 2, Tuesday,29745,16.7
frame,lgw,Year 1, summer 2, Tuesday,29746,16.7
frame,lgw,Year 1, summer 2, Tuesday,29747,16.7
frame,lgw,Year 1, summer 2, Tuesday,29748,16.6
frame,lgw,Year 1, summer 2, Tuesday,29749,16.7
frame,lgw,Year 1, summer 2, Tuesday,29750,16.6
frame,lgw,Year 1, summer 2, Tuesday,29751,16.7
frame,lgw,Year 1, summer 2, Tuesday,29752,16.7
frame,lgw,Year 1, summer 2, Tuesday,29753,16.8
frame,lgw,Year 1, summer 2, Tuesday,29754,16.6
frame,lgw,Year 1, summer 2, Tuesday,29755,16.7
frame,lgw,Year 1, summer 2, Tuesday,29756,16.6
frame,lgw,Year 1, summer 2, Tuesday,29757,16.7
frame,lgw,Year 1, summer 2, Tuesday,29758,16.6
frame,lgw,Year 1, summer 2, Tuesday,29759,16.7
frame,lgw,Year 1, summer 2, Tuesday,29760,16.6
frame,lgw,Year 1, summer 2, Tuesday,29761,16.7
frame,lgw,Year 1, summer 2, Tuesday,29762,16.7
frame,lgw,Year 1, summer 2, Tuesday,29763,16.7
frame,lgw,Year 1, summer 2, Tuesday,29764,16.7
frame,lgw,Year 1, summer 2, Tuesday,29765,16.7
frame,lgw,Year 1, summer 2, Tuesday,29766,16.6
frame,lgw,Year 1, summer 2, Tuesday,29767,16.6
frame,lgw,Year 1, summer 2, Tuesday,29768,16.9
frame,lgw,Year 1, summer 2, Tuesday,29769,16.5
frame,lgw,Year 1, summer 2, Tuesday,29770,16.7
frame,lgw,Year 1, summer 2, Tuesday,29771,16.8
frame,lgw,Year 1, summer 2, Tuesday,29772,16.6
frame,lgw,Year 1, summer 2, Tuesday,29773,16.6
frame,lgw,Year 1, summer 2, Tuesday,29774,16.6
frame,lgw,Year 1, summer 2, Tuesday,29775,16.7
frame,lgw,Year 1, summer 2, Tuesday,29776,16.7
frame,lgw,Year 1, summer 2, Tuesday,29777,16.7
frame,lgw,Year 1, summer 2, Tuesday,29778,16.8
frame,lgw,Year 1, summer 2, Tuesday,29779,16.5
frame,lgw,Year 1, summer 2, Tuesday,29780,16.6
frame,lgw,Year 1, summer 2, Tuesday,29781,16.7
frame,lgw,Year 1, summer 2, Tuesday,29782,16.8
frame,lgw,Year 1, summer 2, Tuesday,29783,16.5
frame,lgw,Year 1, summer 2, Tuesday,29784,16.9
frame,lgw,Year 1, summer 2, Tuesday,29785,16.5
frame,lgw,Year 1, summer 2, Tuesday,29786,16.6
frame,lgw,Year 1, summer 2, Tuesday,29787,16.7
frame,lgw,Year 1, summer 2, Tuesday,29788,16.6
frame,lgw,Year 1, summer 2, Tuesday,29789,16.7
frame,lgw,Year 1, summer 2, Tuesday,29790,16.7
frame,lgw,Year 1, summer 2, Tuesday,29791,16.6
frame,lgw,Year 1, summer 2, Tuesday,29792,16.6
frame,lgw,Year 1, summer 2, Tuesday,29793,16.7
frame,lgw,Year 1, summer 2, Tuesday,29794,16.7
frame,lgw,Year 1, summer 2, Tuesday,29795,16.7
frame,lgw,Year 1, summer 2, Tuesday,29796,16.7
frame,lgw,Year 1, summer 2, Tuesday,29797,16.8
frame,lgw,Year 1, summer 2, Tuesday,29798,16.6
frame,lgw,Year 1, summer 2, Tuesday,29799,16.6
frame,lgw,Year 1, summer 2, Tuesday,29800,16.6
frame,lgw,Year 1, summer 2, Tuesday,29801,16.7
frame,lgw,Year 1, summer 2, Tuesday,29802,16.6
frame,lgw,Year 1, summer 2, Tuesday,29803,16.7
frame,lgw,Year 1, summer 2, Tuesday,29804,16.6
frame,lgw,Year 1, summer 2, Tuesday,29805,16.6
frame,lgw,Year 1, summer 2, Tuesday,29806,16.7
frame,lgw,Year 1, summer 2, Tuesday,29807,16.7
frame,lgw,Year 1, summer 2, Tuesday,29808,16.6
frame,lgw,Year 1, summer 2, Tuesday,29809,16.6
frame,lgw,Year 1, summer 2, Tuesday,29810,16.7
frame,lgw,Year 1, summer 2, Tuesday,29811,16.7
frame,lgw,Year 1, summer 2, Tuesday,29812,16.7
frame,lgw,Year 1, summer 2, Tuesday,29813,16.6
frame,lgw,Year 1, summer 2, Tuesday,29814,16.7
frame,lgw,Year 1, summer 2, Tuesday,29815,16.6
frame,lgw,Year 1, summer 2, Tuesday,29816,16.7
frame,lgw,Year 1, summer 2, Tuesday,29817,16.7
frame,lgw,Year 1, summer 2, Tuesday,29818,16.7
frame,lgw,Year 1, summer 2, Tuesday,29819,16.7
frame,lgw,Year 1, summer 2, Tuesday,29820,16.9
frame,lgw,Year 1, summer 2, Tuesday,29821,16.6
frame,lgw,Year 1, summer 2, Tuesday,29822,16.5
frame,lgw,Year 1, summer 2, Tuesday,29823,16.8
frame,lgw,Year 1, summer 2, Tuesday,29824,16.5
frame,lgw,Year 1, summer 2, Tuesday,29825,16.7
frame,lgw,Year 1, summer 2, Tuesday,29826,16.8
frame,lgw,Year 1, summer 2, Tuesday,29827,16.6
frame,lgw,Year 1, summer 2, Tuesday,29828,16.8
frame,lgw,Year 1, summer 2, Tuesday,29829,16.6
frame,lgw,Year 1, summer 2, Tuesday,29830,16.6
frame,lgw,Year 1, summer 2, Tuesday,29831,16.8
frame,lgw,Year 1, summer 2, Tuesday,29832,16.6
frame,lgw,Year 1, summer 2, Tuesday,29833,16.8
frame,lgw,Year 1, summer 2, Tuesday,29834,16.7
frame,lgw,Year 1, summer 2, Tuesday,29835,16.8
frame,lgw,Year 1, summer 2, Tuesday,29836,16.5
frame,lgw,Year 1, summer 2, Tuesday,29837,16.5
frame,lgw,Year 1, summer 2, Tuesday,29838,16.6
frame,lgw,Year 1, summer 2, Tuesday,29839,16.6
frame,lgw,Year 1, summer 2, Tuesday,29840,16.7
frame,lgw,Year 1, summer 2, Tuesday,29841,16.6
frame,lgw,Year 1, summer 2, Tuesday,29842,16.7
frame,lgw,Year 1, summer 2, Tuesday,29843,16.7
frame,lgw,Year 1, summer 2, Tuesday,29844,16.8
frame,lgw,Year 1, summer 2, Tuesday,29845,16.6
frame,lgw,Year 1, summer 2, Tuesday,29846,16.8
frame,lgw,Year 1, summer 2, Tuesday,29847,16.6
frame,lgw,Year 1, summer 2, Tuesday,29848,16.6
frame,lgw,Year 1, summer 2, Tuesday,29849,16.7
frame,lgw,Year 1, summer 2, Tuesday,29850,16.8
frame,lgw,Year 1, summer 2, Tuesday,29851,16.6
frame,lgw,Year 1, summer 2, Tuesday,29852,16.6
frame,lgw,Year 1, summer 2, Tuesday,29853,16.7
frame,lgw,Year 1, summer 2, Tuesday,29854,16.6
frame,lgw,Year 1, summer 2, Tuesday,29855,16.6
frame,lgw,Year 1, summer 2, Tuesday,29856,16.7
frame,lgw,Year 1, summer 2, Tuesday,29857,16.6
frame,lgw,Year 1, summer 2, Tuesday,29858,16.6
frame,lgw,Year 1, summer 2, Tuesday,29859,16.7
frame,lgw,Year 1, summer 2, Tuesday,29860,16.7
frame,lgw,Year 1, summer 2, Tuesday,29861,16.7
frame,lgw,Year 1, summer 2, Tuesday,29862,16.8
frame,lgw,Year 1, summer 2, Tuesday,29863,16.6
frame,lgw,Year 1, summer 2, Tuesday,29864,16.6
frame,lgw,Year 1, summer 2, Tuesday,29865,16.6
frame,lgw,Year 1, summer 2, Tuesday,29866,16.7
frame,lgw,Year 1, summer 2, Tuesday,29867,16.7
frame,lgw,Year 1, summer 2, Tuesday,29868,16.7
frame,lgw,Year 1, summer 2, Tuesday,29869,16.6
frame,lgw,Year 1, summer 2, Tuesday,29870,16.7
frame,lgw,Year 1, summer 2, Tuesday,29871,16.8
frame,lgw,Year 1, summer 2, Tuesday,29872,16.7
frame,lgw,Year 1, summer 2, Tuesday,29873,16.7
frame,lgw,Year 1, summer 2, Tuesday,29874,16.7
frame,lgw,Year 1, summer 2, Tuesday,29875,16.6
frame,lgw,Year 1, summer 2, Tuesday,29876,16.8
frame,lgw,Year 1, summer 2, Tuesday,29877,16.9
frame,lgw,Year 1, summer 2, Tuesday,29878,16.3
frame,lgw,Year 1, summer 2, Tuesday,29879,16.7
frame,lgw,Year 1, summer 2, Tuesday,29880,16.7
frame,lgw,Year 1, summer 2, Tuesday,29881,16.6
frame,lgw,Year 1, summer 2, Tuesday,29882,16.6
frame,lgw,Year 1, summer 2, Tuesday,29883,16.7
frame,lgw,Year 1, summer 2, Tuesday,29884,16.7
frame,lgw,Year 1, summer 2, Tuesday,29885,16.9
frame,lgw,Year 1, summer 2, Tuesday,29886,16.4
frame,lgw,Year 1, summer 2, Tuesday,29887,16.8
frame,lgw,Year 1, summer 2, Tuesday,29888,16.6
frame,lgw,Year 1, summer 2, Tuesday,29889,16.7
frame,lgw,Year 1, summer 2, Tuesday,29890,16.6
frame,lgw,Year 1, summer 2, Tuesday,29891,16.6
frame,lgw,Year 1, summer 2, Tuesday,29892,16.8
frame,lgw,Year 1, summer 2, Tuesday,29893,16.6
frame,lgw,Year 1, summer 2, Tuesday,29894,16.7
frame,lgw,Year 1, summer 2, Tuesday,29895,16.8
frame,lgw,Year 1, summer 2, Tuesday,29896,16.6
frame,lgw,Year 1, summer 2, Tuesday,29897,16.6
frame,lgw,Year 1, summer 2, Tuesday,29898,16.6
frame,lgw,Year 1, summer 2, Tuesday,29899,16.7
frame,lgw,Year 1, summer 2, Tuesday,29900,16.7
frame,lgw,Year 1, summer 2, Tuesday,29901,16.9
frame,lgw,Year 1, summer 2, Tuesday,29902,16.5
frame,lgw,Year 1, summer 2, Tuesday,29903,16.7
frame,lgw,Year 1, summer 2, Tuesday,29904,16.5
frame,lgw,Year 1, summer 2, Tuesday,29905,16.6
frame,lgw,Year 1, summer 2, Tuesday,29906,16.6
frame,lgw,Year 1, summer 2, Tuesday,29907,16.7
frame,lgw,Year 1, summer 2, Tuesday,29908,16.7
frame,lgw,Year 1, summer 2, Tuesday,29909,16.6
frame,lgw,Year 1, summer 2, Tuesday,29910,16.7
frame,lgw,Year 1, summer 2, Tuesday,29911,16.7
frame,lgw,Year 1, summer 2, Tuesday,29912,16.6
frame,lgw,Year 1, summer 2, Tuesday,29913,16.7
frame,lgw,Year 1, summer 2, Tuesday,29914,16.7
frame,lgw,Year 1, summer 2, Tuesday,29915,16.9
frame,lgw,Year 1, summer 2, Tuesday,29916,16.4
frame,lgw,Year 1, summer 2, Tuesday,29917,16.6
frame,lgw,Year 1, summer 2, Tuesday,29918,16.7
frame,lgw,Year 1, summer 2, Tuesday,29919,16.7
frame,lgw,Year 1, summer 2, Tuesday,29920,16.7
frame,lgw,Year 1, summer 2, Tuesday,29921,16.6
frame,lgw,Year 1, summer 2, Tuesday,29922,16.6
frame,lgw,Year 1, summer 2, Tuesday,29923,16.7
frame,lgw,Year 1, summer 2, Tuesday,29924,16.6
frame,lgw,Year 1, summer 2, Tuesday,29925,16.6
frame,lgw,Year 1, summer 2, Tuesday,29926,16.7
frame,lgw,Year 1, summer 2, Tuesday,29927,16.7
frame,lgw,Year 1, summer 2, Tuesday,29928,16.6
frame,lgw,Year 1, summer 2, Tuesday,29929,16.7
frame,lgw,Year 1, summer 2, Tuesday,29930,16.8
frame,lgw,Year 1, summer 2, Tuesday,29931,16.6
frame,lgw,Year 1, summer 2, Tuesday,29932,16.5
frame,lgw,Year 1, summer 2, Tuesday,29933,16.7
frame,lgw,Year 1, summer 2, Tuesday,29934,16.6
frame,lgw,Year 1, summer 2, Tuesday,29935,16.7
frame,lgw,Year 1, summer 2, Tuesday,29936,16.7
frame,lgw,Year 1, summer 2, Tuesday,29937,16.8
frame,lgw,Year 1, summer 2, Tuesday,29938,16.6
frame,lgw,Year 1, summer 2, Tuesday,29939,16.7
frame,lgw,Year 1, summer 2, Tuesday,29940,16.6
frame,lgw,Year 1, summer 2, Tuesday,29941,16.7
frame,lgw,Year 1, summer 2, Tuesday,29942,16.8
frame,lgw,Year 1, summer 2, Tuesday,29943,16.5
frame,lgw,Year 1, summer 2, Tuesday,29944,16.7
frame,lgw,Year 1, summer 2, Tuesday,29945,16.7
frame,lgw,Year 1, summer 2, Tuesday,29946,16.7
frame,lgw,Year 1, summer 2, Tuesday,29947,16.6
frame,lgw,Year 1, summer 2, Tuesday,29948,16.7
frame,lgw,Year 1, summer 2, Tuesday,29949,16.7
frame,lgw,Year 1, summer 2, Tuesday,29950,16.6
frame,lgw,Year 1, summer 2, Tuesday,29951,16.6
frame,lgw,Year 1, summer 2, Tuesday,29952,16.8
frame,lgw,Year 1, summer 2, Tuesday,29953,16.6
frame,lgw,Year 1, summer 2, Tuesday,29954,16.7
frame,lgw,Year 1, summer 2, Tuesday,29955,16.9
frame,lgw,Year 1, summer 2, Tuesday,29956,16.4
frame,lgw,Year 1, summer 2, Tuesday,29957,16.6
frame,lgw,Year 1, summer 2, Tuesday,29958,16.7
frame,lgw,Year 1, summer 2, Tuesday,29959,16.6
frame,lgw,Year 1, summer 2, Tuesday,29960,16.7
frame,lgw,Year 1, summer 2, Tuesday,29961,16.7
frame,lgw,Year 1, summer 2, Tuesday,29962,16.8
frame,lgw,Year 1, summer 2, Tuesday,29963,16.6
frame,lgw,Year 1, summer 2, Tuesday,29964,16.7
frame,lgw,Year 1, summer 2, Tuesday,29965,16.7
frame,lgw,Year 1, summer 2, Tuesday,29966,16.6
frame,lgw,Year 1, summer 2, Tuesday,29967,16.7
frame,lgw,Year 1, summer 2, Tuesday,29968,16.6
frame,lgw,Year 1, summer 2, Tuesday,29969,16.6
frame,lgw,Year 1, summer 2, Tuesday,29970,16.7
frame,lgw,Year 1, summer 2, Tuesday,29971,16.7
frame,lgw,Year 1, summer 2, Tuesday,29972,16.6
frame,lgw,Year 1, summer 2, Tuesday,29973,16.8
frame,lgw,Year 1, summer 2, Tuesday,29974,16.6
frame,lgw,Year 1, summer 2, Tuesday,29975,16.6
frame,lgw,Year 1, summer 2, Tuesday,29976,16.7
frame,lgw,Year 1, summer 2, Tuesday,29977,16.7
frame,lgw,Year 1, summer 2, Tuesday,29978,16.7
frame,lgw,Year 1, summer 2, Tuesday,29979,16.6
frame,lgw,Year 1, summer 2, Tuesday,29980,16.6
frame,lgw,Year 1, summer 2, Tuesday,29981,16.8
frame,lgw,Year 1, summer 2, Tuesday,29982,16.5
frame,lgw,Year 1, summer 2, Tuesday,29983,16.7
frame,lgw,Year 1, summer 2, Tuesday,29984,16.5
frame,lgw,Year 1, summer 2, Tuesday,29985,16.7
frame,lgw,Year 1, summer 2, Tuesday,29986,16.6
frame,lgw,Year 1, summer 2, Tuesday,29987,17.2
frame,lgw,Year 1, summer 2, Tuesday,29988,16.5
frame,lgw,Year 1, summer 2, Tuesday,29989,16.4
frame,lgw,Year 1, summer 2, Tuesday,29990,16.6
frame,lgw,Year 1, summer 2, Tuesday,29991,16.8
frame,lgw,Year 1, summer 2, Tuesday,29992,16.6
frame,lgw,Year 1, summer 2, Tuesday,29993,16.8
frame,lgw,Year 1, summer 2, Tuesday,29994,16.6
frame,lgw,Year 1, summer 2, Tuesday,29995,16.5
frame,lgw,Year 1, summer 2, Tuesday,29996,16.7
frame,lgw,Year 1, summer 2, Tuesday,29997,16.7
frame,lgw,Year 1, summer 2, Tuesday,29998,16.7
frame,lgw,Year 1, summer 2, Tuesday,29999,16.7
frame,lgw,Year 1, summer 2, Tuesday,35120,16.6
frame,lgw,Year 1, summer 2, Tuesday,35121,16.7
frame,lgw,Year 1, summer 2, Tuesday,35122,16.7
frame,lgw,Year 1, summer 2, Tuesday,35123,16.7
frame,lgw,Year 1, summer 2, Tuesday,35124,16.7
frame,lgw,Year 1, summer 2, Tuesday,35125,16.7
frame,lgw,Year 1, summer 2, Tuesday,35126,16.7
frame,lgw,Year 1, summer 2, Tuesday,35127,16.7
frame,lgw,Year 1, summer 2, Tuesday,35128,16.6
frame,lgw,Year 1, summer 2, Tuesday,35129,16.7
frame,lgw,Year 1, summer 2, Tuesday,35130,18.1
frame,lgw,Year 1, summer 2, Tuesday,35131,15.4
frame,lgw,Year 1, summer 2, Tuesday,35132,16.7
frame,lgw,Year 1, summer 2, Tuesday,35133,16.6
frame,lgw,Year 1, summer 2, Tuesday,35134,16.5
frame,lgw,Year 1, summer 2, Tuesday,35135,16.7
frame,lgw,Year 1, summer 2, Tuesday,35136,16.7
frame,lgw,Year 1, summer 2, Tuesday,35137,16.7
frame,lgw,Year 1, summer 2, Tuesday,35138,16.6
frame,lgw,Year 1, summer 2, Tuesday,35139,16.7
frame,lgw,Year 1, summer 2, Tuesday,35140,16.7
frame,lgw,Year 1, summer 2, Tuesday,35141,16.6
frame,lgw,Year 1, summer 2, Tuesday,35142,16.7
frame,lgw,Year 1, summer 2, Tuesday,35143,16.7
frame,lgw,Year 1, summer 2, Tuesday,35144,16.7
frame,lgw,Year 1, summer 2, Tuesday,35145,16.6
frame,lgw,Year 1, summer 2, Tuesday,35146,16.7
frame,lgw,Year 1, summer 2, Tuesday,35147,16.7
frame,lgw,Year 1, summer 2, Tuesday,35148,16.7
frame,lgw,Year 1, summer 2, Tuesday,35149,16.6
frame,lgw,Year 1, summer 2, Tuesday,35150,16.7
frame,lgw,Year 1, summer 2, Tuesday,35151,16.7
frame,lgw,Year 1, summer 2, Tuesday,35152,16.7
frame,lgw,Year 1, summer 2, Tuesday,35153,16.6
frame,lgw,Year 1, summer 2, Tuesday,35154,16.7
frame,lgw,Year 1, summer 2, Tuesday,35155,16.7
frame,lgw,Year 1, summer 2, Tuesday,35156,16.8
frame,lgw,Year 1, summer 2, Tuesday,35157,16.6
frame,lgw,Year 1, summer 2, Tuesday,35158,16.7
frame,lgw,Year 1, summer 2, Tuesday,35159,16.6
frame,lgw,Year 1, summer 2, Tuesday,35160,16.6
frame,lgw,Year 1, summer 2, Tuesday,35161,16.7
frame,lgw,Year 1, summer 2, Tuesday,35162,16.7
frame,lgw,Year 1, summer 2, Tuesday,35163,16.7
frame,lgw,Year 1, summer 2, Tuesday,35164,16.6
frame,lgw,Year 1, summer 2, Tuesday,35165,16.6
frame,lgw,Year 1, summer 2, Tuesday,35166,16.7
frame,lgw,Year 1, summer 2, Tuesday,35167,16.7
frame,lgw,Year 1, summer 2, Tuesday,35168,16.6
frame,lgw,Year 1, summer 2, Tuesday,35169,16.9
frame,lgw,Year 1, summer 2, Tuesday,35170,16.6
frame,lgw,Year 1, summer 2, Tuesday,35171,16.6
frame,lgw,Year 1, summer 2, Tuesday,35172,16.7
frame,lgw,Year 1, summer 2, Tuesday,35173,16.7
frame,lgw,Year 1, summer 2, Tuesday,35174,16.7
frame,lgw,Year 1, summer 2, Tuesday,35175,16.6
frame,lgw,Year 1, summer 2, Tuesday,35176,16.7
frame,lgw,Year 1, summer 2, Tuesday,35177,16.7
frame,lgw,Year 1, summer 2, Tuesday,35178,16.6
frame,lgw,Year 1, summer 2, Tuesday,35179,16.8
frame,lgw,Year 1, summer 2, Tuesday,35180,16.7
frame,lgw,Year 1, summer 2, Tuesday,35181,16.7
frame,lgw,Year 1, summer 2, Tuesday,35182,16.8
frame,lgw,Year 1, summer 2, Tuesday,35183,16.6
frame,lgw,Year 1, summer 2, Tuesday,35184,16.6
frame,lgw,Year 1, summer 2, Tuesday,35185,16.7
frame,lgw,Year 1, summer 2, Tuesday,35186,16.6
frame,lgw,Year 1, summer 2, Tuesday,35187,16.7
frame,lgw,Year 1, summer 2, Tuesday,35188,16.8
frame,lgw,Year 1, summer 2, Tuesday,35189,16.6
frame,lgw,Year 1, summer 2, Tuesday,35190,16.6
frame,lgw,Year 1, summer 2, Tuesday,35191,16.6
frame,lgw,Year 1, summer 2, Tuesday,35192,16.8
frame,lgw,Year 1, summer 2, Tuesday,35193,16.6
frame,lgw,Year 1, summer 2, Tuesday,35194,16.8
frame,lgw,Year 1, summer 2, Tuesday,35195,16.6
frame,lgw,Year 1, summer 2, Tuesday,35196,16.9
frame,lgw,Year 1, summer 2, Tuesday,35197,17.3
frame,lgw,Year 1, summer 2, Tuesday,35198,15.8
frame,lgw,Year 1, summer 2, Tuesday,35199,16.6
frame,lgw,Year 1, summer 2, Tuesday,35200,16.7
frame,lgw,Year 1, summer 2, Tuesday,35201,16.7
frame,lgw,Year 1, summer 2, Tuesday,35202,16.7
frame,lgw,Year 1, summer 2, Tuesday,35203,16.6
frame,lgw,Year 1, summer 2, Tuesday,35204,16.7
frame,lgw,Year 1, summer 2, Tuesday,35205,16.7
frame,lgw,Year 1, summer 2, Tuesday,35206,16.6
frame,lgw,Year 1, summer 2, Tuesday,35207,16.8
frame,lgw,Year 1, summer 2, Tuesday,35208,16.7
frame,lgw,Year 1, summer 2, Tuesday,35209,16.6
frame,lgw,Year 1, summer 2, Tuesday,35210,16.7
frame,lgw,Year 1, summer 2, Tuesday,35211,16.6
frame,lgw,Year 1, summer 2, Tuesday,35212,16.7
frame,lgw,Year 1, summer 2, Tuesday,35213,17.3
frame,lgw,Year 1, summer 2, Tuesday,35214,16.0
frame,lgw,Year 1, summer 2, Tuesday,35215,16.7
frame,lgw,Year 1, summer 2, Tuesday,35216,16.7
frame,lgw,Year 1, summer 2, Tuesday,35217,16.7
frame,lgw,Year 1, summer 2, Tuesday,35218,16.7
frame,lgw,Year 1, summer 2, Tuesday,35219,16.7
frame,lgw,Year 1, summer 2, Tuesday,35220,16.9
frame,lgw,Year 1, summer 2, Tuesday,35221,16.4
frame,lgw,Year 1, summer 2, Tuesday,35222,16.9
frame,lgw,Year 1, summer 2, Tuesday,35223,16.4
frame,lgw,Year 1, summer 2, Tuesday,35224,16.7
frame,lgw,Year 1, summer 2, Tuesday,35225,16.7
frame,lgw,Year 1, summer 2, Tuesday,35226,16.7
frame,lgw,Year 1, summer 2, Tuesday,35227,16.6
frame,lgw,Year 1, summer 2, Tuesday,35228,16.6
frame,lgw,Year 1, summer 2, Tuesday,35229,16.7
frame,lgw,Year 1, summer 2, Tuesday,35230,16.6
frame,lgw,Year 1, summer 2, Tuesday,35231,16.7
frame,lgw,Year 1, summer 2, Tuesday,35232,17.0
frame,lgw,Year 1, summer 2, Tuesday,35233,16.5
frame,lgw,Year 1, summer 2, Tuesday,35234,16.5
frame,lgw,Year 1, summer 2, Tuesday,35235,16.7
frame,lgw,Year 1, summer 2, Tuesday,35236,16.7
frame,lgw,Year 1, summer 2, Tuesday,35237,16.6
frame,lgw,Year 1, summer 2, Tuesday,35238,16.6
frame,lgw,Year 1, summer 2, Tuesday,35239,16.7
frame,lgw,Year 1, summer 2, Tuesday,35240,16.7
frame,lgw,Year 1, summer 2, Tuesday,35241,16.7
frame,lgw,Year 1, summer 2, Tuesday,35242,16.6
frame,lgw,Year 1, summer 2, Tuesday,35243,16.7
frame,lgw,Year 1, summer 2, Tuesday,35244,16.7
frame,lgw,Year 1, summer 2, Tuesday,35245,16.8
frame,lgw,Year 1, summer 2, Tuesday,35246,16.6
frame,lgw,Year 1, summer 2, Tuesday,35247,16.6
frame,lgw,Year 1, summer 2, Tuesday,35248,16.6
frame,lgw,Year 1, summer 2, Tuesday,35249,16.6
frame,lgw,Year 1, summer 2, Tuesday,35250,16.7
frame,lgw,Year 1, summer 2, Tuesday,35251,16.7
frame,lgw,Year 1, summer 2, Tuesday,35252,16.6
frame,lgw,Year 1, summer 2, Tuesday,35253,16.6
frame,lgw,Year 1, summer 2, Tuesday,35254,16.6
frame,lgw,Year 1, summer 2, Tuesday,35255,16.6
frame,lgw,Year 1, summer 2, Tuesday,35256,16.7
frame,lgw,Year 1, summer 2, Tuesday,35257,16.7
frame,lgw,Year 1, summer 2, Tuesday,35258,16.7
frame,lgw,Year 1, summer 2, Tuesday,35259,16.7
frame,lgw,Year 1, summer 2, Tuesday,35260,16.6
frame,lgw,Year 1, summer 2, Tuesday,35261,16.7
frame,lgw,Year 1, summer 2, Tuesday,35262,16.7
frame,lgw,Year 1, summer 2, Tuesday,35263,16.6
frame,lgw,Year 1, summer 2, Tuesday,35264,16.6
frame,lgw,Year 1, summer 2, Tuesday,35265,16.7
frame,lgw,Year 1, summer 2, Tuesday,35266,16.6
frame,lgw,Year 1, summer 2, Tuesday,35267,16.7
frame,lgw,Year 1, summer 2, Tuesday,35268,16.8
frame,lgw,Year 1, summer 2, Tuesday,35269,16.6
frame,lgw,Year 1, summer 2, Tuesday,35270,16.6
frame,lgw,Year 1, summer 2, Tuesday,35271,16.8
frame,lgw,Year 1, summer 2, Tuesday,35272,16.5
frame,lgw,Year 1, summer 2, Tuesday,35273,16.8
frame,lgw,Year 1, summer 2, Tuesday,35274,16.6
frame,lgw,Year 1, summer 2, Tuesday,35275,16.6
frame,lgw,Year 1, summer 2, Tuesday,35276,16.6
frame,lgw,Year 1, summer 2, Tuesday,35277,16.7
frame,lgw,Year 1, summer 2, Tuesday,35278,16.8
frame,lgw,Year 1, summer 2, Tuesday,35279,16.6
frame,lgw,Year 1, summer 2, Tuesday,35280,16.6
frame,lgw,Year 1, summer 2, Tuesday,35281,16.7
frame,lgw,Year 1, summer 2, Tuesday,35282,16.7
frame,lgw,Year 1, summer 2, Tuesday,35283,16.7
frame,lgw,Year 1, summer 2, Tuesday,35284,16.7
frame,lgw,Year 1, summer 2, Tuesday,35285,16.8
frame,lgw,Year 1, summer 2, Tuesday,35286,16.5
frame,lgw,Year 1, summer 2, Tuesday,35287,16.6
frame,lgw,Year 1, summer 2, Tuesday,35288,16.7
frame,lgw,Year 1, summer 2, Tuesday,35289,16.7
frame,lgw,Year 1, summer 2, Tuesday,35290,16.7
frame,lgw,Year 1, summer 2, Tuesday,35291,16.7
frame,lgw,Year 1, summer 2, Tuesday,35292,16.7
frame,lgw,Year 1, summer 2, Tuesday,35293,16.6
frame,lgw,Year 1, summer 2, Tuesday,35294,16.7
frame,lgw,Year 1, summer 2, Tuesday,35295,16.7
frame,lgw,Year 1, summer 2, Tuesday,35296,16.7
frame,lgw,Year 1, summer 2, Tuesday,35297,16.7
frame,lgw,Year 1, summer 2, Tuesday,35298,16.7
frame,lgw,Year 1, summer 2, Tuesday,35299,16.7
frame,lgw,Year 1, summer 2, Tuesday,35300,16.5
frame,lgw,Year 1, summer 2, Tuesday,35301,16.6
frame,lgw,Year 1, summer 2, Tuesday,35302,16.7
frame,lgw,Year 1, summer 2, Tuesday,35303,16.6
frame,lgw,Year 1, summer 2, Tuesday,35304,16.7
frame,lgw,Year 1, summer 2, Tuesday,35305,16.7
frame,lgw,Year 1, summer 2, Tuesday,35306,16.7
frame,lgw,Year 1, summer 2, Tuesday,35307,16.7
frame,lgw,Year 1, summer 2, Tuesday,35308,16.7
frame,lgw,Year 1, summer 2, Tuesday,35309,16.7
frame,lgw,Year 1, summer 2, Tuesday,35310,16.6
frame,lgw,Year 1, summer 2, Tuesday,35311,16.7
frame,lgw,Year 1, summer 2, Tuesday,35312,16.7
frame,lgw,Year 1, summer 2, Tuesday,35313,16.6
frame,lgw,Year 1, summer 2, Tuesday,35314,16.7
frame,lgw,Year 1, summer 2, Tuesday,35315,16.7
frame,lgw,Year 1, summer 2, Tuesday,35316,16.7
frame,lgw,Year 1, summer 2, Tuesday,35317,16.7
frame,lgw,Year 1, summer 2, Tuesday,35318,16.8
frame,lgw,Year 1, summer 2, Tuesday,35319,16.6
frame,lgw,Year 1, summer 2, Tuesday,35320,16.7
frame,lgw,Year 1, summer 2, Tuesday,35321,16.6
frame,lgw,Year 1, summer 2, Tuesday,35322,16.7
frame,lgw,Year 1, summer 2, Tuesday,35323,16.8
frame,lgw,Year 1, summer 2, Tuesday,35324,16.6
frame,lgw,Year 1, summer 2, Tuesday,35325,16.7
frame,lgw,Year 1, summer 2, Tuesday,35326,16.6
frame,lgw,Year 1, summer 2, Tuesday,35327,16.6
frame,lgw,Year 1, summer 2, Tuesday,35328,16.7
frame,lgw,Year 1, summer 2, Tuesday,35329,16.7
frame,lgw,Year 1, summer 2, Tuesday,35330,16.7
frame,lgw,Year 1, summer 2, Tuesday,35331,16.6
frame,lgw,Year 1, summer 2, Tuesday,35332,16.7
frame,lgw,Year 1, summer 2, Tuesday,35333,16.7
frame,lgw,Year 1, summer 2, Tuesday,35334,16.7
frame,lgw,Year 1, summer 2, Tuesday,35335,16.7
frame,lgw,Year 1, summer 2, Tuesday,35336,16.8
frame,lgw,Year 1, summer 2, Tuesday,35337,16.7
frame,lgw,Year 1, summer 2, Tuesday,35338,16.7
frame,lgw,Year 1, summer 2, Tuesday,35339,16.6
frame,lgw,Year 1, summer 2, Tuesday,35340,16.7
frame,lgw,Year 1, summer 2, Tuesday,35341,16.7
frame,lgw,Year 1, summer 2, Tuesday,35342,16.7
frame,lgw,Year 1, summer 2, Tuesday,35343,16.7
frame,lgw,Year 1, summer 2, Tuesday,35344,16.7
frame,lgw,Year 1, summer 2, Tuesday,35345,16.7
frame,lgw,Year 1, summer 2, Tuesday,35346,16.7
frame,lgw,Year 1, summer 2, Tuesday,35347,16.6
frame,lgw,Year 1, summer 2, Tuesday,35348,16.7
frame,lgw,Year 1, summer 2, Tuesday,35349,16.6
frame,lgw,Year 1, summer 2, Tuesday,35350,16.6
frame,lgw,Year 1, summer 2, Tuesday,35351,16.8
frame,lgw,Year 1, summer 2, Tuesday,35352,16.5
frame,lgw,Year 1, summer 2, Tuesday,35353,17.3
frame,lgw,Year 1, summer 2, Tuesday,35354,16.0
frame,lgw,Year 1, summer 2, Tuesday,35355,16.7
frame,lgw,Year 1, summer 2, Tuesday,35356,16.7
frame,lgw,Year 1, summer 2, Tuesday,35357,16.7
frame,lgw,Year 1, summer 2, Tuesday,35358,16.6
frame,lgw,Year 1, summer 2, Tuesday,35359,16.7
frame,lgw,Year 1, summer 2, Tuesday,35360,16.6
frame,lgw,Year 1, summer 2, Tuesday,35361,16.7
frame,lgw,Year 1, summer 2, Tuesday,35362,16.7
frame,lgw,Year 1, summer 2, Tuesday,35363,16.9
frame,lgw,Year 1, summer 2, Tuesday,35364,16.4
frame,lgw,Year 1, summer 2, Tuesday,35365,16.6
frame,lgw,Year 1, summer 2, Tuesday,35366,16.7
frame,lgw,Year 1, summer 2, Tuesday,35367,16.7
frame,lgw,Year 1, summer 2, Tuesday,35368,16.7
frame,lgw,Year 1, summer 2, Tuesday,35369,16.7
frame,lgw,Year 1, summer 2, Tuesday,35370,16.7
frame,lgw,Year 1, summer 2, Tuesday,35371,16.6
frame,lgw,Year 1, summer 2, Tuesday,35372,16.7
frame,lgw,Year 1, summer 2, Tuesday,35373,16.7
frame,lgw,Year 1, summer 2, Tuesday,35374,16.7
frame,lgw,Year 1, summer 2, Tuesday,35375,16.6
frame,lgw,Year 1, summer 2, Tuesday,35376,16.7
frame,lgw,Year 1, summer 2, Tuesday,35377,16.8
frame,lgw,Year 1, summer 2, Tuesday,35378,16.5
frame,lgw,Year 1, summer 2, Tuesday,35379,16.7
frame,lgw,Year 1, summer 2, Tuesday,35380,16.6
frame,lgw,Year 1, summer 2, Tuesday,35381,16.6
frame,lgw,Year 1, summer 2, Tuesday,35382,16.7
frame,lgw,Year 1, summer 2, Tuesday,35383,16.7
frame,lgw,Year 1, summer 2, Tuesday,35384,16.6
frame,lgw,Year 1, summer 2, Tuesday,35385,16.6
frame,lgw,Year 1, summer 2, Tuesday,35386,16.6
frame,lgw,Year 1, summer 2, Tuesday,35387,16.7
frame,lgw,Year 1, summer 2, Tuesday,35388,16.7
frame,lgw,Year 1, summer 2, Tuesday,35389,16.8
frame,lgw,Year 1, summer 2, Tuesday,35390,16.6
frame,lgw,Year 1, summer 2, Tuesday,35391,16.7
frame,lgw,Year 1, summer 2, Tuesday,35392,16.7
frame,lgw,Year 1, summer 2, Tuesday,35393,16.6
frame,lgw,Year 1, summer 2, Tuesday,35394,16.6
frame,lgw,Year 1, summer 2, Tuesday,35395,16.6
frame,lgw,Year 1, summer 2, Tuesday,35396,16.6
frame,lgw,Year 1, summer 2, Tuesday,35397,16.7
frame,lgw,Year 1, summer 2, Tuesday,35398,16.6
frame,lgw,Year 1, summer 2, Tuesday,35399,16.6
frame,lgw,Year 1, summer 2, Tuesday,35400,16.8
frame,lgw,Year 1, summer 2, Tuesday,35401,16.6
frame,lgw,Year 1, summer 2, Tuesday,35402,16.8
frame,lgw,Year 1, summer 2, Tuesday,35403,16.7
frame,lgw,Year 1, summer 2, Tuesday,35404,16.4
frame,lgw,Year 1, summer 2, Tuesday,35405,16.7
frame,lgw,Year 1, summer 2, Tuesday,35406,16.7
frame,lgw,Year 1, summer 2, Tuesday,35407,16.7
frame,lgw,Year 1, summer 2, Tuesday,35408,16.7
frame,lgw,Year 1, summer 2, Tuesday,35409,16.6
frame,lgw,Year 1, summer 2, Tuesday,35410,16.6
frame,lgw,Year 1, summer 2, Tuesday,35411,16.7
frame,lgw,Year 1, summer 2, Tuesday,35412,16.7
frame,lgw,Year 1, summer 2, Tuesday,35413,16.7
frame,lgw,Year 1, summer 2, Tuesday,35414,16.8
frame,lgw,Year 1, summer 2, Tuesday,35415,16.5
frame,lgw,Year 1, summer 2, Tuesday,35416,16.7
frame,lgw,Year 1, summer 2, Tuesday,35417,16.7
frame,lgw,Year 1, summer 2, Tuesday,35418,16.7
frame,lgw,Year 1, summer 2, Tuesday,35419,16.7
frame,lgw,Year 1, summer 2, Tuesday,35420,16.7
frame,lgw,Year 1, summer 2, Tuesday,35421,16.6
frame,lgw,Year 1, summer 2, Tuesday,35422,16.7
frame,lgw,Year 1, summer 2, Tuesday,35423,16.7
frame,lgw,Year 1, summer 2, Tuesday,35424,16.7
frame,lgw,Year 1, summer 2, Tuesday,35425,16.6
frame,lgw,Year 1, summer 2, Tuesday,35426,16.8
frame,lgw,Year 1, summer 2, Tuesday,35427,16.6
frame,lgw,Year 1, summer 2, Tuesday,35428,16.6
frame,lgw,Year 1, summer 2, Tuesday,35429,16.6
frame,lgw,Year 1, summer 2, Tuesday,35430,16.7
frame,lgw,Year 1, summer 2, Tuesday,35431,16.6
frame,lgw,Year 1, summer 2, Tuesday,35432,16.7
frame,lgw,Year 1, summer 2, Tuesday,35433,16.7
frame,lgw,Year 1, summer 2, Tuesday,35434,16.7
frame,lgw,Year 1, summer 2, Tuesday,35435,16.7
frame,lgw,Year 1, summer 2, Tuesday,35436,16.6
frame,lgw,Year 1, summer 2, Tuesday,35437,16.7
frame,lgw,Year 1, summer 2, Tuesday,35438,16.6
frame,lgw,Year 1, summer 2, Tuesday,35439,16.8
frame,lgw,Year 1, summer 2, Tuesday,35440,16.6
frame,lgw,Year 1, summer 2, Tuesday,35441,16.7
frame,lgw,Year 1, summer 2, Tuesday,35442,16.7
frame,lgw,Year 1, summer 2, Tuesday,35443,16.7
frame,lgw,Year 1, summer 2, Tuesday,35444,16.8
frame,lgw,Year 1, summer 2, Tuesday,35445,16.4
frame,lgw,Year 1, summer 2, Tuesday,35446,16.7
frame,lgw,Year 1, summer 2, Tuesday,35447,16.6
frame,lgw,Year 1, summer 2, Tuesday,35448,16.7
frame,lgw,Year 1, summer 2, Tuesday,35449,16.8
frame,lgw,Year 1, summer 2, Tuesday,35450,16.5
frame,lgw,Year 1, summer 2, Tuesday,35451,16.6
frame,lgw,Year 1, summer 2, Tuesday,35452,16.8
frame,lgw,Year 1, summer 2, Tuesday,35453,16.6
frame,lgw,Year 1, summer 2, Tuesday,35454,16.8
frame,lgw,Year 1, summer 2, Tuesday,35455,16.5
frame,lgw,Year 1, summer 2, Tuesday,35456,16.8
frame,lgw,Year 1, summer 2, Tuesday,35457,16.5
frame,lgw,Year 1, summer 2, Tuesday,35458,16.6
frame,lgw,Year 1, summer 2, Tuesday,35459,16.7
frame,lgw,Year 1, summer 2, Tuesday,35460,16.6
frame,lgw,Year 1, summer 2, Tuesday,35461,16.7
frame,lgw,Year 1, summer 2, Tuesday,35462,16.7
frame,lgw,Year 1, summer 2, Tuesday,35463,16.7
frame,lgw,Year 1, summer 2, Tuesday,35464,16.6
frame,lgw,Year 1, summer 2, Tuesday,35465,16.7
frame,lgw,Year 1, summer 2, Tuesday,35466,16.7
frame,lgw,Year 1, summer 2, Tuesday,35467,16.7
frame,lgw,Year 1, summer 2, Tuesday,35468,16.7
frame,lgw,Year 1, summer 2, Tuesday,35469,16.8
frame,lgw,Year 1, summer 2, Tuesday,35470,16.5
frame,lgw,Year 1, summer 2, Tuesday,35471,16.7
frame,lgw,Year 1, summer 2, Tuesday,35472,16.7
frame,lgw,Year 1, summer 2, Tuesday,35473,16.7
frame,lgw,Year 1, summer 2, Tuesday,35474,16.6
frame,lgw,Year 1, summer 2, Tuesday,35475,16.7
frame,lgw,Year 1, summer 2, Tuesday,35476,16.7
frame,lgw,Year 1, summer 2, Tuesday,35477,16.7
frame,lgw,Year 1, summer 2, Tuesday,35478,17.2
frame,lgw,Year 1, summer 2, Tuesday,35479,16.2
frame,lgw,Year 1, summer 2, Tuesday,35480,16.6
frame,lgw,Year 1, summer 2, Tuesday,35481,16.7
frame,lgw,Year 1, summer 2, Tuesday,35482,16.8
frame,lgw,Year 1, summer 2, Tuesday,35483,16.6
frame,lgw,Year 1, summer 2, Tuesday,35484,16.7
frame,lgw,Year 1, summer 2, Tuesday,35485,16.6
frame,lgw,Year 1, summer 2, Tuesday,35486,16.7
frame,lgw,Year 1, summer 2, Tuesday,35487,16.6
frame,lgw,Year 1, summer 2, Tuesday,35488,16.7
frame,lgw,Year 1, summer 2, Tuesday,35489,16.6
frame,lgw,Year 1, summer 2, Tuesday,35490,16.8
frame,lgw,Year 1, summer 2, Tuesday,35491,16.7
frame,lgw,Year 1, summer 2, Tuesday,35492,16.7
frame,lgw,Year 1, summer 2, Tuesday,35493,16.9
frame,lgw,Year 1, summer 2, Tuesday,35494,16.4
frame,lgw,Year 1, summer 2, Tuesday,35495,16.7
frame,lgw,Year 1, summer 2, Tuesday,35496,16.6
frame,lgw,Year 1, summer 2, Tuesday,35497,16.6
frame,lgw,Year 1, summer 2, Tuesday,35498,16.6
frame,lgw,Year 1, summer 2, Tuesday,35499,16.7
frame,lgw,Year 1, summer 2, Tuesday,35500,16.7
frame,lgw,Year 1, summer 2, Tuesday,35501,16.6
frame,lgw,Year 1, summer 2, Tuesday,35502,16.6
frame,lgw,Year 1, summer 2, Tuesday,35503,16.7
frame,lgw,Year 1, summer 2, Tuesday,35504,16.6
frame,lgw,Year 1, summer 2, Tuesday,35505,16.7
frame,lgw,Year 1, summer 2, Tuesday,35506,16.7
frame,lgw,Year 1, summer 2, Tuesday,35507,16.7
frame,lgw,Year 1, summer 2, Tuesday,35508,16.7
frame,lgw,Year 1, summer 2, Tuesday,35509,16.7
frame,lgw,Year 1, summer 2, Tuesday,35510,16.5
frame,lgw,Year 1, summer 2, Tuesday,35511,16.6
frame,lgw,Year 1, summer 2, Tuesday,35512,16.7
frame,lgw,Year 1, summer 2, Tuesday,35513,16.6
frame,lgw,Year 1, summer 2, Tuesday,35514,16.6
frame,lgw,Year 1, summer 2, Tuesday,35515,16.7
frame,lgw,Year 1, summer 2, Tuesday,35516,16.7
frame,lgw,Year 1, summer 2, Tuesday,35517,16.7
frame,lgw,Year 1, summer 2, Tuesday,35518,16.7
frame,lgw,Year 1, summer 2, Tuesday,35519,16.8
frame,lgw,Year 1, summer 2, Tuesday,35520,16.5
frame,lgw,Year 1, summer 2, Tuesday,35521,16.6
frame,lgw,Year 1, summer 2, Tuesday,35522,16.6
frame,lgw,Year 1, summer 2, Tuesday,35523,16.7
frame,lgw,Year 1, summer 2, Tuesday,35524,16.7
frame,lgw,Year 1, summer 2, Tuesday,35525,16.7
frame,lgw,Year 1, summer 2, Tuesday,35526,16.7
frame,lgw,Year 1, summer 2, Tuesday,35527,16.6
frame,lgw,Year 1, summer 2, Tuesday,35528,16.7
frame,lgw,Year 1, summer 2, Tuesday,35529,16.6
frame,lgw,Year 1, summer 2, Tuesday,35530,16.7
frame,lgw,Year 1, summer 2, Tuesday,35531,16.7
frame,lgw,Year 1, summer 2, Tuesday,35532,16.7
frame,lgw,Year 1, summer 2, Tuesday,35533,16.7
frame,lgw,Year 1, summer 2, Tuesday,35534,16.5
frame,lgw,Year 1, summer 2, Tuesday,35535,16.7
frame,lgw,Year 1, summer 2, Tuesday,35536,16.7
frame,lgw,Year 1, summer 2, Tuesday,35537,16.6
frame,lgw,Year 1, summer 2, Tuesday,35538,16.7
frame,lgw,Year 1, summer 2, Tuesday,35539,16.7
frame,lgw,Year 1, summer 2, Tuesday,35540,16.7
frame,lgw,Year 1, summer 2, Tuesday,35541,16.6
frame,lgw,Year 1, summer 2, Tuesday,35542,16.7
frame,lgw,Year 1, summer 2, Tuesday,35543,16.7
frame,lgw,Year 1, summer 2, Tuesday,35544,16.7
frame,lgw,Year 1, summer 2, Tuesday,35545,16.7
frame,lgw,Year 1, summer 2, Tuesday,35546,16.7
frame,lgw,Year 1, summer 2, Tuesday,35547,16.6
frame,lgw,Year 1, summer 2, Tuesday,35548,16.7
frame,lgw,Year 1, summer 2, Tuesday,35549,16.6
frame,lgw,Year 1, summer 2, Tuesday,35550,16.7
frame,lgw,Year 1, summer 2, Tuesday,35551,16.7
frame,lgw,Year 1, summer 2, Tuesday,35552,16.7
frame,lgw,Year 1, summer 2, Tuesday,35553,16.7
frame,lgw,Year 1, summer 2, Tuesday,35554,16.7
frame,lgw,Year 1, summer 2, Tuesday,35555,16.7
frame,lgw,Year 1, summer 2, Tuesday,35556,16.6
frame,lgw,Year 1, summer 2, Tuesday,35557,16.7
frame,lgw,Year 1, summer 2, Tuesday,35558,16.6
frame,lgw,Year 1, summer 2, Tuesday,35559,16.8
frame,lgw,Year 1, summer 2, Tuesday,35560,16.6
frame,lgw,Year 1, summer 2, Tuesday,35561,16.6
frame,lgw,Year 1, summer 2, Tuesday,35562,16.6
frame,lgw,Year 1, summer 2, Tuesday,35563,16.6
frame,lgw,Year 1, summer 2, Tuesday,35564,16.7
frame,lgw,Year 1, summer 2, Tuesday,35565,16.7
frame,lgw,Year 1, summer 2, Tuesday,35566,16.7
frame,lgw,Year 1, summer 2, Tuesday,35567,16.6
frame,lgw,Year 1, summer 2, Tuesday,35568,16.6
frame,lgw,Year 1, summer 2, Tuesday,35569,16.7
frame,lgw,Year 1, summer 2, Tuesday,35570,16.7
frame,lgw,Year 1, summer 2, Tuesday,35571,16.6
frame,lgw,Year 1, summer 2, Tuesday,35572,16.7
frame,lgw,Year 1, summer 2, Tuesday,35573,16.6
frame,lgw,Year 1, summer 2, Tuesday,35574,16.8
frame,lgw,Year 1, summer 2, Tuesday,35575,16.6
frame,lgw,Year 1, summer 2, Tuesday,35576,16.7
frame,lgw,Year 1, summer 2, Tuesday,35577,16.7
frame,lgw,Year 1, summer 2, Tuesday,35578,16.7
frame,lgw,Year 1, summer 2, Tuesday,35579,16.6
frame,lgw,Year 1, summer 2, Tuesday,35580,16.7
frame,lgw,Year 1, summer 2, Tuesday,35581,16.7
frame,lgw,Year 1, summer 2, Tuesday,35582,16.8
frame,lgw,Year 1, summer 2, Tuesday,35583,16.5
frame,lgw,Year 1, summer 2, Tuesday,35584,16.7
frame,lgw,Year 1, summer 2, Tuesday,35585,16.6
frame,lgw,Year 1, summer 2, Tuesday,35586,16.7
frame,lgw,Year 1, summer 2, Tuesday,35587,16.6
frame,lgw,Year 1, summer 2, Tuesday,35588,16.7
frame,lgw,Year 1, summer 2, Tuesday,35589,16.7
frame,lgw,Year 1, summer 2, Tuesday,35590,16.7
frame,lgw,Year 1, summer 2, Tuesday,35591,16.7
frame,lgw,Year 1, summer 2, Tuesday,35592,16.6
frame,lgw,Year 1, summer 2, Tuesday,35593,16.6
frame,lgw,Year 1, summer 2, Tuesday,35594,16.7
frame,lgw,Year 1, summer 2, Tuesday,35595,16.7
frame,lgw,Year 1, summer 2, Tuesday,35596,16.6
frame,lgw,Year 1, summer 2, Tuesday,35597,16.9
frame,lgw,Year 1, summer 2, Tuesday,35598,16.6
frame,lgw,Year 1, summer 2, Tuesday,35599,16.7
frame,lgw,Year 1, summer 2, Tuesday,35600,16.6
frame,lgw,Year 1, summer 2, Tuesday,35601,16.6
frame,lgw,Year 1, summer 2, Tuesday,35602,16.8
frame,lgw,Year 1, summer 2, Tuesday,35603,16.6
frame,lgw,Year 1, summer 2, Tuesday,35604,16.7
frame,lgw,Year 1, summer 2, Tuesday,35605,16.7
frame,lgw,Year 1, summer 2, Tuesday,35606,16.6
frame,lgw,Year 1, summer 2, Tuesday,35607,16.7
frame,lgw,Year 1, summer 2, Tuesday,35608,16.6
frame,lgw,Year 1, summer 2, Tuesday,35609,17.6
frame,lgw,Year 1, summer 2, Tuesday,35610,15.9
frame,lgw,Year 1, summer 2, Tuesday,35611,16.7
frame,lgw,Year 1, summer 2, Tuesday,35612,16.7
frame,lgw,Year 1, summer 2, Tuesday,35613,16.6
frame,lgw,Year 1, summer 2, Tuesday,35614,16.9
frame,lgw,Year 1, summer 2, Tuesday,35615,16.5
frame,lgw,Year 1, summer 2, Tuesday,35616,16.6
frame,lgw,Year 1, summer 2, Tuesday,35617,16.7
frame,lgw,Year 1, summer 2, Tuesday,35618,16.6
frame,lgw,Year 1, summer 2, Tuesday,35619,16.7
frame,lgw,Year 1, summer 2, Tuesday,35620,16.7
frame,lgw,Year 1, summer 2, Tuesday,35621,16.7
frame,lgw,Year 1, summer 2, Tuesday,35622,16.7
frame,lgw,Year 1, summer 2, Tuesday,35623,16.6
frame,lgw,Year 1, summer 2, Tuesday,35624,16.7
frame,lgw,Year 1, summer 2, Tuesday,35625,16.6
frame,lgw,Year 1, summer 2, Tuesday,35626,16.6
frame,lgw,Year 1, summer 2, Tuesday,35627,16.7
frame,lgw,Year 1, summer 2, Tuesday,35628,16.7
frame,lgw,Year 1, summer 2, Tuesday,35629,16.7
frame,lgw,Year 1, summer 2, Tuesday,35630,16.7
frame,lgw,Year 1, summer 2, Tuesday,35631,16.7
frame,lgw,Year 1, summer 2, Tuesday,35632,16.6
frame,lgw,Year 1, summer 2, Tuesday,35633,16.7
frame,lgw,Year 1, summer 2, Tuesday,35634,16.7
frame,lgw,Year 1, summer 2, Tuesday,35635,16.7
frame,lgw,Year 1, summer 2, Tuesday,35636,16.6
frame,lgw,Year 1, summer 2, Tuesday,35637,16.7
frame,lgw,Year 1, summer 2, Tuesday,35638,16.6
frame,lgw,Year 1, summer 2, Tuesday,35639,16.7
frame,lgw,Year 1, summer 2, Tuesday,35640,16.7
frame,lgw,Year 1, summer 2, Tuesday,35641,16.7
frame,lgw,Year 1, summer 2, Tuesday,35642,16.6
frame,lgw,Year 1, summer 2, Tuesday,35643,16.7
frame,lgw,Year 1, summer 2, Tuesday,35644,16.7
frame,lgw,Year 1, summer 2, Tuesday,35645,16.6
frame,lgw,Year 1, summer 2, Tuesday,35646,16.7
frame,lgw,Year 1, summer 2, Tuesday,35647,16.7
frame,lgw,Year 1, summer 2, Tuesday,35648,16.5
frame,lgw,Year 1, summer 2, Tuesday,35649,16.8
frame,lgw,Year 1, summer 2, Tuesday,35650,16.7
frame,lgw,Year 1, summer 2, Tuesday,35651,16.7
frame,lgw,Year 1, summer 2, Tuesday,35652,16.6
frame,lgw,Year 1, summer 2, Tuesday,35653,16.7
frame,lgw,Year 1, summer 2, Tuesday,35654,16.7
frame,lgw,Year 1, summer 2, Tuesday,35655,16.6
frame,lgw,Year 1, summer 2, Tuesday,35656,16.6
frame,lgw,Year 1, summer 2, Tuesday,35657,16.7
frame,lgw,Year 1, summer 2, Tuesday,35658,16.7
frame,lgw,Year 1, summer 2, Tuesday,35659,16.6
frame,lgw,Year 1, summer 2, Tuesday,35660,16.8
frame,lgw,Year 1, summer 2, Tuesday,35661,16.8
frame,lgw,Year 1, summer 2, Tuesday,35662,16.9
frame,lgw,Year 1, summer 2, Tuesday,35663,16.3
frame,lgw,Year 1, summer 2, Tuesday,35664,16.6
frame,lgw,Year 1, summer 2, Tuesday,35665,16.7
frame,lgw,Year 1, summer 2, Tuesday,35666,16.6
frame,lgw,Year 1, summer 2, Tuesday,35667,16.6
frame,lgw,Year 1, summer 2, Tuesday,35668,16.9
frame,lgw,Year 1, summer 2, Tuesday,35669,16.5
frame,lgw,Year 1, summer 2, Tuesday,35670,16.7
frame,lgw,Year 1, summer 2, Tuesday,35671,16.6
frame,lgw,Year 1, summer 2, Tuesday,35672,16.9
frame,lgw,Year 1, summer 2, Tuesday,35673,16.6
frame,lgw,Year 1, summer 2, Tuesday,35674,16.6
frame,lgw,Year 1, summer 2, Tuesday,35675,16.7
frame,lgw,Year 1, summer 2, Tuesday,35676,16.7
frame,lgw,Year 1, summer 2, Tuesday,35677,16.6
frame,lgw,Year 1, summer 2, Tuesday,35678,16.7
frame,lgw,Year 1, summer 2, Tuesday,35679,16.7
frame,lgw,Year 1, summer 2, Tuesday,35680,16.6
frame,lgw,Year 1, summer 2, Tuesday,35681,16.7
frame,lgw,Year 1, summer 2, Tuesday,35682,16.7
frame,lgw,Year 1, summer 2, Tuesday,35683,16.7
frame,lgw,Year 1, summer 2, Tuesday,35684,16.7
frame,lgw,Year 1, summer 2, Tuesday,35685,16.8
frame,lgw,Year 1, summer 2, Tuesday,35686,16.6
frame,lgw,Year 1, summer 2, Tuesday,35687,16.6
frame,lgw,Year 1, summer 2, Tuesday,35688,16.6
frame,lgw,Year 1, summer 2, Tuesday,35689,16.7
frame,lgw,Year 1, summer 2, Tuesday,35690,16.6
frame,lgw,Year 1, summer 2, Tuesday,35691,16.7
frame,lgw,Year 1, summer 2, Tuesday,35692,16.7
frame,lgw,Year 1, summer 2, Tuesday,35693,16.7
frame,lgw,Year 1, summer 2, Tuesday,35694,16.7
frame,lgw,Year 1, summer 2, Tuesday,35695,16.6
frame,lgw,Year 1, summer 2, Tuesday,35696,16.7
frame,lgw,Year 1, summer 2, Tuesday,35697,16.6
frame,lgw,Year 1, summer 2, Tuesday,35698,16.7
frame,lgw,Year 1, summer 2, Tuesday,35699,16.7
frame,lgw,Year 1, summer 2, Tuesday,35700,16.7
frame,lgw,Year 1, summer 2, Tuesday,35701,16.6
frame,lgw,Year 1, summer 2, Tuesday,35702,16.6
frame,lgw,Year 1, summer 2, Tuesday,35703,16.6
frame,lgw,Year 1, summer 2, Tuesday,35704,16.6
frame,lgw,Year 1, summer 2, Tuesday,35705,16.6
frame,lgw,Year 1, summer 2, Tuesday,35706,16.7
frame,lgw,Year 1, summer 2, Tuesday,35707,16.6
frame,lgw,Year 1, summer 2, Tuesday,35708,16.7
frame,lgw,Year 1, summer 2, Tuesday,35709,16.8
frame,lgw,Year 1, summer 2, Tuesday,35710,16.7
frame,lgw,Year 1, summer 2, Tuesday,35711,16.6
frame,lgw,Year 1, summer 2, Tuesday,35712,16.7
frame,lgw,Year 1, summer 2, Tuesday,35713,16.6
frame,lgw,Year 1, summer 2, Tuesday,35714,16.7
frame,lgw,Year 1, summer 2, Tuesday,35715,17.4
frame,lgw,Year 1, summer 2, Tuesday,35716,15.9
frame,lgw,Year 1, summer 2, Tuesday,35717,16.7
frame,lgw,Year 1, summer 2, Tuesday,35718,16.6
frame,lgw,Year 1, summer 2, Tuesday,35719,16.7
frame,lgw,Year 1, summer 2, Tuesday,35720,16.6
frame,lgw,Year 1, summer 2, Tuesday,35721,16.7
frame,lgw,Year 1, summer 2, Tuesday,35722,16.6
frame,lgw,Year 1, summer 2, Tuesday,35723,16.7
frame,lgw,Year 1, summer 2, Tuesday,35724,16.7
frame,lgw,Year 1, summer 2, Tuesday,35725,16.7
frame,lgw,Year 1, summer 2, Tuesday,35726,16.7
frame,lgw,Year 1, summer 2, Tuesday,35727,16.7
frame,lgw,Year 1, summer 2, Tuesday,35728,17.0
frame,lgw,Year 1, summer 2, Tuesday,35729,16.3
frame,lgw,Year 1, summer 2, Tuesday,35730,16.8
frame,lgw,Year 1, summer 2, Tuesday,35731,16.5
frame,lgw,Year 1, summer 2, Tuesday,35732,16.7
frame,lgw,Year 1, summer 2, Tuesday,35733,16.7
frame,lgw,Year 1, summer 2, Tuesday,35734,16.6
frame,lgw,Year 1, summer 2, Tuesday,35735,16.7
frame,lgw,Year 1, summer 2, Tuesday,35736,16.8
frame,lgw,Year 1, summer 2, Tuesday,35737,16.8
frame,lgw,Year 1, summer 2, Tuesday,35738,16.5
frame,lgw,Year 1, summer 2, Tuesday,35739,16.6
frame,lgw,Year 1, summer 2, Tuesday,35740,16.6
frame,lgw,Year 1, summer 2, Tuesday,35741,16.7
frame,lgw,Year 1, summer 2, Tuesday,35742,16.7
frame,lgw,Year 1, summer 2, Tuesday,35743,16.8
frame,lgw,Year 1, summer 2, Tuesday,35744,16.6
frame,lgw,Year 1, summer 2, Tuesday,35745,16.7
frame,lgw,Year 1, summer 2, Tuesday,35746,16.6
frame,lgw,Year 1, summer 2, Tuesday,35747,16.6
frame,lgw,Year 1, summer 2, Tuesday,35748,16.7
frame,lgw,Year 1, summer 2, Tuesday,35749,16.7
frame,lgw,Year 1, summer 2, Tuesday,35750,16.7
frame,lgw,Year 1, summer 2, Tuesday,35751,16.7
frame,lgw,Year 1, summer 2, Tuesday,35752,16.7
frame,lgw,Year 1, summer 2, Tuesday,35753,16.5
frame,lgw,Year 1, summer 2, Tuesday,35754,16.7
frame,lgw,Year 1, summer 2, Tuesday,35755,16.7
frame,lgw,Year 1, summer 2, Tuesday,35756,16.7
frame,lgw,Year 1, summer 2, Tuesday,35757,16.7
frame,lgw,Year 1, summer 2, Tuesday,35758,16.6
frame,lgw,Year 1, summer 2, Tuesday,35759,16.7
frame,lgw,Year 1, summer 2, Tuesday,35760,16.7
frame,lgw,Year 1, summer 2, Tuesday,35761,16.7
frame,lgw,Year 1, summer 2, Tuesday,35762,16.8
frame,lgw,Year 1, summer 2, Tuesday,35763,16.7
frame,lgw,Year 1, summer 2, Tuesday,35764,16.5
frame,lgw,Year 1, summer 2, Tuesday,35765,16.7
frame,lgw,Year 1, summer 2, Tuesday,35766,16.7
frame,lgw,Year 1, summer 2, Tuesday,35767,16.7
frame,lgw,Year 1, summer 2, Tuesday,35768,16.7
frame,lgw,Year 1, summer 2, Tuesday,35769,16.7
frame,lgw,Year 1, summer 2, Tuesday,35770,16.7
frame,lgw,Year 1, summer 2, Tuesday,35771,16.6
frame,lgw,Year 1, summer 2, Tuesday,35772,16.7
frame,lgw,Year 1, summer 2, Tuesday,35773,16.6
frame,lgw,Year 1, summer 2, Tuesday,35774,17.2
frame,lgw,Year 1, summer 2, Tuesday,35775,16.3
frame,lgw,Year 1, summer 2, Tuesday,35776,16.6
frame,lgw,Year 1, summer 2, Tuesday,35777,16.7
frame,lgw,Year 1, summer 2, Tuesday,35778,16.7
frame,lgw,Year 1, summer 2, Tuesday,35779,16.7
frame,lgw,Year 1, summer 2, Tuesday,35780,16.6
frame,lgw,Year 1, summer 2, Tuesday,35781,16.7
frame,lgw,Year 1, summer 2, Tuesday,35782,16.7
frame,lgw,Year 1, summer 2, Tuesday,35783,16.7
frame,lgw,Year 1, summer 2, Tuesday,35784,16.6
frame,lgw,Year 1, summer 2, Tuesday,35785,16.7
frame,lgw,Year 1, summer 2, Tuesday,35786,16.7
frame,lgw,Year 1, summer 2, Tuesday,35787,16.6
frame,lgw,Year 1, summer 2, Tuesday,35788,16.8
frame,lgw,Year 1, summer 2, Tuesday,35789,16.7
frame,lgw,Year 1, summer 2, Tuesday,35790,16.6
frame,lgw,Year 1, summer 2, Tuesday,35791,16.6
frame,lgw,Year 1, summer 2, Tuesday,35792,16.7
frame,lgw,Year 1, summer 2, Tuesday,35793,16.6
frame,lgw,Year 1, summer 2, Tuesday,35794,16.7
frame,lgw,Year 1, summer 2, Tuesday,35795,16.7
frame,lgw,Year 1, summer 2, Tuesday,35796,16.7
frame,lgw,Year 1, summer 2, Tuesday,35797,16.6
frame,lgw,Year 1, summer 2, Tuesday,35798,16.7
frame,lgw,Year 1, summer 2, Tuesday,35799,16.7
frame,lgw,Year 1, summer 2, Tuesday,35800,16.7
frame,lgw,Year 1, summer 2, Tuesday,35801,16.7
frame,lgw,Year 1, summer 2, Tuesday,35802,16.6
frame,lgw,Year 1, summer 2, Tuesday,35803,16.8
frame,lgw,Year 1, summer 2, Tuesday,35804,16.6
frame,lgw,Year 1, summer 2, Tuesday,35805,16.6
frame,lgw,Year 1, summer 2, Tuesday,35806,16.7
frame,lgw,Year 1, summer 2, Tuesday,35807,16.6
frame,lgw,Year 1, summer 2, Tuesday,35808,17.1
frame,lgw,Year 1, summer 2, Tuesday,35809,16.2
frame,lgw,Year 1, summer 2, Tuesday,35810,16.6
frame,lgw,Year 1, summer 2, Tuesday,35811,16.8
frame,lgw,Year 1, summer 2, Tuesday,35812,16.6
frame,lgw,Year 1, summer 2, Tuesday,35813,16.7
frame,lgw,Year 1, summer 2, Tuesday,35814,16.6
frame,lgw,Year 1, summer 2, Tuesday,35815,16.6
frame,lgw,Year 1, summer 2, Tuesday,35816,16.8
frame,lgw,Year 1, summer 2, Tuesday,35817,16.6
frame,lgw,Year 1, summer 2, Tuesday,35818,16.6
frame,lgw,Year 1, summer 2, Tuesday,35819,16.6
frame,lgw,Year 1, summer 2, Tuesday,35820,16.7
frame,lgw,Year 1, summer 2, Tuesday,35821,16.6
frame,lgw,Year 1, summer 2, Tuesday,35822,16.7
frame,lgw,Year 1, summer 2, Tuesday,35823,16.7
frame,lgw,Year 1, summer 2, Tuesday,35824,16.7
frame,lgw,Year 1, summer 2, Tuesday,35825,16.7
frame,lgw,Year 1, summer 2, Tuesday,35826,16.6
frame,lgw,Year 1, summer 2, Tuesday,35827,16.8
frame,lgw,Year 1, summer 2, Tuesday,35828,16.7
frame,lgw,Year 1, summer 2, Tuesday,35829,16.6
frame,lgw,Year 1, summer 2, Tuesday,35830,16.8
frame,lgw,Year 1, summer 2, Tuesday,35831,16.4
frame,lgw,Year 1, summer 2, Tuesday,35832,16.7
frame,lgw,Year 1, summer 2, Tuesday,35833,16.7
frame,lgw,Year 1, summer 2, Tuesday,35834,16.6
frame,lgw,Year 1, summer 2, Tuesday,35835,16.6
frame,lgw,Year 1, summer 2, Tuesday,35836,16.7
frame,lgw,Year 1, summer 2, Tuesday,35837,16.7
frame,lgw,Year 1, summer 2, Tuesday,35838,16.7
frame,lgw,Year 1, summer 2, Tuesday,35839,16.7
frame,lgw,Year 1, summer 2, Tuesday,35840,16.6
frame,lgw,Year 1, summer 2, Tuesday,35841,16.7
frame,lgw,Year 1, summer 2, Tuesday,35842,16.7
frame,lgw,Year 1, summer 2, Tuesday,35843,16.6
frame,lgw,Year 1, summer 2, Tuesday,35844,16.8
frame,lgw,Year 1, summer 2, Tuesday,35845,16.7
frame,lgw,Year 1, summer 2, Tuesday,35846,16.6
frame,lgw,Year 1, summer 2, Tuesday,35847,16.6
frame,lgw,Year 1, summer 2, Tuesday,35848,16.7
frame,lgw,Year 1, summer 2, Tuesday,35849,16.6
frame,lgw,Year 1, summer 2, Tuesday,35850,16.7
frame,lgw,Year 1, summer 2, Tuesday,35851,16.7
frame,lgw,Year 1, summer 2, Tuesday,35852,16.7
frame,lgw,Year 1, summer 2, Tuesday,35853,16.7
frame,lgw,Year 1, summer 2, Tuesday,35854,16.7
frame,lgw,Year 1, summer 2, Tuesday,35855,16.6
frame,lgw,Year 1, summer 2, Tuesday,35856,16.9
frame,lgw,Year 1, summer 2, Tuesday,35857,16.4
frame,lgw,Year 1, summer 2, Tuesday,35858,16.7
frame,lgw,Year 1, summer 2, Tuesday,35859,16.7
frame,lgw,Year 1, summer 2, Tuesday,35860,16.7
frame,lgw,Year 1, summer 2, Tuesday,35861,16.6
frame,lgw,Year 1, summer 2, Tuesday,35862,16.7
frame,lgw,Year 1, summer 2, Tuesday,35863,16.7
frame,lgw,Year 1, summer 2, Tuesday,35864,16.8
frame,lgw,Year 1, summer 2, Tuesday,35865,16.6
frame,lgw,Year 1, summer 2, Tuesday,35866,16.7
frame,lgw,Year 1, summer 2, Tuesday,35867,16.6
frame,lgw,Year 1, summer 2, Tuesday,35868,16.7
frame,lgw,Year 1, summer 2, Tuesday,35869,16.6
frame,lgw,Year 1, summer 2, Tuesday,35870,16.9
frame,lgw,Year 1, summer 2, Tuesday,35871,16.6
frame,lgw,Year 1, summer 2, Tuesday,35872,16.7
frame,lgw,Year 1, summer 2, Tuesday,35873,16.6
frame,lgw,Year 1, summer 2, Tuesday,35874,16.6
frame,lgw,Year 1, summer 2, Tuesday,35875,16.7
frame,lgw,Year 1, summer 2, Tuesday,35876,16.7
frame,lgw,Year 1, summer 2, Tuesday,35877,16.7
frame,lgw,Year 1, summer 2, Tuesday,35878,16.7
frame,lgw,Year 1, summer 2, Tuesday,35879,16.6
frame,lgw,Year 1, summer 2, Tuesday,35880,16.8
frame,lgw,Year 1, summer 2, Tuesday,35881,16.6
frame,lgw,Year 1, summer 2, Tuesday,35882,16.7
frame,lgw,Year 1, summer 2, Tuesday,35883,16.7
frame,lgw,Year 1, summer 2, Tuesday,35884,16.6
frame,lgw,Year 1, summer 2, Tuesday,35885,16.7
frame,lgw,Year 1, summer 2, Tuesday,35886,16.7
frame,lgw,Year 1, summer 2, Tuesday,35887,16.7
frame,lgw,Year 1, summer 2, Tuesday,35888,16.7
frame,lgw,Year 1, summer 2, Tuesday,35889,16.7
frame,lgw,Year 1, summer 2, Tuesday,35890,16.7
frame,lgw,Year 1, summer 2, Tuesday,35891,16.8
frame,lgw,Year 1, summer 2, Tuesday,35892,16.8
frame,lgw,Year 1, summer 2, Tuesday,35893,16.4
frame,lgw,Year 1, summer 2, Tuesday,35894,16.7
frame,lgw,Year 1, summer 2, Tuesday,35895,16.7
frame,lgw,Year 1, summer 2, Tuesday,35896,16.7
frame,lgw,Year 1, summer 2, Tuesday,35897,16.8
frame,lgw,Year 1, summer 2, Tuesday,35898,16.6
frame,lgw,Year 1, summer 2, Tuesday,35899,16.6
frame,lgw,Year 1, summer 2, Tuesday,35900,16.7
frame,lgw,Year 1, summer 2, Tuesday,35901,16.6
frame,lgw,Year 1, summer 2, Tuesday,35902,16.7
frame,lgw,Year 1, summer 2, Tuesday,35903,16.7
frame,lgw,Year 1, summer 2, Tuesday,35904,16.6
frame,lgw,Year 1, summer 2, Tuesday,35905,16.7
frame,lgw,Year 1, summer 2, Tuesday,35906,16.7
frame,lgw,Year 1, summer 2, Tuesday,35907,16.7
frame,lgw,Year 1, summer 2, Tuesday,35908,17.0
frame,lgw,Year 1, summer 2, Tuesday,35909,16.4
frame,lgw,Year 1, summer 2, Tuesday,35910,16.7
frame,lgw,Year 1, summer 2, Tuesday,35911,16.6
frame,lgw,Year 1, summer 2, Tuesday,35912,16.7
frame,lgw,Year 1, summer 2, Tuesday,35913,16.7
frame,lgw,Year 1, summer 2, Tuesday,35914,16.7
frame,lgw,Year 1, summer 2, Tuesday,35915,16.7
frame,lgw,Year 1, summer 2, Tuesday,35916,16.8
frame,lgw,Year 1, summer 2, Tuesday,35917,16.6
frame,lgw,Year 1, summer 2, Tuesday,35918,16.6
frame,lgw,Year 1, summer 2, Tuesday,35919,16.7
frame,lgw,Year 1, summer 2, Tuesday,35920,16.6
frame,lgw,Year 1, summer 2, Tuesday,35921,16.7
frame,lgw,Year 1, summer 2, Tuesday,35922,16.7
frame,lgw,Year 1, summer 2, Tuesday,35923,16.6
frame,lgw,Year 1, summer 2, Tuesday,35924,16.8
frame,lgw,Year 1, summer 2, Tuesday,35925,16.6
frame,lgw,Year 1, summer 2, Tuesday,35926,16.8
frame,lgw,Year 1, summer 2, Tuesday,35927,16.6
frame,lgw,Year 1, summer 2, Tuesday,35928,16.6
frame,lgw,Year 1, summer 2, Tuesday,35929,16.7
frame,lgw,Year 1, summer 2, Tuesday,35930,17.1
frame,lgw,Year 1, summer 2, Tuesday,35931,16.2
frame,lgw,Year 1, summer 2, Tuesday,35932,16.8
frame,lgw,Year 1, summer 2, Tuesday,35933,16.6
frame,lgw,Year 1, summer 2, Tuesday,35934,16.6
frame,lgw,Year 1, summer 2, Tuesday,35935,16.8
frame,lgw,Year 1, summer 2, Tuesday,35936,16.6
frame,lgw,Year 1, summer 2, Tuesday,35937,16.6
frame,lgw,Year 1, summer 2, Tuesday,35938,16.7
frame,lgw,Year 1, summer 2, Tuesday,35939,16.7
frame,lgw,Year 1, summer 2, Tuesday,35940,16.7
frame,lgw,Year 1, summer 2, Tuesday,35941,16.7
frame,lgw,Year 1, summer 2, Tuesday,35942,16.7
frame,lgw,Year 1, summer 2, Tuesday,35943,16.6
frame,lgw,Year 1, summer 2, Tuesday,35944,16.6
frame,lgw,Year 1, summer 2, Tuesday,35945,16.7
frame,lgw,Year 1, summer 2, Tuesday,35946,16.8
frame,lgw,Year 1, summer 2, Tuesday,35947,16.5
frame,lgw,Year 1, summer 2, Tuesday,35948,16.8
frame,lgw,Year 1, summer 2, Tuesday,35949,16.6
frame,lgw,Year 1, summer 2, Tuesday,35950,16.7
frame,lgw,Year 1, summer 2, Tuesday,35951,16.7
frame,lgw,Year 1, summer 2, Tuesday,35952,16.6
frame,lgw,Year 1, summer 2, Tuesday,35953,16.7
frame,lgw,Year 1, summer 2, Tuesday,35954,16.7
frame,lgw,Year 1, summer 2, Tuesday,35955,16.7
frame,lgw,Year 1, summer 2, Tuesday,35956,16.7
frame,lgw,Year 1, summer 2, Tuesday,35957,16.7
frame,lgw,Year 1, summer 2, Tuesday,35958,16.7
frame,lgw,Year 1, summer 2, Tuesday,35959,16.7
frame,lgw,Year 1, summer 2, Tuesday,35960,16.8
frame,lgw,Year 1, summer 2, Tuesday,35961,16.6
frame,lgw,Year 1, summer 2, Tuesday,35962,16.6
frame,lgw,Year 1, summer 2, Tuesday,35963,16.8
frame,lgw,Year 1, summer 2, Tuesday,35964,16.6
frame,lgw,Year 1, summer 2, Tuesday,35965,16.7
frame,lgw,Year 1, summer 2, Tuesday,35966,16.7
frame,lgw,Year 1, summer 2, Tuesday,35967,16.7
frame,lgw,Year 1, summer 2, Tuesday,35968,16.8
frame,lgw,Year 1, summer 2, Tuesday,35969,16.7
frame,lgw,Year 1, summer 2, Tuesday,35970,16.6
frame,lgw,Year 1, summer 2, Tuesday,35971,16.6
frame,lgw,Year 1, summer 2, Tuesday,35972,16.7
frame,lgw,Year 1, summer 2, Tuesday,35973,16.7
frame,lgw,Year 1, summer 2, Tuesday,35974,16.6
frame,lgw,Year 1, summer 2, Tuesday,35975,16.8
frame,lgw,Year 1, summer 2, Tuesday,35976,16.7
frame,lgw,Year 1, summer 2, Tuesday,35977,17.1
frame,lgw,Year 1, summer 2, Tuesday,35978,16.2
frame,lgw,Year 1, summer 2, Tuesday,35979,16.7
frame,lgw,Year 1, summer 2, Tuesday,35980,16.7
frame,lgw,Year 1, summer 2, Tuesday,35981,16.8
frame,lgw,Year 1, summer 2, Tuesday,35982,16.6
frame,lgw,Year 1, summer 2, Tuesday,35983,16.6
frame,lgw,Year 1, summer 2, Tuesday,35984,16.7
frame,lgw,Year 1, summer 2, Tuesday,35985,16.8
frame,lgw,Year 1, summer 2, Tuesday,35986,16.5
frame,lgw,Year 1, summer 2, Tuesday,35987,16.7
frame,lgw,Year 1, summer 2, Tuesday,35988,16.6
frame,lgw,Year 1, summer 2, Tuesday,35989,16.6
frame,lgw,Year 1, summer 2, Tuesday,35990,16.7
frame,lgw,Year 1, summer 2, Tuesday,35991,16.6
frame,lgw,Year 1, summer 2, Tuesday,35992,16.8
frame,lgw,Year 1, summer 2, Tuesday,35993,16.7
frame,lgw,Year 1, summer 2, Tuesday,35994,16.6
frame,lgw,Year 1, summer 2, Tuesday,35995,16.6
frame,lgw,Year 1, summer 2, Tuesday,35996,16.7
frame,lgw,Year 1, summer 2, Tuesday,35997,16.6
frame,lgw,Year 1, summer 2, Tuesday,35998,16.7
frame,lgw,Year 1, summer 2, Tuesday,35999,16.7
frame,lgw,Year 1, summer 2, Tuesday,41120,16.7
frame,lgw,Year 1, summer 2, Tuesday,41121,16.8
frame,lgw,Year 1, summer 2, Tuesday,41122,16.6
frame,lgw,Year 1, summer 2, Tuesday,41123,16.7
frame,lgw,Year 1, summer 2, Tuesday,41124,16.6
frame,lgw,Year 1, summer 2, Tuesday,41125,16.7
frame,lgw,Year 1, summer 2, Tuesday,41126,16.7
frame,lgw,Year 1, summer 2, Tuesday,41127,16.7
frame,lgw,Year 1, summer 2, Tuesday,41128,16.7
frame,lgw,Year 1, summer 2, Tuesday,41129,16.6
frame,lgw,Year 1, summer 2, Tuesday,41130,16.7
frame,lgw,Year 1, summer 2, Tuesday,41131,16.8
frame,lgw,Year 1, summer 2, Tuesday,41132,16.6
frame,lgw,Year 1, summer 2, Tuesday,41133,16.7
frame,lgw,Year 1, summer 2, Tuesday,41134,16.8
frame,lgw,Year 1, summer 2, Tuesday,41135,16.7
frame,lgw,Year 1, summer 2, Tuesday,41136,16.4
frame,lgw,Year 1, summer 2, Tuesday,41137,16.7
frame,lgw,Year 1, summer 2, Tuesday,41138,16.8
frame,lgw,Year 1, summer 2, Tuesday,41139,16.6
frame,lgw,Year 1, summer 2, Tuesday,41140,16.6
frame,lgw,Year 1, summer 2, Tuesday,41141,16.6
frame,lgw,Year 1, summer 2, Tuesday,41142,17.2
frame,lgw,Year 1, summer 2, Tuesday,41143,16.2
frame,lgw,Year 1, summer 2, Tuesday,41144,16.6
frame,lgw,Year 1, summer 2, Tuesday,41145,16.7
frame,lgw,Year 1, summer 2, Tuesday,41146,16.7
frame,lgw,Year 1, summer 2, Tuesday,41147,16.7
frame,lgw,Year 1, summer 2, Tuesday,41148,16.8
frame,lgw,Year 1, summer 2, Tuesday,41149,16.5
frame,lgw,Year 1, summer 2, Tuesday,41150,16.7
frame,lgw,Year 1, summer 2, Tuesday,41151,16.6
frame,lgw,Year 1, summer 2, Tuesday,41152,16.7
frame,lgw,Year 1, summer 2, Tuesday,41153,16.6
frame,lgw,Year 1, summer 2, Tuesday,41154,16.7
frame,lgw,Year 1, summer 2, Tuesday,41155,16.7
frame,lgw,Year 1, summer 2, Tuesday,41156,16.7
frame,lgw,Year 1, summer 2, Tuesday,41157,16.7
frame,lgw,Year 1, summer 2, Tuesday,41158,16.7
frame,lgw,Year 1, summer 2, Tuesday,41159,17.6
frame,lgw,Year 1, summer 2, Tuesday,41160,15.8
frame,lgw,Year 1, summer 2, Tuesday,41161,16.7
frame,lgw,Year 1, summer 2, Tuesday,41162,16.6
frame,lgw,Year 1, summer 2, Tuesday,41163,16.6
frame,lgw,Year 1, summer 2, Tuesday,41164,16.7
frame,lgw,Year 1, summer 2, Tuesday,41165,16.7
frame,lgw,Year 1, summer 2, Tuesday,41166,16.6
frame,lgw,Year 1, summer 2, Tuesday,41167,16.7
frame,lgw,Year 1, summer 2, Tuesday,41168,16.6
frame,lgw,Year 1, summer 2, Tuesday,41169,16.6
frame,lgw,Year 1, summer 2, Tuesday,41170,16.7
frame,lgw,Year 1, summer 2, Tuesday,41171,16.8
frame,lgw,Year 1, summer 2, Tuesday,41172,16.7
frame,lgw,Year 1, summer 2, Tuesday,41173,16.5
frame,lgw,Year 1, summer 2, Tuesday,41174,16.6
frame,lgw,Year 1, summer 2, Tuesday,41175,16.7
frame,lgw,Year 1, summer 2, Tuesday,41176,16.7
frame,lgw,Year 1, summer 2, Tuesday,41177,16.7
frame,lgw,Year 1, summer 2, Tuesday,41178,16.7
frame,lgw,Year 1, summer 2, Tuesday,41179,16.7
frame,lgw,Year 1, summer 2, Tuesday,41180,16.6
frame,lgw,Year 1, summer 2, Tuesday,41181,16.7
frame,lgw,Year 1, summer 2, Tuesday,41182,16.7
frame,lgw,Year 1, summer 2, Tuesday,41183,16.6
frame,lgw,Year 1, summer 2, Tuesday,41184,16.8
frame,lgw,Year 1, summer 2, Tuesday,41185,16.7
frame,lgw,Year 1, summer 2, Tuesday,41186,16.7
frame,lgw,Year 1, summer 2, Tuesday,41187,16.7
frame,lgw,Year 1, summer 2, Tuesday,41188,16.8
frame,lgw,Year 1, summer 2, Tuesday,41189,16.4
frame,lgw,Year 1, summer 2, Tuesday,41190,16.6
frame,lgw,Year 1, summer 2, Tuesday,41191,16.8
frame,lgw,Year 1, summer 2, Tuesday,41192,16.6
frame,lgw,Year 1, summer 2, Tuesday,41193,16.6
frame,lgw,Year 1, summer 2, Tuesday,41194,16.7
frame,lgw,Year 1, summer 2, Tuesday,41195,16.7
frame,lgw,Year 1, summer 2, Tuesday,41196,16.7
frame,lgw,Year 1, summer 2, Tuesday,41197,16.9
frame,lgw,Year 1, summer 2, Tuesday,41198,16.9
frame,lgw,Year 1, summer 2, Tuesday,41199,16.1
frame,lgw,Year 1, summer 2, Tuesday,41200,16.7
frame,lgw,Year 1, summer 2, Tuesday,41201,16.6
frame,lgw,Year 1, summer 2, Tuesday,41202,16.7
frame,lgw,Year 1, summer 2, Tuesday,41203,16.7
frame,lgw,Year 1, summer 2, Tuesday,41204,16.7
frame,lgw,Year 1, summer 2, Tuesday,41205,16.6
frame,lgw,Year 1, summer 2, Tuesday,41206,16.7
frame,lgw,Year 1, summer 2, Tuesday,41207,16.7
frame,lgw,Year 1, summer 2, Tuesday,41208,16.6
frame,lgw,Year 1, summer 2, Tuesday,41209,16.7
frame,lgw,Year 1, summer 2, Tuesday,41210,16.8
frame,lgw,Year 1, summer 2, Tuesday,41211,16.7
frame,lgw,Year 1, summer 2, Tuesday,41212,16.6
frame,lgw,Year 1, summer 2, Tuesday,41213,16.7
frame,lgw,Year 1, summer 2, Tuesday,41214,16.7
frame,lgw,Year 1, summer 2, Tuesday,41215,16.6
frame,lgw,Year 1, summer 2, Tuesday,41216,16.7
frame,lgw,Year 1, summer 2, Tuesday,41217,16.6
frame,lgw,Year 1, summer 2, Tuesday,41218,16.7
frame,lgw,Year 1, summer 2, Tuesday,41219,16.7
frame,lgw,Year 1, summer 2, Tuesday,41220,16.7
frame,lgw,Year 1, summer 2, Tuesday,41221,16.7
frame,lgw,Year 1, summer 2, Tuesday,41222,16.6
frame,lgw,Year 1, summer 2, Tuesday,41223,16.7
frame,lgw,Year 1, summer 2, Tuesday,41224,16.7
frame,lgw,Year 1, summer 2, Tuesday,41225,16.6
frame,lgw,Year 1, summer 2, Tuesday,41226,16.6
frame,lgw,Year 1, summer 2, Tuesday,41227,16.7
frame,lgw,Year 1, summer 2, Tuesday,41228,16.6
frame,lgw,Year 1, summer 2, Tuesday,41229,16.7
frame,lgw,Year 1, summer 2, Tuesday,41230,16.7
frame,lgw,Year 1, summer 2, Tuesday,41231,16.7
frame,lgw,Year 1, summer 2, Tuesday,41232,16.6
frame,lgw,Year 1, summer 2, Tuesday,41233,16.7
frame,lgw,Year 1, summer 2, Tuesday,41234,16.7
frame,lgw,Year 1, summer 2, Tuesday,41235,16.8
frame,lgw,Year 1, summer 2, Tuesday,41236,16.6
frame,lgw,Year 1, summer 2, Tuesday,41237,16.6
frame,lgw,Year 1, summer 2, Tuesday,41238,17.1
frame,lgw,Year 1, summer 2, Tuesday,41239,16.4
frame,lgw,Year 1, summer 2, Tuesday,41240,16.6
frame,lgw,Year 1, summer 2, Tuesday,41241,16.5
frame,lgw,Year 1, summer 2, Tuesday,41242,16.7
frame,lgw,Year 1, summer 2, Tuesday,41243,16.7
frame,lgw,Year 1, summer 2, Tuesday,41244,16.7
frame,lgw,Year 1, summer 2, Tuesday,41245,16.6
frame,lgw,Year 1, summer 2, Tuesday,41246,16.7
frame,lgw,Year 1, summer 2, Tuesday,41247,16.6
frame,lgw,Year 1, summer 2, Tuesday,41248,16.7
frame,lgw,Year 1, summer 2, Tuesday,41249,16.7
frame,lgw,Year 1, summer 2, Tuesday,41250,16.7
frame,lgw,Year 1, summer 2, Tuesday,41251,16.7
frame,lgw,Year 1, summer 2, Tuesday,41252,16.8
frame,lgw,Year 1, summer 2, Tuesday,41253,16.7
frame,lgw,Year 1, summer 2, Tuesday,41254,16.5
frame,lgw,Year 1, summer 2, Tuesday,41255,16.7
frame,lgw,Year 1, summer 2, Tuesday,41256,16.7
frame,lgw,Year 1, summer 2, Tuesday,41257,16.7
frame,lgw,Year 1, summer 2, Tuesday,41258,16.6
frame,lgw,Year 1, summer 2, Tuesday,41259,16.7
frame,lgw,Year 1, summer 2, Tuesday,41260,16.7
frame,lgw,Year 1, summer 2, Tuesday,41261,16.8
frame,lgw,Year 1, summer 2, Tuesday,41262,16.6
frame,lgw,Year 1, summer 2, Tuesday,41263,16.6
frame,lgw,Year 1, summer 2, Tuesday,41264,16.7
frame,lgw,Year 1, summer 2, Tuesday,41265,16.7
frame,lgw,Year 1, summer 2, Tuesday,41266,16.6
frame,lgw,Year 1, summer 2, Tuesday,41267,16.6
frame,lgw,Year 1, summer 2, Tuesday,41268,16.7
frame,lgw,Year 1, summer 2, Tuesday,41269,17.5
frame,lgw,Year 1, summer 2, Tuesday,41270,15.9
frame,lgw,Year 1, summer 2, Tuesday,41271,16.7
frame,lgw,Year 1, summer 2, Tuesday,41272,16.7
frame,lgw,Year 1, summer 2, Tuesday,41273,16.7
frame,lgw,Year 1, summer 2, Tuesday,41274,16.6
frame,lgw,Year 1, summer 2, Tuesday,41275,16.6
frame,lgw,Year 1, summer 2, Tuesday,41276,16.7
frame,lgw,Year 1, summer 2, Tuesday,41277,16.7
frame,lgw,Year 1, summer 2, Tuesday,41278,16.8
frame,lgw,Year 1, summer 2, Tuesday,41279,16.6
frame,lgw,Year 1, summer 2, Tuesday,41280,16.7
frame,lgw,Year 1, summer 2, Tuesday,41281,16.7
frame,lgw,Year 1, summer 2, Tuesday,41282,16.7
frame,lgw,Year 1, summer 2, Tuesday,41283,16.7
frame,lgw,Year 1, summer 2, Tuesday,41284,16.7
frame,lgw,Year 1, summer 2, Tuesday,41285,16.7
frame,lgw,Year 1, summer 2, Tuesday,41286,16.6
frame,lgw,Year 1, summer 2, Tuesday,41287,16.7
frame,lgw,Year 1, summer 2, Tuesday,41288,16.7
frame,lgw,Year 1, summer 2, Tuesday,41289,16.7
frame,lgw,Year 1, summer 2, Tuesday,41290,16.9
frame,lgw,Year 1, summer 2, Tuesday,41291,16.5
frame,lgw,Year 1, summer 2, Tuesday,41292,16.6
frame,lgw,Year 1, summer 2, Tuesday,41293,16.7
frame,lgw,Year 1, summer 2, Tuesday,41294,16.7
frame,lgw,Year 1, summer 2, Tuesday,41295,16.6
frame,lgw,Year 1, summer 2, Tuesday,41296,16.7
frame,lgw,Year 1, summer 2, Tuesday,41297,16.6
frame,lgw,Year 1, summer 2, Tuesday,41298,16.6
frame,lgw,Year 1, summer 2, Tuesday,41299,16.7
frame,lgw,Year 1, summer 2, Tuesday,41300,16.7
frame,lgw,Year 1, summer 2, Tuesday,41301,16.7
frame,lgw,Year 1, summer 2, Tuesday,41302,16.8
frame,lgw,Year 1, summer 2, Tuesday,41303,16.7
frame,lgw,Year 1, summer 2, Tuesday,41304,16.5
frame,lgw,Year 1, summer 2, Tuesday,41305,16.6
frame,lgw,Year 1, summer 2, Tuesday,41306,16.7
frame,lgw,Year 1, summer 2, Tuesday,41307,16.7
frame,lgw,Year 1, summer 2, Tuesday,41308,16.7
frame,lgw,Year 1, summer 2, Tuesday,41309,16.7
frame,lgw,Year 1, summer 2, Tuesday,41310,16.6
frame,lgw,Year 1, summer 2, Tuesday,41311,16.7
frame,lgw,Year 1, summer 2, Tuesday,41312,16.6
frame,lgw,Year 1, summer 2, Tuesday,41313,16.8
frame,lgw,Year 1, summer 2, Tuesday,41314,16.6
frame,lgw,Year 1, summer 2, Tuesday,41315,16.7
frame,lgw,Year 1, summer 2, Tuesday,41316,16.6
frame,lgw,Year 1, summer 2, Tuesday,41317,16.7
frame,lgw,Year 1, summer 2, Tuesday,41318,16.6
frame,lgw,Year 1, summer 2, Tuesday,41319,16.6
frame,lgw,Year 1, summer 2, Tuesday,41320,16.7
frame,lgw,Year 1, summer 2, Tuesday,41321,16.8
frame,lgw,Year 1, summer 2, Tuesday,41322,17.2
frame,lgw,Year 1, summer 2, Tuesday,41323,16.0
frame,lgw,Year 1, summer 2, Tuesday,41324,16.6
frame,lgw,Year 1, summer 2, Tuesday,41325,16.7
frame,lgw,Year 1, summer 2, Tuesday,41326,16.7
frame,lgw,Year 1, summer 2, Tuesday,41327,16.6
frame,lgw,Year 1, summer 2, Tuesday,41328,16.7
frame,lgw,Year 1, summer 2, Tuesday,41329,16.9
frame,lgw,Year 1, summer 2, Tuesday,41330,16.5
frame,lgw,Year 1, summer 2, Tuesday,41331,16.6
frame,lgw,Year 1, summer 2, Tuesday,41332,16.7
frame,lgw,Year 1, summer 2, Tuesday,41333,16.6
frame,lgw,Year 1, summer 2, Tuesday,41334,16.7
frame,lgw,Year 1, summer 2, Tuesday,41335,16.7
frame,lgw,Year 1, summer 2, Tuesday,41336,16.7
frame,lgw,Year 1, summer 2, Tuesday,41337,16.7
frame,lgw,Year 1, summer 2, Tuesday,41338,16.7
frame,lgw,Year 1, summer 2, Tuesday,41339,16.7
frame,lgw,Year 1, summer 2, Tuesday,41340,16.7
frame,lgw,Year 1, summer 2, Tuesday,41341,16.8
frame,lgw,Year 1, summer 2, Tuesday,41342,16.6
frame,lgw,Year 1, summer 2, Tuesday,41343,16.7
frame,lgw,Year 1, summer 2, Tuesday,41344,16.6
frame,lgw,Year 1, summer 2, Tuesday,41345,16.6
frame,lgw,Year 1, summer 2, Tuesday,41346,16.7
frame,lgw,Year 1, summer 2, Tuesday,41347,16.6
frame,lgw,Year 1, summer 2, Tuesday,41348,16.6
frame,lgw,Year 1, summer 2, Tuesday,41349,16.7
frame,lgw,Year 1, summer 2, Tuesday,41350,16.7
frame,lgw,Year 1, summer 2, Tuesday,41351,16.7
frame,lgw,Year 1, summer 2, Tuesday,41352,16.7
frame,lgw,Year 1, summer 2, Tuesday,41353,16.7
frame,lgw,Year 1, summer 2, Tuesday,41354,16.7
frame,lgw,Year 1, summer 2, Tuesday,41355,16.9
frame,lgw,Year 1, summer 2, Tuesday,41356,16.4
frame,lgw,Year 1, summer 2, Tuesday,41357,16.6
frame,lgw,Year 1, summer 2, Tuesday,41358,16.7
frame,lgw,Year 1, summer 2, Tuesday,41359,16.7
frame,lgw,Year 1, summer 2, Tuesday,41360,16.7
frame,lgw,Year 1, summer 2, Tuesday,41361,16.7
frame,lgw,Year 1, summer 2, Tuesday,41362,16.7
frame,lgw,Year 1, summer 2, Tuesday,41363,16.6
frame,lgw,Year 1, summer 2, Tuesday,41364,16.7
frame,lgw,Year 1, summer 2, Tuesday,41365,16.6
frame,lgw,Year 1, summer 2, Tuesday,41366,16.9
frame,lgw,Year 1, summer 2, Tuesday,41367,16.5
frame,lgw,Year 1, summer 2, Tuesday,41368,16.7
frame,lgw,Year 1, summer 2, Tuesday,41369,16.7
frame,lgw,Year 1, summer 2, Tuesday,41370,16.6
frame,lgw,Year 1, summer 2, Tuesday,41371,16.7
frame,lgw,Year 1, summer 2, Tuesday,41372,16.6
frame,lgw,Year 1, summer 2, Tuesday,41373,16.8
frame,lgw,Year 1, summer 2, Tuesday,41374,16.6
frame,lgw,Year 1, summer 2, Tuesday,41375,16.7
frame,lgw,Year 1, summer 2, Tuesday,41376,16.7
frame,lgw,Year 1, summer 2, Tuesday,41377,16.7
frame,lgw,Year 1, summer 2, Tuesday,41378,16.6
frame,lgw,Year 1, summer 2, Tuesday,41379,16.7
frame,lgw,Year 1, summer 2, Tuesday,41380,16.7
frame,lgw,Year 1, summer 2, Tuesday,41381,16.6
frame,lgw,Year 1, summer 2, Tuesday,41382,16.8
frame,lgw,Year 1, summer 2, Tuesday,41383,16.6
frame,lgw,Year 1, summer 2, Tuesday,41384,16.6
frame,lgw,Year 1, summer 2, Tuesday,41385,16.7
frame,lgw,Year 1, summer 2, Tuesday,41386,16.7
frame,lgw,Year 1, summer 2, Tuesday,41387,16.7
frame,lgw,Year 1, summer 2, Tuesday,41388,16.7
frame,lgw,Year 1, summer 2, Tuesday,41389,16.6
frame,lgw,Year 1, summer 2, Tuesday,41390,16.6
frame,lgw,Year 1, summer 2, Tuesday,41391,16.7
frame,lgw,Year 1, summer 2, Tuesday,41392,16.7
frame,lgw,Year 1, summer 2, Tuesday,41393,16.6
frame,lgw,Year 1, summer 2, Tuesday,41394,16.7
frame,lgw,Year 1, summer 2, Tuesday,41395,16.7
frame,lgw,Year 1, summer 2, Tuesday,41396,16.6
frame,lgw,Year 1, summer 2, Tuesday,41397,16.7
frame,lgw,Year 1, summer 2, Tuesday,41398,16.7
frame,lgw,Year 1, summer 2, Tuesday,41399,16.7
frame,lgw,Year 1, summer 2, Tuesday,41400,16.7
frame,lgw,Year 1, summer 2, Tuesday,41401,16.8
frame,lgw,Year 1, summer 2, Tuesday,41402,16.5
frame,lgw,Year 1, summer 2, Tuesday,41403,16.6
frame,lgw,Year 1, summer 2, Tuesday,41404,16.7
frame,lgw,Year 1, summer 2, Tuesday,41405,16.7
frame,lgw,Year 1, summer 2, Tuesday,41406,16.7
frame,lgw,Year 1, summer 2, Tuesday,41407,16.6
frame,lgw,Year 1, summer 2, Tuesday,41408,16.7
frame,lgw,Year 1, summer 2, Tuesday,41409,16.7
frame,lgw,Year 1, summer 2, Tuesday,41410,16.5
frame,lgw,Year 1, summer 2, Tuesday,41411,16.7
frame,lgw,Year 1, summer 2, Tuesday,41412,16.6
frame,lgw,Year 1, summer 2, Tuesday,41413,16.7
frame,lgw,Year 1, summer 2, Tuesday,41414,16.7
frame,lgw,Year 1, summer 2, Tuesday,41415,16.6
frame,lgw,Year 1, summer 2, Tuesday,41416,16.8
frame,lgw,Year 1, summer 2, Tuesday,41417,16.6
frame,lgw,Year 1, summer 2, Tuesday,41418,16.7
frame,lgw,Year 1, summer 2, Tuesday,41419,17.6
frame,lgw,Year 1, summer 2, Tuesday,41420,15.8
frame,lgw,Year 1, summer 2, Tuesday,41421,16.7
frame,lgw,Year 1, summer 2, Tuesday,41422,16.6
frame,lgw,Year 1, summer 2, Tuesday,41423,17.1
frame,lgw,Year 1, summer 2, Tuesday,41424,16.1
frame,lgw,Year 1, summer 2, Tuesday,41425,16.7
frame,lgw,Year 1, summer 2, Tuesday,41426,16.7
frame,lgw,Year 1, summer 2, Tuesday,41427,16.7
frame,lgw,Year 1, summer 2, Tuesday,41428,16.6
frame,lgw,Year 1, summer 2, Tuesday,41429,16.7
frame,lgw,Year 1, summer 2, Tuesday,41430,16.7
frame,lgw,Year 1, summer 2, Tuesday,41431,16.6
frame,lgw,Year 1, summer 2, Tuesday,41432,16.6
frame,lgw,Year 1, summer 2, Tuesday,41433,16.7
frame,lgw,Year 1, summer 2, Tuesday,41434,16.9
frame,lgw,Year 1, summer 2, Tuesday,41435,16.6
frame,lgw,Year 1, summer 2, Tuesday,41436,16.4
frame,lgw,Year 1, summer 2, Tuesday,41437,16.7
frame,lgw,Year 1, summer 2, Tuesday,41438,16.7
frame,lgw,Year 1, summer 2, Tuesday,41439,16.7
frame,lgw,Year 1, summer 2, Tuesday,41440,16.6
frame,lgw,Year 1, summer 2, Tuesday,41441,16.7
frame,lgw,Year 1, summer 2, Tuesday,41442,16.6
frame,lgw,Year 1, summer 2, Tuesday,41443,16.8
frame,lgw,Year 1, summer 2, Tuesday,41444,16.8
frame,lgw,Year 1, summer 2, Tuesday,41445,16.5
frame,lgw,Year 1, summer 2, Tuesday,41446,16.7
frame,lgw,Year 1, summer 2, Tuesday,41447,16.9
frame,lgw,Year 1, summer 2, Tuesday,41448,16.6
frame,lgw,Year 1, summer 2, Tuesday,41449,16.5
frame,lgw,Year 1, summer 2, Tuesday,41450,16.6
frame,lgw,Year 1, summer 2, Tuesday,41451,16.7
frame,lgw,Year 1, summer 2, Tuesday,41452,16.7
frame,lgw,Year 1, summer 2, Tuesday,41453,16.7
frame,lgw,Year 1, summer 2, Tuesday,41454,16.7
frame,lgw,Year 1, summer 2, Tuesday,41455,16.7
frame,lgw,Year 1, summer 2, Tuesday,41456,16.6
frame,lgw,Year 1, summer 2, Tuesday,41457,16.7
frame,lgw,Year 1, summer 2, Tuesday,41458,16.7
frame,lgw,Year 1, summer 2, Tuesday,41459,16.6
frame,lgw,Year 1, summer 2, Tuesday,41460,17.1
frame,lgw,Year 1, summer 2, Tuesday,41461,16.3
frame,lgw,Year 1, summer 2, Tuesday,41462,16.6
frame,lgw,Year 1, summer 2, Tuesday,41463,16.7
frame,lgw,Year 1, summer 2, Tuesday,41464,16.7
frame,lgw,Year 1, summer 2, Tuesday,41465,16.7
frame,lgw,Year 1, summer 2, Tuesday,41466,16.6
frame,lgw,Year 1, summer 2, Tuesday,41467,16.7
frame,lgw,Year 1, summer 2, Tuesday,41468,16.6
frame,lgw,Year 1, summer 2, Tuesday,41469,16.7
frame,lgw,Year 1, summer 2, Tuesday,41470,16.7
frame,lgw,Year 1, summer 2, Tuesday,41471,16.6
frame,lgw,Year 1, summer 2, Tuesday,41472,16.8
frame,lgw,Year 1, summer 2, Tuesday,41473,16.9
frame,lgw,Year 1, summer 2, Tuesday,41474,16.5
frame,lgw,Year 1, summer 2, Tuesday,41475,16.6
frame,lgw,Year 1, summer 2, Tuesday,41476,16.6
frame,lgw,Year 1, summer 2, Tuesday,41477,16.6
frame,lgw,Year 1, summer 2, Tuesday,41478,16.7
frame,lgw,Year 1, summer 2, Tuesday,41479,18.1
frame,lgw,Year 1, summer 2, Tuesday,41480,15.3
frame,lgw,Year 1, summer 2, Tuesday,41481,16.6
frame,lgw,Year 1, summer 2, Tuesday,41482,16.7
frame,lgw,Year 1, summer 2, Tuesday,41483,16.7
frame,lgw,Year 1, summer 2, Tuesday,41484,16.8
frame,lgw,Year 1, summer 2, Tuesday,41485,16.5
frame,lgw,Year 1, summer 2, Tuesday,41486,16.7
frame,lgw,Year 1, summer 2, Tuesday,41487,16.6
frame,lgw,Year 1, summer 2, Tuesday,41488,16.7
frame,lgw,Year 1, summer 2, Tuesday,41489,16.7
frame,lgw,Year 1, summer 2, Tuesday,41490,16.7
frame,lgw,Year 1, summer 2, Tuesday,41491,16.7
frame,lgw,Year 1, summer 2, Tuesday,41492,16.7
frame,lgw,Year 1, summer 2, Tuesday,41493,16.7
frame,lgw,Year 1, summer 2, Tuesday,41494,16.8
frame,lgw,Year 1, summer 2, Tuesday,41495,16.6
frame,lgw,Year 1, summer 2, Tuesday,41496,16.7
frame,lgw,Year 1, summer 2, Tuesday,41497,16.7
frame,lgw,Year 1, summer 2, Tuesday,41498,16.6
frame,lgw,Year 1, summer 2, Tuesday,41499,16.7
frame,lgw,Year 1, summer 2, Tuesday,41500,16.6
frame,lgw,Year 1, summer 2, Tuesday,41501,16.6
frame,lgw,Year 1, summer 2, Tuesday,41502,16.7
frame,lgw,Year 1, summer 2, Tuesday,41503,16.7
frame,lgw,Year 1, summer 2, Tuesday,41504,16.8
frame,lgw,Year 1, summer 2, Tuesday,41505,16.6
frame,lgw,Year 1, summer 2, Tuesday,41506,16.6
frame,lgw,Year 1, summer 2, Tuesday,41507,16.7
frame,lgw,Year 1, summer 2, Tuesday,41508,16.6
frame,lgw,Year 1, summer 2, Tuesday,41509,16.9
frame,lgw,Year 1, summer 2, Tuesday,41510,16.5
frame,lgw,Year 1, summer 2, Tuesday,41511,16.6
frame,lgw,Year 1, summer 2, Tuesday,41512,16.6
frame,lgw,Year 1, summer 2, Tuesday,41513,16.7
frame,lgw,Year 1, summer 2, Tuesday,41514,16.7
frame,lgw,Year 1, summer 2, Tuesday,41515,16.6
frame,lgw,Year 1, summer 2, Tuesday,41516,16.8
frame,lgw,Year 1, summer 2, Tuesday,41517,16.6
frame,lgw,Year 1, summer 2, Tuesday,41518,16.7
frame,lgw,Year 1, summer 2, Tuesday,41519,16.6
frame,lgw,Year 1, summer 2, Tuesday,41520,16.7
frame,lgw,Year 1, summer 2, Tuesday,41521,16.7
frame,lgw,Year 1, summer 2, Tuesday,41522,16.7
frame,lgw,Year 1, summer 2, Tuesday,41523,16.9
frame,lgw,Year 1, summer 2, Tuesday,41524,16.6
frame,lgw,Year 1, summer 2, Tuesday,41525,16.6
frame,lgw,Year 1, summer 2, Tuesday,41526,16.6
frame,lgw,Year 1, summer 2, Tuesday,41527,16.7
frame,lgw,Year 1, summer 2, Tuesday,41528,16.7
frame,lgw,Year 1, summer 2, Tuesday,41529,16.7
frame,lgw,Year 1, summer 2, Tuesday,41530,16.7
frame,lgw,Year 1, summer 2, Tuesday,41531,16.7
frame,lgw,Year 1, summer 2, Tuesday,41532,16.7
frame,lgw,Year 1, summer 2, Tuesday,41533,16.6
frame,lgw,Year 1, summer 2, Tuesday,41534,16.7
frame,lgw,Year 1, summer 2, Tuesday,41535,16.7
frame,lgw,Year 1, summer 2, Tuesday,41536,16.9
frame,lgw,Year 1, summer 2, Tuesday,41537,16.5
frame,lgw,Year 1, summer 2, Tuesday,41538,16.7
frame,lgw,Year 1, summer 2, Tuesday,41539,16.7
frame,lgw,Year 1, summer 2, Tuesday,41540,16.6
frame,lgw,Year 1, summer 2, Tuesday,41541,16.7
frame,lgw,Year 1, summer 2, Tuesday,41542,16.6
frame,lgw,Year 1, summer 2, Tuesday,41543,16.7
frame,lgw,Year 1, summer 2, Tuesday,41544,16.6
frame,lgw,Year 1, summer 2, Tuesday,41545,16.7
frame,lgw,Year 1, summer 2, Tuesday,41546,16.7
frame,lgw,Year 1, summer 2, Tuesday,41547,16.6
frame,lgw,Year 1, summer 2, Tuesday,41548,16.6
frame,lgw,Year 1, summer 2, Tuesday,41549,16.7
frame,lgw,Year 1, summer 2, Tuesday,41550,16.7
frame,lgw,Year 1, summer 2, Tuesday,41551,16.8
frame,lgw,Year 1, summer 2, Tuesday,41552,16.5
frame,lgw,Year 1, summer 2, Tuesday,41553,16.7
frame,lgw,Year 1, summer 2, Tuesday,41554,16.7
frame,lgw,Year 1, summer 2, Tuesday,41555,16.7
frame,lgw,Year 1, summer 2, Tuesday,41556,16.6
frame,lgw,Year 1, summer 2, Tuesday,41557,16.6
frame,lgw,Year 1, summer 2, Tuesday,41558,16.7
frame,lgw,Year 1, summer 2, Tuesday,41559,16.7
frame,lgw,Year 1, summer 2, Tuesday,41560,16.7
frame,lgw,Year 1, summer 2, Tuesday,41561,16.7
frame,lgw,Year 1, summer 2, Tuesday,41562,16.6
frame,lgw,Year 1, summer 2, Tuesday,41563,16.7
frame,lgw,Year 1, summer 2, Tuesday,41564,17.0
frame,lgw,Year 1, summer 2, Tuesday,41565,16.6
frame,lgw,Year 1, summer 2, Tuesday,41566,16.4
frame,lgw,Year 1, summer 2, Tuesday,41567,16.7
frame,lgw,Year 1, summer 2, Tuesday,41568,16.6
frame,lgw,Year 1, summer 2, Tuesday,41569,16.7
frame,lgw,Year 1, summer 2, Tuesday,41570,16.7
frame,lgw,Year 1, summer 2, Tuesday,41571,16.7
frame,lgw,Year 1, summer 2, Tuesday,41572,16.6
frame,lgw,Year 1, summer 2, Tuesday,41573,16.6
frame,lgw,Year 1, summer 2, Tuesday,41574,16.7
frame,lgw,Year 1, summer 2, Tuesday,41575,16.6
frame,lgw,Year 1, summer 2, Tuesday,41576,16.8
frame,lgw,Year 1, summer 2, Tuesday,41577,16.8
frame,lgw,Year 1, summer 2, Tuesday,41578,16.6
frame,lgw,Year 1, summer 2, Tuesday,41579,16.5
frame,lgw,Year 1, summer 2, Tuesday,41580,16.8
frame,lgw,Year 1, summer 2, Tuesday,41581,16.6
frame,lgw,Year 1, summer 2, Tuesday,41582,16.7
frame,lgw,Year 1, summer 2, Tuesday,41583,16.7
frame,lgw,Year 1, summer 2, Tuesday,41584,16.6
frame,lgw,Year 1, summer 2, Tuesday,41585,16.6
frame,lgw,Year 1, summer 2, Tuesday,41586,16.7
frame,lgw,Year 1, summer 2, Tuesday,41587,16.6
frame,lgw,Year 1, summer 2, Tuesday,41588,16.7
frame,lgw,Year 1, summer 2, Tuesday,41589,17.2
frame,lgw,Year 1, summer 2, Tuesday,41590,16.5
frame,lgw,Year 1, summer 2, Tuesday,41591,16.5
frame,lgw,Year 1, summer 2, Tuesday,41592,16.5
frame,lgw,Year 1, summer 2, Tuesday,41593,16.7
frame,lgw,Year 1, summer 2, Tuesday,41594,16.7
frame,lgw,Year 1, summer 2, Tuesday,41595,16.7
frame,lgw,Year 1, summer 2, Tuesday,41596,16.6
frame,lgw,Year 1, summer 2, Tuesday,41597,16.8
frame,lgw,Year 1, summer 2, Tuesday,41598,16.6
frame,lgw,Year 1, summer 2, Tuesday,41599,16.6
frame,lgw,Year 1, summer 2, Tuesday,41600,16.6
frame,lgw,Year 1, summer 2, Tuesday,41601,16.7
frame,lgw,Year 1, summer 2, Tuesday,41602,16.8
frame,lgw,Year 1, summer 2, Tuesday,41603,16.8
frame,lgw,Year 1, summer 2, Tuesday,41604,16.6
frame,lgw,Year 1, summer 2, Tuesday,41605,16.7
frame,lgw,Year 1, summer 2, Tuesday,41606,16.6
frame,lgw,Year 1, summer 2, Tuesday,41607,16.6
frame,lgw,Year 1, summer 2, Tuesday,41608,16.7
frame,lgw,Year 1, summer 2, Tuesday,41609,16.7
frame,lgw,Year 1, summer 2, Tuesday,41610,16.7
frame,lgw,Year 1, summer 2, Tuesday,41611,16.7
frame,lgw,Year 1, summer 2, Tuesday,41612,16.6
frame,lgw,Year 1, summer 2, Tuesday,41613,16.7
frame,lgw,Year 1, summer 2, Tuesday,41614,16.7
frame,lgw,Year 1, summer 2, Tuesday,41615,16.6
frame,lgw,Year 1, summer 2, Tuesday,41616,16.8
frame,lgw,Year 1, summer 2, Tuesday,41617,16.6
frame,lgw,Year 1, summer 2, Tuesday,41618,16.6
frame,lgw,Year 1, summer 2, Tuesday,41619,16.7
frame,lgw,Year 1, summer 2, Tuesday,41620,16.7
frame,lgw,Year 1, summer 2, Tuesday,41621,16.7
frame,lgw,Year 1, summer 2, Tuesday,41622,16.6
frame,lgw,Year 1, summer 2, Tuesday,41623,16.7
frame,lgw,Year 1, summer 2, Tuesday,41624,16.6
frame,lgw,Year 1, summer 2, Tuesday,41625,16.7
frame,lgw,Year 1, summer 2, Tuesday,41626,16.6
frame,lgw,Year 1, summer 2, Tuesday,41627,16.7
frame,lgw,Year 1, summer 2, Tuesday,41628,16.7
frame,lgw,Year 1, summer 2, Tuesday,41629,16.6
frame,lgw,Year 1, summer 2, Tuesday,41630,16.6
frame,lgw,Year 1, summer 2, Tuesday,41631,16.7
frame,lgw,Year 1, summer 2, Tuesday,41632,16.7
frame,lgw,Year 1, summer 2, Tuesday,41633,16.7
frame,lgw,Year 1, summer 2, Tuesday,41634,16.6
frame,lgw,Year 1, summer 2, Tuesday,41635,16.7
frame,lgw,Year 1, summer 2, Tuesday,41636,16.6
frame,lgw,Year 1, summer 2, Tuesday,41637,16.7
frame,lgw,Year 1, summer 2, Tuesday,41638,16.7
frame,lgw,Year 1, summer 2, Tuesday,41639,16.7
frame,lgw,Year 1, summer 2, Tuesday,41640,16.7
frame,lgw,Year 1, summer 2, Tuesday,41641,16.7
frame,lgw,Year 1, summer 2, Tuesday,41642,16.7
frame,lgw,Year 1, summer 2, Tuesday,41643,16.6
frame,lgw,Year 1, summer 2, Tuesday,41644,16.7
frame,lgw,Year 1, summer 2, Tuesday,41645,16.7
frame,lgw,Year 1, summer 2, Tuesday,41646,16.7
frame,lgw,Year 1, summer 2, Tuesday,41647,16.7
frame,lgw,Year 1, summer 2, Tuesday,41648,16.6
frame,lgw,Year 1, summer 2, Tuesday,41649,16.7
frame,lgw,Year 1, summer 2, Tuesday,41650,16.6
frame,lgw,Year 1, summer 2, Tuesday,41651,16.7
frame,lgw,Year 1, summer 2, Tuesday,41652,16.6
frame,lgw,Year 1, summer 2, Tuesday,41653,16.7
frame,lgw,Year 1, summer 2, Tuesday,41654,16.9
frame,lgw,Year 1, summer 2, Tuesday,41655,16.5
frame,lgw,Year 1, summer 2, Tuesday,41656,16.7
frame,lgw,Year 1, summer 2, Tuesday,41657,16.6
frame,lgw,Year 1, summer 2, Tuesday,41658,16.7
frame,lgw,Year 1, summer 2, Tuesday,41659,16.9
frame,lgw,Year 1, summer 2, Tuesday,41660,16.5
frame,lgw,Year 1, summer 2, Tuesday,41661,16.7
frame,lgw,Year 1, summer 2, Tuesday,41662,16.7
frame,lgw,Year 1, summer 2, Tuesday,41663,16.7
frame,lgw,Year 1, summer 2, Tuesday,41664,16.7
frame,lgw,Year 1, summer 2, Tuesday,41665,16.6
frame,lgw,Year 1, summer 2, Tuesday,41666,16.7
frame,lgw,Year 1, summer 2, Tuesday,41667,16.7
frame,lgw,Year 1, summer 2, Tuesday,41668,16.7
frame,lgw,Year 1, summer 2, Tuesday,41669,16.6
frame,lgw,Year 1, summer 2, Tuesday,41670,16.7
frame,lgw,Year 1, summer 2, Tuesday,41671,16.7
frame,lgw,Year 1, summer 2, Tuesday,41672,16.6
frame,lgw,Year 1, summer 2, Tuesday,41673,16.7
frame,lgw,Year 1, summer 2, Tuesday,41674,16.7
frame,lgw,Year 1, summer 2, Tuesday,41675,16.6
frame,lgw,Year 1, summer 2, Tuesday,41676,16.8
frame,lgw,Year 1, summer 2, Tuesday,41677,16.6
frame,lgw,Year 1, summer 2, Tuesday,41678,16.6
frame,lgw,Year 1, summer 2, Tuesday,41679,16.8
frame,lgw,Year 1, summer 2, Tuesday,41680,16.6
frame,lgw,Year 1, summer 2, Tuesday,41681,16.7
frame,lgw,Year 1, summer 2, Tuesday,41682,16.6
frame,lgw,Year 1, summer 2, Tuesday,41683,16.7
frame,lgw,Year 1, summer 2, Tuesday,41684,16.6
frame,lgw,Year 1, summer 2, Tuesday,41685,16.6
frame,lgw,Year 1, summer 2, Tuesday,41686,16.8
frame,lgw,Year 1, summer 2, Tuesday,41687,16.5
frame,lgw,Year 1, summer 2, Tuesday,41688,16.7
frame,lgw,Year 1, summer 2, Tuesday,41689,16.7
frame,lgw,Year 1, summer 2, Tuesday,41690,16.6
frame,lgw,Year 1, summer 2, Tuesday,41691,16.7
frame,lgw,Year 1, summer 2, Tuesday,41692,16.7
frame,lgw,Year 1, summer 2, Tuesday,41693,16.7
frame,lgw,Year 1, summer 2, Tuesday,41694,16.6
frame,lgw,Year 1, summer 2, Tuesday,41695,16.6
frame,lgw,Year 1, summer 2, Tuesday,41696,16.7
frame,lgw,Year 1, summer 2, Tuesday,41697,16.7
frame,lgw,Year 1, summer 2, Tuesday,41698,16.7
frame,lgw,Year 1, summer 2, Tuesday,41699,16.6
frame,lgw,Year 1, summer 2, Tuesday,41700,16.7
frame,lgw,Year 1, summer 2, Tuesday,41701,16.7
frame,lgw,Year 1, summer 2, Tuesday,41702,16.7
frame,lgw,Year 1, summer 2, Tuesday,41703,16.7
frame,lgw,Year 1, summer 2, Tuesday,41704,16.7
frame,lgw,Year 1, summer 2, Tuesday,41705,16.8
frame,lgw,Year 1, summer 2, Tuesday,41706,16.6
frame,lgw,Year 1, summer 2, Tuesday,41707,16.7
frame,lgw,Year 1, summer 2, Tuesday,41708,16.6
frame,lgw,Year 1, summer 2, Tuesday,41709,16.7
frame,lgw,Year 1, summer 2, Tuesday,41710,16.6
frame,lgw,Year 1, summer 2, Tuesday,41711,16.7
frame,lgw,Year 1, summer 2, Tuesday,41712,16.7
frame,lgw,Year 1, summer 2, Tuesday,41713,16.7
frame,lgw,Year 1, summer 2, Tuesday,41714,17.0
frame,lgw,Year 1, summer 2, Tuesday,41715,16.3
frame,lgw,Year 1, summer 2, Tuesday,41716,16.6
frame,lgw,Year 1, summer 2, Tuesday,41717,16.6
frame,lgw,Year 1, summer 2, Tuesday,41718,16.7
frame,lgw,Year 1, summer 2, Tuesday,41719,16.8
frame,lgw,Year 1, summer 2, Tuesday,41720,16.6
frame,lgw,Year 1, summer 2, Tuesday,41721,16.6
frame,lgw,Year 1, summer 2, Tuesday,41722,16.7
frame,lgw,Year 1, summer 2, Tuesday,41723,16.6
frame,lgw,Year 1, summer 2, Tuesday,41724,16.7
frame,lgw,Year 1, summer 2, Tuesday,41725,16.6
frame,lgw,Year 1, summer 2, Tuesday,41726,16.6
frame,lgw,Year 1, summer 2, Tuesday,41727,16.7
frame,lgw,Year 1, summer 2, Tuesday,41728,16.6
frame,lgw,Year 1, summer 2, Tuesday,41729,16.7
frame,lgw,Year 1, summer 2, Tuesday,41730,16.6
frame,lgw,Year 1, summer 2, Tuesday,41731,16.8
frame,lgw,Year 1, summer 2, Tuesday,41732,16.6
frame,lgw,Year 1, summer 2, Tuesday,41733,16.8
frame,lgw,Year 1, summer 2, Tuesday,41734,16.6
frame,lgw,Year 1, summer 2, Tuesday,41735,16.7
frame,lgw,Year 1, summer 2, Tuesday,41736,16.7
frame,lgw,Year 1, summer 2, Tuesday,41737,16.7
frame,lgw,Year 1, summer 2, Tuesday,41738,16.6
frame,lgw,Year 1, summer 2, Tuesday,41739,16.6
frame,lgw,Year 1, summer 2, Tuesday,41740,16.6
frame,lgw,Year 1, summer 2, Tuesday,41741,16.7
frame,lgw,Year 1, summer 2, Tuesday,41742,16.6
frame,lgw,Year 1, summer 2, Tuesday,41743,16.7
frame,lgw,Year 1, summer 2, Tuesday,41744,16.7
frame,lgw,Year 1, summer 2, Tuesday,41745,16.7
frame,lgw,Year 1, summer 2, Tuesday,41746,16.9
frame,lgw,Year 1, summer 2, Tuesday,41747,16.5
frame,lgw,Year 1, summer 2, Tuesday,41748,16.6
frame,lgw,Year 1, summer 2, Tuesday,41749,16.7
frame,lgw,Year 1, summer 2, Tuesday,41750,16.6
frame,lgw,Year 1, summer 2, Tuesday,41751,16.6
frame,lgw,Year 1, summer 2, Tuesday,41752,16.7
frame,lgw,Year 1, summer 2, Tuesday,41753,16.7
frame,lgw,Year 1, summer 2, Tuesday,41754,16.7
frame,lgw,Year 1, summer 2, Tuesday,41755,16.7
frame,lgw,Year 1, summer 2, Tuesday,41756,16.6
frame,lgw,Year 1, summer 2, Tuesday,41757,16.8
frame,lgw,Year 1, summer 2, Tuesday,41758,16.6
frame,lgw,Year 1, summer 2, Tuesday,41759,16.6
frame,lgw,Year 1, summer 2, Tuesday,41760,16.8
frame,lgw,Year 1, summer 2, Tuesday,41761,16.5
frame,lgw,Year 1, summer 2, Tuesday,41762,16.7
frame,lgw,Year 1, summer 2, Tuesday,41763,16.7
frame,lgw,Year 1, summer 2, Tuesday,41764,16.7
frame,lgw,Year 1, summer 2, Tuesday,41765,16.7
frame,lgw,Year 1, summer 2, Tuesday,41766,16.7
frame,lgw,Year 1, summer 2, Tuesday,41767,16.6
frame,lgw,Year 1, summer 2, Tuesday,41768,16.7
frame,lgw,Year 1, summer 2, Tuesday,41769,16.6
frame,lgw,Year 1, summer 2, Tuesday,41770,16.7
frame,lgw,Year 1, summer 2, Tuesday,41771,16.7
frame,lgw,Year 1, summer 2, Tuesday,41772,16.6
frame,lgw,Year 1, summer 2, Tuesday,41773,16.7
frame,lgw,Year 1, summer 2, Tuesday,41774,16.7
frame,lgw,Year 1, summer 2, Tuesday,41775,16.8
frame,lgw,Year 1, summer 2, Tuesday,41776,16.7
frame,lgw,Year 1, summer 2, Tuesday,41777,16.7
frame,lgw,Year 1, summer 2, Tuesday,41778,16.7
frame,lgw,Year 1, summer 2, Tuesday,41779,16.6
frame,lgw,Year 1, summer 2, Tuesday,41780,16.6
frame,lgw,Year 1, summer 2, Tuesday,41781,16.7
frame,lgw,Year 1, summer 2, Tuesday,41782,16.6
frame,lgw,Year 1, summer 2, Tuesday,41783,16.7
frame,lgw,Year 1, summer 2, Tuesday,41784,16.7
frame,lgw,Year 1, summer 2, Tuesday,41785,16.7
frame,lgw,Year 1, summer 2, Tuesday,41786,16.6
frame,lgw,Year 1, summer 2, Tuesday,41787,16.6
frame,lgw,Year 1, summer 2, Tuesday,41788,16.6
frame,lgw,Year 1, summer 2, Tuesday,41789,16.7
frame,lgw,Year 1, summer 2, Tuesday,41790,16.6
frame,lgw,Year 1, summer 2, Tuesday,41791,16.7
frame,lgw,Year 1, summer 2, Tuesday,41792,16.7
frame,lgw,Year 1, summer 2, Tuesday,41793,16.7
frame,lgw,Year 1, summer 2, Tuesday,41794,16.7
frame,lgw,Year 1, summer 2, Tuesday,41795,16.7
frame,lgw,Year 1, summer 2, Tuesday,41796,16.6
frame,lgw,Year 1, summer 2, Tuesday,41797,16.8
frame,lgw,Year 1, summer 2, Tuesday,41798,16.7
frame,lgw,Year 1, summer 2, Tuesday,41799,16.6
frame,lgw,Year 1, summer 2, Tuesday,41800,16.6
frame,lgw,Year 1, summer 2, Tuesday,41801,16.7
frame,lgw,Year 1, summer 2, Tuesday,41802,16.6
frame,lgw,Year 1, summer 2, Tuesday,41803,16.7
frame,lgw,Year 1, summer 2, Tuesday,41804,16.7
frame,lgw,Year 1, summer 2, Tuesday,41805,16.6
frame,lgw,Year 1, summer 2, Tuesday,41806,16.7
frame,lgw,Year 1, summer 2, Tuesday,41807,16.8
frame,lgw,Year 1, summer 2, Tuesday,41808,16.7
frame,lgw,Year 1, summer 2, Tuesday,41809,16.6
frame,lgw,Year 1, summer 2, Tuesday,41810,16.7
frame,lgw,Year 1, summer 2, Tuesday,41811,16.7
frame,lgw,Year 1, summer 2, Tuesday,41812,16.7
frame,lgw,Year 1, summer 2, Tuesday,41813,16.6
frame,lgw,Year 1, summer 2, Tuesday,41814,16.7
frame,lgw,Year 1, summer 2, Tuesday,41815,16.7
frame,lgw,Year 1, summer 2, Tuesday,41816,16.7
frame,lgw,Year 1, summer 2, Tuesday,41817,16.7
frame,lgw,Year 1, summer 2, Tuesday,41818,17.2
frame,lgw,Year 1, summer 2, Tuesday,41819,16.1
frame,lgw,Year 1, summer 2, Tuesday,41820,16.7
frame,lgw,Year 1, summer 2, Tuesday,41821,16.7
frame,lgw,Year 1, summer 2, Tuesday,41822,16.7
frame,lgw,Year 1, summer 2, Tuesday,41823,16.6
frame,lgw,Year 1, summer 2, Tuesday,41824,16.7
frame,lgw,Year 1, summer 2, Tuesday,41825,16.7
frame,lgw,Year 1, summer 2, Tuesday,41826,16.6
frame,lgw,Year 1, summer 2, Tuesday,41827,16.7
frame,lgw,Year 1, summer 2, Tuesday,41828,16.6
frame,lgw,Year 1, summer 2, Tuesday,41829,16.7
frame,lgw,Year 1, summer 2, Tuesday,41830,16.7
frame,lgw,Year 1, summer 2, Tuesday,41831,17.0
frame,lgw,Year 1, summer 2, Tuesday,41832,16.3
frame,lgw,Year 1, summer 2, Tuesday,41833,16.7
frame,lgw,Year 1, summer 2, Tuesday,41834,16.8
frame,lgw,Year 1, summer 2, Tuesday,41835,16.7
frame,lgw,Year 1, summer 2, Tuesday,41836,16.6
frame,lgw,Year 1, summer 2, Tuesday,41837,16.7
frame,lgw,Year 1, summer 2, Tuesday,41838,16.7
frame,lgw,Year 1, summer 2, Tuesday,41839,16.7
frame,lgw,Year 1, summer 2, Tuesday,41840,16.6
frame,lgw,Year 1, summer 2, Tuesday,41841,16.7
frame,lgw,Year 1, summer 2, Tuesday,41842,16.7
frame,lgw,Year 1, summer 2, Tuesday,41843,16.6
frame,lgw,Year 1, summer 2, Tuesday,41844,16.7
frame,lgw,Year 1, summer 2, Tuesday,41845,16.7
frame,lgw,Year 1, summer 2, Tuesday,41846,16.7
frame,lgw,Year 1, summer 2, Tuesday,41847,16.6
frame,lgw,Year 1, summer 2, Tuesday,41848,16.7
frame,lgw,Year 1, summer 2, Tuesday,41849,16.7
frame,lgw,Year 1, summer 2, Tuesday,41850,16.6
frame,lgw,Year 1, summer 2, Tuesday,41851,16.8
frame,lgw,Year 1, summer 2, Tuesday,41852,16.5
frame,lgw,Year 1, summer 2, Tuesday,41853,16.7
frame,lgw,Year 1, summer 2, Tuesday,41854,16.7
frame,lgw,Year 1, summer 2, Tuesday,41855,16.7
frame,lgw,Year 1, summer 2, Tuesday,41856,16.7
frame,lgw,Year 1, summer 2, Tuesday,41857,16.8
frame,lgw,Year 1, summer 2, Tuesday,41858,16.6
frame,lgw,Year 1, summer 2, Tuesday,41859,16.6
frame,lgw,Year 1, summer 2, Tuesday,41860,16.8
frame,lgw,Year 1, summer 2, Tuesday,41861,16.6
frame,lgw,Year 1, summer 2, Tuesday,41862,16.7
frame,lgw,Year 1, summer 2, Tuesday,41863,16.6
frame,lgw,Year 1, summer 2, Tuesday,41864,16.7
frame,lgw,Year 1, summer 2, Tuesday,41865,16.7
frame,lgw,Year 1, summer 2, Tuesday,41866,16.7
frame,lgw,Year 1, summer 2, Tuesday,41867,16.7
frame,lgw,Year 1, summer 2, Tuesday,41868,16.8
frame,lgw,Year 1, summer 2, Tuesday,41869,16.8
frame,lgw,Year 1, summer 2, Tuesday,41870,16.4
frame,lgw,Year 1, summer 2, Tuesday,41871,16.6
frame,lgw,Year 1, summer 2, Tuesday,41872,16.7
frame,lgw,Year 1, summer 2, Tuesday,41873,16.7
frame,lgw,Year 1, summer 2, Tuesday,41874,16.7
frame,lgw,Year 1, summer 2, Tuesday,41875,16.6
frame,lgw,Year 1, summer 2, Tuesday,41876,16.8
frame,lgw,Year 1, summer 2, Tuesday,41877,16.6
frame,lgw,Year 1, summer 2, Tuesday,41878,16.6
frame,lgw,Year 1, summer 2, Tuesday,41879,16.7
frame,lgw,Year 1, summer 2, Tuesday,41880,16.6
frame,lgw,Year 1, summer 2, Tuesday,41881,16.9
frame,lgw,Year 1, summer 2, Tuesday,41882,16.4
frame,lgw,Year 1, summer 2, Tuesday,41883,16.8
frame,lgw,Year 1, summer 2, Tuesday,41884,16.5
frame,lgw,Year 1, summer 2, Tuesday,41885,16.7
frame,lgw,Year 1, summer 2, Tuesday,41886,16.8
frame,lgw,Year 1, summer 2, Tuesday,41887,16.5
frame,lgw,Year 1, summer 2, Tuesday,41888,16.7
frame,lgw,Year 1, summer 2, Tuesday,41889,16.7
frame,lgw,Year 1, summer 2, Tuesday,41890,16.6
frame,lgw,Year 1, summer 2, Tuesday,41891,16.7
frame,lgw,Year 1, summer 2, Tuesday,41892,16.7
frame,lgw,Year 1, summer 2, Tuesday,41893,16.6
frame,lgw,Year 1, summer 2, Tuesday,41894,16.7
frame,lgw,Year 1, summer 2, Tuesday,41895,16.8
frame,lgw,Year 1, summer 2, Tuesday,41896,16.6
frame,lgw,Year 1, summer 2, Tuesday,41897,16.6
frame,lgw,Year 1, summer 2, Tuesday,41898,16.7
frame,lgw,Year 1, summer 2, Tuesday,41899,16.6
frame,lgw,Year 1, summer 2, Tuesday,41900,16.8
frame,lgw,Year 1, summer 2, Tuesday,41901,16.7
frame,lgw,Year 1, summer 2, Tuesday,41902,16.6
frame,lgw,Year 1, summer 2, Tuesday,41903,16.7
frame,lgw,Year 1, summer 2, Tuesday,41904,16.7
frame,lgw,Year 1, summer 2, Tuesday,41905,16.7
frame,lgw,Year 1, summer 2, Tuesday,41906,16.6
frame,lgw,Year 1, summer 2, Tuesday,41907,16.6
frame,lgw,Year 1, summer 2, Tuesday,41908,16.7
frame,lgw,Year 1, summer 2, Tuesday,41909,16.6
frame,lgw,Year 1, summer 2, Tuesday,41910,16.7
frame,lgw,Year 1, summer 2, Tuesday,41911,16.6
frame,lgw,Year 1, summer 2, Tuesday,41912,16.8
frame,lgw,Year 1, summer 2, Tuesday,41913,16.8
frame,lgw,Year 1, summer 2, Tuesday,41914,16.4
frame,lgw,Year 1, summer 2, Tuesday,41915,16.7
frame,lgw,Year 1, summer 2, Tuesday,41916,16.6
frame,lgw,Year 1, summer 2, Tuesday,41917,16.7
frame,lgw,Year 1, summer 2, Tuesday,41918,16.7
frame,lgw,Year 1, summer 2, Tuesday,41919,16.6
frame,lgw,Year 1, summer 2, Tuesday,41920,16.7
frame,lgw,Year 1, summer 2, Tuesday,41921,16.6
frame,lgw,Year 1, summer 2, Tuesday,41922,16.7
frame,lgw,Year 1, summer 2, Tuesday,41923,16.7
frame,lgw,Year 1, summer 2, Tuesday,41924,16.7
frame,lgw,Year 1, summer 2, Tuesday,41925,16.7
frame,lgw,Year 1, summer 2, Tuesday,41926,16.6
frame,lgw,Year 1, summer 2, Tuesday,41927,16.7
frame,lgw,Year 1, summer 2, Tuesday,41928,16.7
frame,lgw,Year 1, summer 2, Tuesday,41929,16.7
frame,lgw,Year 1, summer 2, Tuesday,41930,16.6
frame,lgw,Year 1, summer 2, Tuesday,41931,16.6
frame,lgw,Year 1, summer 2, Tuesday,41932,16.7
frame,lgw,Year 1, summer 2, Tuesday,41933,16.6
frame,lgw,Year 1, summer 2, Tuesday,41934,16.7
frame,lgw,Year 1, summer 2, Tuesday,41935,16.6
frame,lgw,Year 1, summer 2, Tuesday,41936,16.7
frame,lgw,Year 1, summer 2, Tuesday,41937,16.7
frame,lgw,Year 1, summer 2, Tuesday,41938,17.0
frame,lgw,Year 1, summer 2, Tuesday,41939,16.4
frame,lgw,Year 1, summer 2, Tuesday,41940,16.7
frame,lgw,Year 1, summer 2, Tuesday,41941,16.7
frame,lgw,Year 1, summer 2, Tuesday,41942,16.7
frame,lgw,Year 1, summer 2, Tuesday,41943,16.7
frame,lgw,Year 1, summer 2, Tuesday,41944,16.7
frame,lgw,Year 1, summer 2, Tuesday,41945,16.7
frame,lgw,Year 1, summer 2, Tuesday,41946,16.7
frame,lgw,Year 1, summer 2, Tuesday,41947,16.6
frame,lgw,Year 1, summer 2, Tuesday,41948,16.6
frame,lgw,Year 1, summer 2, Tuesday,41949,16.7
frame,lgw,Year 1, summer 2, Tuesday,41950,16.7
frame,lgw,Year 1, summer 2, Tuesday,41951,16.8
frame,lgw,Year 1, summer 2, Tuesday,41952,16.7
frame,lgw,Year 1, summer 2, Tuesday,41953,16.6
frame,lgw,Year 1, summer 2, Tuesday,41954,16.7
frame,lgw,Year 1, summer 2, Tuesday,41955,16.8
frame,lgw,Year 1, summer 2, Tuesday,41956,16.5
frame,lgw,Year 1, summer 2, Tuesday,41957,16.7
frame,lgw,Year 1, summer 2, Tuesday,41958,16.6
frame,lgw,Year 1, summer 2, Tuesday,41959,16.8
frame,lgw,Year 1, summer 2, Tuesday,41960,16.6
frame,lgw,Year 1, summer 2, Tuesday,41961,16.6
frame,lgw,Year 1, summer 2, Tuesday,41962,16.7
frame,lgw,Year 1, summer 2, Tuesday,41963,16.7
frame,lgw,Year 1, summer 2, Tuesday,41964,16.7
frame,lgw,Year 1, summer 2, Tuesday,41965,16.7
frame,lgw,Year 1, summer 2, Tuesday,41966,16.7
frame,lgw,Year 1, summer 2, Tuesday,41967,16.5
frame,lgw,Year 1, summer 2, Tuesday,41968,16.6
frame,lgw,Year 1, summer 2, Tuesday,41969,16.7
frame,lgw,Year 1, summer 2, Tuesday,41970,16.7
frame,lgw,Year 1, summer 2, Tuesday,41971,16.7
frame,lgw,Year 1, summer 2, Tuesday,41972,16.7
frame,lgw,Year 1, summer 2, Tuesday,41973,16.7
frame,lgw,Year 1, summer 2, Tuesday,41974,16.6
frame,lgw,Year 1, summer 2, Tuesday,41975,16.7
frame,lgw,Year 1, summer 2, Tuesday,41976,16.7
frame,lgw,Year 1, summer 2, Tuesday,41977,16.6
frame,lgw,Year 1, summer 2, Tuesday,41978,16.9
frame,lgw,Year 1, summer 2, Tuesday,41979,16.5
frame,lgw,Year 1, summer 2, Tuesday,41980,16.6
frame,lgw,Year 1, summer 2, Tuesday,41981,16.6
frame,lgw,Year 1, summer 2, Tuesday,41982,16.7
frame,lgw,Year 1, summer 2, Tuesday,41983,16.8
frame,lgw,Year 1, summer 2, Tuesday,41984,16.6
frame,lgw,Year 1, summer 2, Tuesday,41985,16.7
frame,lgw,Year 1, summer 2, Tuesday,41986,16.6
frame,lgw,Year 1, summer 2, Tuesday,41987,16.6
frame,lgw,Year 1, summer 2, Tuesday,41988,16.7
frame,lgw,Year 1, summer 2, Tuesday,41989,16.7
frame,lgw,Year 1, summer 2, Tuesday,41990,16.8
frame,lgw,Year 1, summer 2, Tuesday,41991,16.8
frame,lgw,Year 1, summer 2, Tuesday,41992,16.5
frame,lgw,Year 1, summer 2, Tuesday,41993,16.5
frame,lgw,Year 1, summer 2, Tuesday,41994,16.8
frame,lgw,Year 1, summer 2, Tuesday,41995,16.5
frame,lgw,Year 1, summer 2, Tuesday,41996,16.9
frame,lgw,Year 1, summer 2, Tuesday,41997,16.4
frame,lgw,Year 1, summer 2, Tuesday,41998,17.3
frame,lgw,Year 1, summer 2, Tuesday,41999,16.0
frame,lgw,Year 1, summer 2, Tuesday,47120,15.7
frame,lgw,Year 1, summer 2, Tuesday,47121,16.6
frame,lgw,Year 1, summer 2, Tuesday,47122,16.7
frame,lgw,Year 1, summer 2, Tuesday,47123,16.7
frame,lgw,Year 1, summer 2, Tuesday,47124,16.7
frame,lgw,Year 1, summer 2, Tuesday,47125,16.8
frame,lgw,Year 1, summer 2, Tuesday,47126,16.6
frame,lgw,Year 1, summer 2, Tuesday,47127,16.6
frame,lgw,Year 1, summer 2, Tuesday,47128,16.6
frame,lgw,Year 1, summer 2, Tuesday,47129,16.7
frame,lgw,Year 1, summer 2, Tuesday,47130,16.7
frame,lgw,Year 1, summer 2, Tuesday,47131,16.6
frame,lgw,Year 1, summer 2, Tuesday,47132,16.7
frame,lgw,Year 1, summer 2, Tuesday,47133,16.7
frame,lgw,Year 1, summer 2, Tuesday,47134,16.7
frame,lgw,Year 1, summer 2, Tuesday,47135,16.7
frame,lgw,Year 1, summer 2, Tuesday,47136,16.7
frame,lgw,Year 1, summer 2, Tuesday,47137,16.7
frame,lgw,Year 1, summer 2, Tuesday,47138,16.6
frame,lgw,Year 1, summer 2, Tuesday,47139,16.7
frame,lgw,Year 1, summer 2, Tuesday,47140,16.7
frame,lgw,Year 1, summer 2, Tuesday,47141,16.7
frame,lgw,Year 1, summer 2, Tuesday,47142,16.7
frame,lgw,Year 1, summer 2, Tuesday,47143,16.7
frame,lgw,Year 1, summer 2, Tuesday,47144,16.7
frame,lgw,Year 1, summer 2, Tuesday,47145,16.7
frame,lgw,Year 1, summer 2, Tuesday,47146,16.6
frame,lgw,Year 1, summer 2, Tuesday,47147,16.6
frame,lgw,Year 1, summer 2, Tuesday,47148,16.6
frame,lgw,Year 1, summer 2, Tuesday,47149,16.7
frame,lgw,Year 1, summer 2, Tuesday,47150,16.6
frame,lgw,Year 1, summer 2, Tuesday,47151,16.8
frame,lgw,Year 1, summer 2, Tuesday,47152,16.6
frame,lgw,Year 1, summer 2, Tuesday,47153,16.6
frame,lgw,Year 1, summer 2, Tuesday,47154,16.7
frame,lgw,Year 1, summer 2, Tuesday,47155,16.7
frame,lgw,Year 1, summer 2, Tuesday,47156,16.7
frame,lgw,Year 1, summer 2, Tuesday,47157,16.7
frame,lgw,Year 1, summer 2, Tuesday,47158,16.6
frame,lgw,Year 1, summer 2, Tuesday,47159,16.6
frame,lgw,Year 1, summer 2, Tuesday,47160,16.7
frame,lgw,Year 1, summer 2, Tuesday,47161,16.7
frame,lgw,Year 1, summer 2, Tuesday,47162,16.6
frame,lgw,Year 1, summer 2, Tuesday,47163,16.7
frame,lgw,Year 1, summer 2, Tuesday,47164,16.7
frame,lgw,Year 1, summer 2, Tuesday,47165,16.7
frame,lgw,Year 1, summer 2, Tuesday,47166,16.7
frame,lgw,Year 1, summer 2, Tuesday,47167,16.7
frame,lgw,Year 1, summer 2, Tuesday,47168,16.7
frame,lgw,Year 1, summer 2, Tuesday,47169,16.7
frame,lgw,Year 1, summer 2, Tuesday,47170,16.6
frame,lgw,Year 1, summer 2, Tuesday,47171,16.8
frame,lgw,Year 1, summer 2, Tuesday,47172,16.6
frame,lgw,Year 1, summer 2, Tuesday,47173,16.7
frame,lgw,Year 1, summer 2, Tuesday,47174,16.6
frame,lgw,Year 1, summer 2, Tuesday,47175,16.7
frame,lgw,Year 1, summer 2, Tuesday,47176,16.7
frame,lgw,Year 1, summer 2, Tuesday,47177,16.8
frame,lgw,Year 1, summer 2, Tuesday,47178,16.6
frame,lgw,Year 1, summer 2, Tuesday,47179,16.7
frame,lgw,Year 1, summer 2, Tuesday,47180,16.6
frame,lgw,Year 1, summer 2, Tuesday,47181,16.7
frame,lgw,Year 1, summer 2, Tuesday,47182,16.7
frame,lgw,Year 1, summer 2, Tuesday,47183,16.8
frame,lgw,Year 1, summer 2, Tuesday,47184,16.5
frame,lgw,Year 1, summer 2, Tuesday,47185,16.8
frame,lgw,Year 1, summer 2, Tuesday,47186,16.5
frame,lgw,Year 1, summer 2, Tuesday,47187,16.7
frame,lgw,Year 1, summer 2, Tuesday,47188,16.6
frame,lgw,Year 1, summer 2, Tuesday,47189,16.7
frame,lgw,Year 1, summer 2, Tuesday,47190,16.7
frame,lgw,Year 1, summer 2, Tuesday,47191,16.7
frame,lgw,Year 1, summer 2, Tuesday,47192,16.7
frame,lgw,Year 1, summer 2, Tuesday,47193,16.6
frame,lgw,Year 1, summer 2, Tuesday,47194,16.6
frame,lgw,Year 1, summer 2, Tuesday,47195,16.7
frame,lgw,Year 1, summer 2, Tuesday,47196,16.6
frame,lgw,Year 1, summer 2, Tuesday,47197,16.7
frame,lgw,Year 1, summer 2, Tuesday,47198,16.6
frame,lgw,Year 1, summer 2, Tuesday,47199,16.7
frame,lgw,Year 1, summer 2, Tuesday,47200,16.6
frame,lgw,Year 1, summer 2, Tuesday,47201,16.7
frame,lgw,Year 1, summer 2, Tuesday,47202,16.8
frame,lgw,Year 1, summer 2, Tuesday,47203,16.6
frame,lgw,Year 1, summer 2, Tuesday,47204,16.6
frame,lgw,Year 1, summer 2, Tuesday,47205,16.7
frame,lgw,Year 1, summer 2, Tuesday,47206,16.7
frame,lgw,Year 1, summer 2, Tuesday,47207,16.6
frame,lgw,Year 1, summer 2, Tuesday,47208,17.0
frame,lgw,Year 1, summer 2, Tuesday,47209,16.3
frame,lgw,Year 1, summer 2, Tuesday,47210,16.6
frame,lgw,Year 1, summer 2, Tuesday,47211,17.4
frame,lgw,Year 1, summer 2, Tuesday,47212,16.0
frame,lgw,Year 1, summer 2, Tuesday,47213,16.7
frame,lgw,Year 1, summer 2, Tuesday,47214,16.6
frame,lgw,Year 1, summer 2, Tuesday,47215,16.7
frame,lgw,Year 1, summer 2, Tuesday,47216,16.7
frame,lgw,Year 1, summer 2, Tuesday,47217,16.7
frame,lgw,Year 1, summer 2, Tuesday,47218,16.7
frame,lgw,Year 1, summer 2, Tuesday,47219,16.7
frame,lgw,Year 1, summer 2, Tuesday,47220,16.7
frame,lgw,Year 1, summer 2, Tuesday,47221,16.7
frame,lgw,Year 1, summer 2, Tuesday,47222,16.9
frame,lgw,Year 1, summer 2, Tuesday,47223,16.4
frame,lgw,Year 1, summer 2, Tuesday,47224,16.6
frame,lgw,Year 1, summer 2, Tuesday,47225,16.7
frame,lgw,Year 1, summer 2, Tuesday,47226,16.7
frame,lgw,Year 1, summer 2, Tuesday,47227,16.7
frame,lgw,Year 1, summer 2, Tuesday,47228,16.7
frame,lgw,Year 1, summer 2, Tuesday,47229,16.7
frame,lgw,Year 1, summer 2, Tuesday,47230,16.6
frame,lgw,Year 1, summer 2, Tuesday,47231,16.6
frame,lgw,Year 1, summer 2, Tuesday,47232,16.7
frame,lgw,Year 1, summer 2, Tuesday,47233,16.7
frame,lgw,Year 1, summer 2, Tuesday,47234,16.6
frame,lgw,Year 1, summer 2, Tuesday,47235,16.7
frame,lgw,Year 1, summer 2, Tuesday,47236,17.2
frame,lgw,Year 1, summer 2, Tuesday,47237,16.1
frame,lgw,Year 1, summer 2, Tuesday,47238,16.7
frame,lgw,Year 1, summer 2, Tuesday,47239,16.6
frame,lgw,Year 1, summer 2, Tuesday,47240,16.7
frame,lgw,Year 1, summer 2, Tuesday,47241,16.6
frame,lgw,Year 1, summer 2, Tuesday,47242,16.7
frame,lgw,Year 1, summer 2, Tuesday,47243,16.6
frame,lgw,Year 1, summer 2, Tuesday,47244,16.7
frame,lgw,Year 1, summer 2, Tuesday,47245,16.6
frame,lgw,Year 1, summer 2, Tuesday,47246,16.7
frame,lgw,Year 1, summer 2, Tuesday,47247,16.6
frame,lgw,Year 1, summer 2, Tuesday,47248,16.7
frame,lgw,Year 1, summer 2, Tuesday,47249,16.7
frame,lgw,Year 1, summer 2, Tuesday,47250,16.6
frame,lgw,Year 1, summer 2, Tuesday,47251,16.7
frame,lgw,Year 1, summer 2, Tuesday,47252,16.7
frame,lgw,Year 1, summer 2, Tuesday,47253,16.6
frame,lgw,Year 1, summer 2, Tuesday,47254,16.8
frame,lgw,Year 1, summer 2, Tuesday,47255,16.6
frame,lgw,Year 1, summer 2, Tuesday,47256,16.6
frame,lgw,Year 1, summer 2, Tuesday,47257,16.6
frame,lgw,Year 1, summer 2, Tuesday,47258,16.7
frame,lgw,Year 1, summer 2, Tuesday,47259,16.6
frame,lgw,Year 1, summer 2, Tuesday,47260,16.7
frame,lgw,Year 1, summer 2, Tuesday,47261,16.7
frame,lgw,Year 1, summer 2, Tuesday,47262,16.7
frame,lgw,Year 1, summer 2, Tuesday,47263,16.6
frame,lgw,Year 1, summer 2, Tuesday,47264,16.7
frame,lgw,Year 1, summer 2, Tuesday,47265,16.6
frame,lgw,Year 1, summer 2, Tuesday,47266,16.7
frame,lgw,Year 1, summer 2, Tuesday,47267,16.7
frame,lgw,Year 1, summer 2, Tuesday,47268,16.6
frame,lgw,Year 1, summer 2, Tuesday,47269,16.6
frame,lgw,Year 1, summer 2, Tuesday,47270,16.7
frame,lgw,Year 1, summer 2, Tuesday,47271,16.6
frame,lgw,Year 1, summer 2, Tuesday,47272,16.7
frame,lgw,Year 1, summer 2, Tuesday,47273,16.6
frame,lgw,Year 1, summer 2, Tuesday,47274,16.7
frame,lgw,Year 1, summer 2, Tuesday,47275,16.8
frame,lgw,Year 1, summer 2, Tuesday,47276,16.6
frame,lgw,Year 1, summer 2, Tuesday,47277,16.6
frame,lgw,Year 1, summer 2, Tuesday,47278,16.7
frame,lgw,Year 1, summer 2, Tuesday,47279,16.7
frame,lgw,Year 1, summer 2, Tuesday,47280,16.7
frame,lgw,Year 1, summer 2, Tuesday,47281,16.7
frame,lgw,Year 1, summer 2, Tuesday,47282,16.6
frame,lgw,Year 1, summer 2, Tuesday,47283,16.6
frame,lgw,Year 1, summer 2, Tuesday,47284,16.6
frame,lgw,Year 1, summer 2, Tuesday,47285,16.7
frame,lgw,Year 1, summer 2, Tuesday,47286,16.7
frame,lgw,Year 1, summer 2, Tuesday,47287,16.7
frame,lgw,Year 1, summer 2, Tuesday,47288,16.7
frame,lgw,Year 1, summer 2, Tuesday,47289,16.7
frame,lgw,Year 1, summer 2, Tuesday,47290,16.7
frame,lgw,Year 1, summer 2, Tuesday,47291,16.6
frame,lgw,Year 1, summer 2, Tuesday,47292,16.7
frame,lgw,Year 1, summer 2, Tuesday,47293,16.7
frame,lgw,Year 1, summer 2, Tuesday,47294,16.7
frame,lgw,Year 1, summer 2, Tuesday,47295,16.6
frame,lgw,Year 1, summer 2, Tuesday,47296,16.6
frame,lgw,Year 1, summer 2, Tuesday,47297,16.7
frame,lgw,Year 1, summer 2, Tuesday,47298,16.8
frame,lgw,Year 1, summer 2, Tuesday,47299,16.6
frame,lgw,Year 1, summer 2, Tuesday,47300,16.6
frame,lgw,Year 1, summer 2, Tuesday,47301,16.6
frame,lgw,Year 1, summer 2, Tuesday,47302,16.7
frame,lgw,Year 1, summer 2, Tuesday,47303,16.7
frame,lgw,Year 1, summer 2, Tuesday,47304,16.7
frame,lgw,Year 1, summer 2, Tuesday,47305,16.7
frame,lgw,Year 1, summer 2, Tuesday,47306,16.8
frame,lgw,Year 1, summer 2, Tuesday,47307,16.6
frame,lgw,Year 1, summer 2, Tuesday,47308,16.7
frame,lgw,Year 1, summer 2, Tuesday,47309,16.6
frame,lgw,Year 1, summer 2, Tuesday,47310,16.8
frame,lgw,Year 1, summer 2, Tuesday,47311,16.6
frame,lgw,Year 1, summer 2, Tuesday,47312,16.7
frame,lgw,Year 1, summer 2, Tuesday,47313,16.7
frame,lgw,Year 1, summer 2, Tuesday,47314,16.6
frame,lgw,Year 1, summer 2, Tuesday,47315,16.7
frame,lgw,Year 1, summer 2, Tuesday,47316,16.6
frame,lgw,Year 1, summer 2, Tuesday,47317,16.6
frame,lgw,Year 1, summer 2, Tuesday,47318,16.7
frame,lgw,Year 1, summer 2, Tuesday,47319,16.7
frame,lgw,Year 1, summer 2, Tuesday,47320,16.6
frame,lgw,Year 1, summer 2, Tuesday,47321,16.7
frame,lgw,Year 1, summer 2, Tuesday,47322,16.7
frame,lgw,Year 1, summer 2, Tuesday,47323,16.7
frame,lgw,Year 1, summer 2, Tuesday,47324,16.7
frame,lgw,Year 1, summer 2, Tuesday,47325,16.6
frame,lgw,Year 1, summer 2, Tuesday,47326,16.8
frame,lgw,Year 1, summer 2, Tuesday,47327,16.6
frame,lgw,Year 1, summer 2, Tuesday,47328,16.8
frame,lgw,Year 1, summer 2, Tuesday,47329,16.6
frame,lgw,Year 1, summer 2, Tuesday,47330,16.7
frame,lgw,Year 1, summer 2, Tuesday,47331,16.6
frame,lgw,Year 1, summer 2, Tuesday,47332,16.8
frame,lgw,Year 1, summer 2, Tuesday,47333,16.6
frame,lgw,Year 1, summer 2, Tuesday,47334,16.6
frame,lgw,Year 1, summer 2, Tuesday,47335,16.7
frame,lgw,Year 1, summer 2, Tuesday,47336,16.7
frame,lgw,Year 1, summer 2, Tuesday,47337,16.8
frame,lgw,Year 1, summer 2, Tuesday,47338,16.6
frame,lgw,Year 1, summer 2, Tuesday,47339,16.7
frame,lgw,Year 1, summer 2, Tuesday,47340,16.6
frame,lgw,Year 1, summer 2, Tuesday,47341,16.7
frame,lgw,Year 1, summer 2, Tuesday,47342,16.6
frame,lgw,Year 1, summer 2, Tuesday,47343,17.6
frame,lgw,Year 1, summer 2, Tuesday,47344,15.9
frame,lgw,Year 1, summer 2, Tuesday,47345,16.5
frame,lgw,Year 1, summer 2, Tuesday,47346,16.7
frame,lgw,Year 1, summer 2, Tuesday,47347,16.7
frame,lgw,Year 1, summer 2, Tuesday,47348,16.7
frame,lgw,Year 1, summer 2, Tuesday,47349,16.7
frame,lgw,Year 1, summer 2, Tuesday,47350,16.7
frame,lgw,Year 1, summer 2, Tuesday,47351,16.7
frame,lgw,Year 1, summer 2, Tuesday,47352,16.6
frame,lgw,Year 1, summer 2, Tuesday,47353,16.6
frame,lgw,Year 1, summer 2, Tuesday,47354,16.7
frame,lgw,Year 1, summer 2, Tuesday,47355,16.6
frame,lgw,Year 1, summer 2, Tuesday,47356,16.7
frame,lgw,Year 1, summer 2, Tuesday,47357,16.7
frame,lgw,Year 1, summer 2, Tuesday,47358,16.8
frame,lgw,Year 1, summer 2, Tuesday,47359,16.6
frame,lgw,Year 1, summer 2, Tuesday,47360,16.7
frame,lgw,Year 1, summer 2, Tuesday,47361,16.6
frame,lgw,Year 1, summer 2, Tuesday,47362,16.7
frame,lgw,Year 1, summer 2, Tuesday,47363,16.6
frame,lgw,Year 1, summer 2, Tuesday,47364,16.7
frame,lgw,Year 1, summer 2, Tuesday,47365,16.7
frame,lgw,Year 1, summer 2, Tuesday,47366,16.7
frame,lgw,Year 1, summer 2, Tuesday,47367,16.6
frame,lgw,Year 1, summer 2, Tuesday,47368,16.9
frame,lgw,Year 1, summer 2, Tuesday,47369,16.4
frame,lgw,Year 1, summer 2, Tuesday,47370,16.9
frame,lgw,Year 1, summer 2, Tuesday,47371,16.5
frame,lgw,Year 1, summer 2, Tuesday,47372,16.9
frame,lgw,Year 1, summer 2, Tuesday,47373,16.5
frame,lgw,Year 1, summer 2, Tuesday,47374,16.6
frame,lgw,Year 1, summer 2, Tuesday,47375,16.7
frame,lgw,Year 1, summer 2, Tuesday,47376,16.7
frame,lgw,Year 1, summer 2, Tuesday,47377,16.7
frame,lgw,Year 1, summer 2, Tuesday,47378,16.8
frame,lgw,Year 1, summer 2, Tuesday,47379,16.5
frame,lgw,Year 1, summer 2, Tuesday,47380,16.8
frame,lgw,Year 1, summer 2, Tuesday,47381,16.5
frame,lgw,Year 1, summer 2, Tuesday,47382,16.7
frame,lgw,Year 1, summer 2, Tuesday,47383,16.7
frame,lgw,Year 1, summer 2, Tuesday,47384,16.8
frame,lgw,Year 1, summer 2, Tuesday,47385,16.6
frame,lgw,Year 1, summer 2, Tuesday,47386,16.6
frame,lgw,Year 1, summer 2, Tuesday,47387,16.7
frame,lgw,Year 1, summer 2, Tuesday,47388,16.7
frame,lgw,Year 1, summer 2, Tuesday,47389,16.8
frame,lgw,Year 1, summer 2, Tuesday,47390,16.7
frame,lgw,Year 1, summer 2, Tuesday,47391,16.5
frame,lgw,Year 1, summer 2, Tuesday,47392,16.6
frame,lgw,Year 1, summer 2, Tuesday,47393,16.7
frame,lgw,Year 1, summer 2, Tuesday,47394,16.7
frame,lgw,Year 1, summer 2, Tuesday,47395,16.6
frame,lgw,Year 1, summer 2, Tuesday,47396,16.7
frame,lgw,Year 1, summer 2, Tuesday,47397,16.7
frame,lgw,Year 1, summer 2, Tuesday,47398,16.6
frame,lgw,Year 1, summer 2, Tuesday,47399,16.7
frame,lgw,Year 1, summer 2, Tuesday,47400,16.7
frame,lgw,Year 1, summer 2, Tuesday,47401,16.7
frame,lgw,Year 1, summer 2, Tuesday,47402,16.7
frame,lgw,Year 1, summer 2, Tuesday,47403,16.7
frame,lgw,Year 1, summer 2, Tuesday,47404,16.6
frame,lgw,Year 1, summer 2, Tuesday,47405,16.7
frame,lgw,Year 1, summer 2, Tuesday,47406,16.6
frame,lgw,Year 1, summer 2, Tuesday,47407,16.7
frame,lgw,Year 1, summer 2, Tuesday,47408,16.6
frame,lgw,Year 1, summer 2, Tuesday,47409,16.7
frame,lgw,Year 1, summer 2, Tuesday,47410,16.7
frame,lgw,Year 1, summer 2, Tuesday,47411,16.6
frame,lgw,Year 1, summer 2, Tuesday,47412,16.7
frame,lgw,Year 1, summer 2, Tuesday,47413,16.6
frame,lgw,Year 1, summer 2, Tuesday,47414,16.6
frame,lgw,Year 1, summer 2, Tuesday,47415,16.7
frame,lgw,Year 1, summer 2, Tuesday,47416,16.7
frame,lgw,Year 1, summer 2, Tuesday,47417,16.7
frame,lgw,Year 1, summer 2, Tuesday,47418,16.8
frame,lgw,Year 1, summer 2, Tuesday,47419,16.6
frame,lgw,Year 1, summer 2, Tuesday,47420,16.6
frame,lgw,Year 1, summer 2, Tuesday,47421,16.7
frame,lgw,Year 1, summer 2, Tuesday,47422,16.6
frame,lgw,Year 1, summer 2, Tuesday,47423,16.7
frame,lgw,Year 1, summer 2, Tuesday,47424,16.7
frame,lgw,Year 1, summer 2, Tuesday,47425,17.1
frame,lgw,Year 1, summer 2, Tuesday,47426,16.5
frame,lgw,Year 1, summer 2, Tuesday,47427,16.5
frame,lgw,Year 1, summer 2, Tuesday,47428,16.7
frame,lgw,Year 1, summer 2, Tuesday,47429,16.6
frame,lgw,Year 1, summer 2, Tuesday,47430,16.7
frame,lgw,Year 1, summer 2, Tuesday,47431,16.7
frame,lgw,Year 1, summer 2, Tuesday,47432,16.6
frame,lgw,Year 1, summer 2, Tuesday,47433,16.7
frame,lgw,Year 1, summer 2, Tuesday,47434,16.7
frame,lgw,Year 1, summer 2, Tuesday,47435,16.7
frame,lgw,Year 1, summer 2, Tuesday,47436,16.8
frame,lgw,Year 1, summer 2, Tuesday,47437,16.6
frame,lgw,Year 1, summer 2, Tuesday,47438,16.6
frame,lgw,Year 1, summer 2, Tuesday,47439,16.7
frame,lgw,Year 1, summer 2, Tuesday,47440,16.6
frame,lgw,Year 1, summer 2, Tuesday,47441,16.8
frame,lgw,Year 1, summer 2, Tuesday,47442,16.6
frame,lgw,Year 1, summer 2, Tuesday,47443,16.6
frame,lgw,Year 1, summer 2, Tuesday,47444,16.7
frame,lgw,Year 1, summer 2, Tuesday,47445,16.8
frame,lgw,Year 1, summer 2, Tuesday,47446,16.5
frame,lgw,Year 1, summer 2, Tuesday,47447,16.6
frame,lgw,Year 1, summer 2, Tuesday,47448,16.7
frame,lgw,Year 1, summer 2, Tuesday,47449,16.8
frame,lgw,Year 1, summer 2, Tuesday,47450,16.7
frame,lgw,Year 1, summer 2, Tuesday,47451,16.6
frame,lgw,Year 1, summer 2, Tuesday,47452,16.7
frame,lgw,Year 1, summer 2, Tuesday,47453,16.6
frame,lgw,Year 1, summer 2, Tuesday,47454,16.6
frame,lgw,Year 1, summer 2, Tuesday,47455,16.7
frame,lgw,Year 1, summer 2, Tuesday,47456,16.7
frame,lgw,Year 1, summer 2, Tuesday,47457,16.7
frame,lgw,Year 1, summer 2, Tuesday,47458,16.7
frame,lgw,Year 1, summer 2, Tuesday,47459,16.6
frame,lgw,Year 1, summer 2, Tuesday,47460,16.7
frame,lgw,Year 1, summer 2, Tuesday,47461,16.6
frame,lgw,Year 1, summer 2, Tuesday,47462,16.8
frame,lgw,Year 1, summer 2, Tuesday,47463,16.6
frame,lgw,Year 1, summer 2, Tuesday,47464,16.7
frame,lgw,Year 1, summer 2, Tuesday,47465,16.7
frame,lgw,Year 1, summer 2, Tuesday,47466,16.6
frame,lgw,Year 1, summer 2, Tuesday,47467,16.7
frame,lgw,Year 1, summer 2, Tuesday,47468,16.7
frame,lgw,Year 1, summer 2, Tuesday,47469,16.9
frame,lgw,Year 1, summer 2, Tuesday,47470,16.4
frame,lgw,Year 1, summer 2, Tuesday,47471,16.7
frame,lgw,Year 1, summer 2, Tuesday,47472,16.7
frame,lgw,Year 1, summer 2, Tuesday,47473,16.7
frame,lgw,Year 1, summer 2, Tuesday,47474,16.7
frame,lgw,Year 1, summer 2, Tuesday,47475,16.6
frame,lgw,Year 1, summer 2, Tuesday,47476,16.7
frame,lgw,Year 1, summer 2, Tuesday,47477,16.6
frame,lgw,Year 1, summer 2, Tuesday,47478,16.6
frame,lgw,Year 1, summer 2, Tuesday,47479,16.9
frame,lgw,Year 1, summer 2, Tuesday,47480,18.1
frame,lgw,Year 1, summer 2, Tuesday,47481,15.2
frame,lgw,Year 1, summer 2, Tuesday,47482,16.6
frame,lgw,Year 1, summer 2, Tuesday,47483,16.6
frame,lgw,Year 1, summer 2, Tuesday,47484,16.7
frame,lgw,Year 1, summer 2, Tuesday,47485,16.7
frame,lgw,Year 1, summer 2, Tuesday,47486,16.6
frame,lgw,Year 1, summer 2, Tuesday,47487,16.7
frame,lgw,Year 1, summer 2, Tuesday,47488,16.8
frame,lgw,Year 1, summer 2, Tuesday,47489,16.6
frame,lgw,Year 1, summer 2, Tuesday,47490,16.6
frame,lgw,Year 1, summer 2, Tuesday,47491,16.7
frame,lgw,Year 1, summer 2, Tuesday,47492,16.6
frame,lgw,Year 1, summer 2, Tuesday,47493,16.7
frame,lgw,Year 1, summer 2, Tuesday,47494,16.7
frame,lgw,Year 1, summer 2, Tuesday,47495,16.7
frame,lgw,Year 1, summer 2, Tuesday,47496,16.6
frame,lgw,Year 1, summer 2, Tuesday,47497,16.7
frame,lgw,Year 1, summer 2, Tuesday,47498,16.8
frame,lgw,Year 1, summer 2, Tuesday,47499,16.5
frame,lgw,Year 1, summer 2, Tuesday,47500,16.7
frame,lgw,Year 1, summer 2, Tuesday,47501,16.7
frame,lgw,Year 1, summer 2, Tuesday,47502,16.6
frame,lgw,Year 1, summer 2, Tuesday,47503,16.7
frame,lgw,Year 1, summer 2, Tuesday,47504,16.7
frame,lgw,Year 1, summer 2, Tuesday,47505,16.7
frame,lgw,Year 1, summer 2, Tuesday,47506,16.8
frame,lgw,Year 1, summer 2, Tuesday,47507,16.6
frame,lgw,Year 1, summer 2, Tuesday,47508,16.8
frame,lgw,Year 1, summer 2, Tuesday,47509,16.5
frame,lgw,Year 1, summer 2, Tuesday,47510,16.8
frame,lgw,Year 1, summer 2, Tuesday,47511,16.6
frame,lgw,Year 1, summer 2, Tuesday,47512,16.7
frame,lgw,Year 1, summer 2, Tuesday,47513,16.7
frame,lgw,Year 1, summer 2, Tuesday,47514,16.8
frame,lgw,Year 1, summer 2, Tuesday,47515,16.6
frame,lgw,Year 1, summer 2, Tuesday,47516,16.6
frame,lgw,Year 1, summer 2, Tuesday,47517,16.7
frame,lgw,Year 1, summer 2, Tuesday,47518,16.6
frame,lgw,Year 1, summer 2, Tuesday,47519,16.9
frame,lgw,Year 1, summer 2, Tuesday,47520,16.5
frame,lgw,Year 1, summer 2, Tuesday,47521,16.6
frame,lgw,Year 1, summer 2, Tuesday,47522,16.7
frame,lgw,Year 1, summer 2, Tuesday,47523,16.6
frame,lgw,Year 1, summer 2, Tuesday,47524,16.6
frame,lgw,Year 1, summer 2, Tuesday,47525,16.7
frame,lgw,Year 1, summer 2, Tuesday,47526,16.7
frame,lgw,Year 1, summer 2, Tuesday,47527,16.7
frame,lgw,Year 1, summer 2, Tuesday,47528,16.6
frame,lgw,Year 1, summer 2, Tuesday,47529,16.7
frame,lgw,Year 1, summer 2, Tuesday,47530,16.7
frame,lgw,Year 1, summer 2, Tuesday,47531,16.6
frame,lgw,Year 1, summer 2, Tuesday,47532,16.8
frame,lgw,Year 1, summer 2, Tuesday,47533,16.5
frame,lgw,Year 1, summer 2, Tuesday,47534,16.6
frame,lgw,Year 1, summer 2, Tuesday,47535,16.7
frame,lgw,Year 1, summer 2, Tuesday,47536,16.7
frame,lgw,Year 1, summer 2, Tuesday,47537,16.7
frame,lgw,Year 1, summer 2, Tuesday,47538,16.7
frame,lgw,Year 1, summer 2, Tuesday,47539,16.7
frame,lgw,Year 1, summer 2, Tuesday,47540,16.6
frame,lgw,Year 1, summer 2, Tuesday,47541,16.6
frame,lgw,Year 1, summer 2, Tuesday,47542,16.6
frame,lgw,Year 1, summer 2, Tuesday,47543,16.7
frame,lgw,Year 1, summer 2, Tuesday,47544,16.9
frame,lgw,Year 1, summer 2, Tuesday,47545,16.4
frame,lgw,Year 1, summer 2, Tuesday,47546,17.0
frame,lgw,Year 1, summer 2, Tuesday,47547,16.4
frame,lgw,Year 1, summer 2, Tuesday,47548,16.6
frame,lgw,Year 1, summer 2, Tuesday,47549,16.7
frame,lgw,Year 1, summer 2, Tuesday,47550,16.7
frame,lgw,Year 1, summer 2, Tuesday,47551,16.6
frame,lgw,Year 1, summer 2, Tuesday,47552,16.7
frame,lgw,Year 1, summer 2, Tuesday,47553,16.7
frame,lgw,Year 1, summer 2, Tuesday,47554,16.7
frame,lgw,Year 1, summer 2, Tuesday,47555,16.6
frame,lgw,Year 1, summer 2, Tuesday,47556,16.7
frame,lgw,Year 1, summer 2, Tuesday,47557,16.6
frame,lgw,Year 1, summer 2, Tuesday,47558,16.8
frame,lgw,Year 1, summer 2, Tuesday,47559,16.6
frame,lgw,Year 1, summer 2, Tuesday,47560,16.6
frame,lgw,Year 1, summer 2, Tuesday,47561,16.7
frame,lgw,Year 1, summer 2, Tuesday,47562,16.6
frame,lgw,Year 1, summer 2, Tuesday,47563,16.7
frame,lgw,Year 1, summer 2, Tuesday,47564,16.7
frame,lgw,Year 1, summer 2, Tuesday,47565,17.6
frame,lgw,Year 1, summer 2, Tuesday,47566,15.9
frame,lgw,Year 1, summer 2, Tuesday,47567,16.6
frame,lgw,Year 1, summer 2, Tuesday,47568,16.6
frame,lgw,Year 1, summer 2, Tuesday,47569,16.6
frame,lgw,Year 1, summer 2, Tuesday,47570,16.7
frame,lgw,Year 1, summer 2, Tuesday,47571,16.7
frame,lgw,Year 1, summer 2, Tuesday,47572,16.7
frame,lgw,Year 1, summer 2, Tuesday,47573,16.6
frame,lgw,Year 1, summer 2, Tuesday,47574,16.7
frame,lgw,Year 1, summer 2, Tuesday,47575,16.7
frame,lgw,Year 1, summer 2, Tuesday,47576,16.6
frame,lgw,Year 1, summer 2, Tuesday,47577,16.6
frame,lgw,Year 1, summer 2, Tuesday,47578,16.7
frame,lgw,Year 1, summer 2, Tuesday,47579,16.7
frame,lgw,Year 1, summer 2, Tuesday,47580,16.6
frame,lgw,Year 1, summer 2, Tuesday,47581,16.7
frame,lgw,Year 1, summer 2, Tuesday,47582,16.6
frame,lgw,Year 1, summer 2, Tuesday,47583,16.7
frame,lgw,Year 1, summer 2, Tuesday,47584,16.7
frame,lgw,Year 1, summer 2, Tuesday,47585,16.8
frame,lgw,Year 1, summer 2, Tuesday,47586,16.6
frame,lgw,Year 1, summer 2, Tuesday,47587,16.6
frame,lgw,Year 1, summer 2, Tuesday,47588,16.7
frame,lgw,Year 1, summer 2, Tuesday,47589,16.7
frame,lgw,Year 1, summer 2, Tuesday,47590,16.7
frame,lgw,Year 1, summer 2, Tuesday,47591,16.7
frame,lgw,Year 1, summer 2, Tuesday,47592,16.7
frame,lgw,Year 1, summer 2, Tuesday,47593,16.6
frame,lgw,Year 1, summer 2, Tuesday,47594,16.6
frame,lgw,Year 1, summer 2, Tuesday,47595,16.7
frame,lgw,Year 1, summer 2, Tuesday,47596,16.7
frame,lgw,Year 1, summer 2, Tuesday,47597,16.7
frame,lgw,Year 1, summer 2, Tuesday,47598,17.1
frame,lgw,Year 1, summer 2, Tuesday,47599,16.4
frame,lgw,Year 1, summer 2, Tuesday,47600,16.6
frame,lgw,Year 1, summer 2, Tuesday,47601,16.6
frame,lgw,Year 1, summer 2, Tuesday,47602,16.7
frame,lgw,Year 1, summer 2, Tuesday,47603,16.5
frame,lgw,Year 1, summer 2, Tuesday,47604,16.6
frame,lgw,Year 1, summer 2, Tuesday,47605,16.7
frame,lgw,Year 1, summer 2, Tuesday,47606,16.6
frame,lgw,Year 1, summer 2, Tuesday,47607,16.7
frame,lgw,Year 1, summer 2, Tuesday,47608,16.7
frame,lgw,Year 1, summer 2, Tuesday,47609,16.7
frame,lgw,Year 1, summer 2, Tuesday,47610,16.7
frame,lgw,Year 1, summer 2, Tuesday,47611,16.7
frame,lgw,Year 1, summer 2, Tuesday,47612,16.7
frame,lgw,Year 1, summer 2, Tuesday,47613,16.7
frame,lgw,Year 1, summer 2, Tuesday,47614,16.6
frame,lgw,Year 1, summer 2, Tuesday,47615,16.7
frame,lgw,Year 1, summer 2, Tuesday,47616,16.6
frame,lgw,Year 1, summer 2, Tuesday,47617,16.7
frame,lgw,Year 1, summer 2, Tuesday,47618,16.8
frame,lgw,Year 1, summer 2, Tuesday,47619,16.6
frame,lgw,Year 1, summer 2, Tuesday,47620,16.6
frame,lgw,Year 1, summer 2, Tuesday,47621,17.2
frame,lgw,Year 1, summer 2, Tuesday,47622,16.2
frame,lgw,Year 1, summer 2, Tuesday,47623,16.7
frame,lgw,Year 1, summer 2, Tuesday,47624,16.7
frame,lgw,Year 1, summer 2, Tuesday,47625,16.6
frame,lgw,Year 1, summer 2, Tuesday,47626,16.7
frame,lgw,Year 1, summer 2, Tuesday,47627,16.7
frame,lgw,Year 1, summer 2, Tuesday,47628,16.7
frame,lgw,Year 1, summer 2, Tuesday,47629,16.6
frame,lgw,Year 1, summer 2, Tuesday,47630,16.8
frame,lgw,Year 1, summer 2, Tuesday,47631,16.6
frame,lgw,Year 1, summer 2, Tuesday,47632,16.6
frame,lgw,Year 1, summer 2, Tuesday,47633,16.6
frame,lgw,Year 1, summer 2, Tuesday,47634,16.7
frame,lgw,Year 1, summer 2, Tuesday,47635,16.8
frame,lgw,Year 1, summer 2, Tuesday,47636,16.6
frame,lgw,Year 1, summer 2, Tuesday,47637,16.6
frame,lgw,Year 1, summer 2, Tuesday,47638,16.7
frame,lgw,Year 1, summer 2, Tuesday,47639,16.7
frame,lgw,Year 1, summer 2, Tuesday,47640,16.7
frame,lgw,Year 1, summer 2, Tuesday,47641,16.8
frame,lgw,Year 1, summer 2, Tuesday,47642,16.6
frame,lgw,Year 1, summer 2, Tuesday,47643,17.1
frame,lgw,Year 1, summer 2, Tuesday,47644,16.2
frame,lgw,Year 1, summer 2, Tuesday,47645,16.6
frame,lgw,Year 1, summer 2, Tuesday,47646,16.6
frame,lgw,Year 1, summer 2, Tuesday,47647,17.0
frame,lgw,Year 1, summer 2, Tuesday,47648,16.3
frame,lgw,Year 1, summer 2, Tuesday,47649,16.7
frame,lgw,Year 1, summer 2, Tuesday,47650,16.9
frame,lgw,Year 1, summer 2, Tuesday,47651,16.5
frame,lgw,Year 1, summer 2, Tuesday,47652,16.7
frame,lgw,Year 1, summer 2, Tuesday,47653,16.6
frame,lgw,Year 1, summer 2, Tuesday,47654,16.7
frame,lgw,Year 1, summer 2, Tuesday,47655,16.8
frame,lgw,Year 1, summer 2, Tuesday,47656,16.5
frame,lgw,Year 1, summer 2, Tuesday,47657,16.7
frame,lgw,Year 1, summer 2, Tuesday,47658,16.7
frame,lgw,Year 1, summer 2, Tuesday,47659,16.6
frame,lgw,Year 1, summer 2, Tuesday,47660,16.8
frame,lgw,Year 1, summer 2, Tuesday,47661,16.7
frame,lgw,Year 1, summer 2, Tuesday,47662,16.6
frame,lgw,Year 1, summer 2, Tuesday,47663,16.7
frame,lgw,Year 1, summer 2, Tuesday,47664,16.7
frame,lgw,Year 1, summer 2, Tuesday,47665,16.7
frame,lgw,Year 1, summer 2, Tuesday,47666,16.6
frame,lgw,Year 1, summer 2, Tuesday,47667,16.8
frame,lgw,Year 1, summer 2, Tuesday,47668,16.6
frame,lgw,Year 1, summer 2, Tuesday,47669,16.7
frame,lgw,Year 1, summer 2, Tuesday,47670,16.8
frame,lgw,Year 1, summer 2, Tuesday,47671,16.6
frame,lgw,Year 1, summer 2, Tuesday,47672,16.6
frame,lgw,Year 1, summer 2, Tuesday,47673,16.7
frame,lgw,Year 1, summer 2, Tuesday,47674,16.7
frame,lgw,Year 1, summer 2, Tuesday,47675,16.6
frame,lgw,Year 1, summer 2, Tuesday,47676,16.7
frame,lgw,Year 1, summer 2, Tuesday,47677,16.7
frame,lgw,Year 1, summer 2, Tuesday,47678,16.6
frame,lgw,Year 1, summer 2, Tuesday,47679,16.9
frame,lgw,Year 1, summer 2, Tuesday,47680,16.5
frame,lgw,Year 1, summer 2, Tuesday,47681,16.6
frame,lgw,Year 1, summer 2, Tuesday,47682,16.7
frame,lgw,Year 1, summer 2, Tuesday,47683,16.6
frame,lgw,Year 1, summer 2, Tuesday,47684,16.7
frame,lgw,Year 1, summer 2, Tuesday,47685,16.7
frame,lgw,Year 1, summer 2, Tuesday,47686,16.7
frame,lgw,Year 1, summer 2, Tuesday,47687,16.7
frame,lgw,Year 1, summer 2, Tuesday,47688,16.6
frame,lgw,Year 1, summer 2, Tuesday,47689,16.7
frame,lgw,Year 1, summer 2, Tuesday,47690,16.7
frame,lgw,Year 1, summer 2, Tuesday,47691,17.7
frame,lgw,Year 1, summer 2, Tuesday,47692,15.8
frame,lgw,Year 1, summer 2, Tuesday,47693,16.6
frame,lgw,Year 1, summer 2, Tuesday,47694,16.6
frame,lgw,Year 1, summer 2, Tuesday,47695,16.6
frame,lgw,Year 1, summer 2, Tuesday,47696,16.7
frame,lgw,Year 1, summer 2, Tuesday,47697,16.7
frame,lgw,Year 1, summer 2, Tuesday,47698,16.7
frame,lgw,Year 1, summer 2, Tuesday,47699,16.6
frame,lgw,Year 1, summer 2, Tuesday,47700,16.7
frame,lgw,Year 1, summer 2, Tuesday,47701,16.7
frame,lgw,Year 1, summer 2, Tuesday,47702,16.7
frame,lgw,Year 1, summer 2, Tuesday,47703,16.7
frame,lgw,Year 1, summer 2, Tuesday,47704,16.7
frame,lgw,Year 1, summer 2, Tuesday,47705,16.9
frame,lgw,Year 1, summer 2, Tuesday,47706,18.1
frame,lgw,Year 1, summer 2, Tuesday,47707,15.0
frame,lgw,Year 1, summer 2, Tuesday,47708,16.6
frame,lgw,Year 1, summer 2, Tuesday,47709,16.6
frame,lgw,Year 1, summer 2, Tuesday,47710,16.7
frame,lgw,Year 1, summer 2, Tuesday,47711,16.7
frame,lgw,Year 1, summer 2, Tuesday,47712,16.7
frame,lgw,Year 1, summer 2, Tuesday,47713,16.7
frame,lgw,Year 1, summer 2, Tuesday,47714,16.7
frame,lgw,Year 1, summer 2, Tuesday,47715,16.7
frame,lgw,Year 1, summer 2, Tuesday,47716,16.6
frame,lgw,Year 1, summer 2, Tuesday,47717,16.8
frame,lgw,Year 1, summer 2, Tuesday,47718,16.6
frame,lgw,Year 1, summer 2, Tuesday,47719,16.6
frame,lgw,Year 1, summer 2, Tuesday,47720,16.7
frame,lgw,Year 1, summer 2, Tuesday,47721,16.7
frame,lgw,Year 1, summer 2, Tuesday,47722,16.7
frame,lgw,Year 1, summer 2, Tuesday,47723,16.6
frame,lgw,Year 1, summer 2, Tuesday,47724,16.6
frame,lgw,Year 1, summer 2, Tuesday,47725,16.7
frame,lgw,Year 1, summer 2, Tuesday,47726,16.7
frame,lgw,Year 1, summer 2, Tuesday,47727,16.8
frame,lgw,Year 1, summer 2, Tuesday,47728,16.7
frame,lgw,Year 1, summer 2, Tuesday,47729,16.6
frame,lgw,Year 1, summer 2, Tuesday,47730,16.6
frame,lgw,Year 1, summer 2, Tuesday,47731,16.6
frame,lgw,Year 1, summer 2, Tuesday,47732,16.7
frame,lgw,Year 1, summer 2, Tuesday,47733,16.7
frame,lgw,Year 1, summer 2, Tuesday,47734,16.7
frame,lgw,Year 1, summer 2, Tuesday,47735,16.7
frame,lgw,Year 1, summer 2, Tuesday,47736,16.7
frame,lgw,Year 1, summer 2, Tuesday,47737,16.7
frame,lgw,Year 1, summer 2, Tuesday,47738,16.7
frame,lgw,Year 1, summer 2, Tuesday,47739,16.6
frame,lgw,Year 1, summer 2, Tuesday,47740,16.6
frame,lgw,Year 1, summer 2, Tuesday,47741,16.6
frame,lgw,Year 1, summer 2, Tuesday,47742,16.7
frame,lgw,Year 1, summer 2, Tuesday,47743,17.2
frame,lgw,Year 1, summer 2, Tuesday,47744,16.1
frame,lgw,Year 1, summer 2, Tuesday,47745,16.7
frame,lgw,Year 1, summer 2, Tuesday,47746,16.6
frame,lgw,Year 1, summer 2, Tuesday,47747,16.7
frame,lgw,Year 1, summer 2, Tuesday,47748,16.8
frame,lgw,Year 1, summer 2, Tuesday,47749,16.6
frame,lgw,Year 1, summer 2, Tuesday,47750,16.7
frame,lgw,Year 1, summer 2, Tuesday,47751,16.6
frame,lgw,Year 1, summer 2, Tuesday,47752,16.7
frame,lgw,Year 1, summer 2, Tuesday,47753,16.7
frame,lgw,Year 1, summer 2, Tuesday,47754,16.6
frame,lgw,Year 1, summer 2, Tuesday,47755,16.6
frame,lgw,Year 1, summer 2, Tuesday,47756,16.9
frame,lgw,Year 1, summer 2, Tuesday,47757,16.6
frame,lgw,Year 1, summer 2, Tuesday,47758,16.5
frame,lgw,Year 1, summer 2, Tuesday,47759,16.7
frame,lgw,Year 1, summer 2, Tuesday,47760,16.6
frame,lgw,Year 1, summer 2, Tuesday,47761,16.7
frame,lgw,Year 1, summer 2, Tuesday,47762,16.6
frame,lgw,Year 1, summer 2, Tuesday,47763,16.7
frame,lgw,Year 1, summer 2, Tuesday,47764,16.7
frame,lgw,Year 1, summer 2, Tuesday,47765,16.7
frame,lgw,Year 1, summer 2, Tuesday,47766,16.6
frame,lgw,Year 1, summer 2, Tuesday,47767,16.6
frame,lgw,Year 1, summer 2, Tuesday,47768,16.7
frame,lgw,Year 1, summer 2, Tuesday,47769,16.7
frame,lgw,Year 1, summer 2, Tuesday,47770,16.7
frame,lgw,Year 1, summer 2, Tuesday,47771,16.6
frame,lgw,Year 1, summer 2, Tuesday,47772,16.6
frame,lgw,Year 1, summer 2, Tuesday,47773,16.7
frame,lgw,Year 1, summer 2, Tuesday,47774,16.7
frame,lgw,Year 1, summer 2, Tuesday,47775,16.7
frame,lgw,Year 1, summer 2, Tuesday,47776,16.6
frame,lgw,Year 1, summer 2, Tuesday,47777,16.7
frame,lgw,Year 1, summer 2, Tuesday,47778,16.6
frame,lgw,Year 1, summer 2, Tuesday,47779,16.7
frame,lgw,Year 1, summer 2, Tuesday,47780,16.6
frame,lgw,Year 1, summer 2, Tuesday,47781,16.8
frame,lgw,Year 1, summer 2, Tuesday,47782,16.7
frame,lgw,Year 1, summer 2, Tuesday,47783,16.8
frame,lgw,Year 1, summer 2, Tuesday,47784,16.6
frame,lgw,Year 1, summer 2, Tuesday,47785,16.5
frame,lgw,Year 1, summer 2, Tuesday,47786,16.7
frame,lgw,Year 1, summer 2, Tuesday,47787,16.5
frame,lgw,Year 1, summer 2, Tuesday,47788,16.7
frame,lgw,Year 1, summer 2, Tuesday,47789,16.7
frame,lgw,Year 1, summer 2, Tuesday,47790,16.6
frame,lgw,Year 1, summer 2, Tuesday,47791,16.7
frame,lgw,Year 1, summer 2, Tuesday,47792,16.7
frame,lgw,Year 1, summer 2, Tuesday,47793,16.7
frame,lgw,Year 1, summer 2, Tuesday,47794,16.7
frame,lgw,Year 1, summer 2, Tuesday,47795,16.7
frame,lgw,Year 1, summer 2, Tuesday,47796,17.7
frame,lgw,Year 1, summer 2, Tuesday,47797,15.7
frame,lgw,Year 1, summer 2, Tuesday,47798,16.6
frame,lgw,Year 1, summer 2, Tuesday,47799,16.8
frame,lgw,Year 1, summer 2, Tuesday,47800,16.6
frame,lgw,Year 1, summer 2, Tuesday,47801,16.7
frame,lgw,Year 1, summer 2, Tuesday,47802,16.6
frame,lgw,Year 1, summer 2, Tuesday,47803,16.6
frame,lgw,Year 1, summer 2, Tuesday,47804,16.6
frame,lgw,Year 1, summer 2, Tuesday,47805,16.7
frame,lgw,Year 1, summer 2, Tuesday,47806,16.7
frame,lgw,Year 1, summer 2, Tuesday,47807,16.7
frame,lgw,Year 1, summer 2, Tuesday,47808,16.6
frame,lgw,Year 1, summer 2, Tuesday,47809,16.8
frame,lgw,Year 1, summer 2, Tuesday,47810,16.7
frame,lgw,Year 1, summer 2, Tuesday,47811,16.6
frame,lgw,Year 1, summer 2, Tuesday,47812,16.6
frame,lgw,Year 1, summer 2, Tuesday,47813,16.7
frame,lgw,Year 1, summer 2, Tuesday,47814,16.7
frame,lgw,Year 1, summer 2, Tuesday,47815,16.5
frame,lgw,Year 1, summer 2, Tuesday,47816,16.7
frame,lgw,Year 1, summer 2, Tuesday,47817,16.7
frame,lgw,Year 1, summer 2, Tuesday,47818,16.7
frame,lgw,Year 1, summer 2, Tuesday,47819,16.6
frame,lgw,Year 1, summer 2, Tuesday,47820,16.6
frame,lgw,Year 1, summer 2, Tuesday,47821,16.7
frame,lgw,Year 1, summer 2, Tuesday,47822,16.7
frame,lgw,Year 1, summer 2, Tuesday,47823,16.7
frame,lgw,Year 1, summer 2, Tuesday,47824,16.6
frame,lgw,Year 1, summer 2, Tuesday,47825,16.7
frame,lgw,Year 1, summer 2, Tuesday,47826,16.7
frame,lgw,Year 1, summer 2, Tuesday,47827,16.7
frame,lgw,Year 1, summer 2, Tuesday,47828,16.6
frame,lgw,Year 1, summer 2, Tuesday,47829,16.7
frame,lgw,Year 1, summer 2, Tuesday,47830,16.6
frame,lgw,Year 1, summer 2, Tuesday,47831,16.7
frame,lgw,Year 1, summer 2, Tuesday,47832,16.7
frame,lgw,Year 1, summer 2, Tuesday,47833,16.6
frame,lgw,Year 1, summer 2, Tuesday,47834,16.7
frame,lgw,Year 1, summer 2, Tuesday,47835,17.2
frame,lgw,Year 1, summer 2, Tuesday,47836,16.2
frame,lgw,Year 1, summer 2, Tuesday,47837,16.6
frame,lgw,Year 1, summer 2, Tuesday,47838,16.6
frame,lgw,Year 1, summer 2, Tuesday,47839,16.7
frame,lgw,Year 1, summer 2, Tuesday,47840,16.7
frame,lgw,Year 1, summer 2, Tuesday,47841,16.7
frame,lgw,Year 1, summer 2, Tuesday,47842,16.7
frame,lgw,Year 1, summer 2, Tuesday,47843,16.6
frame,lgw,Year 1, summer 2, Tuesday,47844,16.7
frame,lgw,Year 1, summer 2, Tuesday,47845,16.6
frame,lgw,Year 1, summer 2, Tuesday,47846,16.7
frame,lgw,Year 1, summer 2, Tuesday,47847,16.7
frame,lgw,Year 1, summer 2, Tuesday,47848,16.7
frame,lgw,Year 1, summer 2, Tuesday,47849,16.6
frame,lgw,Year 1, summer 2, Tuesday,47850,16.6
frame,lgw,Year 1, summer 2, Tuesday,47851,16.7
frame,lgw,Year 1, summer 2, Tuesday,47852,16.7
frame,lgw,Year 1, summer 2, Tuesday,47853,16.7
frame,lgw,Year 1, summer 2, Tuesday,47854,16.6
frame,lgw,Year 1, summer 2, Tuesday,47855,16.7
frame,lgw,Year 1, summer 2, Tuesday,47856,16.6
frame,lgw,Year 1, summer 2, Tuesday,47857,16.7
frame,lgw,Year 1, summer 2, Tuesday,47858,16.7
frame,lgw,Year 1, summer 2, Tuesday,47859,16.7
frame,lgw,Year 1, summer 2, Tuesday,47860,16.8
frame,lgw,Year 1, summer 2, Tuesday,47861,16.5
frame,lgw,Year 1, summer 2, Tuesday,47862,16.8
frame,lgw,Year 1, summer 2, Tuesday,47863,16.6
frame,lgw,Year 1, summer 2, Tuesday,47864,16.7
frame,lgw,Year 1, summer 2, Tuesday,47865,16.7
frame,lgw,Year 1, summer 2, Tuesday,47866,16.6
frame,lgw,Year 1, summer 2, Tuesday,47867,16.6
frame,lgw,Year 1, summer 2, Tuesday,47868,16.7
frame,lgw,Year 1, summer 2, Tuesday,47869,16.6
frame,lgw,Year 1, summer 2, Tuesday,47870,16.7
frame,lgw,Year 1, summer 2, Tuesday,47871,16.7
frame,lgw,Year 1, summer 2, Tuesday,47872,16.7
frame,lgw,Year 1, summer 2, Tuesday,47873,16.6
frame,lgw,Year 1, summer 2, Tuesday,47874,16.7
frame,lgw,Year 1, summer 2, Tuesday,47875,16.7
frame,lgw,Year 1, summer 2, Tuesday,47876,16.6
frame,lgw,Year 1, summer 2, Tuesday,47877,16.6
frame,lgw,Year 1, summer 2, Tuesday,47878,16.8
frame,lgw,Year 1, summer 2, Tuesday,47879,16.6
frame,lgw,Year 1, summer 2, Tuesday,47880,16.7
frame,lgw,Year 1, summer 2, Tuesday,47881,16.7
frame,lgw,Year 1, summer 2, Tuesday,47882,16.7
frame,lgw,Year 1, summer 2, Tuesday,47883,16.6
frame,lgw,Year 1, summer 2, Tuesday,47884,16.7
frame,lgw,Year 1, summer 2, Tuesday,47885,16.7
frame,lgw,Year 1, summer 2, Tuesday,47886,16.6
frame,lgw,Year 1, summer 2, Tuesday,47887,16.7
frame,lgw,Year 1, summer 2, Tuesday,47888,16.7
frame,lgw,Year 1, summer 2, Tuesday,47889,16.8
frame,lgw,Year 1, summer 2, Tuesday,47890,16.6
frame,lgw,Year 1, summer 2, Tuesday,47891,16.7
frame,lgw,Year 1, summer 2, Tuesday,47892,16.7
frame,lgw,Year 1, summer 2, Tuesday,47893,16.6
frame,lgw,Year 1, summer 2, Tuesday,47894,16.7
frame,lgw,Year 1, summer 2, Tuesday,47895,16.6
frame,lgw,Year 1, summer 2, Tuesday,47896,16.7
frame,lgw,Year 1, summer 2, Tuesday,47897,16.7
frame,lgw,Year 1, summer 2, Tuesday,47898,16.7
frame,lgw,Year 1, summer 2, Tuesday,47899,16.6
frame,lgw,Year 1, summer 2, Tuesday,47900,16.7
frame,lgw,Year 1, summer 2, Tuesday,47901,16.7
frame,lgw,Year 1, summer 2, Tuesday,47902,16.6
frame,lgw,Year 1, summer 2, Tuesday,47903,16.9
frame,lgw,Year 1, summer 2, Tuesday,47904,16.5
frame,lgw,Year 1, summer 2, Tuesday,47905,16.6
frame,lgw,Year 1, summer 2, Tuesday,47906,16.7
frame,lgw,Year 1, summer 2, Tuesday,47907,16.7
frame,lgw,Year 1, summer 2, Tuesday,47908,16.7
frame,lgw,Year 1, summer 2, Tuesday,47909,16.6
frame,lgw,Year 1, summer 2, Tuesday,47910,16.7
frame,lgw,Year 1, summer 2, Tuesday,47911,16.7
frame,lgw,Year 1, summer 2, Tuesday,47912,17.6
frame,lgw,Year 1, summer 2, Tuesday,47913,15.8
frame,lgw,Year 1, summer 2, Tuesday,47914,16.6
frame,lgw,Year 1, summer 2, Tuesday,47915,16.7
frame,lgw,Year 1, summer 2, Tuesday,47916,16.6
frame,lgw,Year 1, summer 2, Tuesday,47917,16.7
frame,lgw,Year 1, summer 2, Tuesday,47918,16.6
frame,lgw,Year 1, summer 2, Tuesday,47919,16.6
frame,lgw,Year 1, summer 2, Tuesday,47920,16.7
frame,lgw,Year 1, summer 2, Tuesday,47921,16.7
frame,lgw,Year 1, summer 2, Tuesday,47922,16.7
frame,lgw,Year 1, summer 2, Tuesday,47923,16.7
frame,lgw,Year 1, summer 2, Tuesday,47924,16.6
frame,lgw,Year 1, summer 2, Tuesday,47925,16.8
frame,lgw,Year 1, summer 2, Tuesday,47926,16.6
frame,lgw,Year 1, summer 2, Tuesday,47927,16.5
frame,lgw,Year 1, summer 2, Tuesday,47928,16.7
frame,lgw,Year 1, summer 2, Tuesday,47929,16.7
frame,lgw,Year 1, summer 2, Tuesday,47930,16.7
frame,lgw,Year 1, summer 2, Tuesday,47931,16.6
frame,lgw,Year 1, summer 2, Tuesday,47932,16.6
frame,lgw,Year 1, summer 2, Tuesday,47933,16.6
frame,lgw,Year 1, summer 2, Tuesday,47934,16.7
frame,lgw,Year 1, summer 2, Tuesday,47935,16.7
frame,lgw,Year 1, summer 2, Tuesday,47936,16.6
frame,lgw,Year 1, summer 2, Tuesday,47937,16.8
frame,lgw,Year 1, summer 2, Tuesday,47938,16.6
frame,lgw,Year 1, summer 2, Tuesday,47939,16.6
frame,lgw,Year 1, summer 2, Tuesday,47940,16.7
frame,lgw,Year 1, summer 2, Tuesday,47941,16.6
frame,lgw,Year 1, summer 2, Tuesday,47942,16.7
frame,lgw,Year 1, summer 2, Tuesday,47943,16.7
frame,lgw,Year 1, summer 2, Tuesday,47944,16.7
frame,lgw,Year 1, summer 2, Tuesday,47945,16.8
frame,lgw,Year 1, summer 2, Tuesday,47946,16.6
frame,lgw,Year 1, summer 2, Tuesday,47947,16.7
frame,lgw,Year 1, summer 2, Tuesday,47948,16.7
frame,lgw,Year 1, summer 2, Tuesday,47949,16.7
frame,lgw,Year 1, summer 2, Tuesday,47950,16.6
frame,lgw,Year 1, summer 2, Tuesday,47951,16.6
frame,lgw,Year 1, summer 2, Tuesday,47952,16.7
frame,lgw,Year 1, summer 2, Tuesday,47953,16.7
frame,lgw,Year 1, summer 2, Tuesday,47954,16.7
frame,lgw,Year 1, summer 2, Tuesday,47955,16.7
frame,lgw,Year 1, summer 2, Tuesday,47956,16.7
frame,lgw,Year 1, summer 2, Tuesday,47957,16.6
frame,lgw,Year 1, summer 2, Tuesday,47958,16.7
frame,lgw,Year 1, summer 2, Tuesday,47959,16.6
frame,lgw,Year 1, summer 2, Tuesday,47960,16.7
frame,lgw,Year 1, summer 2, Tuesday,47961,16.7
frame,lgw,Year 1, summer 2, Tuesday,47962,16.6
frame,lgw,Year 1, summer 2, Tuesday,47963,16.8
frame,lgw,Year 1, summer 2, Tuesday,47964,16.6
frame,lgw,Year 1, summer 2, Tuesday,47965,16.7
frame,lgw,Year 1, summer 2, Tuesday,47966,16.6
frame,lgw,Year 1, summer 2, Tuesday,47967,16.7
frame,lgw,Year 1, summer 2, Tuesday,47968,16.6
frame,lgw,Year 1, summer 2, Tuesday,47969,16.7
frame,lgw,Year 1, summer 2, Tuesday,47970,16.6
frame,lgw,Year 1, summer 2, Tuesday,47971,16.7
frame,lgw,Year 1, summer 2, Tuesday,47972,16.6
frame,lgw,Year 1, summer 2, Tuesday,47973,16.7
frame,lgw,Year 1, summer 2, Tuesday,47974,16.7
frame,lgw,Year 1, summer 2, Tuesday,47975,16.7
frame,lgw,Year 1, summer 2, Tuesday,47976,16.7
frame,lgw,Year 1, summer 2, Tuesday,47977,16.9
frame,lgw,Year 1, summer 2, Tuesday,47978,16.5
frame,lgw,Year 1, summer 2, Tuesday,47979,16.8
frame,lgw,Year 1, summer 2, Tuesday,47980,16.6
frame,lgw,Year 1, summer 2, Tuesday,47981,16.7
frame,lgw,Year 1, summer 2, Tuesday,47982,16.7
frame,lgw,Year 1, summer 2, Tuesday,47983,16.6
frame,lgw,Year 1, summer 2, Tuesday,47984,16.7
frame,lgw,Year 1, summer 2, Tuesday,47985,16.7
frame,lgw,Year 1, summer 2, Tuesday,47986,16.6
frame,lgw,Year 1, summer 2, Tuesday,47987,16.7
frame,lgw,Year 1, summer 2, Tuesday,47988,16.7
frame,lgw,Year 1, summer 2, Tuesday,47989,16.6
frame,lgw,Year 1, summer 2, Tuesday,47990,16.7
frame,lgw,Year 1, summer 2, Tuesday,47991,16.9
frame,lgw,Year 1, summer 2, Tuesday,47992,17.1
frame,lgw,Year 1, summer 2, Tuesday,47993,15.9
frame,lgw,Year 1, summer 2, Tuesday,47994,16.7
frame,lgw,Year 1, summer 2, Tuesday,47995,16.8
frame,lgw,Year 1, summer 2, Tuesday,47996,16.6
frame,lgw,Year 1, summer 2, Tuesday,47997,16.7
frame,lgw,Year 1, summer 2, Tuesday,47998,16.7
frame,lgw,Year 1, summer 2, Tuesday,47999,16.7
frame,lgw,Year 1, summer 2, Tuesday,53120,16.6
frame,lgw,Year 1, summer 2, Tuesday,53121,16.7
frame,lgw,Year 1, summer 2, Tuesday,53122,16.6
frame,lgw,Year 1, summer 2, Tuesday,53123,16.7
frame,lgw,Year 1, summer 2, Tuesday,53124,16.7
frame,lgw,Year 1, summer 2, Tuesday,53125,16.7
frame,lgw,Year 1, summer 2, Tuesday,53126,16.9
frame,lgw,Year 1, summer 2, Tuesday,53127,16.4
frame,lgw,Year 1, summer 2, Tuesday,53128,16.7
frame,lgw,Year 1, summer 2, Tuesday,53129,16.6
frame,lgw,Year 1, summer 2, Tuesday,53130,16.7
frame,lgw,Year 1, summer 2, Tuesday,53131,16.6
frame,lgw,Year 1, summer 2, Tuesday,53132,16.7
frame,lgw,Year 1, summer 2, Tuesday,53133,16.7
frame,lgw,Year 1, summer 2, Tuesday,53134,16.7
frame,lgw,Year 1, summer 2, Tuesday,53135,16.7
frame,lgw,Year 1, summer 2, Tuesday,53136,16.7
frame,lgw,Year 1, summer 2, Tuesday,53137,16.6
frame,lgw,Year 1, summer 2, Tuesday,53138,16.7
frame,lgw,Year 1, summer 2, Tuesday,53139,16.7
frame,lgw,Year 1, summer 2, Tuesday,53140,16.7
frame,lgw,Year 1, summer 2, Tuesday,53141,16.7
frame,lgw,Year 1, summer 2, Tuesday,53142,16.6
frame,lgw,Year 1, summer 2, Tuesday,53143,16.7
frame,lgw,Year 1, summer 2, Tuesday,53144,16.8
frame,lgw,Year 1, summer 2, Tuesday,53145,16.6
frame,lgw,Year 1, summer 2, Tuesday,53146,16.6
frame,lgw,Year 1, summer 2, Tuesday,53147,17.0
frame,lgw,Year 1, summer 2, Tuesday,53148,16.3
frame,lgw,Year 1, summer 2, Tuesday,53149,16.7
frame,lgw,Year 1, summer 2, Tuesday,53150,16.7
frame,lgw,Year 1, summer 2, Tuesday,53151,16.7
frame,lgw,Year 1, summer 2, Tuesday,53152,16.7
frame,lgw,Year 1, summer 2, Tuesday,53153,16.7
frame,lgw,Year 1, summer 2, Tuesday,53154,16.8
frame,lgw,Year 1, summer 2, Tuesday,53155,16.4
frame,lgw,Year 1, summer 2, Tuesday,53156,16.8
frame,lgw,Year 1, summer 2, Tuesday,53157,16.6
frame,lgw,Year 1, summer 2, Tuesday,53158,16.7
frame,lgw,Year 1, summer 2, Tuesday,53159,16.7
frame,lgw,Year 1, summer 2, Tuesday,53160,16.7
frame,lgw,Year 1, summer 2, Tuesday,53161,16.8
frame,lgw,Year 1, summer 2, Tuesday,53162,16.6
frame,lgw,Year 1, summer 2, Tuesday,53163,16.6
frame,lgw,Year 1, summer 2, Tuesday,53164,16.7
frame,lgw,Year 1, summer 2, Tuesday,53165,16.7
frame,lgw,Year 1, summer 2, Tuesday,53166,16.7
frame,lgw,Year 1, summer 2, Tuesday,53167,16.7
frame,lgw,Year 1, summer 2, Tuesday,53168,16.6
frame,lgw,Year 1, summer 2, Tuesday,53169,16.7
frame,lgw,Year 1, summer 2, Tuesday,53170,16.7
frame,lgw,Year 1, summer 2, Tuesday,53171,16.6
frame,lgw,Year 1, summer 2, Tuesday,53172,16.7
frame,lgw,Year 1, summer 2, Tuesday,53173,16.6
frame,lgw,Year 1, summer 2, Tuesday,53174,16.6
frame,lgw,Year 1, summer 2, Tuesday,53175,16.7
frame,lgw,Year 1, summer 2, Tuesday,53176,16.7
frame,lgw,Year 1, summer 2, Tuesday,53177,16.7
frame,lgw,Year 1, summer 2, Tuesday,53178,16.7
frame,lgw,Year 1, summer 2, Tuesday,53179,16.6
frame,lgw,Year 1, summer 2, Tuesday,53180,16.7
frame,lgw,Year 1, summer 2, Tuesday,53181,16.7
frame,lgw,Year 1, summer 2, Tuesday,53182,16.7
frame,lgw,Year 1, summer 2, Tuesday,53183,16.8
frame,lgw,Year 1, summer 2, Tuesday,53184,16.5
frame,lgw,Year 1, summer 2, Tuesday,53185,16.5
frame,lgw,Year 1, summer 2, Tuesday,53186,16.7
frame,lgw,Year 1, summer 2, Tuesday,53187,16.7
frame,lgw,Year 1, summer 2, Tuesday,53188,16.6
frame,lgw,Year 1, summer 2, Tuesday,53189,16.7
frame,lgw,Year 1, summer 2, Tuesday,53190,16.6
frame,lgw,Year 1, summer 2, Tuesday,53191,16.8
frame,lgw,Year 1, summer 2, Tuesday,53192,16.7
frame,lgw,Year 1, summer 2, Tuesday,53193,16.7
frame,lgw,Year 1, summer 2, Tuesday,53194,16.5
frame,lgw,Year 1, summer 2, Tuesday,53195,16.7
frame,lgw,Year 1, summer 2, Tuesday,53196,16.7
frame,lgw,Year 1, summer 2, Tuesday,53197,16.6
frame,lgw,Year 1, summer 2, Tuesday,53198,16.7
frame,lgw,Year 1, summer 2, Tuesday,53199,16.7
frame,lgw,Year 1, summer 2, Tuesday,53200,16.7
frame,lgw,Year 1, summer 2, Tuesday,53201,16.6
frame,lgw,Year 1, summer 2, Tuesday,53202,17.0
frame,lgw,Year 1, summer 2, Tuesday,53203,16.3
frame,lgw,Year 1, summer 2, Tuesday,53204,16.8
frame,lgw,Year 1, summer 2, Tuesday,53205,16.7
frame,lgw,Year 1, summer 2, Tuesday,53206,16.6
frame,lgw,Year 1, summer 2, Tuesday,53207,16.6
frame,lgw,Year 1, summer 2, Tuesday,53208,16.6
frame,lgw,Year 1, summer 2, Tuesday,53209,16.7
frame,lgw,Year 1, summer 2, Tuesday,53210,16.7
frame,lgw,Year 1, summer 2, Tuesday,53211,16.6
frame,lgw,Year 1, summer 2, Tuesday,53212,16.7
frame,lgw,Year 1, summer 2, Tuesday,53213,16.7
frame,lgw,Year 1, summer 2, Tuesday,53214,16.8
frame,lgw,Year 1, summer 2, Tuesday,53215,16.6
frame,lgw,Year 1, summer 2, Tuesday,53216,16.6
frame,lgw,Year 1, summer 2, Tuesday,53217,16.9
frame,lgw,Year 1, summer 2, Tuesday,53218,16.4
frame,lgw,Year 1, summer 2, Tuesday,53219,16.7
frame,lgw,Year 1, summer 2, Tuesday,53220,16.7
frame,lgw,Year 1, summer 2, Tuesday,53221,16.8
frame,lgw,Year 1, summer 2, Tuesday,53222,16.7
frame,lgw,Year 1, summer 2, Tuesday,53223,16.6
frame,lgw,Year 1, summer 2, Tuesday,53224,16.6
frame,lgw,Year 1, summer 2, Tuesday,53225,16.6
frame,lgw,Year 1, summer 2, Tuesday,53226,16.7
frame,lgw,Year 1, summer 2, Tuesday,53227,17.3
frame,lgw,Year 1, summer 2, Tuesday,53228,16.0
frame,lgw,Year 1, summer 2, Tuesday,53229,16.7
frame,lgw,Year 1, summer 2, Tuesday,53230,17.3
frame,lgw,Year 1, summer 2, Tuesday,53231,16.1
frame,lgw,Year 1, summer 2, Tuesday,53232,16.6
frame,lgw,Year 1, summer 2, Tuesday,53233,16.8
frame,lgw,Year 1, summer 2, Tuesday,53234,16.6
frame,lgw,Year 1, summer 2, Tuesday,53235,16.7
frame,lgw,Year 1, summer 2, Tuesday,53236,16.7
frame,lgw,Year 1, summer 2, Tuesday,53237,16.7
frame,lgw,Year 1, summer 2, Tuesday,53238,16.7
frame,lgw,Year 1, summer 2, Tuesday,53239,16.6
frame,lgw,Year 1, summer 2, Tuesday,53240,16.7
frame,lgw,Year 1, summer 2, Tuesday,53241,16.6
frame,lgw,Year 1, summer 2, Tuesday,53242,16.7
frame,lgw,Year 1, summer 2, Tuesday,53243,16.6
frame,lgw,Year 1, summer 2, Tuesday,53244,16.7
frame,lgw,Year 1, summer 2, Tuesday,53245,16.7
frame,lgw,Year 1, summer 2, Tuesday,53246,16.6
frame,lgw,Year 1, summer 2, Tuesday,53247,16.7
frame,lgw,Year 1, summer 2, Tuesday,53248,16.7
frame,lgw,Year 1, summer 2, Tuesday,53249,16.6
frame,lgw,Year 1, summer 2, Tuesday,53250,16.8
frame,lgw,Year 1, summer 2, Tuesday,53251,16.6
frame,lgw,Year 1, summer 2, Tuesday,53252,16.6
frame,lgw,Year 1, summer 2, Tuesday,53253,16.7
frame,lgw,Year 1, summer 2, Tuesday,53254,16.7
frame,lgw,Year 1, summer 2, Tuesday,53255,16.7
frame,lgw,Year 1, summer 2, Tuesday,53256,16.6
frame,lgw,Year 1, summer 2, Tuesday,53257,16.8
frame,lgw,Year 1, summer 2, Tuesday,53258,16.6
frame,lgw,Year 1, summer 2, Tuesday,53259,16.7
frame,lgw,Year 1, summer 2, Tuesday,53260,16.7
frame,lgw,Year 1, summer 2, Tuesday,53261,16.6
frame,lgw,Year 1, summer 2, Tuesday,53262,16.8
frame,lgw,Year 1, summer 2, Tuesday,53263,16.5
frame,lgw,Year 1, summer 2, Tuesday,53264,16.6
frame,lgw,Year 1, summer 2, Tuesday,53265,16.7
frame,lgw,Year 1, summer 2, Tuesday,53266,16.8
frame,lgw,Year 1, summer 2, Tuesday,53267,16.6
frame,lgw,Year 1, summer 2, Tuesday,53268,16.6
frame,lgw,Year 1, summer 2, Tuesday,53269,16.7
frame,lgw,Year 1, summer 2, Tuesday,53270,16.7
frame,lgw,Year 1, summer 2, Tuesday,53271,16.8
frame,lgw,Year 1, summer 2, Tuesday,53272,16.6
frame,lgw,Year 1, summer 2, Tuesday,53273,16.7
frame,lgw,Year 1, summer 2, Tuesday,53274,16.7
frame,lgw,Year 1, summer 2, Tuesday,53275,16.6
frame,lgw,Year 1, summer 2, Tuesday,53276,16.7
frame,lgw,Year 1, summer 2, Tuesday,53277,16.6
frame,lgw,Year 1, summer 2, Tuesday,53278,16.8
frame,lgw,Year 1, summer 2, Tuesday,53279,16.5
frame,lgw,Year 1, summer 2, Tuesday,53280,16.6
frame,lgw,Year 1, summer 2, Tuesday,53281,16.7
frame,lgw,Year 1, summer 2, Tuesday,53282,17.2
frame,lgw,Year 1, summer 2, Tuesday,53283,16.1
frame,lgw,Year 1, summer 2, Tuesday,53284,16.7
frame,lgw,Year 1, summer 2, Tuesday,53285,16.7
frame,lgw,Year 1, summer 2, Tuesday,53286,16.7
frame,lgw,Year 1, summer 2, Tuesday,53287,16.7
frame,lgw,Year 1, summer 2, Tuesday,53288,16.6
frame,lgw,Year 1, summer 2, Tuesday,53289,16.7
frame,lgw,Year 1, summer 2, Tuesday,53290,16.7
frame,lgw,Year 1, summer 2, Tuesday,53291,16.8
frame,lgw,Year 1, summer 2, Tuesday,53292,16.5
frame,lgw,Year 1, summer 2, Tuesday,53293,16.7
frame,lgw,Year 1, summer 2, Tuesday,53294,16.7
frame,lgw,Year 1, summer 2, Tuesday,53295,16.7
frame,lgw,Year 1, summer 2, Tuesday,53296,16.6
frame,lgw,Year 1, summer 2, Tuesday,53297,16.6
frame,lgw,Year 1, summer 2, Tuesday,53298,16.7
frame,lgw,Year 1, summer 2, Tuesday,53299,16.8
frame,lgw,Year 1, summer 2, Tuesday,53300,16.6
frame,lgw,Year 1, summer 2, Tuesday,53301,16.6
frame,lgw,Year 1, summer 2, Tuesday,53302,16.7
frame,lgw,Year 1, summer 2, Tuesday,53303,16.7
frame,lgw,Year 1, summer 2, Tuesday,53304,17.0
frame,lgw,Year 1, summer 2, Tuesday,53305,16.2
frame,lgw,Year 1, summer 2, Tuesday,53306,16.7
frame,lgw,Year 1, summer 2, Tuesday,53307,16.8
frame,lgw,Year 1, summer 2, Tuesday,53308,16.6
frame,lgw,Year 1, summer 2, Tuesday,53309,16.8
frame,lgw,Year 1, summer 2, Tuesday,53310,16.5
frame,lgw,Year 1, summer 2, Tuesday,53311,16.7
frame,lgw,Year 1, summer 2, Tuesday,53312,16.6
frame,lgw,Year 1, summer 2, Tuesday,53313,16.7
frame,lgw,Year 1, summer 2, Tuesday,53314,16.7
frame,lgw,Year 1, summer 2, Tuesday,53315,16.7
frame,lgw,Year 1, summer 2, Tuesday,53316,16.6
frame,lgw,Year 1, summer 2, Tuesday,53317,16.7
frame,lgw,Year 1, summer 2, Tuesday,53318,16.7
frame,lgw,Year 1, summer 2, Tuesday,53319,16.7
frame,lgw,Year 1, summer 2, Tuesday,53320,16.7
frame,lgw,Year 1, summer 2, Tuesday,53321,16.8
frame,lgw,Year 1, summer 2, Tuesday,53322,16.6
frame,lgw,Year 1, summer 2, Tuesday,53323,16.6
frame,lgw,Year 1, summer 2, Tuesday,53324,16.6
frame,lgw,Year 1, summer 2, Tuesday,53325,16.8
frame,lgw,Year 1, summer 2, Tuesday,53326,16.7
frame,lgw,Year 1, summer 2, Tuesday,53327,16.6
frame,lgw,Year 1, summer 2, Tuesday,53328,16.6
frame,lgw,Year 1, summer 2, Tuesday,53329,16.6
frame,lgw,Year 1, summer 2, Tuesday,53330,16.7
frame,lgw,Year 1, summer 2, Tuesday,53331,16.7
frame,lgw,Year 1, summer 2, Tuesday,53332,16.7
frame,lgw,Year 1, summer 2, Tuesday,53333,16.6
frame,lgw,Year 1, summer 2, Tuesday,53334,16.7
frame,lgw,Year 1, summer 2, Tuesday,53335,16.7
frame,lgw,Year 1, summer 2, Tuesday,53336,16.6
frame,lgw,Year 1, summer 2, Tuesday,53337,16.7
frame,lgw,Year 1, summer 2, Tuesday,53338,16.7
frame,lgw,Year 1, summer 2, Tuesday,53339,16.7
frame,lgw,Year 1, summer 2, Tuesday,53340,16.7
frame,lgw,Year 1, summer 2, Tuesday,53341,16.7
frame,lgw,Year 1, summer 2, Tuesday,53342,16.8
frame,lgw,Year 1, summer 2, Tuesday,53343,16.6
frame,lgw,Year 1, summer 2, Tuesday,53344,16.7
frame,lgw,Year 1, summer 2, Tuesday,53345,16.7
frame,lgw,Year 1, summer 2, Tuesday,53346,16.7
frame,lgw,Year 1, summer 2, Tuesday,53347,16.6
frame,lgw,Year 1, summer 2, Tuesday,53348,16.7
frame,lgw,Year 1, summer 2, Tuesday,53349,16.6
frame,lgw,Year 1, summer 2, Tuesday,53350,16.8
frame,lgw,Year 1, summer 2, Tuesday,53351,16.6
frame,lgw,Year 1, summer 2, Tuesday,53352,16.6
frame,lgw,Year 1, summer 2, Tuesday,53353,16.7
frame,lgw,Year 1, summer 2, Tuesday,53354,16.6
frame,lgw,Year 1, summer 2, Tuesday,53355,16.6
frame,lgw,Year 1, summer 2, Tuesday,53356,17.5
frame,lgw,Year 1, summer 2, Tuesday,53357,15.8
frame,lgw,Year 1, summer 2, Tuesday,53358,16.7
frame,lgw,Year 1, summer 2, Tuesday,53359,16.8
frame,lgw,Year 1, summer 2, Tuesday,53360,16.5
frame,lgw,Year 1, summer 2, Tuesday,53361,16.8
frame,lgw,Year 1, summer 2, Tuesday,53362,16.6
frame,lgw,Year 1, summer 2, Tuesday,53363,16.7
frame,lgw,Year 1, summer 2, Tuesday,53364,16.7
frame,lgw,Year 1, summer 2, Tuesday,53365,16.7
frame,lgw,Year 1, summer 2, Tuesday,53366,16.7
frame,lgw,Year 1, summer 2, Tuesday,53367,16.7
frame,lgw,Year 1, summer 2, Tuesday,53368,16.6
frame,lgw,Year 1, summer 2, Tuesday,53369,16.7
frame,lgw,Year 1, summer 2, Tuesday,53370,16.6
frame,lgw,Year 1, summer 2, Tuesday,53371,16.7
frame,lgw,Year 1, summer 2, Tuesday,53372,16.8
frame,lgw,Year 1, summer 2, Tuesday,53373,16.6
frame,lgw,Year 1, summer 2, Tuesday,53374,16.6
frame,lgw,Year 1, summer 2, Tuesday,53375,16.7
frame,lgw,Year 1, summer 2, Tuesday,53376,17.2
frame,lgw,Year 1, summer 2, Tuesday,53377,16.2
frame,lgw,Year 1, summer 2, Tuesday,53378,16.6
frame,lgw,Year 1, summer 2, Tuesday,53379,16.6
frame,lgw,Year 1, summer 2, Tuesday,53380,16.7
frame,lgw,Year 1, summer 2, Tuesday,53381,16.7
frame,lgw,Year 1, summer 2, Tuesday,53382,16.6
frame,lgw,Year 1, summer 2, Tuesday,53383,16.7
frame,lgw,Year 1, summer 2, Tuesday,53384,16.6
frame,lgw,Year 1, summer 2, Tuesday,53385,16.7
frame,lgw,Year 1, summer 2, Tuesday,53386,16.8
frame,lgw,Year 1, summer 2, Tuesday,53387,16.8
frame,lgw,Year 1, summer 2, Tuesday,53388,16.7
frame,lgw,Year 1, summer 2, Tuesday,53389,16.5
frame,lgw,Year 1, summer 2, Tuesday,53390,16.6
frame,lgw,Year 1, summer 2, Tuesday,53391,16.5
frame,lgw,Year 1, summer 2, Tuesday,53392,16.7
frame,lgw,Year 1, summer 2, Tuesday,53393,16.7
frame,lgw,Year 1, summer 2, Tuesday,53394,16.7
frame,lgw,Year 1, summer 2, Tuesday,53395,16.6
frame,lgw,Year 1, summer 2, Tuesday,53396,16.6
frame,lgw,Year 1, summer 2, Tuesday,53397,16.7
frame,lgw,Year 1, summer 2, Tuesday,53398,16.7
frame,lgw,Year 1, summer 2, Tuesday,53399,16.7
frame,lgw,Year 1, summer 2, Tuesday,53400,16.7
frame,lgw,Year 1, summer 2, Tuesday,53401,16.7
frame,lgw,Year 1, summer 2, Tuesday,53402,16.8
frame,lgw,Year 1, summer 2, Tuesday,53403,16.6
frame,lgw,Year 1, summer 2, Tuesday,53404,16.6
frame,lgw,Year 1, summer 2, Tuesday,53405,16.7
frame,lgw,Year 1, summer 2, Tuesday,53406,16.6
frame,lgw,Year 1, summer 2, Tuesday,53407,16.7
frame,lgw,Year 1, summer 2, Tuesday,53408,16.7
frame,lgw,Year 1, summer 2, Tuesday,53409,16.6
frame,lgw,Year 1, summer 2, Tuesday,53410,16.7
frame,lgw,Year 1, summer 2, Tuesday,53411,16.6
frame,lgw,Year 1, summer 2, Tuesday,53412,17.5
frame,lgw,Year 1, summer 2, Tuesday,53413,15.8
frame,lgw,Year 1, summer 2, Tuesday,53414,16.7
frame,lgw,Year 1, summer 2, Tuesday,53415,16.7
frame,lgw,Year 1, summer 2, Tuesday,53416,16.7
frame,lgw,Year 1, summer 2, Tuesday,53417,16.9
frame,lgw,Year 1, summer 2, Tuesday,53418,16.4
frame,lgw,Year 1, summer 2, Tuesday,53419,16.7
frame,lgw,Year 1, summer 2, Tuesday,53420,16.7
frame,lgw,Year 1, summer 2, Tuesday,53421,16.7
frame,lgw,Year 1, summer 2, Tuesday,53422,16.7
frame,lgw,Year 1, summer 2, Tuesday,53423,16.7
frame,lgw,Year 1, summer 2, Tuesday,53424,16.7
frame,lgw,Year 1, summer 2, Tuesday,53425,16.7
frame,lgw,Year 1, summer 2, Tuesday,53426,16.6
frame,lgw,Year 1, summer 2, Tuesday,53427,16.7
frame,lgw,Year 1, summer 2, Tuesday,53428,16.7
frame,lgw,Year 1, summer 2, Tuesday,53429,16.7
frame,lgw,Year 1, summer 2, Tuesday,53430,16.6
frame,lgw,Year 1, summer 2, Tuesday,53431,16.7
frame,lgw,Year 1, summer 2, Tuesday,53432,16.6
frame,lgw,Year 1, summer 2, Tuesday,53433,16.7
frame,lgw,Year 1, summer 2, Tuesday,53434,16.7
frame,lgw,Year 1, summer 2, Tuesday,53435,16.7
frame,lgw,Year 1, summer 2, Tuesday,53436,16.6
frame,lgw,Year 1, summer 2, Tuesday,53437,16.7
frame,lgw,Year 1, summer 2, Tuesday,53438,16.7
frame,lgw,Year 1, summer 2, Tuesday,53439,16.6
frame,lgw,Year 1, summer 2, Tuesday,53440,16.6
frame,lgw,Year 1, summer 2, Tuesday,53441,16.7
frame,lgw,Year 1, summer 2, Tuesday,53442,16.6
frame,lgw,Year 1, summer 2, Tuesday,53443,16.6
frame,lgw,Year 1, summer 2, Tuesday,53444,16.7
frame,lgw,Year 1, summer 2, Tuesday,53445,16.7
frame,lgw,Year 1, summer 2, Tuesday,53446,16.7
frame,lgw,Year 1, summer 2, Tuesday,53447,16.7
frame,lgw,Year 1, summer 2, Tuesday,53448,16.7
frame,lgw,Year 1, summer 2, Tuesday,53449,16.6
frame,lgw,Year 1, summer 2, Tuesday,53450,16.7
frame,lgw,Year 1, summer 2, Tuesday,53451,16.6
frame,lgw,Year 1, summer 2, Tuesday,53452,16.7
frame,lgw,Year 1, summer 2, Tuesday,53453,16.7
frame,lgw,Year 1, summer 2, Tuesday,53454,16.6
frame,lgw,Year 1, summer 2, Tuesday,53455,16.7
frame,lgw,Year 1, summer 2, Tuesday,53456,16.6
frame,lgw,Year 1, summer 2, Tuesday,53457,16.6
frame,lgw,Year 1, summer 2, Tuesday,53458,16.7
frame,lgw,Year 1, summer 2, Tuesday,53459,16.7
frame,lgw,Year 1, summer 2, Tuesday,53460,16.7
frame,lgw,Year 1, summer 2, Tuesday,53461,16.7
frame,lgw,Year 1, summer 2, Tuesday,53462,16.6
frame,lgw,Year 1, summer 2, Tuesday,53463,16.8
frame,lgw,Year 1, summer 2, Tuesday,53464,16.6
frame,lgw,Year 1, summer 2, Tuesday,53465,16.7
frame,lgw,Year 1, summer 2, Tuesday,53466,16.7
frame,lgw,Year 1, summer 2, Tuesday,53467,16.7
frame,lgw,Year 1, summer 2, Tuesday,53468,16.6
frame,lgw,Year 1, summer 2, Tuesday,53469,16.7
frame,lgw,Year 1, summer 2, Tuesday,53470,16.8
frame,lgw,Year 1, summer 2, Tuesday,53471,16.6
frame,lgw,Year 1, summer 2, Tuesday,53472,16.6
frame,lgw,Year 1, summer 2, Tuesday,53473,16.7
frame,lgw,Year 1, summer 2, Tuesday,53474,16.8
frame,lgw,Year 1, summer 2, Tuesday,53475,16.6
frame,lgw,Year 1, summer 2, Tuesday,53476,16.6
frame,lgw,Year 1, summer 2, Tuesday,53477,16.7
frame,lgw,Year 1, summer 2, Tuesday,53478,16.8
frame,lgw,Year 1, summer 2, Tuesday,53479,16.5
frame,lgw,Year 1, summer 2, Tuesday,53480,16.8
frame,lgw,Year 1, summer 2, Tuesday,53481,16.7
frame,lgw,Year 1, summer 2, Tuesday,53482,16.6
frame,lgw,Year 1, summer 2, Tuesday,53483,16.7
frame,lgw,Year 1, summer 2, Tuesday,53484,16.7
frame,lgw,Year 1, summer 2, Tuesday,53485,16.7
frame,lgw,Year 1, summer 2, Tuesday,53486,16.6
frame,lgw,Year 1, summer 2, Tuesday,53487,16.7
frame,lgw,Year 1, summer 2, Tuesday,53488,16.6
frame,lgw,Year 1, summer 2, Tuesday,53489,16.7
frame,lgw,Year 1, summer 2, Tuesday,53490,16.7
frame,lgw,Year 1, summer 2, Tuesday,53491,16.7
frame,lgw,Year 1, summer 2, Tuesday,53492,16.7
frame,lgw,Year 1, summer 2, Tuesday,53493,16.6
frame,lgw,Year 1, summer 2, Tuesday,53494,16.7
frame,lgw,Year 1, summer 2, Tuesday,53495,16.6
frame,lgw,Year 1, summer 2, Tuesday,53496,16.7
frame,lgw,Year 1, summer 2, Tuesday,53497,16.6
frame,lgw,Year 1, summer 2, Tuesday,53498,16.7
frame,lgw,Year 1, summer 2, Tuesday,53499,16.6
frame,lgw,Year 1, summer 2, Tuesday,53500,16.7
frame,lgw,Year 1, summer 2, Tuesday,53501,16.8
frame,lgw,Year 1, summer 2, Tuesday,53502,16.6
frame,lgw,Year 1, summer 2, Tuesday,53503,16.6
frame,lgw,Year 1, summer 2, Tuesday,53504,16.6
frame,lgw,Year 1, summer 2, Tuesday,53505,16.7
frame,lgw,Year 1, summer 2, Tuesday,53506,16.7
frame,lgw,Year 1, summer 2, Tuesday,53507,16.8
frame,lgw,Year 1, summer 2, Tuesday,53508,16.6
frame,lgw,Year 1, summer 2, Tuesday,53509,16.6
frame,lgw,Year 1, summer 2, Tuesday,53510,16.6
frame,lgw,Year 1, summer 2, Tuesday,53511,16.6
frame,lgw,Year 1, summer 2, Tuesday,53512,16.7
frame,lgw,Year 1, summer 2, Tuesday,53513,16.7
frame,lgw,Year 1, summer 2, Tuesday,53514,16.7
frame,lgw,Year 1, summer 2, Tuesday,53515,16.7
frame,lgw,Year 1, summer 2, Tuesday,53516,16.7
frame,lgw,Year 1, summer 2, Tuesday,53517,16.6
frame,lgw,Year 1, summer 2, Tuesday,53518,16.6
frame,lgw,Year 1, summer 2, Tuesday,53519,16.7
frame,lgw,Year 1, summer 2, Tuesday,53520,16.6
frame,lgw,Year 1, summer 2, Tuesday,53521,16.7
frame,lgw,Year 1, summer 2, Tuesday,53522,16.6
frame,lgw,Year 1, summer 2, Tuesday,53523,16.7
frame,lgw,Year 1, summer 2, Tuesday,53524,16.7
frame,lgw,Year 1, summer 2, Tuesday,53525,16.6
frame,lgw,Year 1, summer 2, Tuesday,53526,16.7
frame,lgw,Year 1, summer 2, Tuesday,53527,16.7
frame,lgw,Year 1, summer 2, Tuesday,53528,16.7
frame,lgw,Year 1, summer 2, Tuesday,53529,16.6
frame,lgw,Year 1, summer 2, Tuesday,53530,16.7
frame,lgw,Year 1, summer 2, Tuesday,53531,16.6
frame,lgw,Year 1, summer 2, Tuesday,53532,16.8
frame,lgw,Year 1, summer 2, Tuesday,53533,16.8
frame,lgw,Year 1, summer 2, Tuesday,53534,16.4
frame,lgw,Year 1, summer 2, Tuesday,53535,16.7
frame,lgw,Year 1, summer 2, Tuesday,53536,16.6
frame,lgw,Year 1, summer 2, Tuesday,53537,16.7
frame,lgw,Year 1, summer 2, Tuesday,53538,16.7
frame,lgw,Year 1, summer 2, Tuesday,53539,16.7
frame,lgw,Year 1, summer 2, Tuesday,53540,16.7
frame,lgw,Year 1, summer 2, Tuesday,53541,16.7
frame,lgw,Year 1, summer 2, Tuesday,53542,16.6
frame,lgw,Year 1, summer 2, Tuesday,53543,16.7
frame,lgw,Year 1, summer 2, Tuesday,53544,16.7
frame,lgw,Year 1, summer 2, Tuesday,53545,16.6
frame,lgw,Year 1, summer 2, Tuesday,53546,16.8
frame,lgw,Year 1, summer 2, Tuesday,53547,16.5
frame,lgw,Year 1, summer 2, Tuesday,53548,16.7
frame,lgw,Year 1, summer 2, Tuesday,53549,16.7
frame,lgw,Year 1, summer 2, Tuesday,53550,16.6
frame,lgw,Year 1, summer 2, Tuesday,53551,16.6
frame,lgw,Year 1, summer 2, Tuesday,53552,16.7
frame,lgw,Year 1, summer 2, Tuesday,53553,16.7
frame,lgw,Year 1, summer 2, Tuesday,53554,16.6
frame,lgw,Year 1, summer 2, Tuesday,53555,16.6
frame,lgw,Year 1, summer 2, Tuesday,53556,16.7
frame,lgw,Year 1, summer 2, Tuesday,53557,16.6
frame,lgw,Year 1, summer 2, Tuesday,53558,16.8
frame,lgw,Year 1, summer 2, Tuesday,53559,16.6
frame,lgw,Year 1, summer 2, Tuesday,53560,16.6
frame,lgw,Year 1, summer 2, Tuesday,53561,16.6
frame,lgw,Year 1, summer 2, Tuesday,53562,16.7
frame,lgw,Year 1, summer 2, Tuesday,53563,16.6
frame,lgw,Year 1, summer 2, Tuesday,53564,16.7
frame,lgw,Year 1, summer 2, Tuesday,53565,16.7
frame,lgw,Year 1, summer 2, Tuesday,53566,16.6
frame,lgw,Year 1, summer 2, Tuesday,53567,16.7
frame,lgw,Year 1, summer 2, Tuesday,53568,16.7
frame,lgw,Year 1, summer 2, Tuesday,53569,16.7
frame,lgw,Year 1, summer 2, Tuesday,53570,16.8
frame,lgw,Year 1, summer 2, Tuesday,53571,16.6
frame,lgw,Year 1, summer 2, Tuesday,53572,16.6
frame,lgw,Year 1, summer 2, Tuesday,53573,16.7
frame,lgw,Year 1, summer 2, Tuesday,53574,16.7
frame,lgw,Year 1, summer 2, Tuesday,53575,16.6
frame,lgw,Year 1, summer 2, Tuesday,53576,16.7
frame,lgw,Year 1, summer 2, Tuesday,53577,16.6
frame,lgw,Year 1, summer 2, Tuesday,53578,16.7
frame,lgw,Year 1, summer 2, Tuesday,53579,16.7
frame,lgw,Year 1, summer 2, Tuesday,53580,16.6
frame,lgw,Year 1, summer 2, Tuesday,53581,16.7
frame,lgw,Year 1, summer 2, Tuesday,53582,16.6
frame,lgw,Year 1, summer 2, Tuesday,53583,16.8
frame,lgw,Year 1, summer 2, Tuesday,53584,16.8
frame,lgw,Year 1, summer 2, Tuesday,53585,16.4
frame,lgw,Year 1, summer 2, Tuesday,53586,16.6
frame,lgw,Year 1, summer 2, Tuesday,53587,16.7
frame,lgw,Year 1, summer 2, Tuesday,53588,16.6
frame,lgw,Year 1, summer 2, Tuesday,53589,16.7
frame,lgw,Year 1, summer 2, Tuesday,53590,16.7
frame,lgw,Year 1, summer 2, Tuesday,53591,16.6
frame,lgw,Year 1, summer 2, Tuesday,53592,16.7
frame,lgw,Year 1, summer 2, Tuesday,53593,16.7
frame,lgw,Year 1, summer 2, Tuesday,53594,16.7
frame,lgw,Year 1, summer 2, Tuesday,53595,16.7
frame,lgw,Year 1, summer 2, Tuesday,53596,16.6
frame,lgw,Year 1, summer 2, Tuesday,53597,16.7
frame,lgw,Year 1, summer 2, Tuesday,53598,16.7
frame,lgw,Year 1, summer 2, Tuesday,53599,16.8
frame,lgw,Year 1, summer 2, Tuesday,53600,16.6
frame,lgw,Year 1, summer 2, Tuesday,53601,16.7
frame,lgw,Year 1, summer 2, Tuesday,53602,16.7
frame,lgw,Year 1, summer 2, Tuesday,53603,16.6
frame,lgw,Year 1, summer 2, Tuesday,53604,16.7
frame,lgw,Year 1, summer 2, Tuesday,53605,16.6
frame,lgw,Year 1, summer 2, Tuesday,53606,16.7
frame,lgw,Year 1, summer 2, Tuesday,53607,16.6
frame,lgw,Year 1, summer 2, Tuesday,53608,16.7
frame,lgw,Year 1, summer 2, Tuesday,53609,16.7
frame,lgw,Year 1, summer 2, Tuesday,53610,16.7
frame,lgw,Year 1, summer 2, Tuesday,53611,16.9
frame,lgw,Year 1, summer 2, Tuesday,53612,16.6
frame,lgw,Year 1, summer 2, Tuesday,53613,16.6
frame,lgw,Year 1, summer 2, Tuesday,53614,16.7
frame,lgw,Year 1, summer 2, Tuesday,53615,16.6
frame,lgw,Year 1, summer 2, Tuesday,53616,16.7
frame,lgw,Year 1, summer 2, Tuesday,53617,16.7
frame,lgw,Year 1, summer 2, Tuesday,53618,16.7
frame,lgw,Year 1, summer 2, Tuesday,53619,16.7
frame,lgw,Year 1, summer 2, Tuesday,53620,16.6
frame,lgw,Year 1, summer 2, Tuesday,53621,16.7
frame,lgw,Year 1, summer 2, Tuesday,53622,16.6
frame,lgw,Year 1, summer 2, Tuesday,53623,16.8
frame,lgw,Year 1, summer 2, Tuesday,53624,16.8
frame,lgw,Year 1, summer 2, Tuesday,53625,16.5
frame,lgw,Year 1, summer 2, Tuesday,53626,16.5
frame,lgw,Year 1, summer 2, Tuesday,53627,16.7
frame,lgw,Year 1, summer 2, Tuesday,53628,16.7
frame,lgw,Year 1, summer 2, Tuesday,53629,16.7
frame,lgw,Year 1, summer 2, Tuesday,53630,16.7
frame,lgw,Year 1, summer 2, Tuesday,53631,16.6
frame,lgw,Year 1, summer 2, Tuesday,53632,16.6
frame,lgw,Year 1, summer 2, Tuesday,53633,16.7
frame,lgw,Year 1, summer 2, Tuesday,53634,16.7
frame,lgw,Year 1, summer 2, Tuesday,53635,16.7
frame,lgw,Year 1, summer 2, Tuesday,53636,16.7
frame,lgw,Year 1, summer 2, Tuesday,53637,16.8
frame,lgw,Year 1, summer 2, Tuesday,53638,16.7
frame,lgw,Year 1, summer 2, Tuesday,53639,16.4
frame,lgw,Year 1, summer 2, Tuesday,53640,16.6
frame,lgw,Year 1, summer 2, Tuesday,53641,16.9
frame,lgw,Year 1, summer 2, Tuesday,53642,16.5
frame,lgw,Year 1, summer 2, Tuesday,53643,17.0
frame,lgw,Year 1, summer 2, Tuesday,53644,16.4
frame,lgw,Year 1, summer 2, Tuesday,53645,16.6
frame,lgw,Year 1, summer 2, Tuesday,53646,16.9
frame,lgw,Year 1, summer 2, Tuesday,53647,16.5
frame,lgw,Year 1, summer 2, Tuesday,53648,16.6
frame,lgw,Year 1, summer 2, Tuesday,53649,16.7
frame,lgw,Year 1, summer 2, Tuesday,53650,16.8
frame,lgw,Year 1, summer 2, Tuesday,53651,16.6
frame,lgw,Year 1, summer 2, Tuesday,53652,16.6
frame,lgw,Year 1, summer 2, Tuesday,53653,17.3
frame,lgw,Year 1, summer 2, Tuesday,53654,16.0
frame,lgw,Year 1, summer 2, Tuesday,53655,16.7
frame,lgw,Year 1, summer 2, Tuesday,53656,16.7
frame,lgw,Year 1, summer 2, Tuesday,53657,16.7
frame,lgw,Year 1, summer 2, Tuesday,53658,16.7
frame,lgw,Year 1, summer 2, Tuesday,53659,16.7
frame,lgw,Year 1, summer 2, Tuesday,53660,16.7
frame,lgw,Year 1, summer 2, Tuesday,53661,16.7
frame,lgw,Year 1, summer 2, Tuesday,53662,16.7
frame,lgw,Year 1, summer 2, Tuesday,53663,17.0
frame,lgw,Year 1, summer 2, Tuesday,53664,16.4
frame,lgw,Year 1, summer 2, Tuesday,53665,16.7
frame,lgw,Year 1, summer 2, Tuesday,53666,16.6
frame,lgw,Year 1, summer 2, Tuesday,53667,16.7
frame,lgw,Year 1, summer 2, Tuesday,53668,16.7
frame,lgw,Year 1, summer 2, Tuesday,53669,16.6
frame,lgw,Year 1, summer 2, Tuesday,53670,16.7
frame,lgw,Year 1, summer 2, Tuesday,53671,16.7
frame,lgw,Year 1, summer 2, Tuesday,53672,16.7
frame,lgw,Year 1, summer 2, Tuesday,53673,16.6
frame,lgw,Year 1, summer 2, Tuesday,53674,16.7
frame,lgw,Year 1, summer 2, Tuesday,53675,16.7
frame,lgw,Year 1, summer 2, Tuesday,53676,16.6
frame,lgw,Year 1, summer 2, Tuesday,53677,16.9
frame,lgw,Year 1, summer 2, Tuesday,53678,16.4
frame,lgw,Year 1, summer 2, Tuesday,53679,16.7
frame,lgw,Year 1, summer 2, Tuesday,53680,16.6
frame,lgw,Year 1, summer 2, Tuesday,53681,16.7
frame,lgw,Year 1, summer 2, Tuesday,53682,16.6
frame,lgw,Year 1, summer 2, Tuesday,53683,16.7
frame,lgw,Year 1, summer 2, Tuesday,53684,16.6
frame,lgw,Year 1, summer 2, Tuesday,53685,16.7
frame,lgw,Year 1, summer 2, Tuesday,53686,16.6
frame,lgw,Year 1, summer 2, Tuesday,53687,16.7
frame,lgw,Year 1, summer 2, Tuesday,53688,16.7
frame,lgw,Year 1, summer 2, Tuesday,53689,16.9
frame,lgw,Year 1, summer 2, Tuesday,53690,16.5
frame,lgw,Year 1, summer 2, Tuesday,53691,16.8
frame,lgw,Year 1, summer 2, Tuesday,53692,16.6
frame,lgw,Year 1, summer 2, Tuesday,53693,16.6
frame,lgw,Year 1, summer 2, Tuesday,53694,16.6
frame,lgw,Year 1, summer 2, Tuesday,53695,16.7
frame,lgw,Year 1, summer 2, Tuesday,53696,16.6
frame,lgw,Year 1, summer 2, Tuesday,53697,16.7
frame,lgw,Year 1, summer 2, Tuesday,53698,16.7
frame,lgw,Year 1, summer 2, Tuesday,53699,16.7
frame,lgw,Year 1, summer 2, Tuesday,53700,16.6
frame,lgw,Year 1, summer 2, Tuesday,53701,16.7
frame,lgw,Year 1, summer 2, Tuesday,53702,16.7
frame,lgw,Year 1, summer 2, Tuesday,53703,16.7
frame,lgw,Year 1, summer 2, Tuesday,53704,16.7
frame,lgw,Year 1, summer 2, Tuesday,53705,16.7
frame,lgw,Year 1, summer 2, Tuesday,53706,16.6
frame,lgw,Year 1, summer 2, Tuesday,53707,16.6
frame,lgw,Year 1, summer 2, Tuesday,53708,16.7
frame,lgw,Year 1, summer 2, Tuesday,53709,16.6
frame,lgw,Year 1, summer 2, Tuesday,53710,16.7
frame,lgw,Year 1, summer 2, Tuesday,53711,16.7
frame,lgw,Year 1, summer 2, Tuesday,53712,16.7
frame,lgw,Year 1, summer 2, Tuesday,53713,16.6
frame,lgw,Year 1, summer 2, Tuesday,53714,16.8
frame,lgw,Year 1, summer 2, Tuesday,53715,16.6
frame,lgw,Year 1, summer 2, Tuesday,53716,17.7
frame,lgw,Year 1, summer 2, Tuesday,53717,15.6
frame,lgw,Year 1, summer 2, Tuesday,53718,16.7
frame,lgw,Year 1, summer 2, Tuesday,53719,16.6
frame,lgw,Year 1, summer 2, Tuesday,53720,16.7
frame,lgw,Year 1, summer 2, Tuesday,53721,16.7
frame,lgw,Year 1, summer 2, Tuesday,53722,16.6
frame,lgw,Year 1, summer 2, Tuesday,53723,16.6
frame,lgw,Year 1, summer 2, Tuesday,53724,16.7
frame,lgw,Year 1, summer 2, Tuesday,53725,16.7
frame,lgw,Year 1, summer 2, Tuesday,53726,16.7
frame,lgw,Year 1, summer 2, Tuesday,53727,16.7
frame,lgw,Year 1, summer 2, Tuesday,53728,16.7
frame,lgw,Year 1, summer 2, Tuesday,53729,16.8
frame,lgw,Year 1, summer 2, Tuesday,53730,16.5
frame,lgw,Year 1, summer 2, Tuesday,53731,16.7
frame,lgw,Year 1, summer 2, Tuesday,53732,16.7
frame,lgw,Year 1, summer 2, Tuesday,53733,16.6
frame,lgw,Year 1, summer 2, Tuesday,53734,16.8
frame,lgw,Year 1, summer 2, Tuesday,53735,16.6
frame,lgw,Year 1, summer 2, Tuesday,53736,16.6
frame,lgw,Year 1, summer 2, Tuesday,53737,16.7
frame,lgw,Year 1, summer 2, Tuesday,53738,16.7
frame,lgw,Year 1, summer 2, Tuesday,53739,16.7
frame,lgw,Year 1, summer 2, Tuesday,53740,16.7
frame,lgw,Year 1, summer 2, Tuesday,53741,16.6
frame,lgw,Year 1, summer 2, Tuesday,53742,16.6
frame,lgw,Year 1, summer 2, Tuesday,53743,16.7
frame,lgw,Year 1, summer 2, Tuesday,53744,16.7
frame,lgw,Year 1, summer 2, Tuesday,53745,16.6
frame,lgw,Year 1, summer 2, Tuesday,53746,16.7
frame,lgw,Year 1, summer 2, Tuesday,53747,16.7
frame,lgw,Year 1, summer 2, Tuesday,53748,16.7
frame,lgw,Year 1, summer 2, Tuesday,53749,16.6
frame,lgw,Year 1, summer 2, Tuesday,53750,16.7
frame,lgw,Year 1, summer 2, Tuesday,53751,16.7
frame,lgw,Year 1, summer 2, Tuesday,53752,16.8
frame,lgw,Year 1, summer 2, Tuesday,53753,16.6
frame,lgw,Year 1, summer 2, Tuesday,53754,16.7
frame,lgw,Year 1, summer 2, Tuesday,53755,16.8
frame,lgw,Year 1, summer 2, Tuesday,53756,16.5
frame,lgw,Year 1, summer 2, Tuesday,53757,16.8
frame,lgw,Year 1, summer 2, Tuesday,53758,16.5
frame,lgw,Year 1, summer 2, Tuesday,53759,16.7
frame,lgw,Year 1, summer 2, Tuesday,53760,16.6
frame,lgw,Year 1, summer 2, Tuesday,53761,16.7
frame,lgw,Year 1, summer 2, Tuesday,53762,16.7
frame,lgw,Year 1, summer 2, Tuesday,53763,16.7
frame,lgw,Year 1, summer 2, Tuesday,53764,16.7
frame,lgw,Year 1, summer 2, Tuesday,53765,16.8
frame,lgw,Year 1, summer 2, Tuesday,53766,16.7
frame,lgw,Year 1, summer 2, Tuesday,53767,16.6
frame,lgw,Year 1, summer 2, Tuesday,53768,16.7
frame,lgw,Year 1, summer 2, Tuesday,53769,16.7
frame,lgw,Year 1, summer 2, Tuesday,53770,16.7
frame,lgw,Year 1, summer 2, Tuesday,53771,16.6
frame,lgw,Year 1, summer 2, Tuesday,53772,16.6
frame,lgw,Year 1, summer 2, Tuesday,53773,16.7
frame,lgw,Year 1, summer 2, Tuesday,53774,16.7
frame,lgw,Year 1, summer 2, Tuesday,53775,16.6
frame,lgw,Year 1, summer 2, Tuesday,53776,16.7
frame,lgw,Year 1, summer 2, Tuesday,53777,17.4
frame,lgw,Year 1, summer 2, Tuesday,53778,15.9
frame,lgw,Year 1, summer 2, Tuesday,53779,16.7
frame,lgw,Year 1, summer 2, Tuesday,53780,16.7
frame,lgw,Year 1, summer 2, Tuesday,53781,16.6
frame,lgw,Year 1, summer 2, Tuesday,53782,16.7
frame,lgw,Year 1, summer 2, Tuesday,53783,16.8
frame,lgw,Year 1, summer 2, Tuesday,53784,16.5
frame,lgw,Year 1, summer 2, Tuesday,53785,16.7
frame,lgw,Year 1, summer 2, Tuesday,53786,16.7
frame,lgw,Year 1, summer 2, Tuesday,53787,16.7
frame,lgw,Year 1, summer 2, Tuesday,53788,16.7
frame,lgw,Year 1, summer 2, Tuesday,53789,16.7
frame,lgw,Year 1, summer 2, Tuesday,53790,16.7
frame,lgw,Year 1, summer 2, Tuesday,53791,16.6
frame,lgw,Year 1, summer 2, Tuesday,53792,16.7
frame,lgw,Year 1, summer 2, Tuesday,53793,16.6
frame,lgw,Year 1, summer 2, Tuesday,53794,16.6
frame,lgw,Year 1, summer 2, Tuesday,53795,16.7
frame,lgw,Year 1, summer 2, Tuesday,53796,16.6
frame,lgw,Year 1, summer 2, Tuesday,53797,16.7
frame,lgw,Year 1, summer 2, Tuesday,53798,16.6
frame,lgw,Year 1, summer 2, Tuesday,53799,16.6
frame,lgw,Year 1, summer 2, Tuesday,53800,16.7
frame,lgw,Year 1, summer 2, Tuesday,53801,16.7
frame,lgw,Year 1, summer 2, Tuesday,53802,16.7
frame,lgw,Year 1, summer 2, Tuesday,53803,16.7
frame,lgw,Year 1, summer 2, Tuesday,53804,16.7
frame,lgw,Year 1, summer 2, Tuesday,53805,16.7
frame,lgw,Year 1, summer 2, Tuesday,53806,16.6
frame,lgw,Year 1, summer 2, Tuesday,53807,16.8
frame,lgw,Year 1, summer 2, Tuesday,53808,16.5
frame,lgw,Year 1, summer 2, Tuesday,53809,17.4
frame,lgw,Year 1, summer 2, Tuesday,53810,15.9
frame,lgw,Year 1, summer 2, Tuesday,53811,16.7
frame,lgw,Year 1, summer 2, Tuesday,53812,16.8
frame,lgw,Year 1, summer 2, Tuesday,53813,16.5
frame,lgw,Year 1, summer 2, Tuesday,53814,16.6
frame,lgw,Year 1, summer 2, Tuesday,53815,16.7
frame,lgw,Year 1, summer 2, Tuesday,53816,16.7
frame,lgw,Year 1, summer 2, Tuesday,53817,16.8
frame,lgw,Year 1, summer 2, Tuesday,53818,16.7
frame,lgw,Year 1, summer 2, Tuesday,53819,16.6
frame,lgw,Year 1, summer 2, Tuesday,53820,16.6
frame,lgw,Year 1, summer 2, Tuesday,53821,16.6
frame,lgw,Year 1, summer 2, Tuesday,53822,16.6
frame,lgw,Year 1, summer 2, Tuesday,53823,16.7
frame,lgw,Year 1, summer 2, Tuesday,53824,16.7
frame,lgw,Year 1, summer 2, Tuesday,53825,16.8
frame,lgw,Year 1, summer 2, Tuesday,53826,16.6
frame,lgw,Year 1, summer 2, Tuesday,53827,16.6
frame,lgw,Year 1, summer 2, Tuesday,53828,16.6
frame,lgw,Year 1, summer 2, Tuesday,53829,16.7
frame,lgw,Year 1, summer 2, Tuesday,53830,16.7
frame,lgw,Year 1, summer 2, Tuesday,53831,16.6
frame,lgw,Year 1, summer 2, Tuesday,53832,16.7
frame,lgw,Year 1, summer 2, Tuesday,53833,16.9
frame,lgw,Year 1, summer 2, Tuesday,53834,16.6
frame,lgw,Year 1, summer 2, Tuesday,53835,16.6
frame,lgw,Year 1, summer 2, Tuesday,53836,16.7
frame,lgw,Year 1, summer 2, Tuesday,53837,16.7
frame,lgw,Year 1, summer 2, Tuesday,53838,16.7
frame,lgw,Year 1, summer 2, Tuesday,53839,16.6
frame,lgw,Year 1, summer 2, Tuesday,53840,16.6
frame,lgw,Year 1, summer 2, Tuesday,53841,16.6
frame,lgw,Year 1, summer 2, Tuesday,53842,16.8
frame,lgw,Year 1, summer 2, Tuesday,53843,16.6
frame,lgw,Year 1, summer 2, Tuesday,53844,16.6
frame,lgw,Year 1, summer 2, Tuesday,53845,16.7
frame,lgw,Year 1, summer 2, Tuesday,53846,16.7
frame,lgw,Year 1, summer 2, Tuesday,53847,16.7
frame,lgw,Year 1, summer 2, Tuesday,53848,16.6
frame,lgw,Year 1, summer 2, Tuesday,53849,16.7
frame,lgw,Year 1, summer 2, Tuesday,53850,16.7
frame,lgw,Year 1, summer 2, Tuesday,53851,16.7
frame,lgw,Year 1, summer 2, Tuesday,53852,16.7
frame,lgw,Year 1, summer 2, Tuesday,53853,16.6
frame,lgw,Year 1, summer 2, Tuesday,53854,16.8
frame,lgw,Year 1, summer 2, Tuesday,53855,16.7
frame,lgw,Year 1, summer 2, Tuesday,53856,16.8
frame,lgw,Year 1, summer 2, Tuesday,53857,16.4
frame,lgw,Year 1, summer 2, Tuesday,53858,17.6
frame,lgw,Year 1, summer 2, Tuesday,53859,15.9
frame,lgw,Year 1, summer 2, Tuesday,53860,16.9
frame,lgw,Year 1, summer 2, Tuesday,53861,16.4
frame,lgw,Year 1, summer 2, Tuesday,53862,16.7
frame,lgw,Year 1, summer 2, Tuesday,53863,16.6
frame,lgw,Year 1, summer 2, Tuesday,53864,16.7
frame,lgw,Year 1, summer 2, Tuesday,53865,16.9
frame,lgw,Year 1, summer 2, Tuesday,53866,16.4
frame,lgw,Year 1, summer 2, Tuesday,53867,16.7
frame,lgw,Year 1, summer 2, Tuesday,53868,16.7
frame,lgw,Year 1, summer 2, Tuesday,53869,16.6
frame,lgw,Year 1, summer 2, Tuesday,53870,16.8
frame,lgw,Year 1, summer 2, Tuesday,53871,16.5
frame,lgw,Year 1, summer 2, Tuesday,53872,16.7
frame,lgw,Year 1, summer 2, Tuesday,53873,17.3
frame,lgw,Year 1, summer 2, Tuesday,53874,16.2
frame,lgw,Year 1, summer 2, Tuesday,53875,16.5
frame,lgw,Year 1, summer 2, Tuesday,53876,16.6
frame,lgw,Year 1, summer 2, Tuesday,53877,16.7
frame,lgw,Year 1, summer 2, Tuesday,53878,16.7
frame,lgw,Year 1, summer 2, Tuesday,53879,16.6
frame,lgw,Year 1, summer 2, Tuesday,53880,16.7
frame,lgw,Year 1, summer 2, Tuesday,53881,16.7
frame,lgw,Year 1, summer 2, Tuesday,53882,16.7
frame,lgw,Year 1, summer 2, Tuesday,53883,16.7
frame,lgw,Year 1, summer 2, Tuesday,53884,16.6
frame,lgw,Year 1, summer 2, Tuesday,53885,16.7
frame,lgw,Year 1, summer 2, Tuesday,53886,16.8
frame,lgw,Year 1, summer 2, Tuesday,53887,16.7
frame,lgw,Year 1, summer 2, Tuesday,53888,16.5
frame,lgw,Year 1, summer 2, Tuesday,53889,16.7
frame,lgw,Year 1, summer 2, Tuesday,53890,16.7
frame,lgw,Year 1, summer 2, Tuesday,53891,16.6
frame,lgw,Year 1, summer 2, Tuesday,53892,16.7
frame,lgw,Year 1, summer 2, Tuesday,53893,16.8
frame,lgw,Year 1, summer 2, Tuesday,53894,16.6
frame,lgw,Year 1, summer 2, Tuesday,53895,16.6
frame,lgw,Year 1, summer 2, Tuesday,53896,16.6
frame,lgw,Year 1, summer 2, Tuesday,53897,16.7
frame,lgw,Year 1, summer 2, Tuesday,53898,16.6
frame,lgw,Year 1, summer 2, Tuesday,53899,16.7
frame,lgw,Year 1, summer 2, Tuesday,53900,16.8
frame,lgw,Year 1, summer 2, Tuesday,53901,16.6
frame,lgw,Year 1, summer 2, Tuesday,53902,16.6
frame,lgw,Year 1, summer 2, Tuesday,53903,16.7
frame,lgw,Year 1, summer 2, Tuesday,53904,16.6
frame,lgw,Year 1, summer 2, Tuesday,53905,16.7
frame,lgw,Year 1, summer 2, Tuesday,53906,16.7
frame,lgw,Year 1, summer 2, Tuesday,53907,16.7
frame,lgw,Year 1, summer 2, Tuesday,53908,16.7
frame,lgw,Year 1, summer 2, Tuesday,53909,16.7
frame,lgw,Year 1, summer 2, Tuesday,53910,16.7
frame,lgw,Year 1, summer 2, Tuesday,53911,16.7
frame,lgw,Year 1, summer 2, Tuesday,53912,16.7
frame,lgw,Year 1, summer 2, Tuesday,53913,16.6
frame,lgw,Year 1, summer 2, Tuesday,53914,16.6
frame,lgw,Year 1, summer 2, Tuesday,53915,16.8
frame,lgw,Year 1, summer 2, Tuesday,53916,16.7
frame,lgw,Year 1, summer 2, Tuesday,53917,16.6
frame,lgw,Year 1, summer 2, Tuesday,53918,16.6
frame,lgw,Year 1, summer 2, Tuesday,53919,16.8
frame,lgw,Year 1, summer 2, Tuesday,53920,16.7
frame,lgw,Year 1, summer 2, Tuesday,53921,16.6
frame,lgw,Year 1, summer 2, Tuesday,53922,16.6
frame,lgw,Year 1, summer 2, Tuesday,53923,16.6
frame,lgw,Year 1, summer 2, Tuesday,53924,16.7
frame,lgw,Year 1, summer 2, Tuesday,53925,16.7
frame,lgw,Year 1, summer 2, Tuesday,53926,16.7
frame,lgw,Year 1, summer 2, Tuesday,53927,16.6
frame,lgw,Year 1, summer 2, Tuesday,53928,17.1
frame,lgw,Year 1, summer 2, Tuesday,53929,16.3
frame,lgw,Year 1, summer 2, Tuesday,53930,16.8
frame,lgw,Year 1, summer 2, Tuesday,53931,16.5
frame,lgw,Year 1, summer 2, Tuesday,53932,16.7
frame,lgw,Year 1, summer 2, Tuesday,53933,16.6
frame,lgw,Year 1, summer 2, Tuesday,53934,16.7
frame,lgw,Year 1, summer 2, Tuesday,53935,16.6
frame,lgw,Year 1, summer 2, Tuesday,53936,16.7
frame,lgw,Year 1, summer 2, Tuesday,53937,16.6
frame,lgw,Year 1, summer 2, Tuesday,53938,16.7
frame,lgw,Year 1, summer 2, Tuesday,53939,16.7
frame,lgw,Year 1, summer 2, Tuesday,53940,16.7
frame,lgw,Year 1, summer 2, Tuesday,53941,16.7
frame,lgw,Year 1, summer 2, Tuesday,53942,16.6
frame,lgw,Year 1, summer 2, Tuesday,53943,16.6
frame,lgw,Year 1, summer 2, Tuesday,53944,16.7
frame,lgw,Year 1, summer 2, Tuesday,53945,17.6
frame,lgw,Year 1, summer 2, Tuesday,53946,15.9
frame,lgw,Year 1, summer 2, Tuesday,53947,16.6
frame,lgw,Year 1, summer 2, Tuesday,53948,16.6
frame,lgw,Year 1, summer 2, Tuesday,53949,16.7
frame,lgw,Year 1, summer 2, Tuesday,53950,16.7
frame,lgw,Year 1, summer 2, Tuesday,53951,16.7
frame,lgw,Year 1, summer 2, Tuesday,53952,16.5
frame,lgw,Year 1, summer 2, Tuesday,53953,16.7
frame,lgw,Year 1, summer 2, Tuesday,53954,16.8
frame,lgw,Year 1, summer 2, Tuesday,53955,16.6
frame,lgw,Year 1, summer 2, Tuesday,53956,16.7
frame,lgw,Year 1, summer 2, Tuesday,53957,16.7
frame,lgw,Year 1, summer 2, Tuesday,53958,16.7
frame,lgw,Year 1, summer 2, Tuesday,53959,16.7
frame,lgw,Year 1, summer 2, Tuesday,53960,16.7
frame,lgw,Year 1, summer 2, Tuesday,53961,16.6
frame,lgw,Year 1, summer 2, Tuesday,53962,16.7
frame,lgw,Year 1, summer 2, Tuesday,53963,16.7
frame,lgw,Year 1, summer 2, Tuesday,53964,16.7
frame,lgw,Year 1, summer 2, Tuesday,53965,16.6
frame,lgw,Year 1, summer 2, Tuesday,53966,17.5
frame,lgw,Year 1, summer 2, Tuesday,53967,16.1
frame,lgw,Year 1, summer 2, Tuesday,53968,16.4
frame,lgw,Year 1, summer 2, Tuesday,53969,16.7
frame,lgw,Year 1, summer 2, Tuesday,53970,16.7
frame,lgw,Year 1, summer 2, Tuesday,53971,16.8
frame,lgw,Year 1, summer 2, Tuesday,53972,16.6
frame,lgw,Year 1, summer 2, Tuesday,53973,16.6
frame,lgw,Year 1, summer 2, Tuesday,53974,16.7
frame,lgw,Year 1, summer 2, Tuesday,53975,16.7
frame,lgw,Year 1, summer 2, Tuesday,53976,16.6
frame,lgw,Year 1, summer 2, Tuesday,53977,16.7
frame,lgw,Year 1, summer 2, Tuesday,53978,16.7
frame,lgw,Year 1, summer 2, Tuesday,53979,16.7
frame,lgw,Year 1, summer 2, Tuesday,53980,17.3
frame,lgw,Year 1, summer 2, Tuesday,53981,16.0
frame,lgw,Year 1, summer 2, Tuesday,53982,16.7
frame,lgw,Year 1, summer 2, Tuesday,53983,16.7
frame,lgw,Year 1, summer 2, Tuesday,53984,16.6
frame,lgw,Year 1, summer 2, Tuesday,53985,16.8
frame,lgw,Year 1, summer 2, Tuesday,53986,16.7
frame,lgw,Year 1, summer 2, Tuesday,53987,16.6
frame,lgw,Year 1, summer 2, Tuesday,53988,16.6
frame,lgw,Year 1, summer 2, Tuesday,53989,16.7
frame,lgw,Year 1, summer 2, Tuesday,53990,16.7
frame,lgw,Year 1, summer 2, Tuesday,53991,16.7
frame,lgw,Year 1, summer 2, Tuesday,53992,16.7
frame,lgw,Year 1, summer 2, Tuesday,53993,16.6
frame,lgw,Year 1, summer 2, Tuesday,53994,16.8
frame,lgw,Year 1, summer 2, Tuesday,53995,16.6
frame,lgw,Year 1, summer 2, Tuesday,53996,16.5
frame,lgw,Year 1, summer 2, Tuesday,53997,16.8
frame,lgw,Year 1, summer 2, Tuesday,53998,16.5
frame,lgw,Year 1, summer 2, Tuesday,53999,16.6
frame,lgw,Year 1, summer 2, Tuesday,59120,16.9
frame,lgw,Year 1, summer 2, Tuesday,59121,16.5
frame,lgw,Year 1, summer 2, Tuesday,59122,16.7
frame,lgw,Year 1, summer 2, Tuesday,59123,16.8
frame,lgw,Year 1, summer 2, Tuesday,59124,16.6
frame,lgw,Year 1, summer 2, Tuesday,59125,16.6
frame,lgw,Year 1, summer 2, Tuesday,59126,17.4
frame,lgw,Year 1, summer 2, Tuesday,59127,15.9
frame,lgw,Year 1, summer 2, Tuesday,59128,16.7
frame,lgw,Year 1, summer 2, Tuesday,59129,16.7
frame,lgw,Year 1, summer 2, Tuesday,59130,16.7
frame,lgw,Year 1, summer 2, Tuesday,59131,16.6
frame,lgw,Year 1, summer 2, Tuesday,59132,16.7
frame,lgw,Year 1, summer 2, Tuesday,59133,16.7
frame,lgw,Year 1, summer 2, Tuesday,59134,16.7
frame,lgw,Year 1, summer 2, Tuesday,59135,16.9
frame,lgw,Year 1, summer 2, Tuesday,59136,16.5
frame,lgw,Year 1, summer 2, Tuesday,59137,16.6
frame,lgw,Year 1, summer 2, Tuesday,59138,16.7
frame,lgw,Year 1, summer 2, Tuesday,59139,16.7
frame,lgw,Year 1, summer 2, Tuesday,59140,16.7
frame,lgw,Year 1, summer 2, Tuesday,59141,16.7
frame,lgw,Year 1, summer 2, Tuesday,59142,16.7
frame,lgw,Year 1, summer 2, Tuesday,59143,16.8
frame,lgw,Year 1, summer 2, Tuesday,59144,17.4
frame,lgw,Year 1, summer 2, Tuesday,59145,15.8
frame,lgw,Year 1, summer 2, Tuesday,59146,16.8
frame,lgw,Year 1, summer 2, Tuesday,59147,16.6
frame,lgw,Year 1, summer 2, Tuesday,59148,16.7
frame,lgw,Year 1, summer 2, Tuesday,59149,16.6
frame,lgw,Year 1, summer 2, Tuesday,59150,16.6
frame,lgw,Year 1, summer 2, Tuesday,59151,16.7
frame,lgw,Year 1, summer 2, Tuesday,59152,16.7
frame,lgw,Year 1, summer 2, Tuesday,59153,17.4
frame,lgw,Year 1, summer 2, Tuesday,59154,15.9
frame,lgw,Year 1, summer 2, Tuesday,59155,16.7
frame,lgw,Year 1, summer 2, Tuesday,59156,16.7
frame,lgw,Year 1, summer 2, Tuesday,59157,16.7
frame,lgw,Year 1, summer 2, Tuesday,59158,16.7
frame,lgw,Year 1, summer 2, Tuesday,59159,16.6
frame,lgw,Year 1, summer 2, Tuesday,59160,16.7
frame,lgw,Year 1, summer 2, Tuesday,59161,16.6
frame,lgw,Year 1, summer 2, Tuesday,59162,16.7
frame,lgw,Year 1, summer 2, Tuesday,59163,16.6
frame,lgw,Year 1, summer 2, Tuesday,59164,16.7
frame,lgw,Year 1, summer 2, Tuesday,59165,16.6
frame,lgw,Year 1, summer 2, Tuesday,59166,16.8
frame,lgw,Year 1, summer 2, Tuesday,59167,16.6
frame,lgw,Year 1, summer 2, Tuesday,59168,16.6
frame,lgw,Year 1, summer 2, Tuesday,59169,16.6
frame,lgw,Year 1, summer 2, Tuesday,59170,16.7
frame,lgw,Year 1, summer 2, Tuesday,59171,16.7
frame,lgw,Year 1, summer 2, Tuesday,59172,16.7
frame,lgw,Year 1, summer 2, Tuesday,59173,16.7
frame,lgw,Year 1, summer 2, Tuesday,59174,16.8
frame,lgw,Year 1, summer 2, Tuesday,59175,16.9
frame,lgw,Year 1, summer 2, Tuesday,59176,17.0
frame,lgw,Year 1, summer 2, Tuesday,59177,16.0
frame,lgw,Year 1, summer 2, Tuesday,59178,16.7
frame,lgw,Year 1, summer 2, Tuesday,59179,16.7
frame,lgw,Year 1, summer 2, Tuesday,59180,16.6
frame,lgw,Year 1, summer 2, Tuesday,59181,16.7
frame,lgw,Year 1, summer 2, Tuesday,59182,16.6
frame,lgw,Year 1, summer 2, Tuesday,59183,16.7
frame,lgw,Year 1, summer 2, Tuesday,59184,17.0
frame,lgw,Year 1, summer 2, Tuesday,59185,16.4
frame,lgw,Year 1, summer 2, Tuesday,59186,16.7
frame,lgw,Year 1, summer 2, Tuesday,59187,16.7
frame,lgw,Year 1, summer 2, Tuesday,59188,16.7
frame,lgw,Year 1, summer 2, Tuesday,59189,16.8
frame,lgw,Year 1, summer 2, Tuesday,59190,16.7
frame,lgw,Year 1, summer 2, Tuesday,59191,16.5
frame,lgw,Year 1, summer 2, Tuesday,59192,16.7
frame,lgw,Year 1, summer 2, Tuesday,59193,16.7
frame,lgw,Year 1, summer 2, Tuesday,59194,16.7
frame,lgw,Year 1, summer 2, Tuesday,59195,16.7
frame,lgw,Year 1, summer 2, Tuesday,59196,16.7
frame,lgw,Year 1, summer 2, Tuesday,59197,16.7
frame,lgw,Year 1, summer 2, Tuesday,59198,16.6
frame,lgw,Year 1, summer 2, Tuesday,59199,16.7
frame,lgw,Year 1, summer 2, Tuesday,59200,16.8
frame,lgw,Year 1, summer 2, Tuesday,59201,16.7
frame,lgw,Year 1, summer 2, Tuesday,59202,16.7
frame,lgw,Year 1, summer 2, Tuesday,59203,16.5
frame,lgw,Year 1, summer 2, Tuesday,59204,16.8
frame,lgw,Year 1, summer 2, Tuesday,59205,16.6
frame,lgw,Year 1, summer 2, Tuesday,59206,16.9
frame,lgw,Year 1, summer 2, Tuesday,59207,17.2
frame,lgw,Year 1, summer 2, Tuesday,59208,15.8
frame,lgw,Year 1, summer 2, Tuesday,59209,16.7
frame,lgw,Year 1, summer 2, Tuesday,59210,16.7
frame,lgw,Year 1, summer 2, Tuesday,59211,16.6
frame,lgw,Year 1, summer 2, Tuesday,59212,16.6
frame,lgw,Year 1, summer 2, Tuesday,59213,16.7
frame,lgw,Year 1, summer 2, Tuesday,59214,16.7
frame,lgw,Year 1, summer 2, Tuesday,59215,16.7
frame,lgw,Year 1, summer 2, Tuesday,59216,16.7
frame,lgw,Year 1, summer 2, Tuesday,59217,16.6
frame,lgw,Year 1, summer 2, Tuesday,59218,16.7
frame,lgw,Year 1, summer 2, Tuesday,59219,16.6
frame,lgw,Year 1, summer 2, Tuesday,59220,17.1
frame,lgw,Year 1, summer 2, Tuesday,59221,16.3
frame,lgw,Year 1, summer 2, Tuesday,59222,16.7
frame,lgw,Year 1, summer 2, Tuesday,59223,16.6
frame,lgw,Year 1, summer 2, Tuesday,59224,16.7
frame,lgw,Year 1, summer 2, Tuesday,59225,16.8
frame,lgw,Year 1, summer 2, Tuesday,59226,16.6
frame,lgw,Year 1, summer 2, Tuesday,59227,16.6
frame,lgw,Year 1, summer 2, Tuesday,59228,16.7
frame,lgw,Year 1, summer 2, Tuesday,59229,16.7
frame,lgw,Year 1, summer 2, Tuesday,59230,16.6
frame,lgw,Year 1, summer 2, Tuesday,59231,16.7
frame,lgw,Year 1, summer 2, Tuesday,59232,16.7
frame,lgw,Year 1, summer 2, Tuesday,59233,16.7
frame,lgw,Year 1, summer 2, Tuesday,59234,16.7
frame,lgw,Year 1, summer 2, Tuesday,59235,16.7
frame,lgw,Year 1, summer 2, Tuesday,59236,16.7
frame,lgw,Year 1, summer 2, Tuesday,59237,16.6
frame,lgw,Year 1, summer 2, Tuesday,59238,16.6
frame,lgw,Year 1, summer 2, Tuesday,59239,16.7
frame,lgw,Year 1, summer 2, Tuesday,59240,16.7
frame,lgw,Year 1, summer 2, Tuesday,59241,16.7
frame,lgw,Year 1, summer 2, Tuesday,59242,16.7
frame,lgw,Year 1, summer 2, Tuesday,59243,16.6
frame,lgw,Year 1, summer 2, Tuesday,59244,16.7
frame,lgw,Year 1, summer 2, Tuesday,59245,16.7
frame,lgw,Year 1, summer 2, Tuesday,59246,16.7
frame,lgw,Year 1, summer 2, Tuesday,59247,16.6
frame,lgw,Year 1, summer 2, Tuesday,59248,16.7
frame,lgw,Year 1, summer 2, Tuesday,59249,16.7
frame,lgw,Year 1, summer 2, Tuesday,59250,16.7
frame,lgw,Year 1, summer 2, Tuesday,59251,16.8
frame,lgw,Year 1, summer 2, Tuesday,59252,16.6
frame,lgw,Year 1, summer 2, Tuesday,59253,16.6
frame,lgw,Year 1, summer 2, Tuesday,59254,16.7
frame,lgw,Year 1, summer 2, Tuesday,59255,16.7
frame,lgw,Year 1, summer 2, Tuesday,59256,16.6
frame,lgw,Year 1, summer 2, Tuesday,59257,16.7
frame,lgw,Year 1, summer 2, Tuesday,59258,16.7
frame,lgw,Year 1, summer 2, Tuesday,59259,16.7
frame,lgw,Year 1, summer 2, Tuesday,59260,16.7
frame,lgw,Year 1, summer 2, Tuesday,59261,16.7
frame,lgw,Year 1, summer 2, Tuesday,59262,16.6
frame,lgw,Year 1, summer 2, Tuesday,59263,16.6
frame,lgw,Year 1, summer 2, Tuesday,59264,16.8
frame,lgw,Year 1, summer 2, Tuesday,59265,16.6
frame,lgw,Year 1, summer 2, Tuesday,59266,16.7
frame,lgw,Year 1, summer 2, Tuesday,59267,16.7
frame,lgw,Year 1, summer 2, Tuesday,59268,16.7
frame,lgw,Year 1, summer 2, Tuesday,59269,16.7
frame,lgw,Year 1, summer 2, Tuesday,59270,16.6
frame,lgw,Year 1, summer 2, Tuesday,59271,16.7
frame,lgw,Year 1, summer 2, Tuesday,59272,16.6
frame,lgw,Year 1, summer 2, Tuesday,59273,16.7
frame,lgw,Year 1, summer 2, Tuesday,59274,16.7
frame,lgw,Year 1, summer 2, Tuesday,59275,16.7
frame,lgw,Year 1, summer 2, Tuesday,59276,16.8
frame,lgw,Year 1, summer 2, Tuesday,59277,16.6
frame,lgw,Year 1, summer 2, Tuesday,59278,16.6
frame,lgw,Year 1, summer 2, Tuesday,59279,16.6
frame,lgw,Year 1, summer 2, Tuesday,59280,16.8
frame,lgw,Year 1, summer 2, Tuesday,59281,16.5
frame,lgw,Year 1, summer 2, Tuesday,59282,16.7
frame,lgw,Year 1, summer 2, Tuesday,59283,16.7
frame,lgw,Year 1, summer 2, Tuesday,59284,16.7
frame,lgw,Year 1, summer 2, Tuesday,59285,16.6
frame,lgw,Year 1, summer 2, Tuesday,59286,16.6
frame,lgw,Year 1, summer 2, Tuesday,59287,16.7
frame,lgw,Year 1, summer 2, Tuesday,59288,16.6
frame,lgw,Year 1, summer 2, Tuesday,59289,16.6
frame,lgw,Year 1, summer 2, Tuesday,59290,16.7
frame,lgw,Year 1, summer 2, Tuesday,59291,16.7
frame,lgw,Year 1, summer 2, Tuesday,59292,16.6
frame,lgw,Year 1, summer 2, Tuesday,59293,16.7
frame,lgw,Year 1, summer 2, Tuesday,59294,16.8
frame,lgw,Year 1, summer 2, Tuesday,59295,16.5
frame,lgw,Year 1, summer 2, Tuesday,59296,16.6
frame,lgw,Year 1, summer 2, Tuesday,59297,16.7
frame,lgw,Year 1, summer 2, Tuesday,59298,16.7
frame,lgw,Year 1, summer 2, Tuesday,59299,16.7
frame,lgw,Year 1, summer 2, Tuesday,59300,16.6
frame,lgw,Year 1, summer 2, Tuesday,59301,16.7
frame,lgw,Year 1, summer 2, Tuesday,59302,16.7
frame,lgw,Year 1, summer 2, Tuesday,59303,16.6
frame,lgw,Year 1, summer 2, Tuesday,59304,16.6
frame,lgw,Year 1, summer 2, Tuesday,59305,16.7
frame,lgw,Year 1, summer 2, Tuesday,59306,16.8
frame,lgw,Year 1, summer 2, Tuesday,59307,16.5
frame,lgw,Year 1, summer 2, Tuesday,59308,16.6
frame,lgw,Year 1, summer 2, Tuesday,59309,17.1
frame,lgw,Year 1, summer 2, Tuesday,59310,16.3
frame,lgw,Year 1, summer 2, Tuesday,59311,16.6
frame,lgw,Year 1, summer 2, Tuesday,59312,16.7
frame,lgw,Year 1, summer 2, Tuesday,59313,16.7
frame,lgw,Year 1, summer 2, Tuesday,59314,16.7
frame,lgw,Year 1, summer 2, Tuesday,59315,16.7
frame,lgw,Year 1, summer 2, Tuesday,59316,16.6
frame,lgw,Year 1, summer 2, Tuesday,59317,16.7
frame,lgw,Year 1, summer 2, Tuesday,59318,16.7
frame,lgw,Year 1, summer 2, Tuesday,59319,16.7
frame,lgw,Year 1, summer 2, Tuesday,59320,16.6
frame,lgw,Year 1, summer 2, Tuesday,59321,17.2
frame,lgw,Year 1, summer 2, Tuesday,59322,16.2
frame,lgw,Year 1, summer 2, Tuesday,59323,16.6
frame,lgw,Year 1, summer 2, Tuesday,59324,16.7
frame,lgw,Year 1, summer 2, Tuesday,59325,16.7
frame,lgw,Year 1, summer 2, Tuesday,59326,16.6
frame,lgw,Year 1, summer 2, Tuesday,59327,16.8
frame,lgw,Year 1, summer 2, Tuesday,59328,16.6
frame,lgw,Year 1, summer 2, Tuesday,59329,16.6
frame,lgw,Year 1, summer 2, Tuesday,59330,16.7
frame,lgw,Year 1, summer 2, Tuesday,59331,16.6
frame,lgw,Year 1, summer 2, Tuesday,59332,16.7
frame,lgw,Year 1, summer 2, Tuesday,59333,16.7
frame,lgw,Year 1, summer 2, Tuesday,59334,16.6
frame,lgw,Year 1, summer 2, Tuesday,59335,16.6
frame,lgw,Year 1, summer 2, Tuesday,59336,16.7
frame,lgw,Year 1, summer 2, Tuesday,59337,16.6
frame,lgw,Year 1, summer 2, Tuesday,59338,16.7
frame,lgw,Year 1, summer 2, Tuesday,59339,16.8
frame,lgw,Year 1, summer 2, Tuesday,59340,16.7
frame,lgw,Year 1, summer 2, Tuesday,59341,16.6
frame,lgw,Year 1, summer 2, Tuesday,59342,16.7
frame,lgw,Year 1, summer 2, Tuesday,59343,16.6
frame,lgw,Year 1, summer 2, Tuesday,59344,16.7
frame,lgw,Year 1, summer 2, Tuesday,59345,16.6
frame,lgw,Year 1, summer 2, Tuesday,59346,16.8
frame,lgw,Year 1, summer 2, Tuesday,59347,16.9
frame,lgw,Year 1, summer 2, Tuesday,59348,16.5
frame,lgw,Year 1, summer 2, Tuesday,59349,16.5
frame,lgw,Year 1, summer 2, Tuesday,59350,16.7
frame,lgw,Year 1, summer 2, Tuesday,59351,16.7
frame,lgw,Year 1, summer 2, Tuesday,59352,16.6
frame,lgw,Year 1, summer 2, Tuesday,59353,16.8
frame,lgw,Year 1, summer 2, Tuesday,59354,16.6
frame,lgw,Year 1, summer 2, Tuesday,59355,16.6
frame,lgw,Year 1, summer 2, Tuesday,59356,16.6
frame,lgw,Year 1, summer 2, Tuesday,59357,16.7
frame,lgw,Year 1, summer 2, Tuesday,59358,16.6
frame,lgw,Year 1, summer 2, Tuesday,59359,16.7
frame,lgw,Year 1, summer 2, Tuesday,59360,16.7
frame,lgw,Year 1, summer 2, Tuesday,59361,16.7
frame,lgw,Year 1, summer 2, Tuesday,59362,16.6
frame,lgw,Year 1, summer 2, Tuesday,59363,16.7
frame,lgw,Year 1, summer 2, Tuesday,59364,16.6
frame,lgw,Year 1, summer 2, Tuesday,59365,16.7
frame,lgw,Year 1, summer 2, Tuesday,59366,16.7
frame,lgw,Year 1, summer 2, Tuesday,59367,16.7
frame,lgw,Year 1, summer 2, Tuesday,59368,16.7
frame,lgw,Year 1, summer 2, Tuesday,59369,16.7
frame,lgw,Year 1, summer 2, Tuesday,59370,16.7
frame,lgw,Year 1, summer 2, Tuesday,59371,16.6
frame,lgw,Year 1, summer 2, Tuesday,59372,16.7
frame,lgw,Year 1, summer 2, Tuesday,59373,16.7
frame,lgw,Year 1, summer 2, Tuesday,59374,16.7
frame,lgw,Year 1, summer 2, Tuesday,59375,16.6
frame,lgw,Year 1, summer 2, Tuesday,59376,16.6
frame,lgw,Year 1, summer 2, Tuesday,59377,16.6
frame,lgw,Year 1, summer 2, Tuesday,59378,16.8
frame,lgw,Year 1, summer 2, Tuesday,59379,16.7
frame,lgw,Year 1, summer 2, Tuesday,59380,16.6
frame,lgw,Year 1, summer 2, Tuesday,59381,16.7
frame,lgw,Year 1, summer 2, Tuesday,59382,16.7
frame,lgw,Year 1, summer 2, Tuesday,59383,16.7
frame,lgw,Year 1, summer 2, Tuesday,59384,16.7
frame,lgw,Year 1, summer 2, Tuesday,59385,16.7
frame,lgw,Year 1, summer 2, Tuesday,59386,16.6
frame,lgw,Year 1, summer 2, Tuesday,59387,16.7
frame,lgw,Year 1, summer 2, Tuesday,59388,16.7
frame,lgw,Year 1, summer 2, Tuesday,59389,16.6
frame,lgw,Year 1, summer 2, Tuesday,59390,16.6
frame,lgw,Year 1, summer 2, Tuesday,59391,16.6
frame,lgw,Year 1, summer 2, Tuesday,59392,16.7
frame,lgw,Year 1, summer 2, Tuesday,59393,16.7
frame,lgw,Year 1, summer 2, Tuesday,59394,16.7
frame,lgw,Year 1, summer 2, Tuesday,59395,16.7
frame,lgw,Year 1, summer 2, Tuesday,59396,16.7
frame,lgw,Year 1, summer 2, Tuesday,59397,16.6
frame,lgw,Year 1, summer 2, Tuesday,59398,16.6
frame,lgw,Year 1, summer 2, Tuesday,59399,16.7
frame,lgw,Year 1, summer 2, Tuesday,59400,16.8
frame,lgw,Year 1, summer 2, Tuesday,59401,16.5
frame,lgw,Year 1, summer 2, Tuesday,59402,16.8
frame,lgw,Year 1, summer 2, Tuesday,59403,16.5
frame,lgw,Year 1, summer 2, Tuesday,59404,16.7
frame,lgw,Year 1, summer 2, Tuesday,59405,16.7
frame,lgw,Year 1, summer 2, Tuesday,59406,16.6
frame,lgw,Year 1, summer 2, Tuesday,59407,16.7
frame,lgw,Year 1, summer 2, Tuesday,59408,16.8
frame,lgw,Year 1, summer 2, Tuesday,59409,16.4
frame,lgw,Year 1, summer 2, Tuesday,59410,16.7
frame,lgw,Year 1, summer 2, Tuesday,59411,16.7
frame,lgw,Year 1, summer 2, Tuesday,59412,16.7
frame,lgw,Year 1, summer 2, Tuesday,59413,16.6
frame,lgw,Year 1, summer 2, Tuesday,59414,16.9
frame,lgw,Year 1, summer 2, Tuesday,59415,16.6
frame,lgw,Year 1, summer 2, Tuesday,59416,16.5
frame,lgw,Year 1, summer 2, Tuesday,59417,16.7
frame,lgw,Year 1, summer 2, Tuesday,59418,16.7
frame,lgw,Year 1, summer 2, Tuesday,59419,16.7
frame,lgw,Year 1, summer 2, Tuesday,59420,16.7
frame,lgw,Year 1, summer 2, Tuesday,59421,16.7
frame,lgw,Year 1, summer 2, Tuesday,59422,16.6
frame,lgw,Year 1, summer 2, Tuesday,59423,16.7
frame,lgw,Year 1, summer 2, Tuesday,59424,16.6
frame,lgw,Year 1, summer 2, Tuesday,59425,16.7
frame,lgw,Year 1, summer 2, Tuesday,59426,16.7
frame,lgw,Year 1, summer 2, Tuesday,59427,16.7
frame,lgw,Year 1, summer 2, Tuesday,59428,16.7
frame,lgw,Year 1, summer 2, Tuesday,59429,16.7
frame,lgw,Year 1, summer 2, Tuesday,59430,16.6
frame,lgw,Year 1, summer 2, Tuesday,59431,16.7
frame,lgw,Year 1, summer 2, Tuesday,59432,16.6
frame,lgw,Year 1, summer 2, Tuesday,59433,16.7
frame,lgw,Year 1, summer 2, Tuesday,59434,16.7
frame,lgw,Year 1, summer 2, Tuesday,59435,16.6
frame,lgw,Year 1, summer 2, Tuesday,59436,16.8
frame,lgw,Year 1, summer 2, Tuesday,59437,16.6
frame,lgw,Year 1, summer 2, Tuesday,59438,16.7
frame,lgw,Year 1, summer 2, Tuesday,59439,16.6
frame,lgw,Year 1, summer 2, Tuesday,59440,16.7
frame,lgw,Year 1, summer 2, Tuesday,59441,16.8
frame,lgw,Year 1, summer 2, Tuesday,59442,16.6
frame,lgw,Year 1, summer 2, Tuesday,59443,16.6
frame,lgw,Year 1, summer 2, Tuesday,59444,16.7
frame,lgw,Year 1, summer 2, Tuesday,59445,16.8
frame,lgw,Year 1, summer 2, Tuesday,59446,16.6
frame,lgw,Year 1, summer 2, Tuesday,59447,16.6
frame,lgw,Year 1, summer 2, Tuesday,59448,16.7
frame,lgw,Year 1, summer 2, Tuesday,59449,16.6
frame,lgw,Year 1, summer 2, Tuesday,59450,16.7
frame,lgw,Year 1, summer 2, Tuesday,59451,16.7
frame,lgw,Year 1, summer 2, Tuesday,59452,16.7
frame,lgw,Year 1, summer 2, Tuesday,59453,16.6
frame,lgw,Year 1, summer 2, Tuesday,59454,16.7
frame,lgw,Year 1, summer 2, Tuesday,59455,16.7
frame,lgw,Year 1, summer 2, Tuesday,59456,16.7
frame,lgw,Year 1, summer 2, Tuesday,59457,16.6
frame,lgw,Year 1, summer 2, Tuesday,59458,16.6
frame,lgw,Year 1, summer 2, Tuesday,59459,16.7
frame,lgw,Year 1, summer 2, Tuesday,59460,16.7
frame,lgw,Year 1, summer 2, Tuesday,59461,16.7
frame,lgw,Year 1, summer 2, Tuesday,59462,16.6
frame,lgw,Year 1, summer 2, Tuesday,59463,16.7
frame,lgw,Year 1, summer 2, Tuesday,59464,16.7
frame,lgw,Year 1, summer 2, Tuesday,59465,16.7
frame,lgw,Year 1, summer 2, Tuesday,59466,16.7
frame,lgw,Year 1, summer 2, Tuesday,59467,16.8
frame,lgw,Year 1, summer 2, Tuesday,59468,16.6
frame,lgw,Year 1, summer 2, Tuesday,59469,16.7
frame,lgw,Year 1, summer 2, Tuesday,59470,16.7
frame,lgw,Year 1, summer 2, Tuesday,59471,16.6
frame,lgw,Year 1, summer 2, Tuesday,59472,16.7
frame,lgw,Year 1, summer 2, Tuesday,59473,16.7
frame,lgw,Year 1, summer 2, Tuesday,59474,16.7
frame,lgw,Year 1, summer 2, Tuesday,59475,16.7
frame,lgw,Year 1, summer 2, Tuesday,59476,16.7
frame,lgw,Year 1, summer 2, Tuesday,59477,16.6
frame,lgw,Year 1, summer 2, Tuesday,59478,16.6
frame,lgw,Year 1, summer 2, Tuesday,59479,16.7
frame,lgw,Year 1, summer 2, Tuesday,59480,16.7
frame,lgw,Year 1, summer 2, Tuesday,59481,16.9
frame,lgw,Year 1, summer 2, Tuesday,59482,16.6
frame,lgw,Year 1, summer 2, Tuesday,59483,16.6
frame,lgw,Year 1, summer 2, Tuesday,59484,16.6
frame,lgw,Year 1, summer 2, Tuesday,59485,16.7
frame,lgw,Year 1, summer 2, Tuesday,59486,16.7
frame,lgw,Year 1, summer 2, Tuesday,59487,16.7
frame,lgw,Year 1, summer 2, Tuesday,59488,16.6
frame,lgw,Year 1, summer 2, Tuesday,59489,16.7
frame,lgw,Year 1, summer 2, Tuesday,59490,16.6
frame,lgw,Year 1, summer 2, Tuesday,59491,16.6
frame,lgw,Year 1, summer 2, Tuesday,59492,16.7
frame,lgw,Year 1, summer 2, Tuesday,59493,16.8
frame,lgw,Year 1, summer 2, Tuesday,59494,16.8
frame,lgw,Year 1, summer 2, Tuesday,59495,16.4
frame,lgw,Year 1, summer 2, Tuesday,59496,16.7
frame,lgw,Year 1, summer 2, Tuesday,59497,16.7
frame,lgw,Year 1, summer 2, Tuesday,59498,17.1
frame,lgw,Year 1, summer 2, Tuesday,59499,16.2
frame,lgw,Year 1, summer 2, Tuesday,59500,16.7
frame,lgw,Year 1, summer 2, Tuesday,59501,16.7
frame,lgw,Year 1, summer 2, Tuesday,59502,16.6
frame,lgw,Year 1, summer 2, Tuesday,59503,16.6
frame,lgw,Year 1, summer 2, Tuesday,59504,16.7
frame,lgw,Year 1, summer 2, Tuesday,59505,16.8
frame,lgw,Year 1, summer 2, Tuesday,59506,16.8
frame,lgw,Year 1, summer 2, Tuesday,59507,16.5
frame,lgw,Year 1, summer 2, Tuesday,59508,16.7
frame,lgw,Year 1, summer 2, Tuesday,59509,16.6
frame,lgw,Year 1, summer 2, Tuesday,59510,16.6
frame,lgw,Year 1, summer 2, Tuesday,59511,16.7
frame,lgw,Year 1, summer 2, Tuesday,59512,16.6
frame,lgw,Year 1, summer 2, Tuesday,59513,16.7
frame,lgw,Year 1, summer 2, Tuesday,59514,16.7
frame,lgw,Year 1, summer 2, Tuesday,59515,16.7
frame,lgw,Year 1, summer 2, Tuesday,59516,16.9
frame,lgw,Year 1, summer 2, Tuesday,59517,16.4
frame,lgw,Year 1, summer 2, Tuesday,59518,16.7
frame,lgw,Year 1, summer 2, Tuesday,59519,16.8
frame,lgw,Year 1, summer 2, Tuesday,59520,16.6
frame,lgw,Year 1, summer 2, Tuesday,59521,16.7
frame,lgw,Year 1, summer 2, Tuesday,59522,16.7
frame,lgw,Year 1, summer 2, Tuesday,59523,16.7
frame,lgw,Year 1, summer 2, Tuesday,59524,16.7
frame,lgw,Year 1, summer 2, Tuesday,59525,16.6
frame,lgw,Year 1, summer 2, Tuesday,59526,16.7
frame,lgw,Year 1, summer 2, Tuesday,59527,16.7
frame,lgw,Year 1, summer 2, Tuesday,59528,16.7
frame,lgw,Year 1, summer 2, Tuesday,59529,16.8
frame,lgw,Year 1, summer 2, Tuesday,59530,16.6
frame,lgw,Year 1, summer 2, Tuesday,59531,16.7
frame,lgw,Year 1, summer 2, Tuesday,59532,16.7
frame,lgw,Year 1, summer 2, Tuesday,59533,16.6
frame,lgw,Year 1, summer 2, Tuesday,59534,16.8
frame,lgw,Year 1, summer 2, Tuesday,59535,16.6
frame,lgw,Year 1, summer 2, Tuesday,59536,16.7
frame,lgw,Year 1, summer 2, Tuesday,59537,16.6
frame,lgw,Year 1, summer 2, Tuesday,59538,16.7
frame,lgw,Year 1, summer 2, Tuesday,59539,16.7
frame,lgw,Year 1, summer 2, Tuesday,59540,16.7
frame,lgw,Year 1, summer 2, Tuesday,59541,16.7
frame,lgw,Year 1, summer 2, Tuesday,59542,16.6
frame,lgw,Year 1, summer 2, Tuesday,59543,16.7
frame,lgw,Year 1, summer 2, Tuesday,59544,16.7
frame,lgw,Year 1, summer 2, Tuesday,59545,16.7
frame,lgw,Year 1, summer 2, Tuesday,59546,16.9
frame,lgw,Year 1, summer 2, Tuesday,59547,16.3
frame,lgw,Year 1, summer 2, Tuesday,59548,16.7
frame,lgw,Year 1, summer 2, Tuesday,59549,16.7
frame,lgw,Year 1, summer 2, Tuesday,59550,16.7
frame,lgw,Year 1, summer 2, Tuesday,59551,16.6
frame,lgw,Year 1, summer 2, Tuesday,59552,16.8
frame,lgw,Year 1, summer 2, Tuesday,59553,16.6
frame,lgw,Year 1, summer 2, Tuesday,59554,16.6
frame,lgw,Year 1, summer 2, Tuesday,59555,16.7
frame,lgw,Year 1, summer 2, Tuesday,59556,16.6
frame,lgw,Year 1, summer 2, Tuesday,59557,16.7
frame,lgw,Year 1, summer 2, Tuesday,59558,16.7
frame,lgw,Year 1, summer 2, Tuesday,59559,16.7
frame,lgw,Year 1, summer 2, Tuesday,59560,16.8
frame,lgw,Year 1, summer 2, Tuesday,59561,16.6
frame,lgw,Year 1, summer 2, Tuesday,59562,16.7
frame,lgw,Year 1, summer 2, Tuesday,59563,16.7
frame,lgw,Year 1, summer 2, Tuesday,59564,16.6
frame,lgw,Year 1, summer 2, Tuesday,59565,16.7
frame,lgw,Year 1, summer 2, Tuesday,59566,16.8
frame,lgw,Year 1, summer 2, Tuesday,59567,16.6
frame,lgw,Year 1, summer 2, Tuesday,59568,16.6
frame,lgw,Year 1, summer 2, Tuesday,59569,16.8
frame,lgw,Year 1, summer 2, Tuesday,59570,16.6
frame,lgw,Year 1, summer 2, Tuesday,59571,16.6
frame,lgw,Year 1, summer 2, Tuesday,59572,16.7
frame,lgw,Year 1, summer 2, Tuesday,59573,16.7
frame,lgw,Year 1, summer 2, Tuesday,59574,16.8
frame,lgw,Year 1, summer 2, Tuesday,59575,16.5
frame,lgw,Year 1, summer 2, Tuesday,59576,16.7
frame,lgw,Year 1, summer 2, Tuesday,59577,16.7
frame,lgw,Year 1, summer 2, Tuesday,59578,16.7
frame,lgw,Year 1, summer 2, Tuesday,59579,16.7
frame,lgw,Year 1, summer 2, Tuesday,59580,16.6
frame,lgw,Year 1, summer 2, Tuesday,59581,16.7
frame,lgw,Year 1, summer 2, Tuesday,59582,16.7
frame,lgw,Year 1, summer 2, Tuesday,59583,16.7
frame,lgw,Year 1, summer 2, Tuesday,59584,16.7
frame,lgw,Year 1, summer 2, Tuesday,59585,16.8
frame,lgw,Year 1, summer 2, Tuesday,59586,16.5
frame,lgw,Year 1, summer 2, Tuesday,59587,16.6
frame,lgw,Year 1, summer 2, Tuesday,59588,16.7
frame,lgw,Year 1, summer 2, Tuesday,59589,16.9
frame,lgw,Year 1, summer 2, Tuesday,59590,16.5
frame,lgw,Year 1, summer 2, Tuesday,59591,16.6
frame,lgw,Year 1, summer 2, Tuesday,59592,16.7
frame,lgw,Year 1, summer 2, Tuesday,59593,16.7
frame,lgw,Year 1, summer 2, Tuesday,59594,16.7
frame,lgw,Year 1, summer 2, Tuesday,59595,16.7
frame,lgw,Year 1, summer 2, Tuesday,59596,16.7
frame,lgw,Year 1, summer 2, Tuesday,59597,16.7
frame,lgw,Year 1, summer 2, Tuesday,59598,16.6
frame,lgw,Year 1, summer 2, Tuesday,59599,16.8
frame,lgw,Year 1, summer 2, Tuesday,59600,16.6
frame,lgw,Year 1, summer 2, Tuesday,59601,17.5
frame,lgw,Year 1, summer 2, Tuesday,59602,15.9
frame,lgw,Year 1, summer 2, Tuesday,59603,17.4
frame,lgw,Year 1, summer 2, Tuesday,59604,15.9
frame,lgw,Year 1, summer 2, Tuesday,59605,16.7
frame,lgw,Year 1, summer 2, Tuesday,59606,16.6
frame,lgw,Year 1, summer 2, Tuesday,59607,16.7
frame,lgw,Year 1, summer 2, Tuesday,59608,16.7
frame,lgw,Year 1, summer 2, Tuesday,59609,16.6
frame,lgw,Year 1, summer 2, Tuesday,59610,16.6
frame,lgw,Year 1, summer 2, Tuesday,59611,16.8
frame,lgw,Year 1, summer 2, Tuesday,59612,16.9
frame,lgw,Year 1, summer 2, Tuesday,59613,16.3
frame,lgw,Year 1, summer 2, Tuesday,59614,16.7
frame,lgw,Year 1, summer 2, Tuesday,59615,16.6
frame,lgw,Year 1, summer 2, Tuesday,59616,16.7
frame,lgw,Year 1, summer 2, Tuesday,59617,16.7
frame,lgw,Year 1, summer 2, Tuesday,59618,16.7
frame,lgw,Year 1, summer 2, Tuesday,59619,16.7
frame,lgw,Year 1, summer 2, Tuesday,59620,16.7
frame,lgw,Year 1, summer 2, Tuesday,59621,16.6
frame,lgw,Year 1, summer 2, Tuesday,59622,16.7
frame,lgw,Year 1, summer 2, Tuesday,59623,16.7
frame,lgw,Year 1, summer 2, Tuesday,59624,16.9
frame,lgw,Year 1, summer 2, Tuesday,59625,16.5
frame,lgw,Year 1, summer 2, Tuesday,59626,16.6
frame,lgw,Year 1, summer 2, Tuesday,59627,16.7
frame,lgw,Year 1, summer 2, Tuesday,59628,16.6
frame,lgw,Year 1, summer 2, Tuesday,59629,16.7
frame,lgw,Year 1, summer 2, Tuesday,59630,16.7
frame,lgw,Year 1, summer 2, Tuesday,59631,16.6
frame,lgw,Year 1, summer 2, Tuesday,59632,16.8
frame,lgw,Year 1, summer 2, Tuesday,59633,16.5
frame,lgw,Year 1, summer 2, Tuesday,59634,16.6
frame,lgw,Year 1, summer 2, Tuesday,59635,16.7
frame,lgw,Year 1, summer 2, Tuesday,59636,16.9
frame,lgw,Year 1, summer 2, Tuesday,59637,16.5
frame,lgw,Year 1, summer 2, Tuesday,59638,16.6
frame,lgw,Year 1, summer 2, Tuesday,59639,16.7
frame,lgw,Year 1, summer 2, Tuesday,59640,16.7
frame,lgw,Year 1, summer 2, Tuesday,59641,16.6
frame,lgw,Year 1, summer 2, Tuesday,59642,16.7
frame,lgw,Year 1, summer 2, Tuesday,59643,16.6
frame,lgw,Year 1, summer 2, Tuesday,59644,16.7
frame,lgw,Year 1, summer 2, Tuesday,59645,16.6
frame,lgw,Year 1, summer 2, Tuesday,59646,16.7
frame,lgw,Year 1, summer 2, Tuesday,59647,16.6
frame,lgw,Year 1, summer 2, Tuesday,59648,16.7
frame,lgw,Year 1, summer 2, Tuesday,59649,16.7
frame,lgw,Year 1, summer 2, Tuesday,59650,16.6
frame,lgw,Year 1, summer 2, Tuesday,59651,16.7
frame,lgw,Year 1, summer 2, Tuesday,59652,16.6
frame,lgw,Year 1, summer 2, Tuesday,59653,16.7
frame,lgw,Year 1, summer 2, Tuesday,59654,16.7
frame,lgw,Year 1, summer 2, Tuesday,59655,16.7
frame,lgw,Year 1, summer 2, Tuesday,59656,16.7
frame,lgw,Year 1, summer 2, Tuesday,59657,16.6
frame,lgw,Year 1, summer 2, Tuesday,59658,16.6
frame,lgw,Year 1, summer 2, Tuesday,59659,16.7
frame,lgw,Year 1, summer 2, Tuesday,59660,16.7
frame,lgw,Year 1, summer 2, Tuesday,59661,16.7
frame,lgw,Year 1, summer 2, Tuesday,59662,16.9
frame,lgw,Year 1, summer 2, Tuesday,59663,16.5
frame,lgw,Year 1, summer 2, Tuesday,59664,16.6
frame,lgw,Year 1, summer 2, Tuesday,59665,16.6
frame,lgw,Year 1, summer 2, Tuesday,59666,16.7
frame,lgw,Year 1, summer 2, Tuesday,59667,16.6
frame,lgw,Year 1, summer 2, Tuesday,59668,16.7
frame,lgw,Year 1, summer 2, Tuesday,59669,16.6
frame,lgw,Year 1, summer 2, Tuesday,59670,16.6
frame,lgw,Year 1, summer 2, Tuesday,59671,16.7
frame,lgw,Year 1, summer 2, Tuesday,59672,16.7
frame,lgw,Year 1, summer 2, Tuesday,59673,16.7
frame,lgw,Year 1, summer 2, Tuesday,59674,16.7
frame,lgw,Year 1, summer 2, Tuesday,59675,16.7
frame,lgw,Year 1, summer 2, Tuesday,59676,16.6
frame,lgw,Year 1, summer 2, Tuesday,59677,16.7
frame,lgw,Year 1, summer 2, Tuesday,59678,16.7
frame,lgw,Year 1, summer 2, Tuesday,59679,16.7
frame,lgw,Year 1, summer 2, Tuesday,59680,16.6
frame,lgw,Year 1, summer 2, Tuesday,59681,16.7
frame,lgw,Year 1, summer 2, Tuesday,59682,16.7
frame,lgw,Year 1, summer 2, Tuesday,59683,16.7
frame,lgw,Year 1, summer 2, Tuesday,59684,16.7
frame,lgw,Year 1, summer 2, Tuesday,59685,16.7
frame,lgw,Year 1, summer 2, Tuesday,59686,16.6
frame,lgw,Year 1, summer 2, Tuesday,59687,17.0
frame,lgw,Year 1, summer 2, Tuesday,59688,16.6
frame,lgw,Year 1, summer 2, Tuesday,59689,16.5
frame,lgw,Year 1, summer 2, Tuesday,59690,16.7
frame,lgw,Year 1, summer 2, Tuesday,59691,16.7
frame,lgw,Year 1, summer 2, Tuesday,59692,16.7
frame,lgw,Year 1, summer 2, Tuesday,59693,16.6
frame,lgw,Year 1, summer 2, Tuesday,59694,16.6
frame,lgw,Year 1, summer 2, Tuesday,59695,16.7
frame,lgw,Year 1, summer 2, Tuesday,59696,16.6
frame,lgw,Year 1, summer 2, Tuesday,59697,16.7
frame,lgw,Year 1, summer 2, Tuesday,59698,16.7
frame,lgw,Year 1, summer 2, Tuesday,59699,16.7
frame,lgw,Year 1, summer 2, Tuesday,59700,16.9
frame,lgw,Year 1, summer 2, Tuesday,59701,16.4
frame,lgw,Year 1, summer 2, Tuesday,59702,16.6
frame,lgw,Year 1, summer 2, Tuesday,59703,16.6
frame,lgw,Year 1, summer 2, Tuesday,59704,16.7
frame,lgw,Year 1, summer 2, Tuesday,59705,16.6
frame,lgw,Year 1, summer 2, Tuesday,59706,16.7
frame,lgw,Year 1, summer 2, Tuesday,59707,16.7
frame,lgw,Year 1, summer 2, Tuesday,59708,16.7
frame,lgw,Year 1, summer 2, Tuesday,59709,17.4
frame,lgw,Year 1, summer 2, Tuesday,59710,16.0
frame,lgw,Year 1, summer 2, Tuesday,59711,16.6
frame,lgw,Year 1, summer 2, Tuesday,59712,16.6
frame,lgw,Year 1, summer 2, Tuesday,59713,16.7
frame,lgw,Year 1, summer 2, Tuesday,59714,16.7
frame,lgw,Year 1, summer 2, Tuesday,59715,16.8
frame,lgw,Year 1, summer 2, Tuesday,59716,16.5
frame,lgw,Year 1, summer 2, Tuesday,59717,16.7
frame,lgw,Year 1, summer 2, Tuesday,59718,16.6
frame,lgw,Year 1, summer 2, Tuesday,59719,16.6
frame,lgw,Year 1, summer 2, Tuesday,59720,16.7
frame,lgw,Year 1, summer 2, Tuesday,59721,16.6
frame,lgw,Year 1, summer 2, Tuesday,59722,16.7
frame,lgw,Year 1, summer 2, Tuesday,59723,16.7
frame,lgw,Year 1, summer 2, Tuesday,59724,16.6
frame,lgw,Year 1, summer 2, Tuesday,59725,16.7
frame,lgw,Year 1, summer 2, Tuesday,59726,16.8
frame,lgw,Year 1, summer 2, Tuesday,59727,16.8
frame,lgw,Year 1, summer 2, Tuesday,59728,16.5
frame,lgw,Year 1, summer 2, Tuesday,59729,16.7
frame,lgw,Year 1, summer 2, Tuesday,59730,16.6
frame,lgw,Year 1, summer 2, Tuesday,59731,16.7
frame,lgw,Year 1, summer 2, Tuesday,59732,16.6
frame,lgw,Year 1, summer 2, Tuesday,59733,16.7
frame,lgw,Year 1, summer 2, Tuesday,59734,16.7
frame,lgw,Year 1, summer 2, Tuesday,59735,16.7
frame,lgw,Year 1, summer 2, Tuesday,59736,16.8
frame,lgw,Year 1, summer 2, Tuesday,59737,16.6
frame,lgw,Year 1, summer 2, Tuesday,59738,16.6
frame,lgw,Year 1, summer 2, Tuesday,59739,16.7
frame,lgw,Year 1, summer 2, Tuesday,59740,16.9
frame,lgw,Year 1, summer 2, Tuesday,59741,16.6
frame,lgw,Year 1, summer 2, Tuesday,59742,16.6
frame,lgw,Year 1, summer 2, Tuesday,59743,16.6
frame,lgw,Year 1, summer 2, Tuesday,59744,16.8
frame,lgw,Year 1, summer 2, Tuesday,59745,16.6
frame,lgw,Year 1, summer 2, Tuesday,59746,16.6
frame,lgw,Year 1, summer 2, Tuesday,59747,16.8
frame,lgw,Year 1, summer 2, Tuesday,59748,16.6
frame,lgw,Year 1, summer 2, Tuesday,59749,16.6
frame,lgw,Year 1, summer 2, Tuesday,59750,16.6
frame,lgw,Year 1, summer 2, Tuesday,59751,16.7
frame,lgw,Year 1, summer 2, Tuesday,59752,16.8
frame,lgw,Year 1, summer 2, Tuesday,59753,16.6
frame,lgw,Year 1, summer 2, Tuesday,59754,16.7
frame,lgw,Year 1, summer 2, Tuesday,59755,16.5
frame,lgw,Year 1, summer 2, Tuesday,59756,16.6
frame,lgw,Year 1, summer 2, Tuesday,59757,16.7
frame,lgw,Year 1, summer 2, Tuesday,59758,16.6
frame,lgw,Year 1, summer 2, Tuesday,59759,16.6
frame,lgw,Year 1, summer 2, Tuesday,59760,16.7
frame,lgw,Year 1, summer 2, Tuesday,59761,16.6
frame,lgw,Year 1, summer 2, Tuesday,59762,16.6
frame,lgw,Year 1, summer 2, Tuesday,59763,16.7
frame,lgw,Year 1, summer 2, Tuesday,59764,16.7
frame,lgw,Year 1, summer 2, Tuesday,59765,16.7
frame,lgw,Year 1, summer 2, Tuesday,59766,16.7
frame,lgw,Year 1, summer 2, Tuesday,59767,16.8
frame,lgw,Year 1, summer 2, Tuesday,59768,16.6
frame,lgw,Year 1, summer 2, Tuesday,59769,16.6
frame,lgw,Year 1, summer 2, Tuesday,59770,16.7
frame,lgw,Year 1, summer 2, Tuesday,59771,16.7
frame,lgw,Year 1, summer 2, Tuesday,59772,16.7
frame,lgw,Year 1, summer 2, Tuesday,59773,16.6
frame,lgw,Year 1, summer 2, Tuesday,59774,16.7
frame,lgw,Year 1, summer 2, Tuesday,59775,16.7
frame,lgw,Year 1, summer 2, Tuesday,59776,16.7
frame,lgw,Year 1, summer 2, Tuesday,59777,16.6
frame,lgw,Year 1, summer 2, Tuesday,59778,16.7
frame,lgw,Year 1, summer 2, Tuesday,59779,16.6
frame,lgw,Year 1, summer 2, Tuesday,59780,16.7
frame,lgw,Year 1, summer 2, Tuesday,59781,16.8
frame,lgw,Year 1, summer 2, Tuesday,59782,16.7
frame,lgw,Year 1, summer 2, Tuesday,59783,16.6
frame,lgw,Year 1, summer 2, Tuesday,59784,16.6
frame,lgw,Year 1, summer 2, Tuesday,59785,16.6
frame,lgw,Year 1, summer 2, Tuesday,59786,16.7
frame,lgw,Year 1, summer 2, Tuesday,59787,16.7
frame,lgw,Year 1, summer 2, Tuesday,59788,16.7
frame,lgw,Year 1, summer 2, Tuesday,59789,16.7
frame,lgw,Year 1, summer 2, Tuesday,59790,16.7
frame,lgw,Year 1, summer 2, Tuesday,59791,16.8
frame,lgw,Year 1, summer 2, Tuesday,59792,16.7
frame,lgw,Year 1, summer 2, Tuesday,59793,16.6
frame,lgw,Year 1, summer 2, Tuesday,59794,16.8
frame,lgw,Year 1, summer 2, Tuesday,59795,16.5
frame,lgw,Year 1, summer 2, Tuesday,59796,16.7
frame,lgw,Year 1, summer 2, Tuesday,59797,16.7
frame,lgw,Year 1, summer 2, Tuesday,59798,16.7
frame,lgw,Year 1, summer 2, Tuesday,59799,16.6
frame,lgw,Year 1, summer 2, Tuesday,59800,16.7
frame,lgw,Year 1, summer 2, Tuesday,59801,16.6
frame,lgw,Year 1, summer 2, Tuesday,59802,16.7
frame,lgw,Year 1, summer 2, Tuesday,59803,16.6
frame,lgw,Year 1, summer 2, Tuesday,59804,16.7
frame,lgw,Year 1, summer 2, Tuesday,59805,16.7
frame,lgw,Year 1, summer 2, Tuesday,59806,16.7
frame,lgw,Year 1, summer 2, Tuesday,59807,16.7
frame,lgw,Year 1, summer 2, Tuesday,59808,16.7
frame,lgw,Year 1, summer 2, Tuesday,59809,16.5
frame,lgw,Year 1, summer 2, Tuesday,59810,16.7
frame,lgw,Year 1, summer 2, Tuesday,59811,16.7
frame,lgw,Year 1, summer 2, Tuesday,59812,16.7
frame,lgw,Year 1, summer 2, Tuesday,59813,16.8
frame,lgw,Year 1, summer 2, Tuesday,59814,16.6
frame,lgw,Year 1, summer 2, Tuesday,59815,16.6
frame,lgw,Year 1, summer 2, Tuesday,59816,16.6
frame,lgw,Year 1, summer 2, Tuesday,59817,16.7
frame,lgw,Year 1, summer 2, Tuesday,59818,16.7
frame,lgw,Year 1, summer 2, Tuesday,59819,16.8
frame,lgw,Year 1, summer 2, Tuesday,59820,16.4
frame,lgw,Year 1, summer 2, Tuesday,59821,16.7
frame,lgw,Year 1, summer 2, Tuesday,59822,16.7
frame,lgw,Year 1, summer 2, Tuesday,59823,16.7
frame,lgw,Year 1, summer 2, Tuesday,59824,16.6
frame,lgw,Year 1, summer 2, Tuesday,59825,16.7
frame,lgw,Year 1, summer 2, Tuesday,59826,16.8
frame,lgw,Year 1, summer 2, Tuesday,59827,16.5
frame,lgw,Year 1, summer 2, Tuesday,59828,16.6
frame,lgw,Year 1, summer 2, Tuesday,59829,16.7
frame,lgw,Year 1, summer 2, Tuesday,59830,16.7
frame,lgw,Year 1, summer 2, Tuesday,59831,16.7
frame,lgw,Year 1, summer 2, Tuesday,59832,16.9
frame,lgw,Year 1, summer 2, Tuesday,59833,16.4
frame,lgw,Year 1, summer 2, Tuesday,59834,16.7
frame,lgw,Year 1, summer 2, Tuesday,59835,17.3
frame,lgw,Year 1, summer 2, Tuesday,59836,16.0
frame,lgw,Year 1, summer 2, Tuesday,59837,16.7
frame,lgw,Year 1, summer 2, Tuesday,59838,16.7
frame,lgw,Year 1, summer 2, Tuesday,59839,17.4
frame,lgw,Year 1, summer 2, Tuesday,59840,15.9
frame,lgw,Year 1, summer 2, Tuesday,59841,16.7
frame,lgw,Year 1, summer 2, Tuesday,59842,16.7
frame,lgw,Year 1, summer 2, Tuesday,59843,16.8
frame,lgw,Year 1, summer 2, Tuesday,59844,16.7
frame,lgw,Year 1, summer 2, Tuesday,59845,16.6
frame,lgw,Year 1, summer 2, Tuesday,59846,16.8
frame,lgw,Year 1, summer 2, Tuesday,59847,16.5
frame,lgw,Year 1, summer 2, Tuesday,59848,16.7
frame,lgw,Year 1, summer 2, Tuesday,59849,16.7
frame,lgw,Year 1, summer 2, Tuesday,59850,16.7
frame,lgw,Year 1, summer 2, Tuesday,59851,16.6
frame,lgw,Year 1, summer 2, Tuesday,59852,16.7
frame,lgw,Year 1, summer 2, Tuesday,59853,16.6
frame,lgw,Year 1, summer 2, Tuesday,59854,16.8
frame,lgw,Year 1, summer 2, Tuesday,59855,16.6
frame,lgw,Year 1, summer 2, Tuesday,59856,16.6
frame,lgw,Year 1, summer 2, Tuesday,59857,16.7
frame,lgw,Year 1, summer 2, Tuesday,59858,16.9
frame,lgw,Year 1, summer 2, Tuesday,59859,16.5
frame,lgw,Year 1, summer 2, Tuesday,59860,16.6
frame,lgw,Year 1, summer 2, Tuesday,59861,16.7
frame,lgw,Year 1, summer 2, Tuesday,59862,16.7
frame,lgw,Year 1, summer 2, Tuesday,59863,17.2
frame,lgw,Year 1, summer 2, Tuesday,59864,16.2
frame,lgw,Year 1, summer 2, Tuesday,59865,16.7
frame,lgw,Year 1, summer 2, Tuesday,59866,16.7
frame,lgw,Year 1, summer 2, Tuesday,59867,16.7
frame,lgw,Year 1, summer 2, Tuesday,59868,16.8
frame,lgw,Year 1, summer 2, Tuesday,59869,16.6
frame,lgw,Year 1, summer 2, Tuesday,59870,16.7
frame,lgw,Year 1, summer 2, Tuesday,59871,17.0
frame,lgw,Year 1, summer 2, Tuesday,59872,16.3
frame,lgw,Year 1, summer 2, Tuesday,59873,16.8
frame,lgw,Year 1, summer 2, Tuesday,59874,16.5
frame,lgw,Year 1, summer 2, Tuesday,59875,16.7
frame,lgw,Year 1, summer 2, Tuesday,59876,16.7
frame,lgw,Year 1, summer 2, Tuesday,59877,16.6
frame,lgw,Year 1, summer 2, Tuesday,59878,16.7
frame,lgw,Year 1, summer 2, Tuesday,59879,16.6
frame,lgw,Year 1, summer 2, Tuesday,59880,16.7
frame,lgw,Year 1, summer 2, Tuesday,59881,16.7
frame,lgw,Year 1, summer 2, Tuesday,59882,16.7
frame,lgw,Year 1, summer 2, Tuesday,59883,16.6
frame,lgw,Year 1, summer 2, Tuesday,59884,16.9
frame,lgw,Year 1, summer 2, Tuesday,59885,16.5
frame,lgw,Year 1, summer 2, Tuesday,59886,16.7
frame,lgw,Year 1, summer 2, Tuesday,59887,16.7
frame,lgw,Year 1, summer 2, Tuesday,59888,16.6
frame,lgw,Year 1, summer 2, Tuesday,59889,16.7
frame,lgw,Year 1, summer 2, Tuesday,59890,16.7
frame,lgw,Year 1, summer 2, Tuesday,59891,16.8
frame,lgw,Year 1, summer 2, Tuesday,59892,16.6
frame,lgw,Year 1, summer 2, Tuesday,59893,16.7
frame,lgw,Year 1, summer 2, Tuesday,59894,16.6
frame,lgw,Year 1, summer 2, Tuesday,59895,16.7
frame,lgw,Year 1, summer 2, Tuesday,59896,16.7
frame,lgw,Year 1, summer 2, Tuesday,59897,16.6
frame,lgw,Year 1, summer 2, Tuesday,59898,16.7
frame,lgw,Year 1, summer 2, Tuesday,59899,16.6
frame,lgw,Year 1, summer 2, Tuesday,59900,16.6
frame,lgw,Year 1, summer 2, Tuesday,59901,16.9
frame,lgw,Year 1, summer 2, Tuesday,59902,16.5
frame,lgw,Year 1, summer 2, Tuesday,59903,16.7
frame,lgw,Year 1, summer 2, Tuesday,59904,16.6
frame,lgw,Year 1, summer 2, Tuesday,59905,16.7
frame,lgw,Year 1, summer 2, Tuesday,59906,16.7
frame,lgw,Year 1, summer 2, Tuesday,59907,16.6
frame,lgw,Year 1, summer 2, Tuesday,59908,16.7
frame,lgw,Year 1, summer 2, Tuesday,59909,16.7
frame,lgw,Year 1, summer 2, Tuesday,59910,16.7
frame,lgw,Year 1, summer 2, Tuesday,59911,16.7
frame,lgw,Year 1, summer 2, Tuesday,59912,16.7
frame,lgw,Year 1, summer 2, Tuesday,59913,16.6
frame,lgw,Year 1, summer 2, Tuesday,59914,16.6
frame,lgw,Year 1, summer 2, Tuesday,59915,16.7
frame,lgw,Year 1, summer 2, Tuesday,59916,16.6
frame,lgw,Year 1, summer 2, Tuesday,59917,16.7
frame,lgw,Year 1, summer 2, Tuesday,59918,16.7
frame,lgw,Year 1, summer 2, Tuesday,59919,16.7
frame,lgw,Year 1, summer 2, Tuesday,59920,16.7
frame,lgw,Year 1, summer 2, Tuesday,59921,16.6
frame,lgw,Year 1, summer 2, Tuesday,59922,16.8
frame,lgw,Year 1, summer 2, Tuesday,59923,16.7
frame,lgw,Year 1, summer 2, Tuesday,59924,16.6
frame,lgw,Year 1, summer 2, Tuesday,59925,16.6
frame,lgw,Year 1, summer 2, Tuesday,59926,16.7
frame,lgw,Year 1, summer 2, Tuesday,59927,16.6
frame,lgw,Year 1, summer 2, Tuesday,59928,16.8
frame,lgw,Year 1, summer 2, Tuesday,59929,16.7
frame,lgw,Year 1, summer 2, Tuesday,59930,16.6
frame,lgw,Year 1, summer 2, Tuesday,59931,16.6
frame,lgw,Year 1, summer 2, Tuesday,59932,16.7
frame,lgw,Year 1, summer 2, Tuesday,59933,16.7
frame,lgw,Year 1, summer 2, Tuesday,59934,16.8
frame,lgw,Year 1, summer 2, Tuesday,59935,16.6
frame,lgw,Year 1, summer 2, Tuesday,59936,16.6
frame,lgw,Year 1, summer 2, Tuesday,59937,16.7
frame,lgw,Year 1, summer 2, Tuesday,59938,16.7
frame,lgw,Year 1, summer 2, Tuesday,59939,16.6
frame,lgw,Year 1, summer 2, Tuesday,59940,16.8
frame,lgw,Year 1, summer 2, Tuesday,59941,16.6
frame,lgw,Year 1, summer 2, Tuesday,59942,16.6
frame,lgw,Year 1, summer 2, Tuesday,59943,16.8
frame,lgw,Year 1, summer 2, Tuesday,59944,16.6
frame,lgw,Year 1, summer 2, Tuesday,59945,16.6
frame,lgw,Year 1, summer 2, Tuesday,59946,16.6
frame,lgw,Year 1, summer 2, Tuesday,59947,16.7
frame,lgw,Year 1, summer 2, Tuesday,59948,16.7
frame,lgw,Year 1, summer 2, Tuesday,59949,16.6
frame,lgw,Year 1, summer 2, Tuesday,59950,16.6
frame,lgw,Year 1, summer 2, Tuesday,59951,17.4
frame,lgw,Year 1, summer 2, Tuesday,59952,15.9
frame,lgw,Year 1, summer 2, Tuesday,59953,16.7
frame,lgw,Year 1, summer 2, Tuesday,59954,16.7
frame,lgw,Year 1, summer 2, Tuesday,59955,16.7
frame,lgw,Year 1, summer 2, Tuesday,59956,16.7
frame,lgw,Year 1, summer 2, Tuesday,59957,16.6
frame,lgw,Year 1, summer 2, Tuesday,59958,16.7
frame,lgw,Year 1, summer 2, Tuesday,59959,16.6
frame,lgw,Year 1, summer 2, Tuesday,59960,16.7
frame,lgw,Year 1, summer 2, Tuesday,59961,16.6
frame,lgw,Year 1, summer 2, Tuesday,59962,16.7
frame,lgw,Year 1, summer 2, Tuesday,59963,16.7
frame,lgw,Year 1, summer 2, Tuesday,59964,16.8
frame,lgw,Year 1, summer 2, Tuesday,59965,16.6
frame,lgw,Year 1, summer 2, Tuesday,59966,16.7
frame,lgw,Year 1, summer 2, Tuesday,59967,16.6
frame,lgw,Year 1, summer 2, Tuesday,59968,17.2
frame,lgw,Year 1, summer 2, Tuesday,59969,16.2
frame,lgw,Year 1, summer 2, Tuesday,59970,16.6
frame,lgw,Year 1, summer 2, Tuesday,59971,16.7
frame,lgw,Year 1, summer 2, Tuesday,59972,16.7
frame,lgw,Year 1, summer 2, Tuesday,59973,16.8
frame,lgw,Year 1, summer 2, Tuesday,59974,16.7
frame,lgw,Year 1, summer 2, Tuesday,59975,16.6
frame,lgw,Year 1, summer 2, Tuesday,59976,16.7
frame,lgw,Year 1, summer 2, Tuesday,59977,16.7
frame,lgw,Year 1, summer 2, Tuesday,59978,16.7
frame,lgw,Year 1, summer 2, Tuesday,59979,16.7
frame,lgw,Year 1, summer 2, Tuesday,59980,16.6
frame,lgw,Year 1, summer 2, Tuesday,59981,16.6
frame,lgw,Year 1, summer 2, Tuesday,59982,16.7
frame,lgw,Year 1, summer 2, Tuesday,59983,16.6
frame,lgw,Year 1, summer 2, Tuesday,59984,16.7
frame,lgw,Year 1, summer 2, Tuesday,59985,16.7
frame,lgw,Year 1, summer 2, Tuesday,59986,16.6
frame,lgw,Year 1, summer 2, Tuesday,59987,16.7
frame,lgw,Year 1, summer 2, Tuesday,59988,16.6
frame,lgw,Year 1, summer 2, Tuesday,59989,16.8
frame,lgw,Year 1, summer 2, Tuesday,59990,16.6
frame,lgw,Year 1, summer 2, Tuesday,59991,16.6
frame,lgw,Year 1, summer 2, Tuesday,59992,16.6
frame,lgw,Year 1, summer 2, Tuesday,59993,16.7
frame,lgw,Year 1, summer 2, Tuesday,59994,16.7
frame,lgw,Year 1, summer 2, Tuesday,59995,16.7
frame,lgw,Year 1, summer 2, Tuesday,59996,16.6
frame,lgw,Year 1, summer 2, Tuesday,59997,16.7
frame,lgw,Year 1, summer 2, Tuesday,59998,16.6
frame,lgw,Year 1, summer 2, Tuesday,59999,16.8
frame,lgw,Year 1, summer 2, Tuesday,65120,16.7
frame,lgw,Year 1, summer 2, Tuesday,65121,16.7
frame,lgw,Year 1, summer 2, Tuesday,65122,16.7
frame,lgw,Year 1, summer 2, Tuesday,65123,16.7
frame,lgw,Year 1, summer 2, Tuesday,65124,16.6
frame,lgw,Year 1, summer 2, Tuesday,65125,16.6
frame,lgw,Year 1, summer 2, Tuesday,65126,16.7
frame,lgw,Year 1, summer 2, Tuesday,65127,16.7
frame,lgw,Year 1, summer 2, Tuesday,65128,16.7
frame,lgw,Year 1, summer 2, Tuesday,65129,16.8
frame,lgw,Year 1, summer 2, Tuesday,65130,16.6
frame,lgw,Year 1, summer 2, Tuesday,65131,16.5
frame,lgw,Year 1, summer 2, Tuesday,65132,16.7
frame,lgw,Year 1, summer 2, Tuesday,65133,16.7
frame,lgw,Year 1, summer 2, Tuesday,65134,16.7
frame,lgw,Year 1, summer 2, Tuesday,65135,16.6
frame,lgw,Year 1, summer 2, Tuesday,65136,16.6
frame,lgw,Year 1, summer 2, Tuesday,65137,16.7
frame,lgw,Year 1, summer 2, Tuesday,65138,16.7
frame,lgw,Year 1, summer 2, Tuesday,65139,16.7
frame,lgw,Year 1, summer 2, Tuesday,65140,16.6
frame,lgw,Year 1, summer 2, Tuesday,65141,16.7
frame,lgw,Year 1, summer 2, Tuesday,65142,16.7
frame,lgw,Year 1, summer 2, Tuesday,65143,16.8
frame,lgw,Year 1, summer 2, Tuesday,65144,16.9
frame,lgw,Year 1, summer 2, Tuesday,65145,16.4
frame,lgw,Year 1, summer 2, Tuesday,65146,16.6
frame,lgw,Year 1, summer 2, Tuesday,65147,16.6
frame,lgw,Year 1, summer 2, Tuesday,65148,16.7
frame,lgw,Year 1, summer 2, Tuesday,65149,16.6
frame,lgw,Year 1, summer 2, Tuesday,65150,16.8
frame,lgw,Year 1, summer 2, Tuesday,65151,16.5
frame,lgw,Year 1, summer 2, Tuesday,65152,16.6
frame,lgw,Year 1, summer 2, Tuesday,65153,16.7
frame,lgw,Year 1, summer 2, Tuesday,65154,16.6
frame,lgw,Year 1, summer 2, Tuesday,65155,16.7
frame,lgw,Year 1, summer 2, Tuesday,65156,16.7
frame,lgw,Year 1, summer 2, Tuesday,65157,16.6
frame,lgw,Year 1, summer 2, Tuesday,65158,16.6
frame,lgw,Year 1, summer 2, Tuesday,65159,16.7
frame,lgw,Year 1, summer 2, Tuesday,65160,16.7
frame,lgw,Year 1, summer 2, Tuesday,65161,16.6
frame,lgw,Year 1, summer 2, Tuesday,65162,16.7
frame,lgw,Year 1, summer 2, Tuesday,65163,16.7
frame,lgw,Year 1, summer 2, Tuesday,65164,16.6
frame,lgw,Year 1, summer 2, Tuesday,65165,16.7
frame,lgw,Year 1, summer 2, Tuesday,65166,16.6
frame,lgw,Year 1, summer 2, Tuesday,65167,16.7
frame,lgw,Year 1, summer 2, Tuesday,65168,16.7
frame,lgw,Year 1, summer 2, Tuesday,65169,16.7
frame,lgw,Year 1, summer 2, Tuesday,65170,16.6
frame,lgw,Year 1, summer 2, Tuesday,65171,16.7
frame,lgw,Year 1, summer 2, Tuesday,65172,16.6
frame,lgw,Year 1, summer 2, Tuesday,65173,16.7
frame,lgw,Year 1, summer 2, Tuesday,65174,16.7
frame,lgw,Year 1, summer 2, Tuesday,65175,16.7
frame,lgw,Year 1, summer 2, Tuesday,65176,16.6
frame,lgw,Year 1, summer 2, Tuesday,65177,16.7
frame,lgw,Year 1, summer 2, Tuesday,65178,16.7
frame,lgw,Year 1, summer 2, Tuesday,65179,16.6
frame,lgw,Year 1, summer 2, Tuesday,65180,16.7
frame,lgw,Year 1, summer 2, Tuesday,65181,16.7
frame,lgw,Year 1, summer 2, Tuesday,65182,17.6
frame,lgw,Year 1, summer 2, Tuesday,65183,15.7
frame,lgw,Year 1, summer 2, Tuesday,65184,16.6
frame,lgw,Year 1, summer 2, Tuesday,65185,16.7
frame,lgw,Year 1, summer 2, Tuesday,65186,16.6
frame,lgw,Year 1, summer 2, Tuesday,65187,16.7
frame,lgw,Year 1, summer 2, Tuesday,65188,16.7
frame,lgw,Year 1, summer 2, Tuesday,65189,16.7
frame,lgw,Year 1, summer 2, Tuesday,65190,16.6
frame,lgw,Year 1, summer 2, Tuesday,65191,16.7
frame,lgw,Year 1, summer 2, Tuesday,65192,16.7
frame,lgw,Year 1, summer 2, Tuesday,65193,16.7
frame,lgw,Year 1, summer 2, Tuesday,65194,16.8
frame,lgw,Year 1, summer 2, Tuesday,65195,16.6
frame,lgw,Year 1, summer 2, Tuesday,65196,16.5
frame,lgw,Year 1, summer 2, Tuesday,65197,16.6
frame,lgw,Year 1, summer 2, Tuesday,65198,16.7
frame,lgw,Year 1, summer 2, Tuesday,65199,16.7
frame,lgw,Year 1, summer 2, Tuesday,65200,16.7
frame,lgw,Year 1, summer 2, Tuesday,65201,16.7
frame,lgw,Year 1, summer 2, Tuesday,65202,16.6
frame,lgw,Year 1, summer 2, Tuesday,65203,16.7
frame,lgw,Year 1, summer 2, Tuesday,65204,16.7
frame,lgw,Year 1, summer 2, Tuesday,65205,16.7
frame,lgw,Year 1, summer 2, Tuesday,65206,16.6
frame,lgw,Year 1, summer 2, Tuesday,65207,16.7
frame,lgw,Year 1, summer 2, Tuesday,65208,16.8
frame,lgw,Year 1, summer 2, Tuesday,65209,16.6
frame,lgw,Year 1, summer 2, Tuesday,65210,16.6
frame,lgw,Year 1, summer 2, Tuesday,65211,16.7
frame,lgw,Year 1, summer 2, Tuesday,65212,16.7
frame,lgw,Year 1, summer 2, Tuesday,65213,16.7
frame,lgw,Year 1, summer 2, Tuesday,65214,16.6
frame,lgw,Year 1, summer 2, Tuesday,65215,16.7
frame,lgw,Year 1, summer 2, Tuesday,65216,16.6
frame,lgw,Year 1, summer 2, Tuesday,65217,16.7
frame,lgw,Year 1, summer 2, Tuesday,65218,17.3
frame,lgw,Year 1, summer 2, Tuesday,65219,16.0
frame,lgw,Year 1, summer 2, Tuesday,65220,16.7
frame,lgw,Year 1, summer 2, Tuesday,65221,16.8
frame,lgw,Year 1, summer 2, Tuesday,65222,16.6
frame,lgw,Year 1, summer 2, Tuesday,65223,16.6
frame,lgw,Year 1, summer 2, Tuesday,65224,16.7
frame,lgw,Year 1, summer 2, Tuesday,65225,16.6
frame,lgw,Year 1, summer 2, Tuesday,65226,16.7
frame,lgw,Year 1, summer 2, Tuesday,65227,16.7
frame,lgw,Year 1, summer 2, Tuesday,65228,16.7
frame,lgw,Year 1, summer 2, Tuesday,65229,16.6
frame,lgw,Year 1, summer 2, Tuesday,65230,16.7
frame,lgw,Year 1, summer 2, Tuesday,65231,16.6
frame,lgw,Year 1, summer 2, Tuesday,65232,16.9
frame,lgw,Year 1, summer 2, Tuesday,65233,16.6
frame,lgw,Year 1, summer 2, Tuesday,65234,16.7
frame,lgw,Year 1, summer 2, Tuesday,65235,16.6
frame,lgw,Year 1, summer 2, Tuesday,65236,16.7
frame,lgw,Year 1, summer 2, Tuesday,65237,16.7
frame,lgw,Year 1, summer 2, Tuesday,65238,16.7
frame,lgw,Year 1, summer 2, Tuesday,65239,16.7
frame,lgw,Year 1, summer 2, Tuesday,65240,16.6
frame,lgw,Year 1, summer 2, Tuesday,65241,16.7
frame,lgw,Year 1, summer 2, Tuesday,65242,16.7
frame,lgw,Year 1, summer 2, Tuesday,65243,16.7
frame,lgw,Year 1, summer 2, Tuesday,65244,16.8
frame,lgw,Year 1, summer 2, Tuesday,65245,16.6
frame,lgw,Year 1, summer 2, Tuesday,65246,16.6
frame,lgw,Year 1, summer 2, Tuesday,65247,16.7
frame,lgw,Year 1, summer 2, Tuesday,65248,16.7
frame,lgw,Year 1, summer 2, Tuesday,65249,16.6
frame,lgw,Year 1, summer 2, Tuesday,65250,16.6
frame,lgw,Year 1, summer 2, Tuesday,65251,16.7
frame,lgw,Year 1, summer 2, Tuesday,65252,16.7
frame,lgw,Year 1, summer 2, Tuesday,65253,16.7
frame,lgw,Year 1, summer 2, Tuesday,65254,16.9
frame,lgw,Year 1, summer 2, Tuesday,65255,16.4
frame,lgw,Year 1, summer 2, Tuesday,65256,16.7
frame,lgw,Year 1, summer 2, Tuesday,65257,16.6
frame,lgw,Year 1, summer 2, Tuesday,65258,16.7
frame,lgw,Year 1, summer 2, Tuesday,65259,16.9
frame,lgw,Year 1, summer 2, Tuesday,65260,16.4
frame,lgw,Year 1, summer 2, Tuesday,65261,16.6
frame,lgw,Year 1, summer 2, Tuesday,65262,16.7
frame,lgw,Year 1, summer 2, Tuesday,65263,16.7
frame,lgw,Year 1, summer 2, Tuesday,65264,16.7
frame,lgw,Year 1, summer 2, Tuesday,65265,16.7
frame,lgw,Year 1, summer 2, Tuesday,65266,16.7
frame,lgw,Year 1, summer 2, Tuesday,65267,16.6
frame,lgw,Year 1, summer 2, Tuesday,65268,16.6
frame,lgw,Year 1, summer 2, Tuesday,65269,16.7
frame,lgw,Year 1, summer 2, Tuesday,65270,16.7
frame,lgw,Year 1, summer 2, Tuesday,65271,16.6
frame,lgw,Year 1, summer 2, Tuesday,65272,16.7
frame,lgw,Year 1, summer 2, Tuesday,65273,16.6
frame,lgw,Year 1, summer 2, Tuesday,65274,16.7
frame,lgw,Year 1, summer 2, Tuesday,65275,16.6
frame,lgw,Year 1, summer 2, Tuesday,65276,16.6
frame,lgw,Year 1, summer 2, Tuesday,65277,16.7
frame,lgw,Year 1, summer 2, Tuesday,65278,16.7
frame,lgw,Year 1, summer 2, Tuesday,65279,16.6
frame,lgw,Year 1, summer 2, Tuesday,65280,16.7
frame,lgw,Year 1, summer 2, Tuesday,65281,16.7
frame,lgw,Year 1, summer 2, Tuesday,65282,16.7
frame,lgw,Year 1, summer 2, Tuesday,65283,16.6
frame,lgw,Year 1, summer 2, Tuesday,65284,16.7
frame,lgw,Year 1, summer 2, Tuesday,65285,16.6
frame,lgw,Year 1, summer 2, Tuesday,65286,16.8
frame,lgw,Year 1, summer 2, Tuesday,65287,16.7
frame,lgw,Year 1, summer 2, Tuesday,65288,16.7
frame,lgw,Year 1, summer 2, Tuesday,65289,16.5
frame,lgw,Year 1, summer 2, Tuesday,65290,16.7
frame,lgw,Year 1, summer 2, Tuesday,65291,16.7
frame,lgw,Year 1, summer 2, Tuesday,65292,16.7
frame,lgw,Year 1, summer 2, Tuesday,65293,16.7
frame,lgw,Year 1, summer 2, Tuesday,65294,16.7
frame,lgw,Year 1, summer 2, Tuesday,65295,16.7
frame,lgw,Year 1, summer 2, Tuesday,65296,16.7
frame,lgw,Year 1, summer 2, Tuesday,65297,16.6
frame,lgw,Year 1, summer 2, Tuesday,65298,16.7
frame,lgw,Year 1, summer 2, Tuesday,65299,16.7
frame,lgw,Year 1, summer 2, Tuesday,65300,16.7
frame,lgw,Year 1, summer 2, Tuesday,65301,16.7
frame,lgw,Year 1, summer 2, Tuesday,65302,16.6
frame,lgw,Year 1, summer 2, Tuesday,65303,16.7
frame,lgw,Year 1, summer 2, Tuesday,65304,16.7
frame,lgw,Year 1, summer 2, Tuesday,65305,16.7
frame,lgw,Year 1, summer 2, Tuesday,65306,16.7
frame,lgw,Year 1, summer 2, Tuesday,65307,16.6
frame,lgw,Year 1, summer 2, Tuesday,65308,16.7
frame,lgw,Year 1, summer 2, Tuesday,65309,16.7
frame,lgw,Year 1, summer 2, Tuesday,65310,16.6
frame,lgw,Year 1, summer 2, Tuesday,65311,16.7
frame,lgw,Year 1, summer 2, Tuesday,65312,16.8
frame,lgw,Year 1, summer 2, Tuesday,65313,16.6
frame,lgw,Year 1, summer 2, Tuesday,65314,16.6
frame,lgw,Year 1, summer 2, Tuesday,65315,16.8
frame,lgw,Year 1, summer 2, Tuesday,65316,16.6
frame,lgw,Year 1, summer 2, Tuesday,65317,16.6
frame,lgw,Year 1, summer 2, Tuesday,65318,16.6
frame,lgw,Year 1, summer 2, Tuesday,65319,16.7
frame,lgw,Year 1, summer 2, Tuesday,65320,16.6
frame,lgw,Year 1, summer 2, Tuesday,65321,16.7
frame,lgw,Year 1, summer 2, Tuesday,65322,16.6
frame,lgw,Year 1, summer 2, Tuesday,65323,16.7
frame,lgw,Year 1, summer 2, Tuesday,65324,16.8
frame,lgw,Year 1, summer 2, Tuesday,65325,16.5
frame,lgw,Year 1, summer 2, Tuesday,65326,16.7
frame,lgw,Year 1, summer 2, Tuesday,65327,16.8
frame,lgw,Year 1, summer 2, Tuesday,65328,16.6
frame,lgw,Year 1, summer 2, Tuesday,65329,16.7
frame,lgw,Year 1, summer 2, Tuesday,65330,16.9
frame,lgw,Year 1, summer 2, Tuesday,65331,17.2
frame,lgw,Year 1, summer 2, Tuesday,65332,16.1
frame,lgw,Year 1, summer 2, Tuesday,65333,16.5
frame,lgw,Year 1, summer 2, Tuesday,65334,16.7
frame,lgw,Year 1, summer 2, Tuesday,65335,16.7
frame,lgw,Year 1, summer 2, Tuesday,65336,16.7
frame,lgw,Year 1, summer 2, Tuesday,65337,16.7
frame,lgw,Year 1, summer 2, Tuesday,65338,16.7
frame,lgw,Year 1, summer 2, Tuesday,65339,16.6
frame,lgw,Year 1, summer 2, Tuesday,65340,16.6
frame,lgw,Year 1, summer 2, Tuesday,65341,16.7
frame,lgw,Year 1, summer 2, Tuesday,65342,16.7
frame,lgw,Year 1, summer 2, Tuesday,65343,16.6
frame,lgw,Year 1, summer 2, Tuesday,65344,16.7
frame,lgw,Year 1, summer 2, Tuesday,65345,16.8
frame,lgw,Year 1, summer 2, Tuesday,65346,16.5
frame,lgw,Year 1, summer 2, Tuesday,65347,16.7
frame,lgw,Year 1, summer 2, Tuesday,65348,16.7
frame,lgw,Year 1, summer 2, Tuesday,65349,16.7
frame,lgw,Year 1, summer 2, Tuesday,65350,16.7
frame,lgw,Year 1, summer 2, Tuesday,65351,16.7
frame,lgw,Year 1, summer 2, Tuesday,65352,16.7
frame,lgw,Year 1, summer 2, Tuesday,65353,16.7
frame,lgw,Year 1, summer 2, Tuesday,65354,16.6
frame,lgw,Year 1, summer 2, Tuesday,65355,16.7
frame,lgw,Year 1, summer 2, Tuesday,65356,16.7
frame,lgw,Year 1, summer 2, Tuesday,65357,16.8
frame,lgw,Year 1, summer 2, Tuesday,65358,16.6
frame,lgw,Year 1, summer 2, Tuesday,65359,16.5
frame,lgw,Year 1, summer 2, Tuesday,65360,16.7
frame,lgw,Year 1, summer 2, Tuesday,65361,16.7
frame,lgw,Year 1, summer 2, Tuesday,65362,16.6
frame,lgw,Year 1, summer 2, Tuesday,65363,16.8
frame,lgw,Year 1, summer 2, Tuesday,65364,16.6
frame,lgw,Year 1, summer 2, Tuesday,65365,16.7
frame,lgw,Year 1, summer 2, Tuesday,65366,16.6
frame,lgw,Year 1, summer 2, Tuesday,65367,16.7
frame,lgw,Year 1, summer 2, Tuesday,65368,16.7
frame,lgw,Year 1, summer 2, Tuesday,65369,16.7
frame,lgw,Year 1, summer 2, Tuesday,65370,16.6
frame,lgw,Year 1, summer 2, Tuesday,65371,16.7
frame,lgw,Year 1, summer 2, Tuesday,65372,16.7
frame,lgw,Year 1, summer 2, Tuesday,65373,16.7
frame,lgw,Year 1, summer 2, Tuesday,65374,16.7
frame,lgw,Year 1, summer 2, Tuesday,65375,16.8
frame,lgw,Year 1, summer 2, Tuesday,65376,17.0
frame,lgw,Year 1, summer 2, Tuesday,65377,16.2
frame,lgw,Year 1, summer 2, Tuesday,65378,17.3
frame,lgw,Year 1, summer 2, Tuesday,65379,16.0
frame,lgw,Year 1, summer 2, Tuesday,65380,17.5
frame,lgw,Year 1, summer 2, Tuesday,65381,15.9
frame,lgw,Year 1, summer 2, Tuesday,65382,16.6
frame,lgw,Year 1, summer 2, Tuesday,65383,16.6
frame,lgw,Year 1, summer 2, Tuesday,65384,16.7
frame,lgw,Year 1, summer 2, Tuesday,65385,16.7
frame,lgw,Year 1, summer 2, Tuesday,65386,16.8
frame,lgw,Year 1, summer 2, Tuesday,65387,16.6
frame,lgw,Year 1, summer 2, Tuesday,65388,16.6
frame,lgw,Year 1, summer 2, Tuesday,65389,16.7
frame,lgw,Year 1, summer 2, Tuesday,65390,16.6
frame,lgw,Year 1, summer 2, Tuesday,65391,16.7
frame,lgw,Year 1, summer 2, Tuesday,65392,16.7
frame,lgw,Year 1, summer 2, Tuesday,65393,16.7
frame,lgw,Year 1, summer 2, Tuesday,65394,16.6
frame,lgw,Year 1, summer 2, Tuesday,65395,16.7
frame,lgw,Year 1, summer 2, Tuesday,65396,16.7
frame,lgw,Year 1, summer 2, Tuesday,65397,16.7
frame,lgw,Year 1, summer 2, Tuesday,65398,16.7
frame,lgw,Year 1, summer 2, Tuesday,65399,16.7
frame,lgw,Year 1, summer 2, Tuesday,65400,16.8
frame,lgw,Year 1, summer 2, Tuesday,65401,16.6
frame,lgw,Year 1, summer 2, Tuesday,65402,16.7
frame,lgw,Year 1, summer 2, Tuesday,65403,16.6
frame,lgw,Year 1, summer 2, Tuesday,65404,16.7
frame,lgw,Year 1, summer 2, Tuesday,65405,16.6
frame,lgw,Year 1, summer 2, Tuesday,65406,16.7
frame,lgw,Year 1, summer 2, Tuesday,65407,17.8
frame,lgw,Year 1, summer 2, Tuesday,65408,15.6
frame,lgw,Year 1, summer 2, Tuesday,65409,16.6
frame,lgw,Year 1, summer 2, Tuesday,65410,16.7
frame,lgw,Year 1, summer 2, Tuesday,65411,16.6
frame,lgw,Year 1, summer 2, Tuesday,65412,16.8
frame,lgw,Year 1, summer 2, Tuesday,65413,16.6
frame,lgw,Year 1, summer 2, Tuesday,65414,16.8
frame,lgw,Year 1, summer 2, Tuesday,65415,16.6
frame,lgw,Year 1, summer 2, Tuesday,65416,16.6
frame,lgw,Year 1, summer 2, Tuesday,65417,16.7
frame,lgw,Year 1, summer 2, Tuesday,65418,16.6
frame,lgw,Year 1, summer 2, Tuesday,65419,16.7
frame,lgw,Year 1, summer 2, Tuesday,65420,16.7
frame,lgw,Year 1, summer 2, Tuesday,65421,16.7
frame,lgw,Year 1, summer 2, Tuesday,65422,16.7
frame,lgw,Year 1, summer 2, Tuesday,65423,16.7
frame,lgw,Year 1, summer 2, Tuesday,65424,16.7
frame,lgw,Year 1, summer 2, Tuesday,65425,16.7
frame,lgw,Year 1, summer 2, Tuesday,65426,16.6
frame,lgw,Year 1, summer 2, Tuesday,65427,16.9
frame,lgw,Year 1, summer 2, Tuesday,65428,16.6
frame,lgw,Year 1, summer 2, Tuesday,65429,16.5
frame,lgw,Year 1, summer 2, Tuesday,65430,16.7
frame,lgw,Year 1, summer 2, Tuesday,65431,16.7
frame,lgw,Year 1, summer 2, Tuesday,65432,16.6
frame,lgw,Year 1, summer 2, Tuesday,65433,16.7
frame,lgw,Year 1, summer 2, Tuesday,65434,16.7
frame,lgw,Year 1, summer 2, Tuesday,65435,16.7
frame,lgw,Year 1, summer 2, Tuesday,65436,16.8
frame,lgw,Year 1, summer 2, Tuesday,65437,16.6
frame,lgw,Year 1, summer 2, Tuesday,65438,16.6
frame,lgw,Year 1, summer 2, Tuesday,65439,16.7
frame,lgw,Year 1, summer 2, Tuesday,65440,16.8
frame,lgw,Year 1, summer 2, Tuesday,65441,16.6
frame,lgw,Year 1, summer 2, Tuesday,65442,16.7
frame,lgw,Year 1, summer 2, Tuesday,65443,16.5
frame,lgw,Year 1, summer 2, Tuesday,65444,16.7
frame,lgw,Year 1, summer 2, Tuesday,65445,16.6
frame,lgw,Year 1, summer 2, Tuesday,65446,16.7
frame,lgw,Year 1, summer 2, Tuesday,65447,17.4
frame,lgw,Year 1, summer 2, Tuesday,65448,16.0
frame,lgw,Year 1, summer 2, Tuesday,65449,16.6
frame,lgw,Year 1, summer 2, Tuesday,65450,16.6
frame,lgw,Year 1, summer 2, Tuesday,65451,16.8
frame,lgw,Year 1, summer 2, Tuesday,65452,16.6
frame,lgw,Year 1, summer 2, Tuesday,65453,16.7
frame,lgw,Year 1, summer 2, Tuesday,65454,16.8
frame,lgw,Year 1, summer 2, Tuesday,65455,16.7
frame,lgw,Year 1, summer 2, Tuesday,65456,16.5
frame,lgw,Year 1, summer 2, Tuesday,65457,16.7
frame,lgw,Year 1, summer 2, Tuesday,65458,16.6
frame,lgw,Year 1, summer 2, Tuesday,65459,16.7
frame,lgw,Year 1, summer 2, Tuesday,65460,16.7
frame,lgw,Year 1, summer 2, Tuesday,65461,16.7
frame,lgw,Year 1, summer 2, Tuesday,65462,16.6
frame,lgw,Year 1, summer 2, Tuesday,65463,16.7
frame,lgw,Year 1, summer 2, Tuesday,65464,16.6
frame,lgw,Year 1, summer 2, Tuesday,65465,16.6
frame,lgw,Year 1, summer 2, Tuesday,65466,16.8
frame,lgw,Year 1, summer 2, Tuesday,65467,16.6
frame,lgw,Year 1, summer 2, Tuesday,65468,16.6
frame,lgw,Year 1, summer 2, Tuesday,65469,16.6
frame,lgw,Year 1, summer 2, Tuesday,65470,16.7
frame,lgw,Year 1, summer 2, Tuesday,65471,16.7
frame,lgw,Year 1, summer 2, Tuesday,65472,16.6
frame,lgw,Year 1, summer 2, Tuesday,65473,16.7
frame,lgw,Year 1, summer 2, Tuesday,65474,16.7
frame,lgw,Year 1, summer 2, Tuesday,65475,16.7
frame,lgw,Year 1, summer 2, Tuesday,65476,16.6
frame,lgw,Year 1, summer 2, Tuesday,65477,16.7
frame,lgw,Year 1, summer 2, Tuesday,65478,16.7
frame,lgw,Year 1, summer 2, Tuesday,65479,16.7
frame,lgw,Year 1, summer 2, Tuesday,65480,16.7
frame,lgw,Year 1, summer 2, Tuesday,65481,16.6
frame,lgw,Year 1, summer 2, Tuesday,65482,16.9
frame,lgw,Year 1, summer 2, Tuesday,65483,16.4
frame,lgw,Year 1, summer 2, Tuesday,65484,16.7
frame,lgw,Year 1, summer 2, Tuesday,65485,16.7
frame,lgw,Year 1, summer 2, Tuesday,65486,16.7
frame,lgw,Year 1, summer 2, Tuesday,65487,16.6
frame,lgw,Year 1, summer 2, Tuesday,65488,16.7
frame,lgw,Year 1, summer 2, Tuesday,65489,17.4
frame,lgw,Year 1, summer 2, Tuesday,65490,15.9
frame,lgw,Year 1, summer 2, Tuesday,65491,16.7
frame,lgw,Year 1, summer 2, Tuesday,65492,16.6
frame,lgw,Year 1, summer 2, Tuesday,65493,16.6
frame,lgw,Year 1, summer 2, Tuesday,65494,16.7
frame,lgw,Year 1, summer 2, Tuesday,65495,16.7
frame,lgw,Year 1, summer 2, Tuesday,65496,16.7
frame,lgw,Year 1, summer 2, Tuesday,65497,16.7
frame,lgw,Year 1, summer 2, Tuesday,65498,16.6
frame,lgw,Year 1, summer 2, Tuesday,65499,16.6
frame,lgw,Year 1, summer 2, Tuesday,65500,16.7
frame,lgw,Year 1, summer 2, Tuesday,65501,16.7
frame,lgw,Year 1, summer 2, Tuesday,65502,16.7
frame,lgw,Year 1, summer 2, Tuesday,65503,16.6
frame,lgw,Year 1, summer 2, Tuesday,65504,16.7
frame,lgw,Year 1, summer 2, Tuesday,65505,16.8
frame,lgw,Year 1, summer 2, Tuesday,65506,16.6
frame,lgw,Year 1, summer 2, Tuesday,65507,17.3
frame,lgw,Year 1, summer 2, Tuesday,65508,16.2
frame,lgw,Year 1, summer 2, Tuesday,65509,16.5
frame,lgw,Year 1, summer 2, Tuesday,65510,16.6
frame,lgw,Year 1, summer 2, Tuesday,65511,16.7
frame,lgw,Year 1, summer 2, Tuesday,65512,16.8
frame,lgw,Year 1, summer 2, Tuesday,65513,16.5
frame,lgw,Year 1, summer 2, Tuesday,65514,16.7
frame,lgw,Year 1, summer 2, Tuesday,65515,16.6
frame,lgw,Year 1, summer 2, Tuesday,65516,16.7
frame,lgw,Year 1, summer 2, Tuesday,65517,16.8
frame,lgw,Year 1, summer 2, Tuesday,65518,16.6
frame,lgw,Year 1, summer 2, Tuesday,65519,16.6
frame,lgw,Year 1, summer 2, Tuesday,65520,16.7
frame,lgw,Year 1, summer 2, Tuesday,65521,16.7
frame,lgw,Year 1, summer 2, Tuesday,65522,16.6
frame,lgw,Year 1, summer 2, Tuesday,65523,16.7
frame,lgw,Year 1, summer 2, Tuesday,65524,16.7
frame,lgw,Year 1, summer 2, Tuesday,65525,16.6
frame,lgw,Year 1, summer 2, Tuesday,65526,16.7
frame,lgw,Year 1, summer 2, Tuesday,65527,17.4
frame,lgw,Year 1, summer 2, Tuesday,65528,15.9
frame,lgw,Year 1, summer 2, Tuesday,65529,16.7
frame,lgw,Year 1, summer 2, Tuesday,65530,16.6
frame,lgw,Year 1, summer 2, Tuesday,65531,16.8
frame,lgw,Year 1, summer 2, Tuesday,65532,16.7
frame,lgw,Year 1, summer 2, Tuesday,65533,16.5
frame,lgw,Year 1, summer 2, Tuesday,65534,16.6
frame,lgw,Year 1, summer 2, Tuesday,65535,16.8
frame,lgw,Year 1, summer 2, Tuesday,65536,16.6
frame,lgw,Year 1, summer 2, Tuesday,65537,16.7
frame,lgw,Year 1, summer 2, Tuesday,65538,16.7
frame,lgw,Year 1, summer 2, Tuesday,65539,16.7
frame,lgw,Year 1, summer 2, Tuesday,65540,16.6
frame,lgw,Year 1, summer 2, Tuesday,65541,16.7
frame,lgw,Year 1, summer 2, Tuesday,65542,16.7
frame,lgw,Year 1, summer 2, Tuesday,65543,16.8
frame,lgw,Year 1, summer 2, Tuesday,65544,16.5
frame,lgw,Year 1, summer 2, Tuesday,65545,16.7
frame,lgw,Year 1, summer 2, Tuesday,65546,16.7
frame,lgw,Year 1, summer 2, Tuesday,65547,16.6
frame,lgw,Year 1, summer 2, Tuesday,65548,16.7
frame,lgw,Year 1, summer 2, Tuesday,65549,16.6
frame,lgw,Year 1, summer 2, Tuesday,65550,16.7
frame,lgw,Year 1, summer 2, Tuesday,65551,16.7
frame,lgw,Year 1, summer 2, Tuesday,65552,16.7
frame,lgw,Year 1, summer 2, Tuesday,65553,16.6
frame,lgw,Year 1, summer 2, Tuesday,65554,16.7
frame,lgw,Year 1, summer 2, Tuesday,65555,16.7
frame,lgw,Year 1, summer 2, Tuesday,65556,16.6
frame,lgw,Year 1, summer 2, Tuesday,65557,16.8
frame,lgw,Year 1, summer 2, Tuesday,65558,16.6
frame,lgw,Year 1, summer 2, Tuesday,65559,16.6
frame,lgw,Year 1, summer 2, Tuesday,65560,17.4
frame,lgw,Year 1, summer 2, Tuesday,65561,16.0
frame,lgw,Year 1, summer 2, Tuesday,65562,16.7
frame,lgw,Year 1, summer 2, Tuesday,65563,16.7
frame,lgw,Year 1, summer 2, Tuesday,65564,16.6
frame,lgw,Year 1, summer 2, Tuesday,65565,16.6
frame,lgw,Year 1, summer 2, Tuesday,65566,16.7
frame,lgw,Year 1, summer 2, Tuesday,65567,16.7
frame,lgw,Year 1, summer 2, Tuesday,65568,16.7
frame,lgw,Year 1, summer 2, Tuesday,65569,16.8
frame,lgw,Year 1, summer 2, Tuesday,65570,16.6
frame,lgw,Year 1, summer 2, Tuesday,65571,16.7
frame,lgw,Year 1, summer 2, Tuesday,65572,16.6
frame,lgw,Year 1, summer 2, Tuesday,65573,16.7
frame,lgw,Year 1, summer 2, Tuesday,65574,16.6
frame,lgw,Year 1, summer 2, Tuesday,65575,16.7
frame,lgw,Year 1, summer 2, Tuesday,65576,16.6
frame,lgw,Year 1, summer 2, Tuesday,65577,16.7
frame,lgw,Year 1, summer 2, Tuesday,65578,16.7
frame,lgw,Year 1, summer 2, Tuesday,65579,16.7
frame,lgw,Year 1, summer 2, Tuesday,65580,16.7
frame,lgw,Year 1, summer 2, Tuesday,65581,16.7
frame,lgw,Year 1, summer 2, Tuesday,65582,16.7
frame,lgw,Year 1, summer 2, Tuesday,65583,16.7
frame,lgw,Year 1, summer 2, Tuesday,65584,16.7
frame,lgw,Year 1, summer 2, Tuesday,65585,16.6
frame,lgw,Year 1, summer 2, Tuesday,65586,16.7
frame,lgw,Year 1, summer 2, Tuesday,65587,16.7
frame,lgw,Year 1, summer 2, Tuesday,65588,16.7
frame,lgw,Year 1, summer 2, Tuesday,65589,16.6
frame,lgw,Year 1, summer 2, Tuesday,65590,16.6
frame,lgw,Year 1, summer 2, Tuesday,65591,16.7
frame,lgw,Year 1, summer 2, Tuesday,65592,16.6
frame,lgw,Year 1, summer 2, Tuesday,65593,16.7
frame,lgw,Year 1, summer 2, Tuesday,65594,16.6
frame,lgw,Year 1, summer 2, Tuesday,65595,16.8
frame,lgw,Year 1, summer 2, Tuesday,65596,16.6
frame,lgw,Year 1, summer 2, Tuesday,65597,16.6
frame,lgw,Year 1, summer 2, Tuesday,65598,16.6
frame,lgw,Year 1, summer 2, Tuesday,65599,16.9
frame,lgw,Year 1, summer 2, Tuesday,65600,16.6
frame,lgw,Year 1, summer 2, Tuesday,65601,16.7
frame,lgw,Year 1, summer 2, Tuesday,65602,16.7
frame,lgw,Year 1, summer 2, Tuesday,65603,16.6
frame,lgw,Year 1, summer 2, Tuesday,65604,16.6
frame,lgw,Year 1, summer 2, Tuesday,65605,16.7
frame,lgw,Year 1, summer 2, Tuesday,65606,16.7
frame,lgw,Year 1, summer 2, Tuesday,65607,16.6
frame,lgw,Year 1, summer 2, Tuesday,65608,16.7
frame,lgw,Year 1, summer 2, Tuesday,65609,16.7
frame,lgw,Year 1, summer 2, Tuesday,65610,16.7
frame,lgw,Year 1, summer 2, Tuesday,65611,16.7
frame,lgw,Year 1, summer 2, Tuesday,65612,16.6
frame,lgw,Year 1, summer 2, Tuesday,65613,16.7
frame,lgw,Year 1, summer 2, Tuesday,65614,16.7
frame,lgw,Year 1, summer 2, Tuesday,65615,16.6
frame,lgw,Year 1, summer 2, Tuesday,65616,16.7
frame,lgw,Year 1, summer 2, Tuesday,65617,16.7
frame,lgw,Year 1, summer 2, Tuesday,65618,16.7
frame,lgw,Year 1, summer 2, Tuesday,65619,16.6
frame,lgw,Year 1, summer 2, Tuesday,65620,16.7
frame,lgw,Year 1, summer 2, Tuesday,65621,16.7
frame,lgw,Year 1, summer 2, Tuesday,65622,16.6
frame,lgw,Year 1, summer 2, Tuesday,65623,16.7
frame,lgw,Year 1, summer 2, Tuesday,65624,16.6
frame,lgw,Year 1, summer 2, Tuesday,65625,16.7
frame,lgw,Year 1, summer 2, Tuesday,65626,17.1
frame,lgw,Year 1, summer 2, Tuesday,65627,16.3
frame,lgw,Year 1, summer 2, Tuesday,65628,16.6
frame,lgw,Year 1, summer 2, Tuesday,65629,16.8
frame,lgw,Year 1, summer 2, Tuesday,65630,16.6
frame,lgw,Year 1, summer 2, Tuesday,65631,17.2
frame,lgw,Year 1, summer 2, Tuesday,65632,16.0
frame,lgw,Year 1, summer 2, Tuesday,65633,16.7
frame,lgw,Year 1, summer 2, Tuesday,65634,16.6
frame,lgw,Year 1, summer 2, Tuesday,65635,16.7
frame,lgw,Year 1, summer 2, Tuesday,65636,16.7
frame,lgw,Year 1, summer 2, Tuesday,65637,16.7
frame,lgw,Year 1, summer 2, Tuesday,65638,16.7
frame,lgw,Year 1, summer 2, Tuesday,65639,16.7
frame,lgw,Year 1, summer 2, Tuesday,65640,16.8
frame,lgw,Year 1, summer 2, Tuesday,65641,16.4
frame,lgw,Year 1, summer 2, Tuesday,65642,16.8
frame,lgw,Year 1, summer 2, Tuesday,65643,16.6
frame,lgw,Year 1, summer 2, Tuesday,65644,16.7
frame,lgw,Year 1, summer 2, Tuesday,65645,16.7
frame,lgw,Year 1, summer 2, Tuesday,65646,16.6
frame,lgw,Year 1, summer 2, Tuesday,65647,16.8
frame,lgw,Year 1, summer 2, Tuesday,65648,16.6
frame,lgw,Year 1, summer 2, Tuesday,65649,16.6
frame,lgw,Year 1, summer 2, Tuesday,65650,16.7
frame,lgw,Year 1, summer 2, Tuesday,65651,16.7
frame,lgw,Year 1, summer 2, Tuesday,65652,16.6
frame,lgw,Year 1, summer 2, Tuesday,65653,16.7
frame,lgw,Year 1, summer 2, Tuesday,65654,16.7
frame,lgw,Year 1, summer 2, Tuesday,65655,16.6
frame,lgw,Year 1, summer 2, Tuesday,65656,16.7
frame,lgw,Year 1, summer 2, Tuesday,65657,16.7
frame,lgw,Year 1, summer 2, Tuesday,65658,16.7
frame,lgw,Year 1, summer 2, Tuesday,65659,16.7
frame,lgw,Year 1, summer 2, Tuesday,65660,16.7
frame,lgw,Year 1, summer 2, Tuesday,65661,16.6
frame,lgw,Year 1, summer 2, Tuesday,65662,16.7
frame,lgw,Year 1, summer 2, Tuesday,65663,16.7
frame,lgw,Year 1, summer 2, Tuesday,65664,16.6
frame,lgw,Year 1, summer 2, Tuesday,65665,17.8
frame,lgw,Year 1, summer 2, Tuesday,65666,15.6
frame,lgw,Year 1, summer 2, Tuesday,65667,16.7
frame,lgw,Year 1, summer 2, Tuesday,65668,16.6
frame,lgw,Year 1, summer 2, Tuesday,65669,16.6
frame,lgw,Year 1, summer 2, Tuesday,65670,16.7
frame,lgw,Year 1, summer 2, Tuesday,65671,16.6
frame,lgw,Year 1, summer 2, Tuesday,65672,16.7
frame,lgw,Year 1, summer 2, Tuesday,65673,16.7
frame,lgw,Year 1, summer 2, Tuesday,65674,16.6
frame,lgw,Year 1, summer 2, Tuesday,65675,16.6
frame,lgw,Year 1, summer 2, Tuesday,65676,16.7
frame,lgw,Year 1, summer 2, Tuesday,65677,16.7
frame,lgw,Year 1, summer 2, Tuesday,65678,16.8
frame,lgw,Year 1, summer 2, Tuesday,65679,16.6
frame,lgw,Year 1, summer 2, Tuesday,65680,16.6
frame,lgw,Year 1, summer 2, Tuesday,65681,16.7
frame,lgw,Year 1, summer 2, Tuesday,65682,16.7
frame,lgw,Year 1, summer 2, Tuesday,65683,16.6
frame,lgw,Year 1, summer 2, Tuesday,65684,16.7
frame,lgw,Year 1, summer 2, Tuesday,65685,16.7
frame,lgw,Year 1, summer 2, Tuesday,65686,16.8
frame,lgw,Year 1, summer 2, Tuesday,65687,16.6
frame,lgw,Year 1, summer 2, Tuesday,65688,16.6
frame,lgw,Year 1, summer 2, Tuesday,65689,16.7
frame,lgw,Year 1, summer 2, Tuesday,65690,16.8
frame,lgw,Year 1, summer 2, Tuesday,65691,16.6
frame,lgw,Year 1, summer 2, Tuesday,65692,16.6
frame,lgw,Year 1, summer 2, Tuesday,65693,16.8
frame,lgw,Year 1, summer 2, Tuesday,65694,16.5
frame,lgw,Year 1, summer 2, Tuesday,65695,16.7
frame,lgw,Year 1, summer 2, Tuesday,65696,16.7
frame,lgw,Year 1, summer 2, Tuesday,65697,16.7
frame,lgw,Year 1, summer 2, Tuesday,65698,16.8
frame,lgw,Year 1, summer 2, Tuesday,65699,16.6
frame,lgw,Year 1, summer 2, Tuesday,65700,16.6
frame,lgw,Year 1, summer 2, Tuesday,65701,16.7
frame,lgw,Year 1, summer 2, Tuesday,65702,16.7
frame,lgw,Year 1, summer 2, Tuesday,65703,16.6
frame,lgw,Year 1, summer 2, Tuesday,65704,16.6
frame,lgw,Year 1, summer 2, Tuesday,65705,16.7
frame,lgw,Year 1, summer 2, Tuesday,65706,16.6
frame,lgw,Year 1, summer 2, Tuesday,65707,16.7
frame,lgw,Year 1, summer 2, Tuesday,65708,16.7
frame,lgw,Year 1, summer 2, Tuesday,65709,16.6
frame,lgw,Year 1, summer 2, Tuesday,65710,16.7
frame,lgw,Year 1, summer 2, Tuesday,65711,16.7
frame,lgw,Year 1, summer 2, Tuesday,65712,16.7
frame,lgw,Year 1, summer 2, Tuesday,65713,16.6
frame,lgw,Year 1, summer 2, Tuesday,65714,16.7
frame,lgw,Year 1, summer 2, Tuesday,65715,16.6
frame,lgw,Year 1, summer 2, Tuesday,65716,16.7
frame,lgw,Year 1, summer 2, Tuesday,65717,16.9
frame,lgw,Year 1, summer 2, Tuesday,65718,16.5
frame,lgw,Year 1, summer 2, Tuesday,65719,16.6
frame,lgw,Year 1, summer 2, Tuesday,65720,16.7
frame,lgw,Year 1, summer 2, Tuesday,65721,16.7
frame,lgw,Year 1, summer 2, Tuesday,65722,16.7
frame,lgw,Year 1, summer 2, Tuesday,65723,16.7
frame,lgw,Year 1, summer 2, Tuesday,65724,16.8
frame,lgw,Year 1, summer 2, Tuesday,65725,16.6
frame,lgw,Year 1, summer 2, Tuesday,65726,16.6
frame,lgw,Year 1, summer 2, Tuesday,65727,16.6
frame,lgw,Year 1, summer 2, Tuesday,65728,16.7
frame,lgw,Year 1, summer 2, Tuesday,65729,16.6
frame,lgw,Year 1, summer 2, Tuesday,65730,16.6
frame,lgw,Year 1, summer 2, Tuesday,65731,16.7
frame,lgw,Year 1, summer 2, Tuesday,65732,16.7
frame,lgw,Year 1, summer 2, Tuesday,65733,16.6
frame,lgw,Year 1, summer 2, Tuesday,65734,16.7
frame,lgw,Year 1, summer 2, Tuesday,65735,16.7
frame,lgw,Year 1, summer 2, Tuesday,65736,16.7
frame,lgw,Year 1, summer 2, Tuesday,65737,17.3
frame,lgw,Year 1, summer 2, Tuesday,65738,16.2
frame,lgw,Year 1, summer 2, Tuesday,65739,16.7
frame,lgw,Year 1, summer 2, Tuesday,65740,16.5
frame,lgw,Year 1, summer 2, Tuesday,65741,16.7
frame,lgw,Year 1, summer 2, Tuesday,65742,16.7
frame,lgw,Year 1, summer 2, Tuesday,65743,16.7
frame,lgw,Year 1, summer 2, Tuesday,65744,16.6
frame,lgw,Year 1, summer 2, Tuesday,65745,16.7
frame,lgw,Year 1, summer 2, Tuesday,65746,16.7
frame,lgw,Year 1, summer 2, Tuesday,65747,16.7
frame,lgw,Year 1, summer 2, Tuesday,65748,16.6
frame,lgw,Year 1, summer 2, Tuesday,65749,16.6
frame,lgw,Year 1, summer 2, Tuesday,65750,16.8
frame,lgw,Year 1, summer 2, Tuesday,65751,16.6
frame,lgw,Year 1, summer 2, Tuesday,65752,16.6
frame,lgw,Year 1, summer 2, Tuesday,65753,16.6
frame,lgw,Year 1, summer 2, Tuesday,65754,16.7
frame,lgw,Year 1, summer 2, Tuesday,65755,16.7
frame,lgw,Year 1, summer 2, Tuesday,65756,16.6
frame,lgw,Year 1, summer 2, Tuesday,65757,16.6
frame,lgw,Year 1, summer 2, Tuesday,65758,16.7
frame,lgw,Year 1, summer 2, Tuesday,65759,16.6
frame,lgw,Year 1, summer 2, Tuesday,65760,16.7
frame,lgw,Year 1, summer 2, Tuesday,65761,16.7
frame,lgw,Year 1, summer 2, Tuesday,65762,17.1
frame,lgw,Year 1, summer 2, Tuesday,65763,16.2
frame,lgw,Year 1, summer 2, Tuesday,65764,16.7
frame,lgw,Year 1, summer 2, Tuesday,65765,16.7
frame,lgw,Year 1, summer 2, Tuesday,65766,16.6
frame,lgw,Year 1, summer 2, Tuesday,65767,16.8
frame,lgw,Year 1, summer 2, Tuesday,65768,16.6
frame,lgw,Year 1, summer 2, Tuesday,65769,16.6
frame,lgw,Year 1, summer 2, Tuesday,65770,16.7
frame,lgw,Year 1, summer 2, Tuesday,65771,16.8
frame,lgw,Year 1, summer 2, Tuesday,65772,16.5
frame,lgw,Year 1, summer 2, Tuesday,65773,16.7
frame,lgw,Year 1, summer 2, Tuesday,65774,16.7
frame,lgw,Year 1, summer 2, Tuesday,65775,16.7
frame,lgw,Year 1, summer 2, Tuesday,65776,16.8
frame,lgw,Year 1, summer 2, Tuesday,65777,16.6
frame,lgw,Year 1, summer 2, Tuesday,65778,16.7
frame,lgw,Year 1, summer 2, Tuesday,65779,16.6
frame,lgw,Year 1, summer 2, Tuesday,65780,16.7
frame,lgw,Year 1, summer 2, Tuesday,65781,16.8
frame,lgw,Year 1, summer 2, Tuesday,65782,16.7
frame,lgw,Year 1, summer 2, Tuesday,65783,16.5
frame,lgw,Year 1, summer 2, Tuesday,65784,16.7
frame,lgw,Year 1, summer 2, Tuesday,65785,16.7
frame,lgw,Year 1, summer 2, Tuesday,65786,16.7
frame,lgw,Year 1, summer 2, Tuesday,65787,16.7
frame,lgw,Year 1, summer 2, Tuesday,65788,16.7
frame,lgw,Year 1, summer 2, Tuesday,65789,16.7
frame,lgw,Year 1, summer 2, Tuesday,65790,16.7
frame,lgw,Year 1, summer 2, Tuesday,65791,16.6
frame,lgw,Year 1, summer 2, Tuesday,65792,16.7
frame,lgw,Year 1, summer 2, Tuesday,65793,16.7
frame,lgw,Year 1, summer 2, Tuesday,65794,16.6
frame,lgw,Year 1, summer 2, Tuesday,65795,16.7
frame,lgw,Year 1, summer 2, Tuesday,65796,16.7
frame,lgw,Year 1, summer 2, Tuesday,65797,16.7
frame,lgw,Year 1, summer 2, Tuesday,65798,16.8
frame,lgw,Year 1, summer 2, Tuesday,65799,16.6
frame,lgw,Year 1, summer 2, Tuesday,65800,16.6
frame,lgw,Year 1, summer 2, Tuesday,65801,16.7
frame,lgw,Year 1, summer 2, Tuesday,65802,16.8
frame,lgw,Year 1, summer 2, Tuesday,65803,16.6
frame,lgw,Year 1, summer 2, Tuesday,65804,16.7
frame,lgw,Year 1, summer 2, Tuesday,65805,16.7
frame,lgw,Year 1, summer 2, Tuesday,65806,16.6
frame,lgw,Year 1, summer 2, Tuesday,65807,16.6
frame,lgw,Year 1, summer 2, Tuesday,65808,16.7
frame,lgw,Year 1, summer 2, Tuesday,65809,16.6
frame,lgw,Year 1, summer 2, Tuesday,65810,16.7
frame,lgw,Year 1, summer 2, Tuesday,65811,16.7
frame,lgw,Year 1, summer 2, Tuesday,65812,16.8
frame,lgw,Year 1, summer 2, Tuesday,65813,16.6
frame,lgw,Year 1, summer 2, Tuesday,65814,16.6
frame,lgw,Year 1, summer 2, Tuesday,65815,16.7
frame,lgw,Year 1, summer 2, Tuesday,65816,16.7
frame,lgw,Year 1, summer 2, Tuesday,65817,16.7
frame,lgw,Year 1, summer 2, Tuesday,65818,16.7
frame,lgw,Year 1, summer 2, Tuesday,65819,16.8
frame,lgw,Year 1, summer 2, Tuesday,65820,16.5
frame,lgw,Year 1, summer 2, Tuesday,65821,18.4
frame,lgw,Year 1, summer 2, Tuesday,65822,14.9
frame,lgw,Year 1, summer 2, Tuesday,65823,16.9
frame,lgw,Year 1, summer 2, Tuesday,65824,16.5
frame,lgw,Year 1, summer 2, Tuesday,65825,16.7
frame,lgw,Year 1, summer 2, Tuesday,65826,16.6
frame,lgw,Year 1, summer 2, Tuesday,65827,16.7
frame,lgw,Year 1, summer 2, Tuesday,65828,16.7
frame,lgw,Year 1, summer 2, Tuesday,65829,16.6
frame,lgw,Year 1, summer 2, Tuesday,65830,16.6
frame,lgw,Year 1, summer 2, Tuesday,65831,16.9
frame,lgw,Year 1, summer 2, Tuesday,65832,16.5
frame,lgw,Year 1, summer 2, Tuesday,65833,16.6
frame,lgw,Year 1, summer 2, Tuesday,65834,16.7
frame,lgw,Year 1, summer 2, Tuesday,65835,16.6
frame,lgw,Year 1, summer 2, Tuesday,65836,16.7
frame,lgw,Year 1, summer 2, Tuesday,65837,16.7
frame,lgw,Year 1, summer 2, Tuesday,65838,16.7
frame,lgw,Year 1, summer 2, Tuesday,65839,16.6
frame,lgw,Year 1, summer 2, Tuesday,65840,16.7
frame,lgw,Year 1, summer 2, Tuesday,65841,16.6
frame,lgw,Year 1, summer 2, Tuesday,65842,16.7
frame,lgw,Year 1, summer 2, Tuesday,65843,16.6
frame,lgw,Year 1, summer 2, Tuesday,65844,16.7
frame,lgw,Year 1, summer 2, Tuesday,65845,16.8
frame,lgw,Year 1, summer 2, Tuesday,65846,16.5
frame,lgw,Year 1, summer 2, Tuesday,65847,16.7
frame,lgw,Year 1, summer 2, Tuesday,65848,16.7
frame,lgw,Year 1, summer 2, Tuesday,65849,17.3
frame,lgw,Year 1, summer 2, Tuesday,65850,16.1
frame,lgw,Year 1, summer 2, Tuesday,65851,16.7
frame,lgw,Year 1, summer 2, Tuesday,65852,16.7
frame,lgw,Year 1, summer 2, Tuesday,65853,16.7
frame,lgw,Year 1, summer 2, Tuesday,65854,16.7
frame,lgw,Year 1, summer 2, Tuesday,65855,16.6
frame,lgw,Year 1, summer 2, Tuesday,65856,16.6
frame,lgw,Year 1, summer 2, Tuesday,65857,16.8
frame,lgw,Year 1, summer 2, Tuesday,65858,16.7
frame,lgw,Year 1, summer 2, Tuesday,65859,16.6
frame,lgw,Year 1, summer 2, Tuesday,65860,16.6
frame,lgw,Year 1, summer 2, Tuesday,65861,16.6
frame,lgw,Year 1, summer 2, Tuesday,65862,16.7
frame,lgw,Year 1, summer 2, Tuesday,65863,16.6
frame,lgw,Year 1, summer 2, Tuesday,65864,16.7
frame,lgw,Year 1, summer 2, Tuesday,65865,16.6
frame,lgw,Year 1, summer 2, Tuesday,65866,16.7
frame,lgw,Year 1, summer 2, Tuesday,65867,16.8
frame,lgw,Year 1, summer 2, Tuesday,65868,16.6
frame,lgw,Year 1, summer 2, Tuesday,65869,16.6
frame,lgw,Year 1, summer 2, Tuesday,65870,16.7
frame,lgw,Year 1, summer 2, Tuesday,65871,16.9
frame,lgw,Year 1, summer 2, Tuesday,65872,16.5
frame,lgw,Year 1, summer 2, Tuesday,65873,16.7
frame,lgw,Year 1, summer 2, Tuesday,65874,16.6
frame,lgw,Year 1, summer 2, Tuesday,65875,16.7
frame,lgw,Year 1, summer 2, Tuesday,65876,16.6
frame,lgw,Year 1, summer 2, Tuesday,65877,16.8
frame,lgw,Year 1, summer 2, Tuesday,65878,16.6
frame,lgw,Year 1, summer 2, Tuesday,65879,16.6
frame,lgw,Year 1, summer 2, Tuesday,65880,16.7
frame,lgw,Year 1, summer 2, Tuesday,65881,16.6
frame,lgw,Year 1, summer 2, Tuesday,65882,16.7
frame,lgw,Year 1, summer 2, Tuesday,65883,16.8
frame,lgw,Year 1, summer 2, Tuesday,65884,16.6
frame,lgw,Year 1, summer 2, Tuesday,65885,16.7
frame,lgw,Year 1, summer 2, Tuesday,65886,16.6
frame,lgw,Year 1, summer 2, Tuesday,65887,16.7
frame,lgw,Year 1, summer 2, Tuesday,65888,16.7
frame,lgw,Year 1, summer 2, Tuesday,65889,16.7
frame,lgw,Year 1, summer 2, Tuesday,65890,16.7
frame,lgw,Year 1, summer 2, Tuesday,65891,16.6
frame,lgw,Year 1, summer 2, Tuesday,65892,16.6
frame,lgw,Year 1, summer 2, Tuesday,65893,16.7
frame,lgw,Year 1, summer 2, Tuesday,65894,16.7
frame,lgw,Year 1, summer 2, Tuesday,65895,16.7
frame,lgw,Year 1, summer 2, Tuesday,65896,16.7
frame,lgw,Year 1, summer 2, Tuesday,65897,16.7
frame,lgw,Year 1, summer 2, Tuesday,65898,16.8
frame,lgw,Year 1, summer 2, Tuesday,65899,16.5
frame,lgw,Year 1, summer 2, Tuesday,65900,16.7
frame,lgw,Year 1, summer 2, Tuesday,65901,16.7
frame,lgw,Year 1, summer 2, Tuesday,65902,16.8
frame,lgw,Year 1, summer 2, Tuesday,65903,16.5
frame,lgw,Year 1, summer 2, Tuesday,65904,16.7
frame,lgw,Year 1, summer 2, Tuesday,65905,16.8
frame,lgw,Year 1, summer 2, Tuesday,65906,16.6
frame,lgw,Year 1, summer 2, Tuesday,65907,16.6
frame,lgw,Year 1, summer 2, Tuesday,65908,16.7
frame,lgw,Year 1, summer 2, Tuesday,65909,16.7
frame,lgw,Year 1, summer 2, Tuesday,65910,16.7
frame,lgw,Year 1, summer 2, Tuesday,65911,16.6
frame,lgw,Year 1, summer 2, Tuesday,65912,16.7
frame,lgw,Year 1, summer 2, Tuesday,65913,16.7
frame,lgw,Year 1, summer 2, Tuesday,65914,16.7
frame,lgw,Year 1, summer 2, Tuesday,65915,16.7
frame,lgw,Year 1, summer 2, Tuesday,65916,16.7
frame,lgw,Year 1, summer 2, Tuesday,65917,16.7
frame,lgw,Year 1, summer 2, Tuesday,65918,16.7
frame,lgw,Year 1, summer 2, Tuesday,65919,16.8
frame,lgw,Year 1, summer 2, Tuesday,65920,16.6
frame,lgw,Year 1, summer 2, Tuesday,65921,16.6
frame,lgw,Year 1, summer 2, Tuesday,65922,16.7
frame,lgw,Year 1, summer 2, Tuesday,65923,16.7
frame,lgw,Year 1, summer 2, Tuesday,65924,16.8
frame,lgw,Year 1, summer 2, Tuesday,65925,16.6
frame,lgw,Year 1, summer 2, Tuesday,65926,16.7
frame,lgw,Year 1, summer 2, Tuesday,65927,16.7
frame,lgw,Year 1, summer 2, Tuesday,65928,16.7
frame,lgw,Year 1, summer 2, Tuesday,65929,16.7
frame,lgw,Year 1, summer 2, Tuesday,65930,16.7
frame,lgw,Year 1, summer 2, Tuesday,65931,16.7
frame,lgw,Year 1, summer 2, Tuesday,65932,16.6
frame,lgw,Year 1, summer 2, Tuesday,65933,16.7
frame,lgw,Year 1, summer 2, Tuesday,65934,16.6
frame,lgw,Year 1, summer 2, Tuesday,65935,16.7
frame,lgw,Year 1, summer 2, Tuesday,65936,16.7
frame,lgw,Year 1, summer 2, Tuesday,65937,16.6
frame,lgw,Year 1, summer 2, Tuesday,65938,16.7
frame,lgw,Year 1, summer 2, Tuesday,65939,16.6
frame,lgw,Year 1, summer 2, Tuesday,65940,16.7
frame,lgw,Year 1, summer 2, Tuesday,65941,16.7
frame,lgw,Year 1, summer 2, Tuesday,65942,16.7
frame,lgw,Year 1, summer 2, Tuesday,65943,16.7
frame,lgw,Year 1, summer 2, Tuesday,65944,16.7
frame,lgw,Year 1, summer 2, Tuesday,65945,16.7
frame,lgw,Year 1, summer 2, Tuesday,65946,16.7
frame,lgw,Year 1, summer 2, Tuesday,65947,16.7
frame,lgw,Year 1, summer 2, Tuesday,65948,16.6
frame,lgw,Year 1, summer 2, Tuesday,65949,16.7
frame,lgw,Year 1, summer 2, Tuesday,65950,16.6
frame,lgw,Year 1, summer 2, Tuesday,65951,16.7
frame,lgw,Year 1, summer 2, Tuesday,65952,16.6
frame,lgw,Year 1, summer 2, Tuesday,65953,16.7
frame,lgw,Year 1, summer 2, Tuesday,65954,16.6
frame,lgw,Year 1, summer 2, Tuesday,65955,16.7
frame,lgw,Year 1, summer 2, Tuesday,65956,16.7
frame,lgw,Year 1, summer 2, Tuesday,65957,16.8
frame,lgw,Year 1, summer 2, Tuesday,65958,16.7
frame,lgw,Year 1, summer 2, Tuesday,65959,16.6
frame,lgw,Year 1, summer 2, Tuesday,65960,16.6
frame,lgw,Year 1, summer 2, Tuesday,65961,16.7
frame,lgw,Year 1, summer 2, Tuesday,65962,16.7
frame,lgw,Year 1, summer 2, Tuesday,65963,16.7
frame,lgw,Year 1, summer 2, Tuesday,65964,16.7
frame,lgw,Year 1, summer 2, Tuesday,65965,16.7
frame,lgw,Year 1, summer 2, Tuesday,65966,16.7
frame,lgw,Year 1, summer 2, Tuesday,65967,16.6
frame,lgw,Year 1, summer 2, Tuesday,65968,16.7
frame,lgw,Year 1, summer 2, Tuesday,65969,16.6
frame,lgw,Year 1, summer 2, Tuesday,65970,16.7
frame,lgw,Year 1, summer 2, Tuesday,65971,16.7
frame,lgw,Year 1, summer 2, Tuesday,65972,16.7
frame,lgw,Year 1, summer 2, Tuesday,65973,16.6
frame,lgw,Year 1, summer 2, Tuesday,65974,16.7
frame,lgw,Year 1, summer 2, Tuesday,65975,16.8
frame,lgw,Year 1, summer 2, Tuesday,65976,16.5
frame,lgw,Year 1, summer 2, Tuesday,65977,16.7
frame,lgw,Year 1, summer 2, Tuesday,65978,16.7
frame,lgw,Year 1, summer 2, Tuesday,65979,16.8
frame,lgw,Year 1, summer 2, Tuesday,65980,16.7
frame,lgw,Year 1, summer 2, Tuesday,65981,16.6
frame,lgw,Year 1, summer 2, Tuesday,65982,16.7
frame,lgw,Year 1, summer 2, Tuesday,65983,16.8
frame,lgw,Year 1, summer 2, Tuesday,65984,16.6
frame,lgw,Year 1, summer 2, Tuesday,65985,16.6
frame,lgw,Year 1, summer 2, Tuesday,65986,16.7
frame,lgw,Year 1, summer 2, Tuesday,65987,16.6
frame,lgw,Year 1, summer 2, Tuesday,65988,17.4
frame,lgw,Year 1, summer 2, Tuesday,65989,16.0
frame,lgw,Year 1, summer 2, Tuesday,65990,16.8
frame,lgw,Year 1, summer 2, Tuesday,65991,16.5
frame,lgw,Year 1, summer 2, Tuesday,65992,16.7
frame,lgw,Year 1, summer 2, Tuesday,65993,17.0
frame,lgw,Year 1, summer 2, Tuesday,65994,16.3
frame,lgw,Year 1, summer 2, Tuesday,65995,16.7
frame,lgw,Year 1, summer 2, Tuesday,65996,16.7
frame,lgw,Year 1, summer 2, Tuesday,65997,16.7
frame,lgw,Year 1, summer 2, Tuesday,65998,16.6
frame,lgw,Year 1, summer 2, Tuesday,65999,16.7
frame,lgw,Year 1, summer 2, Tuesday,71120,16.7
frame,lgw,Year 1, summer 2, Tuesday,71121,16.7
frame,lgw,Year 1, summer 2, Tuesday,71122,16.5
frame,lgw,Year 1, summer 2, Tuesday,71123,16.6
frame,lgw,Year 1, summer 2, Tuesday,71124,16.7
frame,lgw,Year 1, summer 2, Tuesday,71125,16.7
frame,lgw,Year 1, summer 2, Tuesday,71126,16.7
frame,lgw,Year 1, summer 2, Tuesday,71127,16.7
frame,lgw,Year 1, summer 2, Tuesday,71128,16.7
frame,lgw,Year 1, summer 2, Tuesday,71129,16.7
frame,lgw,Year 1, summer 2, Tuesday,71130,16.7
frame,lgw,Year 1, summer 2, Tuesday,71131,16.7
frame,lgw,Year 1, summer 2, Tuesday,71132,16.6
frame,lgw,Year 1, summer 2, Tuesday,71133,16.7
frame,lgw,Year 1, summer 2, Tuesday,71134,16.8
frame,lgw,Year 1, summer 2, Tuesday,71135,16.5
frame,lgw,Year 1, summer 2, Tuesday,71136,16.8
frame,lgw,Year 1, summer 2, Tuesday,71137,16.7
frame,lgw,Year 1, summer 2, Tuesday,71138,16.7
frame,lgw,Year 1, summer 2, Tuesday,71139,16.6
frame,lgw,Year 1, summer 2, Tuesday,71140,16.6
frame,lgw,Year 1, summer 2, Tuesday,71141,16.9
frame,lgw,Year 1, summer 2, Tuesday,71142,16.5
frame,lgw,Year 1, summer 2, Tuesday,71143,16.6
frame,lgw,Year 1, summer 2, Tuesday,71144,16.7
frame,lgw,Year 1, summer 2, Tuesday,71145,16.7
frame,lgw,Year 1, summer 2, Tuesday,71146,16.9
frame,lgw,Year 1, summer 2, Tuesday,71147,16.4
frame,lgw,Year 1, summer 2, Tuesday,71148,16.6
frame,lgw,Year 1, summer 2, Tuesday,71149,16.7
frame,lgw,Year 1, summer 2, Tuesday,71150,16.7
frame,lgw,Year 1, summer 2, Tuesday,71151,16.8
frame,lgw,Year 1, summer 2, Tuesday,71152,16.6
frame,lgw,Year 1, summer 2, Tuesday,71153,16.6
frame,lgw,Year 1, summer 2, Tuesday,71154,16.7
frame,lgw,Year 1, summer 2, Tuesday,71155,16.6
frame,lgw,Year 1, summer 2, Tuesday,71156,16.7
frame,lgw,Year 1, summer 2, Tuesday,71157,16.7
frame,lgw,Year 1, summer 2, Tuesday,71158,16.6
frame,lgw,Year 1, summer 2, Tuesday,71159,16.8
frame,lgw,Year 1, summer 2, Tuesday,71160,16.6
frame,lgw,Year 1, summer 2, Tuesday,71161,16.6
frame,lgw,Year 1, summer 2, Tuesday,71162,16.7
frame,lgw,Year 1, summer 2, Tuesday,71163,16.8
frame,lgw,Year 1, summer 2, Tuesday,71164,16.7
frame,lgw,Year 1, summer 2, Tuesday,71165,16.7
frame,lgw,Year 1, summer 2, Tuesday,71166,16.6
frame,lgw,Year 1, summer 2, Tuesday,71167,16.7
frame,lgw,Year 1, summer 2, Tuesday,71168,16.7
frame,lgw,Year 1, summer 2, Tuesday,71169,16.7
frame,lgw,Year 1, summer 2, Tuesday,71170,16.7
frame,lgw,Year 1, summer 2, Tuesday,71171,16.7
frame,lgw,Year 1, summer 2, Tuesday,71172,16.6
frame,lgw,Year 1, summer 2, Tuesday,71173,17.0
frame,lgw,Year 1, summer 2, Tuesday,71174,16.5
frame,lgw,Year 1, summer 2, Tuesday,71175,16.6
frame,lgw,Year 1, summer 2, Tuesday,71176,16.6
frame,lgw,Year 1, summer 2, Tuesday,71177,16.7
frame,lgw,Year 1, summer 2, Tuesday,71178,16.7
frame,lgw,Year 1, summer 2, Tuesday,71179,16.7
frame,lgw,Year 1, summer 2, Tuesday,71180,17.4
frame,lgw,Year 1, summer 2, Tuesday,71181,15.9
frame,lgw,Year 1, summer 2, Tuesday,71182,16.6
frame,lgw,Year 1, summer 2, Tuesday,71183,16.7
frame,lgw,Year 1, summer 2, Tuesday,71184,16.6
frame,lgw,Year 1, summer 2, Tuesday,71185,16.6
frame,lgw,Year 1, summer 2, Tuesday,71186,16.7
frame,lgw,Year 1, summer 2, Tuesday,71187,16.7
frame,lgw,Year 1, summer 2, Tuesday,71188,16.8
frame,lgw,Year 1, summer 2, Tuesday,71189,16.6
frame,lgw,Year 1, summer 2, Tuesday,71190,16.6
frame,lgw,Year 1, summer 2, Tuesday,71191,16.6
frame,lgw,Year 1, summer 2, Tuesday,71192,16.7
frame,lgw,Year 1, summer 2, Tuesday,71193,16.7
frame,lgw,Year 1, summer 2, Tuesday,71194,16.7
frame,lgw,Year 1, summer 2, Tuesday,71195,16.7
frame,lgw,Year 1, summer 2, Tuesday,71196,16.6
frame,lgw,Year 1, summer 2, Tuesday,71197,16.7
frame,lgw,Year 1, summer 2, Tuesday,71198,16.7
frame,lgw,Year 1, summer 2, Tuesday,71199,16.6
frame,lgw,Year 1, summer 2, Tuesday,71200,16.7
frame,lgw,Year 1, summer 2, Tuesday,71201,16.7
frame,lgw,Year 1, summer 2, Tuesday,71202,16.9
frame,lgw,Year 1, summer 2, Tuesday,71203,16.4
frame,lgw,Year 1, summer 2, Tuesday,71204,16.7
frame,lgw,Year 1, summer 2, Tuesday,71205,16.6
frame,lgw,Year 1, summer 2, Tuesday,71206,16.7
frame,lgw,Year 1, summer 2, Tuesday,71207,16.7
frame,lgw,Year 1, summer 2, Tuesday,71208,16.6
frame,lgw,Year 1, summer 2, Tuesday,71209,16.7
frame,lgw,Year 1, summer 2, Tuesday,71210,16.7
frame,lgw,Year 1, summer 2, Tuesday,71211,16.7
frame,lgw,Year 1, summer 2, Tuesday,71212,16.8
frame,lgw,Year 1, summer 2, Tuesday,71213,16.8
frame,lgw,Year 1, summer 2, Tuesday,71214,16.6
frame,lgw,Year 1, summer 2, Tuesday,71215,16.6
frame,lgw,Year 1, summer 2, Tuesday,71216,16.6
frame,lgw,Year 1, summer 2, Tuesday,71217,16.6
frame,lgw,Year 1, summer 2, Tuesday,71218,16.7
frame,lgw,Year 1, summer 2, Tuesday,71219,16.7
frame,lgw,Year 1, summer 2, Tuesday,71220,16.7
frame,lgw,Year 1, summer 2, Tuesday,71221,16.7
frame,lgw,Year 1, summer 2, Tuesday,71222,16.7
frame,lgw,Year 1, summer 2, Tuesday,71223,16.6
frame,lgw,Year 1, summer 2, Tuesday,71224,16.7
frame,lgw,Year 1, summer 2, Tuesday,71225,16.8
frame,lgw,Year 1, summer 2, Tuesday,71226,16.6
frame,lgw,Year 1, summer 2, Tuesday,71227,16.6
frame,lgw,Year 1, summer 2, Tuesday,71228,16.7
frame,lgw,Year 1, summer 2, Tuesday,71229,16.6
frame,lgw,Year 1, summer 2, Tuesday,71230,16.7
frame,lgw,Year 1, summer 2, Tuesday,71231,16.6
frame,lgw,Year 1, summer 2, Tuesday,71232,16.7
frame,lgw,Year 1, summer 2, Tuesday,71233,16.6
frame,lgw,Year 1, summer 2, Tuesday,71234,16.7
frame,lgw,Year 1, summer 2, Tuesday,71235,16.7
frame,lgw,Year 1, summer 2, Tuesday,71236,16.7
frame,lgw,Year 1, summer 2, Tuesday,71237,16.7
frame,lgw,Year 1, summer 2, Tuesday,71238,16.6
frame,lgw,Year 1, summer 2, Tuesday,71239,16.7
frame,lgw,Year 1, summer 2, Tuesday,71240,16.8
frame,lgw,Year 1, summer 2, Tuesday,71241,16.7
frame,lgw,Year 1, summer 2, Tuesday,71242,16.7
frame,lgw,Year 1, summer 2, Tuesday,71243,16.5
frame,lgw,Year 1, summer 2, Tuesday,71244,16.7
frame,lgw,Year 1, summer 2, Tuesday,71245,17.8
frame,lgw,Year 1, summer 2, Tuesday,71246,15.6
frame,lgw,Year 1, summer 2, Tuesday,71247,16.6
frame,lgw,Year 1, summer 2, Tuesday,71248,16.8
frame,lgw,Year 1, summer 2, Tuesday,71249,16.6
frame,lgw,Year 1, summer 2, Tuesday,71250,16.7
frame,lgw,Year 1, summer 2, Tuesday,71251,16.6
frame,lgw,Year 1, summer 2, Tuesday,71252,16.7
frame,lgw,Year 1, summer 2, Tuesday,71253,16.8
frame,lgw,Year 1, summer 2, Tuesday,71254,16.5
frame,lgw,Year 1, summer 2, Tuesday,71255,16.7
frame,lgw,Year 1, summer 2, Tuesday,71256,16.7
frame,lgw,Year 1, summer 2, Tuesday,71257,16.6
frame,lgw,Year 1, summer 2, Tuesday,71258,16.7
frame,lgw,Year 1, summer 2, Tuesday,71259,16.7
frame,lgw,Year 1, summer 2, Tuesday,71260,16.7
frame,lgw,Year 1, summer 2, Tuesday,71261,16.6
frame,lgw,Year 1, summer 2, Tuesday,71262,16.7
frame,lgw,Year 1, summer 2, Tuesday,71263,16.7
frame,lgw,Year 1, summer 2, Tuesday,71264,16.6
frame,lgw,Year 1, summer 2, Tuesday,71265,16.7
frame,lgw,Year 1, summer 2, Tuesday,71266,16.9
frame,lgw,Year 1, summer 2, Tuesday,71267,17.3
frame,lgw,Year 1, summer 2, Tuesday,71268,15.8
frame,lgw,Year 1, summer 2, Tuesday,71269,16.6
frame,lgw,Year 1, summer 2, Tuesday,71270,16.7
frame,lgw,Year 1, summer 2, Tuesday,71271,16.7
frame,lgw,Year 1, summer 2, Tuesday,71272,16.8
frame,lgw,Year 1, summer 2, Tuesday,71273,16.7
frame,lgw,Year 1, summer 2, Tuesday,71274,16.4
frame,lgw,Year 1, summer 2, Tuesday,71275,16.7
frame,lgw,Year 1, summer 2, Tuesday,71276,16.7
frame,lgw,Year 1, summer 2, Tuesday,71277,16.6
frame,lgw,Year 1, summer 2, Tuesday,71278,16.8
frame,lgw,Year 1, summer 2, Tuesday,71279,16.6
frame,lgw,Year 1, summer 2, Tuesday,71280,16.7
frame,lgw,Year 1, summer 2, Tuesday,71281,16.6
frame,lgw,Year 1, summer 2, Tuesday,71282,16.7
frame,lgw,Year 1, summer 2, Tuesday,71283,16.7
frame,lgw,Year 1, summer 2, Tuesday,71284,16.7
frame,lgw,Year 1, summer 2, Tuesday,71285,16.6
frame,lgw,Year 1, summer 2, Tuesday,71286,16.7
frame,lgw,Year 1, summer 2, Tuesday,71287,16.7
frame,lgw,Year 1, summer 2, Tuesday,71288,16.7
frame,lgw,Year 1, summer 2, Tuesday,71289,16.6
frame,lgw,Year 1, summer 2, Tuesday,71290,16.7
frame,lgw,Year 1, summer 2, Tuesday,71291,16.8
frame,lgw,Year 1, summer 2, Tuesday,71292,16.6
frame,lgw,Year 1, summer 2, Tuesday,71293,16.7
frame,lgw,Year 1, summer 2, Tuesday,71294,16.5
frame,lgw,Year 1, summer 2, Tuesday,71295,16.7
frame,lgw,Year 1, summer 2, Tuesday,71296,16.7
frame,lgw,Year 1, summer 2, Tuesday,71297,16.7
frame,lgw,Year 1, summer 2, Tuesday,71298,16.6
frame,lgw,Year 1, summer 2, Tuesday,71299,16.7
frame,lgw,Year 1, summer 2, Tuesday,71300,16.8
frame,lgw,Year 1, summer 2, Tuesday,71301,16.7
frame,lgw,Year 1, summer 2, Tuesday,71302,16.6
frame,lgw,Year 1, summer 2, Tuesday,71303,16.7
frame,lgw,Year 1, summer 2, Tuesday,71304,16.6
frame,lgw,Year 1, summer 2, Tuesday,71305,16.6
frame,lgw,Year 1, summer 2, Tuesday,71306,16.8
frame,lgw,Year 1, summer 2, Tuesday,71307,17.2
frame,lgw,Year 1, summer 2, Tuesday,71308,15.9
frame,lgw,Year 1, summer 2, Tuesday,71309,16.7
frame,lgw,Year 1, summer 2, Tuesday,71310,16.7
frame,lgw,Year 1, summer 2, Tuesday,71311,16.7
frame,lgw,Year 1, summer 2, Tuesday,71312,16.6
frame,lgw,Year 1, summer 2, Tuesday,71313,16.7
frame,lgw,Year 1, summer 2, Tuesday,71314,16.7
frame,lgw,Year 1, summer 2, Tuesday,71315,16.7
frame,lgw,Year 1, summer 2, Tuesday,71316,16.6
frame,lgw,Year 1, summer 2, Tuesday,71317,16.6
frame,lgw,Year 1, summer 2, Tuesday,71318,16.9
frame,lgw,Year 1, summer 2, Tuesday,71319,16.5
frame,lgw,Year 1, summer 2, Tuesday,71320,16.6
frame,lgw,Year 1, summer 2, Tuesday,71321,16.6
frame,lgw,Year 1, summer 2, Tuesday,71322,16.8
frame,lgw,Year 1, summer 2, Tuesday,71323,16.6
frame,lgw,Year 1, summer 2, Tuesday,71324,16.6
frame,lgw,Year 1, summer 2, Tuesday,71325,16.7
frame,lgw,Year 1, summer 2, Tuesday,71326,16.6
frame,lgw,Year 1, summer 2, Tuesday,71327,16.7
frame,lgw,Year 1, summer 2, Tuesday,71328,16.6
frame,lgw,Year 1, summer 2, Tuesday,71329,16.6
frame,lgw,Year 1, summer 2, Tuesday,71330,16.7
frame,lgw,Year 1, summer 2, Tuesday,71331,16.6
frame,lgw,Year 1, summer 2, Tuesday,71332,16.9
frame,lgw,Year 1, summer 2, Tuesday,71333,16.5
frame,lgw,Year 1, summer 2, Tuesday,71334,16.6
frame,lgw,Year 1, summer 2, Tuesday,71335,16.7
frame,lgw,Year 1, summer 2, Tuesday,71336,16.7
frame,lgw,Year 1, summer 2, Tuesday,71337,16.6
frame,lgw,Year 1, summer 2, Tuesday,71338,16.7
frame,lgw,Year 1, summer 2, Tuesday,71339,16.7
frame,lgw,Year 1, summer 2, Tuesday,71340,16.7
frame,lgw,Year 1, summer 2, Tuesday,71341,16.7
frame,lgw,Year 1, summer 2, Tuesday,71342,16.7
frame,lgw,Year 1, summer 2, Tuesday,71343,16.8
frame,lgw,Year 1, summer 2, Tuesday,71344,16.6
frame,lgw,Year 1, summer 2, Tuesday,71345,16.7
frame,lgw,Year 1, summer 2, Tuesday,71346,16.6
frame,lgw,Year 1, summer 2, Tuesday,71347,16.6
frame,lgw,Year 1, summer 2, Tuesday,71348,16.7
frame,lgw,Year 1, summer 2, Tuesday,71349,16.7
frame,lgw,Year 1, summer 2, Tuesday,71350,16.7
frame,lgw,Year 1, summer 2, Tuesday,71351,16.7
frame,lgw,Year 1, summer 2, Tuesday,71352,16.6
frame,lgw,Year 1, summer 2, Tuesday,71353,16.7
frame,lgw,Year 1, summer 2, Tuesday,71354,16.8
frame,lgw,Year 1, summer 2, Tuesday,71355,16.6
frame,lgw,Year 1, summer 2, Tuesday,71356,16.9
frame,lgw,Year 1, summer 2, Tuesday,71357,16.6
frame,lgw,Year 1, summer 2, Tuesday,71358,16.8
frame,lgw,Year 1, summer 2, Tuesday,71359,17.1
frame,lgw,Year 1, summer 2, Tuesday,71360,16.1
frame,lgw,Year 1, summer 2, Tuesday,71361,16.7
frame,lgw,Year 1, summer 2, Tuesday,71362,16.6
frame,lgw,Year 1, summer 2, Tuesday,71363,16.7
frame,lgw,Year 1, summer 2, Tuesday,71364,16.6
frame,lgw,Year 1, summer 2, Tuesday,71365,16.6
frame,lgw,Year 1, summer 2, Tuesday,71366,16.7
frame,lgw,Year 1, summer 2, Tuesday,71367,16.7
frame,lgw,Year 1, summer 2, Tuesday,71368,16.7
frame,lgw,Year 1, summer 2, Tuesday,71369,16.8
frame,lgw,Year 1, summer 2, Tuesday,71370,16.7
frame,lgw,Year 1, summer 2, Tuesday,71371,16.6
frame,lgw,Year 1, summer 2, Tuesday,71372,16.6
frame,lgw,Year 1, summer 2, Tuesday,71373,16.7
frame,lgw,Year 1, summer 2, Tuesday,71374,16.6
frame,lgw,Year 1, summer 2, Tuesday,71375,16.6
frame,lgw,Year 1, summer 2, Tuesday,71376,16.7
frame,lgw,Year 1, summer 2, Tuesday,71377,16.6
frame,lgw,Year 1, summer 2, Tuesday,71378,16.7
frame,lgw,Year 1, summer 2, Tuesday,71379,16.7
frame,lgw,Year 1, summer 2, Tuesday,71380,16.7
frame,lgw,Year 1, summer 2, Tuesday,71381,16.7
frame,lgw,Year 1, summer 2, Tuesday,71382,16.6
frame,lgw,Year 1, summer 2, Tuesday,71383,16.9
frame,lgw,Year 1, summer 2, Tuesday,71384,16.5
frame,lgw,Year 1, summer 2, Tuesday,71385,16.7
frame,lgw,Year 1, summer 2, Tuesday,71386,16.6
frame,lgw,Year 1, summer 2, Tuesday,71387,16.7
frame,lgw,Year 1, summer 2, Tuesday,71388,16.6
frame,lgw,Year 1, summer 2, Tuesday,71389,16.7
frame,lgw,Year 1, summer 2, Tuesday,71390,16.6
frame,lgw,Year 1, summer 2, Tuesday,71391,16.8
frame,lgw,Year 1, summer 2, Tuesday,71392,16.6
frame,lgw,Year 1, summer 2, Tuesday,71393,16.8
frame,lgw,Year 1, summer 2, Tuesday,71394,16.6
frame,lgw,Year 1, summer 2, Tuesday,71395,16.6
frame,lgw,Year 1, summer 2, Tuesday,71396,16.7
frame,lgw,Year 1, summer 2, Tuesday,71397,16.8
frame,lgw,Year 1, summer 2, Tuesday,71398,16.5
frame,lgw,Year 1, summer 2, Tuesday,71399,16.7
frame,lgw,Year 1, summer 2, Tuesday,71400,16.6
frame,lgw,Year 1, summer 2, Tuesday,71401,16.7
frame,lgw,Year 1, summer 2, Tuesday,71402,16.6
frame,lgw,Year 1, summer 2, Tuesday,71403,16.7
frame,lgw,Year 1, summer 2, Tuesday,71404,16.7
frame,lgw,Year 1, summer 2, Tuesday,71405,16.6
frame,lgw,Year 1, summer 2, Tuesday,71406,16.7
frame,lgw,Year 1, summer 2, Tuesday,71407,16.6
frame,lgw,Year 1, summer 2, Tuesday,71408,16.7
frame,lgw,Year 1, summer 2, Tuesday,71409,16.7
frame,lgw,Year 1, summer 2, Tuesday,71410,17.5
frame,lgw,Year 1, summer 2, Tuesday,71411,16.2
frame,lgw,Year 1, summer 2, Tuesday,71412,16.6
frame,lgw,Year 1, summer 2, Tuesday,71413,16.4
frame,lgw,Year 1, summer 2, Tuesday,71414,16.6
frame,lgw,Year 1, summer 2, Tuesday,71415,16.6
frame,lgw,Year 1, summer 2, Tuesday,71416,16.7
frame,lgw,Year 1, summer 2, Tuesday,71417,16.8
frame,lgw,Year 1, summer 2, Tuesday,71418,16.6
frame,lgw,Year 1, summer 2, Tuesday,71419,16.7
frame,lgw,Year 1, summer 2, Tuesday,71420,16.7
frame,lgw,Year 1, summer 2, Tuesday,71421,16.7
frame,lgw,Year 1, summer 2, Tuesday,71422,16.7
frame,lgw,Year 1, summer 2, Tuesday,71423,16.6
frame,lgw,Year 1, summer 2, Tuesday,71424,16.7
frame,lgw,Year 1, summer 2, Tuesday,71425,16.6
frame,lgw,Year 1, summer 2, Tuesday,71426,16.7
frame,lgw,Year 1, summer 2, Tuesday,71427,16.8
frame,lgw,Year 1, summer 2, Tuesday,71428,16.5
frame,lgw,Year 1, summer 2, Tuesday,71429,16.6
frame,lgw,Year 1, summer 2, Tuesday,71430,16.8
frame,lgw,Year 1, summer 2, Tuesday,71431,16.6
frame,lgw,Year 1, summer 2, Tuesday,71432,16.7
frame,lgw,Year 1, summer 2, Tuesday,71433,16.7
frame,lgw,Year 1, summer 2, Tuesday,71434,16.7
frame,lgw,Year 1, summer 2, Tuesday,71435,16.6
frame,lgw,Year 1, summer 2, Tuesday,71436,16.7
frame,lgw,Year 1, summer 2, Tuesday,71437,16.7
frame,lgw,Year 1, summer 2, Tuesday,71438,16.7
frame,lgw,Year 1, summer 2, Tuesday,71439,16.6
frame,lgw,Year 1, summer 2, Tuesday,71440,17.2
frame,lgw,Year 1, summer 2, Tuesday,71441,16.2
frame,lgw,Year 1, summer 2, Tuesday,71442,16.7
frame,lgw,Year 1, summer 2, Tuesday,71443,16.7
frame,lgw,Year 1, summer 2, Tuesday,71444,16.6
frame,lgw,Year 1, summer 2, Tuesday,71445,16.7
frame,lgw,Year 1, summer 2, Tuesday,71446,16.7
frame,lgw,Year 1, summer 2, Tuesday,71447,16.7
frame,lgw,Year 1, summer 2, Tuesday,71448,16.8
frame,lgw,Year 1, summer 2, Tuesday,71449,16.6
frame,lgw,Year 1, summer 2, Tuesday,71450,16.9
frame,lgw,Year 1, summer 2, Tuesday,71451,16.4
frame,lgw,Year 1, summer 2, Tuesday,71452,17.5
frame,lgw,Year 1, summer 2, Tuesday,71453,16.2
frame,lgw,Year 1, summer 2, Tuesday,71454,16.4
frame,lgw,Year 1, summer 2, Tuesday,71455,16.7
frame,lgw,Year 1, summer 2, Tuesday,71456,16.6
frame,lgw,Year 1, summer 2, Tuesday,71457,16.7
frame,lgw,Year 1, summer 2, Tuesday,71458,16.7
frame,lgw,Year 1, summer 2, Tuesday,71459,16.7
frame,lgw,Year 1, summer 2, Tuesday,71460,16.7
frame,lgw,Year 1, summer 2, Tuesday,71461,16.6
frame,lgw,Year 1, summer 2, Tuesday,71462,16.7
frame,lgw,Year 1, summer 2, Tuesday,71463,16.6
frame,lgw,Year 1, summer 2, Tuesday,71464,16.7
frame,lgw,Year 1, summer 2, Tuesday,71465,16.7
frame,lgw,Year 1, summer 2, Tuesday,71466,16.7
frame,lgw,Year 1, summer 2, Tuesday,71467,16.6
frame,lgw,Year 1, summer 2, Tuesday,71468,16.7
frame,lgw,Year 1, summer 2, Tuesday,71469,16.7
frame,lgw,Year 1, summer 2, Tuesday,71470,16.6
frame,lgw,Year 1, summer 2, Tuesday,71471,16.7
frame,lgw,Year 1, summer 2, Tuesday,71472,16.7
frame,lgw,Year 1, summer 2, Tuesday,71473,16.6
frame,lgw,Year 1, summer 2, Tuesday,71474,16.8
frame,lgw,Year 1, summer 2, Tuesday,71475,16.7
frame,lgw,Year 1, summer 2, Tuesday,71476,16.7
frame,lgw,Year 1, summer 2, Tuesday,71477,16.5
frame,lgw,Year 1, summer 2, Tuesday,71478,16.7
frame,lgw,Year 1, summer 2, Tuesday,71479,16.6
frame,lgw,Year 1, summer 2, Tuesday,71480,16.7
frame,lgw,Year 1, summer 2, Tuesday,71481,16.8
frame,lgw,Year 1, summer 2, Tuesday,71482,16.7
frame,lgw,Year 1, summer 2, Tuesday,71483,16.6
frame,lgw,Year 1, summer 2, Tuesday,71484,16.7
frame,lgw,Year 1, summer 2, Tuesday,71485,16.6
frame,lgw,Year 1, summer 2, Tuesday,71486,16.7
frame,lgw,Year 1, summer 2, Tuesday,71487,16.7
frame,lgw,Year 1, summer 2, Tuesday,71488,16.6
frame,lgw,Year 1, summer 2, Tuesday,71489,16.7
frame,lgw,Year 1, summer 2, Tuesday,71490,16.7
frame,lgw,Year 1, summer 2, Tuesday,71491,16.6
frame,lgw,Year 1, summer 2, Tuesday,71492,16.7
frame,lgw,Year 1, summer 2, Tuesday,71493,16.7
frame,lgw,Year 1, summer 2, Tuesday,71494,16.6
frame,lgw,Year 1, summer 2, Tuesday,71495,16.7
frame,lgw,Year 1, summer 2, Tuesday,71496,16.7
frame,lgw,Year 1, summer 2, Tuesday,71497,16.6
frame,lgw,Year 1, summer 2, Tuesday,71498,16.7
frame,lgw,Year 1, summer 2, Tuesday,71499,16.7
frame,lgw,Year 1, summer 2, Tuesday,71500,16.8
frame,lgw,Year 1, summer 2, Tuesday,71501,16.8
frame,lgw,Year 1, summer 2, Tuesday,71502,16.6
frame,lgw,Year 1, summer 2, Tuesday,71503,16.5
frame,lgw,Year 1, summer 2, Tuesday,71504,16.7
frame,lgw,Year 1, summer 2, Tuesday,71505,16.7
frame,lgw,Year 1, summer 2, Tuesday,71506,16.7
frame,lgw,Year 1, summer 2, Tuesday,71507,16.7
frame,lgw,Year 1, summer 2, Tuesday,71508,16.7
frame,lgw,Year 1, summer 2, Tuesday,71509,16.6
frame,lgw,Year 1, summer 2, Tuesday,71510,16.7
frame,lgw,Year 1, summer 2, Tuesday,71511,16.7
frame,lgw,Year 1, summer 2, Tuesday,71512,16.7
frame,lgw,Year 1, summer 2, Tuesday,71513,16.8
frame,lgw,Year 1, summer 2, Tuesday,71514,16.7
frame,lgw,Year 1, summer 2, Tuesday,71515,16.6
frame,lgw,Year 1, summer 2, Tuesday,71516,16.6
frame,lgw,Year 1, summer 2, Tuesday,71517,16.6
frame,lgw,Year 1, summer 2, Tuesday,71518,16.7
frame,lgw,Year 1, summer 2, Tuesday,71519,16.6
frame,lgw,Year 1, summer 2, Tuesday,71520,16.7
frame,lgw,Year 1, summer 2, Tuesday,71521,16.6
frame,lgw,Year 1, summer 2, Tuesday,71522,16.7
frame,lgw,Year 1, summer 2, Tuesday,71523,16.7
frame,lgw,Year 1, summer 2, Tuesday,71524,16.7
frame,lgw,Year 1, summer 2, Tuesday,71525,16.6
frame,lgw,Year 1, summer 2, Tuesday,71526,16.8
frame,lgw,Year 1, summer 2, Tuesday,71527,16.7
frame,lgw,Year 1, summer 2, Tuesday,71528,16.7
frame,lgw,Year 1, summer 2, Tuesday,71529,16.6
frame,lgw,Year 1, summer 2, Tuesday,71530,16.7
frame,lgw,Year 1, summer 2, Tuesday,71531,16.7
frame,lgw,Year 1, summer 2, Tuesday,71532,16.7
frame,lgw,Year 1, summer 2, Tuesday,71533,16.6
frame,lgw,Year 1, summer 2, Tuesday,71534,16.7
frame,lgw,Year 1, summer 2, Tuesday,71535,16.7
frame,lgw,Year 1, summer 2, Tuesday,71536,16.6
frame,lgw,Year 1, summer 2, Tuesday,71537,16.7
frame,lgw,Year 1, summer 2, Tuesday,71538,16.6
frame,lgw,Year 1, summer 2, Tuesday,71539,16.7
frame,lgw,Year 1, summer 2, Tuesday,71540,16.7
frame,lgw,Year 1, summer 2, Tuesday,71541,16.6
frame,lgw,Year 1, summer 2, Tuesday,71542,16.9
frame,lgw,Year 1, summer 2, Tuesday,71543,16.5
frame,lgw,Year 1, summer 2, Tuesday,71544,16.6
frame,lgw,Year 1, summer 2, Tuesday,71545,16.6
frame,lgw,Year 1, summer 2, Tuesday,71546,16.7
frame,lgw,Year 1, summer 2, Tuesday,71547,16.7
frame,lgw,Year 1, summer 2, Tuesday,71548,16.7
frame,lgw,Year 1, summer 2, Tuesday,71549,16.6
frame,lgw,Year 1, summer 2, Tuesday,71550,16.7
frame,lgw,Year 1, summer 2, Tuesday,71551,16.7
frame,lgw,Year 1, summer 2, Tuesday,71552,16.8
frame,lgw,Year 1, summer 2, Tuesday,71553,16.6
frame,lgw,Year 1, summer 2, Tuesday,71554,16.7
frame,lgw,Year 1, summer 2, Tuesday,71555,16.7
frame,lgw,Year 1, summer 2, Tuesday,71556,16.6
frame,lgw,Year 1, summer 2, Tuesday,71557,16.9
frame,lgw,Year 1, summer 2, Tuesday,71558,16.5
frame,lgw,Year 1, summer 2, Tuesday,71559,16.7
frame,lgw,Year 1, summer 2, Tuesday,71560,16.6
frame,lgw,Year 1, summer 2, Tuesday,71561,16.7
frame,lgw,Year 1, summer 2, Tuesday,71562,16.7
frame,lgw,Year 1, summer 2, Tuesday,71563,16.7
frame,lgw,Year 1, summer 2, Tuesday,71564,16.6
frame,lgw,Year 1, summer 2, Tuesday,71565,16.8
frame,lgw,Year 1, summer 2, Tuesday,71566,16.6
frame,lgw,Year 1, summer 2, Tuesday,71567,16.7
frame,lgw,Year 1, summer 2, Tuesday,71568,16.6
frame,lgw,Year 1, summer 2, Tuesday,71569,16.7
frame,lgw,Year 1, summer 2, Tuesday,71570,16.7
frame,lgw,Year 1, summer 2, Tuesday,71571,16.6
frame,lgw,Year 1, summer 2, Tuesday,71572,16.6
frame,lgw,Year 1, summer 2, Tuesday,71573,16.7
frame,lgw,Year 1, summer 2, Tuesday,71574,16.7
frame,lgw,Year 1, summer 2, Tuesday,71575,16.8
frame,lgw,Year 1, summer 2, Tuesday,71576,16.6
frame,lgw,Year 1, summer 2, Tuesday,71577,16.6
frame,lgw,Year 1, summer 2, Tuesday,71578,16.7
frame,lgw,Year 1, summer 2, Tuesday,71579,16.9
frame,lgw,Year 1, summer 2, Tuesday,71580,16.4
frame,lgw,Year 1, summer 2, Tuesday,71581,16.6
frame,lgw,Year 1, summer 2, Tuesday,71582,16.7
frame,lgw,Year 1, summer 2, Tuesday,71583,16.6
frame,lgw,Year 1, summer 2, Tuesday,71584,16.7
frame,lgw,Year 1, summer 2, Tuesday,71585,16.6
frame,lgw,Year 1, summer 2, Tuesday,71586,16.6
frame,lgw,Year 1, summer 2, Tuesday,71587,16.8
frame,lgw,Year 1, summer 2, Tuesday,71588,16.6
frame,lgw,Year 1, summer 2, Tuesday,71589,16.7
frame,lgw,Year 1, summer 2, Tuesday,71590,16.9
frame,lgw,Year 1, summer 2, Tuesday,71591,16.5
frame,lgw,Year 1, summer 2, Tuesday,71592,16.9
frame,lgw,Year 1, summer 2, Tuesday,71593,16.5
frame,lgw,Year 1, summer 2, Tuesday,71594,16.6
frame,lgw,Year 1, summer 2, Tuesday,71595,16.7
frame,lgw,Year 1, summer 2, Tuesday,71596,16.8
frame,lgw,Year 1, summer 2, Tuesday,71597,16.7
frame,lgw,Year 1, summer 2, Tuesday,71598,16.6
frame,lgw,Year 1, summer 2, Tuesday,71599,16.7
frame,lgw,Year 1, summer 2, Tuesday,71600,16.6
frame,lgw,Year 1, summer 2, Tuesday,71601,16.7
frame,lgw,Year 1, summer 2, Tuesday,71602,16.8
frame,lgw,Year 1, summer 2, Tuesday,71603,16.6
frame,lgw,Year 1, summer 2, Tuesday,71604,16.7
frame,lgw,Year 1, summer 2, Tuesday,71605,16.6
frame,lgw,Year 1, summer 2, Tuesday,71606,16.6
frame,lgw,Year 1, summer 2, Tuesday,71607,16.6
frame,lgw,Year 1, summer 2, Tuesday,71608,16.7
frame,lgw,Year 1, summer 2, Tuesday,71609,16.7
frame,lgw,Year 1, summer 2, Tuesday,71610,16.7
frame,lgw,Year 1, summer 2, Tuesday,71611,16.7
frame,lgw,Year 1, summer 2, Tuesday,71612,16.6
frame,lgw,Year 1, summer 2, Tuesday,71613,16.6
frame,lgw,Year 1, summer 2, Tuesday,71614,16.7
frame,lgw,Year 1, summer 2, Tuesday,71615,16.7
frame,lgw,Year 1, summer 2, Tuesday,71616,16.7
frame,lgw,Year 1, summer 2, Tuesday,71617,16.7
frame,lgw,Year 1, summer 2, Tuesday,71618,16.7
frame,lgw,Year 1, summer 2, Tuesday,71619,16.7
frame,lgw,Year 1, summer 2, Tuesday,71620,16.6
frame,lgw,Year 1, summer 2, Tuesday,71621,16.7
frame,lgw,Year 1, summer 2, Tuesday,71622,16.6
frame,lgw,Year 1, summer 2, Tuesday,71623,16.7
frame,lgw,Year 1, summer 2, Tuesday,71624,16.8
frame,lgw,Year 1, summer 2, Tuesday,71625,16.6
frame,lgw,Year 1, summer 2, Tuesday,71626,16.6
frame,lgw,Year 1, summer 2, Tuesday,71627,16.7
frame,lgw,Year 1, summer 2, Tuesday,71628,16.7
frame,lgw,Year 1, summer 2, Tuesday,71629,16.7
frame,lgw,Year 1, summer 2, Tuesday,71630,16.7
frame,lgw,Year 1, summer 2, Tuesday,71631,16.6
frame,lgw,Year 1, summer 2, Tuesday,71632,16.8
frame,lgw,Year 1, summer 2, Tuesday,71633,16.6
frame,lgw,Year 1, summer 2, Tuesday,71634,16.7
frame,lgw,Year 1, summer 2, Tuesday,71635,16.7
frame,lgw,Year 1, summer 2, Tuesday,71636,16.7
frame,lgw,Year 1, summer 2, Tuesday,71637,16.6
frame,lgw,Year 1, summer 2, Tuesday,71638,16.6
frame,lgw,Year 1, summer 2, Tuesday,71639,16.7
frame,lgw,Year 1, summer 2, Tuesday,71640,16.7
frame,lgw,Year 1, summer 2, Tuesday,71641,16.6
frame,lgw,Year 1, summer 2, Tuesday,71642,16.9
frame,lgw,Year 1, summer 2, Tuesday,71643,16.5
frame,lgw,Year 1, summer 2, Tuesday,71644,16.7
frame,lgw,Year 1, summer 2, Tuesday,71645,16.7
frame,lgw,Year 1, summer 2, Tuesday,71646,16.9
frame,lgw,Year 1, summer 2, Tuesday,71647,16.6
frame,lgw,Year 1, summer 2, Tuesday,71648,16.6
frame,lgw,Year 1, summer 2, Tuesday,71649,16.7
frame,lgw,Year 1, summer 2, Tuesday,71650,16.6
frame,lgw,Year 1, summer 2, Tuesday,71651,16.7
frame,lgw,Year 1, summer 2, Tuesday,71652,16.7
frame,lgw,Year 1, summer 2, Tuesday,71653,16.6
frame,lgw,Year 1, summer 2, Tuesday,71654,16.7
frame,lgw,Year 1, summer 2, Tuesday,71655,16.8
frame,lgw,Year 1, summer 2, Tuesday,71656,16.7
frame,lgw,Year 1, summer 2, Tuesday,71657,16.4
frame,lgw,Year 1, summer 2, Tuesday,71658,16.7
frame,lgw,Year 1, summer 2, Tuesday,71659,16.7
frame,lgw,Year 1, summer 2, Tuesday,71660,16.7
frame,lgw,Year 1, summer 2, Tuesday,71661,16.6
frame,lgw,Year 1, summer 2, Tuesday,71662,16.8
frame,lgw,Year 1, summer 2, Tuesday,71663,16.7
frame,lgw,Year 1, summer 2, Tuesday,71664,16.6
frame,lgw,Year 1, summer 2, Tuesday,71665,16.6
frame,lgw,Year 1, summer 2, Tuesday,71666,16.7
frame,lgw,Year 1, summer 2, Tuesday,71667,16.7
frame,lgw,Year 1, summer 2, Tuesday,71668,16.9
frame,lgw,Year 1, summer 2, Tuesday,71669,16.6
frame,lgw,Year 1, summer 2, Tuesday,71670,16.5
frame,lgw,Year 1, summer 2, Tuesday,71671,16.7
frame,lgw,Year 1, summer 2, Tuesday,71672,16.7
frame,lgw,Year 1, summer 2, Tuesday,71673,16.6
frame,lgw,Year 1, summer 2, Tuesday,71674,16.7
frame,lgw,Year 1, summer 2, Tuesday,71675,16.7
frame,lgw,Year 1, summer 2, Tuesday,71676,16.6
frame,lgw,Year 1, summer 2, Tuesday,71677,16.6
frame,lgw,Year 1, summer 2, Tuesday,71678,16.7
frame,lgw,Year 1, summer 2, Tuesday,71679,16.7
frame,lgw,Year 1, summer 2, Tuesday,71680,16.6
frame,lgw,Year 1, summer 2, Tuesday,71681,16.8
frame,lgw,Year 1, summer 2, Tuesday,71682,16.5
frame,lgw,Year 1, summer 2, Tuesday,71683,16.6
frame,lgw,Year 1, summer 2, Tuesday,71684,16.7
frame,lgw,Year 1, summer 2, Tuesday,71685,16.7
frame,lgw,Year 1, summer 2, Tuesday,71686,16.7
frame,lgw,Year 1, summer 2, Tuesday,71687,16.7
frame,lgw,Year 1, summer 2, Tuesday,71688,16.6
frame,lgw,Year 1, summer 2, Tuesday,71689,16.7
frame,lgw,Year 1, summer 2, Tuesday,71690,16.7
frame,lgw,Year 1, summer 2, Tuesday,71691,16.6
frame,lgw,Year 1, summer 2, Tuesday,71692,16.7
frame,lgw,Year 1, summer 2, Tuesday,71693,16.7
frame,lgw,Year 1, summer 2, Tuesday,71694,16.7
frame,lgw,Year 1, summer 2, Tuesday,71695,16.8
frame,lgw,Year 1, summer 2, Tuesday,71696,16.6
frame,lgw,Year 1, summer 2, Tuesday,71697,16.7
frame,lgw,Year 1, summer 2, Tuesday,71698,16.6
frame,lgw,Year 1, summer 2, Tuesday,71699,16.6
frame,lgw,Year 1, summer 2, Tuesday,71700,16.7
frame,lgw,Year 1, summer 2, Tuesday,71701,16.7
frame,lgw,Year 1, summer 2, Tuesday,71702,16.6
frame,lgw,Year 1, summer 2, Tuesday,71703,16.6
frame,lgw,Year 1, summer 2, Tuesday,71704,16.7
frame,lgw,Year 1, summer 2, Tuesday,71705,16.6
frame,lgw,Year 1, summer 2, Tuesday,71706,16.7
frame,lgw,Year 1, summer 2, Tuesday,71707,16.8
frame,lgw,Year 1, summer 2, Tuesday,71708,16.7
frame,lgw,Year 1, summer 2, Tuesday,71709,16.9
frame,lgw,Year 1, summer 2, Tuesday,71710,16.2
frame,lgw,Year 1, summer 2, Tuesday,71711,16.7
frame,lgw,Year 1, summer 2, Tuesday,71712,16.6
frame,lgw,Year 1, summer 2, Tuesday,71713,16.7
frame,lgw,Year 1, summer 2, Tuesday,71714,16.7
frame,lgw,Year 1, summer 2, Tuesday,71715,16.7
frame,lgw,Year 1, summer 2, Tuesday,71716,16.7
frame,lgw,Year 1, summer 2, Tuesday,71717,16.7
frame,lgw,Year 1, summer 2, Tuesday,71718,16.6
frame,lgw,Year 1, summer 2, Tuesday,71719,16.7
frame,lgw,Year 1, summer 2, Tuesday,71720,16.7
frame,lgw,Year 1, summer 2, Tuesday,71721,16.8
frame,lgw,Year 1, summer 2, Tuesday,71722,16.6
frame,lgw,Year 1, summer 2, Tuesday,71723,16.7
frame,lgw,Year 1, summer 2, Tuesday,71724,16.7
frame,lgw,Year 1, summer 2, Tuesday,71725,16.6
frame,lgw,Year 1, summer 2, Tuesday,71726,16.6
frame,lgw,Year 1, summer 2, Tuesday,71727,16.7
frame,lgw,Year 1, summer 2, Tuesday,71728,16.6
frame,lgw,Year 1, summer 2, Tuesday,71729,16.7
frame,lgw,Year 1, summer 2, Tuesday,71730,16.6
frame,lgw,Year 1, summer 2, Tuesday,71731,16.6
frame,lgw,Year 1, summer 2, Tuesday,71732,16.7
frame,lgw,Year 1, summer 2, Tuesday,71733,16.8
frame,lgw,Year 1, summer 2, Tuesday,71734,16.5
frame,lgw,Year 1, summer 2, Tuesday,71735,16.7
frame,lgw,Year 1, summer 2, Tuesday,71736,16.6
frame,lgw,Year 1, summer 2, Tuesday,71737,16.7
frame,lgw,Year 1, summer 2, Tuesday,71738,16.7
frame,lgw,Year 1, summer 2, Tuesday,71739,16.7
frame,lgw,Year 1, summer 2, Tuesday,71740,16.6
frame,lgw,Year 1, summer 2, Tuesday,71741,16.7
frame,lgw,Year 1, summer 2, Tuesday,71742,16.7
frame,lgw,Year 1, summer 2, Tuesday,71743,16.6
frame,lgw,Year 1, summer 2, Tuesday,71744,16.7
frame,lgw,Year 1, summer 2, Tuesday,71745,16.7
frame,lgw,Year 1, summer 2, Tuesday,71746,16.7
frame,lgw,Year 1, summer 2, Tuesday,71747,16.7
frame,lgw,Year 1, summer 2, Tuesday,71748,16.7
frame,lgw,Year 1, summer 2, Tuesday,71749,16.6
frame,lgw,Year 1, summer 2, Tuesday,71750,16.7
frame,lgw,Year 1, summer 2, Tuesday,71751,16.7
frame,lgw,Year 1, summer 2, Tuesday,71752,16.7
frame,lgw,Year 1, summer 2, Tuesday,71753,16.6
frame,lgw,Year 1, summer 2, Tuesday,71754,16.6
frame,lgw,Year 1, summer 2, Tuesday,71755,16.7
frame,lgw,Year 1, summer 2, Tuesday,71756,16.7
frame,lgw,Year 1, summer 2, Tuesday,71757,16.6
frame,lgw,Year 1, summer 2, Tuesday,71758,16.8
frame,lgw,Year 1, summer 2, Tuesday,71759,16.6
frame,lgw,Year 1, summer 2, Tuesday,71760,16.7
frame,lgw,Year 1, summer 2, Tuesday,71761,16.6
frame,lgw,Year 1, summer 2, Tuesday,71762,16.7
frame,lgw,Year 1, summer 2, Tuesday,71763,16.7
frame,lgw,Year 1, summer 2, Tuesday,71764,16.7
frame,lgw,Year 1, summer 2, Tuesday,71765,16.6
frame,lgw,Year 1, summer 2, Tuesday,71766,16.7
frame,lgw,Year 1, summer 2, Tuesday,71767,16.6
frame,lgw,Year 1, summer 2, Tuesday,71768,16.7
frame,lgw,Year 1, summer 2, Tuesday,71769,16.7
frame,lgw,Year 1, summer 2, Tuesday,71770,16.6
frame,lgw,Year 1, summer 2, Tuesday,71771,16.7
frame,lgw,Year 1, summer 2, Tuesday,71772,16.8
frame,lgw,Year 1, summer 2, Tuesday,71773,16.7
frame,lgw,Year 1, summer 2, Tuesday,71774,16.6
frame,lgw,Year 1, summer 2, Tuesday,71775,16.7
frame,lgw,Year 1, summer 2, Tuesday,71776,16.7
frame,lgw,Year 1, summer 2, Tuesday,71777,16.7
frame,lgw,Year 1, summer 2, Tuesday,71778,16.7
frame,lgw,Year 1, summer 2, Tuesday,71779,16.6
frame,lgw,Year 1, summer 2, Tuesday,71780,16.7
frame,lgw,Year 1, summer 2, Tuesday,71781,16.8
frame,lgw,Year 1, summer 2, Tuesday,71782,16.6
frame,lgw,Year 1, summer 2, Tuesday,71783,16.7
frame,lgw,Year 1, summer 2, Tuesday,71784,16.8
frame,lgw,Year 1, summer 2, Tuesday,71785,16.5
frame,lgw,Year 1, summer 2, Tuesday,71786,16.9
frame,lgw,Year 1, summer 2, Tuesday,71787,16.5
frame,lgw,Year 1, summer 2, Tuesday,71788,16.6
frame,lgw,Year 1, summer 2, Tuesday,71789,16.7
frame,lgw,Year 1, summer 2, Tuesday,71790,16.8
frame,lgw,Year 1, summer 2, Tuesday,71791,16.6
frame,lgw,Year 1, summer 2, Tuesday,71792,16.6
frame,lgw,Year 1, summer 2, Tuesday,71793,16.7
frame,lgw,Year 1, summer 2, Tuesday,71794,16.6
frame,lgw,Year 1, summer 2, Tuesday,71795,16.6
frame,lgw,Year 1, summer 2, Tuesday,71796,16.6
frame,lgw,Year 1, summer 2, Tuesday,71797,16.6
frame,lgw,Year 1, summer 2, Tuesday,71798,16.7
frame,lgw,Year 1, summer 2, Tuesday,71799,16.7
frame,lgw,Year 1, summer 2, Tuesday,71800,16.7
frame,lgw,Year 1, summer 2, Tuesday,71801,16.6
frame,lgw,Year 1, summer 2, Tuesday,71802,16.7
frame,lgw,Year 1, summer 2, Tuesday,71803,16.7
frame,lgw,Year 1, summer 2, Tuesday,71804,16.7
frame,lgw,Year 1, summer 2, Tuesday,71805,16.7
frame,lgw,Year 1, summer 2, Tuesday,71806,16.7
frame,lgw,Year 1, summer 2, Tuesday,71807,16.7
frame,lgw,Year 1, summer 2, Tuesday,71808,16.7
frame,lgw,Year 1, summer 2, Tuesday,71809,16.7
frame,lgw,Year 1, summer 2, Tuesday,71810,16.7
frame,lgw,Year 1, summer 2, Tuesday,71811,16.6
frame,lgw,Year 1, summer 2, Tuesday,71812,16.6
frame,lgw,Year 1, summer 2, Tuesday,71813,16.6
frame,lgw,Year 1, summer 2, Tuesday,71814,17.0
frame,lgw,Year 1, summer 2, Tuesday,71815,16.3
frame,lgw,Year 1, summer 2, Tuesday,71816,16.6
frame,lgw,Year 1, summer 2, Tuesday,71817,16.7
frame,lgw,Year 1, summer 2, Tuesday,71818,16.8
frame,lgw,Year 1, summer 2, Tuesday,71819,16.6
frame,lgw,Year 1, summer 2, Tuesday,71820,16.6
frame,lgw,Year 1, summer 2, Tuesday,71821,16.6
frame,lgw,Year 1, summer 2, Tuesday,71822,16.7
frame,lgw,Year 1, summer 2, Tuesday,71823,16.6
frame,lgw,Year 1, summer 2, Tuesday,71824,17.2
frame,lgw,Year 1, summer 2, Tuesday,71825,16.2
frame,lgw,Year 1, summer 2, Tuesday,71826,16.7
frame,lgw,Year 1, summer 2, Tuesday,71827,16.6
frame,lgw,Year 1, summer 2, Tuesday,71828,16.6
frame,lgw,Year 1, summer 2, Tuesday,71829,16.7
frame,lgw,Year 1, summer 2, Tuesday,71830,16.6
frame,lgw,Year 1, summer 2, Tuesday,71831,16.7
frame,lgw,Year 1, summer 2, Tuesday,71832,16.7
frame,lgw,Year 1, summer 2, Tuesday,71833,16.7
frame,lgw,Year 1, summer 2, Tuesday,71834,16.6
frame,lgw,Year 1, summer 2, Tuesday,71835,16.6
frame,lgw,Year 1, summer 2, Tuesday,71836,16.8
frame,lgw,Year 1, summer 2, Tuesday,71837,16.6
frame,lgw,Year 1, summer 2, Tuesday,71838,16.6
frame,lgw,Year 1, summer 2, Tuesday,71839,16.7
frame,lgw,Year 1, summer 2, Tuesday,71840,16.7
frame,lgw,Year 1, summer 2, Tuesday,71841,16.7
frame,lgw,Year 1, summer 2, Tuesday,71842,16.6
frame,lgw,Year 1, summer 2, Tuesday,71843,16.7
frame,lgw,Year 1, summer 2, Tuesday,71844,17.6
frame,lgw,Year 1, summer 2, Tuesday,71845,15.9
frame,lgw,Year 1, summer 2, Tuesday,71846,16.6
frame,lgw,Year 1, summer 2, Tuesday,71847,16.6
frame,lgw,Year 1, summer 2, Tuesday,71848,16.7
frame,lgw,Year 1, summer 2, Tuesday,71849,16.6
frame,lgw,Year 1, summer 2, Tuesday,71850,16.6
frame,lgw,Year 1, summer 2, Tuesday,71851,16.7
frame,lgw,Year 1, summer 2, Tuesday,71852,16.7
frame,lgw,Year 1, summer 2, Tuesday,71853,16.7
frame,lgw,Year 1, summer 2, Tuesday,71854,16.6
frame,lgw,Year 1, summer 2, Tuesday,71855,16.6
frame,lgw,Year 1, summer 2, Tuesday,71856,16.7
frame,lgw,Year 1, summer 2, Tuesday,71857,16.6
frame,lgw,Year 1, summer 2, Tuesday,71858,16.7
frame,lgw,Year 1, summer 2, Tuesday,71859,16.7
frame,lgw,Year 1, summer 2, Tuesday,71860,16.7
frame,lgw,Year 1, summer 2, Tuesday,71861,16.7
frame,lgw,Year 1, summer 2, Tuesday,71862,16.8
frame,lgw,Year 1, summer 2, Tuesday,71863,16.6
frame,lgw,Year 1, summer 2, Tuesday,71864,16.7
frame,lgw,Year 1, summer 2, Tuesday,71865,16.7
frame,lgw,Year 1, summer 2, Tuesday,71866,16.6
frame,lgw,Year 1, summer 2, Tuesday,71867,16.9
frame,lgw,Year 1, summer 2, Tuesday,71868,16.4
frame,lgw,Year 1, summer 2, Tuesday,71869,16.7
frame,lgw,Year 1, summer 2, Tuesday,71870,16.9
frame,lgw,Year 1, summer 2, Tuesday,71871,16.5
frame,lgw,Year 1, summer 2, Tuesday,71872,16.7
frame,lgw,Year 1, summer 2, Tuesday,71873,16.7
frame,lgw,Year 1, summer 2, Tuesday,71874,16.7
frame,lgw,Year 1, summer 2, Tuesday,71875,16.7
frame,lgw,Year 1, summer 2, Tuesday,71876,16.7
frame,lgw,Year 1, summer 2, Tuesday,71877,17.6
frame,lgw,Year 1, summer 2, Tuesday,71878,16.0
frame,lgw,Year 1, summer 2, Tuesday,71879,16.5
frame,lgw,Year 1, summer 2, Tuesday,71880,16.7
frame,lgw,Year 1, summer 2, Tuesday,71881,16.6
frame,lgw,Year 1, summer 2, Tuesday,71882,16.6
frame,lgw,Year 1, summer 2, Tuesday,71883,16.7
frame,lgw,Year 1, summer 2, Tuesday,71884,16.8
frame,lgw,Year 1, summer 2, Tuesday,71885,16.6
frame,lgw,Year 1, summer 2, Tuesday,71886,16.6
frame,lgw,Year 1, summer 2, Tuesday,71887,16.7
frame,lgw,Year 1, summer 2, Tuesday,71888,16.8
frame,lgw,Year 1, summer 2, Tuesday,71889,16.6
frame,lgw,Year 1, summer 2, Tuesday,71890,16.7
frame,lgw,Year 1, summer 2, Tuesday,71891,16.7
frame,lgw,Year 1, summer 2, Tuesday,71892,16.8
frame,lgw,Year 1, summer 2, Tuesday,71893,16.6
frame,lgw,Year 1, summer 2, Tuesday,71894,16.6
frame,lgw,Year 1, summer 2, Tuesday,71895,16.7
frame,lgw,Year 1, summer 2, Tuesday,71896,16.7
frame,lgw,Year 1, summer 2, Tuesday,71897,16.7
frame,lgw,Year 1, summer 2, Tuesday,71898,16.6
frame,lgw,Year 1, summer 2, Tuesday,71899,16.7
frame,lgw,Year 1, summer 2, Tuesday,71900,16.7
frame,lgw,Year 1, summer 2, Tuesday,71901,16.6
frame,lgw,Year 1, summer 2, Tuesday,71902,16.7
frame,lgw,Year 1, summer 2, Tuesday,71903,16.7
frame,lgw,Year 1, summer 2, Tuesday,71904,16.7
frame,lgw,Year 1, summer 2, Tuesday,71905,16.6
frame,lgw,Year 1, summer 2, Tuesday,71906,17.0
frame,lgw,Year 1, summer 2, Tuesday,71907,16.4
frame,lgw,Year 1, summer 2, Tuesday,71908,16.6
frame,lgw,Year 1, summer 2, Tuesday,71909,16.7
frame,lgw,Year 1, summer 2, Tuesday,71910,16.7
frame,lgw,Year 1, summer 2, Tuesday,71911,16.7
frame,lgw,Year 1, summer 2, Tuesday,71912,16.7
frame,lgw,Year 1, summer 2, Tuesday,71913,16.7
frame,lgw,Year 1, summer 2, Tuesday,71914,16.8
frame,lgw,Year 1, summer 2, Tuesday,71915,16.6
frame,lgw,Year 1, summer 2, Tuesday,71916,17.0
frame,lgw,Year 1, summer 2, Tuesday,71917,16.4
frame,lgw,Year 1, summer 2, Tuesday,71918,16.7
frame,lgw,Year 1, summer 2, Tuesday,71919,16.6
frame,lgw,Year 1, summer 2, Tuesday,71920,16.6
frame,lgw,Year 1, summer 2, Tuesday,71921,16.7
frame,lgw,Year 1, summer 2, Tuesday,71922,16.7
frame,lgw,Year 1, summer 2, Tuesday,71923,16.7
frame,lgw,Year 1, summer 2, Tuesday,71924,16.7
frame,lgw,Year 1, summer 2, Tuesday,71925,16.6
frame,lgw,Year 1, summer 2, Tuesday,71926,16.8
frame,lgw,Year 1, summer 2, Tuesday,71927,16.6
frame,lgw,Year 1, summer 2, Tuesday,71928,17.4
frame,lgw,Year 1, summer 2, Tuesday,71929,15.9
frame,lgw,Year 1, summer 2, Tuesday,71930,16.7
frame,lgw,Year 1, summer 2, Tuesday,71931,16.7
frame,lgw,Year 1, summer 2, Tuesday,71932,16.6
frame,lgw,Year 1, summer 2, Tuesday,71933,16.7
frame,lgw,Year 1, summer 2, Tuesday,71934,16.7
frame,lgw,Year 1, summer 2, Tuesday,71935,16.6
frame,lgw,Year 1, summer 2, Tuesday,71936,16.6
frame,lgw,Year 1, summer 2, Tuesday,71937,16.7
frame,lgw,Year 1, summer 2, Tuesday,71938,16.7
frame,lgw,Year 1, summer 2, Tuesday,71939,16.7
frame,lgw,Year 1, summer 2, Tuesday,71940,16.8
frame,lgw,Year 1, summer 2, Tuesday,71941,16.5
frame,lgw,Year 1, summer 2, Tuesday,71942,16.8
frame,lgw,Year 1, summer 2, Tuesday,71943,16.6
frame,lgw,Year 1, summer 2, Tuesday,71944,16.5
frame,lgw,Year 1, summer 2, Tuesday,71945,16.7
frame,lgw,Year 1, summer 2, Tuesday,71946,16.6
frame,lgw,Year 1, summer 2, Tuesday,71947,16.6
frame,lgw,Year 1, summer 2, Tuesday,71948,16.7
frame,lgw,Year 1, summer 2, Tuesday,71949,16.7
frame,lgw,Year 1, summer 2, Tuesday,71950,17.0
frame,lgw,Year 1, summer 2, Tuesday,71951,16.3
frame,lgw,Year 1, summer 2, Tuesday,71952,16.6
frame,lgw,Year 1, summer 2, Tuesday,71953,16.7
frame,lgw,Year 1, summer 2, Tuesday,71954,16.7
frame,lgw,Year 1, summer 2, Tuesday,71955,16.7
frame,lgw,Year 1, summer 2, Tuesday,71956,16.7
frame,lgw,Year 1, summer 2, Tuesday,71957,16.6
frame,lgw,Year 1, summer 2, Tuesday,71958,16.7
frame,lgw,Year 1, summer 2, Tuesday,71959,17.3
frame,lgw,Year 1, summer 2, Tuesday,71960,16.0
frame,lgw,Year 1, summer 2, Tuesday,71961,16.7
frame,lgw,Year 1, summer 2, Tuesday,71962,16.7
frame,lgw,Year 1, summer 2, Tuesday,71963,16.6
frame,lgw,Year 1, summer 2, Tuesday,71964,16.6
frame,lgw,Year 1, summer 2, Tuesday,71965,16.7
frame,lgw,Year 1, summer 2, Tuesday,71966,16.8
frame,lgw,Year 1, summer 2, Tuesday,71967,16.6
frame,lgw,Year 1, summer 2, Tuesday,71968,16.6
frame,lgw,Year 1, summer 2, Tuesday,71969,16.7
frame,lgw,Year 1, summer 2, Tuesday,71970,16.8
frame,lgw,Year 1, summer 2, Tuesday,71971,16.5
frame,lgw,Year 1, summer 2, Tuesday,71972,16.7
frame,lgw,Year 1, summer 2, Tuesday,71973,16.7
frame,lgw,Year 1, summer 2, Tuesday,71974,16.7
frame,lgw,Year 1, summer 2, Tuesday,71975,16.7
frame,lgw,Year 1, summer 2, Tuesday,71976,16.6
frame,lgw,Year 1, summer 2, Tuesday,71977,16.6
frame,lgw,Year 1, summer 2, Tuesday,71978,16.8
frame,lgw,Year 1, summer 2, Tuesday,71979,16.6
frame,lgw,Year 1, summer 2, Tuesday,71980,17.4
frame,lgw,Year 1, summer 2, Tuesday,71981,15.9
frame,lgw,Year 1, summer 2, Tuesday,71982,17.5
frame,lgw,Year 1, summer 2, Tuesday,71983,15.8
frame,lgw,Year 1, summer 2, Tuesday,71984,16.7
frame,lgw,Year 1, summer 2, Tuesday,71985,16.7
frame,lgw,Year 1, summer 2, Tuesday,71986,16.7
frame,lgw,Year 1, summer 2, Tuesday,71987,16.7
frame,lgw,Year 1, summer 2, Tuesday,71988,16.7
frame,lgw,Year 1, summer 2, Tuesday,71989,16.7
frame,lgw,Year 1, summer 2, Tuesday,71990,16.6
frame,lgw,Year 1, summer 2, Tuesday,71991,16.8
frame,lgw,Year 1, summer 2, Tuesday,71992,16.6
frame,lgw,Year 1, summer 2, Tuesday,71993,16.7
frame,lgw,Year 1, summer 2, Tuesday,71994,16.6
frame,lgw,Year 1, summer 2, Tuesday,71995,16.7
frame,lgw,Year 1, summer 2, Tuesday,71996,16.8
frame,lgw,Year 1, summer 2, Tuesday,71997,16.6
frame,lgw,Year 1, summer 2, Tuesday,71998,16.6
frame,lgw,Year 1, summer 2, Tuesday,71999,16.7
frame,lgw,Year 1, summer 2, Tuesday,77120,16.7
frame,lgw,Year 1, summer 2, Tuesday,77121,16.7
frame,lgw,Year 1, summer 2, Tuesday,77122,16.7
frame,lgw,Year 1, summer 2, Tuesday,77123,16.7
frame,lgw,Year 1, summer 2, Tuesday,77124,16.7
frame,lgw,Year 1, summer 2, Tuesday,77125,16.5
frame,lgw,Year 1, summer 2, Tuesday,77126,16.6
frame,lgw,Year 1, summer 2, Tuesday,77127,16.7
frame,lgw,Year 1, summer 2, Tuesday,77128,16.7
frame,lgw,Year 1, summer 2, Tuesday,77129,16.7
frame,lgw,Year 1, summer 2, Tuesday,77130,16.6
frame,lgw,Year 1, summer 2, Tuesday,77131,16.7
frame,lgw,Year 1, summer 2, Tuesday,77132,16.9
frame,lgw,Year 1, summer 2, Tuesday,77133,16.5
frame,lgw,Year 1, summer 2, Tuesday,77134,16.7
frame,lgw,Year 1, summer 2, Tuesday,77135,16.7
frame,lgw,Year 1, summer 2, Tuesday,77136,16.7
frame,lgw,Year 1, summer 2, Tuesday,77137,16.6
frame,lgw,Year 1, summer 2, Tuesday,77138,16.6
frame,lgw,Year 1, summer 2, Tuesday,77139,16.7
frame,lgw,Year 1, summer 2, Tuesday,77140,16.6
frame,lgw,Year 1, summer 2, Tuesday,77141,16.7
frame,lgw,Year 1, summer 2, Tuesday,77142,16.7
frame,lgw,Year 1, summer 2, Tuesday,77143,16.7
frame,lgw,Year 1, summer 2, Tuesday,77144,16.7
frame,lgw,Year 1, summer 2, Tuesday,77145,16.6
frame,lgw,Year 1, summer 2, Tuesday,77146,16.7
frame,lgw,Year 1, summer 2, Tuesday,77147,16.7
frame,lgw,Year 1, summer 2, Tuesday,77148,16.7
frame,lgw,Year 1, summer 2, Tuesday,77149,16.8
frame,lgw,Year 1, summer 2, Tuesday,77150,16.6
frame,lgw,Year 1, summer 2, Tuesday,77151,16.7
frame,lgw,Year 1, summer 2, Tuesday,77152,16.6
frame,lgw,Year 1, summer 2, Tuesday,77153,16.6
frame,lgw,Year 1, summer 2, Tuesday,77154,16.6
frame,lgw,Year 1, summer 2, Tuesday,77155,16.7
frame,lgw,Year 1, summer 2, Tuesday,77156,16.6
frame,lgw,Year 1, summer 2, Tuesday,77157,16.7
frame,lgw,Year 1, summer 2, Tuesday,77158,16.6
frame,lgw,Year 1, summer 2, Tuesday,77159,16.8
frame,lgw,Year 1, summer 2, Tuesday,77160,16.6
frame,lgw,Year 1, summer 2, Tuesday,77161,16.8
frame,lgw,Year 1, summer 2, Tuesday,77162,16.6
frame,lgw,Year 1, summer 2, Tuesday,77163,16.6
frame,lgw,Year 1, summer 2, Tuesday,77164,16.7
frame,lgw,Year 1, summer 2, Tuesday,77165,16.8
frame,lgw,Year 1, summer 2, Tuesday,77166,16.7
frame,lgw,Year 1, summer 2, Tuesday,77167,16.6
frame,lgw,Year 1, summer 2, Tuesday,77168,16.6
frame,lgw,Year 1, summer 2, Tuesday,77169,16.6
frame,lgw,Year 1, summer 2, Tuesday,77170,16.7
frame,lgw,Year 1, summer 2, Tuesday,77171,16.7
frame,lgw,Year 1, summer 2, Tuesday,77172,16.6
frame,lgw,Year 1, summer 2, Tuesday,77173,16.7
frame,lgw,Year 1, summer 2, Tuesday,77174,16.7
frame,lgw,Year 1, summer 2, Tuesday,77175,16.9
frame,lgw,Year 1, summer 2, Tuesday,77176,16.5
frame,lgw,Year 1, summer 2, Tuesday,77177,16.7
frame,lgw,Year 1, summer 2, Tuesday,77178,16.6
frame,lgw,Year 1, summer 2, Tuesday,77179,16.7
frame,lgw,Year 1, summer 2, Tuesday,77180,16.7
frame,lgw,Year 1, summer 2, Tuesday,77181,16.7
frame,lgw,Year 1, summer 2, Tuesday,77182,16.7
frame,lgw,Year 1, summer 2, Tuesday,77183,16.7
frame,lgw,Year 1, summer 2, Tuesday,77184,16.6
frame,lgw,Year 1, summer 2, Tuesday,77185,16.6
frame,lgw,Year 1, summer 2, Tuesday,77186,16.8
frame,lgw,Year 1, summer 2, Tuesday,77187,16.6
frame,lgw,Year 1, summer 2, Tuesday,77188,16.6
frame,lgw,Year 1, summer 2, Tuesday,77189,16.9
frame,lgw,Year 1, summer 2, Tuesday,77190,16.4
frame,lgw,Year 1, summer 2, Tuesday,77191,16.7
frame,lgw,Year 1, summer 2, Tuesday,77192,16.7
frame,lgw,Year 1, summer 2, Tuesday,77193,16.7
frame,lgw,Year 1, summer 2, Tuesday,77194,16.7
frame,lgw,Year 1, summer 2, Tuesday,77195,16.7
frame,lgw,Year 1, summer 2, Tuesday,77196,16.6
frame,lgw,Year 1, summer 2, Tuesday,77197,16.6
frame,lgw,Year 1, summer 2, Tuesday,77198,16.7
frame,lgw,Year 1, summer 2, Tuesday,77199,16.7
frame,lgw,Year 1, summer 2, Tuesday,77200,16.7
frame,lgw,Year 1, summer 2, Tuesday,77201,17.0
frame,lgw,Year 1, summer 2, Tuesday,77202,16.3
frame,lgw,Year 1, summer 2, Tuesday,77203,16.6
frame,lgw,Year 1, summer 2, Tuesday,77204,16.7
frame,lgw,Year 1, summer 2, Tuesday,77205,16.7
frame,lgw,Year 1, summer 2, Tuesday,77206,16.6
frame,lgw,Year 1, summer 2, Tuesday,77207,16.7
frame,lgw,Year 1, summer 2, Tuesday,77208,16.7
frame,lgw,Year 1, summer 2, Tuesday,77209,16.7
frame,lgw,Year 1, summer 2, Tuesday,77210,16.7
frame,lgw,Year 1, summer 2, Tuesday,77211,16.7
frame,lgw,Year 1, summer 2, Tuesday,77212,16.7
frame,lgw,Year 1, summer 2, Tuesday,77213,16.6
frame,lgw,Year 1, summer 2, Tuesday,77214,16.6
frame,lgw,Year 1, summer 2, Tuesday,77215,16.7
frame,lgw,Year 1, summer 2, Tuesday,77216,18.2
frame,lgw,Year 1, summer 2, Tuesday,77217,15.1
frame,lgw,Year 1, summer 2, Tuesday,77218,16.7
frame,lgw,Year 1, summer 2, Tuesday,77219,16.6
frame,lgw,Year 1, summer 2, Tuesday,77220,16.7
frame,lgw,Year 1, summer 2, Tuesday,77221,16.7
frame,lgw,Year 1, summer 2, Tuesday,77222,16.7
frame,lgw,Year 1, summer 2, Tuesday,77223,16.7
frame,lgw,Year 1, summer 2, Tuesday,77224,16.7
frame,lgw,Year 1, summer 2, Tuesday,77225,16.6
frame,lgw,Year 1, summer 2, Tuesday,77226,16.7
frame,lgw,Year 1, summer 2, Tuesday,77227,16.8
frame,lgw,Year 1, summer 2, Tuesday,77228,16.6
frame,lgw,Year 1, summer 2, Tuesday,77229,16.6
frame,lgw,Year 1, summer 2, Tuesday,77230,16.7
frame,lgw,Year 1, summer 2, Tuesday,77231,16.7
frame,lgw,Year 1, summer 2, Tuesday,77232,16.6
frame,lgw,Year 1, summer 2, Tuesday,77233,16.7
frame,lgw,Year 1, summer 2, Tuesday,77234,16.7
frame,lgw,Year 1, summer 2, Tuesday,77235,16.7
frame,lgw,Year 1, summer 2, Tuesday,77236,16.6
frame,lgw,Year 1, summer 2, Tuesday,77237,16.7
frame,lgw,Year 1, summer 2, Tuesday,77238,16.7
frame,lgw,Year 1, summer 2, Tuesday,77239,16.6
frame,lgw,Year 1, summer 2, Tuesday,77240,16.7
frame,lgw,Year 1, summer 2, Tuesday,77241,16.7
frame,lgw,Year 1, summer 2, Tuesday,77242,16.7
frame,lgw,Year 1, summer 2, Tuesday,77243,16.7
frame,lgw,Year 1, summer 2, Tuesday,77244,16.7
frame,lgw,Year 1, summer 2, Tuesday,77245,16.6
frame,lgw,Year 1, summer 2, Tuesday,77246,16.7
frame,lgw,Year 1, summer 2, Tuesday,77247,16.7
frame,lgw,Year 1, summer 2, Tuesday,77248,16.7
frame,lgw,Year 1, summer 2, Tuesday,77249,16.7
frame,lgw,Year 1, summer 2, Tuesday,77250,16.7
frame,lgw,Year 1, summer 2, Tuesday,77251,16.6
frame,lgw,Year 1, summer 2, Tuesday,77252,16.7
frame,lgw,Year 1, summer 2, Tuesday,77253,16.7
frame,lgw,Year 1, summer 2, Tuesday,77254,16.6
frame,lgw,Year 1, summer 2, Tuesday,77255,16.6
frame,lgw,Year 1, summer 2, Tuesday,77256,16.8
frame,lgw,Year 1, summer 2, Tuesday,77257,16.7
frame,lgw,Year 1, summer 2, Tuesday,77258,16.5
frame,lgw,Year 1, summer 2, Tuesday,77259,16.7
frame,lgw,Year 1, summer 2, Tuesday,77260,16.7
frame,lgw,Year 1, summer 2, Tuesday,77261,16.6
frame,lgw,Year 1, summer 2, Tuesday,77262,16.7
frame,lgw,Year 1, summer 2, Tuesday,77263,16.6
frame,lgw,Year 1, summer 2, Tuesday,77264,16.7
frame,lgw,Year 1, summer 2, Tuesday,77265,16.7
frame,lgw,Year 1, summer 2, Tuesday,77266,16.7
frame,lgw,Year 1, summer 2, Tuesday,77267,16.6
frame,lgw,Year 1, summer 2, Tuesday,77268,16.7
frame,lgw,Year 1, summer 2, Tuesday,77269,16.7
frame,lgw,Year 1, summer 2, Tuesday,77270,16.7
frame,lgw,Year 1, summer 2, Tuesday,77271,16.7
frame,lgw,Year 1, summer 2, Tuesday,77272,16.8
frame,lgw,Year 1, summer 2, Tuesday,77273,16.6
frame,lgw,Year 1, summer 2, Tuesday,77274,16.7
frame,lgw,Year 1, summer 2, Tuesday,77275,16.7
frame,lgw,Year 1, summer 2, Tuesday,77276,16.7
frame,lgw,Year 1, summer 2, Tuesday,77277,17.6
frame,lgw,Year 1, summer 2, Tuesday,77278,15.7
frame,lgw,Year 1, summer 2, Tuesday,77279,16.6
frame,lgw,Year 1, summer 2, Tuesday,77280,16.6
frame,lgw,Year 1, summer 2, Tuesday,77281,16.7
frame,lgw,Year 1, summer 2, Tuesday,77282,16.7
frame,lgw,Year 1, summer 2, Tuesday,77283,16.7
frame,lgw,Year 1, summer 2, Tuesday,77284,16.7
frame,lgw,Year 1, summer 2, Tuesday,77285,16.6
frame,lgw,Year 1, summer 2, Tuesday,77286,16.7
frame,lgw,Year 1, summer 2, Tuesday,77287,16.8
frame,lgw,Year 1, summer 2, Tuesday,77288,16.6
frame,lgw,Year 1, summer 2, Tuesday,77289,16.6
frame,lgw,Year 1, summer 2, Tuesday,77290,16.6
frame,lgw,Year 1, summer 2, Tuesday,77291,16.7
frame,lgw,Year 1, summer 2, Tuesday,77292,17.6
frame,lgw,Year 1, summer 2, Tuesday,77293,15.8
frame,lgw,Year 1, summer 2, Tuesday,77294,16.7
frame,lgw,Year 1, summer 2, Tuesday,77295,16.9
frame,lgw,Year 1, summer 2, Tuesday,77296,16.5
frame,lgw,Year 1, summer 2, Tuesday,77297,16.7
frame,lgw,Year 1, summer 2, Tuesday,77298,16.6
frame,lgw,Year 1, summer 2, Tuesday,77299,16.7
frame,lgw,Year 1, summer 2, Tuesday,77300,16.7
frame,lgw,Year 1, summer 2, Tuesday,77301,16.7
frame,lgw,Year 1, summer 2, Tuesday,77302,16.7
frame,lgw,Year 1, summer 2, Tuesday,77303,16.6
frame,lgw,Year 1, summer 2, Tuesday,77304,16.8
frame,lgw,Year 1, summer 2, Tuesday,77305,16.6
frame,lgw,Year 1, summer 2, Tuesday,77306,16.6
frame,lgw,Year 1, summer 2, Tuesday,77307,16.7
frame,lgw,Year 1, summer 2, Tuesday,77308,16.7
frame,lgw,Year 1, summer 2, Tuesday,77309,16.6
frame,lgw,Year 1, summer 2, Tuesday,77310,16.6
frame,lgw,Year 1, summer 2, Tuesday,77311,16.7
frame,lgw,Year 1, summer 2, Tuesday,77312,16.7
frame,lgw,Year 1, summer 2, Tuesday,77313,16.7
frame,lgw,Year 1, summer 2, Tuesday,77314,16.7
frame,lgw,Year 1, summer 2, Tuesday,77315,16.7
frame,lgw,Year 1, summer 2, Tuesday,77316,16.6
frame,lgw,Year 1, summer 2, Tuesday,77317,16.7
frame,lgw,Year 1, summer 2, Tuesday,77318,16.6
frame,lgw,Year 1, summer 2, Tuesday,77319,16.7
frame,lgw,Year 1, summer 2, Tuesday,77320,16.7
frame,lgw,Year 1, summer 2, Tuesday,77321,16.7
frame,lgw,Year 1, summer 2, Tuesday,77322,16.6
frame,lgw,Year 1, summer 2, Tuesday,77323,16.7
frame,lgw,Year 1, summer 2, Tuesday,77324,16.6
frame,lgw,Year 1, summer 2, Tuesday,77325,16.7
frame,lgw,Year 1, summer 2, Tuesday,77326,16.7
frame,lgw,Year 1, summer 2, Tuesday,77327,16.7
frame,lgw,Year 1, summer 2, Tuesday,77328,16.6
frame,lgw,Year 1, summer 2, Tuesday,77329,16.7
frame,lgw,Year 1, summer 2, Tuesday,77330,16.8
frame,lgw,Year 1, summer 2, Tuesday,77331,16.6
frame,lgw,Year 1, summer 2, Tuesday,77332,16.7
frame,lgw,Year 1, summer 2, Tuesday,77333,16.7
frame,lgw,Year 1, summer 2, Tuesday,77334,16.8
frame,lgw,Year 1, summer 2, Tuesday,77335,16.5
frame,lgw,Year 1, summer 2, Tuesday,77336,16.7
frame,lgw,Year 1, summer 2, Tuesday,77337,16.6
frame,lgw,Year 1, summer 2, Tuesday,77338,16.7
frame,lgw,Year 1, summer 2, Tuesday,77339,16.7
frame,lgw,Year 1, summer 2, Tuesday,77340,16.7
frame,lgw,Year 1, summer 2, Tuesday,77341,16.7
frame,lgw,Year 1, summer 2, Tuesday,77342,16.6
frame,lgw,Year 1, summer 2, Tuesday,77343,16.7
frame,lgw,Year 1, summer 2, Tuesday,77344,16.7
frame,lgw,Year 1, summer 2, Tuesday,77345,16.6
frame,lgw,Year 1, summer 2, Tuesday,77346,16.7
frame,lgw,Year 1, summer 2, Tuesday,77347,16.7
frame,lgw,Year 1, summer 2, Tuesday,77348,16.8
frame,lgw,Year 1, summer 2, Tuesday,77349,16.7
frame,lgw,Year 1, summer 2, Tuesday,77350,16.5
frame,lgw,Year 1, summer 2, Tuesday,77351,16.7
frame,lgw,Year 1, summer 2, Tuesday,77352,16.7
frame,lgw,Year 1, summer 2, Tuesday,77353,16.7
frame,lgw,Year 1, summer 2, Tuesday,77354,16.6
frame,lgw,Year 1, summer 2, Tuesday,77355,17.2
frame,lgw,Year 1, summer 2, Tuesday,77356,16.3
frame,lgw,Year 1, summer 2, Tuesday,77357,16.4
frame,lgw,Year 1, summer 2, Tuesday,77358,16.6
frame,lgw,Year 1, summer 2, Tuesday,77359,16.7
frame,lgw,Year 1, summer 2, Tuesday,77360,16.7
frame,lgw,Year 1, summer 2, Tuesday,77361,16.6
frame,lgw,Year 1, summer 2, Tuesday,77362,16.6
frame,lgw,Year 1, summer 2, Tuesday,77363,16.7
frame,lgw,Year 1, summer 2, Tuesday,77364,16.6
frame,lgw,Year 1, summer 2, Tuesday,77365,16.7
frame,lgw,Year 1, summer 2, Tuesday,77366,16.7
frame,lgw,Year 1, summer 2, Tuesday,77367,16.6
frame,lgw,Year 1, summer 2, Tuesday,77368,16.7
frame,lgw,Year 1, summer 2, Tuesday,77369,16.6
frame,lgw,Year 1, summer 2, Tuesday,77370,16.7
frame,lgw,Year 1, summer 2, Tuesday,77371,16.7
frame,lgw,Year 1, summer 2, Tuesday,77372,16.7
frame,lgw,Year 1, summer 2, Tuesday,77373,16.6
frame,lgw,Year 1, summer 2, Tuesday,77374,16.7
frame,lgw,Year 1, summer 2, Tuesday,77375,16.8
frame,lgw,Year 1, summer 2, Tuesday,77376,16.5
frame,lgw,Year 1, summer 2, Tuesday,77377,16.7
frame,lgw,Year 1, summer 2, Tuesday,77378,16.6
frame,lgw,Year 1, summer 2, Tuesday,77379,16.6
frame,lgw,Year 1, summer 2, Tuesday,77380,16.7
frame,lgw,Year 1, summer 2, Tuesday,77381,16.8
frame,lgw,Year 1, summer 2, Tuesday,77382,16.6
frame,lgw,Year 1, summer 2, Tuesday,77383,16.6
frame,lgw,Year 1, summer 2, Tuesday,77384,16.6
frame,lgw,Year 1, summer 2, Tuesday,77385,16.7
frame,lgw,Year 1, summer 2, Tuesday,77386,16.7
frame,lgw,Year 1, summer 2, Tuesday,77387,16.6
frame,lgw,Year 1, summer 2, Tuesday,77388,16.8
frame,lgw,Year 1, summer 2, Tuesday,77389,16.9
frame,lgw,Year 1, summer 2, Tuesday,77390,16.4
frame,lgw,Year 1, summer 2, Tuesday,77391,16.6
frame,lgw,Year 1, summer 2, Tuesday,77392,16.7
frame,lgw,Year 1, summer 2, Tuesday,77393,16.6
frame,lgw,Year 1, summer 2, Tuesday,77394,16.8
frame,lgw,Year 1, summer 2, Tuesday,77395,16.6
frame,lgw,Year 1, summer 2, Tuesday,77396,16.6
frame,lgw,Year 1, summer 2, Tuesday,77397,16.6
frame,lgw,Year 1, summer 2, Tuesday,77398,16.7
frame,lgw,Year 1, summer 2, Tuesday,77399,16.7
frame,lgw,Year 1, summer 2, Tuesday,77400,16.7
frame,lgw,Year 1, summer 2, Tuesday,77401,16.7
frame,lgw,Year 1, summer 2, Tuesday,77402,17.7
frame,lgw,Year 1, summer 2, Tuesday,77403,15.6
frame,lgw,Year 1, summer 2, Tuesday,77404,16.7
frame,lgw,Year 1, summer 2, Tuesday,77405,16.6
frame,lgw,Year 1, summer 2, Tuesday,77406,16.7
frame,lgw,Year 1, summer 2, Tuesday,77407,16.8
frame,lgw,Year 1, summer 2, Tuesday,77408,16.7
frame,lgw,Year 1, summer 2, Tuesday,77409,16.6
frame,lgw,Year 1, summer 2, Tuesday,77410,16.6
frame,lgw,Year 1, summer 2, Tuesday,77411,16.7
frame,lgw,Year 1, summer 2, Tuesday,77412,17.2
frame,lgw,Year 1, summer 2, Tuesday,77413,16.1
frame,lgw,Year 1, summer 2, Tuesday,77414,16.8
frame,lgw,Year 1, summer 2, Tuesday,77415,16.6
frame,lgw,Year 1, summer 2, Tuesday,77416,16.7
frame,lgw,Year 1, summer 2, Tuesday,77417,16.6
frame,lgw,Year 1, summer 2, Tuesday,77418,16.7
frame,lgw,Year 1, summer 2, Tuesday,77419,16.7
frame,lgw,Year 1, summer 2, Tuesday,77420,16.7
frame,lgw,Year 1, summer 2, Tuesday,77421,16.7
frame,lgw,Year 1, summer 2, Tuesday,77422,16.7
frame,lgw,Year 1, summer 2, Tuesday,77423,16.6
frame,lgw,Year 1, summer 2, Tuesday,77424,16.7
frame,lgw,Year 1, summer 2, Tuesday,77425,16.7
frame,lgw,Year 1, summer 2, Tuesday,77426,16.7
frame,lgw,Year 1, summer 2, Tuesday,77427,16.6
frame,lgw,Year 1, summer 2, Tuesday,77428,16.7
frame,lgw,Year 1, summer 2, Tuesday,77429,16.7
frame,lgw,Year 1, summer 2, Tuesday,77430,16.5
frame,lgw,Year 1, summer 2, Tuesday,77431,16.7
frame,lgw,Year 1, summer 2, Tuesday,77432,16.7
frame,lgw,Year 1, summer 2, Tuesday,77433,16.8
frame,lgw,Year 1, summer 2, Tuesday,77434,16.6
frame,lgw,Year 1, summer 2, Tuesday,77435,16.7
frame,lgw,Year 1, summer 2, Tuesday,77436,16.6
frame,lgw,Year 1, summer 2, Tuesday,77437,16.6
frame,lgw,Year 1, summer 2, Tuesday,77438,16.7
frame,lgw,Year 1, summer 2, Tuesday,77439,16.7
frame,lgw,Year 1, summer 2, Tuesday,77440,16.7
frame,lgw,Year 1, summer 2, Tuesday,77441,16.7
frame,lgw,Year 1, summer 2, Tuesday,77442,17.2
frame,lgw,Year 1, summer 2, Tuesday,77443,16.1
frame,lgw,Year 1, summer 2, Tuesday,77444,16.7
frame,lgw,Year 1, summer 2, Tuesday,77445,16.7
frame,lgw,Year 1, summer 2, Tuesday,77446,16.7
frame,lgw,Year 1, summer 2, Tuesday,77447,16.7
frame,lgw,Year 1, summer 2, Tuesday,77448,16.7
frame,lgw,Year 1, summer 2, Tuesday,77449,16.7
frame,lgw,Year 1, summer 2, Tuesday,77450,16.7
frame,lgw,Year 1, summer 2, Tuesday,77451,16.6
frame,lgw,Year 1, summer 2, Tuesday,77452,16.7
frame,lgw,Year 1, summer 2, Tuesday,77453,16.6
frame,lgw,Year 1, summer 2, Tuesday,77454,16.7
frame,lgw,Year 1, summer 2, Tuesday,77455,16.8
frame,lgw,Year 1, summer 2, Tuesday,77456,16.7
frame,lgw,Year 1, summer 2, Tuesday,77457,16.6
frame,lgw,Year 1, summer 2, Tuesday,77458,16.6
frame,lgw,Year 1, summer 2, Tuesday,77459,16.7
frame,lgw,Year 1, summer 2, Tuesday,77460,16.6
frame,lgw,Year 1, summer 2, Tuesday,77461,16.6
frame,lgw,Year 1, summer 2, Tuesday,77462,16.7
frame,lgw,Year 1, summer 2, Tuesday,77463,16.6
frame,lgw,Year 1, summer 2, Tuesday,77464,16.6
frame,lgw,Year 1, summer 2, Tuesday,77465,16.7
frame,lgw,Year 1, summer 2, Tuesday,77466,16.6
frame,lgw,Year 1, summer 2, Tuesday,77467,16.7
frame,lgw,Year 1, summer 2, Tuesday,77468,16.9
frame,lgw,Year 1, summer 2, Tuesday,77469,16.5
frame,lgw,Year 1, summer 2, Tuesday,77470,16.6
frame,lgw,Year 1, summer 2, Tuesday,77471,16.6
frame,lgw,Year 1, summer 2, Tuesday,77472,16.7
frame,lgw,Year 1, summer 2, Tuesday,77473,16.6
frame,lgw,Year 1, summer 2, Tuesday,77474,16.7
frame,lgw,Year 1, summer 2, Tuesday,77475,16.6
frame,lgw,Year 1, summer 2, Tuesday,77476,16.6
frame,lgw,Year 1, summer 2, Tuesday,77477,16.7
frame,lgw,Year 1, summer 2, Tuesday,77478,16.7
frame,lgw,Year 1, summer 2, Tuesday,77479,16.6
frame,lgw,Year 1, summer 2, Tuesday,77480,16.7
frame,lgw,Year 1, summer 2, Tuesday,77481,16.8
frame,lgw,Year 1, summer 2, Tuesday,77482,16.7
frame,lgw,Year 1, summer 2, Tuesday,77483,16.6
frame,lgw,Year 1, summer 2, Tuesday,77484,16.6
frame,lgw,Year 1, summer 2, Tuesday,77485,16.7
frame,lgw,Year 1, summer 2, Tuesday,77486,16.7
frame,lgw,Year 1, summer 2, Tuesday,77487,16.6
frame,lgw,Year 1, summer 2, Tuesday,77488,16.7
frame,lgw,Year 1, summer 2, Tuesday,77489,16.6
frame,lgw,Year 1, summer 2, Tuesday,77490,16.7
frame,lgw,Year 1, summer 2, Tuesday,77491,16.7
frame,lgw,Year 1, summer 2, Tuesday,77492,16.7
frame,lgw,Year 1, summer 2, Tuesday,77493,16.7
frame,lgw,Year 1, summer 2, Tuesday,77494,16.5
frame,lgw,Year 1, summer 2, Tuesday,77495,16.7
frame,lgw,Year 1, summer 2, Tuesday,77496,16.6
frame,lgw,Year 1, summer 2, Tuesday,77497,16.7
frame,lgw,Year 1, summer 2, Tuesday,77498,16.7
frame,lgw,Year 1, summer 2, Tuesday,77499,16.6
frame,lgw,Year 1, summer 2, Tuesday,77500,16.7
frame,lgw,Year 1, summer 2, Tuesday,77501,16.7
frame,lgw,Year 1, summer 2, Tuesday,77502,17.1
frame,lgw,Year 1, summer 2, Tuesday,77503,16.2
frame,lgw,Year 1, summer 2, Tuesday,77504,16.6
frame,lgw,Year 1, summer 2, Tuesday,77505,16.7
frame,lgw,Year 1, summer 2, Tuesday,77506,16.7
frame,lgw,Year 1, summer 2, Tuesday,77507,16.6
frame,lgw,Year 1, summer 2, Tuesday,77508,16.7
frame,lgw,Year 1, summer 2, Tuesday,77509,16.6
frame,lgw,Year 1, summer 2, Tuesday,77510,16.7
frame,lgw,Year 1, summer 2, Tuesday,77511,16.7
frame,lgw,Year 1, summer 2, Tuesday,77512,16.6
frame,lgw,Year 1, summer 2, Tuesday,77513,16.6
frame,lgw,Year 1, summer 2, Tuesday,77514,16.7
frame,lgw,Year 1, summer 2, Tuesday,77515,16.7
frame,lgw,Year 1, summer 2, Tuesday,77516,16.8
frame,lgw,Year 1, summer 2, Tuesday,77517,16.6
frame,lgw,Year 1, summer 2, Tuesday,77518,16.7
frame,lgw,Year 1, summer 2, Tuesday,77519,16.6
frame,lgw,Year 1, summer 2, Tuesday,77520,16.6
frame,lgw,Year 1, summer 2, Tuesday,77521,16.7
frame,lgw,Year 1, summer 2, Tuesday,77522,16.7
frame,lgw,Year 1, summer 2, Tuesday,77523,16.7
frame,lgw,Year 1, summer 2, Tuesday,77524,16.6
frame,lgw,Year 1, summer 2, Tuesday,77525,16.7
frame,lgw,Year 1, summer 2, Tuesday,77526,16.6
frame,lgw,Year 1, summer 2, Tuesday,77527,16.7
frame,lgw,Year 1, summer 2, Tuesday,77528,16.7
frame,lgw,Year 1, summer 2, Tuesday,77529,16.8
frame,lgw,Year 1, summer 2, Tuesday,77530,16.6
frame,lgw,Year 1, summer 2, Tuesday,77531,16.7
frame,lgw,Year 1, summer 2, Tuesday,77532,16.6
frame,lgw,Year 1, summer 2, Tuesday,77533,16.7
frame,lgw,Year 1, summer 2, Tuesday,77534,16.7
frame,lgw,Year 1, summer 2, Tuesday,77535,16.6
frame,lgw,Year 1, summer 2, Tuesday,77536,16.7
frame,lgw,Year 1, summer 2, Tuesday,77537,16.7
frame,lgw,Year 1, summer 2, Tuesday,77538,16.7
frame,lgw,Year 1, summer 2, Tuesday,77539,16.6
frame,lgw,Year 1, summer 2, Tuesday,77540,16.6
frame,lgw,Year 1, summer 2, Tuesday,77541,16.7
frame,lgw,Year 1, summer 2, Tuesday,77542,16.7
frame,lgw,Year 1, summer 2, Tuesday,77543,16.6
frame,lgw,Year 1, summer 2, Tuesday,77544,16.7
frame,lgw,Year 1, summer 2, Tuesday,77545,16.8
frame,lgw,Year 1, summer 2, Tuesday,77546,16.7
frame,lgw,Year 1, summer 2, Tuesday,77547,16.6
frame,lgw,Year 1, summer 2, Tuesday,77548,16.8
frame,lgw,Year 1, summer 2, Tuesday,77549,16.5
frame,lgw,Year 1, summer 2, Tuesday,77550,16.6
frame,lgw,Year 1, summer 2, Tuesday,77551,16.7
frame,lgw,Year 1, summer 2, Tuesday,77552,16.7
frame,lgw,Year 1, summer 2, Tuesday,77553,16.7
frame,lgw,Year 1, summer 2, Tuesday,77554,16.7
frame,lgw,Year 1, summer 2, Tuesday,77555,16.7
frame,lgw,Year 1, summer 2, Tuesday,77556,16.7
frame,lgw,Year 1, summer 2, Tuesday,77557,16.6
frame,lgw,Year 1, summer 2, Tuesday,77558,16.7
frame,lgw,Year 1, summer 2, Tuesday,77559,16.6
frame,lgw,Year 1, summer 2, Tuesday,77560,16.7
frame,lgw,Year 1, summer 2, Tuesday,77561,16.7
frame,lgw,Year 1, summer 2, Tuesday,77562,16.7
frame,lgw,Year 1, summer 2, Tuesday,77563,16.7
frame,lgw,Year 1, summer 2, Tuesday,77564,16.6
frame,lgw,Year 1, summer 2, Tuesday,77565,16.6
frame,lgw,Year 1, summer 2, Tuesday,77566,16.6
frame,lgw,Year 1, summer 2, Tuesday,77567,16.7
frame,lgw,Year 1, summer 2, Tuesday,77568,16.7
frame,lgw,Year 1, summer 2, Tuesday,77569,16.6
frame,lgw,Year 1, summer 2, Tuesday,77570,16.7
frame,lgw,Year 1, summer 2, Tuesday,77571,16.7
frame,lgw,Year 1, summer 2, Tuesday,77572,16.6
frame,lgw,Year 1, summer 2, Tuesday,77573,16.7
frame,lgw,Year 1, summer 2, Tuesday,77574,16.7
frame,lgw,Year 1, summer 2, Tuesday,77575,16.7
frame,lgw,Year 1, summer 2, Tuesday,77576,16.7
frame,lgw,Year 1, summer 2, Tuesday,77577,16.6
frame,lgw,Year 1, summer 2, Tuesday,77578,16.6
frame,lgw,Year 1, summer 2, Tuesday,77579,17.1
frame,lgw,Year 1, summer 2, Tuesday,77580,16.3
frame,lgw,Year 1, summer 2, Tuesday,77581,17.8
frame,lgw,Year 1, summer 2, Tuesday,77582,15.4
frame,lgw,Year 1, summer 2, Tuesday,77583,16.7
frame,lgw,Year 1, summer 2, Tuesday,77584,16.8
frame,lgw,Year 1, summer 2, Tuesday,77585,16.6
frame,lgw,Year 1, summer 2, Tuesday,77586,16.7
frame,lgw,Year 1, summer 2, Tuesday,77587,16.6
frame,lgw,Year 1, summer 2, Tuesday,77588,16.8
frame,lgw,Year 1, summer 2, Tuesday,77589,16.7
frame,lgw,Year 1, summer 2, Tuesday,77590,16.7
frame,lgw,Year 1, summer 2, Tuesday,77591,16.6
frame,lgw,Year 1, summer 2, Tuesday,77592,16.6
frame,lgw,Year 1, summer 2, Tuesday,77593,16.7
frame,lgw,Year 1, summer 2, Tuesday,77594,16.7
frame,lgw,Year 1, summer 2, Tuesday,77595,16.7
frame,lgw,Year 1, summer 2, Tuesday,77596,16.6
frame,lgw,Year 1, summer 2, Tuesday,77597,16.6
frame,lgw,Year 1, summer 2, Tuesday,77598,16.7
frame,lgw,Year 1, summer 2, Tuesday,77599,16.7
frame,lgw,Year 1, summer 2, Tuesday,77600,16.6
frame,lgw,Year 1, summer 2, Tuesday,77601,16.7
frame,lgw,Year 1, summer 2, Tuesday,77602,16.6
frame,lgw,Year 1, summer 2, Tuesday,77603,16.7
frame,lgw,Year 1, summer 2, Tuesday,77604,16.6
frame,lgw,Year 1, summer 2, Tuesday,77605,16.7
frame,lgw,Year 1, summer 2, Tuesday,77606,16.7
frame,lgw,Year 1, summer 2, Tuesday,77607,16.7
frame,lgw,Year 1, summer 2, Tuesday,77608,16.6
frame,lgw,Year 1, summer 2, Tuesday,77609,16.7
frame,lgw,Year 1, summer 2, Tuesday,77610,16.7
frame,lgw,Year 1, summer 2, Tuesday,77611,16.6
frame,lgw,Year 1, summer 2, Tuesday,77612,16.7
frame,lgw,Year 1, summer 2, Tuesday,77613,16.7
frame,lgw,Year 1, summer 2, Tuesday,77614,16.6
frame,lgw,Year 1, summer 2, Tuesday,77615,16.7
frame,lgw,Year 1, summer 2, Tuesday,77616,16.6
frame,lgw,Year 1, summer 2, Tuesday,77617,16.7
frame,lgw,Year 1, summer 2, Tuesday,77618,16.6
frame,lgw,Year 1, summer 2, Tuesday,77619,16.7
frame,lgw,Year 1, summer 2, Tuesday,77620,16.7
frame,lgw,Year 1, summer 2, Tuesday,77621,16.6
frame,lgw,Year 1, summer 2, Tuesday,77622,16.7
frame,lgw,Year 1, summer 2, Tuesday,77623,16.6
frame,lgw,Year 1, summer 2, Tuesday,77624,16.7
frame,lgw,Year 1, summer 2, Tuesday,77625,16.9
frame,lgw,Year 1, summer 2, Tuesday,77626,16.4
frame,lgw,Year 1, summer 2, Tuesday,77627,16.6
frame,lgw,Year 1, summer 2, Tuesday,77628,16.7
frame,lgw,Year 1, summer 2, Tuesday,77629,17.7
frame,lgw,Year 1, summer 2, Tuesday,77630,15.6
frame,lgw,Year 1, summer 2, Tuesday,77631,16.7
frame,lgw,Year 1, summer 2, Tuesday,77632,16.6
frame,lgw,Year 1, summer 2, Tuesday,77633,16.7
frame,lgw,Year 1, summer 2, Tuesday,77634,16.7
frame,lgw,Year 1, summer 2, Tuesday,77635,16.7
frame,lgw,Year 1, summer 2, Tuesday,77636,16.6
frame,lgw,Year 1, summer 2, Tuesday,77637,16.8
frame,lgw,Year 1, summer 2, Tuesday,77638,16.8
frame,lgw,Year 1, summer 2, Tuesday,77639,16.5
frame,lgw,Year 1, summer 2, Tuesday,77640,16.6
frame,lgw,Year 1, summer 2, Tuesday,77641,16.7
frame,lgw,Year 1, summer 2, Tuesday,77642,16.7
frame,lgw,Year 1, summer 2, Tuesday,77643,16.6
frame,lgw,Year 1, summer 2, Tuesday,77644,16.7
frame,lgw,Year 1, summer 2, Tuesday,77645,16.6
frame,lgw,Year 1, summer 2, Tuesday,77646,16.7
frame,lgw,Year 1, summer 2, Tuesday,77647,16.7
frame,lgw,Year 1, summer 2, Tuesday,77648,16.7
frame,lgw,Year 1, summer 2, Tuesday,77649,16.6
frame,lgw,Year 1, summer 2, Tuesday,77650,16.8
frame,lgw,Year 1, summer 2, Tuesday,77651,16.7
frame,lgw,Year 1, summer 2, Tuesday,77652,16.6
frame,lgw,Year 1, summer 2, Tuesday,77653,16.6
frame,lgw,Year 1, summer 2, Tuesday,77654,16.7
frame,lgw,Year 1, summer 2, Tuesday,77655,16.6
frame,lgw,Year 1, summer 2, Tuesday,77656,16.8
frame,lgw,Year 1, summer 2, Tuesday,77657,16.6
frame,lgw,Year 1, summer 2, Tuesday,77658,17.1
frame,lgw,Year 1, summer 2, Tuesday,77659,16.3
frame,lgw,Year 1, summer 2, Tuesday,77660,16.7
frame,lgw,Year 1, summer 2, Tuesday,77661,16.7
frame,lgw,Year 1, summer 2, Tuesday,77662,16.8
frame,lgw,Year 1, summer 2, Tuesday,77663,16.6
frame,lgw,Year 1, summer 2, Tuesday,77664,16.7
frame,lgw,Year 1, summer 2, Tuesday,77665,16.6
frame,lgw,Year 1, summer 2, Tuesday,77666,16.7
frame,lgw,Year 1, summer 2, Tuesday,77667,16.7
frame,lgw,Year 1, summer 2, Tuesday,77668,16.5
frame,lgw,Year 1, summer 2, Tuesday,77669,16.7
frame,lgw,Year 1, summer 2, Tuesday,77670,16.6
frame,lgw,Year 1, summer 2, Tuesday,77671,16.7
frame,lgw,Year 1, summer 2, Tuesday,77672,16.7
frame,lgw,Year 1, summer 2, Tuesday,77673,16.7
frame,lgw,Year 1, summer 2, Tuesday,77674,16.6
frame,lgw,Year 1, summer 2, Tuesday,77675,16.6
frame,lgw,Year 1, summer 2, Tuesday,77676,16.8
frame,lgw,Year 1, summer 2, Tuesday,77677,16.6
frame,lgw,Year 1, summer 2, Tuesday,77678,16.7
frame,lgw,Year 1, summer 2, Tuesday,77679,16.7
frame,lgw,Year 1, summer 2, Tuesday,77680,16.6
frame,lgw,Year 1, summer 2, Tuesday,77681,16.7
frame,lgw,Year 1, summer 2, Tuesday,77682,16.7
frame,lgw,Year 1, summer 2, Tuesday,77683,16.7
frame,lgw,Year 1, summer 2, Tuesday,77684,16.6
frame,lgw,Year 1, summer 2, Tuesday,77685,16.7
frame,lgw,Year 1, summer 2, Tuesday,77686,16.7
frame,lgw,Year 1, summer 2, Tuesday,77687,16.7
frame,lgw,Year 1, summer 2, Tuesday,77688,16.7
frame,lgw,Year 1, summer 2, Tuesday,77689,16.6
frame,lgw,Year 1, summer 2, Tuesday,77690,16.7
frame,lgw,Year 1, summer 2, Tuesday,77691,16.9
frame,lgw,Year 1, summer 2, Tuesday,77692,16.6
frame,lgw,Year 1, summer 2, Tuesday,77693,16.6
frame,lgw,Year 1, summer 2, Tuesday,77694,16.7
frame,lgw,Year 1, summer 2, Tuesday,77695,16.6
frame,lgw,Year 1, summer 2, Tuesday,77696,16.7
frame,lgw,Year 1, summer 2, Tuesday,77697,16.8
frame,lgw,Year 1, summer 2, Tuesday,77698,16.6
frame,lgw,Year 1, summer 2, Tuesday,77699,16.6
frame,lgw,Year 1, summer 2, Tuesday,77700,16.7
frame,lgw,Year 1, summer 2, Tuesday,77701,16.7
frame,lgw,Year 1, summer 2, Tuesday,77702,16.7
frame,lgw,Year 1, summer 2, Tuesday,77703,16.7
frame,lgw,Year 1, summer 2, Tuesday,77704,16.7
frame,lgw,Year 1, summer 2, Tuesday,77705,16.6
frame,lgw,Year 1, summer 2, Tuesday,77706,16.9
frame,lgw,Year 1, summer 2, Tuesday,77707,16.5
frame,lgw,Year 1, summer 2, Tuesday,77708,16.7
frame,lgw,Year 1, summer 2, Tuesday,77709,17.4
frame,lgw,Year 1, summer 2, Tuesday,77710,16.0
frame,lgw,Year 1, summer 2, Tuesday,77711,16.7
frame,lgw,Year 1, summer 2, Tuesday,77712,16.6
frame,lgw,Year 1, summer 2, Tuesday,77713,16.6
frame,lgw,Year 1, summer 2, Tuesday,77714,16.7
frame,lgw,Year 1, summer 2, Tuesday,77715,16.6
frame,lgw,Year 1, summer 2, Tuesday,77716,16.7
frame,lgw,Year 1, summer 2, Tuesday,77717,16.6
frame,lgw,Year 1, summer 2, Tuesday,77718,16.8
frame,lgw,Year 1, summer 2, Tuesday,77719,16.6
frame,lgw,Year 1, summer 2, Tuesday,77720,16.6
frame,lgw,Year 1, summer 2, Tuesday,77721,16.7
frame,lgw,Year 1, summer 2, Tuesday,77722,16.7
frame,lgw,Year 1, summer 2, Tuesday,77723,16.6
frame,lgw,Year 1, summer 2, Tuesday,77724,16.7
frame,lgw,Year 1, summer 2, Tuesday,77725,16.7
frame,lgw,Year 1, summer 2, Tuesday,77726,16.7
frame,lgw,Year 1, summer 2, Tuesday,77727,16.7
frame,lgw,Year 1, summer 2, Tuesday,77728,16.7
frame,lgw,Year 1, summer 2, Tuesday,77729,16.7
frame,lgw,Year 1, summer 2, Tuesday,77730,16.7
frame,lgw,Year 1, summer 2, Tuesday,77731,16.7
frame,lgw,Year 1, summer 2, Tuesday,77732,16.7
frame,lgw,Year 1, summer 2, Tuesday,77733,16.9
frame,lgw,Year 1, summer 2, Tuesday,77734,16.6
frame,lgw,Year 1, summer 2, Tuesday,77735,16.5
frame,lgw,Year 1, summer 2, Tuesday,77736,16.7
frame,lgw,Year 1, summer 2, Tuesday,77737,16.7
frame,lgw,Year 1, summer 2, Tuesday,77738,16.7
frame,lgw,Year 1, summer 2, Tuesday,77739,16.6
frame,lgw,Year 1, summer 2, Tuesday,77740,16.7
frame,lgw,Year 1, summer 2, Tuesday,77741,16.7
frame,lgw,Year 1, summer 2, Tuesday,77742,16.7
frame,lgw,Year 1, summer 2, Tuesday,77743,16.7
frame,lgw,Year 1, summer 2, Tuesday,77744,16.7
frame,lgw,Year 1, summer 2, Tuesday,77745,16.6
frame,lgw,Year 1, summer 2, Tuesday,77746,16.8
frame,lgw,Year 1, summer 2, Tuesday,77747,16.5
frame,lgw,Year 1, summer 2, Tuesday,77748,16.6
frame,lgw,Year 1, summer 2, Tuesday,77749,16.6
frame,lgw,Year 1, summer 2, Tuesday,77750,16.7
frame,lgw,Year 1, summer 2, Tuesday,77751,16.7
frame,lgw,Year 1, summer 2, Tuesday,77752,16.7
frame,lgw,Year 1, summer 2, Tuesday,77753,16.6
frame,lgw,Year 1, summer 2, Tuesday,77754,16.7
frame,lgw,Year 1, summer 2, Tuesday,77755,16.6
frame,lgw,Year 1, summer 2, Tuesday,77756,16.7
frame,lgw,Year 1, summer 2, Tuesday,77757,16.7
frame,lgw,Year 1, summer 2, Tuesday,77758,16.8
frame,lgw,Year 1, summer 2, Tuesday,77759,16.7
frame,lgw,Year 1, summer 2, Tuesday,77760,16.6
frame,lgw,Year 1, summer 2, Tuesday,77761,16.7
frame,lgw,Year 1, summer 2, Tuesday,77762,16.7
frame,lgw,Year 1, summer 2, Tuesday,77763,16.6
frame,lgw,Year 1, summer 2, Tuesday,77764,17.0
frame,lgw,Year 1, summer 2, Tuesday,77765,16.4
frame,lgw,Year 1, summer 2, Tuesday,77766,16.6
frame,lgw,Year 1, summer 2, Tuesday,77767,16.7
frame,lgw,Year 1, summer 2, Tuesday,77768,16.7
frame,lgw,Year 1, summer 2, Tuesday,77769,16.7
frame,lgw,Year 1, summer 2, Tuesday,77770,16.7
frame,lgw,Year 1, summer 2, Tuesday,77771,16.7
frame,lgw,Year 1, summer 2, Tuesday,77772,16.5
frame,lgw,Year 1, summer 2, Tuesday,77773,16.8
frame,lgw,Year 1, summer 2, Tuesday,77774,16.6
frame,lgw,Year 1, summer 2, Tuesday,77775,16.6
frame,lgw,Year 1, summer 2, Tuesday,77776,16.7
frame,lgw,Year 1, summer 2, Tuesday,77777,16.6
frame,lgw,Year 1, summer 2, Tuesday,77778,16.7
frame,lgw,Year 1, summer 2, Tuesday,77779,16.7
frame,lgw,Year 1, summer 2, Tuesday,77780,16.7
frame,lgw,Year 1, summer 2, Tuesday,77781,16.7
frame,lgw,Year 1, summer 2, Tuesday,77782,16.7
frame,lgw,Year 1, summer 2, Tuesday,77783,16.7
frame,lgw,Year 1, summer 2, Tuesday,77784,16.6
frame,lgw,Year 1, summer 2, Tuesday,77785,16.7
frame,lgw,Year 1, summer 2, Tuesday,77786,16.7
frame,lgw,Year 1, summer 2, Tuesday,77787,16.7
frame,lgw,Year 1, summer 2, Tuesday,77788,16.8
frame,lgw,Year 1, summer 2, Tuesday,77789,16.6
frame,lgw,Year 1, summer 2, Tuesday,77790,16.6
frame,lgw,Year 1, summer 2, Tuesday,77791,16.6
frame,lgw,Year 1, summer 2, Tuesday,77792,16.7
frame,lgw,Year 1, summer 2, Tuesday,77793,16.6
frame,lgw,Year 1, summer 2, Tuesday,77794,16.7
frame,lgw,Year 1, summer 2, Tuesday,77795,16.8
frame,lgw,Year 1, summer 2, Tuesday,77796,16.6
frame,lgw,Year 1, summer 2, Tuesday,77797,16.6
frame,lgw,Year 1, summer 2, Tuesday,77798,16.6
frame,lgw,Year 1, summer 2, Tuesday,77799,16.6
frame,lgw,Year 1, summer 2, Tuesday,77800,16.7
frame,lgw,Year 1, summer 2, Tuesday,77801,16.7
frame,lgw,Year 1, summer 2, Tuesday,77802,16.7
frame,lgw,Year 1, summer 2, Tuesday,77803,16.7
frame,lgw,Year 1, summer 2, Tuesday,77804,16.7
frame,lgw,Year 1, summer 2, Tuesday,77805,16.9
frame,lgw,Year 1, summer 2, Tuesday,77806,16.5
frame,lgw,Year 1, summer 2, Tuesday,77807,16.7
frame,lgw,Year 1, summer 2, Tuesday,77808,16.7
frame,lgw,Year 1, summer 2, Tuesday,77809,16.7
frame,lgw,Year 1, summer 2, Tuesday,77810,16.7
frame,lgw,Year 1, summer 2, Tuesday,77811,16.6
frame,lgw,Year 1, summer 2, Tuesday,77812,16.7
frame,lgw,Year 1, summer 2, Tuesday,77813,16.6
frame,lgw,Year 1, summer 2, Tuesday,77814,16.7
frame,lgw,Year 1, summer 2, Tuesday,77815,16.6
frame,lgw,Year 1, summer 2, Tuesday,77816,17.2
frame,lgw,Year 1, summer 2, Tuesday,77817,16.2
frame,lgw,Year 1, summer 2, Tuesday,77818,16.8
frame,lgw,Year 1, summer 2, Tuesday,77819,16.5
frame,lgw,Year 1, summer 2, Tuesday,77820,16.6
frame,lgw,Year 1, summer 2, Tuesday,77821,16.7
frame,lgw,Year 1, summer 2, Tuesday,77822,16.6
frame,lgw,Year 1, summer 2, Tuesday,77823,16.6
frame,lgw,Year 1, summer 2, Tuesday,77824,16.7
frame,lgw,Year 1, summer 2, Tuesday,77825,16.7
frame,lgw,Year 1, summer 2, Tuesday,77826,16.7
frame,lgw,Year 1, summer 2, Tuesday,77827,16.7
frame,lgw,Year 1, summer 2, Tuesday,77828,16.9
frame,lgw,Year 1, summer 2, Tuesday,77829,16.5
frame,lgw,Year 1, summer 2, Tuesday,77830,16.7
frame,lgw,Year 1, summer 2, Tuesday,77831,16.8
frame,lgw,Year 1, summer 2, Tuesday,77832,16.6
frame,lgw,Year 1, summer 2, Tuesday,77833,16.6
frame,lgw,Year 1, summer 2, Tuesday,77834,16.6
frame,lgw,Year 1, summer 2, Tuesday,77835,16.7
frame,lgw,Year 1, summer 2, Tuesday,77836,16.6
frame,lgw,Year 1, summer 2, Tuesday,77837,16.7
frame,lgw,Year 1, summer 2, Tuesday,77838,16.6
frame,lgw,Year 1, summer 2, Tuesday,77839,16.7
frame,lgw,Year 1, summer 2, Tuesday,77840,16.7
frame,lgw,Year 1, summer 2, Tuesday,77841,16.6
frame,lgw,Year 1, summer 2, Tuesday,77842,16.7
frame,lgw,Year 1, summer 2, Tuesday,77843,16.7
frame,lgw,Year 1, summer 2, Tuesday,77844,16.7
frame,lgw,Year 1, summer 2, Tuesday,77845,16.7
frame,lgw,Year 1, summer 2, Tuesday,77846,16.7
frame,lgw,Year 1, summer 2, Tuesday,77847,16.7
frame,lgw,Year 1, summer 2, Tuesday,77848,16.6
frame,lgw,Year 1, summer 2, Tuesday,77849,16.7
frame,lgw,Year 1, summer 2, Tuesday,77850,16.7
frame,lgw,Year 1, summer 2, Tuesday,77851,16.7
frame,lgw,Year 1, summer 2, Tuesday,77852,16.7
frame,lgw,Year 1, summer 2, Tuesday,77853,16.6
frame,lgw,Year 1, summer 2, Tuesday,77854,16.7
frame,lgw,Year 1, summer 2, Tuesday,77855,16.7
frame,lgw,Year 1, summer 2, Tuesday,77856,16.6
frame,lgw,Year 1, summer 2, Tuesday,77857,16.7
frame,lgw,Year 1, summer 2, Tuesday,77858,16.7
frame,lgw,Year 1, summer 2, Tuesday,77859,16.7
frame,lgw,Year 1, summer 2, Tuesday,77860,16.7
frame,lgw,Year 1, summer 2, Tuesday,77861,16.7
frame,lgw,Year 1, summer 2, Tuesday,77862,16.7
frame,lgw,Year 1, summer 2, Tuesday,77863,16.7
frame,lgw,Year 1, summer 2, Tuesday,77864,16.7
frame,lgw,Year 1, summer 2, Tuesday,77865,16.6
frame,lgw,Year 1, summer 2, Tuesday,77866,16.7
frame,lgw,Year 1, summer 2, Tuesday,77867,16.7
frame,lgw,Year 1, summer 2, Tuesday,77868,16.7
frame,lgw,Year 1, summer 2, Tuesday,77869,16.6
frame,lgw,Year 1, summer 2, Tuesday,77870,16.7
frame,lgw,Year 1, summer 2, Tuesday,77871,16.6
frame,lgw,Year 1, summer 2, Tuesday,77872,16.7
frame,lgw,Year 1, summer 2, Tuesday,77873,16.8
frame,lgw,Year 1, summer 2, Tuesday,77874,16.6
frame,lgw,Year 1, summer 2, Tuesday,77875,16.6
frame,lgw,Year 1, summer 2, Tuesday,77876,16.6
frame,lgw,Year 1, summer 2, Tuesday,77877,16.7
frame,lgw,Year 1, summer 2, Tuesday,77878,16.7
frame,lgw,Year 1, summer 2, Tuesday,77879,16.9
frame,lgw,Year 1, summer 2, Tuesday,77880,16.4
frame,lgw,Year 1, summer 2, Tuesday,77881,16.7
frame,lgw,Year 1, summer 2, Tuesday,77882,16.6
frame,lgw,Year 1, summer 2, Tuesday,77883,16.7
frame,lgw,Year 1, summer 2, Tuesday,77884,16.6
frame,lgw,Year 1, summer 2, Tuesday,77885,16.7
frame,lgw,Year 1, summer 2, Tuesday,77886,16.7
frame,lgw,Year 1, summer 2, Tuesday,77887,16.7
frame,lgw,Year 1, summer 2, Tuesday,77888,16.7
frame,lgw,Year 1, summer 2, Tuesday,77889,16.7
frame,lgw,Year 1, summer 2, Tuesday,77890,16.7
frame,lgw,Year 1, summer 2, Tuesday,77891,16.7
frame,lgw,Year 1, summer 2, Tuesday,77892,16.8
frame,lgw,Year 1, summer 2, Tuesday,77893,16.8
frame,lgw,Year 1, summer 2, Tuesday,77894,16.4
frame,lgw,Year 1, summer 2, Tuesday,77895,16.6
frame,lgw,Year 1, summer 2, Tuesday,77896,16.7
frame,lgw,Year 1, summer 2, Tuesday,77897,16.6
frame,lgw,Year 1, summer 2, Tuesday,77898,16.7
frame,lgw,Year 1, summer 2, Tuesday,77899,16.7
frame,lgw,Year 1, summer 2, Tuesday,77900,16.6
frame,lgw,Year 1, summer 2, Tuesday,77901,16.7
frame,lgw,Year 1, summer 2, Tuesday,77902,16.6
frame,lgw,Year 1, summer 2, Tuesday,77903,16.7
frame,lgw,Year 1, summer 2, Tuesday,77904,16.7
frame,lgw,Year 1, summer 2, Tuesday,77905,16.6
frame,lgw,Year 1, summer 2, Tuesday,77906,16.7
frame,lgw,Year 1, summer 2, Tuesday,77907,16.6
frame,lgw,Year 1, summer 2, Tuesday,77908,16.7
frame,lgw,Year 1, summer 2, Tuesday,77909,16.6
frame,lgw,Year 1, summer 2, Tuesday,77910,16.7
frame,lgw,Year 1, summer 2, Tuesday,77911,16.7
frame,lgw,Year 1, summer 2, Tuesday,77912,16.6
frame,lgw,Year 1, summer 2, Tuesday,77913,16.7
frame,lgw,Year 1, summer 2, Tuesday,77914,16.7
frame,lgw,Year 1, summer 2, Tuesday,77915,16.7
frame,lgw,Year 1, summer 2, Tuesday,77916,16.7
frame,lgw,Year 1, summer 2, Tuesday,77917,16.7
frame,lgw,Year 1, summer 2, Tuesday,77918,16.7
frame,lgw,Year 1, summer 2, Tuesday,77919,16.6
frame,lgw,Year 1, summer 2, Tuesday,77920,16.7
frame,lgw,Year 1, summer 2, Tuesday,77921,16.7
frame,lgw,Year 1, summer 2, Tuesday,77922,16.9
frame,lgw,Year 1, summer 2, Tuesday,77923,16.8
frame,lgw,Year 1, summer 2, Tuesday,77924,16.3
frame,lgw,Year 1, summer 2, Tuesday,77925,16.8
frame,lgw,Year 1, summer 2, Tuesday,77926,16.6
frame,lgw,Year 1, summer 2, Tuesday,77927,16.6
frame,lgw,Year 1, summer 2, Tuesday,77928,16.7
frame,lgw,Year 1, summer 2, Tuesday,77929,16.7
frame,lgw,Year 1, summer 2, Tuesday,77930,16.7
frame,lgw,Year 1, summer 2, Tuesday,77931,16.6
frame,lgw,Year 1, summer 2, Tuesday,77932,16.8
frame,lgw,Year 1, summer 2, Tuesday,77933,16.7
frame,lgw,Year 1, summer 2, Tuesday,77934,16.6
frame,lgw,Year 1, summer 2, Tuesday,77935,16.6
frame,lgw,Year 1, summer 2, Tuesday,77936,16.6
frame,lgw,Year 1, summer 2, Tuesday,77937,16.7
frame,lgw,Year 1, summer 2, Tuesday,77938,16.7
frame,lgw,Year 1, summer 2, Tuesday,77939,16.8
frame,lgw,Year 1, summer 2, Tuesday,77940,16.6
frame,lgw,Year 1, summer 2, Tuesday,77941,16.6
frame,lgw,Year 1, summer 2, Tuesday,77942,16.7
frame,lgw,Year 1, summer 2, Tuesday,77943,16.6
frame,lgw,Year 1, summer 2, Tuesday,77944,16.7
frame,lgw,Year 1, summer 2, Tuesday,77945,16.7
frame,lgw,Year 1, summer 2, Tuesday,77946,16.9
frame,lgw,Year 1, summer 2, Tuesday,77947,16.5
frame,lgw,Year 1, summer 2, Tuesday,77948,16.7
frame,lgw,Year 1, summer 2, Tuesday,77949,16.6
frame,lgw,Year 1, summer 2, Tuesday,77950,16.7
frame,lgw,Year 1, summer 2, Tuesday,77951,16.8
frame,lgw,Year 1, summer 2, Tuesday,77952,16.7
frame,lgw,Year 1, summer 2, Tuesday,77953,16.6
frame,lgw,Year 1, summer 2, Tuesday,77954,16.7
frame,lgw,Year 1, summer 2, Tuesday,77955,16.6
frame,lgw,Year 1, summer 2, Tuesday,77956,16.7
frame,lgw,Year 1, summer 2, Tuesday,77957,16.7
frame,lgw,Year 1, summer 2, Tuesday,77958,16.7
frame,lgw,Year 1, summer 2, Tuesday,77959,16.7
frame,lgw,Year 1, summer 2, Tuesday,77960,16.7
frame,lgw,Year 1, summer 2, Tuesday,77961,16.7
frame,lgw,Year 1, summer 2, Tuesday,77962,16.6
frame,lgw,Year 1, summer 2, Tuesday,77963,16.7
frame,lgw,Year 1, summer 2, Tuesday,77964,16.7
frame,lgw,Year 1, summer 2, Tuesday,77965,16.6
frame,lgw,Year 1, summer 2, Tuesday,77966,16.6
frame,lgw,Year 1, summer 2, Tuesday,77967,16.7
frame,lgw,Year 1, summer 2, Tuesday,77968,16.8
frame,lgw,Year 1, summer 2, Tuesday,77969,16.6
frame,lgw,Year 1, summer 2, Tuesday,77970,16.6
frame,lgw,Year 1, summer 2, Tuesday,77971,16.7
frame,lgw,Year 1, summer 2, Tuesday,77972,16.7
frame,lgw,Year 1, summer 2, Tuesday,77973,16.7
frame,lgw,Year 1, summer 2, Tuesday,77974,16.7
frame,lgw,Year 1, summer 2, Tuesday,77975,16.6
frame,lgw,Year 1, summer 2, Tuesday,77976,16.6
frame,lgw,Year 1, summer 2, Tuesday,77977,16.8
frame,lgw,Year 1, summer 2, Tuesday,77978,16.7
frame,lgw,Year 1, summer 2, Tuesday,77979,16.6
frame,lgw,Year 1, summer 2, Tuesday,77980,16.6
frame,lgw,Year 1, summer 2, Tuesday,77981,17.5
frame,lgw,Year 1, summer 2, Tuesday,77982,15.9
frame,lgw,Year 1, summer 2, Tuesday,77983,16.6
frame,lgw,Year 1, summer 2, Tuesday,77984,16.6
frame,lgw,Year 1, summer 2, Tuesday,77985,16.8
frame,lgw,Year 1, summer 2, Tuesday,77986,16.6
frame,lgw,Year 1, summer 2, Tuesday,77987,16.7
frame,lgw,Year 1, summer 2, Tuesday,77988,16.6
frame,lgw,Year 1, summer 2, Tuesday,77989,16.7
frame,lgw,Year 1, summer 2, Tuesday,77990,16.8
frame,lgw,Year 1, summer 2, Tuesday,77991,16.6
frame,lgw,Year 1, summer 2, Tuesday,77992,16.6
frame,lgw,Year 1, summer 2, Tuesday,77993,16.7
frame,lgw,Year 1, summer 2, Tuesday,77994,16.7
frame,lgw,Year 1, summer 2, Tuesday,77995,16.7
frame,lgw,Year 1, summer 2, Tuesday,77996,16.6
frame,lgw,Year 1, summer 2, Tuesday,77997,16.7
frame,lgw,Year 1, summer 2, Tuesday,77998,16.8
frame,lgw,Year 1, summer 2, Tuesday,77999,16.5
